
     Program NEB v.7.3.1 starts on 12Sep2026 at  9:29:27 

     This program is part of the open-source Quantum ESPRESSO suite
     for quantum simulation of materials; please cite
         "P. Giannozzi et al., J. Phys.:Condens. Matter 21 395502 (2009);
         "P. Giannozzi et al., J. Phys.:Condens. Matter 29 465901 (2017);
         "P. Giannozzi et al., J. Chem. Phys. 152 154105 (2020);
          URL http://www.quantum-espresso.org", 
     in publications or presentations arising from this work. More details at
     http://www.quantum-espresso.org/quote

     Parallel version (MPI), running on     2 processors

     MPI processes distributed on     1 nodes
     159080 MiB available memory on the printing compute node when the environment starts
 

     Parsing file: neb.in
     Reading input from pw_1.in
     Reading input from pw_2.in
     Reading input from pw_3.in
     Reading input from pw_4.in
     Reading input from pw_5.in

     reading file 'sb2te3.path'

 
     string_method                 =    neb
     restart_mode                  =    restart
     opt_scheme                    =    broyden
     num_of_images                 =    5
     nstep_path                    =    1000
     CI_scheme                     =    auto
     first_last_opt                =    F
     use_freezing                  =    F
     ds                            =    0.2000 a.u.
     k_max                         =    0.3000 a.u.
     k_min                         =    0.1000 a.u.
     suggested k_max               =   15.4213 a.u.
     suggested k_min               =    5.1404 a.u.
     path_thr                      =    0.0300 eV / A

     ------------------------------ iteration  72 ------------------------------

     tcpu =      0.5    self-consistency for image   2
     Message from routine setup:
     using ibrav=0 with symmetry is DISCOURAGED, use correct ibrav instead
     tcpu =    786.0    self-consistency for image   3
     Message from routine setup:
     using ibrav=0 with symmetry is DISCOURAGED, use correct ibrav instead
     tcpu =   1463.0    self-consistency for image   4
     Message from routine setup:
     using ibrav=0 with symmetry is DISCOURAGED, use correct ibrav instead

     activation energy (->) =   0.557933 eV
     activation energy (<-) =   0.000000 eV

     image        energy (eV)        error (eV/A)        frozen

         1    -133597.4398090            0.233763            T
         2    -133597.6264921            0.444081            F
         3    -133597.5878246            0.234300            F
         4    -133597.3625954            0.291270            F
         5    -133596.8818756            0.404182            T

     climbing image =  5

     path length          =  8.551 bohr
     inter-image distance =  2.138 bohr

     ------------------------------ iteration  73 ------------------------------

     tcpu =   2189.2    self-consistency for image   2
     Message from routine setup:
     using ibrav=0 with symmetry is DISCOURAGED, use correct ibrav instead
     tcpu =   2533.3    self-consistency for image   3
     Message from routine setup:
     using ibrav=0 with symmetry is DISCOURAGED, use correct ibrav instead
     tcpu =   2857.6    self-consistency for image   4
     Message from routine setup:
     using ibrav=0 with symmetry is DISCOURAGED, use correct ibrav instead

     activation energy (->) =   0.557933 eV
     activation energy (<-) =   0.000000 eV

     image        energy (eV)        error (eV/A)        frozen

         1    -133597.4398090            0.233763            T
         2    -133597.6276028            0.444294            F
         3    -133597.5880851            0.232500            F
         4    -133597.3629309            0.295151            F
         5    -133596.8818756            0.404577            T

     climbing image =  5

     path length          =  8.555 bohr
     inter-image distance =  2.139 bohr

     ------------------------------ iteration  74 ------------------------------

     tcpu =   3107.9    self-consistency for image   2
     Message from routine setup:
     using ibrav=0 with symmetry is DISCOURAGED, use correct ibrav instead
     tcpu =   3384.5    self-consistency for image   3
     Message from routine setup:
     using ibrav=0 with symmetry is DISCOURAGED, use correct ibrav instead
     tcpu =   3726.7    self-consistency for image   4
     Message from routine setup:
     using ibrav=0 with symmetry is DISCOURAGED, use correct ibrav instead

     activation energy (->) =   0.557933 eV
     activation energy (<-) =   0.000000 eV

     image        energy (eV)        error (eV/A)        frozen

         1    -133597.4398090            0.233763            T
         2    -133597.6287842            0.461153            F
         3    -133597.5883902            0.228661            F
         4    -133597.3635997            0.300799            F
         5    -133596.8818756            0.405477            T

     climbing image =  5

     path length          =  8.558 bohr
     inter-image distance =  2.140 bohr

     ------------------------------ iteration  75 ------------------------------

     tcpu =   4003.1    self-consistency for image   2
     Message from routine setup:
     using ibrav=0 with symmetry is DISCOURAGED, use correct ibrav instead
     tcpu =   4362.3    self-consistency for image   3
     Message from routine setup:
     using ibrav=0 with symmetry is DISCOURAGED, use correct ibrav instead
     tcpu =   4704.0    self-consistency for image   4
     Message from routine setup:
     using ibrav=0 with symmetry is DISCOURAGED, use correct ibrav instead

     activation energy (->) =   0.557933 eV
     activation energy (<-) =   0.000000 eV

     image        energy (eV)        error (eV/A)        frozen

         1    -133597.4398090            0.233763            T
         2    -133597.6312550            0.438292            F
         3    -133597.5890526            0.221516            F
         4    -133597.3653216            0.284897            F
         5    -133596.8818756            0.407795            T

     climbing image =  5

     path length          =  8.565 bohr
     inter-image distance =  2.141 bohr

     ------------------------------ iteration  76 ------------------------------

     tcpu =   5044.2    self-consistency for image   2
     Message from routine setup:
     using ibrav=0 with symmetry is DISCOURAGED, use correct ibrav instead
     tcpu =   5704.2    self-consistency for image   3
     Message from routine setup:
     using ibrav=0 with symmetry is DISCOURAGED, use correct ibrav instead
     tcpu =   6600.3    self-consistency for image   4
     Message from routine setup:
     using ibrav=0 with symmetry is DISCOURAGED, use correct ibrav instead

     activation energy (->) =   0.557933 eV
     activation energy (<-) =   0.000000 eV

     image        energy (eV)        error (eV/A)        frozen

         1    -133597.4398090            0.233763            T
         2    -133597.6955128            0.392650            F
         3    -133597.6029358            0.140601            F
         4    -133597.4087718            0.136107            F
         5    -133596.8818756            0.471531            T

     climbing image =  5

     path length          =  8.759 bohr
     inter-image distance =  2.190 bohr

     ------------------------------ iteration  77 ------------------------------

     tcpu =   7372.8    self-consistency for image   2
     Message from routine setup:
     using ibrav=0 with symmetry is DISCOURAGED, use correct ibrav instead
     tcpu =   8004.6    self-consistency for image   3
     Message from routine setup:
     using ibrav=0 with symmetry is DISCOURAGED, use correct ibrav instead
     tcpu =   9002.7    self-consistency for image   4
     Message from routine setup:
     using ibrav=0 with symmetry is DISCOURAGED, use correct ibrav instead

     activation energy (->) =   0.557933 eV
     activation energy (<-) =   0.000000 eV

     image        energy (eV)        error (eV/A)        frozen

         1    -133597.4398090            0.233763            T
         2    -133597.7708242            0.478532            F
         3    -133597.6106136            0.556393            F
         4    -133597.4554484            0.198693            F
         5    -133596.8818756            0.553976            T

     climbing image =  5

     path length          =  9.016 bohr
     inter-image distance =  2.254 bohr

     ------------------------------ iteration  78 ------------------------------

     tcpu =   9780.6    self-consistency for image   2
     Message from routine setup:
     using ibrav=0 with symmetry is DISCOURAGED, use correct ibrav instead
     tcpu =  10279.4    self-consistency for image   3
     Message from routine setup:
     using ibrav=0 with symmetry is DISCOURAGED, use correct ibrav instead
     tcpu =  10765.6    self-consistency for image   4
     Message from routine setup:
     using ibrav=0 with symmetry is DISCOURAGED, use correct ibrav instead

     activation energy (->) =   0.557933 eV
     activation energy (<-) =   0.000000 eV

     image        energy (eV)        error (eV/A)        frozen

         1    -133597.4398090            0.233763            T
         2    -133597.7800023            0.487454            F
         3    -133597.6110296            0.605987            F
         4    -133597.4604844            0.221065            F
         5    -133596.8818756            0.563961            T

     climbing image =  5

     path length          =  9.050 bohr
     inter-image distance =  2.262 bohr

     ------------------------------ iteration  79 ------------------------------

     tcpu =  11267.6    self-consistency for image   2
     Message from routine setup:
     using ibrav=0 with symmetry is DISCOURAGED, use correct ibrav instead
     tcpu =  11584.4    self-consistency for image   3
     Message from routine setup:
     using ibrav=0 with symmetry is DISCOURAGED, use correct ibrav instead
     tcpu =  11900.4    self-consistency for image   4
     Message from routine setup:
     using ibrav=0 with symmetry is DISCOURAGED, use correct ibrav instead

     activation energy (->) =   0.557933 eV
     activation energy (<-) =   0.000000 eV

     image        energy (eV)        error (eV/A)        frozen

         1    -133597.4398090            0.233763            T
         2    -133597.7821288            0.489607            F
         3    -133597.6112854            0.612487            F
         4    -133597.4612809            0.224146            F
         5    -133596.8818756            0.565463            T

     climbing image =  5

     path length          =  9.057 bohr
     inter-image distance =  2.264 bohr

     ------------------------------ iteration  80 ------------------------------

     tcpu =  12170.5    self-consistency for image   2
     Message from routine setup:
     using ibrav=0 with symmetry is DISCOURAGED, use correct ibrav instead
     tcpu =  12420.7    self-consistency for image   3
     Message from routine setup:
     using ibrav=0 with symmetry is DISCOURAGED, use correct ibrav instead
     tcpu =  12675.3    self-consistency for image   4
     Message from routine setup:
     using ibrav=0 with symmetry is DISCOURAGED, use correct ibrav instead

     activation energy (->) =   0.557933 eV
     activation energy (<-) =   0.000000 eV

     image        energy (eV)        error (eV/A)        frozen

         1    -133597.4398090            0.233763            T
         2    -133597.7825834            0.487229            F
         3    -133597.6114832            0.616158            F
         4    -133597.4611858            0.220288            F
         5    -133596.8818756            0.565017            T

     climbing image =  5

     path length          =  9.058 bohr
     inter-image distance =  2.264 bohr

     ------------------------------ iteration  81 ------------------------------

     tcpu =  12951.8    self-consistency for image   2
     Message from routine setup:
     using ibrav=0 with symmetry is DISCOURAGED, use correct ibrav instead
     tcpu =  13414.6    self-consistency for image   3
     Message from routine setup:
     using ibrav=0 with symmetry is DISCOURAGED, use correct ibrav instead
     tcpu =  13846.3    self-consistency for image   4
     Message from routine setup:
     using ibrav=0 with symmetry is DISCOURAGED, use correct ibrav instead

     activation energy (->) =   0.557933 eV
     activation energy (<-) =   0.000000 eV

     image        energy (eV)        error (eV/A)        frozen

         1    -133597.4398090            0.233763            T
         2    -133597.7895957            0.477572            F
         3    -133597.6146918            0.530877            F
         4    -133597.4586593            0.170656            F
         5    -133596.8818756            0.557160            T

     climbing image =  5

     path length          =  9.071 bohr
     inter-image distance =  2.268 bohr

     ------------------------------ iteration  82 ------------------------------

     tcpu =  14339.3    self-consistency for image   2
     Message from routine setup:
     using ibrav=0 with symmetry is DISCOURAGED, use correct ibrav instead
     tcpu =  15130.6    self-consistency for image   3
     Message from routine setup:
     using ibrav=0 with symmetry is DISCOURAGED, use correct ibrav instead
     tcpu =  15942.1    self-consistency for image   4
     Message from routine setup:
     using ibrav=0 with symmetry is DISCOURAGED, use correct ibrav instead

     activation energy (->) =   0.557933 eV
     activation energy (<-) =   0.000000 eV

     image        energy (eV)        error (eV/A)        frozen

         1    -133597.4398090            0.233763            T
         2    -133597.9088690            0.638673            F
         3    -133597.6280862            0.788085            F
         4    -133597.4013238            0.863506            F
         5    -133596.8818756            0.427966            T

     climbing image =  5

     path length          =  9.359 bohr
     inter-image distance =  2.340 bohr

     ------------------------------ iteration  83 ------------------------------

     tcpu =  16750.1    self-consistency for image   2
     Message from routine setup:
     using ibrav=0 with symmetry is DISCOURAGED, use correct ibrav instead
     tcpu =  17375.4    self-consistency for image   3
     Message from routine setup:
     using ibrav=0 with symmetry is DISCOURAGED, use correct ibrav instead
     tcpu =  18016.1    self-consistency for image   4
     Message from routine setup:
     using ibrav=0 with symmetry is DISCOURAGED, use correct ibrav instead

     activation energy (->) =   0.557933 eV
     activation energy (<-) =   0.000000 eV

     image        energy (eV)        error (eV/A)        frozen

         1    -133597.4398090            0.233763            T
         2    -133597.8712202            0.541465            F
         3    -133597.6330033            0.353685            F
         4    -133597.4235412            0.506182            F
         5    -133596.8818756            0.469868            T

     climbing image =  5

     path length          =  9.253 bohr
     inter-image distance =  2.313 bohr

     ------------------------------ iteration  84 ------------------------------

     tcpu =  18666.1    self-consistency for image   2
     Message from routine setup:
     using ibrav=0 with symmetry is DISCOURAGED, use correct ibrav instead
     tcpu =  19305.1    self-consistency for image   3
     Message from routine setup:
     using ibrav=0 with symmetry is DISCOURAGED, use correct ibrav instead
     tcpu =  19927.8    self-consistency for image   4
     Message from routine setup:
     using ibrav=0 with symmetry is DISCOURAGED, use correct ibrav instead

     activation energy (->) =   0.557933 eV
     activation energy (<-) =   0.000000 eV

     image        energy (eV)        error (eV/A)        frozen

         1    -133597.4398090            0.233763            T
         2    -133597.8484097            0.449469            F
         3    -133597.6315047            0.101890            F
         4    -133597.4359545            0.324811            F
         5    -133596.8818756            0.496531            T

     climbing image =  5

     path length          =  9.196 bohr
     inter-image distance =  2.299 bohr

     ------------------------------ iteration  85 ------------------------------

     tcpu =  20526.0    self-consistency for image   2
     Message from routine setup:
     using ibrav=0 with symmetry is DISCOURAGED, use correct ibrav instead
     tcpu =  20857.7    self-consistency for image   3
     Message from routine setup:
     using ibrav=0 with symmetry is DISCOURAGED, use correct ibrav instead
     tcpu =  21118.3    self-consistency for image   4
     Message from routine setup:
     using ibrav=0 with symmetry is DISCOURAGED, use correct ibrav instead

     activation energy (->) =   0.557933 eV
     activation energy (<-) =   0.000000 eV

     image        energy (eV)        error (eV/A)        frozen

         1    -133597.4398090            0.233763            T
         2    -133597.8495268            0.450601            F
         3    -133597.6316310            0.109849            F
         4    -133597.4359382            0.319348            F
         5    -133596.8818756            0.496327            T

     climbing image =  5

     path length          =  9.199 bohr
     inter-image distance =  2.300 bohr

     ------------------------------ iteration  86 ------------------------------

     tcpu =  21363.3    self-consistency for image   2
     Message from routine setup:
     using ibrav=0 with symmetry is DISCOURAGED, use correct ibrav instead
     tcpu =  21617.5    self-consistency for image   3
     Message from routine setup:
     using ibrav=0 with symmetry is DISCOURAGED, use correct ibrav instead
     tcpu =  21878.6    self-consistency for image   4
     Message from routine setup:
     using ibrav=0 with symmetry is DISCOURAGED, use correct ibrav instead

     activation energy (->) =   0.557933 eV
     activation energy (<-) =   0.000000 eV

     image        energy (eV)        error (eV/A)        frozen

         1    -133597.4398090            0.233763            T
         2    -133597.8501175            0.450878            F
         3    -133597.6316963            0.102737            F
         4    -133597.4363127            0.337339            F
         5    -133596.8818756            0.496982            T

     climbing image =  5

     path length          =  9.200 bohr
     inter-image distance =  2.300 bohr

     ------------------------------ iteration  87 ------------------------------

     tcpu =  22127.9    self-consistency for image   2
     Message from routine setup:
     using ibrav=0 with symmetry is DISCOURAGED, use correct ibrav instead
     tcpu =  22399.5    self-consistency for image   3
     Message from routine setup:
     using ibrav=0 with symmetry is DISCOURAGED, use correct ibrav instead
     tcpu =  22644.6    self-consistency for image   4
     Message from routine setup:
     using ibrav=0 with symmetry is DISCOURAGED, use correct ibrav instead

     activation energy (->) =   0.557933 eV
     activation energy (<-) =   0.000000 eV

     image        energy (eV)        error (eV/A)        frozen

         1    -133597.4398090            0.233763            T
         2    -133597.8507299            0.449554            F
         3    -133597.6317582            0.100985            F
         4    -133597.4366888            0.333182            F
         5    -133596.8818756            0.497619            T

     climbing image =  5

     path length          =  9.202 bohr
     inter-image distance =  2.300 bohr

     ------------------------------ iteration  88 ------------------------------

     tcpu =  22893.7    self-consistency for image   2
     Message from routine setup:
     using ibrav=0 with symmetry is DISCOURAGED, use correct ibrav instead
     tcpu =  23213.1    self-consistency for image   3
     Message from routine setup:
     using ibrav=0 with symmetry is DISCOURAGED, use correct ibrav instead
     tcpu =  23466.4    self-consistency for image   4
     Message from routine setup:
     using ibrav=0 with symmetry is DISCOURAGED, use correct ibrav instead

     activation energy (->) =   0.557933 eV
     activation energy (<-) =   0.000000 eV

     image        energy (eV)        error (eV/A)        frozen

         1    -133597.4398090            0.233763            T
         2    -133597.8519152            0.446408            F
         3    -133597.6318748            0.099055            F
         4    -133597.4374166            0.340130            F
         5    -133596.8818756            0.498888            T

     climbing image =  5

     path length          =  9.205 bohr
     inter-image distance =  2.301 bohr

     ------------------------------ iteration  89 ------------------------------

     tcpu =  23747.2    self-consistency for image   2
     Message from routine setup:
     using ibrav=0 with symmetry is DISCOURAGED, use correct ibrav instead
     tcpu =  24123.3    self-consistency for image   3
     Message from routine setup:
     using ibrav=0 with symmetry is DISCOURAGED, use correct ibrav instead
     tcpu =  24448.4    self-consistency for image   4
     Message from routine setup:
     using ibrav=0 with symmetry is DISCOURAGED, use correct ibrav instead

     activation energy (->) =   0.557933 eV
     activation energy (<-) =   0.000000 eV

     image        energy (eV)        error (eV/A)        frozen

         1    -133597.4398090            0.233763            T
         2    -133597.8554521            0.439271            F
         3    -133597.6322159            0.097228            F
         4    -133597.4396377            0.315941            F
         5    -133596.8818756            0.502677            T

     climbing image =  5

     path length          =  9.213 bohr
     inter-image distance =  2.303 bohr

     ------------------------------ iteration  90 ------------------------------

     tcpu =  24815.0    self-consistency for image   2
     Message from routine setup:
     using ibrav=0 with symmetry is DISCOURAGED, use correct ibrav instead
     tcpu =  25323.1    self-consistency for image   3
     Message from routine setup:
     using ibrav=0 with symmetry is DISCOURAGED, use correct ibrav instead
     tcpu =  25672.1    self-consistency for image   4
     Message from routine setup:
     using ibrav=0 with symmetry is DISCOURAGED, use correct ibrav instead

     activation energy (->) =   0.557933 eV
     activation energy (<-) =   0.000000 eV

     image        energy (eV)        error (eV/A)        frozen

         1    -133597.4398090            0.233763            T
         2    -133597.8666806            0.416968            F
         3    -133597.6333023            0.085511            F
         4    -133597.4465810            0.292758            F
         5    -133596.8818756            0.514838            T

     climbing image =  5

     path length          =  9.241 bohr
     inter-image distance =  2.310 bohr

     ------------------------------ iteration  91 ------------------------------

     tcpu =  26190.7    self-consistency for image   2
     Message from routine setup:
     using ibrav=0 with symmetry is DISCOURAGED, use correct ibrav instead
     tcpu =  26758.4    self-consistency for image   3
     Message from routine setup:
     using ibrav=0 with symmetry is DISCOURAGED, use correct ibrav instead
     tcpu =  27244.6    self-consistency for image   4
     Message from routine setup:
     using ibrav=0 with symmetry is DISCOURAGED, use correct ibrav instead

     activation energy (->) =   0.557933 eV
     activation energy (<-) =   0.000000 eV

     image        energy (eV)        error (eV/A)        frozen

         1    -133597.4398090            0.233763            T
         2    -133597.8885584            0.368601            F
         3    -133597.6353213            0.082643            F
         4    -133597.4598389            0.248227            F
         5    -133596.8818756            0.539180            T

     climbing image =  5

     path length          =  9.296 bohr
     inter-image distance =  2.324 bohr

     ------------------------------ iteration  92 ------------------------------

     tcpu =  27855.8    self-consistency for image   2
     Message from routine setup:
     using ibrav=0 with symmetry is DISCOURAGED, use correct ibrav instead
     tcpu =  28888.3    self-consistency for image   3
     Message from routine setup:
     using ibrav=0 with symmetry is DISCOURAGED, use correct ibrav instead
     tcpu =  29572.3    self-consistency for image   4
     Message from routine setup:
     using ibrav=0 with symmetry is DISCOURAGED, use correct ibrav instead

     activation energy (->) =   0.557933 eV
     activation energy (<-) =   0.000000 eV

     image        energy (eV)        error (eV/A)        frozen

         1    -133597.4398090            0.233763            T
         2    -133598.0564299            0.656911            F
         3    -133597.6460705            0.563405            F
         4    -133597.5450924            0.270536            F
         5    -133596.8818756            0.763592            T

     climbing image =  5

     path length          =  9.796 bohr
     inter-image distance =  2.449 bohr

     ------------------------------ iteration  93 ------------------------------

     tcpu =  30255.5    self-consistency for image   2
     Message from routine setup:
     using ibrav=0 with symmetry is DISCOURAGED, use correct ibrav instead
     tcpu =  30584.4    self-consistency for image   3
     Message from routine setup:
     using ibrav=0 with symmetry is DISCOURAGED, use correct ibrav instead
     tcpu =  30911.7    self-consistency for image   4
     Message from routine setup:
     using ibrav=0 with symmetry is DISCOURAGED, use correct ibrav instead

     activation energy (->) =   0.557933 eV
     activation energy (<-) =   0.000000 eV

     image        energy (eV)        error (eV/A)        frozen

         1    -133597.4398090            0.233763            T
         2    -133598.0541443            0.648049            F
         3    -133597.6460964            0.551326            F
         4    -133597.5441148            0.259965            F
         5    -133596.8818756            0.758986            T

     climbing image =  5

     path length          =  9.788 bohr
     inter-image distance =  2.447 bohr

     ------------------------------ iteration  94 ------------------------------

     tcpu =  31312.2    self-consistency for image   2
     Message from routine setup:
     using ibrav=0 with symmetry is DISCOURAGED, use correct ibrav instead
     tcpu =  31568.7    self-consistency for image   3
     Message from routine setup:
     using ibrav=0 with symmetry is DISCOURAGED, use correct ibrav instead
     tcpu =  31824.0    self-consistency for image   4
     Message from routine setup:
     using ibrav=0 with symmetry is DISCOURAGED, use correct ibrav instead

     activation energy (->) =   0.557933 eV
     activation energy (<-) =   0.000000 eV

     image        energy (eV)        error (eV/A)        frozen

         1    -133597.4398090            0.233763            T
         2    -133598.0540238            0.645029            F
         3    -133597.6462037            0.556309            F
         4    -133597.5439451            0.257098            F
         5    -133596.8818756            0.757701            T

     climbing image =  5

     path length          =  9.788 bohr
     inter-image distance =  2.447 bohr

     ------------------------------ iteration  95 ------------------------------

     tcpu =  32089.3    self-consistency for image   2
     Message from routine setup:
     using ibrav=0 with symmetry is DISCOURAGED, use correct ibrav instead
     tcpu =  32414.2    self-consistency for image   3
     Message from routine setup:
     using ibrav=0 with symmetry is DISCOURAGED, use correct ibrav instead
     tcpu =  32789.8    self-consistency for image   4
     Message from routine setup:
     using ibrav=0 with symmetry is DISCOURAGED, use correct ibrav instead

     activation energy (->) =   0.557933 eV
     activation energy (<-) =   0.000000 eV

     image        energy (eV)        error (eV/A)        frozen

         1    -133597.4398090            0.233763            T
         2    -133598.0545424            0.631995            F
         3    -133597.6466131            0.534591            F
         4    -133597.5437971            0.242730            F
         5    -133596.8818756            0.755178            T

     climbing image =  5

     path length          =  9.790 bohr
     inter-image distance =  2.448 bohr

     ------------------------------ iteration  96 ------------------------------

     tcpu =  33143.6    self-consistency for image   2
     Message from routine setup:
     using ibrav=0 with symmetry is DISCOURAGED, use correct ibrav instead
     tcpu =  33647.9    self-consistency for image   3
     Message from routine setup:
     using ibrav=0 with symmetry is DISCOURAGED, use correct ibrav instead
     tcpu =  34130.4    self-consistency for image   4
     Message from routine setup:
     using ibrav=0 with symmetry is DISCOURAGED, use correct ibrav instead

     activation energy (->) =   0.557933 eV
     activation energy (<-) =   0.000000 eV

     image        energy (eV)        error (eV/A)        frozen

         1    -133597.4398090            0.233763            T
         2    -133598.0585769            0.560520            F
         3    -133597.6490244            0.455302            F
         4    -133597.5427289            0.167091            F
         5    -133596.8818756            0.739881            T

     climbing image =  5

     path length          =  9.811 bohr
     inter-image distance =  2.453 bohr

     ------------------------------ iteration  97 ------------------------------

     tcpu =  34624.3    self-consistency for image   2
     Message from routine setup:
     using ibrav=0 with symmetry is DISCOURAGED, use correct ibrav instead
     tcpu =  35264.4    self-consistency for image   3
     Message from routine setup:
     using ibrav=0 with symmetry is DISCOURAGED, use correct ibrav instead
     tcpu =  35886.0    self-consistency for image   4
     Message from routine setup:
     using ibrav=0 with symmetry is DISCOURAGED, use correct ibrav instead

     activation energy (->) =   0.557933 eV
     activation energy (<-) =   0.000000 eV

     image        energy (eV)        error (eV/A)        frozen

         1    -133597.4398090            0.233763            T
         2    -133598.0704879            0.356371            F
         3    -133597.6538457            0.239595            F
         4    -133597.5345830            0.224805            F
         5    -133596.8818756            0.689343            T

     climbing image =  5

     path length          =  9.886 bohr
     inter-image distance =  2.472 bohr

     ------------------------------ iteration  98 ------------------------------

     tcpu =  36506.1    self-consistency for image   2
     Message from routine setup:
     using ibrav=0 with symmetry is DISCOURAGED, use correct ibrav instead
     tcpu =  36950.2    self-consistency for image   3
     Message from routine setup:
     using ibrav=0 with symmetry is DISCOURAGED, use correct ibrav instead
     tcpu =  37417.0    self-consistency for image   4
     Message from routine setup:
     using ibrav=0 with symmetry is DISCOURAGED, use correct ibrav instead

     activation energy (->) =   0.557933 eV
     activation energy (<-) =   0.000000 eV

     image        energy (eV)        error (eV/A)        frozen

         1    -133597.4398090            0.233763            T
         2    -133598.0725639            0.382434            F
         3    -133597.6541492            0.202229            F
         4    -133597.5326317            0.274280            F
         5    -133596.8818756            0.681106            T

     climbing image =  5

     path length          =  9.901 bohr
     inter-image distance =  2.475 bohr

     ------------------------------ iteration  99 ------------------------------

     tcpu =  37868.9    self-consistency for image   2
     Message from routine setup:
     using ibrav=0 with symmetry is DISCOURAGED, use correct ibrav instead
     tcpu =  38338.1    self-consistency for image   3
     Message from routine setup:
     using ibrav=0 with symmetry is DISCOURAGED, use correct ibrav instead
     tcpu =  38778.7    self-consistency for image   4
     Message from routine setup:
     using ibrav=0 with symmetry is DISCOURAGED, use correct ibrav instead

     activation energy (->) =   0.557933 eV
     activation energy (<-) =   0.000000 eV

     image        energy (eV)        error (eV/A)        frozen

         1    -133597.4398090            0.233763            T
         2    -133598.0744314            0.401232            F
         3    -133597.6542969            0.174666            F
         4    -133597.5312657            0.309575            F
         5    -133596.8818756            0.675430            T

     climbing image =  5

     path length          =  9.915 bohr
     inter-image distance =  2.479 bohr

     ------------------------------ iteration 100 ------------------------------

     tcpu =  39249.0    self-consistency for image   2
     Message from routine setup:
     using ibrav=0 with symmetry is DISCOURAGED, use correct ibrav instead
     tcpu =  39519.0    self-consistency for image   3
     Message from routine setup:
     using ibrav=0 with symmetry is DISCOURAGED, use correct ibrav instead
     tcpu =  39769.7    self-consistency for image   4
     Message from routine setup:
     using ibrav=0 with symmetry is DISCOURAGED, use correct ibrav instead

     activation energy (->) =   0.557933 eV
     activation energy (<-) =   0.000000 eV

     image        energy (eV)        error (eV/A)        frozen

         1    -133597.4398090            0.233763            T
         2    -133598.0749877            0.389248            F
         3    -133597.6543522            0.180901            F
         4    -133597.5313319            0.311737            F
         5    -133596.8818756            0.675315            T

     climbing image =  5

     path length          =  9.918 bohr
     inter-image distance =  2.479 bohr

     ------------------------------ iteration 101 ------------------------------

     tcpu =  40016.7    self-consistency for image   2
     Message from routine setup:
     using ibrav=0 with symmetry is DISCOURAGED, use correct ibrav instead
     tcpu =  40284.1    self-consistency for image   3
     Message from routine setup:
     using ibrav=0 with symmetry is DISCOURAGED, use correct ibrav instead
     tcpu =  40533.7    self-consistency for image   4
     Message from routine setup:
     using ibrav=0 with symmetry is DISCOURAGED, use correct ibrav instead

     activation energy (->) =   0.557933 eV
     activation energy (<-) =   0.000000 eV

     image        energy (eV)        error (eV/A)        frozen

         1    -133597.4398090            0.233763            T
         2    -133598.0755910            0.388271            F
         3    -133597.6544263            0.174396            F
         4    -133597.5316350            0.322515            F
         5    -133596.8818756            0.675953            T

     climbing image =  5

     path length          =  9.920 bohr
     inter-image distance =  2.480 bohr

     ------------------------------ iteration 102 ------------------------------

     tcpu =  40786.8    self-consistency for image   2
     Message from routine setup:
     using ibrav=0 with symmetry is DISCOURAGED, use correct ibrav instead
     tcpu =  41429.1    self-consistency for image   3
     Message from routine setup:
     using ibrav=0 with symmetry is DISCOURAGED, use correct ibrav instead
     tcpu =  41938.3    self-consistency for image   4
     Message from routine setup:
     using ibrav=0 with symmetry is DISCOURAGED, use correct ibrav instead

     activation energy (->) =   0.557933 eV
     activation energy (<-) =   0.000000 eV

     image        energy (eV)        error (eV/A)        frozen

         1    -133597.4398090            0.233763            T
         2    -133598.1017607            0.376147            F
         3    -133597.6573315            0.172834            F
         4    -133597.5447903            0.291890            F
         5    -133596.8818756            0.704355            T

     climbing image =  5

     path length          = 10.037 bohr
     inter-image distance =  2.509 bohr

     ------------------------------ iteration 103 ------------------------------

     tcpu =  42526.5    self-consistency for image   2
     Message from routine setup:
     using ibrav=0 with symmetry is DISCOURAGED, use correct ibrav instead
     tcpu =  43714.2    self-consistency for image   3
     Message from routine setup:
     using ibrav=0 with symmetry is DISCOURAGED, use correct ibrav instead
     tcpu =  44471.7    self-consistency for image   4
     Message from routine setup:
     using ibrav=0 with symmetry is DISCOURAGED, use correct ibrav instead

     activation energy (->) =   0.557933 eV
     activation energy (<-) =   0.000000 eV

     image        energy (eV)        error (eV/A)        frozen

         1    -133597.4398090            0.233763            T
         2    -133598.2859007            0.311246            F
         3    -133597.6754165            0.137815            F
         4    -133597.6124027            0.334252            F
         5    -133596.8818756            0.947884            T

     climbing image =  5

     path length          = 10.964 bohr
     inter-image distance =  2.741 bohr

     ------------------------------ iteration 104 ------------------------------

     tcpu =  45234.1    self-consistency for image   2
     Message from routine setup:
     using ibrav=0 with symmetry is DISCOURAGED, use correct ibrav instead
     tcpu =  46522.5    self-consistency for image   3
     Message from routine setup:
     using ibrav=0 with symmetry is DISCOURAGED, use correct ibrav instead
     tcpu =  47256.2    self-consistency for image   4
     Message from routine setup:
     using ibrav=0 with symmetry is DISCOURAGED, use correct ibrav instead

     activation energy (->) =   0.557933 eV
     activation energy (<-) =   0.000000 eV

     image        energy (eV)        error (eV/A)        frozen

         1    -133597.4398090            0.233763            T
         2    -133598.4387508            0.266574            F
         3    -133597.6817554            0.344558            F
         4    -133597.6058324            0.761059            F
         5    -133596.8818756            1.351920            T

     climbing image =  5

     path length          = 12.033 bohr
     inter-image distance =  3.008 bohr

     ------------------------------ iteration 105 ------------------------------

     tcpu =  47965.8    self-consistency for image   2
     Message from routine setup:
     using ibrav=0 with symmetry is DISCOURAGED, use correct ibrav instead
     tcpu =  49150.3    self-consistency for image   3
     Message from routine setup:
     using ibrav=0 with symmetry is DISCOURAGED, use correct ibrav instead
     tcpu =  49908.7    self-consistency for image   4
     Message from routine setup:
     using ibrav=0 with symmetry is DISCOURAGED, use correct ibrav instead

     activation energy (->) =   0.557933 eV
     activation energy (<-) =   0.000000 eV

     image        energy (eV)        error (eV/A)        frozen

         1    -133597.4398090            0.233763            T
         2    -133598.5006584            0.382372            F
         3    -133597.6792320            0.640420            F
         4    -133597.5532516            1.078181            F
         5    -133596.8818756            1.642100            T

     climbing image =  5

     path length          = 12.753 bohr
     inter-image distance =  3.188 bohr

     ------------------------------ iteration 106 ------------------------------

     tcpu =  50594.0    self-consistency for image   2
     Message from routine setup:
     using ibrav=0 with symmetry is DISCOURAGED, use correct ibrav instead
     tcpu =  50851.5    self-consistency for image   3
     Message from routine setup:
     using ibrav=0 with symmetry is DISCOURAGED, use correct ibrav instead
     tcpu =  51101.0    self-consistency for image   4
     Message from routine setup:
     using ibrav=0 with symmetry is DISCOURAGED, use correct ibrav instead

     activation energy (->) =   0.557933 eV
     activation energy (<-) =   0.000000 eV

     image        energy (eV)        error (eV/A)        frozen

         1    -133597.4398090            0.233763            T
         2    -133598.5008320            0.379603            F
         3    -133597.6796149            0.637149            F
         4    -133597.5553960            1.061997            F
         5    -133596.8818756            1.639991            T

     climbing image =  5

     path length          = 12.748 bohr
     inter-image distance =  3.187 bohr

     ------------------------------ iteration 107 ------------------------------

     tcpu =  51367.7    self-consistency for image   2
     Message from routine setup:
     using ibrav=0 with symmetry is DISCOURAGED, use correct ibrav instead
     tcpu =  51699.0    self-consistency for image   3
     Message from routine setup:
     using ibrav=0 with symmetry is DISCOURAGED, use correct ibrav instead
     tcpu =  52074.5    self-consistency for image   4
     Message from routine setup:
     using ibrav=0 with symmetry is DISCOURAGED, use correct ibrav instead

     activation energy (->) =   0.557933 eV
     activation energy (<-) =   0.000000 eV

     image        energy (eV)        error (eV/A)        frozen

         1    -133597.4398090            0.233763            T
         2    -133598.5016974            0.378898            F
         3    -133597.6803395            0.615764            F
         4    -133597.5588063            1.043760            F
         5    -133596.8818756            1.639235            T

     climbing image =  5

     path length          = 12.746 bohr
     inter-image distance =  3.186 bohr

     ------------------------------ iteration 108 ------------------------------

     tcpu =  52452.3    self-consistency for image   2
     Message from routine setup:
     using ibrav=0 with symmetry is DISCOURAGED, use correct ibrav instead
     tcpu =  53059.7    self-consistency for image   3
     Message from routine setup:
     using ibrav=0 with symmetry is DISCOURAGED, use correct ibrav instead
     tcpu =  53657.8    self-consistency for image   4
     Message from routine setup:
     using ibrav=0 with symmetry is DISCOURAGED, use correct ibrav instead

     activation energy (->) =   0.557933 eV
     activation energy (<-) =   0.000000 eV

     image        energy (eV)        error (eV/A)        frozen

         1    -133597.4398090            0.233763            T
         2    -133598.5285589            0.347291            F
         3    -133597.6999899            0.203811            F
         4    -133597.6363012            0.407307            F
         5    -133596.8818756            1.615549            T

     climbing image =  5

     path length          = 12.699 bohr
     inter-image distance =  3.175 bohr

     ------------------------------ iteration 109 ------------------------------

     tcpu =  54307.6    self-consistency for image   2
     Message from routine setup:
     using ibrav=0 with symmetry is DISCOURAGED, use correct ibrav instead
     tcpu =  54920.1    self-consistency for image   3
     Message from routine setup:
     using ibrav=0 with symmetry is DISCOURAGED, use correct ibrav instead
     tcpu =  55476.1    self-consistency for image   4
     Message from routine setup:
     using ibrav=0 with symmetry is DISCOURAGED, use correct ibrav instead

     activation energy (->) =   0.557933 eV
     activation energy (<-) =   0.000000 eV

     image        energy (eV)        error (eV/A)        frozen

         1    -133597.4398090            0.233763            T
         2    -133598.5483985            0.319803            F
         3    -133597.7112393            0.145000            F
         4    -133597.6523688            0.355846            F
         5    -133596.8818756            1.592730            T

     climbing image =  5

     path length          = 12.667 bohr
     inter-image distance =  3.167 bohr

     ------------------------------ iteration 110 ------------------------------

     tcpu =  56114.2    self-consistency for image   2
     Message from routine setup:
     using ibrav=0 with symmetry is DISCOURAGED, use correct ibrav instead
     tcpu =  56614.7    self-consistency for image   3
     Message from routine setup:
     using ibrav=0 with symmetry is DISCOURAGED, use correct ibrav instead
     tcpu =  57126.1    self-consistency for image   4
     Message from routine setup:
     using ibrav=0 with symmetry is DISCOURAGED, use correct ibrav instead

     activation energy (->) =   0.557933 eV
     activation energy (<-) =   0.000000 eV

     image        energy (eV)        error (eV/A)        frozen

         1    -133597.4398090            0.233763            T
         2    -133598.5529976            0.312652            F
         3    -133597.7133024            0.143056            F
         4    -133597.6497620            0.419996            F
         5    -133596.8818756            1.586333            T

     climbing image =  5

     path length          = 12.661 bohr
     inter-image distance =  3.165 bohr

     ------------------------------ iteration 111 ------------------------------

     tcpu =  57593.7    self-consistency for image   2
     Message from routine setup:
     using ibrav=0 with symmetry is DISCOURAGED, use correct ibrav instead
     tcpu =  57859.6    self-consistency for image   3
     Message from routine setup:
     using ibrav=0 with symmetry is DISCOURAGED, use correct ibrav instead
     tcpu =  58108.3    self-consistency for image   4
     Message from routine setup:
     using ibrav=0 with symmetry is DISCOURAGED, use correct ibrav instead

     activation energy (->) =   0.557933 eV
     activation energy (<-) =   0.000000 eV

     image        energy (eV)        error (eV/A)        frozen

         1    -133597.4398090            0.233763            T
         2    -133598.5533098            0.306289            F
         3    -133597.7134162            0.142890            F
         4    -133597.6501039            0.419210            F
         5    -133596.8818756            1.585738            T

     climbing image =  5

     path length          = 12.660 bohr
     inter-image distance =  3.165 bohr

     ------------------------------ iteration 112 ------------------------------

     tcpu =  58361.2    self-consistency for image   2
     Message from routine setup:
     using ibrav=0 with symmetry is DISCOURAGED, use correct ibrav instead
     tcpu =  58732.0    self-consistency for image   3
     Message from routine setup:
     using ibrav=0 with symmetry is DISCOURAGED, use correct ibrav instead
     tcpu =  59002.1    self-consistency for image   4
     Message from routine setup:
     using ibrav=0 with symmetry is DISCOURAGED, use correct ibrav instead

     activation energy (->) =   0.557933 eV
     activation energy (<-) =   0.000000 eV

     image        energy (eV)        error (eV/A)        frozen

         1    -133597.4398090            0.233763            T
         2    -133598.5546011            0.311123            F
         3    -133597.7138614            0.142004            F
         4    -133597.6522612            0.396004            F
         5    -133596.8818756            1.583026            T

     climbing image =  5

     path length          = 12.657 bohr
     inter-image distance =  3.164 bohr

     ------------------------------ iteration 113 ------------------------------

     tcpu =  59385.0    self-consistency for image   2
     Message from routine setup:
     using ibrav=0 with symmetry is DISCOURAGED, use correct ibrav instead
     tcpu =  60653.3    self-consistency for image   3
     Message from routine setup:
     using ibrav=0 with symmetry is DISCOURAGED, use correct ibrav instead
     tcpu =  61408.2    self-consistency for image   4
     Message from routine setup:
     using ibrav=0 with symmetry is DISCOURAGED, use correct ibrav instead

     activation energy (->) =   0.557933 eV
     activation energy (<-) =   0.000000 eV

     image        energy (eV)        error (eV/A)        frozen

         1    -133597.4398090            0.233763            T
         2    -133598.6471636            0.222181            F
         3    -133597.7449653            0.318524            F
         4    -133597.6071851            1.119676            F
         5    -133596.8818756            1.345887            T

     climbing image =  5

     path length          = 12.510 bohr
     inter-image distance =  3.127 bohr

     ------------------------------ iteration 114 ------------------------------

     tcpu =  62263.6    self-consistency for image   2
     Message from routine setup:
     using ibrav=0 with symmetry is DISCOURAGED, use correct ibrav instead
     tcpu =  63002.2    self-consistency for image   3
     Message from routine setup:
     using ibrav=0 with symmetry is DISCOURAGED, use correct ibrav instead
     tcpu =  63615.2    self-consistency for image   4
     Message from routine setup:
     using ibrav=0 with symmetry is DISCOURAGED, use correct ibrav instead

     activation energy (->) =   0.557933 eV
     activation energy (<-) =   0.000000 eV

     image        energy (eV)        error (eV/A)        frozen

         1    -133597.4398090            0.233763            T
         2    -133598.6238087            0.215290            F
         3    -133597.7372115            0.122774            F
         4    -133597.6682860            0.736317            F
         5    -133596.8818756            1.419061            T

     climbing image =  5

     path length          = 12.537 bohr
     inter-image distance =  3.134 bohr

     ------------------------------ iteration 115 ------------------------------

     tcpu =  64333.7    self-consistency for image   2
     Message from routine setup:
     using ibrav=0 with symmetry is DISCOURAGED, use correct ibrav instead
     tcpu =  64794.9    self-consistency for image   3
     Message from routine setup:
     using ibrav=0 with symmetry is DISCOURAGED, use correct ibrav instead
     tcpu =  65135.6    self-consistency for image   4
     Message from routine setup:
     using ibrav=0 with symmetry is DISCOURAGED, use correct ibrav instead

     activation energy (->) =   0.557933 eV
     activation energy (<-) =   0.000000 eV

     image        energy (eV)        error (eV/A)        frozen

         1    -133597.4398090            0.233763            T
         2    -133598.6202172            0.215018            F
         3    -133597.7360317            0.108249            F
         4    -133597.6743004            0.669997            F
         5    -133596.8818756            1.430131            T

     climbing image =  5

     path length          = 12.544 bohr
     inter-image distance =  3.136 bohr

     ------------------------------ iteration 116 ------------------------------

     tcpu =  65601.8    self-consistency for image   2
     Message from routine setup:
     using ibrav=0 with symmetry is DISCOURAGED, use correct ibrav instead
     tcpu =  66191.2    self-consistency for image   3
     Message from routine setup:
     using ibrav=0 with symmetry is DISCOURAGED, use correct ibrav instead
     tcpu =  66602.8    self-consistency for image   4
     Message from routine setup:
     using ibrav=0 with symmetry is DISCOURAGED, use correct ibrav instead

     activation energy (->) =   0.557933 eV
     activation energy (<-) =   0.000000 eV

     image        energy (eV)        error (eV/A)        frozen

         1    -133597.4398090            0.233763            T
         2    -133598.6146735            0.212700            F
         3    -133597.7342148            0.105596            F
         4    -133597.6820700            0.558899            F
         5    -133596.8818756            1.447550            T

     climbing image =  5

     path length          = 12.555 bohr
     inter-image distance =  3.139 bohr

     ------------------------------ iteration 117 ------------------------------

     tcpu =  67118.7    self-consistency for image   2
     Message from routine setup:
     using ibrav=0 with symmetry is DISCOURAGED, use correct ibrav instead
     tcpu =  67379.9    self-consistency for image   3
     Message from routine setup:
     using ibrav=0 with symmetry is DISCOURAGED, use correct ibrav instead
     tcpu =  67628.9    self-consistency for image   4
     Message from routine setup:
     using ibrav=0 with symmetry is DISCOURAGED, use correct ibrav instead

     activation energy (->) =   0.557933 eV
     activation energy (<-) =   0.000000 eV

     image        energy (eV)        error (eV/A)        frozen

         1    -133597.4398090            0.233763            T
         2    -133598.6148221            0.212815            F
         3    -133597.7342799            0.102747            F
         4    -133597.6824723            0.552546            F
         5    -133596.8818756            1.447932            T

     climbing image =  5

     path length          = 12.556 bohr
     inter-image distance =  3.139 bohr

     ------------------------------ iteration 118 ------------------------------

     tcpu =  67881.8    self-consistency for image   2
     Message from routine setup:
     using ibrav=0 with symmetry is DISCOURAGED, use correct ibrav instead
     tcpu =  68131.2    self-consistency for image   3
     Message from routine setup:
     using ibrav=0 with symmetry is DISCOURAGED, use correct ibrav instead
     tcpu =  68375.0    self-consistency for image   4
     Message from routine setup:
     using ibrav=0 with symmetry is DISCOURAGED, use correct ibrav instead

     activation energy (->) =   0.557933 eV
     activation energy (<-) =   0.000000 eV

     image        energy (eV)        error (eV/A)        frozen

         1    -133597.4398090            0.233763            T
         2    -133598.6149576            0.212710            F
         3    -133597.7343395            0.102812            F
         4    -133597.6828669            0.548229            F
         5    -133596.8818756            1.448345            T

     climbing image =  5

     path length          = 12.557 bohr
     inter-image distance =  3.139 bohr

     ------------------------------ iteration 119 ------------------------------

     tcpu =  68624.5    self-consistency for image   2
     Message from routine setup:
     using ibrav=0 with symmetry is DISCOURAGED, use correct ibrav instead
     tcpu =  68883.4    self-consistency for image   3
     Message from routine setup:
     using ibrav=0 with symmetry is DISCOURAGED, use correct ibrav instead
     tcpu =  69133.3    self-consistency for image   4
     Message from routine setup:
     using ibrav=0 with symmetry is DISCOURAGED, use correct ibrav instead

     activation energy (->) =   0.557933 eV
     activation energy (<-) =   0.000000 eV

     image        energy (eV)        error (eV/A)        frozen

         1    -133597.4398090            0.233763            T
         2    -133598.6152263            0.212726            F
         3    -133597.7344585            0.099197            F
         4    -133597.6836279            0.537647            F
         5    -133596.8818756            1.449148            T

     climbing image =  5

     path length          = 12.560 bohr
     inter-image distance =  3.140 bohr

     ------------------------------ iteration 120 ------------------------------

     tcpu =  69402.8    self-consistency for image   2
     Message from routine setup:
     using ibrav=0 with symmetry is DISCOURAGED, use correct ibrav instead
     tcpu =  69745.5    self-consistency for image   3
     Message from routine setup:
     using ibrav=0 with symmetry is DISCOURAGED, use correct ibrav instead
     tcpu =  70015.9    self-consistency for image   4
     Message from routine setup:
     using ibrav=0 with symmetry is DISCOURAGED, use correct ibrav instead

     activation energy (->) =   0.557933 eV
     activation energy (<-) =   0.000000 eV

     image        energy (eV)        error (eV/A)        frozen

         1    -133597.4398090            0.233763            T
         2    -133598.6160080            0.211854            F
         3    -133597.7347877            0.101994            F
         4    -133597.6856917            0.517717            F
         5    -133596.8818756            1.451313            T

     climbing image =  5

     path length          = 12.565 bohr
     inter-image distance =  3.141 bohr

     ------------------------------ iteration 121 ------------------------------

     tcpu =  70412.6    self-consistency for image   2
     Message from routine setup:
     using ibrav=0 with symmetry is DISCOURAGED, use correct ibrav instead
     tcpu =  70846.4    self-consistency for image   3
     Message from routine setup:
     using ibrav=0 with symmetry is DISCOURAGED, use correct ibrav instead
     tcpu =  71198.4    self-consistency for image   4
     Message from routine setup:
     using ibrav=0 with symmetry is DISCOURAGED, use correct ibrav instead

     activation energy (->) =   0.557933 eV
     activation energy (<-) =   0.000000 eV

     image        energy (eV)        error (eV/A)        frozen

         1    -133597.4398090            0.233763            T
         2    -133598.6188828            0.212004            F
         3    -133597.7360356            0.105379            F
         4    -133597.6925939            0.428205            F
         5    -133596.8818756            1.459317            T

     climbing image =  5

     path length          = 12.587 bohr
     inter-image distance =  3.147 bohr

     ------------------------------ iteration 122 ------------------------------

     tcpu =  71681.1    self-consistency for image   2
     Message from routine setup:
     using ibrav=0 with symmetry is DISCOURAGED, use correct ibrav instead
     tcpu =  72183.4    self-consistency for image   3
     Message from routine setup:
     using ibrav=0 with symmetry is DISCOURAGED, use correct ibrav instead
     tcpu =  72574.5    self-consistency for image   4
     Message from routine setup:
     using ibrav=0 with symmetry is DISCOURAGED, use correct ibrav instead

     activation energy (->) =   0.557933 eV
     activation energy (<-) =   0.000000 eV

     image        energy (eV)        error (eV/A)        frozen

         1    -133597.4398090            0.233763            T
         2    -133598.6250289            0.210143            F
         3    -133597.7386517            0.114444            F
         4    -133597.7035922            0.230849            F
         5    -133596.8818756            1.476433            T

     climbing image =  5

     path length          = 12.634 bohr
     inter-image distance =  3.158 bohr

     ------------------------------ iteration 123 ------------------------------

     tcpu =  73092.5    self-consistency for image   2
     Message from routine setup:
     using ibrav=0 with symmetry is DISCOURAGED, use correct ibrav instead
     tcpu =  73819.8    self-consistency for image   3
     Message from routine setup:
     using ibrav=0 with symmetry is DISCOURAGED, use correct ibrav instead
     tcpu =  74420.9    self-consistency for image   4
     Message from routine setup:
     using ibrav=0 with symmetry is DISCOURAGED, use correct ibrav instead

     activation energy (->) =   0.557933 eV
     activation energy (<-) =   0.000000 eV

     image        energy (eV)        error (eV/A)        frozen

         1    -133597.4398090            0.233763            T
         2    -133598.6523462            0.200661            F
         3    -133597.7499506            0.112758            F
         4    -133597.6847067            0.780400            F
         5    -133596.8818756            1.554481            T

     climbing image =  5

     path length          = 12.862 bohr
     inter-image distance =  3.216 bohr

     ------------------------------ iteration 124 ------------------------------

     tcpu =  75118.7    self-consistency for image   2
     Message from routine setup:
     using ibrav=0 with symmetry is DISCOURAGED, use correct ibrav instead
     tcpu =  75552.3    self-consistency for image   3
     Message from routine setup:
     using ibrav=0 with symmetry is DISCOURAGED, use correct ibrav instead
     tcpu =  75887.0    self-consistency for image   4
     Message from routine setup:
     using ibrav=0 with symmetry is DISCOURAGED, use correct ibrav instead

     activation energy (->) =   0.557933 eV
     activation energy (<-) =   0.000000 eV

     image        energy (eV)        error (eV/A)        frozen

         1    -133597.4398090            0.233763            T
         2    -133598.6500000            0.201863            F
         3    -133597.7490076            0.112847            F
         4    -133597.6921790            0.669395            F
         5    -133596.8818756            1.547574            T

     climbing image =  5

     path length          = 12.840 bohr
     inter-image distance =  3.210 bohr

     ------------------------------ iteration 125 ------------------------------

     tcpu =  76353.2    self-consistency for image   2
     Message from routine setup:
     using ibrav=0 with symmetry is DISCOURAGED, use correct ibrav instead
     tcpu =  76615.0    self-consistency for image   3
     Message from routine setup:
     using ibrav=0 with symmetry is DISCOURAGED, use correct ibrav instead
     tcpu =  76881.3    self-consistency for image   4
     Message from routine setup:
     using ibrav=0 with symmetry is DISCOURAGED, use correct ibrav instead

     activation energy (->) =   0.557933 eV
     activation energy (<-) =   0.000000 eV

     image        energy (eV)        error (eV/A)        frozen

         1    -133597.4398090            0.233763            T
         2    -133598.6498151            0.202613            F
         3    -133597.7489530            0.114359            F
         4    -133597.6936851            0.642297            F
         5    -133596.8818756            1.546983            T

     climbing image =  5

     path length          = 12.837 bohr
     inter-image distance =  3.209 bohr

     ------------------------------ iteration 126 ------------------------------

     tcpu =  77137.5    self-consistency for image   2
     Message from routine setup:
     using ibrav=0 with symmetry is DISCOURAGED, use correct ibrav instead
     tcpu =  77382.9    self-consistency for image   3
     Message from routine setup:
     using ibrav=0 with symmetry is DISCOURAGED, use correct ibrav instead
     tcpu =  77635.3    self-consistency for image   4
     Message from routine setup:
     using ibrav=0 with symmetry is DISCOURAGED, use correct ibrav instead

     activation energy (->) =   0.557933 eV
     activation energy (<-) =   0.000000 eV

     image        energy (eV)        error (eV/A)        frozen

         1    -133597.4398090            0.233763            T
         2    -133598.6499428            0.203108            F
         3    -133597.7490229            0.109835            F
         4    -133597.6947629            0.630546            F
         5    -133596.8818756            1.547261            T

     climbing image =  5

     path length          = 12.837 bohr
     inter-image distance =  3.209 bohr

     ------------------------------ iteration 127 ------------------------------

     tcpu =  77901.8    self-consistency for image   2
     Message from routine setup:
     using ibrav=0 with symmetry is DISCOURAGED, use correct ibrav instead
     tcpu =  78218.0    self-consistency for image   3
     Message from routine setup:
     using ibrav=0 with symmetry is DISCOURAGED, use correct ibrav instead
     tcpu =  78468.2    self-consistency for image   4
     Message from routine setup:
     using ibrav=0 with symmetry is DISCOURAGED, use correct ibrav instead

     activation energy (->) =   0.557933 eV
     activation energy (<-) =   0.000000 eV

     image        energy (eV)        error (eV/A)        frozen

         1    -133597.4398090            0.233763            T
         2    -133598.6504010            0.201235            F
         3    -133597.7492480            0.108032            F
         4    -133597.6966377            0.608344            F
         5    -133596.8818756            1.548480            T

     climbing image =  5

     path length          = 12.838 bohr
     inter-image distance =  3.210 bohr

     ------------------------------ iteration 128 ------------------------------

     tcpu =  78795.3    self-consistency for image   2
     Message from routine setup:
     using ibrav=0 with symmetry is DISCOURAGED, use correct ibrav instead
     tcpu =  79877.3    self-consistency for image   3
     Message from routine setup:
     using ibrav=0 with symmetry is DISCOURAGED, use correct ibrav instead
     tcpu =  80493.8    self-consistency for image   4
     Message from routine setup:
     using ibrav=0 with symmetry is DISCOURAGED, use correct ibrav instead

     activation energy (->) =   0.557933 eV
     activation energy (<-) =   0.000000 eV

     image        energy (eV)        error (eV/A)        frozen

         1    -133597.4398090            0.233763            T
         2    -133598.6850012            0.186495            F
         3    -133597.7652177            0.116997            F
         4    -133597.6747070            1.028781            F
         5    -133596.8818756            1.639275            T

     climbing image =  5

     path length          = 12.944 bohr
     inter-image distance =  3.236 bohr

     ------------------------------ iteration 129 ------------------------------

     tcpu =  81129.2    self-consistency for image   2
     Message from routine setup:
     using ibrav=0 with symmetry is DISCOURAGED, use correct ibrav instead
     tcpu =  81866.6    self-consistency for image   3
     Message from routine setup:
     using ibrav=0 with symmetry is DISCOURAGED, use correct ibrav instead
     tcpu =  82409.8    self-consistency for image   4
     Message from routine setup:
     using ibrav=0 with symmetry is DISCOURAGED, use correct ibrav instead

     activation energy (->) =   0.557933 eV
     activation energy (<-) =   0.000000 eV

     image        energy (eV)        error (eV/A)        frozen

         1    -133597.4398090            0.233763            T
         2    -133598.6663349            0.193517            F
         3    -133597.7567461            0.106753            F
         4    -133597.7257781            0.177031            F
         5    -133596.8818756            1.589747            T

     climbing image =  5

     path length          = 12.879 bohr
     inter-image distance =  3.220 bohr

     ------------------------------ iteration 130 ------------------------------

     tcpu =  83075.3    self-consistency for image   2
     Message from routine setup:
     using ibrav=0 with symmetry is DISCOURAGED, use correct ibrav instead
     tcpu =  83467.6    self-consistency for image   3
     Message from routine setup:
     using ibrav=0 with symmetry is DISCOURAGED, use correct ibrav instead
     tcpu =  83794.4    self-consistency for image   4
     Message from routine setup:
     using ibrav=0 with symmetry is DISCOURAGED, use correct ibrav instead

     activation energy (->) =   0.557933 eV
     activation energy (<-) =   0.000000 eV

     image        energy (eV)        error (eV/A)        frozen

         1    -133597.4398090            0.233763            T
         2    -133598.6676847            0.192955            F
         3    -133597.7573819            0.106761            F
         4    -133597.7253867            0.234097            F
         5    -133596.8818756            1.592918            T

     climbing image =  5

     path length          = 12.884 bohr
     inter-image distance =  3.221 bohr

     ------------------------------ iteration 131 ------------------------------

     tcpu =  84158.0    self-consistency for image   2
     Message from routine setup:
     using ibrav=0 with symmetry is DISCOURAGED, use correct ibrav instead
     tcpu =  84605.2    self-consistency for image   3
     Message from routine setup:
     using ibrav=0 with symmetry is DISCOURAGED, use correct ibrav instead
     tcpu =  84941.3    self-consistency for image   4
     Message from routine setup:
     using ibrav=0 with symmetry is DISCOURAGED, use correct ibrav instead

     activation energy (->) =   0.557933 eV
     activation energy (<-) =   0.000000 eV

     image        energy (eV)        error (eV/A)        frozen

         1    -133597.4398090            0.233763            T
         2    -133598.6699258            0.191607            F
         3    -133597.7584160            0.107058            F
         4    -133597.7242545            0.317406            F
         5    -133596.8818756            1.597750            T

     climbing image =  5

     path length          = 12.891 bohr
     inter-image distance =  3.223 bohr

     ------------------------------ iteration 132 ------------------------------

     tcpu =  85357.8    self-consistency for image   2
     Message from routine setup:
     using ibrav=0 with symmetry is DISCOURAGED, use correct ibrav instead
     tcpu =  85604.8    self-consistency for image   3
     Message from routine setup:
     using ibrav=0 with symmetry is DISCOURAGED, use correct ibrav instead
     tcpu =  85855.4    self-consistency for image   4
     Message from routine setup:
     using ibrav=0 with symmetry is DISCOURAGED, use correct ibrav instead

     activation energy (->) =   0.557933 eV
     activation energy (<-) =   0.000000 eV

     image        energy (eV)        error (eV/A)        frozen

         1    -133597.4398090            0.233763            T
         2    -133598.6700926            0.192063            F
         3    -133597.7584998            0.104973            F
         4    -133597.7244347            0.314911            F
         5    -133596.8818756            1.597706            T

     climbing image =  5

     path length          = 12.892 bohr
     inter-image distance =  3.223 bohr

     ------------------------------ iteration 133 ------------------------------

     tcpu =  86126.3    self-consistency for image   2
     Message from routine setup:
     using ibrav=0 with symmetry is DISCOURAGED, use correct ibrav instead
     tcpu =  86391.7    self-consistency for image   3
     Message from routine setup:
     using ibrav=0 with symmetry is DISCOURAGED, use correct ibrav instead
     tcpu =  86640.6    self-consistency for image   4
     Message from routine setup:
     using ibrav=0 with symmetry is DISCOURAGED, use correct ibrav instead

     activation energy (->) =   0.557933 eV
     activation energy (<-) =   0.000000 eV

     image        energy (eV)        error (eV/A)        frozen

         1    -133597.4398090            0.233763            T
         2    -133598.6702638            0.192777            F
         3    -133597.7585831            0.104790            F
         4    -133597.7245917            0.313521            F
         5    -133596.8818756            1.597708            T

     climbing image =  5

     path length          = 12.893 bohr
     inter-image distance =  3.223 bohr

     ------------------------------ iteration 134 ------------------------------

     tcpu =  86893.6    self-consistency for image   2
     Message from routine setup:
     using ibrav=0 with symmetry is DISCOURAGED, use correct ibrav instead
     tcpu =  87188.1    self-consistency for image   3
     Message from routine setup:
     using ibrav=0 with symmetry is DISCOURAGED, use correct ibrav instead
     tcpu =  87438.0    self-consistency for image   4
     Message from routine setup:
     using ibrav=0 with symmetry is DISCOURAGED, use correct ibrav instead

     activation energy (->) =   0.557933 eV
     activation energy (<-) =   0.000000 eV

     image        energy (eV)        error (eV/A)        frozen

         1    -133597.4398090            0.233763            T
         2    -133598.6706046            0.191831            F
         3    -133597.7587519            0.104073            F
         4    -133597.7249055            0.310365            F
         5    -133596.8818756            1.597717            T

     climbing image =  5

     path length          = 12.894 bohr
     inter-image distance =  3.224 bohr

     ------------------------------ iteration 135 ------------------------------

     tcpu =  87690.4    self-consistency for image   2
     Message from routine setup:
     using ibrav=0 with symmetry is DISCOURAGED, use correct ibrav instead
     tcpu =  88009.7    self-consistency for image   3
     Message from routine setup:
     using ibrav=0 with symmetry is DISCOURAGED, use correct ibrav instead
     tcpu =  88286.8    self-consistency for image   4
     Message from routine setup:
     using ibrav=0 with symmetry is DISCOURAGED, use correct ibrav instead

     activation energy (->) =   0.557933 eV
     activation energy (<-) =   0.000000 eV

     image        energy (eV)        error (eV/A)        frozen

         1    -133597.4398090            0.233763            T
         2    -133598.6715267            0.191731            F
         3    -133597.7591866            0.104180            F
         4    -133597.7257567            0.299327            F
         5    -133596.8818756            1.597680            T

     climbing image =  5

     path length          = 12.898 bohr
     inter-image distance =  3.225 bohr

     ------------------------------ iteration 136 ------------------------------

     tcpu =  88557.6    self-consistency for image   2
     Message from routine setup:
     using ibrav=0 with symmetry is DISCOURAGED, use correct ibrav instead
     tcpu =  89020.3    self-consistency for image   3
     Message from routine setup:
     using ibrav=0 with symmetry is DISCOURAGED, use correct ibrav instead
     tcpu =  89347.5    self-consistency for image   4
     Message from routine setup:
     using ibrav=0 with symmetry is DISCOURAGED, use correct ibrav instead

     activation energy (->) =   0.557933 eV
     activation energy (<-) =   0.000000 eV

     image        energy (eV)        error (eV/A)        frozen

         1    -133597.4398090            0.233763            T
         2    -133598.6746983            0.191869            F
         3    -133597.7606994            0.109487            F
         4    -133597.7286429            0.271364            F
         5    -133596.8818756            1.597572            T

     climbing image =  5

     path length          = 12.912 bohr
     inter-image distance =  3.228 bohr

     ------------------------------ iteration 137 ------------------------------

     tcpu =  89746.3    self-consistency for image   2
     Message from routine setup:
     using ibrav=0 with symmetry is DISCOURAGED, use correct ibrav instead
     tcpu =  90325.3    self-consistency for image   3
     Message from routine setup:
     using ibrav=0 with symmetry is DISCOURAGED, use correct ibrav instead
     tcpu =  90755.8    self-consistency for image   4
     Message from routine setup:
     using ibrav=0 with symmetry is DISCOURAGED, use correct ibrav instead

     activation energy (->) =   0.557933 eV
     activation energy (<-) =   0.000000 eV

     image        energy (eV)        error (eV/A)        frozen

         1    -133597.4398090            0.233763            T
         2    -133598.6818516            0.193116            F
         3    -133597.7641847            0.106106            F
         4    -133597.7347584            0.199967            F
         5    -133596.8818756            1.597322            T

     climbing image =  5

     path length          = 12.944 bohr
     inter-image distance =  3.236 bohr

     ------------------------------ iteration 138 ------------------------------

     tcpu =  91247.8    self-consistency for image   2
     Message from routine setup:
     using ibrav=0 with symmetry is DISCOURAGED, use correct ibrav instead
     tcpu =  91804.3    self-consistency for image   3
     Message from routine setup:
     using ibrav=0 with symmetry is DISCOURAGED, use correct ibrav instead
     tcpu =  92233.9    self-consistency for image   4
     Message from routine setup:
     using ibrav=0 with symmetry is DISCOURAGED, use correct ibrav instead

     activation energy (->) =   0.557933 eV
     activation energy (<-) =   0.000000 eV

     image        energy (eV)        error (eV/A)        frozen

         1    -133597.4398090            0.233763            T
         2    -133598.6892616            0.193849            F
         3    -133597.7678335            0.106317            F
         4    -133597.7404253            0.125855            F
         5    -133596.8818756            1.597124            T

     climbing image =  5

     path length          = 12.979 bohr
     inter-image distance =  3.245 bohr

     ------------------------------ iteration 139 ------------------------------

     tcpu =  92708.2    self-consistency for image   2
     Message from routine setup:
     using ibrav=0 with symmetry is DISCOURAGED, use correct ibrav instead
     tcpu =  93292.0    self-consistency for image   3
     Message from routine setup:
     using ibrav=0 with symmetry is DISCOURAGED, use correct ibrav instead
     tcpu =  93758.3    self-consistency for image   4
     Message from routine setup:
     using ibrav=0 with symmetry is DISCOURAGED, use correct ibrav instead

     activation energy (->) =   0.557933 eV
     activation energy (<-) =   0.000000 eV

     image        energy (eV)        error (eV/A)        frozen

         1    -133597.4398090            0.233763            T
         2    -133598.6978821            0.194868            F
         3    -133597.7721500            0.104894            F
         4    -133597.7461798            0.114690            F
         5    -133596.8818756            1.597165            T

     climbing image =  5

     path length          = 13.020 bohr
     inter-image distance =  3.255 bohr

     ------------------------------ iteration 140 ------------------------------

     tcpu =  94235.8    self-consistency for image   2
     Message from routine setup:
     using ibrav=0 with symmetry is DISCOURAGED, use correct ibrav instead
     tcpu =  94677.8    self-consistency for image   3
     Message from routine setup:
     using ibrav=0 with symmetry is DISCOURAGED, use correct ibrav instead
     tcpu =  95009.5    self-consistency for image   4
     Message from routine setup:
     using ibrav=0 with symmetry is DISCOURAGED, use correct ibrav instead

     activation energy (->) =   0.557933 eV
     activation energy (<-) =   0.000000 eV

     image        energy (eV)        error (eV/A)        frozen

         1    -133597.4398090            0.233763            T
         2    -133598.7002332            0.195711            F
         3    -133597.7733459            0.106534            F
         4    -133597.7476070            0.115605            F
         5    -133596.8818756            1.597442            T

     climbing image =  5

     path length          = 13.032 bohr
     inter-image distance =  3.258 bohr

     ------------------------------ iteration 141 ------------------------------

     tcpu =  95341.9    self-consistency for image   2
     Message from routine setup:
     using ibrav=0 with symmetry is DISCOURAGED, use correct ibrav instead
     tcpu =  95654.5    self-consistency for image   3
     Message from routine setup:
     using ibrav=0 with symmetry is DISCOURAGED, use correct ibrav instead
     tcpu =  96004.4    self-consistency for image   4
     Message from routine setup:
     using ibrav=0 with symmetry is DISCOURAGED, use correct ibrav instead

     activation energy (->) =   0.557933 eV
     activation energy (<-) =   0.000000 eV

     image        energy (eV)        error (eV/A)        frozen

         1    -133597.4398090            0.233763            T
         2    -133598.7012472            0.194739            F
         3    -133597.7738858            0.104655            F
         4    -133597.7482049            0.111022            F
         5    -133596.8818756            1.597839            T

     climbing image =  5

     path length          = 13.037 bohr
     inter-image distance =  3.259 bohr

     ------------------------------ iteration 142 ------------------------------

     tcpu =  96280.6    self-consistency for image   2
     Message from routine setup:
     using ibrav=0 with symmetry is DISCOURAGED, use correct ibrav instead
     tcpu =  96605.2    self-consistency for image   3
     Message from routine setup:
     using ibrav=0 with symmetry is DISCOURAGED, use correct ibrav instead
     tcpu =  96880.1    self-consistency for image   4
     Message from routine setup:
     using ibrav=0 with symmetry is DISCOURAGED, use correct ibrav instead

     activation energy (->) =   0.557933 eV
     activation energy (<-) =   0.000000 eV

     image        energy (eV)        error (eV/A)        frozen

         1    -133597.4398090            0.233763            T
         2    -133598.7021307            0.196195            F
         3    -133597.7743448            0.100648            F
         4    -133597.7487124            0.110598            F
         5    -133596.8818756            1.598494            T

     climbing image =  5

     path length          = 13.041 bohr
     inter-image distance =  3.260 bohr

     ------------------------------ iteration 143 ------------------------------

     tcpu =  97166.9    self-consistency for image   2
     Message from routine setup:
     using ibrav=0 with symmetry is DISCOURAGED, use correct ibrav instead
     tcpu =  97484.6    self-consistency for image   3
     Message from routine setup:
     using ibrav=0 with symmetry is DISCOURAGED, use correct ibrav instead
     tcpu =  97760.0    self-consistency for image   4
     Message from routine setup:
     using ibrav=0 with symmetry is DISCOURAGED, use correct ibrav instead

     activation energy (->) =   0.557933 eV
     activation energy (<-) =   0.000000 eV

     image        energy (eV)        error (eV/A)        frozen

         1    -133597.4398090            0.233763            T
         2    -133598.7028865            0.195730            F
         3    -133597.7747199            0.101028            F
         4    -133597.7491376            0.110643            F
         5    -133596.8818756            1.599319            T

     climbing image =  5

     path length          = 13.046 bohr
     inter-image distance =  3.261 bohr

     ------------------------------ iteration 144 ------------------------------

     tcpu =  98037.3    self-consistency for image   2
     Message from routine setup:
     using ibrav=0 with symmetry is DISCOURAGED, use correct ibrav instead
     tcpu =  98531.3    self-consistency for image   3
     Message from routine setup:
     using ibrav=0 with symmetry is DISCOURAGED, use correct ibrav instead
     tcpu =  98927.2    self-consistency for image   4
     Message from routine setup:
     using ibrav=0 with symmetry is DISCOURAGED, use correct ibrav instead

     activation energy (->) =   0.557933 eV
     activation energy (<-) =   0.000000 eV

     image        energy (eV)        error (eV/A)        frozen

         1    -133597.4398090            0.233763            T
         2    -133598.7058502            0.195381            F
         3    -133597.7762344            0.105332            F
         4    -133597.7508197            0.116299            F
         5    -133596.8818756            1.602879            T

     climbing image =  5

     path length          = 13.062 bohr
     inter-image distance =  3.266 bohr

     ------------------------------ iteration 145 ------------------------------

     tcpu =  99307.9    self-consistency for image   2
     Message from routine setup:
     using ibrav=0 with symmetry is DISCOURAGED, use correct ibrav instead
     tcpu =  99887.5    self-consistency for image   3
     Message from routine setup:
     using ibrav=0 with symmetry is DISCOURAGED, use correct ibrav instead
     tcpu = 100331.5    self-consistency for image   4
     Message from routine setup:
     using ibrav=0 with symmetry is DISCOURAGED, use correct ibrav instead

     activation energy (->) =   0.557933 eV
     activation energy (<-) =   0.000000 eV

     image        energy (eV)        error (eV/A)        frozen

         1    -133597.4398090            0.233763            T
         2    -133598.7148604            0.193163            F
         3    -133597.7808943            0.107199            F
         4    -133597.7559489            0.120281            F
         5    -133596.8818756            1.614040            T

     climbing image =  5

     path length          = 13.113 bohr
     inter-image distance =  3.278 bohr

     ------------------------------ iteration 146 ------------------------------

     tcpu = 100834.2    self-consistency for image   2
     Message from routine setup:
     using ibrav=0 with symmetry is DISCOURAGED, use correct ibrav instead
     tcpu = 101458.5    self-consistency for image   3
     Message from routine setup:
     using ibrav=0 with symmetry is DISCOURAGED, use correct ibrav instead
     tcpu = 101918.3    self-consistency for image   4
     Message from routine setup:
     using ibrav=0 with symmetry is DISCOURAGED, use correct ibrav instead

     activation energy (->) =   0.557933 eV
     activation energy (<-) =   0.000000 eV

     image        energy (eV)        error (eV/A)        frozen

         1    -133597.4398090            0.233763            T
         2    -133598.7252452            0.193788            F
         3    -133597.7863754            0.109502            F
         4    -133597.7618267            0.131945            F
         5    -133596.8818756            1.627327            T

     climbing image =  5

     path length          = 13.174 bohr
     inter-image distance =  3.293 bohr

     ------------------------------ iteration 147 ------------------------------

     tcpu = 102432.4    self-consistency for image   2
     Message from routine setup:
     using ibrav=0 with symmetry is DISCOURAGED, use correct ibrav instead
     tcpu = 103077.2    self-consistency for image   3
     Message from routine setup:
     using ibrav=0 with symmetry is DISCOURAGED, use correct ibrav instead
     tcpu = 103614.8    self-consistency for image   4
     Message from routine setup:
     using ibrav=0 with symmetry is DISCOURAGED, use correct ibrav instead

     activation energy (->) =   0.557933 eV
     activation energy (<-) =   0.000000 eV

     image        energy (eV)        error (eV/A)        frozen

         1    -133597.4398090            0.233763            T
         2    -133598.7376137            0.192801            F
         3    -133597.7930536            0.111146            F
         4    -133597.7687900            0.144911            F
         5    -133596.8818756            1.643641            T

     climbing image =  5

     path length          = 13.248 bohr
     inter-image distance =  3.312 bohr

     ------------------------------ iteration 148 ------------------------------

     tcpu = 104136.6    self-consistency for image   2
     Message from routine setup:
     using ibrav=0 with symmetry is DISCOURAGED, use correct ibrav instead
     tcpu = 104585.7    self-consistency for image   3
     Message from routine setup:
     using ibrav=0 with symmetry is DISCOURAGED, use correct ibrav instead
     tcpu = 104938.0    self-consistency for image   4
     Message from routine setup:
     using ibrav=0 with symmetry is DISCOURAGED, use correct ibrav instead

     activation energy (->) =   0.557933 eV
     activation energy (<-) =   0.000000 eV

     image        energy (eV)        error (eV/A)        frozen

         1    -133597.4398090            0.233763            T
         2    -133598.7406466            0.193324            F
         3    -133597.7947191            0.112261            F
         4    -133597.7705346            0.147122            F
         5    -133596.8818756            1.647921            T

     climbing image =  5

     path length          = 13.267 bohr
     inter-image distance =  3.317 bohr

     ------------------------------ iteration 149 ------------------------------

     tcpu = 105265.6    self-consistency for image   2
     Message from routine setup:
     using ibrav=0 with symmetry is DISCOURAGED, use correct ibrav instead
     tcpu = 105582.6    self-consistency for image   3
     Message from routine setup:
     using ibrav=0 with symmetry is DISCOURAGED, use correct ibrav instead
     tcpu = 105853.9    self-consistency for image   4
     Message from routine setup:
     using ibrav=0 with symmetry is DISCOURAGED, use correct ibrav instead

     activation energy (->) =   0.557933 eV
     activation energy (<-) =   0.000000 eV

     image        energy (eV)        error (eV/A)        frozen

         1    -133597.4398090            0.233763            T
         2    -133598.7416253            0.191640            F
         3    -133597.7952663            0.108125            F
         4    -133597.7711222            0.150299            F
         5    -133596.8818756            1.649533            T

     climbing image =  5

     path length          = 13.273 bohr
     inter-image distance =  3.318 bohr

     ------------------------------ iteration 150 ------------------------------

     tcpu = 106143.5    self-consistency for image   2
     Message from routine setup:
     using ibrav=0 with symmetry is DISCOURAGED, use correct ibrav instead
     tcpu = 106467.3    self-consistency for image   3
     Message from routine setup:
     using ibrav=0 with symmetry is DISCOURAGED, use correct ibrav instead
     tcpu = 106745.0    self-consistency for image   4
     Message from routine setup:
     using ibrav=0 with symmetry is DISCOURAGED, use correct ibrav instead

     activation energy (->) =   0.557933 eV
     activation energy (<-) =   0.000000 eV

     image        energy (eV)        error (eV/A)        frozen

         1    -133597.4398090            0.233763            T
         2    -133598.7423561            0.191690            F
         3    -133597.7956707            0.108986            F
         4    -133597.7716120            0.147061            F
         5    -133596.8818756            1.650983            T

     climbing image =  5

     path length          = 13.278 bohr
     inter-image distance =  3.320 bohr

     ------------------------------ iteration 151 ------------------------------

     tcpu = 107036.0    self-consistency for image   2
     Message from routine setup:
     using ibrav=0 with symmetry is DISCOURAGED, use correct ibrav instead
     tcpu = 107362.3    self-consistency for image   3
     Message from routine setup:
     using ibrav=0 with symmetry is DISCOURAGED, use correct ibrav instead
     tcpu = 107636.7    self-consistency for image   4
     Message from routine setup:
     using ibrav=0 with symmetry is DISCOURAGED, use correct ibrav instead

     activation energy (->) =   0.557933 eV
     activation energy (<-) =   0.000000 eV

     image        energy (eV)        error (eV/A)        frozen

         1    -133597.4398090            0.233763            T
         2    -133598.7430120            0.191595            F
         3    -133597.7960303            0.109042            F
         4    -133597.7720713            0.144587            F
         5    -133596.8818756            1.652484            T

     climbing image =  5

     path length          = 13.282 bohr
     inter-image distance =  3.321 bohr

     ------------------------------ iteration 152 ------------------------------

     tcpu = 107915.1    self-consistency for image   2
     Message from routine setup:
     using ibrav=0 with symmetry is DISCOURAGED, use correct ibrav instead
     tcpu = 108396.9    self-consistency for image   3
     Message from routine setup:
     using ibrav=0 with symmetry is DISCOURAGED, use correct ibrav instead
     tcpu = 108720.8    self-consistency for image   4
     Message from routine setup:
     using ibrav=0 with symmetry is DISCOURAGED, use correct ibrav instead

     activation energy (->) =   0.557933 eV
     activation energy (<-) =   0.000000 eV

     image        energy (eV)        error (eV/A)        frozen

         1    -133597.4398090            0.233763            T
         2    -133598.7456598            0.191071            F
         3    -133597.7975002            0.116906            F
         4    -133597.7739797            0.135813            F
         5    -133596.8818756            1.658844            T

     climbing image =  5

     path length          = 13.300 bohr
     inter-image distance =  3.325 bohr

     ------------------------------ iteration 153 ------------------------------

     tcpu = 109069.8    self-consistency for image   2
     Message from routine setup:
     using ibrav=0 with symmetry is DISCOURAGED, use correct ibrav instead
     tcpu = 109663.3    self-consistency for image   3
     Message from routine setup:
     using ibrav=0 with symmetry is DISCOURAGED, use correct ibrav instead
     tcpu = 110183.9    self-consistency for image   4
     Message from routine setup:
     using ibrav=0 with symmetry is DISCOURAGED, use correct ibrav instead

     activation energy (->) =   0.557933 eV
     activation energy (<-) =   0.000000 eV

     image        energy (eV)        error (eV/A)        frozen

         1    -133597.4398090            0.233763            T
         2    -133598.7565326            0.185805            F
         3    -133597.8036403            0.113357            F
         4    -133597.7816760            0.127030            F
         5    -133596.8818756            1.685314            T

     climbing image =  5

     path length          = 13.372 bohr
     inter-image distance =  3.343 bohr

     ------------------------------ iteration 154 ------------------------------

     tcpu = 110719.1    self-consistency for image   2
     Message from routine setup:
     using ibrav=0 with symmetry is DISCOURAGED, use correct ibrav instead
     tcpu = 111369.2    self-consistency for image   3
     Message from routine setup:
     using ibrav=0 with symmetry is DISCOURAGED, use correct ibrav instead
     tcpu = 111959.9    self-consistency for image   4
     Message from routine setup:
     using ibrav=0 with symmetry is DISCOURAGED, use correct ibrav instead

     activation energy (->) =   0.557933 eV
     activation energy (<-) =   0.000000 eV

     image        energy (eV)        error (eV/A)        frozen

         1    -133597.4398090            0.233763            T
         2    -133598.7702295            0.180880            F
         3    -133597.8115574            0.113860            F
         4    -133597.7910223            0.125705            F
         5    -133596.8818756            1.719459            T

     climbing image =  5

     path length          = 13.466 bohr
     inter-image distance =  3.367 bohr

     ------------------------------ iteration 155 ------------------------------

     tcpu = 112479.9    self-consistency for image   2
     Message from routine setup:
     using ibrav=0 with symmetry is DISCOURAGED, use correct ibrav instead
     tcpu = 113137.6    self-consistency for image   3
     Message from routine setup:
     using ibrav=0 with symmetry is DISCOURAGED, use correct ibrav instead
     tcpu = 113697.6    self-consistency for image   4
     Message from routine setup:
     using ibrav=0 with symmetry is DISCOURAGED, use correct ibrav instead

     activation energy (->) =   0.557933 eV
     activation energy (<-) =   0.000000 eV

     image        energy (eV)        error (eV/A)        frozen

         1    -133597.4398090            0.233763            T
         2    -133598.7838667            0.177479            F
         3    -133597.8196897            0.114421            F
         4    -133597.7999552            0.122231            F
         5    -133596.8818756            1.754400            T

     climbing image =  5

     path length          = 13.565 bohr
     inter-image distance =  3.391 bohr

     ------------------------------ iteration 156 ------------------------------

     tcpu = 114257.6    self-consistency for image   2
     Message from routine setup:
     using ibrav=0 with symmetry is DISCOURAGED, use correct ibrav instead
     tcpu = 114716.0    self-consistency for image   3
     Message from routine setup:
     using ibrav=0 with symmetry is DISCOURAGED, use correct ibrav instead
     tcpu = 115077.4    self-consistency for image   4
     Message from routine setup:
     using ibrav=0 with symmetry is DISCOURAGED, use correct ibrav instead

     activation energy (->) =   0.557933 eV
     activation energy (<-) =   0.000000 eV

     image        energy (eV)        error (eV/A)        frozen

         1    -133597.4398090            0.233763            T
         2    -133598.7869368            0.177613            F
         3    -133597.8215654            0.115067            F
         4    -133597.8019514            0.126170            F
         5    -133596.8818756            1.762172            T

     climbing image =  5

     path length          = 13.588 bohr
     inter-image distance =  3.397 bohr

     ------------------------------ iteration 157 ------------------------------

     tcpu = 115429.0    self-consistency for image   2
     Message from routine setup:
     using ibrav=0 with symmetry is DISCOURAGED, use correct ibrav instead
     tcpu = 115734.8    self-consistency for image   3
     Message from routine setup:
     using ibrav=0 with symmetry is DISCOURAGED, use correct ibrav instead
     tcpu = 116008.1    self-consistency for image   4
     Message from routine setup:
     using ibrav=0 with symmetry is DISCOURAGED, use correct ibrav instead

     activation energy (->) =   0.557933 eV
     activation energy (<-) =   0.000000 eV

     image        energy (eV)        error (eV/A)        frozen

         1    -133597.4398090            0.233763            T
         2    -133598.7876682            0.176218            F
         3    -133597.8220250            0.111200            F
         4    -133597.8024536            0.115996            F
         5    -133596.8818756            1.763760            T

     climbing image =  5

     path length          = 13.593 bohr
     inter-image distance =  3.398 bohr

     ------------------------------ iteration 158 ------------------------------

     tcpu = 116297.3    self-consistency for image   2
     Message from routine setup:
     using ibrav=0 with symmetry is DISCOURAGED, use correct ibrav instead
     tcpu = 116608.5    self-consistency for image   3
     Message from routine setup:
     using ibrav=0 with symmetry is DISCOURAGED, use correct ibrav instead
     tcpu = 116877.1    self-consistency for image   4
     Message from routine setup:
     using ibrav=0 with symmetry is DISCOURAGED, use correct ibrav instead

     activation energy (->) =   0.557933 eV
     activation energy (<-) =   0.000000 eV

     image        energy (eV)        error (eV/A)        frozen

         1    -133597.4398090            0.233763            T
         2    -133598.7881862            0.175952            F
         3    -133597.8223487            0.111762            F
         4    -133597.8028352            0.117126            F
         5    -133596.8818756            1.764657            T

     climbing image =  5

     path length          = 13.597 bohr
     inter-image distance =  3.399 bohr

     ------------------------------ iteration 159 ------------------------------

     tcpu = 117152.8    self-consistency for image   2
     Message from routine setup:
     using ibrav=0 with symmetry is DISCOURAGED, use correct ibrav instead
     tcpu = 117468.2    self-consistency for image   3
     Message from routine setup:
     using ibrav=0 with symmetry is DISCOURAGED, use correct ibrav instead
     tcpu = 117740.3    self-consistency for image   4
     Message from routine setup:
     using ibrav=0 with symmetry is DISCOURAGED, use correct ibrav instead

     activation energy (->) =   0.557933 eV
     activation energy (<-) =   0.000000 eV

     image        energy (eV)        error (eV/A)        frozen

         1    -133597.4398090            0.233763            T
         2    -133598.7887148            0.176396            F
         3    -133597.8226902            0.111813            F
         4    -133597.8032518            0.114810            F
         5    -133596.8818756            1.765329            T

     climbing image =  5

     path length          = 13.600 bohr
     inter-image distance =  3.400 bohr

     ------------------------------ iteration 160 ------------------------------

     tcpu = 118001.0    self-consistency for image   2
     Message from routine setup:
     using ibrav=0 with symmetry is DISCOURAGED, use correct ibrav instead
     tcpu = 118467.9    self-consistency for image   3
     Message from routine setup:
     using ibrav=0 with symmetry is DISCOURAGED, use correct ibrav instead
     tcpu = 118825.2    self-consistency for image   4
     Message from routine setup:
     using ibrav=0 with symmetry is DISCOURAGED, use correct ibrav instead

     activation energy (->) =   0.557933 eV
     activation energy (<-) =   0.000000 eV

     image        energy (eV)        error (eV/A)        frozen

         1    -133597.4398090            0.233763            T
         2    -133598.7912623            0.176059            F
         3    -133597.8243360            0.114483            F
         4    -133597.8052932            0.125958            F
         5    -133596.8818756            1.768310            T

     climbing image =  5

     path length          = 13.617 bohr
     inter-image distance =  3.404 bohr

     ------------------------------ iteration 161 ------------------------------

     tcpu = 119215.6    self-consistency for image   2
     Message from routine setup:
     using ibrav=0 with symmetry is DISCOURAGED, use correct ibrav instead
     tcpu = 119820.2    self-consistency for image   3
     Message from routine setup:
     using ibrav=0 with symmetry is DISCOURAGED, use correct ibrav instead
     tcpu = 120372.2    self-consistency for image   4
     Message from routine setup:
     using ibrav=0 with symmetry is DISCOURAGED, use correct ibrav instead

     activation energy (->) =   0.557933 eV
     activation energy (<-) =   0.000000 eV

     image        energy (eV)        error (eV/A)        frozen

         1    -133597.4398090            0.233763            T
         2    -133598.8052024            0.170440            F
         3    -133597.8335865            0.112827            F
         4    -133597.8165895            0.117629            F
         5    -133596.8818756            1.784603            T

     climbing image =  5

     path length          = 13.715 bohr
     inter-image distance =  3.429 bohr

     ------------------------------ iteration 162 ------------------------------

     tcpu = 120875.1    self-consistency for image   2
     Message from routine setup:
     using ibrav=0 with symmetry is DISCOURAGED, use correct ibrav instead
     tcpu = 121720.2    self-consistency for image   3
     Message from routine setup:
     using ibrav=0 with symmetry is DISCOURAGED, use correct ibrav instead
     tcpu = 122260.4    self-consistency for image   4
     Message from routine setup:
     using ibrav=0 with symmetry is DISCOURAGED, use correct ibrav instead

     activation energy (->) =   0.557933 eV
     activation energy (<-) =   0.000000 eV

     image        energy (eV)        error (eV/A)        frozen

         1    -133597.4398090            0.233763            T
         2    -133598.8236735            0.165677            F
         3    -133597.8462560            0.106998            F
         4    -133597.8316967            0.114402            F
         5    -133596.8818756            1.806843            T

     climbing image =  5

     path length          = 13.852 bohr
     inter-image distance =  3.463 bohr

     ------------------------------ iteration 163 ------------------------------

     tcpu = 122817.9    self-consistency for image   2
     Message from routine setup:
     using ibrav=0 with symmetry is DISCOURAGED, use correct ibrav instead
     tcpu = 123486.1    self-consistency for image   3
     Message from routine setup:
     using ibrav=0 with symmetry is DISCOURAGED, use correct ibrav instead
     tcpu = 123989.6    self-consistency for image   4
     Message from routine setup:
     using ibrav=0 with symmetry is DISCOURAGED, use correct ibrav instead

     activation energy (->) =   0.557933 eV
     activation energy (<-) =   0.000000 eV

     image        energy (eV)        error (eV/A)        frozen

         1    -133597.4398090            0.233763            T
         2    -133598.8397191            0.162962            F
         3    -133597.8576350            0.110035            F
         4    -133597.8449454            0.117288            F
         5    -133596.8818756            1.826850            T

     climbing image =  5

     path length          = 13.980 bohr
     inter-image distance =  3.495 bohr

     ------------------------------ iteration 164 ------------------------------

     tcpu = 124564.3    self-consistency for image   2
     Message from routine setup:
     using ibrav=0 with symmetry is DISCOURAGED, use correct ibrav instead
     tcpu = 125033.0    self-consistency for image   3
     Message from routine setup:
     using ibrav=0 with symmetry is DISCOURAGED, use correct ibrav instead
     tcpu = 125388.1    self-consistency for image   4
     Message from routine setup:
     using ibrav=0 with symmetry is DISCOURAGED, use correct ibrav instead

     activation energy (->) =   0.557933 eV
     activation energy (<-) =   0.000000 eV

     image        energy (eV)        error (eV/A)        frozen

         1    -133597.4398090            0.233763            T
         2    -133598.8427965            0.162824            F
         3    -133597.8598689            0.111084            F
         4    -133597.8475149            0.119347            F
         5    -133596.8818756            1.830649            T

     climbing image =  5

     path length          = 14.006 bohr
     inter-image distance =  3.501 bohr

     ------------------------------ iteration 165 ------------------------------

     tcpu = 125771.2    self-consistency for image   2
     Message from routine setup:
     using ibrav=0 with symmetry is DISCOURAGED, use correct ibrav instead
     tcpu = 126100.4    self-consistency for image   3
     Message from routine setup:
     using ibrav=0 with symmetry is DISCOURAGED, use correct ibrav instead
     tcpu = 126352.7    self-consistency for image   4
     Message from routine setup:
     using ibrav=0 with symmetry is DISCOURAGED, use correct ibrav instead

     activation energy (->) =   0.557933 eV
     activation energy (<-) =   0.000000 eV

     image        energy (eV)        error (eV/A)        frozen

         1    -133597.4398090            0.233763            T
         2    -133598.8433391            0.161561            F
         3    -133597.8602893            0.102212            F
         4    -133597.8479963            0.101814            F
         5    -133596.8818756            1.831199            T

     climbing image =  5

     path length          = 14.010 bohr
     inter-image distance =  3.502 bohr

     ------------------------------ iteration 166 ------------------------------

     tcpu = 126624.1    self-consistency for image   2
     Message from routine setup:
     using ibrav=0 with symmetry is DISCOURAGED, use correct ibrav instead
     tcpu = 126932.2    self-consistency for image   3
     Message from routine setup:
     using ibrav=0 with symmetry is DISCOURAGED, use correct ibrav instead
     tcpu = 127183.5    self-consistency for image   4
     Message from routine setup:
     using ibrav=0 with symmetry is DISCOURAGED, use correct ibrav instead

     activation energy (->) =   0.557933 eV
     activation energy (<-) =   0.000000 eV

     image        energy (eV)        error (eV/A)        frozen

         1    -133597.4398090            0.233763            T
         2    -133598.8437039            0.161893            F
         3    -133597.8605773            0.103796            F
         4    -133597.8483314            0.115116            F
         5    -133596.8818756            1.831482            T

     climbing image =  5

     path length          = 14.013 bohr
     inter-image distance =  3.503 bohr

     ------------------------------ iteration 167 ------------------------------

     tcpu = 127434.8    self-consistency for image   2
     Message from routine setup:
     using ibrav=0 with symmetry is DISCOURAGED, use correct ibrav instead
     tcpu = 127747.1    self-consistency for image   3
     Message from routine setup:
     using ibrav=0 with symmetry is DISCOURAGED, use correct ibrav instead
     tcpu = 127999.1    self-consistency for image   4
     Message from routine setup:
     using ibrav=0 with symmetry is DISCOURAGED, use correct ibrav instead

     activation energy (->) =   0.557933 eV
     activation energy (<-) =   0.000000 eV

     image        energy (eV)        error (eV/A)        frozen

         1    -133597.4398090            0.233763            T
         2    -133598.8441347            0.161409            F
         3    -133597.8609373            0.101423            F
         4    -133597.8487453            0.114278            F
         5    -133596.8818756            1.831698            T

     climbing image =  5

     path length          = 14.016 bohr
     inter-image distance =  3.504 bohr

     ------------------------------ iteration 168 ------------------------------

     tcpu = 128262.2    self-consistency for image   2
     Message from routine setup:
     using ibrav=0 with symmetry is DISCOURAGED, use correct ibrav instead
     tcpu = 128717.6    self-consistency for image   3
     Message from routine setup:
     using ibrav=0 with symmetry is DISCOURAGED, use correct ibrav instead
     tcpu = 129062.7    self-consistency for image   4
     Message from routine setup:
     using ibrav=0 with symmetry is DISCOURAGED, use correct ibrav instead

     activation energy (->) =   0.557933 eV
     activation energy (<-) =   0.000000 eV

     image        energy (eV)        error (eV/A)        frozen

         1    -133597.4398090            0.233763            T
         2    -133598.8462988            0.162199            F
         3    -133597.8627432            0.107942            F
         4    -133597.8508533            0.117432            F
         5    -133596.8818756            1.832721            T

     climbing image =  5

     path length          = 14.032 bohr
     inter-image distance =  3.508 bohr

     ------------------------------ iteration 169 ------------------------------

     tcpu = 129422.5    self-consistency for image   2
     Message from routine setup:
     using ibrav=0 with symmetry is DISCOURAGED, use correct ibrav instead
     tcpu = 130356.1    self-consistency for image   3
     Message from routine setup:
     using ibrav=0 with symmetry is DISCOURAGED, use correct ibrav instead
     tcpu = 130964.9    self-consistency for image   4
     Message from routine setup:
     using ibrav=0 with symmetry is DISCOURAGED, use correct ibrav instead

     activation energy (->) =   0.557933 eV
     activation energy (<-) =   0.000000 eV

     image        energy (eV)        error (eV/A)        frozen

         1    -133597.4398090            0.233763            T
         2    -133598.8654466            0.162108            F
         3    -133597.8790989            0.106209            F
         4    -133597.8691528            0.132539            F
         5    -133596.8818756            1.841635            T

     climbing image =  5

     path length          = 14.183 bohr
     inter-image distance =  3.546 bohr

     ------------------------------ iteration 170 ------------------------------

     tcpu = 131554.6    self-consistency for image   2
     Message from routine setup:
     using ibrav=0 with symmetry is DISCOURAGED, use correct ibrav instead
     tcpu = 132499.8    self-consistency for image   3
     Message from routine setup:
     using ibrav=0 with symmetry is DISCOURAGED, use correct ibrav instead
     tcpu = 133163.1    self-consistency for image   4
     Message from routine setup:
     using ibrav=0 with symmetry is DISCOURAGED, use correct ibrav instead

     activation energy (->) =   0.557933 eV
     activation energy (<-) =   0.000000 eV

     image        energy (eV)        error (eV/A)        frozen

         1    -133597.4398090            0.233763            T
         2    -133598.8922638            0.164465            F
         3    -133597.9027163            0.099431            F
         4    -133597.8936210            0.191044            F
         5    -133596.8818756            1.854650            T

     climbing image =  5

     path length          = 14.416 bohr
     inter-image distance =  3.604 bohr

     ------------------------------ iteration 171 ------------------------------

     tcpu = 133840.5    self-consistency for image   2
     Message from routine setup:
     using ibrav=0 with symmetry is DISCOURAGED, use correct ibrav instead
     tcpu = 134914.0    self-consistency for image   3
     Message from routine setup:
     using ibrav=0 with symmetry is DISCOURAGED, use correct ibrav instead
     tcpu = 135569.2    self-consistency for image   4
     Message from routine setup:
     using ibrav=0 with symmetry is DISCOURAGED, use correct ibrav instead

     activation energy (->) =   0.557933 eV
     activation energy (<-) =   0.000000 eV

     image        energy (eV)        error (eV/A)        frozen

         1    -133597.4398090            0.233763            T
         2    -133598.9112588            0.167471            F
         3    -133597.9201900            0.091382            F
         4    -133597.9102186            0.295040            F
         5    -133596.8818756            1.864489            T

     climbing image =  5

     path length          = 14.603 bohr
     inter-image distance =  3.651 bohr

     ------------------------------ iteration 172 ------------------------------

     tcpu = 136153.0    self-consistency for image   2
     Message from routine setup:
     using ibrav=0 with symmetry is DISCOURAGED, use correct ibrav instead
     tcpu = 136695.9    self-consistency for image   3
     Message from routine setup:
     using ibrav=0 with symmetry is DISCOURAGED, use correct ibrav instead
     tcpu = 137088.6    self-consistency for image   4
     Message from routine setup:
     using ibrav=0 with symmetry is DISCOURAGED, use correct ibrav instead

     activation energy (->) =   0.557933 eV
     activation energy (<-) =   0.000000 eV

     image        energy (eV)        error (eV/A)        frozen

         1    -133597.4398090            0.233763            T
         2    -133598.9147131            0.167942            F
         3    -133597.9234722            0.091610            F
         4    -133597.9133165            0.311767            F
         5    -133596.8818756            1.866455            T

     climbing image =  5

     path length          = 14.639 bohr
     inter-image distance =  3.660 bohr

     ------------------------------ iteration 173 ------------------------------

     tcpu = 137517.1    self-consistency for image   2
     Message from routine setup:
     using ibrav=0 with symmetry is DISCOURAGED, use correct ibrav instead
     tcpu = 137847.5    self-consistency for image   3
     Message from routine setup:
     using ibrav=0 with symmetry is DISCOURAGED, use correct ibrav instead
     tcpu = 138099.8    self-consistency for image   4
     Message from routine setup:
     using ibrav=0 with symmetry is DISCOURAGED, use correct ibrav instead

     activation energy (->) =   0.557933 eV
     activation energy (<-) =   0.000000 eV

     image        energy (eV)        error (eV/A)        frozen

         1    -133597.4398090            0.233763            T
         2    -133598.9150753            0.166590            F
         3    -133597.9238395            0.089132            F
         4    -133597.9137947            0.311856            F
         5    -133596.8818756            1.866788            T

     climbing image =  5

     path length          = 14.643 bohr
     inter-image distance =  3.661 bohr

     ------------------------------ iteration 174 ------------------------------

     tcpu = 138367.9    self-consistency for image   2
     Message from routine setup:
     using ibrav=0 with symmetry is DISCOURAGED, use correct ibrav instead
     tcpu = 138680.1    self-consistency for image   3
     Message from routine setup:
     using ibrav=0 with symmetry is DISCOURAGED, use correct ibrav instead
     tcpu = 138937.1    self-consistency for image   4
     Message from routine setup:
     using ibrav=0 with symmetry is DISCOURAGED, use correct ibrav instead

     activation energy (->) =   0.557933 eV
     activation energy (<-) =   0.000000 eV

     image        energy (eV)        error (eV/A)        frozen

         1    -133597.4398090            0.233763            T
         2    -133598.9152895            0.166402            F
         3    -133597.9240722            0.089786            F
         4    -133597.9142307            0.307060            F
         5    -133596.8818756            1.867171            T

     climbing image =  5

     path length          = 14.646 bohr
     inter-image distance =  3.662 bohr

     ------------------------------ iteration 175 ------------------------------

     tcpu = 139192.0    self-consistency for image   2
     Message from routine setup:
     using ibrav=0 with symmetry is DISCOURAGED, use correct ibrav instead
     tcpu = 139529.3    self-consistency for image   3
     Message from routine setup:
     using ibrav=0 with symmetry is DISCOURAGED, use correct ibrav instead
     tcpu = 139798.5    self-consistency for image   4
     Message from routine setup:
     using ibrav=0 with symmetry is DISCOURAGED, use correct ibrav instead

     activation energy (->) =   0.557933 eV
     activation energy (<-) =   0.000000 eV

     image        energy (eV)        error (eV/A)        frozen

         1    -133597.4398090            0.233763            T
         2    -133598.9155935            0.164636            F
         3    -133597.9244371            0.088814            F
         4    -133597.9150462            0.297161            F
         5    -133596.8818756            1.867911            T

     climbing image =  5

     path length          = 14.651 bohr
     inter-image distance =  3.663 bohr

     ------------------------------ iteration 176 ------------------------------

     tcpu = 140069.9    self-consistency for image   2
     Message from routine setup:
     using ibrav=0 with symmetry is DISCOURAGED, use correct ibrav instead
     tcpu = 140604.8    self-consistency for image   3
     Message from routine setup:
     using ibrav=0 with symmetry is DISCOURAGED, use correct ibrav instead
     tcpu = 140969.8    self-consistency for image   4
     Message from routine setup:
     using ibrav=0 with symmetry is DISCOURAGED, use correct ibrav instead

     activation energy (->) =   0.557933 eV
     activation energy (<-) =   0.000000 eV

     image        energy (eV)        error (eV/A)        frozen

         1    -133597.4398090            0.233763            T
         2    -133598.9173124            0.157581            F
         3    -133597.9264734            0.091778            F
         4    -133597.9196175            0.251301            F
         5    -133596.8818756            1.872368            T

     climbing image =  5

     path length          = 14.677 bohr
     inter-image distance =  3.669 bohr

     ------------------------------ iteration 177 ------------------------------

     tcpu = 141410.3    self-consistency for image   2
     Message from routine setup:
     using ibrav=0 with symmetry is DISCOURAGED, use correct ibrav instead
     tcpu = 142515.6    self-consistency for image   3
     Message from routine setup:
     using ibrav=0 with symmetry is DISCOURAGED, use correct ibrav instead
     tcpu = 143195.5    self-consistency for image   4
     Message from routine setup:
     using ibrav=0 with symmetry is DISCOURAGED, use correct ibrav instead

     activation energy (->) =   0.557933 eV
     activation energy (<-) =   0.000000 eV

     image        energy (eV)        error (eV/A)        frozen

         1    -133597.4398090            0.233763            T
         2    -133598.9406116            0.162912            F
         3    -133597.9554114            0.100512            F
         4    -133597.9567676            0.481434            F
         5    -133596.8818756            1.936593            T

     climbing image =  5

     path length          = 15.081 bohr
     inter-image distance =  3.770 bohr

     ------------------------------ iteration 178 ------------------------------

     tcpu = 143881.4    self-consistency for image   2
     Message from routine setup:
     using ibrav=0 with symmetry is DISCOURAGED, use correct ibrav instead
     tcpu = 144856.0    self-consistency for image   3
     Message from routine setup:
     using ibrav=0 with symmetry is DISCOURAGED, use correct ibrav instead
     tcpu = 145414.6    self-consistency for image   4
     Message from routine setup:
     using ibrav=0 with symmetry is DISCOURAGED, use correct ibrav instead

     activation energy (->) =   0.557933 eV
     activation energy (<-) =   0.000000 eV

     image        energy (eV)        error (eV/A)        frozen

         1    -133597.4398090            0.233763            T
         2    -133598.9497932            0.194552            F
         3    -133597.9675886            0.087689            F
         4    -133597.9560751            0.816762            F
         5    -133596.8818756            1.964628            T

     climbing image =  5

     path length          = 15.266 bohr
     inter-image distance =  3.817 bohr

     ------------------------------ iteration 179 ------------------------------

     tcpu = 146000.8    self-consistency for image   2
     Message from routine setup:
     using ibrav=0 with symmetry is DISCOURAGED, use correct ibrav instead
     tcpu = 146475.4    self-consistency for image   3
     Message from routine setup:
     using ibrav=0 with symmetry is DISCOURAGED, use correct ibrav instead
     tcpu = 146820.7    self-consistency for image   4
     Message from routine setup:
     using ibrav=0 with symmetry is DISCOURAGED, use correct ibrav instead

     activation energy (->) =   0.557933 eV
     activation energy (<-) =   0.000000 eV

     image        energy (eV)        error (eV/A)        frozen

         1    -133597.4398090            0.233763            T
         2    -133598.9511500            0.197110            F
         3    -133597.9693689            0.088356            F
         4    -133597.9559639            0.856713            F
         5    -133596.8818756            1.968868            T

     climbing image =  5

     path length          = 15.294 bohr
     inter-image distance =  3.823 bohr

     ------------------------------ iteration 180 ------------------------------

     tcpu = 147202.5    self-consistency for image   2
     Message from routine setup:
     using ibrav=0 with symmetry is DISCOURAGED, use correct ibrav instead
     tcpu = 147524.2    self-consistency for image   3
     Message from routine setup:
     using ibrav=0 with symmetry is DISCOURAGED, use correct ibrav instead
     tcpu = 147799.5    self-consistency for image   4
     Message from routine setup:
     using ibrav=0 with symmetry is DISCOURAGED, use correct ibrav instead

     activation energy (->) =   0.557933 eV
     activation energy (<-) =   0.000000 eV

     image        energy (eV)        error (eV/A)        frozen

         1    -133597.4398090            0.233763            T
         2    -133598.9513990            0.198038            F
         3    -133597.9696422            0.085164            F
         4    -133597.9568008            0.850160            F
         5    -133596.8818756            1.969536            T

     climbing image =  5

     path length          = 15.297 bohr
     inter-image distance =  3.824 bohr

     ------------------------------ iteration 181 ------------------------------

     tcpu = 148057.6    self-consistency for image   2
     Message from routine setup:
     using ibrav=0 with symmetry is DISCOURAGED, use correct ibrav instead
     tcpu = 148305.9    self-consistency for image   3
     Message from routine setup:
     using ibrav=0 with symmetry is DISCOURAGED, use correct ibrav instead
     tcpu = 148557.8    self-consistency for image   4
     Message from routine setup:
     using ibrav=0 with symmetry is DISCOURAGED, use correct ibrav instead

     activation energy (->) =   0.557933 eV
     activation energy (<-) =   0.000000 eV

     image        energy (eV)        error (eV/A)        frozen

         1    -133597.4398090            0.233763            T
         2    -133598.9515253            0.187432            F
         3    -133597.9697274            0.085267            F
         4    -133597.9579470            0.836628            F
         5    -133596.8818756            1.969831            T

     climbing image =  5

     path length          = 15.297 bohr
     inter-image distance =  3.824 bohr

     ------------------------------ iteration 182 ------------------------------

     tcpu = 148811.2    self-consistency for image   2
     Message from routine setup:
     using ibrav=0 with symmetry is DISCOURAGED, use correct ibrav instead
     tcpu = 149354.6    self-consistency for image   3
     Message from routine setup:
     using ibrav=0 with symmetry is DISCOURAGED, use correct ibrav instead
     tcpu = 149834.6    self-consistency for image   4
     Message from routine setup:
     using ibrav=0 with symmetry is DISCOURAGED, use correct ibrav instead

     activation energy (->) =   0.557933 eV
     activation energy (<-) =   0.000000 eV

     image        energy (eV)        error (eV/A)        frozen

         1    -133597.4398090            0.233763            T
         2    -133598.9555977            0.165523            F
         3    -133597.9725810            0.117437            F
         4    -133597.9883577            0.411272            F
         5    -133596.8818756            1.979056            T

     climbing image =  5

     path length          = 15.305 bohr
     inter-image distance =  3.826 bohr

     ------------------------------ iteration 183 ------------------------------

     tcpu = 150384.8    self-consistency for image   2
     Message from routine setup:
     using ibrav=0 with symmetry is DISCOURAGED, use correct ibrav instead
     tcpu = 151025.9    self-consistency for image   3
     Message from routine setup:
     using ibrav=0 with symmetry is DISCOURAGED, use correct ibrav instead
     tcpu = 151555.1    self-consistency for image   4
     Message from routine setup:
     using ibrav=0 with symmetry is DISCOURAGED, use correct ibrav instead

     activation energy (->) =   0.557933 eV
     activation energy (<-) =   0.000000 eV

     image        energy (eV)        error (eV/A)        frozen

         1    -133597.4398090            0.233763            T
         2    -133598.9649138            0.105253            F
         3    -133597.9795509            0.115249            F
         4    -133597.9915867            0.526647            F
         5    -133596.8818756            2.000666            T

     climbing image =  5

     path length          = 15.335 bohr
     inter-image distance =  3.834 bohr

     ------------------------------ iteration 184 ------------------------------

     tcpu = 152182.8    self-consistency for image   2
     Message from routine setup:
     using ibrav=0 with symmetry is DISCOURAGED, use correct ibrav instead
     tcpu = 152429.6    self-consistency for image   3
     Message from routine setup:
     using ibrav=0 with symmetry is DISCOURAGED, use correct ibrav instead
     tcpu = 152680.3    self-consistency for image   4
     Message from routine setup:
     using ibrav=0 with symmetry is DISCOURAGED, use correct ibrav instead

     activation energy (->) =   0.557933 eV
     activation energy (<-) =   0.000000 eV

     image        energy (eV)        error (eV/A)        frozen

         1    -133597.4398090            0.233763            T
         2    -133598.9650213            0.105169            F
         3    -133597.9796641            0.112673            F
         4    -133597.9916791            0.526488            F
         5    -133596.8818756            2.000331            T

     climbing image =  5

     path length          = 15.335 bohr
     inter-image distance =  3.834 bohr

     ------------------------------ iteration 185 ------------------------------

     tcpu = 152932.9    self-consistency for image   2
     Message from routine setup:
     using ibrav=0 with symmetry is DISCOURAGED, use correct ibrav instead
     tcpu = 153181.8    self-consistency for image   3
     Message from routine setup:
     using ibrav=0 with symmetry is DISCOURAGED, use correct ibrav instead
     tcpu = 153429.1    self-consistency for image   4
     Message from routine setup:
     using ibrav=0 with symmetry is DISCOURAGED, use correct ibrav instead

     activation energy (->) =   0.557933 eV
     activation energy (<-) =   0.000000 eV

     image        energy (eV)        error (eV/A)        frozen

         1    -133597.4398090            0.233763            T
         2    -133598.9649227            0.105465            F
         3    -133597.9795881            0.118240            F
         4    -133597.9922008            0.514156            F
         5    -133596.8818756            2.000062            T

     climbing image =  5

     path length          = 15.335 bohr
     inter-image distance =  3.834 bohr

     ------------------------------ iteration 186 ------------------------------

     tcpu = 153694.0    self-consistency for image   2
     Message from routine setup:
     using ibrav=0 with symmetry is DISCOURAGED, use correct ibrav instead
     tcpu = 153943.2    self-consistency for image   3
     Message from routine setup:
     using ibrav=0 with symmetry is DISCOURAGED, use correct ibrav instead
     tcpu = 154192.1    self-consistency for image   4
     Message from routine setup:
     using ibrav=0 with symmetry is DISCOURAGED, use correct ibrav instead

     activation energy (->) =   0.557933 eV
     activation energy (<-) =   0.000000 eV

     image        energy (eV)        error (eV/A)        frozen

         1    -133597.4398090            0.233763            T
         2    -133598.9649269            0.107046            F
         3    -133597.9796875            0.115124            F
         4    -133597.9945083            0.476632            F
         5    -133596.8818756            1.997734            T

     climbing image =  5

     path length          = 15.336 bohr
     inter-image distance =  3.834 bohr

     ------------------------------ iteration 187 ------------------------------

     tcpu = 154484.4    self-consistency for image   2
     Message from routine setup:
     using ibrav=0 with symmetry is DISCOURAGED, use correct ibrav instead
     tcpu = 154944.9    self-consistency for image   3
     Message from routine setup:
     using ibrav=0 with symmetry is DISCOURAGED, use correct ibrav instead
     tcpu = 155363.1    self-consistency for image   4
     Message from routine setup:
     using ibrav=0 with symmetry is DISCOURAGED, use correct ibrav instead

     activation energy (->) =   0.557933 eV
     activation energy (<-) =   0.000000 eV

     image        energy (eV)        error (eV/A)        frozen

         1    -133597.4398090            0.233763            T
         2    -133598.9648632            0.132463            F
         3    -133597.9813652            0.120555            F
         4    -133598.0029694            0.225923            F
         5    -133596.8818756            1.959119            T

     climbing image =  5

     path length          = 15.356 bohr
     inter-image distance =  3.839 bohr

     broyden uphill step : history is reset


     ------------------------------ iteration 188 ------------------------------

     tcpu = 155974.5    self-consistency for image   2
     Message from routine setup:
     using ibrav=0 with symmetry is DISCOURAGED, use correct ibrav instead
     tcpu = 156224.9    self-consistency for image   3
     Message from routine setup:
     using ibrav=0 with symmetry is DISCOURAGED, use correct ibrav instead
     tcpu = 156474.8    self-consistency for image   4
     Message from routine setup:
     using ibrav=0 with symmetry is DISCOURAGED, use correct ibrav instead

     activation energy (->) =   0.557933 eV
     activation energy (<-) =   0.000000 eV

     image        energy (eV)        error (eV/A)        frozen

         1    -133597.4398090            0.233763            T
         2    -133598.9649334            0.132212            F
         3    -133597.9814419            0.117965            F
         4    -133598.0031099            0.222240            F
         5    -133596.8818756            1.959134            T

     climbing image =  5

     path length          = 15.356 bohr
     inter-image distance =  3.839 bohr

     ------------------------------ iteration 189 ------------------------------

     tcpu = 156757.2    self-consistency for image   2
     Message from routine setup:
     using ibrav=0 with symmetry is DISCOURAGED, use correct ibrav instead
     tcpu = 157007.8    self-consistency for image   3
     Message from routine setup:
     using ibrav=0 with symmetry is DISCOURAGED, use correct ibrav instead
     tcpu = 157262.8    self-consistency for image   4
     Message from routine setup:
     using ibrav=0 with symmetry is DISCOURAGED, use correct ibrav instead

     activation energy (->) =   0.557933 eV
     activation energy (<-) =   0.000000 eV

     image        energy (eV)        error (eV/A)        frozen

         1    -133597.4398090            0.233763            T
         2    -133598.9649906            0.132428            F
         3    -133597.9815167            0.119462            F
         4    -133598.0032430            0.219975            F
         5    -133596.8818756            1.959149            T

     climbing image =  5

     path length          = 15.357 bohr
     inter-image distance =  3.839 bohr

     ------------------------------ iteration 190 ------------------------------

     tcpu = 157514.8    self-consistency for image   2
     Message from routine setup:
     using ibrav=0 with symmetry is DISCOURAGED, use correct ibrav instead
     tcpu = 157770.5    self-consistency for image   3
     Message from routine setup:
     using ibrav=0 with symmetry is DISCOURAGED, use correct ibrav instead
     tcpu = 158021.5    self-consistency for image   4
     Message from routine setup:
     using ibrav=0 with symmetry is DISCOURAGED, use correct ibrav instead

     activation energy (->) =   0.557933 eV
     activation energy (<-) =   0.000000 eV

     image        energy (eV)        error (eV/A)        frozen

         1    -133597.4398090            0.233763            T
         2    -133598.9650963            0.132610            F
         3    -133597.9816643            0.118603            F
         4    -133598.0035009            0.214222            F
         5    -133596.8818756            1.959178            T

     climbing image =  5

     path length          = 15.358 bohr
     inter-image distance =  3.839 bohr

     ------------------------------ iteration 191 ------------------------------

     tcpu = 158272.3    self-consistency for image   2
     Message from routine setup:
     using ibrav=0 with symmetry is DISCOURAGED, use correct ibrav instead
     tcpu = 158621.9    self-consistency for image   3
     Message from routine setup:
     using ibrav=0 with symmetry is DISCOURAGED, use correct ibrav instead
     tcpu = 158881.9    self-consistency for image   4
     Message from routine setup:
     using ibrav=0 with symmetry is DISCOURAGED, use correct ibrav instead

     activation energy (->) =   0.557933 eV
     activation energy (<-) =   0.000000 eV

     image        energy (eV)        error (eV/A)        frozen

         1    -133597.4398090            0.233763            T
         2    -133598.9654328            0.132969            F
         3    -133597.9820910            0.115226            F
         4    -133598.0042335            0.203364            F
         5    -133596.8818756            1.959265            T

     climbing image =  5

     path length          = 15.360 bohr
     inter-image distance =  3.840 bohr

     ------------------------------ iteration 192 ------------------------------

     tcpu = 159170.7    self-consistency for image   2
     Message from routine setup:
     using ibrav=0 with symmetry is DISCOURAGED, use correct ibrav instead
     tcpu = 159658.0    self-consistency for image   3
     Message from routine setup:
     using ibrav=0 with symmetry is DISCOURAGED, use correct ibrav instead
     tcpu = 160008.5    self-consistency for image   4
     Message from routine setup:
     using ibrav=0 with symmetry is DISCOURAGED, use correct ibrav instead

     activation energy (->) =   0.557933 eV
     activation energy (<-) =   0.000000 eV

     image        energy (eV)        error (eV/A)        frozen

         1    -133597.4398090            0.233763            T
         2    -133598.9667214            0.134103            F
         3    -133597.9837685            0.119259            F
         4    -133598.0069119            0.171104            F
         5    -133596.8818756            1.959595            T

     climbing image =  5

     path length          = 15.371 bohr
     inter-image distance =  3.843 bohr

     ------------------------------ iteration 193 ------------------------------

     tcpu = 160384.3    self-consistency for image   2
     Message from routine setup:
     using ibrav=0 with symmetry is DISCOURAGED, use correct ibrav instead
     tcpu = 160957.2    self-consistency for image   3
     Message from routine setup:
     using ibrav=0 with symmetry is DISCOURAGED, use correct ibrav instead
     tcpu = 161389.8    self-consistency for image   4
     Message from routine setup:
     using ibrav=0 with symmetry is DISCOURAGED, use correct ibrav instead

     activation energy (->) =   0.557933 eV
     activation energy (<-) =   0.000000 eV

     image        energy (eV)        error (eV/A)        frozen

         1    -133597.4398090            0.233763            T
         2    -133598.9697991            0.134981            F
         3    -133597.9877846            0.115588            F
         4    -133598.0119278            0.117936            F
         5    -133596.8818756            1.960354            T

     climbing image =  5

     path length          = 15.397 bohr
     inter-image distance =  3.849 bohr

     ------------------------------ iteration 194 ------------------------------

     tcpu = 161822.5    self-consistency for image   2
     Message from routine setup:
     using ibrav=0 with symmetry is DISCOURAGED, use correct ibrav instead
     tcpu = 163166.1    self-consistency for image   3
     Message from routine setup:
     using ibrav=0 with symmetry is DISCOURAGED, use correct ibrav instead
     tcpu = 163963.2    self-consistency for image   4
     Message from routine setup:
     using ibrav=0 with symmetry is DISCOURAGED, use correct ibrav instead

     activation energy (->) =   0.557933 eV
     activation energy (<-) =   0.000000 eV

     image        energy (eV)        error (eV/A)        frozen

         1    -133597.4398090            0.233763            T
         2    -133599.0181220            0.289754            F
         3    -133598.0544831            0.943198            F
         4    -133597.8118107            1.971938            F
         5    -133596.8818756            1.968179            T

     climbing image =  5

     path length          = 15.935 bohr
     inter-image distance =  3.984 bohr

     ------------------------------ iteration 195 ------------------------------

     tcpu = 164809.1    self-consistency for image   2
     Message from routine setup:
     using ibrav=0 with symmetry is DISCOURAGED, use correct ibrav instead
     tcpu = 165684.0    self-consistency for image   3
     Message from routine setup:
     using ibrav=0 with symmetry is DISCOURAGED, use correct ibrav instead
     tcpu = 166313.3    self-consistency for image   4
     Message from routine setup:
     using ibrav=0 with symmetry is DISCOURAGED, use correct ibrav instead

     activation energy (->) =   0.557933 eV
     activation energy (<-) =   0.000000 eV

     image        energy (eV)        error (eV/A)        frozen

         1    -133597.4398090            0.233763            T
         2    -133599.0012097            0.218293            F
         3    -133598.0299773            0.377144            F
         4    -133597.9505533            1.272237            F
         5    -133596.8818756            1.966484            T

     climbing image =  5

     path length          = 15.716 bohr
     inter-image distance =  3.929 bohr

     ------------------------------ iteration 196 ------------------------------

     tcpu = 167029.4    self-consistency for image   2
     Message from routine setup:
     using ibrav=0 with symmetry is DISCOURAGED, use correct ibrav instead
     tcpu = 167554.5    self-consistency for image   3
     Message from routine setup:
     using ibrav=0 with symmetry is DISCOURAGED, use correct ibrav instead
     tcpu = 167938.1    self-consistency for image   4
     Message from routine setup:
     using ibrav=0 with symmetry is DISCOURAGED, use correct ibrav instead

     activation energy (->) =   0.557933 eV
     activation energy (<-) =   0.000000 eV

     image        energy (eV)        error (eV/A)        frozen

         1    -133597.4398090            0.233763            T
         2    -133598.9996139            0.210464            F
         3    -133598.0276732            0.336149            F
         4    -133597.9611148            1.196508            F
         5    -133596.8818756            1.966291            T

     climbing image =  5

     path length          = 15.698 bohr
     inter-image distance =  3.924 bohr

     ------------------------------ iteration 197 ------------------------------

     tcpu = 168370.3    self-consistency for image   2
     Message from routine setup:
     using ibrav=0 with symmetry is DISCOURAGED, use correct ibrav instead
     tcpu = 168687.4    self-consistency for image   3
     Message from routine setup:
     using ibrav=0 with symmetry is DISCOURAGED, use correct ibrav instead
     tcpu = 168944.5    self-consistency for image   4
     Message from routine setup:
     using ibrav=0 with symmetry is DISCOURAGED, use correct ibrav instead

     activation energy (->) =   0.557933 eV
     activation energy (<-) =   0.000000 eV

     image        energy (eV)        error (eV/A)        frozen

         1    -133597.4398090            0.233763            T
         2    -133598.9991159            0.207077            F
         3    -133598.0268789            0.327325            F
         4    -133597.9659355            1.162428            F
         5    -133596.8818756            1.966248            T

     climbing image =  5

     path length          = 15.693 bohr
     inter-image distance =  3.923 bohr

     ------------------------------ iteration 198 ------------------------------

     tcpu = 169355.3    self-consistency for image   2
     Message from routine setup:
     using ibrav=0 with symmetry is DISCOURAGED, use correct ibrav instead
     tcpu = 169626.9    self-consistency for image   3
     Message from routine setup:
     using ibrav=0 with symmetry is DISCOURAGED, use correct ibrav instead
     tcpu = 169901.1    self-consistency for image   4
     Message from routine setup:
     using ibrav=0 with symmetry is DISCOURAGED, use correct ibrav instead

     activation energy (->) =   0.557933 eV
     activation energy (<-) =   0.000000 eV

     image        energy (eV)        error (eV/A)        frozen

         1    -133597.4398090            0.233763            T
         2    -133598.9991346            0.208076            F
         3    -133598.0268586            0.317300            F
         4    -133597.9677469            1.148585            F
         5    -133596.8818756            1.966271            T

     climbing image =  5

     path length          = 15.693 bohr
     inter-image distance =  3.923 bohr

     ------------------------------ iteration 199 ------------------------------

     tcpu = 170162.6    self-consistency for image   2
     Message from routine setup:
     using ibrav=0 with symmetry is DISCOURAGED, use correct ibrav instead
     tcpu = 170415.6    self-consistency for image   3
     Message from routine setup:
     using ibrav=0 with symmetry is DISCOURAGED, use correct ibrav instead
     tcpu = 170670.0    self-consistency for image   4
     Message from routine setup:
     using ibrav=0 with symmetry is DISCOURAGED, use correct ibrav instead

     activation energy (->) =   0.557933 eV
     activation energy (<-) =   0.000000 eV

     image        energy (eV)        error (eV/A)        frozen

         1    -133597.4398090            0.233763            T
         2    -133598.9991363            0.206502            F
         3    -133598.0267926            0.312447            F
         4    -133597.9696588            1.137328            F
         5    -133596.8818756            1.966297            T

     climbing image =  5

     path length          = 15.694 bohr
     inter-image distance =  3.923 bohr

     ------------------------------ iteration 200 ------------------------------

     tcpu = 170920.8    self-consistency for image   2
     Message from routine setup:
     using ibrav=0 with symmetry is DISCOURAGED, use correct ibrav instead

     WARNING :  scf convergence NOT achieved on image   2

     cleaning-up extrapolation files

 
     NEB          :   1d22h58m CPU   1d23h30m WALL

 
   This run was terminated on:   8:59:47  14Sep2026            

=------------------------------------------------------------------------------=
   JOB DONE.
=------------------------------------------------------------------------------=
