frame,energy_eV_raw
0,-179665.26139882064
1,-179675.48216976307
2,-179670.37454222146
3,-179673.99472424173
4,-179674.04197280674
5,-179675.03500944775
6,-179665.26139882064
7,-179676.0455251053
8,-179675.45671866694
9,-179675.9146197976
10,-179676.1237250849
11,-179676.3917466059
12,-179665.26139882064
13,-179676.83386367428
14,-179676.80961683477
15,-179676.75651984796
16,-179676.69541264372
17,-179676.7724320037
18,-179665.26139882064
19,-179677.00719169242
20,-179676.9610417437
21,-179676.82220424362
22,-179676.74446513763
23,-179676.86506627235
24,-179665.26139882064
25,-179677.05978837822
26,-179677.05381146612
27,-179676.89233572915
28,-179676.80843868307
29,-179676.91504498254
30,-179665.26139882064
31,-179677.10876823153
32,-179676.88612384902
33,-179676.8649613248
34,-179676.84954555685
35,-179676.8171930649
36,-179665.26139882064
37,-179677.09612726985
38,-179676.68437803953
39,-179676.86652555602
40,-179676.72384509572
41,-179676.7671587321
42,-179665.26139882064
43,-179677.08292102
44,-179676.54102012923
45,-179676.8819235819
46,-179676.64157249068
47,-179676.80515392538
48,-179665.26139882064
49,-179677.1210026783
50,-179676.7035970616
51,-179676.9758094785
52,-179676.75735810873
53,-179676.8579548818
54,-179665.26139882064
55,-179677.17625183938
56,-179676.89849627338
57,-179677.04332051583
58,-179676.8716876916
59,-179676.81574623898
60,-179665.26139882064
61,-179677.18713764346
62,-179677.050857129
63,-179677.09090745042
64,-179676.89568439464
65,-179676.5998459111
66,-179665.26139882064
67,-179677.17982088815
68,-179677.14999566515
69,-179677.09302935336
70,-179676.6638434106
71,-179676.33062708785
72,-179665.26139882064
73,-179677.20241744272
74,-179677.16014814225
75,-179677.087485759
76,-179676.2954134238
77,-179676.13274018283
78,-179665.26139882064
79,-179677.2048386655
80,-179677.19299938367
81,-179677.14950524413
82,-179676.44421179837
83,-179675.94350379796
84,-179665.26139882064
85,-179677.20747162352
86,-179677.18645559446
87,-179677.15310101616
88,-179676.15662072616
89,-179675.33632593593
90,-179665.26139882064
91,-179677.20485152994
92,-179677.10986859814
93,-179677.1410582055
94,-179675.6553010634
95,-179673.89160157176
96,-179665.26139882064
97,-179677.1990031476
98,-179677.02360012743
99,-179677.12302376432
100,-179675.1258697219
101,-179673.7380415854
102,-179665.26139882064
103,-179677.19918680438
104,-179677.02530093046
105,-179677.13511476037
106,-179675.6108301634
107,-179674.32765388937
108,-179665.26139882064
109,-179677.21274298773
110,-179677.07999843033
111,-179677.1647970297
112,-179675.4248384571
113,-179674.14218305674
114,-179665.26139882064
115,-179677.20054144578
116,-179676.92287664567
117,-179677.14180170977
118,-179675.3704024276
119,-179674.33024572345
120,-179665.26139882064
121,-179677.21769851347
122,-179677.0090856004
123,-179677.1322251626
124,-179674.8064509593
125,-179673.90472502704
126,-179665.26139882064
127,-179677.21291340157
128,-179677.04283062066
129,-179677.16938497647
130,-179675.36622845416
131,-179674.26080263354
132,-179665.26139882064
133,-179677.219234632
134,-179676.98350388074
135,-179677.16385709698
136,-179675.3360225189
137,-179674.16836908617
138,-179665.26139882064
139,-179677.21903965482
140,-179676.96700168384
141,-179677.163321678
142,-179675.0451598842
143,-179673.80934768647
144,-179665.26139882064
145,-179677.2179829798
146,-179676.86818625985
147,-179677.15519790832
148,-179674.65719901386
149,-179673.40508206957
150,-179665.26139882064
151,-179677.22010017207
152,-179676.701694633
153,-179677.117562027
154,-179673.60054523847
155,-179671.04485313274
156,-179665.26139882064
157,-179677.21211230123
158,-179676.29472140505
159,-179677.0015708012
160,-179672.98921543095
161,-179668.07139487698
162,-179665.26139882064
163,-179677.21611170226
164,-179676.35974933862
165,-179677.10234096838
166,-179673.44166484344
167,-179670.22281575418
168,-179665.26139882064
169,-179677.21823162338
170,-179676.40112150452
171,-179677.11839248624
172,-179673.8977514976
173,-179671.33362487788
174,-179665.26139882064
175,-179677.21811742766
176,-179676.34258203022
177,-179677.0923527023
178,-179674.50149461688
179,-179671.97566389403
180,-179665.26139882064
181,-179677.21651964358
182,-179676.14802125673
183,-179677.0593644411
184,-179674.28360838076
185,-179671.26778338215
186,-179665.26139882064
187,-179677.20795483407
188,-179675.90168472196
189,-179676.98549588557
190,-179673.88020160783
191,-179669.04423122542
192,-179665.26139882064
193,-179677.205149556
194,-179676.0629886568
195,-179677.06125017928
196,-179674.90675757843
197,-179671.223685831
198,-179665.26139882064
199,-179677.2134027058
200,-179676.02268561433
201,-179677.04541681567
202,-179675.02716915944
203,-179671.75177106794
204,-179665.26139882064
205,-179677.2160221275
206,-179676.05054131514
207,-179677.03375105187
208,-179675.30151321396
209,-179672.3577613381
210,-179665.26139882064
211,-179677.2144611403
212,-179676.0423210537
213,-179677.01620730283
214,-179675.520953558
215,-179672.7186036077
216,-179665.26139882064
217,-179677.21121575483
218,-179676.04745318127
219,-179677.01290854515
220,-179662.59408701328
221,-179656.7713266082
222,-179665.26139882064
223,-179677.18286723553
224,-179676.11156793617
225,-179676.86786171343
226,-179670.59047310232
227,-179670.71553608516
228,-179665.26139882064
229,-179677.1263833826
230,-179676.05405378767
231,-179676.74581299335
232,-179670.82086382122
233,-179670.2429955455
234,-179665.26139882064
235,-179677.18418008497
236,-179675.27087281106
237,-179676.80474164142
238,-179665.77207564207
239,-179666.73964336366
240,-179665.26139882064
241,-179677.1283723996
242,-179673.1744817727
243,-179676.56491562066
244,-179668.008082573
245,-179665.45322160603
246,-179665.26139882064
247,-179677.17587331528
248,-179676.04125925346
249,-179676.91414931012
250,-179671.5982066505
251,-179670.10660658876
252,-179665.26139882064
253,-179677.18130543912
254,-179675.8960504965
255,-179677.0194657984
256,-179673.18387860444
257,-179671.20383409684
258,-179665.26139882064
259,-179677.18343822806
260,-179676.36895060068
261,-179676.99627212936
262,-179673.47401210756
263,-179671.4005920441
264,-179665.26139882064
265,-179677.1984128093
266,-179676.57749672706
267,-179676.78464905848
268,-179672.8329477428
269,-179671.42270664216
270,-179665.26139882064
271,-179677.19444211616
272,-179676.7030080836
273,-179676.81859937374
274,-179673.28285984765
275,-179672.72006417415
276,-179665.26139882064
277,-179677.20236840926
278,-179676.85788593756
279,-179677.03758227977
280,-179673.7828228231
281,-179673.20592066724
282,-179665.26139882064
283,-179677.20160133822
284,-179676.80439679188
285,-179676.86582519644
286,-179672.75019837066
287,-179671.851212836
288,-179665.26139882064
289,-179677.13753577863
290,-179676.1762946141
291,-179676.53209039237
292,-179672.88934059662
293,-179670.53658483466
294,-179665.26139882064
295,-179677.15787267638
296,-179676.83271761745
297,-179676.90612653864
298,-179672.6978112545
299,-179672.42241461802
300,-179665.26139882064
301,-179677.15087207546
302,-179676.62659608212
303,-179676.33249234426
304,-179671.0016305768
305,-179669.44219505854
306,-179665.26139882064
307,-179677.13743325425
308,-179676.5846719908
309,-179676.601114255
310,-179672.69176952075
311,-179672.54206417358
312,-179665.26139882064
313,-179677.17135026498
314,-179676.9023724017
315,-179676.86216499345
316,-179672.98001063085
317,-179673.07666903822
318,-179665.26139882064
319,-179677.18619995925
320,-179676.7900070288
321,-179676.81067264185
322,-179672.51030429447
323,-179673.11331414653
324,-179665.26139882064
325,-179677.14607637533
326,-179676.40972848498
327,-179676.7726960329
328,-179668.97937194924
329,-179671.75071311163
330,-179665.26139882064
331,-179677.15172185397
332,-179675.9661088266
333,-179676.51395807843
334,-179666.26629021994
335,-179667.34867022772
336,-179665.26139882064
337,-179677.1479757955
338,-179676.3595613528
339,-179676.43429692308
340,-179664.86932399054
341,-179664.3881140495
342,-179665.26139882064
343,-179677.16253933366
344,-179676.0707684244
345,-179673.45628809376
346,-179666.36744278198
347,-179666.0800967189
348,-179665.26139882064
349,-179677.11972511202
350,-179675.03585995125
351,-179675.62824878926
352,-179665.17856278826
353,-179662.94286163253
354,-179665.26139882064
355,-179677.01969792318
356,-179674.16251979512
357,-179676.4144139487
358,-179663.47925338682
359,-179663.3357673795
360,-179665.26139882064
361,-179677.1486605038
362,-179675.09711975828
363,-179676.14772190579
364,-179666.8353491132
365,-179668.08724282822
366,-179665.26139882064
367,-179677.04832721237
368,-179675.65669130813
369,-179675.4109404244
370,-179665.53200458913
371,-179666.75221353452
372,-179665.26139882064
373,-179676.80704446055
374,-179675.53259284858
375,-179674.87301989112
376,-179665.28270060086
377,-179663.5818138736
378,-179665.26139882064
379,-179676.93774873228
380,-179675.69231192878
381,-179675.66743135848
382,-179670.00846962968
383,-179661.67803421483
384,-179665.26139882064
385,-179677.06316334903
386,-179675.68033853435
387,-179676.08545486914
388,-179670.0101977693
389,-179661.15848308723
390,-179665.26139882064
391,-179677.1232092823
392,-179675.69449969282
393,-179676.4605017697
394,-179669.979697328
395,-179660.3176194742
396,-179665.26139882064
397,-179676.9805915282
398,-179675.28203959094
399,-179675.55201966863
400,-179669.59742841695
401,-179659.03368425745
402,-179665.26139882064
403,-179676.67430050383
404,-179674.5793911735
405,-179675.47917407381
406,-179668.82228452852
407,-179658.63042338882
408,-179665.26139882064
409,-179676.13162958596
410,-179673.51878007408
411,-179674.90564273455
412,-179667.00631474864
413,-179633.98534653927
414,-179665.26139882064
415,-179675.15724185485
416,-179672.1907911026
417,-179672.4288586185
418,-179663.7675046915
419,-179595.66760638412
420,-179665.26139882064
421,-179674.03848045084
422,-179670.48475409686
423,-179663.66223671677
424,-179657.1011200297
425,-179608.81929121938
426,-179665.26139882064
427,-179673.19029393248
428,-179669.25751921438
429,-179653.04574746685
430,-179649.6644792656
431,-179622.23103283258
432,-179665.26139882064
433,-179673.08485542465
434,-179668.98350276408
435,-179662.3632131564
436,-179649.78710423745
437,-179635.38821711927
438,-179665.26139882064
439,-179673.62194664148
440,-179669.6317600435
441,-179664.79470486063
442,-179653.34500596055
443,-179638.11645512644
444,-179665.26139882064
445,-179673.4782456649
446,-179669.58532639433
447,-179664.94244171245
448,-179641.24454790715
449,-179621.34437636184
450,-179665.26139882064
451,-179673.95456677472
452,-179670.8567523868
453,-179664.20215064764
454,-179630.18446060384
455,-179643.0671169595
456,-179665.26139882064
457,-179674.29167063898
458,-179671.44061875073
459,-179662.0566721679
460,-179633.430429899
461,-179643.25645728302
462,-179665.26139882064
463,-179674.25229974528
464,-179671.39232431306
465,-179656.7879532086
466,-179637.927573897
467,-179615.99972961997
468,-179665.26139882064
469,-179674.18367373783
470,-179671.57776238228
471,-179644.89760519317
472,-179636.13452708174
473,-179627.55106476336
474,-179665.26139882064
475,-179674.43525231027
476,-179671.59444231342
477,-179663.09371657402
478,-179626.51479724562
479,-179614.9245718961
480,-179665.26139882064
481,-179674.55785374015
482,-179671.79015479897
483,-179662.85721998173
484,-179643.0746917479
485,-179581.01088899618
486,-179665.26139882064
487,-179675.01622588365
488,-179672.62455009102
489,-179655.19927738447
490,-179625.19741762703
491,-179521.83343943808
492,-179665.26139882064
493,-179675.42955775894
494,-179672.98658847375
495,-179661.65071240356
496,-179611.46737758513
497,-179562.53209416795
498,-179665.26139882064
499,-179675.54257851007
500,-179673.11223059465
501,-179659.29155025026
502,-179627.88401285972
503,-179581.5221064479
504,-179665.26139882064
505,-179675.7032930567
506,-179673.17083537756
507,-179654.1363140211
508,-179624.39700670057
509,-179595.60177584377
510,-179665.26139882064
511,-179675.86931279214
512,-179673.20892486427
513,-179654.58665991187
514,-179611.43948073834
515,-179622.62135733248
516,-179665.26139882064
517,-179676.12368411073
518,-179673.2331142136
519,-179655.0373078887
520,-179624.7659813436
521,-179610.86498031495
522,-179665.26139882064
523,-179676.24342575332
524,-179673.07475908863
525,-179654.96095824713
526,-179606.2910990167
527,-179611.28088893995
528,-179665.26139882064
529,-179676.2686970185
530,-179672.85650893158
531,-179656.88921128848
532,-179623.9838097228
533,-179591.24716858784
534,-179665.26139882064
535,-179676.24474492838
536,-179672.43365760273
537,-179651.5497564634
538,-179624.41024828295
539,-179562.51297968125
540,-179665.26139882064
541,-179676.22632802365
542,-179672.5302716105
543,-179655.82973619353
544,-179600.24999131082
545,-179551.66778680135
546,-179665.26139882064
547,-179676.18006186077
548,-179672.51390717988
549,-179655.9137509935
550,-179586.22117139836
551,-179543.86907884385
552,-179665.26139882064
553,-179676.12666334587
554,-179672.0024441536
555,-179654.01832614854
556,-179596.84774749886
557,-179533.53166438462
558,-179665.26139882064
559,-179675.90642264026
560,-179670.97522655962
561,-179657.6369822039
562,-179627.82317490556
563,-179543.19506367666
564,-179665.26139882064
565,-179675.75839060495
566,-179670.3470480773
567,-179651.54670124358
568,-179618.33329099024
569,-179563.97958600064
570,-179665.26139882064
571,-179675.67516750423
572,-179669.90619431692
573,-179658.6558909838
574,-179581.55296766394
575,-179431.7231575168
576,-179665.26139882064
577,-179675.37358035744
578,-179668.99632958008
579,-179659.082010872
580,-179553.56935708664
581,-179479.32502590053
582,-179665.26139882064
583,-179675.0157605841
584,-179668.1031527173
585,-179656.84127177848
586,-179584.41219413606
587,-179392.86170188413
588,-179665.26139882064
589,-179674.48131652572
590,-179666.1076286784
591,-179654.6031834969
592,-179561.70524437437
593,-179446.50463157502
594,-179665.26139882064
595,-179674.19218831704
596,-179665.23740447694
597,-179654.67418824483
598,-179574.70417907054
599,-179418.38548030812
600,-179665.26139882064
601,-179674.1521538836
602,-179664.99161219073
603,-179654.12632195506
604,-179572.69212852127
605,-179343.8556193603
606,-179665.26139882064
607,-179674.32406616356
608,-179665.2266383826
609,-179651.14932345407
610,-179591.6548174965
611,-179344.02040461646
612,-179665.26139882064
613,-179674.31720947754
614,-179664.75557174662
615,-179634.98048523776
616,-179589.38560152738
617,-179314.02392748234
618,-179665.26139882064
619,-179674.28631346545
620,-179663.1109861327
621,-179635.16165662647
622,-179505.98231415224
623,-179269.09758291882
624,-179665.26139882064
625,-179673.9534383674
626,-179660.20748908375
627,-179651.77893568831
628,-179586.90072979053
629,-179266.3520829672
630,-179665.26139882064
631,-179673.77721893348
632,-179659.90419930243
633,-179651.22359985468
634,-179578.9840303657
635,-179436.98234605283
636,-179665.26139882064
637,-179673.76071921224
638,-179660.60119170896
639,-179651.48085207905
640,-179577.31321154663
641,-179362.48201893774
642,-179665.26139882064
643,-179673.90008189398
644,-179661.4490920428
645,-179650.91457487887
646,-179564.29518529726
647,-179398.0899066555
648,-179665.26139882064
649,-179673.9237346019
650,-179662.17860498794
651,-179647.17797118117
652,-179496.3309836945
653,-179325.65468042766
654,-179665.26139882064
655,-179674.0053336311
656,-179662.9660439317
657,-179646.89464123445
658,-179585.24787432438
659,-179282.81606505078
660,-179665.26139882064
661,-179674.08885156858
662,-179663.50604315114
663,-179648.719749604
664,-179585.13414463922
665,-179321.1839186308
666,-179665.26139882064
667,-179674.14198194462
668,-179663.77716073114
669,-179648.97120593404
670,-179568.4914937381
671,-179318.93294187868
672,-179665.26139882064
673,-179674.22543826466
674,-179664.1455586172
675,-179649.37953389113
676,-179548.8080536316
677,-179259.11596254024
678,-179665.26139882064
679,-179674.2836478086
680,-179664.65259612357
681,-179649.88500667413
682,-179547.04994062067
683,-179232.96691197375
684,-179665.26139882064
685,-179674.41278792504
686,-179665.2661547291
687,-179648.7956005674
688,-179569.36058189662
689,-179491.45645710008
690,-179665.26139882064
691,-179674.42872617475
692,-179665.59760814966
693,-179651.26816635244
694,-179568.76967185948
695,-179409.4382685103
696,-179665.26139882064
697,-179673.98128137965
698,-179664.39261789178
699,-179651.94646951742
700,-179564.87536571512
701,-179339.27909284155
702,-179665.26139882064
703,-179673.63130198515
704,-179663.67361451694
705,-179653.66285266323
706,-179564.93077163832
707,-179328.6042106645
708,-179665.26139882064
709,-179673.21835032603
710,-179662.8086685663
711,-179652.6983641217
712,-179573.03539243975
713,-179503.1463587594
714,-179665.26139882064
715,-179673.29058038152
716,-179663.43041721496
717,-179650.77432580027
718,-179577.2009738984
719,-179498.46010194553
720,-179665.26139882064
721,-179673.48019720532
722,-179663.95578520081
723,-179649.53298219707
724,-179571.39156350755
725,-179473.2008101894
726,-179665.26139882064
727,-179673.661389931
728,-179664.36948697834
729,-179650.35709666202
730,-179585.1124961134
731,-179451.2043149979
732,-179665.26139882064
733,-179673.96268363038
734,-179664.99403057483
735,-179651.9620581912
736,-179574.28571623977
737,-179434.26894297902
738,-179665.26139882064
739,-179674.1540701107
740,-179665.51647762515
741,-179653.60052305926
742,-179553.35147929125
743,-179466.61846721964
744,-179665.26139882064
745,-179674.265871826
746,-179665.79983158936
747,-179655.62945445857
748,-179547.19240455396
749,-179360.7017398306
750,-179665.26139882064
751,-179674.35993897475
752,-179666.23987061757
753,-179657.51076230942
754,-179530.73926089602
755,-179301.9850802138
756,-179665.26139882064
757,-179674.375807952
758,-179666.00156230532
759,-179657.22843834697
760,-179524.57209749645
761,-179357.36883306305
762,-179665.26139882064
763,-179674.23352831355
764,-179664.68839381076
765,-179653.99497720858
766,-179025.65924110502
767,-179377.38887633727
768,-179665.26139882064
769,-179673.9596721212
770,-179663.01503495924
771,-179604.50214750832
772,-179492.03177566585
773,-179318.63301431827
774,-179665.26139882064
775,-179673.68070011085
776,-179661.93294897804
777,-179657.6254809017
778,-179428.32119681383
779,-179358.86660145735
780,-179665.26139882064
781,-179673.3200763951
782,-179660.65051358513
783,-179646.23549843824
784,-179364.904456318
785,-179387.50475266346
786,-179665.26139882064
787,-179673.02175525168
788,-179658.91523964514
789,-179649.61595648917
790,-179450.26662203541
791,-179334.21875734162
792,-179665.26139882064
793,-179672.80487514645
794,-179657.64429074564
795,-179641.52769084874
796,-179496.97511806362
797,-179398.82143592514
798,-179665.26139882064
799,-179672.7307873098
800,-179657.77925664067
801,-179640.12722310663
802,-179498.4062590729
803,-179410.7704761539
804,-179665.26139882064
805,-179672.9706853008
806,-179658.73306651588
807,-179641.84507179775
808,-179472.6465462947
809,-179445.68825524132
810,-179665.26139882064
811,-179673.3120337313
812,-179659.98365489166
813,-179648.62540591523
814,-179453.8573543409
815,-179473.40832613516
816,-179665.26139882064
817,-179673.67585150563
818,-179661.2144399702
819,-179652.50975781988
820,-179515.70288279862
821,-179448.18643404002
822,-179665.26139882064
823,-179673.4711872058
824,-179660.58116610465
825,-179652.17827784788
826,-179508.20539206715
827,-179469.60716409923
828,-179665.26139882064
829,-179673.3256888087
830,-179659.76155359717
831,-179646.56045409795
832,-179495.7145947324
833,-179400.88825191674
834,-179665.26139882064
835,-179673.08469366885
836,-179658.43204745481
837,-179639.18956166322
838,-179457.5789371657
839,-179155.38426515294
840,-179665.26139882064
841,-179672.8198188406
842,-179657.91483381792
843,-179637.56406926375
844,-179407.29615477406
845,-179266.97587721306
846,-179665.26139882064
847,-179672.6993611052
848,-179657.47197698732
849,-179638.48948401184
850,-179444.07926530874
851,-179322.62675730966
852,-179665.26139882064
853,-179672.7384483689
854,-179656.97898442592
855,-179629.0102142474
856,-179455.53408940617
857,-179173.96352002313
858,-179665.26139882064
859,-179672.77519014323
860,-179656.7428287756
861,-179634.51832975433
862,-179498.3335815696
863,-178710.7599912752
864,-179665.26139882064
865,-179672.75584418993
866,-179656.43957371317
867,-179631.79170013347
868,-179502.1460020056
869,-178823.43371260713
870,-179665.26139882064
871,-179672.71936879764
872,-179656.5537551017
873,-179627.7218091279
874,-179460.1298837425
875,-179047.58085307485
876,-179665.26139882064
877,-179672.66642442698
878,-179656.4568790341
879,-179618.58336101094
880,-179422.28031634705
881,-179027.7094757562
882,-179665.26139882064
883,-179672.53922556888
884,-179655.94349937976
885,-179613.47735091957
886,-179437.33296392875
887,-179120.02323697848
888,-179665.26139882064
889,-179672.401558143
890,-179656.16608341344
891,-179618.1955813872
892,-179432.77551163116
893,-178864.7762340515
894,-179665.26139882064
895,-179672.45755937172
896,-179657.1267821026
897,-179622.9674204964
898,-179468.78899114198
899,-178823.10458115317
900,-179665.26139882064
901,-179672.40556812004
902,-179657.53954921383
903,-179623.3627583708
904,-179483.83828369237
905,-179253.73828765866
906,-179665.26139882064
907,-179672.365931654
908,-179657.81146453044
909,-179630.11896721748
910,-179495.97741780058
911,-179221.91321794494
912,-179665.26139882064
913,-179672.31314334556
914,-179658.11012592266
915,-179632.70807565819
916,-179404.8137999285
917,-179352.39092336962
918,-179665.26139882064
919,-179672.22336918022
920,-179658.25638036392
921,-179631.89907600114
922,-179469.32299373078
923,-179406.1436696751
924,-179665.26139882064
925,-179672.17269673612
926,-179658.58765507193
927,-179631.55326289104
928,-179370.90137974624
929,-179314.14005043404
930,-179665.26139882064
931,-179672.20214515695
932,-179659.8015867961
933,-179632.6863414571
934,-179366.38004817654
935,-179352.91092449566
936,-179665.26139882064
937,-179672.76200415107
938,-179661.93706595097
939,-179606.82669488122
940,-179313.34964550188
941,-179289.88008182298
942,-179665.26139882064
943,-179672.7209389207
944,-179661.8233943543
945,-179628.12563014703
946,-179409.55766099363
947,-179251.23495039935
948,-179665.26139882064
949,-179672.8117294172
950,-179662.31743923953
951,-179634.8291086992
952,-179410.3316023365
953,-179093.5635557666
954,-179665.26139882064
955,-179672.64763680034
956,-179661.90065840588
957,-179644.54633874778
958,-179441.85200049955
959,-179064.011722517
960,-179665.26139882064
961,-179672.54092710686
962,-179660.90831605918
963,-179646.37092722981
964,-179446.65374538448
965,-179092.08907695083
966,-179665.26139882064
967,-179672.73489504895
968,-179660.3470326558
969,-179646.5207211312
970,-179468.13271232767
971,-179216.0643280427
972,-179665.26139882064
973,-179672.57371204888
974,-179660.31481492193
975,-179647.6871876157
976,-179339.1929245595
977,-178911.24480603085
978,-179665.26139882064
979,-179672.70734329984
980,-179659.98519709636
981,-179648.01155504206
982,-179331.4738291217
983,-179185.45335549404
984,-179665.26139882064
985,-179672.63225265744
986,-179659.55439593238
987,-179643.022576652
988,-179212.99860564078
989,-179057.07123200432
990,-179665.26139882064
991,-179672.5762674215
992,-179659.5589284771
993,-179616.79906590996
994,-179289.1771848456
995,-179291.93162963216
996,-179665.26139882064
997,-179672.5575702344
998,-179659.3057769434
999,-179623.35894144294
1000,-179169.5888757571
1001,-179327.02381379314
1002,-179665.26139882064
1003,-179672.58089039972
1004,-179660.40218812277
1005,-179624.75302924216
1006,-179401.2622213955
1007,-179287.64287653862
1008,-179665.26139882064
1009,-179672.54745416692
1010,-179660.46359712176
1011,-179635.22003869026
1012,-179278.5025652089
1013,-179294.73553929772
1014,-179665.26139882064
1015,-179672.6235803256
1016,-179660.96208647176
1017,-179637.60513025758
1018,-179427.95235036506
1019,-179261.04638992823
1020,-179665.26139882064
1021,-179672.78291033988
1022,-179661.43677649123
1023,-179642.010355328
1024,-179272.32660896328
1025,-179189.4331785762
1026,-179665.26139882064
1027,-179672.9231189237
1028,-179661.70401325033
1029,-179642.57664431882
1030,-179378.46157351328
1031,-179378.13626994906
1032,-179665.26139882064
1033,-179673.163665501
1034,-179661.844204567
1035,-179639.9041059667
1036,-179432.10826236542
1037,-179414.00182493572
1038,-179665.26139882064
1039,-179673.22746873612
1040,-179661.7560863547
1041,-179639.43649791877
1042,-179415.76979297277
1043,-179413.09994221575
1044,-179665.26139882064
1045,-179673.28198304892
1046,-179661.23510599535
1047,-179637.7283447888
1048,-179127.88451784366
1049,-179396.39192194247
1050,-179665.26139882064
1051,-179673.2311038518
1052,-179661.03236965562
1053,-179638.01992059435
1054,-179270.43205889233
1055,-179382.75983648162
1056,-179665.26139882064
1057,-179673.13386245776
1058,-179660.964893632
1059,-179636.33837709646
1060,-179345.7791488116
1061,-179385.76244404
1062,-179665.26139882064
1063,-179673.08331276334
1064,-179661.16657722168
1065,-179637.37102215373
1066,-179142.62694009603
1067,-179291.5180181696
1068,-179665.26139882064
1069,-179672.95631869533
1070,-179660.52942688455
1071,-179635.0663409559
1072,-179221.9574309841
1073,-179168.47379435672
1074,-179665.26139882064
1075,-179672.85588449816
1076,-179659.4157327512
1077,-179640.27001145994
1078,-179202.0823805403
1079,-179203.0251996438
1080,-179665.26139882064
1081,-179672.6576005721
1082,-179660.52446621642
1083,-179644.6438468596
1084,-179375.38846645068
1085,-179374.0080956058
1086,-179665.26139882064
1087,-179672.665757887
1088,-179660.68935488528
1089,-179644.57857631418
1090,-179455.4248677004
1091,-179368.01569679406
1092,-179665.26139882064
1093,-179672.5667260157
1094,-179659.74725175166
1095,-179639.56446544256
1096,-179134.70190970422
1097,-179426.17180025054
1098,-179665.26139882064
1099,-179672.40879943865
1100,-179658.86905638617
1101,-179635.7555008172
1102,-179285.1847658394
1103,-179394.71793531938
1104,-179665.26139882064
1105,-179672.44035487983
1106,-179658.81381065372
1107,-179635.4347498497
1108,-179248.0354597838
1109,-179196.76683911803
1110,-179665.26139882064
1111,-179672.39293387253
1112,-179657.23981656227
1113,-179631.8124742129
1114,-179070.9607936036
1115,-179314.93684953847
1116,-179665.26139882064
1117,-179672.2938846188
1118,-179655.98505442584
1119,-179612.80791317715
1120,-179302.1682164218
1121,-179308.23664978018
1122,-179665.26139882064
1123,-179672.23932002037
1124,-179655.43389265874
1125,-179610.62912605386
1126,-178852.2756239394
1127,-179253.65737434395
1128,-179665.26139882064
1129,-179672.04671011216
1130,-179655.61223691457
1131,-179609.71774601645
1132,-178741.004270521
1133,-179373.91485433586
1134,-179665.26139882064
1135,-179671.745460443
1136,-179656.1418710074
1137,-179606.36284507194
1138,-179064.93483528955
1139,-179348.2921483124
1140,-179665.26139882064
1141,-179671.51616124815
1142,-179655.7157840262
1143,-179614.58226735625
1144,-179143.77950344604
1145,-179370.59388611227
1146,-179665.26139882064
1147,-179671.01583850826
1148,-179654.5697120489
1149,-179617.38708430345
1150,-179131.30877544853
1151,-179360.66713824956
1152,-179665.26139882064
1153,-179671.00590207198
1154,-179655.2639870024
1155,-179616.78881522178
1156,-179131.43787024662
1157,-179296.14809738786
1158,-179665.26139882064
1159,-179671.15018859465
1160,-179657.43886718072
1161,-179618.36021543175
1162,-178952.9150408809
1163,-179272.85961483206
1164,-179665.26139882064
1165,-179671.4859953307
1166,-179660.22386845408
1167,-179621.56133023617
1168,-179035.91095433463
1169,-179343.0159099221
1170,-179665.26139882064
1171,-179671.51984663028
1172,-179660.91868458115
1173,-179616.3308307991
1174,-179237.66623186026
1175,-179334.964741343
1176,-179665.26139882064
1177,-179671.49969894363
1178,-179661.04562537905
1179,-179622.8865381556
1180,-179280.05972831018
1181,-179415.07686436202
1182,-179665.26139882064
1183,-179671.45157349497
1184,-179660.84193748297
1185,-179588.28380049078
1186,-179241.09635806835
1187,-179390.30120874298
1188,-179665.26139882064
1189,-179671.1964486496
1190,-179660.41510824973
1191,-179624.66982451035
1192,-179293.0527560259
1193,-179364.78789930002
1194,-179665.26139882064
1195,-179671.13776224293
1196,-179659.75098700818
1197,-179575.62398924006
1198,-179333.890080105
1199,-179252.40815391517
1200,-179665.26139882064
1201,-179671.51705054476
1202,-179659.42124071348
1203,-179612.1867022473
1204,-179319.42513558498
1205,-179388.77603396028
1206,-179665.26139882064
1207,-179671.8960178144
1208,-179659.29124074278
1209,-179566.86823176435
1210,-179273.06911301453
1211,-179330.51127791463
1212,-179665.26139882064
1213,-179672.46624233262
1214,-179659.50183519878
1215,-179556.43519887223
1216,-179228.51753546318
1217,-179383.2454437185
1218,-179665.26139882064
1219,-179672.92387534294
1220,-179660.14943118545
1221,-179521.9054937593
1222,-179220.56740487998
1223,-179317.7751026368
1224,-179665.26139882064
1225,-179673.2303927565
1226,-179660.17011112353
1227,-179557.24338361865
1228,-179219.01935941627
1229,-179284.90543574552
1230,-179665.26139882064
1231,-179673.4232666588
1232,-179660.72209548837
1233,-179572.51630578612
1234,-178497.93231498313
1235,-179222.64945667764
1236,-179665.26139882064
1237,-179673.46889295467
1238,-179660.24410948684
1239,-179580.51752871354
1240,-176604.63207972725
1241,-179256.7076537562
1242,-179665.26139882064
1243,-179673.61610403008
1244,-179658.93013865838
1245,-179573.51529727533
1246,-171263.8548297245
1247,-179207.44334986692
1248,-179665.26139882064
1249,-179673.84822949272
1250,-179657.88963344254
1251,-179545.46824016655
1252,-163370.3473040901
1253,-179288.40002558613
1254,-179665.26139882064
1255,-179673.86916158602
1256,-179657.30263196648
1257,-179471.24810496494
1258,-150050.35689160883
1259,-179337.02823025553
1260,-179665.26139882064
1261,-179673.7210503133
1262,-179658.41528119138
1263,-179531.5282235666
1264,-143863.7635683543
1265,-179009.5383909446
1266,-179665.26139882064
1267,-179673.73740424134
1268,-179658.4308509595
1269,-179323.77924746188
1270,-132543.13868379418
1271,-178952.3836421981
1272,-179665.26139882064
1273,-179673.85634211748
1274,-179657.67458679937
1275,-179431.00954672607
1276,-133189.44259695784
1277,-179131.619608361
1278,-179665.26139882064
1279,-179673.9804773702
1280,-179656.73726734795
1281,-179420.48221514936
1282,-156282.3373966853
1283,-179128.80367810858
1284,-179665.26139882064
1285,-179674.09524983793
1286,-179653.13476774338
1287,-179463.85136406193
1288,-163194.51902246496
1289,-179071.20405102638
1290,-179665.26139882064
1291,-179674.18519966432
1292,-179643.8940792291
1293,-179491.18286808883
1294,-169397.89319009666
1295,-178581.53048939115
1296,-179665.26139882064
1297,-179674.20546657417
1298,-179639.6828704848
1299,-179457.72682495476
1300,-173964.144438397
1301,-178783.36974294996
1302,-179665.26139882064
1303,-179674.16420789377
1304,-179641.8685492089
1305,-179436.0860487294
1306,-176691.8877703028
1307,-178908.07898236168
1308,-179665.26139882064
1309,-179674.17140571418
1310,-179646.5877228983
1311,-179535.94427479865
1312,-178175.20562810916
1313,-179196.38403310155
1314,-179665.26139882064
1315,-179674.1980130521
1316,-179645.9079710697
1317,-179508.21602314655
1318,-178859.28215552284
1319,-179174.47137303106
1320,-179665.26139882064
1321,-179674.06969109026
1322,-179644.7753035965
1323,-179517.82483214568
1324,-179279.2903352478
1325,-178395.7480727837
1326,-179665.26139882064
1327,-179674.1847026643
1328,-179627.32121874284
1329,-176102.8280658725
1330,-178658.72024750974
1331,-178349.70019530103
1332,-179665.26139882064
1333,-179674.16962077812
1334,-179609.0433329133
1335,-179391.42258054813
1336,-179032.16697582693
1337,-178960.79009552047
1338,-179665.26139882064
1339,-179673.99663983495
1340,-179601.56391249475
1341,-179360.48222990124
1342,-179161.1060984038
1343,-178584.66093882508
1344,-179665.26139882064
1345,-179673.6756012395
1346,-179591.83184179588
1347,-179541.28724414718
1348,-179029.53321172812
1349,-178642.04466950972
1350,-179665.26139882064
1351,-179673.4873139972
1352,-179582.5342689305
1353,-179472.5688666226
1354,-179068.153408163
1355,-179021.25495121293
1356,-179665.26139882064
1357,-179673.24659833216
1358,-179606.15054324546
1359,-179483.40508291946
1360,-179053.7025706627
1361,-179136.97143113083
1362,-179665.26139882064
1363,-179672.95825489375
1364,-179636.2044326775
1365,-179482.26457235633
1366,-178970.66102833152
1367,-178918.4775576714
1368,-179665.26139882064
1369,-179673.21780383785
1370,-179643.39868571417
1371,-179348.67379391377
1372,-178951.62562044547
1373,-179078.86894861
1374,-179665.26139882064
1375,-179672.90657367383
1376,-179644.00907491124
1377,-179432.4396996819
1378,-178997.0646357913
1379,-179007.40906115694
1380,-179665.26139882064
1381,-179672.42916876107
1382,-179642.98432539895
1383,-178009.6909031824
1384,-179328.75345891854
1385,-179008.69289219257
1386,-179665.26139882064
1387,-179671.8210424423
1388,-179641.692697934
1389,-178398.75833802603
1390,-179043.29837632403
1391,-178814.63055083563
1392,-179665.26139882064
1393,-179671.4702432006
1394,-179642.1322470516
1395,-179249.24675917687
1396,-179172.91549477124
1397,-179095.11247080434
1398,-179665.26139882064
1399,-179670.87203116738
1400,-179640.9813232478
1401,-179122.87909662497
1402,-178287.45182388692
1403,-178875.48310396832
1404,-179665.26139882064
1405,-179670.95194413458
1406,-179643.65327218987
1407,-179129.74256120727
1408,-178853.8731833887
1409,-178694.0204941178
1410,-179665.26139882064
1411,-179670.91617622785
1412,-179643.17022123345
1413,-179333.68058441087
1414,-179230.65412636084
1415,-178913.49065649256
1416,-179665.26139882064
1417,-179671.20774307253
1418,-179639.9350964426
1419,-179324.40560118432
1420,-178589.17827080964
1421,-178872.4722263005
1422,-179665.26139882064
1423,-179671.56046506125
1424,-179639.07419709206
1425,-179335.618897035
1426,-179159.4033248381
1427,-178975.8256392773
1428,-179665.26139882064
1429,-179671.84229731638
1430,-179639.5682159431
1431,-178923.40841709822
1432,-179145.83673293988
1433,-179129.08137671958
1434,-179665.26139882064
1435,-179671.89595959187
1436,-179639.6756544324
1437,-179059.8643961572
1438,-179048.46711671512
1439,-179151.70547366329
1440,-179665.26139882064
1441,-179671.82477201975
1442,-179642.14938405823
1443,-179130.53842787084
1444,-178866.7537616103
1445,-179213.2341899775
1446,-179665.26139882064
1447,-179671.98494215793
1448,-179644.02885808973
1449,-179067.46264435968
1450,-179009.9517892054
1451,-179281.32628285457
1452,-179665.26139882064
1453,-179671.86706336547
1454,-179643.5686332149
1455,-178981.62478048154
1456,-179161.54087440454
1457,-179116.44443918
1458,-179665.26139882064
1459,-179671.5376989309
1460,-179642.38711020222
1461,-179059.54407125054
1462,-179233.08200179524
1463,-179173.6317900236
1464,-179665.26139882064
1465,-179671.0667130235
1466,-179641.4700398863
1467,-178425.9211959799
1468,-179360.7190233611
1469,-179299.8750673763
1470,-179665.26139882064
1471,-179670.53763566268
1472,-179638.53208654665
1473,-177626.1331791816
1474,-179284.18965394056
1475,-179183.84509533667
1476,-179665.26139882064
1477,-179670.39664891895
1478,-179635.53828838826
1479,-178587.48849915937
1480,-178969.48979474002
1481,-179014.68239902324
1482,-179665.26139882064
1483,-179669.8446655019
1484,-179629.2726793557
1485,-178928.27807932722
1486,-179272.42432556767
1487,-179425.24454656817
1488,-179665.26139882064
1489,-179669.05314532545
1490,-179627.47180625264
1491,-179282.01967815575
1492,-179249.20151182194
1493,-179374.3016857872
1494,-179665.26139882064
1495,-179668.42150173947
1496,-179625.41356343954
1497,-179206.601677789
1498,-179330.43820862693
1499,-179365.94872562066
1500,-179665.26139882064
1501,-179668.20913237514
1502,-179624.01318874376
1503,-179393.68438252003
1504,-179330.07459319176
1505,-179360.60513800097
1506,-179665.26139882064
1507,-179668.02669535458
1508,-179627.50265563477
1509,-179409.366240202
1510,-179327.65987415143
1511,-179379.06177762465
1512,-179665.26139882064
1513,-179667.31463866445
1514,-179625.26397467352
1515,-179282.65132399785
1516,-179315.23385185705
1517,-179401.42279371247
1518,-179665.26139882064
1519,-179666.986172432
1520,-179623.04322483236
1521,-179341.50052862614
1522,-179357.07935861716
1523,-179426.59388995095
1524,-179665.26139882064
1525,-179666.49520085432
1526,-179618.0205958457
1527,-179411.1283568384
1528,-179344.65688062977
1529,-179426.93011928038
1530,-179665.26139882064
1531,-179665.40758579972
1532,-179613.390827221
1533,-179309.07311845158
1534,-179302.87946287796
1535,-179447.7631660574
1536,-179665.26139882064
1537,-179664.4256147618
1538,-179607.49475265917
1539,-179379.83773089922
1540,-179245.8421633758
1541,-179413.35580645988
1542,-179665.26139882064
1543,-179664.2114382388
1544,-179599.80695859157
1545,-179403.01736566136
1546,-179179.92666180813
1547,-179384.7301922362
1548,-179665.26139882064
1549,-179664.21201775104
1550,-179594.58243256426
1551,-179365.08031529826
1552,-179156.68383163822
1553,-179392.7433225469
1554,-179665.26139882064
1555,-179664.14716605665
1556,-179566.04303152396
1557,-179226.67554245616
1558,-179098.4801062275
1559,-179380.5529092448
1560,-179665.26139882064
1561,-179662.77211186578
1562,-179507.74987113365
1563,-179159.47520331922
1564,-179149.80408911238
1565,-178950.6400882441
1566,-179665.26139882064
1567,-179658.18831403347
1568,-179500.23699097364
1569,-179233.49484642106
1570,-179050.95948548891
1571,-179223.42185200172
1572,-179665.26139882064
1573,-179653.98739452456
1574,-179506.8145126093
1575,-179306.15193950036
1576,-179249.38196435446
1577,-179362.68642782466
1578,-179665.26139882064
1579,-179652.4318692772
1580,-179487.2883027745
1581,-179276.35224636388
1582,-179188.4903278337
1583,-179254.5562286542
1584,-179665.26139882064
1585,-179648.32540794084
1586,-179519.2201664895
1587,-179305.19431796894
1588,-179358.66041160002
1589,-179322.59728446454
1590,-179665.26139882064
1591,-179647.00850292845
1592,-179571.97976949092
1593,-179343.9622002847
1594,-179400.8881972413
1595,-179167.4261163755
1596,-179665.26139882064
1597,-179646.20323505197
1598,-179556.1570343801
1599,-179409.8362969943
1600,-179384.2253901755
1601,-179301.64906855096
1602,-179665.26139882064
1603,-179647.83083739743
1604,-179563.83358635515
1605,-179382.4833617573
1606,-179344.01168172076
1607,-179354.56902668002
1608,-179665.26139882064
1609,-179648.86437967102
1610,-179579.83322130225
1611,-179293.5495830791
1612,-179378.7883706214
1613,-179402.93629809245
1614,-179665.26139882064
1615,-179648.85221466565
1616,-179578.0662626661
1617,-179347.8717642455
1618,-179376.7011294494
1619,-179207.85575527986
1620,-179665.26139882064
1621,-179648.18065472812
1622,-179432.5007918735
1623,-179280.28209537268
1624,-179372.69249924232
1625,-179333.0886297447
1626,-179665.26139882064
1627,-179647.2101582831
1628,-179577.55771907547
1629,-179246.9398723794
1630,-179361.22238253916
1631,-179314.42108153724
1632,-179665.26139882064
1633,-179646.7221552104
1634,-179503.35272486336
1635,-179340.6909390994
1636,-179300.84650084245
1637,-179374.6557603658
1638,-179665.26139882064
1639,-179647.57537842012
1640,-179570.10877261873
1641,-179313.40791120197
1642,-179248.805373015
1643,-179305.82260042478
1644,-179665.26139882064
1645,-179649.5736240665
1646,-179563.25408357193
1647,-179265.9050302596
1648,-179358.82818898684
1649,-179397.278558236
1650,-179665.26139882064
1651,-179650.89398594608
1652,-179560.30837281892
1653,-179369.28878549574
1654,-179367.33617349694
1655,-179455.1352407309
1656,-179665.26139882064
1657,-179652.80600909528
1658,-179541.34272168932
1659,-179239.76484849353
1660,-179359.05660851492
1661,-179454.39446309552
1662,-179665.26139882064
1663,-179654.40254427452
1664,-179483.7925834427
1665,-179026.56708707643
1666,-179422.53201037156
1667,-179439.77563092113
1668,-179665.26139882064
1669,-179655.75404195127
1670,-178514.7212865776
1671,-179155.04152075652
1672,-179428.01123706845
1673,-179434.5982229756
1674,-179665.26139882064
1675,-179656.62802674866
1676,-179141.60049707393
1677,-179107.3897642791
1678,-179375.85868979438
1679,-179388.75618548153
1680,-179665.26139882064
1681,-179657.60937303829
1682,-179091.06342217533
1683,-179096.49743952483
1684,-179244.09265318478
1685,-179385.5752542937
1686,-179665.26139882064
1687,-179658.41258163823
1688,-179302.50780517506
1689,-179174.6003609033
1690,-179320.33960739957
1691,-179378.41189640536
1692,-179665.26139882064
1693,-179659.57197840247
1694,-179413.18830262971
1695,-179354.96775640082
1696,-179328.16818888183
1697,-179402.24151634105
1698,-179665.26139882064
1699,-179660.11406573997
1700,-179416.854434317
1701,-179049.84315491482
1702,-179359.7848224155
1703,-179395.21204042295
1704,-179665.26139882064
1705,-179660.61598379406
1706,-179387.93768881183
1707,-179044.9153540037
1708,-179391.9999040136
1709,-179349.76059340607
1710,-179665.26139882064
1711,-179659.06389422473
1712,-179217.70192355503
1713,-178818.28437365507
1714,-179373.11939695824
1715,-179349.62285666406
1716,-179665.26139882064
1717,-179656.83197307575
1718,-178917.5266578107
1719,-177265.4987210508
1720,-179363.67727247506
1721,-179310.60695962395
1722,-179665.26139882064
1723,-179658.89330565667
1724,-178709.7360066945
1725,-178732.32143564583
1726,-179259.95084061744
1727,-179436.1650013352
1728,-179665.26139882064
1729,-179658.59072624205
1730,-179244.10161716363
1731,-179138.94750868558
1732,-179380.41386567097
1733,-179426.5747263681
1734,-179665.26139882064
1735,-179658.14357793477
1736,-179398.64078273444
1737,-179060.36486636708
1738,-179414.62777183342
1739,-179445.7594760693
1740,-179665.26139882064
1741,-179659.6073835076
1742,-179396.4798311862
1743,-179328.547493925
1744,-179412.60149449029
1745,-179367.4107403369
1746,-179665.26139882064
1747,-179658.4807586311
1748,-179384.52208049467
1749,-179283.89676186105
1750,-179383.68597234954
1751,-179366.0396315633
1752,-179665.26139882064
1753,-179654.71799212828
1754,-179313.33056561972
1755,-179005.41595496636
1756,-179352.51824901218
1757,-179269.4599012471
1758,-179665.26139882064
1759,-179650.14450549945
1760,-179317.79659683106
1761,-179183.28318045396
1762,-179358.85420033662
1763,-179362.7906307241
1764,-179665.26139882064
1765,-179648.04043041114
1766,-179311.1307612289
1767,-179188.0243465511
1768,-179405.5750666334
1769,-179318.98204730416
1770,-179665.26139882064
1771,-179648.00509573316
1772,-179349.67007053705
1773,-179338.0108275236
1774,-179366.82737316668
1775,-179377.40401481697
1776,-179665.26139882064
1777,-179650.05895120447
1778,-179318.0038291066
1779,-179301.16029401333
1780,-179366.7755419309
1781,-179245.0486679544
1782,-179665.26139882064
1783,-179652.58385062678
1784,-179417.6499986529
1785,-179175.2061576249
1786,-179440.7269166291
1787,-179337.69007035164
1788,-179665.26139882064
1789,-179654.97980639324
1790,-179402.28529833737
1791,-179122.46843145677
1792,-179458.738855989
1793,-179381.51742758116
1794,-179665.26139882064
1795,-179655.3761948453
1796,-179246.31755267523
1797,-179236.92818801405
1798,-179400.87119679473
1799,-179378.52754582677
1800,-179665.26139882064
1801,-179653.6397339803
1802,-179208.05678445875
1803,-179176.96481511765
1804,-179326.85943586007
1805,-179370.86132972632
1806,-179665.26139882064
1807,-179654.3185898122
1808,-179376.3965291167
1809,-179315.2789781618
1810,-179400.72530589922
1811,-179410.20304004604
1812,-179665.26139882064
1813,-179655.60252731552
1814,-179350.6750833623
1815,-179265.6912672182
1816,-179420.6282535976
1817,-179397.25441744205
1818,-179665.26139882064
1819,-179654.46868897654
1820,-179304.67936656432
1821,-179120.2926401876
1822,-179449.30236468124
1823,-179416.65135224088
1824,-179665.26139882064
1825,-179653.405050781
1826,-179337.23232239537
1827,-179195.3071756264
1828,-179424.19706622072
1829,-179371.74777769836
1830,-179665.26139882064
1831,-179653.43235269142
1832,-179284.29730371202
1833,-179165.43618243394
1834,-179413.19925747043
1835,-179412.14296241972
1836,-179665.26139882064
1837,-179651.63093567698
1838,-179341.65744802347
1839,-179127.4178810492
1840,-179418.0634106905
1841,-179418.30981803683
1842,-179665.26139882064
1843,-179650.82612649293
1844,-179380.2824355889
1845,-179238.16559106935
1846,-179359.65112589393
1847,-179402.70279090662
1848,-179665.26139882064
1849,-179650.62022063526
1850,-179368.34728040127
1851,-179351.62875172307
1852,-179344.31524821278
1853,-179400.846231072
1854,-179665.26139882064
1855,-179649.5061835647
1856,-179288.8814479688
1857,-179325.9609729248
1858,-179402.12237127355
1859,-179395.5906697195
1860,-179665.26139882064
1861,-179646.24073551115
1862,-179119.15966924958
1863,-179217.31690736103
1864,-179428.73099900654
1865,-179309.23294185902
1866,-179665.26139882064
1867,-179642.2544220002
1868,-179165.46619627826
1869,-179189.21051084824
1870,-179451.35882424627
1871,-179275.13692696794
1872,-179665.26139882064
1873,-179638.3586532457
1874,-179015.98236804924
1875,-179175.2158825118
1876,-179444.99939544618
1877,-179301.27941976648
1878,-179665.26139882064
1879,-179637.63986635525
1880,-179169.70896234704
1881,-178952.76513018395
1882,-179378.05166718343
1883,-179292.61426556224
1884,-179665.26139882064
1885,-179643.43132057518
1886,-179328.2621128359
1887,-179036.89999489352
1888,-179430.76429348136
1889,-179335.6143306777
1890,-179665.26139882064
1891,-179647.10198223684
1892,-179308.40998513592
1893,-179071.67112710368
1894,-179427.09685946422
1895,-179338.03541839198
1896,-179665.26139882064
1897,-179648.56457365074
1898,-179293.8377504906
1899,-178864.51552718366
1900,-179394.05878906115
1901,-179408.08240346547
1902,-179665.26139882064
1903,-179649.10449498522
1904,-179275.57810732577
1905,-178966.03917540537
1906,-179347.63608624463
1907,-179405.21761698707
1908,-179665.26139882064
1909,-179649.20938254
1910,-179269.55928558446
1911,-179060.71651268742
1912,-179337.74666202327
1913,-179389.10269614242
1914,-179665.26139882064
1915,-179646.9529975667
1916,-179331.6437828259
1917,-179168.7326879883
1918,-179352.80020890935
1919,-179393.7624707403
1920,-179665.26139882064
1921,-179643.478100575
1922,-179283.65160715536
1923,-179099.0546069346
1924,-179361.95865325132
1925,-179342.74008219197
1926,-179665.26139882064
1927,-179643.89532680289
1928,-179143.79089718556
1929,-178839.3234733767
1930,-179255.40289026537
1931,-179338.89443993868
1932,-179665.26139882064
1933,-179647.7615111842
1934,-178824.19204991174
1935,-178822.05830014078
1936,-179363.48497609067
1937,-179388.38279247197
1938,-179665.26139882064
1939,-179649.51398121635
1940,-178795.39255495463
1941,-178517.76865622913
1942,-179359.09394421533
1943,-179357.23931434134
1944,-179665.26139882064
1945,-179648.90845596863
1946,-178888.53481189808
1947,-178830.14801084614
1948,-179355.62711900586
1949,-179143.8994416266
1950,-179665.26139882064
1951,-179648.057049545
1952,-178846.2289532086
1953,-179176.39251956937
1954,-179333.57003500452
1955,-179205.40065198112
1956,-179665.26139882064
1957,-179647.5673978683
1958,-179120.7282732441
1959,-179201.91972948864
1960,-179387.20522934062
1961,-179240.10432894938
1962,-179665.26139882064
1963,-179646.84258855105
1964,-179234.16542183643
1965,-179154.57631576902
1966,-179377.64654308092
1967,-179260.28112330934
1968,-179665.26139882064
1969,-179645.9550839191
1970,-179289.67480937915
1971,-179277.83938330106
1972,-179289.76252171505
1973,-179235.0118590142
1974,-179665.26139882064
1975,-179644.48373728208
1976,-179330.47266867524
1977,-179319.54569083985
1978,-179317.82993754157
1979,-179289.63302499297
1980,-179665.26139882064
1981,-179642.62752906675
1982,-179333.63619454738
1983,-179338.81263595723
1984,-179341.84590213507
1985,-179162.77674491712
1986,-179665.26139882064
1987,-179643.96704232378
1988,-179338.65501724993
1989,-179239.6706648374
1990,-179340.01582802224
1991,-179190.3668094908
1992,-179665.26139882064
1993,-179645.60146816878
1994,-179328.96645728484
1995,-179195.71614733498
1996,-179308.67063272247
1997,-179138.21082811378
1998,-179665.26139882064
1999,-179641.52290410077
2000,-179368.3929339099
2001,-179279.445317279
2002,-179341.87873040963
2003,-179122.3986458052
2004,-179665.26139882064
2005,-179641.74811121644
2006,-179384.6692114851
2007,-179317.60550415778
2008,-179372.1041458024
2009,-179087.14617332758
2010,-179665.26139882064
2011,-179641.12917031304
2012,-179198.06231804605
2013,-179398.43548299524
2014,-179366.92252853405
2015,-178905.51721222737
2016,-179665.26139882064
2017,-179638.4653286821
2018,-179127.37764147148
2019,-179321.53807883878
2020,-179169.15191114327
2021,-179199.11716553135
2022,-179665.26139882064
2023,-179634.40304251126
2024,-179233.77108026217
2025,-179342.73989188139
2026,-179172.90080709275
2027,-179196.56975488111
2028,-179665.26139882064
2029,-179630.22304907936
2030,-179319.9918706533
2031,-179341.51286032374
2032,-179095.01450622076
2033,-179317.41260477938
2034,-179665.26139882064
2035,-179630.76888260682
2036,-179360.43908021302
2037,-179370.50529777372
2038,-178904.8619966552
2039,-179289.83805551287
2040,-179665.26139882064
2041,-179634.23154274691
2042,-179298.00982404363
2043,-179363.53743888738
2044,-179099.18595486393
2045,-179357.7232662532
2046,-179665.26139882064
2047,-179632.47260290576
2048,-179298.15695430952
2049,-179302.50185366275
2050,-178896.98220518118
2051,-179362.72766632942
2052,-179665.26139882064
2053,-179626.20179203915
2054,-179338.90308709338
2055,-179340.23566784224
2056,-179317.26034106023
2057,-179375.6841996361
2058,-179665.26139882064
2059,-179621.5074066941
2060,-179168.61342499242
2061,-179392.73423168564
2062,-179329.7734727954
2063,-179371.2096455335
2064,-179665.26139882064
2065,-179616.6629013076
2066,-179051.32665741447
2067,-179332.84255855772
2068,-179292.95289075765
2069,-179349.29803733816
2070,-179665.26139882064
2071,-179607.66282227833
2072,-179104.8410532915
2073,-179208.43461229344
2074,-179318.92107522837
2075,-179353.0081143671
2076,-179665.26139882064
2077,-179597.20857744908
2078,-179033.1448791414
2079,-178901.20549720776
2080,-179349.5978048845
2081,-179333.99904185813
2082,-179665.26139882064
2083,-179587.21185111487
2084,-178984.36139954804
2085,-179388.683688208
2086,-179310.55989582537
2087,-179334.63366441533
2088,-179665.26139882064
2089,-179573.85233182082
2090,-179027.65641982396
2091,-179313.20114112605
2092,-178816.2068849582
2093,-179347.72971883696
2094,-179665.26139882064
2095,-179560.7856007359
2096,-179073.7996792487
2097,-179260.83029786104
2098,-178558.3922826353
2099,-179370.4632365975
2100,-179665.26139882064
2101,-179531.8868866637
2102,-179053.8422187607
2103,-179428.58488640512
2104,-179142.35803582933
2105,-179383.54563345865
2106,-179665.26139882064
2107,-179507.8248343449
2108,-179305.39123561222
2109,-179442.0082314018
2110,-179312.5116465364
2111,-179354.9970089456
2112,-179665.26139882064
2113,-179495.83606580598
2114,-179218.2040729888
2115,-179453.12276377509
2116,-179351.46485453646
2117,-179428.0805237809
2118,-179665.26139882064
2119,-179474.3625122476
2120,-179184.70380087278
2121,-179472.07991472626
2122,-179342.6815064802
2123,-179419.1099089588
2124,-179665.26139882064
2125,-179463.6980930756
2126,-179095.3256290058
2127,-179474.80126575663
2128,-179333.949847988
2129,-179413.63371205959
2130,-179665.26139882064
2131,-179442.26589915235
2132,-179011.08808392385
2133,-179462.62333079334
2134,-179349.782928513
2135,-179421.51157904297
2136,-179665.26139882064
2137,-179428.10863197
2138,-179130.451429916
2139,-179443.82848703896
2140,-179351.88806931855
2141,-179400.65462651334
2142,-179665.26139882064
2143,-179432.44395715915
2144,-179116.63711718027
2145,-179446.51820791175
2146,-179284.86405226353
2147,-179394.18006633624
2148,-179665.26139882064
2149,-179440.01350149242
2150,-178361.95939496954
2151,-179380.5973618706
2152,-179279.6276518071
2153,-179385.12399646748
2154,-179665.26139882064
2155,-179458.2450765725
2156,-178362.60618673326
2157,-179212.93486012734
2158,-179262.65473461495
2159,-179374.65671562284
2160,-179665.26139882064
2161,-179480.91906151082
2162,-178181.5614564431
2163,-178911.00022730703
2164,-179247.56388693102
2165,-179339.15091716568
2166,-179665.26139882064
2167,-179494.9277089883
2168,-178431.8831923365
2169,-178779.83873320438
2170,-179083.54857894254
2171,-179341.7334179916
2172,-179665.26139882064
2173,-179505.23679146863
2174,-178949.77450355788
2175,-179123.67096304224
2176,-179103.0262909583
2177,-179347.41120423397
2178,-179665.26139882064
2179,-179505.92941822598
2180,-179095.84797654895
2181,-179278.55700674615
2182,-179063.56388495932
2183,-179403.628046325
2184,-179665.26139882064
2185,-179515.3136498024
2186,-179157.99470526833
2187,-179321.39801077705
2188,-178909.09837007176
2189,-179402.3378217748
2190,-179665.26139882064
2191,-179514.25717214495
2192,-179192.1449457526
2193,-179389.96336964867
2194,-178938.78624156126
2195,-179387.36354988412
2196,-179665.26139882064
2197,-179507.83025696655
2198,-179215.77346324452
2199,-179397.14936771922
2200,-179097.23597529763
2201,-179363.49049919637
2202,-179665.26139882064
2203,-179504.59414897626
2204,-179238.47395988714
2205,-179422.8634410077
2206,-179115.86884352422
2207,-179385.40424150293
2208,-179665.26139882064
2209,-179507.73598027922
2210,-179200.47177072332
2211,-179439.55149033357
2212,-179155.62840071073
2213,-179408.39768065952
2214,-179665.26139882064
2215,-179498.9525273688
2216,-179211.02582465668
2217,-179431.90228797455
2218,-179242.14138696052
2219,-179401.13937976028
2220,-179665.26139882064
2221,-179493.86160220337
2222,-179204.2252836395
2223,-179396.64802420748
2224,-179355.21579567078
2225,-179403.9013395495
2226,-179665.26139882064
2227,-179501.1386184365
2228,-179303.7876349429
2229,-179354.12105289672
2230,-179367.34084354131
2231,-179427.2333980371
2232,-179665.26139882064
2233,-179506.07928566824
2234,-179827.59811510172
2235,-179368.48886743406
2236,-179369.66314948784
2237,-179404.78644925376
2238,-179665.26139882064
2239,-179504.22631139247
2240,-179310.90895084463
2241,-179216.92465066735
2242,-179360.13129331818
2243,-179359.4177250616
2244,-179665.26139882064
2245,-179512.30588471622
2246,-179235.57567246957
2247,-179290.1786080953
2248,-179333.86927036475
2249,-179327.62460366893
2250,-179665.26139882064
2251,-179544.31845559992
2252,-179224.20213758893
2253,-179038.3401243195
2254,-179289.80771123953
2255,-179368.99719566904
2256,-179665.26139882064
2257,-179550.429928942
2258,-179300.46460379267
2259,-179432.3828905469
2260,-179343.0760663334
2261,-179376.8367231127
2262,-179665.26139882064
2263,-179555.9520779082
2264,-179330.55989720556
2265,-179440.4881525403
2266,-179369.63901278685
2267,-179325.7052433
2268,-179665.26139882064
2269,-179552.73005196842
2270,-179408.52998933854
2271,-179410.35271972706
2272,-179374.9853097744
2273,-179376.35057578853
2274,-179665.26139882064
2275,-179568.3285207375
2276,-179313.23817979608
2277,-179384.2857369233
2278,-179348.54744077683
2279,-179441.4965459767
2280,-179665.26139882064
2281,-179585.02378572704
2282,-179233.56039428376
2283,-179297.83152802373
2284,-179374.3403839175
2285,-179416.466148029
2286,-179665.26139882064
2287,-179586.17332276143
2288,-179328.30133355936
2289,-179327.87689082336
2290,-179347.48472070423
2291,-179396.6317968149
2292,-179665.26139882064
2293,-179578.82338497738
2294,-179254.69128291993
2295,-179393.23403055922
2296,-179348.8560496656
2297,-179415.64115570605
2298,-179665.26139882064
2299,-179578.29112675827
2300,-179231.2236851615
2301,-179388.32272994475
2302,-179343.70554371472
2303,-179362.36311992374
2304,-179665.26139882064
2305,-179572.43528275212
2306,-179188.19164171524
2307,-179351.38441639114
2308,-179279.78634500114
2309,-179345.84836525415
2310,-179665.26139882064
2311,-179554.0124000738
2312,-179348.27768246844
2313,-179349.68973312137
2314,-179060.70057161612
2315,-179277.15084719064
2316,-179665.26139882064
2317,-179517.68493145765
2318,-179275.1669496704
2319,-179265.84887397778
2320,-179233.56999719428
2321,-179351.6083801044
2322,-179665.26139882064
2323,-179526.1844435685
2324,-179244.5372182735
2325,-179263.4587498072
2326,-179303.8411194861
2327,-179398.4533454473
2328,-179665.26139882064
2329,-179530.21313036355
2330,-179248.56876946025
2331,-179301.2818147317
2332,-179310.14865391742
2333,-179431.0965551586
2334,-179665.26139882064
2335,-179536.35470292022
2336,-178819.4373242229
2337,-179230.77124141812
2338,-179311.98523491452
2339,-179429.8825622247
2340,-179665.26139882064
2341,-179566.51089383446
2342,-178643.5781897672
2343,-179147.71252817853
2344,-179290.342008257
2345,-179391.43178363118
2346,-179665.26139882064
2347,-179571.30046761117
2348,-179190.95327707203
2349,-179086.5316551641
2350,-179296.99022251376
2351,-179388.0077221599
2352,-179665.26139882064
2353,-179566.33173087655
2354,-179317.3202951183
2355,-178554.42259786386
2356,-179281.36226179378
2357,-179420.4720858668
2358,-179665.26139882064
2359,-179564.5353958126
2360,-179298.3199558241
2361,-178542.57370249496
2362,-179308.80410608085
2363,-179431.10697835154
2364,-179665.26139882064
2365,-179570.65648927537
2366,-179301.01880958656
2367,-178858.59628581163
2368,-179304.2502675976
2369,-179412.4497949414
2370,-179665.26139882064
2371,-179569.65281668244
2372,-179325.59115809068
2373,-178908.9795140309
2374,-179315.63000244234
2375,-179411.43944624026
2376,-179665.26139882064
2377,-179566.31964398717
2378,-179327.3421065709
2379,-179116.9530645108
2380,-179340.9329907721
2381,-179408.85489507738
2382,-179665.26139882064
2383,-179562.77710717468
2384,-179368.18132430283
2385,-179174.03901462606
2386,-179365.13825756407
2387,-179403.55572645116
2388,-179665.26139882064
2389,-179573.8275173204
2390,-179331.99780025566
2391,-179133.71453611512
2392,-179296.76408522675
2393,-179410.78798533505
2394,-179665.26139882064
2395,-179578.78083616606
2396,-179293.4614571453
2397,-179245.4234474164
2398,-179316.23465223482
2399,-179410.62493522343
2400,-179665.26139882064
2401,-179576.6456336813
2402,-179240.16327583374
2403,-179097.12478837903
2404,-179284.74477240915
2405,-179418.21819305597
2406,-179665.26139882064
2407,-179577.28173849275
2408,-179090.0172152254
2409,-179254.09122808062
2410,-179143.80849889826
2411,-179387.58280526483
2412,-179665.26139882064
2413,-179572.80111042582
2414,-179082.6448110352
2415,-179222.39793598224
2416,-179073.6976626671
2417,-179411.25907426787
2418,-179665.26139882064
2419,-179572.10350511887
2420,-179324.2445467509
2421,-179271.05402193114
2422,-179308.94941529492
2423,-179418.83360599406
2424,-179665.26139882064
2425,-179563.8938279745
2426,-179274.00771160048
2427,-179347.7049592519
2428,-179378.26664493207
2429,-179283.39077906022
2430,-179665.26139882064
2431,-179554.69484825034
2432,-179242.9401799963
2433,-179290.364487099
2434,-179390.4360833246
2435,-179322.361009812
2436,-179665.26139882064
2437,-179550.43673046734
2438,-179264.29958422607
2439,-179232.866682169
2440,-179405.574476888
2441,-179417.52346538115
2442,-179665.26139882064
2443,-179578.10665120848
2444,-179254.29866607135
2445,-179288.60735279822
2446,-179361.50044272598
2447,-179426.08555003998
2448,-179665.26139882064
2449,-179591.0350825066
2450,-179311.23209258023
2451,-179276.47435127644
2452,-179415.99027370242
2453,-179409.35496016077
2454,-179665.26139882064
2455,-179599.49600904924
2456,-179340.22740298844
2457,-179290.73551052058
2458,-179424.65293753022
2459,-179402.19362218032
2460,-179665.26139882064
2461,-179603.8876255604
2462,-179292.2750438606
2463,-179305.4940532339
2464,-179434.41922142648
2465,-179389.44023452952
2466,-179665.26139882064
2467,-179600.96151624527
2468,-179300.63933919335
2469,-179348.34655914822
2470,-179415.3801365563
2471,-179408.0303603137
2472,-179665.26139882064
2473,-179600.35055477679
2474,-179206.29476656736
2475,-179335.9740200588
2476,-179292.9085416586
2477,-179334.0123034984
2478,-179665.26139882064
2479,-179606.6680031253
2480,-179199.28810468403
2481,-179324.09946739144
2482,-179021.2425584313
2483,-179304.2126818104
2484,-179665.26139882064
2485,-179610.0200043293
2486,-178973.32856225647
2487,-179301.00327792217
2488,-179191.9716993555
2489,-179298.9128866329
2490,-179665.26139882064
2491,-179592.24495105597
2492,-179315.33804016863
2493,-179388.87935489265
2494,-179305.3987426258
2495,-179353.74699331485
2496,-179665.26139882064
2497,-179591.2441276984
2498,-179273.4927789376
2499,-179406.92919125635
2500,-179332.05605790665
2501,-179385.44332525204
2502,-179665.26139882064
2503,-179602.9898848508
2504,-179371.61720330498
2505,-179380.73928645288
2506,-179289.8393449996
2507,-179388.74111878403
2508,-179665.26139882064
2509,-179606.4302969907
2510,-179324.23400374246
2511,-179415.01690942975
2512,-179320.1739287167
2513,-179345.49456087904
2514,-179665.26139882064
2515,-179607.55706952882
2516,-179405.7602305004
2517,-179380.17624988625
2518,-179389.105853296
2519,-179285.95276481303
2520,-179665.26139882064
2521,-179608.06678646494
2522,-179401.85331391473
2523,-179416.07526565442
2524,-179375.01622293645
2525,-179107.48461795776
2526,-179665.26139882064
2527,-179608.37465787973
2528,-179274.65272671828
2529,-179421.48443281814
2530,-179299.0409575437
2531,-179159.75408372754
2532,-179665.26139882064
2533,-179610.99812892807
2534,-179211.74222781407
2535,-179416.14659518615
2536,-179242.8735125428
2537,-179225.29279736598
2538,-179665.26139882064
2539,-179613.49881860727
2540,-179319.7623965185
2541,-179371.9235386959
2542,-179217.5575852785
2543,-179274.77012145313
2544,-179665.26139882064
2545,-179611.06132231635
2546,-179206.57518654744
2547,-179364.51042073205
2548,-179166.19943146504
2549,-179369.7519964824
2550,-179665.26139882064
2551,-179607.67521538056
2552,-179206.49414264897
2553,-179369.77725871088
2554,-179150.89591512637
2555,-179371.89502651186
2556,-179665.26139882064
2557,-179604.30971624557
2558,-179253.5420601617
2559,-179382.36171189323
2560,-179216.91477377206
2561,-179371.05000576476
2562,-179665.26139882064
2563,-179597.1098736043
2564,-179238.03100278377
2565,-179391.9506419812
2566,-179265.4698054119
2567,-179399.86654856894
2568,-179665.26139882064
2569,-179604.8546046073
2570,-179302.1381795687
2571,-179408.06306655557
2572,-179260.85271445825
2573,-179415.9743444613
2574,-179665.26139882064
2575,-179604.4634734441
2576,-179306.32516348752
2577,-179402.951281703
2578,-179269.99943544733
2579,-179411.45284047033
2580,-179665.26139882064
2581,-179601.6249552919
2582,-179249.20861279668
2583,-179370.79197806926
2584,-179216.43867674333
2585,-179433.2618234407
2586,-179665.26139882064
2587,-179596.5411698697
2588,-179261.0856025762
2589,-179223.46640918142
2590,-179191.56639081045
2591,-179262.51356596383
2592,-179665.26139882064
2593,-179587.323516805
2594,-179237.88700588178
2595,-179255.60716831006
2596,-179333.128443093
2597,-179432.72630385245
2598,-179665.26139882064
2599,-179580.07947166843
2600,-179283.86718233878
2601,-179205.1339249903
2602,-179391.36354877183
2603,-179437.18383061682
2604,-179665.26139882064
2605,-179569.16467147658
2606,-179288.37384065957
2607,-179219.3520757828
2608,-179390.93397176056
2609,-179422.7355443309
2610,-179665.26139882064
2611,-179561.9159009878
2612,-179215.1177270472
2613,-179199.66137869388
2614,-179372.92159036302
2615,-179387.8220386123
2616,-179665.26139882064
2617,-179561.0744403665
2618,-179193.70743445953
2619,-179218.33690142448
2620,-179373.99472234322
2621,-179318.83475983085
2622,-179665.26139882064
2623,-179559.03435551893
2624,-179075.5086017365
2625,-179287.43436001864
2626,-179388.6893228102
2627,-179133.25872835497
2628,-179665.26139882064
2629,-179556.75043406873
2630,-179022.20570229396
2631,-179320.40183265487
2632,-179349.4101913189
2633,-179296.46717379589
2634,-179665.26139882064
2635,-179538.63871726237
2636,-178411.50757584593
2637,-179317.3693464028
2638,-179342.89660448598
2639,-179213.9361017589
2640,-179665.26139882064
2641,-179503.6159775378
2642,-178377.76121311059
2643,-179288.9577033431
2644,-179200.30116113357
2645,-179215.05546154268
2646,-179665.26139882064
2647,-179401.2015879651
2648,-178332.82437812386
2649,-179295.91777998518
2650,-179188.95556078048
2651,-179206.83254425498
2652,-179665.26139882064
2653,-179244.27381503378
2654,-179116.45052407525
2655,-179342.16318871474
2656,-179280.43257156078
2657,-179256.74948921008
2658,-179665.26139882064
2659,-179393.19784112324
2660,-179205.1195695425
2661,-179385.7881593686
2662,-179348.42494810815
2663,-179297.24612928324
2664,-179665.26139882064
2665,-179513.44403709497
2666,-179271.25165950367
2667,-179393.72961211775
2668,-179376.36857423373
2669,-179363.08493193844
2670,-179665.26139882064
2671,-179545.56478522136
2672,-179336.01290107775
2673,-179360.20951913344
2674,-179384.682881765
2675,-179381.73868477152
2676,-179665.26139882064
2677,-179569.69392634617
2678,-179346.4600713686
2679,-179353.1367776015
2680,-179385.5741550597
2681,-179382.28936659815
2682,-179665.26139882064
2683,-179564.36168665026
2684,-179338.6335757982
2685,-179392.61857995501
2686,-179299.7218491583
2687,-179370.7753032356
2688,-179665.26139882064
2689,-179574.78339787677
2690,-179377.35108927527
2691,-179368.74770168
2692,-179257.53434634637
2693,-179348.23083580955
2694,-179665.26139882064
2695,-179567.43967219035
2696,-179305.35150357828
2697,-179347.75149319903
2698,-179308.88764372285
2699,-179361.715215432
2700,-179665.26139882064
2701,-179542.50676946723
2702,-179183.25733566945
2703,-179326.05034270414
2704,-179379.92114206357
2705,-179324.3744614752
2706,-179665.26139882064
2707,-179526.62808645738
2708,-179202.36778816098
2709,-179317.82493388906
2710,-179376.36883616346
2711,-179355.82160645354
2712,-179665.26139882064
2713,-179524.00637933597
2714,-179187.21622382378
2715,-179328.87632085817
2716,-179374.14534997827
2717,-179373.07326537438
2718,-179665.26139882064
2719,-179500.73680188888
2720,-179155.95027644478
2721,-179348.52659082867
2722,-179369.22586226233
2723,-179281.47698793106
2724,-179665.26139882064
2725,-179457.6655790501
2726,-179116.6118962493
2727,-179344.55420512217
2728,-179356.57728163907
2729,-179253.86720664002
2730,-179665.26139882064
2731,-179398.08193143064
2732,-179028.75899835888
2733,-179331.84507281397
2734,-179337.1288360453
2735,-178990.67021458194
2736,-179665.26139882064
2737,-179444.54512255843
2738,-178780.06961659444
2739,-179353.08871244427
2740,-179338.05843029305
2741,-179177.2067640427
2742,-179665.26139882064
2743,-179401.93813465777
2744,-178821.1307228379
2745,-179322.52562686978
2746,-179321.2679354751
2747,-179313.7122237501
2748,-179665.26139882064
2749,-179400.24796282905
2750,-178928.73651097095
2751,-179313.40666988425
2752,-179327.5534191595
2753,-179363.37728728494
2754,-179665.26139882064
2755,-179370.0615245023
2756,-179159.46213372744
2757,-179302.22621526592
2758,-179361.65133331605
2759,-179347.31552979976
2760,-179665.26139882064
2761,-179359.23059227914
2762,-179173.77887068703
2763,-179295.3512664423
2764,-179354.99637106384
2765,-179370.22302829678
2766,-179665.26139882064
2767,-179382.1031029368
2768,-179303.94086940866
2769,-179318.0673462535
2770,-179372.79750561062
2771,-179367.60832960188
2772,-179665.26139882064
2773,-179399.19242479422
2774,-179198.1721405745
2775,-179346.55503065247
2776,-179374.72871690255
2777,-179352.79007324646
2778,-179665.26139882064
2779,-179409.23043084852
2780,-179155.06919220422
2781,-179328.87085566137
2782,-179358.48108735617
2783,-179354.43746090104
2784,-179665.26139882064
2785,-179285.56942776564
2786,-179060.98693402024
2787,-179311.06383510015
2788,-179376.84799276842
2789,-179317.84809581138
2790,-179665.26139882064
2791,-179282.11674004426
2792,-179105.256335944
2793,-179313.7437971557
2794,-179401.16501939463
2795,-179374.2664251937
2796,-179665.26139882064
2797,-179276.55168022728
2798,-179079.22956574985
2799,-179288.94183586902
2800,-179387.91262589715
2801,-179355.08978438593
2802,-179665.26139882064
2803,-179242.49876505396
2804,-179224.75971920553
2805,-179266.81930523252
2806,-179382.80718818
2807,-179301.95938404943
2808,-179665.26139882064
2809,-179225.52421639455
2810,-179265.66120545988
2811,-179285.05018124115
2812,-179375.67164649747
2813,-179371.33680294896
2814,-179665.26139882064
2815,-179160.66460544572
2816,-179297.91967284944
2817,-179300.44683282555
2818,-179363.945261392
2819,-179364.4237817339
2820,-179665.26139882064
2821,-179259.33923935294
2822,-179315.61540308112
2823,-179331.61868731354
2824,-179376.12634932794
2825,-179356.97293742182
2826,-179665.26139882064
2827,-179220.0853340837
2828,-179337.42326160063
2829,-179302.51776036705
2830,-179373.4607467682
2831,-179344.55569744678
2832,-179665.26139882064
2833,-179305.18637516012
2834,-179306.58500926726
2835,-179329.0338443634
2836,-179362.80172069126
2837,-179291.29362715682
2838,-179665.26139882064
2839,-179188.42712637386
2840,-179336.38087415742
2841,-179314.1578963393
2842,-179346.55145837573
2843,-179211.92712414873
2844,-179665.26139882064
2845,-179166.1267177045
2846,-179328.40491756343
2847,-179347.60400582931
2848,-179338.6677225
2849,-179233.55059698754
2850,-179665.26139882064
2851,-179110.16946096387
2852,-179378.87946539625
2853,-179359.26910744037
2854,-179305.28528334657
2855,-179271.78716074766
2856,-179665.26139882064
2857,-179107.137170268
2858,-179326.21114403472
2859,-179367.21271955242
2860,-179312.67305745892
2861,-179334.3047894248
2862,-179665.26139882064
2863,-179152.1706688125
2864,-179258.89654130946
2865,-179362.7049889427
2866,-179319.7711081816
2867,-179352.86564054084
2868,-179665.26139882064
2869,-179113.83135287004
2870,-179316.539571676
2871,-179370.0092230998
2872,-179340.41162253273
2873,-179304.5424179243
2874,-179665.26139882064
2875,-178850.17186753926
2876,-179343.41943425362
2877,-179401.83533572708
2878,-179352.34850240455
2879,-179306.05114076982
2880,-179665.26139882064
2881,-178769.22835596942
2882,-179309.0919252309
2883,-179399.1996885968
2884,-179361.7454825347
2885,-179366.34061645408
2886,-179665.26139882064
2887,-178621.05040156143
2888,-179266.15492398728
2889,-179386.99987551247
2890,-179358.75255347008
2891,-179374.56685710498
2892,-179665.26139882064
2893,-178340.53956389398
2894,-179068.60898550565
2895,-179398.43935874916
2896,-179373.5170265546
2897,-179402.4810658289
2898,-179665.26139882064
2899,-178774.5476012967
2900,-178479.9080437125
2901,-179404.51839080578
2902,-179348.57062991094
2903,-179359.15432096898
2904,-179665.26139882064
2905,-178930.57395029778
2906,-178014.6153095436
2907,-179408.9119895649
2908,-179313.43216941078
2909,-179330.36766479525
2910,-179665.26139882064
2911,-178848.73024294284
2912,-178264.74640617758
2913,-179432.83167858858
2914,-179264.03471160578
2915,-179326.7515000013
2916,-179665.26139882064
2917,-178685.2191087903
2918,-178889.62924576364
2919,-179433.778394108
2920,-179288.83876437182
2921,-179394.41975163596
2922,-179665.26139882064
2923,-178880.19357516168
2924,-179105.13864661087
2925,-179435.5797539457
2926,-179335.7796127865
2927,-179305.58217912287
2928,-179665.26139882064
2929,-178736.72045707886
2930,-179033.0104775819
2931,-179373.7299942066
2932,-179299.7626937754
2933,-179317.4202673556
2934,-179665.26139882064
2935,-178533.72474553305
2936,-178932.59682578177
2937,-179402.72290080777
2938,-179253.69123353707
2939,-179321.27039817194
2940,-179665.26139882064
2941,-178794.73396791684
2942,-178693.68994755752
2943,-179385.77316930346
2944,-179270.17870483382
2945,-179254.10336726793
2946,-179665.26139882064
2947,-178871.6935641836
2948,-178398.00811466313
2949,-179300.69875629988
2950,-179306.75759335604
2951,-179291.44065284185
2952,-179665.26139882064
2953,-178730.70978985267
2954,-178604.84499968105
2955,-179263.3065533575
2956,-179281.65093262366
2957,-179178.31493143336
2958,-179665.26139882064
2959,-178687.65037922567
2960,-178988.10818949755
2961,-179288.17355201754
2962,-179280.00071601302
2963,-179003.66061947154
2964,-179665.26139882064
2965,-178712.9055288787
2966,-179166.64805817127
2967,-179309.39573021157
2968,-179269.92738267386
2969,-179112.72535958732
2970,-179665.26139882064
2971,-178807.998615869
2972,-179232.52691954377
2973,-179342.77109067986
2974,-179256.39520402797
2975,-179146.40805412308
2976,-179665.26139882064
2977,-179014.69111080168
2978,-179300.19307419885
2979,-179307.55286987766
2980,-179236.95299292039
2981,-179282.37826308966
2982,-179665.26139882064
2983,-179064.07270973726
2984,-179362.51693631723
2985,-179298.5705016871
2986,-179223.35127046207
2987,-179373.76831649116
2988,-179665.26139882064
2989,-179061.6057626525
2990,-179357.6846071961
2991,-179334.12257840383
2992,-179193.03984860342
2993,-179382.16776856422
2994,-179665.26139882064
2995,-179142.13244219864
2996,-179373.1595665272
2997,-179329.64903085795
2998,-179206.23304364638
2999,-179394.98140748963
3000,-179665.26139882064
3001,-179175.9794293212
3002,-179375.89899140876
3003,-179313.02277881835
3004,-179192.67807618
3005,-179352.23253085403
3006,-179665.26139882064
3007,-179109.06807769052
3008,-179357.61660405813
3009,-179304.85911221444
3010,-179184.1330806648
3011,-179325.77883496165
3012,-179665.26139882064
3013,-179112.1746489706
3014,-179375.97050751725
3015,-179351.61349615178
3016,-179174.5271163929
3017,-179348.2719617865
3018,-179665.26139882064
3019,-178988.75962940374
3020,-179275.20704638193
3021,-179248.34575929955
3022,-179236.1240518367
3023,-179373.22454283191
3024,-179665.26139882064
3025,-179022.30477276017
3026,-179224.92508262105
3027,-179169.98890561753
3028,-179232.21005946468
3029,-179381.96913610498
3030,-179665.26139882064
3031,-178984.5027253023
3032,-179038.41844832146
3033,-179100.63872541947
3034,-179286.40779563237
3035,-179390.7782098257
3036,-179665.26139882064
3037,-179018.40598079248
3038,-178605.15423569828
3039,-179077.22398533122
3040,-179283.52649141982
3041,-179385.61299284588
3042,-179665.26139882064
3043,-178923.03801327827
3044,-178228.23031422877
3045,-179022.13202776897
3046,-179307.9527162031
3047,-179357.7935153695
3048,-179665.26139882064
3049,-178432.44891817527
3050,-178492.20194514756
3051,-178761.4554393489
3052,-179299.62380046202
3053,-179361.4731038659
3054,-179665.26139882064
3055,-177936.57162287773
3056,-178760.16772795032
3057,-178699.51129820984
3058,-179142.43101808496
3059,-179352.29399388097
3060,-179665.26139882064
3061,-178297.36936475555
3062,-178682.68382774503
3063,-178640.84992482731
3064,-179020.9923444211
3065,-179340.96051604775
3066,-179665.26139882064
3067,-178597.93360086734
3068,-178482.90781881902
3069,-178678.2783744866
3070,-179120.73610858072
3071,-179334.7244313462
3072,-179665.26139882064
3073,-178581.21491954592
3074,-178686.5592966887
3075,-178666.21174041118
3076,-179289.70079131803
3077,-179327.50378385812
3078,-179665.26139882064
3079,-178662.83681425676
3080,-178786.31557222106
3081,-178826.5854843687
3082,-179324.46551795196
3083,-179253.94919654954
3084,-179665.26139882064
3085,-178723.31587659192
3086,-178636.72930816427
3087,-178935.55929974286
3088,-179345.30996535232
3089,-179351.63343078073
3090,-179665.26139882064
3091,-178790.8781976994
3092,-178822.99835740533
3093,-178951.83474065564
3094,-179385.7984123976
3095,-179368.62014775636
3096,-179665.26139882064
3097,-178969.62441928755
3098,-178982.20538851776
3099,-178892.51239599468
3100,-179412.07689873697
3101,-179379.79248594947
3102,-179665.26139882064
3103,-178952.0979089534
3104,-179160.66358334027
3105,-179022.91734970344
3106,-179428.58683236074
3107,-179340.54552979357
3108,-179665.26139882064
3109,-178912.51277663172
3110,-179092.9594208451
3111,-179105.19896736057
3112,-179442.70776005223
3113,-179298.66083919242
3114,-179665.26139882064
3115,-178869.70731018626
3116,-179189.69741922812
3117,-179135.97146372113
3118,-179438.05676404416
3119,-179344.13855989065
3120,-179665.26139882064
3121,-178941.12643912906
3122,-179231.29455507308
3123,-179242.22517918845
3124,-179447.1517660493
3125,-179359.80794887792
3126,-179665.26139882064
3127,-179056.65142978658
3128,-179206.29975943334
3129,-179149.78524274068
3130,-179438.09681934753
3131,-179405.89204894862
3132,-179665.26139882064
3133,-179020.9238143223
3134,-179234.95365958608
3135,-179226.41121944113
3136,-179423.08399377545
3137,-179344.26159839684
3138,-179665.26139882064
3139,-179203.9555534209
3140,-179278.90892552104
3141,-179255.00154699586
3142,-179419.63142590097
3143,-179210.48954995046
3144,-179665.26139882064
3145,-179247.51019047582
3146,-179335.67097021284
3147,-179323.72724315454
3148,-179408.96237890652
3149,-179251.17034450278
3150,-179665.26139882064
3151,-179199.21990831703
3152,-179255.01067980198
3153,-179370.60116166717
3154,-179385.78888359113
3155,-179232.45185851605
3156,-179665.26139882064
3157,-179143.43561789987
3158,-178933.54379093528
3159,-179379.6570187228
3160,-179405.3060944325
3161,-179244.5424186568
3162,-179665.26139882064
3163,-179146.82326935278
3164,-178846.3405954546
3165,-179382.79831850328
3166,-179434.74145596352
3167,-179266.2767379838
3168,-179665.26139882064
3169,-179119.87755526288
3170,-178936.89580109503
3171,-179266.22438224993
3172,-179431.64937002977
3173,-179329.51758003674
3174,-179665.26139882064
3175,-179185.26234552934
3176,-179133.78536485866
3177,-179031.80129647668
3178,-179428.11557810789
3179,-179389.51524109844
3180,-179665.26139882064
3181,-179251.67974674486
3182,-179221.19798294964
3183,-179156.54686464407
3184,-179426.3437550979
3185,-179415.16617790243
3186,-179665.26139882064
3187,-179246.82050289266
3188,-179217.75245332267
3189,-179182.69997421614
3190,-179423.69140816678
3191,-179402.7751236206
3192,-179665.26139882064
3193,-179112.73153522157
3194,-179308.29728036752
3195,-179206.17563237454
3196,-179408.27982285188
3197,-179424.10975733327
3198,-179665.26139882064
3199,-178879.49344824775
3200,-179354.42540965346
3201,-179223.41334459314
3202,-179409.2263183575
3203,-179429.40743206267
3204,-179665.26139882064
3205,-178107.6942896783
3206,-179323.50599209208
3207,-179206.8230090607
3208,-179408.23452872603
3209,-179402.14308475345
3210,-179665.26139882064
3211,-178499.57026205186
3212,-179376.6615455257
3213,-179156.15430695174
3214,-179425.58753865428
3215,-179359.39884777673
3216,-179665.26139882064
3217,-178652.9411058832
3218,-179384.99179632418
3219,-179182.732450976
3220,-179410.54910858898
3221,-179350.31909429486
3222,-179665.26139882064
3223,-178594.8007084883
3224,-179368.4408872624
3225,-179315.5865774392
3226,-179428.23907462976
3227,-179379.94979732062
3228,-179665.26139882064
3229,-178051.19941720704
3230,-179385.04286476152
3231,-179354.6568088601
3232,-179426.0798189523
3233,-179406.24427547923
3234,-179665.26139882064
3235,-177884.48854132782
3236,-179423.80330540295
3237,-179363.62534740462
3238,-179443.13796090079
3239,-179357.45367430354
3240,-179665.26139882064
3241,-178056.17413699089
3242,-179412.80673505325
3243,-179328.98674610475
3244,-179433.58948778344
3245,-179352.26137393116
3246,-179665.26139882064
3247,-178263.84136076327
3248,-179402.02384229348
3249,-179209.71277365187
3250,-179442.26113567
3251,-179329.50166772233
3252,-179665.26139882064
3253,-178573.29233178467
3254,-179392.2537077875
3255,-179064.95530925022
3256,-179444.7362549339
3257,-179340.85381049837
3258,-179665.26139882064
3259,-178476.48456638528
3260,-179335.39237273732
3261,-178820.9458445163
3262,-179436.17979899616
3263,-179359.4982567424
3264,-179665.26139882064
3265,-178882.8977002657
3266,-179336.2359293032
3267,-178750.63587778632
3268,-179437.62646262752
3269,-179376.55786892583
3270,-179665.26139882064
3271,-179127.64946439344
3272,-179340.13569311152
3273,-178885.2650394839
3274,-179432.89720010656
3275,-179392.32178548933
3276,-179665.26139882064
3277,-179133.21056461535
3278,-179360.75742295256
3279,-178899.1993321783
3280,-179442.74285108616
3281,-179363.08212311027
3282,-179665.26139882064
3283,-179063.7462070681
3284,-179382.7706905389
3285,-178958.20800120806
3286,-179445.92781147803
3287,-179345.907283587
3288,-179665.26139882064
3289,-179112.4265100998
3290,-179360.68234997432
3291,-178982.38244347743
3292,-179444.92770475164
3293,-179377.43710358848
3294,-179665.26139882064
3295,-179065.94350050445
3296,-179323.7216088013
3297,-179114.70096512
3298,-179410.41395193047
3299,-179371.19837789735
3300,-179665.26139882064
3301,-179021.1843550664
3302,-179299.4222631438
3303,-179169.16093395982
3304,-179411.29805864074
3305,-179352.64166060818
3306,-179665.26139882064
3307,-179036.65128423856
3308,-179255.88406052548
3309,-179208.19503964818
3310,-179381.64990603298
3311,-179355.59570926375
3312,-179665.26139882064
3313,-179115.56134951347
3314,-179170.22778311666
3315,-179274.63614465
3316,-179375.1910800071
3317,-179354.7150562253
3318,-179665.26139882064
3319,-179119.45892055958
3320,-179187.04509651277
3321,-179303.820584015
3322,-179391.8472613705
3323,-179365.0595809121
3324,-179665.26139882064
3325,-179120.91984416658
3326,-179244.31257912036
3327,-179202.93481395612
3328,-179333.681523961
3329,-179379.71082008712
3330,-179665.26139882064
3331,-179111.26737707053
3332,-179110.667489096
3333,-179272.21708768446
3334,-179242.31130038513
3335,-179355.69313364406
3336,-179665.26139882064
3337,-178987.1160665953
3338,-179230.80505253482
3339,-179284.18546738767
3340,-179248.0438401866
3341,-179302.06971727146
3342,-179665.26139882064
3343,-179062.2313521118
3344,-179245.38108866737
3345,-179301.9885393363
3346,-179299.8911047929
3347,-179360.2666415894
3348,-179665.26139882064
3349,-179020.32144745244
3350,-179315.69714112152
3351,-179324.36649643257
3352,-179246.1765760118
3353,-179372.355394949
3354,-179665.26139882064
3355,-179182.19179090817
3356,-179314.6736421598
3357,-179321.64612338974
3358,-179228.50817225914
3359,-179396.85073224443
3360,-179665.26139882064
3361,-179066.09595494554
3362,-179249.22022858541
3363,-179337.18694904895
3364,-179265.11440546083
3365,-179410.86445971558
3366,-179665.26139882064
3367,-179114.65394435156
3368,-179313.476809961
3369,-179368.84942408378
3370,-179299.70685894752
3371,-179391.8574302615
3372,-179665.26139882064
3373,-179141.2701782089
3374,-179274.41728704164
3375,-179400.03825182866
3376,-179348.5353974882
3377,-179367.64030799593
3378,-179665.26139882064
3379,-179098.01508044795
3380,-179281.3836349021
3381,-179419.2584301647
3382,-179362.79726682746
3383,-179373.9040777084
3384,-179665.26139882064
3385,-179219.54479512724
3386,-179321.95972707757
3387,-179399.17468308532
3388,-179349.9328768097
3389,-179394.34469914946
3390,-179665.26139882064
3391,-179228.32590153482
3392,-179291.0731336158
3393,-179361.25239911498
3394,-179321.17554885897
3395,-179397.1234051614
3396,-179665.26139882064
3397,-179244.4235004123
3398,-179239.65937105336
3399,-179376.27051570895
3400,-179323.44312805354
3401,-179390.80090390242
3402,-179665.26139882064
3403,-179149.76724876976
3404,-179113.1981762454
3405,-179355.18141737653
3406,-179323.84596461113
3407,-179352.09946972132
3408,-179665.26139882064
3409,-179171.38109051654
3410,-179276.12472200888
3411,-179337.64916454122
3412,-179326.13438574178
3413,-179333.5971338383
3414,-179665.26139882064
3415,-179205.88372427042
3416,-179196.44056335688
3417,-179328.41573585625
3418,-179343.3197560647
3419,-179331.67191944836
3420,-179665.26139882064
3421,-179221.36236772686
3422,-179180.40769451536
3423,-179345.93334487887
3424,-179360.39654025462
3425,-179360.9183786521
3426,-179665.26139882064
3427,-179138.9719135955
3428,-179265.8114447169
3429,-179306.76302422344
3430,-179326.44792700233
3431,-179391.71838188384
3432,-179665.26139882064
3433,-179179.2779584544
3434,-179218.85255958428
3435,-179297.88734041378
3436,-179288.04836884936
3437,-179405.20078271464
3438,-179665.26139882064
3439,-179114.42494345552
3440,-179238.47700940564
3441,-179216.16440542456
3442,-179355.06874266957
3443,-179382.2653683207
3444,-179665.26139882064
3445,-179146.42158042474
3446,-179280.31641408813
3447,-179228.58054947847
3448,-179376.51413558677
3449,-179335.83356156936
3450,-179665.26139882064
3451,-179128.63662107938
3452,-179304.6354613655
3453,-179316.9484831707
3454,-179382.10383656374
3455,-179366.87764867072
3456,-179665.26139882064
3457,-179153.1297482022
3458,-179315.59261392854
3459,-179302.82475969367
3460,-179365.46163182924
3461,-179343.30750167277
3462,-179665.26139882064
3463,-179027.2022836755
3464,-179312.97784002894
3465,-179325.09471607965
3466,-179339.56037687176
3467,-179335.12184382026
3468,-179665.26139882064
3469,-178499.92993414516
3470,-179317.8641697164
3471,-179359.37768409122
3472,-179393.7653854944
3473,-179350.810352047
3474,-179665.26139882064
3475,-178254.32681303655
3476,-179314.00396605124
3477,-179372.93484969283
3478,-179416.5226344649
3479,-179371.2279887033
3480,-179665.26139882064
3481,-178479.2934090843
3482,-179339.5001464139
3483,-179334.90381446836
3484,-179410.45454121087
3485,-179384.1098555375
3486,-179665.26139882064
3487,-178889.27032405738
3488,-179379.65065801571
3489,-179367.34804400735
3490,-179377.29795145636
3491,-179404.8179261269
3492,-179665.26139882064
3493,-179086.73277646548
3494,-179390.71156492777
3495,-179291.89127455605
3496,-179395.94442599482
3497,-179403.00736121525
3498,-179665.26139882064
3499,-178952.31027918492
3500,-179347.36797695872
3501,-179306.68536509573
3502,-179368.73621191533
3503,-179388.6969258252
3504,-179665.26139882064
3505,-178922.9165813585
3506,-179344.6891540825
3507,-179349.3789676559
3508,-179366.1376826708
3509,-179378.17592703228
3510,-179665.26139882064
3511,-179192.19764969414
3512,-179340.04548314723
3513,-179400.92031836577
3514,-179355.79526378517
3515,-179384.7767554985
3516,-179665.26139882064
3517,-179165.92209893608
3518,-179348.484975044
3519,-179373.83746067318
3520,-179338.9035756575
3521,-179376.70037087856
3522,-179665.26139882064
3523,-179120.98508356084
3524,-179297.06732573698
3525,-179411.9529674294
3526,-179314.68309881544
3527,-179357.88738603474
3528,-179665.26139882064
3529,-179139.60725564792
3530,-179273.09923024397
3531,-179413.12468259013
3532,-179335.5134040034
3533,-179385.75435766118
3534,-179665.26139882064
3535,-179113.92019094608
3536,-179278.0048278168
3537,-179431.29291281928
3538,-179347.14109879386
3539,-179393.3382979808
3540,-179665.26139882064
3541,-179132.98953058425
3542,-179310.52805447034
3543,-179443.3531544442
3544,-179353.28469282435
3545,-179340.53978624663
3546,-179665.26139882064
3547,-179207.6547894315
3548,-179338.31217366303
3549,-179423.256621794
3550,-179349.0746048911
3551,-179336.93866921443
3552,-179665.26139882064
3553,-179212.0598456734
3554,-179336.9902859745
3555,-179405.92901273927
3556,-179381.95978182062
3557,-179352.9233210107
3558,-179665.26139882064
3559,-179038.56118677626
3560,-179267.447895706
3561,-179403.09454223714
3562,-179379.59561298974
3563,-179335.95435685397
3564,-179665.26139882064
3565,-178994.8890616139
3566,-179232.88103386475
3567,-179393.35542372323
3568,-179383.27680694134
3569,-179383.20280768772
3570,-179665.26139882064
3571,-178803.08397310777
3572,-179193.47829520947
3573,-179309.69371603095
3574,-179387.2008048181
3575,-179373.79603875964
3576,-179665.26139882064
3577,-178802.57274597956
3578,-179217.64301140205
3579,-179129.28081862003
3580,-179388.98739605283
3581,-179396.8634058693
3582,-179665.26139882064
3583,-179040.4536347442
3584,-179232.89615142858
3585,-179141.90711620694
3586,-179374.16163903376
3587,-179400.92149440112
3588,-179665.26139882064
3589,-179101.64469321258
3590,-179207.09706472384
3591,-179207.42949313458
3592,-179379.24517345548
3593,-179391.07168687804
3594,-179665.26139882064
3595,-179086.03863962064
3596,-179178.88863858816
3597,-179275.0429055575
3598,-179370.17360437431
3599,-179386.05698730735
3600,-179665.26139882064
3601,-179184.86653199958
3602,-179262.55799188672
3603,-179324.61682399138
3604,-179381.0251319751
3605,-179381.3550862218
3606,-179665.26139882064
3607,-179081.50590680205
3608,-179269.18418981982
3609,-179342.77068256648
3610,-179355.50672331432
3611,-179383.78524057308
3612,-179665.26139882064
3613,-179003.46020301935
3614,-179169.57360145962
3615,-179392.09033806933
3616,-179311.49475276168
3617,-179392.11747726024
3618,-179665.26139882064
3619,-178992.858095661
3620,-178932.710336767
3621,-179389.64182389513
3622,-179209.545074563
3623,-179390.81599030676
3624,-179665.26139882064
3625,-179021.08223717217
3626,-179085.20158304687
3627,-179375.2821482173
3628,-179126.2056478783
3629,-179396.7667225227
3630,-179665.26139882064
3631,-178918.12417328067
3632,-178967.0746656875
3633,-179371.99753708288
3634,-179199.9084871685
3635,-179402.6202434944
3636,-179665.26139882064
3637,-178795.9850016511
3638,-178847.67344624238
3639,-179364.61758291887
3640,-179325.5891454316
3641,-179400.6793919335
3642,-179665.26139882064
3643,-178956.92459251964
3644,-178893.06117980197
3645,-179354.95993896027
3646,-179354.15214495754
3647,-179407.3152005904
3648,-179665.26139882064
3649,-179055.02698312612
3650,-178910.02983078308
3651,-179358.92040411843
3652,-179322.27600325397
3653,-179403.10073759823
3654,-179665.26139882064
3655,-179202.83143835652
3656,-178930.72012152377
3657,-179373.05894863658
3658,-179312.86082074424
3659,-179393.10853779793
3660,-179665.26139882064
3661,-179243.40466189513
3662,-179138.53809601764
3663,-179382.0792218196
3664,-179313.5122674098
3665,-179394.35176583088
3666,-179665.26139882064
3667,-179363.56886641952
3668,-179149.94881101017
3669,-179381.30091415418
3670,-179352.99901758888
3671,-179411.11920122488
3672,-179665.26139882064
3673,-179328.22760850913
3674,-179079.127169722
3675,-179395.49328769493
3676,-179347.341162734
3677,-179412.78751998075
3678,-179665.26139882064
3679,-179274.73186118493
3680,-178924.1249131073
3681,-179380.16132709268
3682,-179360.03405089807
3683,-179414.85396597662
3684,-179665.26139882064
3685,-179285.40589526942
3686,-179074.53154952932
3687,-179371.91162453906
3688,-179328.10003271417
3689,-179402.51352780976
3690,-179665.26139882064
3691,-179296.79646624628
3692,-179159.04304362764
3693,-179365.79570190754
3694,-179351.28344252208
3695,-179383.00322773773
3696,-179665.26139882064
3697,-179250.0314291665
3698,-179250.4326622845
3699,-179358.05192201858
3700,-179361.6809806625
3701,-179404.3251797571
3702,-179665.26139882064
3703,-179175.40622451273
3704,-179261.75453937228
3705,-179332.51170739374
3706,-179356.44575484848
3707,-179393.81976686962
3708,-179665.26139882064
3709,-179025.31836298492
3710,-179272.1746173047
3711,-179265.80452000943
3712,-179357.91575320438
3713,-179380.41260256234
3714,-179665.26139882064
3715,-179079.12137623582
3716,-179371.06771419774
3717,-179282.6750976879
3718,-179377.5166960529
3719,-179369.6987622313
3720,-179665.26139882064
3721,-179178.9795486943
3722,-179389.28179000958
3723,-179278.15584493804
3724,-179384.320667871
3725,-179400.67572551555
3726,-179665.26139882064
3727,-178950.4163326044
3728,-179379.39235823372
3729,-179270.49055958542
3730,-179371.94847693475
3731,-179428.95575259498
3732,-179665.26139882064
3733,-178896.09334861225
3734,-179367.82346577483
3735,-179298.22163091556
3736,-179375.21533299197
3737,-179430.95294263458
3738,-179665.26139882064
3739,-178863.24877055225
3740,-179378.46211824656
3741,-179295.56014111108
3742,-179383.4305631453
3743,-179427.84406685134
3744,-179665.26139882064
3745,-178857.97118310828
3746,-179367.5837231891
3747,-179305.96645077597
3748,-179376.31410656736
3749,-179422.56884618077
3750,-179665.26139882064
3751,-178838.58978151967
3752,-179374.4261313235
3753,-179336.76337112053
3754,-179393.83052363418
3755,-179408.57345970886
3756,-179665.26139882064
3757,-178869.95621133264
3758,-179379.3926776937
3759,-179362.98178706685
3760,-179404.35012106816
3761,-179398.13316725535
3762,-179665.26139882064
3763,-178966.25718655798
3764,-179361.45918090641
3765,-179373.06164572982
3766,-179412.63600279565
3767,-179396.65537330223
3768,-179665.26139882064
3769,-179066.29332466784
3770,-179368.72041840982
3771,-179341.29279675012
3772,-179415.35955250316
3773,-179406.25179539016
3774,-179665.26139882064
3775,-179092.2694369713
3776,-179368.7681710055
3777,-179353.70269315178
3778,-179431.62046431203
3779,-179411.62949602178
3780,-179665.26139882064
3781,-179000.58041890553
3782,-179368.8342801278
3783,-179378.48361762616
3784,-179430.7261563028
3785,-179402.06940602174
3786,-179665.26139882064
3787,-179053.93812336586
3788,-179370.2477015026
3789,-179377.79082138347
3790,-179414.2795616932
3791,-179381.62795610394
3792,-179665.26139882064
3793,-179110.4110858241
3794,-179371.0642496729
3795,-179381.09946374994
3796,-179402.0742919156
3797,-179336.6976720244
3798,-179665.26139882064
3799,-179164.45065303938
3800,-179353.6860131691
3801,-179369.0344206394
3802,-179399.36183279494
3803,-179271.02414731032
3804,-179665.26139882064
3805,-179152.27684047996
3806,-179421.6234315896
3807,-179307.07795876576
3808,-179386.92689421622
3809,-179268.44805752722
3810,-179665.26139882064
3811,-179128.3418351079
3812,-179436.24990214306
3813,-179306.86773599157
3814,-179368.26926583383
3815,-179350.97669635143
3816,-179665.26139882064
3817,-179121.651537766
3818,-179458.30338212577
3819,-179300.02665743983
3820,-179372.68365575993
3821,-179355.97098679518
3822,-179665.26139882064
3823,-179165.87951410282
3824,-179450.28198607508
3825,-179294.3136306077
3826,-179385.98355066686
3827,-179327.54788926223
3828,-179665.26139882064
3829,-179223.63379479843
3830,-179455.2989874885
3831,-179284.7616165529
3832,-179403.83478877263
3833,-179296.28119409966
3834,-179665.26139882064
3835,-179121.8820960692
3836,-179450.60936107798
3837,-179301.6645889152
3838,-179422.541914303
3839,-179281.4822634432
3840,-179665.26139882064
3841,-179099.19577644716
3842,-179433.17979814566
3843,-179286.38534258553
3844,-179448.29766180593
3845,-179266.42354772464
3846,-179665.26139882064
3847,-179155.02166500798
3848,-179332.99082669913
3849,-179322.21930895702
3850,-179463.24483296718
3851,-179297.7056494807
3852,-179665.26139882064
3853,-179230.4540169894
3854,-179386.52423474228
3855,-179319.38619901327
3856,-179463.40515816273
3857,-179300.4389513282
3858,-179665.26139882064
3859,-179222.46886097195
3860,-179400.15184047516
3861,-179313.73449597287
3862,-179447.332551604
3863,-179298.05191761776
3864,-179665.26139882064
3865,-179218.97101527746
3866,-179353.57037883895
3867,-179247.54077865768
3868,-179395.6916392535
3869,-179331.65383149387
3870,-179665.26139882064
3871,-179248.90176905572
3872,-179390.65199952797
3873,-179190.49631278645
3874,-179363.23959102054
3875,-179389.8080215414
3876,-179665.26139882064
3877,-179264.40011445753
3878,-179416.47386204218
3879,-179333.44530155484
3880,-179338.44306280804
3881,-179368.0857532034
3882,-179665.26139882064
3883,-179241.9304754444
3884,-179409.36080632007
3885,-179341.4465757581
3886,-179326.8174015819
3887,-179339.5807809597
3888,-179665.26139882064
3889,-179155.9309281178
3890,-179419.05358922252
3891,-179309.33168853846
3892,-179307.2935169158
3893,-179321.31056261514
3894,-179665.26139882064
3895,-179037.09622361118
3896,-179415.9504849493
3897,-179272.24322140473
3898,-179297.82071866284
3899,-179277.7407125928
3900,-179665.26139882064
3901,-179057.2666752291
3902,-179397.8567297263
3903,-179260.5195262176
3904,-179331.55283061753
3905,-179260.84043019015
3906,-179665.26139882064
3907,-179155.400702229
3908,-179296.78932680283
3909,-179245.32386236207
3910,-179332.14657803165
3911,-179252.71537239256
3912,-179665.26139882064
3913,-179114.58193502942
3914,-179259.88179547954
3915,-179296.33326232064
3916,-179337.2924081679
3917,-179206.78308358463
3918,-179665.26139882064
3919,-179082.24522461166
3920,-179286.58016114667
3921,-179306.36312313957
3922,-179329.03975580528
3923,-179197.5967475302
3924,-179665.26139882064
3925,-179121.46316758846
3926,-179118.90723540494
3927,-179318.04111524043
3928,-179317.1855036961
3929,-179310.4085965508
3930,-179665.26139882064
3931,-179156.90098871457
3932,-179296.50231385103
3933,-179318.20699551058
3934,-179359.09203099812
3935,-179334.32894388153
3936,-179665.26139882064
3937,-179250.6359430818
3938,-179362.56068163793
3939,-179339.92191817437
3940,-179385.3852929397
3941,-179280.33091816326
3942,-179665.26139882064
3943,-179273.24183354762
3944,-179325.89665059804
3945,-179337.705301858
3946,-179400.9764149249
3947,-179226.02569104196
3948,-179665.26139882064
3949,-179201.22920550534
3950,-179351.32953628374
3951,-179270.2678629283
3952,-179429.05951066822
3953,-179259.4386953421
3954,-179665.26139882064
3955,-179114.66783649012
3956,-179352.7483511382
3957,-179230.64596333078
3958,-179434.18692199688
3959,-179214.24267148037
3960,-179665.26139882064
3961,-179055.0315472986
3962,-179319.87948585782
3963,-179246.17577199198
3964,-179411.20675869155
3965,-179175.9602775675
3966,-179665.26139882064
3967,-178993.17964683537
3968,-179329.26286458026
3969,-179285.4670811375
3970,-179409.23019408522
3971,-179063.0964957448
3972,-179665.26139882064
3973,-179004.71180568295
3974,-179386.2628832146
3975,-179280.94599179222
3976,-179422.573686904
3977,-179024.34013700738
3978,-179665.26139882064
3979,-178992.52060092217
3980,-179424.28433055567
3981,-179241.1161811948
3982,-179407.85249019964
3983,-179083.06999246974
3984,-179665.26139882064
3985,-178922.4418757702
3986,-179433.1578510602
3987,-179279.51314102358
3988,-179422.6648329734
3989,-178905.34741408355
3990,-179665.26139882064
3991,-179047.95016058173
3992,-179433.87361289002
3993,-179283.65692119295
3994,-179417.85490203093
3995,-178981.81937321596
3996,-179665.26139882064
3997,-179049.0452086827
3998,-179423.73812393515
3999,-179206.95500401594
4000,-179408.91025819734
4001,-178756.4564070171
4002,-179665.26139882064
4003,-178993.11276034277
4004,-179395.48006745527
4005,-179152.80393904608
4006,-179416.58739840062
4007,-178689.57802165547
4008,-179665.26139882064
4009,-178814.8346435812
4010,-179359.23343938554
4011,-179145.30365910567
4012,-179411.0586688077
4013,-178783.2092205242
4014,-179665.26139882064
4015,-178650.52880637173
4016,-179396.5370781306
4017,-179220.68899492853
4018,-179429.95399736654
4019,-178941.58234379214
4020,-179665.26139882064
4021,-178625.03799151772
4022,-179392.1229014678
4023,-179330.7596415092
4024,-179438.61729189107
4025,-179149.12619504894
4026,-179665.26139882064
4027,-178793.2979453462
4028,-179414.96215114187
4029,-179337.1793196285
4030,-179429.5491306152
4031,-179189.28362375236
4032,-179665.26139882064
4033,-178933.78971895305
4034,-179414.61988429553
4035,-179315.5590982862
4036,-179434.13061720334
4037,-179021.27572896978
4038,-179665.26139882064
4039,-178878.86607865506
4040,-179438.4749899114
4041,-179240.10351920384
4042,-179422.0666601866
4043,-179206.53543623743
4044,-179665.26139882064
4045,-178883.1098519933
4046,-179424.87080686967
4047,-179229.13960071298
4048,-179392.3135429831
4049,-179236.88590006257
4050,-179665.26139882064
4051,-178917.61617844636
4052,-179362.7542086735
4053,-179262.58106251582
4054,-179376.70918079806
4055,-179260.3766791827
4056,-179665.26139882064
4057,-178902.04456035304
4058,-179383.2774196431
4059,-179301.38611703544
4060,-179371.09124466626
4061,-179160.40914672095
4062,-179665.26139882064
4063,-178915.2190444523
4064,-179286.75817382277
4065,-179341.71410244802
4066,-179364.09616347705
4067,-179219.79211843133
4068,-179665.26139882064
4069,-178963.01539251176
4070,-179264.21254725062
4071,-179367.6103107654
4072,-179377.39259239944
4073,-179227.695803934
4074,-179665.26139882064
4075,-179106.8120284902
4076,-179201.6319008761
4077,-179390.88163907087
4078,-179379.60888229642
4079,-179207.64326007228
4080,-179665.26139882064
4081,-179156.094342501
4082,-179210.31662055536
4083,-179378.0859510711
4084,-179379.0052771901
4085,-179209.59910287755
4086,-179665.26139882064
4087,-179084.0095748679
4088,-179298.63558339362
4089,-179400.66068610828
4090,-179391.43348570124
4091,-179214.1739164923
4092,-179665.26139882064
4093,-179050.33318985498
4094,-179347.2885451375
4095,-179409.9960912585
4096,-179391.71797588293
4097,-179243.8546891294
4098,-179665.26139882064
4099,-178994.82053007945
4100,-179374.4143441673
4101,-179426.8350690436
4102,-179380.80008903574
4103,-179264.8162695088
4104,-179665.26139882064
4105,-179053.87378118912
4106,-179376.48789686375
4107,-179422.75166862604
4108,-179357.04934647193
4109,-179187.05414601282
4110,-179665.26139882064
4111,-179064.2562528292
4112,-179384.46254653131
4113,-179414.2389162301
4114,-179347.18791681837
4115,-179033.7818274849
4116,-179665.26139882064
4117,-179012.19751193028
4118,-179392.14220931905
4119,-179418.96401528124
4120,-179335.20268941787
4121,-178971.65806616636
4122,-179665.26139882064
4123,-178816.08469268092
4124,-179387.6553464354
4125,-179419.05922886133
4126,-179336.43845328383
4127,-178962.00933125752
4128,-179665.26139882064
4129,-178781.84726798636
4130,-179385.43961388295
4131,-179400.1155486129
4132,-179351.37097814432
4133,-179002.46836275098
4134,-179665.26139882064
4135,-178992.95173729322
4136,-179380.09341053254
4137,-179392.9562584272
4138,-179292.22149270165
4139,-179036.811123553
4140,-179665.26139882064
4141,-179164.7890866604
4142,-179356.77380686055
4143,-179403.1988836721
4144,-179282.53032458844
4145,-179108.07105364645
4146,-179665.26139882064
4147,-179115.69503802285
4148,-179380.22922020848
4149,-179404.35213557305
4150,-179274.09588014195
4151,-179226.30368565943
4152,-179665.26139882064
4153,-179041.86992748672
4154,-179408.755311437
4155,-179411.4405074701
4156,-179316.72876786394
4157,-179262.689588521
4158,-179665.26139882064
4159,-179020.48002395136
4160,-179405.4412927718
4161,-179421.83278288474
4162,-179288.452399476
4163,-179251.06285558984
4164,-179665.26139882064
4165,-179079.5051023733
4166,-179362.76972054978
4167,-179425.65889656078
4168,-179216.8630230256
4169,-179244.54612612168
4170,-179665.26139882064
4171,-179093.91097285366
4172,-179393.48466412662
4173,-179411.51937245013
4174,-179182.74167724722
4175,-179185.27807360224
4176,-179665.26139882064
4177,-179133.67214123945
4178,-179383.41284089492
4179,-179406.12994200125
4180,-179233.49498719146
4181,-179096.03472574445
4182,-179665.26139882064
4183,-179151.3847066623
4184,-179395.5737157293
4185,-179409.61498710373
4186,-179257.9256942424
4187,-179136.03697200585
4188,-179665.26139882064
4189,-179195.71039403288
4190,-179386.32128565855
4191,-179390.54907509367
4192,-179255.66005123206
4193,-179174.88443248623
4194,-179665.26139882064
4195,-179246.1582831645
4196,-179382.5682922387
4197,-179384.98851775174
4198,-179350.97004245536
4199,-179268.90871914665
4200,-179665.26139882064
4201,-179234.55077974734
4202,-179400.55016872106
4203,-179394.99638426554
4204,-179350.64386982805
4205,-179279.65794785373
4206,-179665.26139882064
4207,-179232.97681314684
4208,-179427.1939845307
4209,-179406.68238642957
4210,-179349.07581237564
4211,-179315.56881857244
4212,-179665.26139882064
4213,-179268.1190948359
4214,-179417.38080297122
4215,-179401.9036852081
4216,-179361.13646650652
4217,-179316.58379028842
4218,-179665.26139882064
4219,-179311.58953119486
4220,-179427.07620401992
4221,-179417.56894901753
4222,-179391.4883488114
4223,-179285.3706152855
4224,-179665.26139882064
4225,-179306.78698099643
4226,-179405.80609407256
4227,-179407.9232026135
4228,-179391.1916257954
4229,-179300.63332731888
4230,-179665.26139882064
4231,-179348.85316844986
4232,-179421.10110248937
4233,-179409.52960748205
4234,-179403.3702660477
4235,-179308.53752983594
4236,-179665.26139882064
4237,-179343.76809483214
4238,-179447.5409938628
4239,-179407.6065637201
4240,-179412.32549942756
4241,-179290.68052407698
4242,-179665.26139882064
4243,-179318.195378223
4244,-179449.05019934854
4245,-179408.24121175494
4246,-179412.0851218254
4247,-179314.4105646572
4248,-179665.26139882064
4249,-179267.0225830453
4250,-179455.9981045558
4251,-179394.62879921752
4252,-179411.89695296646
4253,-179325.9568264305
4254,-179665.26139882064
4255,-179271.32748581204
4256,-179446.96741057246
4257,-179408.09829471982
4258,-179417.19450413468
4259,-179308.36875706055
4260,-179665.26139882064
4261,-179244.13860982616
4262,-179430.50988626928
4263,-179410.1020927381
4264,-179424.47593762586
4265,-179346.9309959531
4266,-179665.26139882064
4267,-179235.87366342024
4268,-179413.19129662492
4269,-179414.72609117502
4270,-179425.03648424987
4271,-179353.7965763003
4272,-179665.26139882064
4273,-179230.69403387103
4274,-179397.88545512414
4275,-179414.67099375007
4276,-179429.79268489932
4277,-179340.72541552826
4278,-179665.26139882064
4279,-179181.21653001013
4280,-179389.43828455743
4281,-179405.91992672093
4282,-179409.7396304494
4283,-179304.89303351124
4284,-179665.26139882064
4285,-178983.79857757167
4286,-179385.27721771572
4287,-179393.02186800423
4288,-179402.99143268383
4289,-179242.43589763844
4290,-179665.26139882064
4291,-178963.19419287538
4292,-179419.06611655574
4293,-179388.82820156097
4294,-179405.0678174965
4295,-179246.32952410096
4296,-179665.26139882064
4297,-178983.2412020921
4298,-179425.00185684732
4299,-179394.3502613368
4300,-179411.25851223493
4301,-179042.21162617835
4302,-179665.26139882064
4303,-179133.9929926678
4304,-179431.52795300155
4305,-179401.04212910836
4306,-179416.58850351284
4307,-179056.53834946582
4308,-179665.26139882064
4309,-179114.48398860765
4310,-179434.2393392177
4311,-179405.54761515162
4312,-179420.01235799602
4313,-179177.70346880815
4314,-179665.26139882064
4315,-179207.4070317893
4316,-179424.59286784896
4317,-179409.26561870144
4318,-179410.1461426034
4319,-179253.7452519988
4320,-179665.26139882064
4321,-179165.6075132436
4322,-179432.51632348343
4323,-179401.10130555244
4324,-179424.96978850328
4325,-179319.9965908144
4326,-179665.26139882064
4327,-179108.29764264685
4328,-179433.24831532873
4329,-179351.56336236824
4330,-179423.96529179794
4331,-179337.23065231086
4332,-179665.26139882064
4333,-179198.7069655069
4334,-179404.78749782007
4335,-179368.71162837875
4336,-179428.5667129072
4337,-179343.10888555844
4338,-179665.26139882064
4339,-179224.79637570222
4340,-179404.58754815228
4341,-179363.97439701695
4342,-179434.15978073326
4343,-179327.80729808062
4344,-179665.26139882064
4345,-179226.9331099014
4346,-179399.57381641897
4347,-179344.59699105122
4348,-179436.561616689
4349,-179312.98181537542
4350,-179665.26139882064
4351,-179128.68465671543
4352,-179411.0305010778
4353,-179303.0217418795
4354,-179435.69323105254
4355,-179333.94980204434
4356,-179665.26139882064
4357,-179089.43162388814
4358,-179419.10620401698
4359,-179313.99488636418
4360,-179428.60874038478
4361,-179301.69690662806
4362,-179665.26139882064
4363,-179076.2528629573
4364,-179419.26220363143
4365,-179333.57958795677
4366,-179442.09357350165
4367,-179283.7802506243
4368,-179665.26139882064
4369,-179089.6289788573
4370,-179410.00146586137
4371,-179319.74050319058
4372,-179425.7572166721
4373,-179325.99359302304
4374,-179665.26139882064
4375,-179003.26434775785
4376,-179432.21050546214
4377,-179274.78164531427
4378,-179423.67795409064
4379,-179364.13812740849
4380,-179665.26139882064
4381,-179189.10570396404
4382,-179427.787817716
4383,-179240.62136051583
4384,-179406.99661854195
4385,-179358.04513484827
4386,-179665.26139882064
4387,-179278.40898946484
4388,-179424.3684190715
4389,-179255.6606678429
4390,-179397.8026254694
4391,-179354.35196548354
4392,-179665.26139882064
4393,-179442.188243492
4394,-179423.8197709528
4395,-179204.35285151808
4396,-179402.78295244355
4397,-179346.26090901872
4398,-179665.26139882064
4399,-179698.11576300533
4400,-179421.35210568906
4401,-179254.94039050222
4402,-179402.0422084649
4403,-179372.01402609597
4404,-179665.26139882064
4405,-180039.80289969957
4406,-179421.89749340957
4407,-179283.30993000878
4408,-179396.61181319115
4409,-179380.39287487755
4410,-179665.26139882064
4411,-180872.70729252836
4412,-179435.1759160849
4413,-179352.97833394844
4414,-179378.32382380287
4415,-179402.36156393244
4416,-179665.26139882064
4417,-180803.64262804273
4418,-179425.97650450064
4419,-179370.49447038973
4420,-179372.14367154462
4421,-179392.0649489099
4422,-179665.26139882064
4423,-180481.60273251173
4424,-179419.077708413
4425,-179366.87968300813
4426,-179350.30958319665
4427,-179411.74138550804
4428,-179665.26139882064
4429,-179699.95781288118
4430,-179395.63988317014
4431,-179367.48118447978
4432,-179352.4012890399
4433,-179401.27290205754
4434,-179665.26139882064
4435,-179706.48218789295
4436,-179404.11959438992
4437,-179368.14934492542
4438,-179323.37203120702
4439,-179383.45187588324
4440,-179665.26139882064
4441,-179198.2741975852
4442,-179378.66121646596
4443,-179393.3822277229
4444,-179304.83762457097
4445,-179394.2487604752
4446,-179665.26139882064
4447,-179018.67404314945
4448,-179384.92932748367
4449,-179395.497370568
4450,-179330.08368914554
4451,-179392.1505280867
4452,-179665.26139882064
4453,-179126.69908906185
4454,-179366.075087683
4455,-179365.41280441004
4456,-179345.1658797604
4457,-179411.11453708424
4458,-179665.26139882064
4459,-179161.46367750608
4460,-179317.04132702335
4461,-179336.14430678173
4462,-179353.2533074141
4463,-179411.01838034624
4464,-179665.26139882064
4465,-178926.79961322394
4466,-179318.4967636442
4467,-179339.98882710745
4468,-179342.20214619738
4469,-179385.9923901461
4470,-179665.26139882064
4471,-178886.6380081412
4472,-179354.9808379955
4473,-179330.01751607336
4474,-179377.66022627047
4475,-179383.6020161083
4476,-179665.26139882064
4477,-178884.8550929744
4478,-179376.41254777304
4479,-179317.503693742
4480,-179390.86345850988
4481,-179351.4584711807
4482,-179665.26139882064
4483,-178883.53445921594
4484,-179361.39189202897
4485,-179365.58236846238
4486,-179410.6176843104
4487,-179355.87687110194
4488,-179665.26139882064
4489,-178761.47640262358
4490,-179385.76124738285
4491,-179392.59527669637
4492,-179333.88628875345
4493,-179381.34538547427
4494,-179665.26139882064
4495,-178711.55281640548
4496,-179398.4992311149
4497,-179392.45554397412
4498,-179218.10745287014
4499,-179413.2793235225
4500,-179665.26139882064
4501,-178714.05470513232
4502,-179407.72859701217
4503,-179400.19721446824
4504,-179210.75214321466
4505,-179437.11975261103
4506,-179665.26139882064
4507,-178789.18099045043
4508,-179408.04032089558
4509,-179413.89375556342
4510,-179210.18511994355
4511,-179439.77826281858
4512,-179665.26139882064
4513,-178876.4054488414
4514,-179382.39939113482
4515,-179405.35908183866
4516,-179261.37559313086
4517,-179431.84396279792
4518,-179665.26139882064
4519,-178673.395731532
4520,-179378.6842222685
4521,-179393.80934451168
4522,-179308.420069965
4523,-179407.0979901933
4524,-179665.26139882064
4525,-178446.39485490692
4526,-179383.3056203071
4527,-179415.59678861263
4528,-179266.3697145833
4529,-179379.33744522755
4530,-179665.26139882064
4531,-178430.7064368444
4532,-179383.9879573565
4533,-179401.82569900205
4534,-179133.26331414114
4535,-179364.39867667836
4536,-179665.26139882064
4537,-178331.09076884642
4538,-179384.37259971935
4539,-179420.21318947105
4540,-179169.78433951153
4541,-179337.40379287914
4542,-179665.26139882064
4543,-178362.4721314972
4544,-179412.076760167
4545,-179431.1132448382
4546,-179235.73872753116
4547,-179347.40402583266
4548,-179665.26139882064
4549,-178341.34635844774
4550,-179387.7140564486
4551,-179427.45415399587
4552,-179292.25002572275
4553,-179347.8548815896
4554,-179665.26139882064
4555,-178398.23856514075
4556,-179399.85070682515
4557,-179431.90073860862
4558,-179357.7187785458
4559,-179375.049580819
4560,-179665.26139882064
4561,-178435.07852459475
4562,-179420.10370899536
4563,-179401.65170643627
4564,-179377.3960750427
4565,-179383.96770828473
4566,-179665.26139882064
4567,-178334.78346441005
4568,-179433.2191326693
4569,-179363.74960822935
4570,-179410.70634782355
4571,-179369.9462383511
4572,-179665.26139882064
4573,-178604.65919475275
4574,-179433.26342246647
4575,-179361.25366498638
4576,-179414.1939427626
4577,-179302.44045441062
4578,-179665.26139882064
4579,-178763.26221522957
4580,-179438.0220865255
4581,-179299.468745695
4582,-179418.11683904097
4583,-179276.91692748648
4584,-179665.26139882064
4585,-178774.65786212255
4586,-179433.60516182243
4587,-179306.85052521198
4588,-179406.22931748
4589,-179265.22187379445
4590,-179665.26139882064
4591,-178843.2656969065
4592,-179428.618032225
4593,-179259.25284246664
4594,-179418.47175620156
4595,-179295.47019862864
4596,-179665.26139882064
4597,-178820.56394484098
4598,-179419.06401276353
4599,-179077.19722030705
4600,-179425.93277692192
4601,-179308.03148038348
4602,-179665.26139882064
4603,-178935.57990057254
4604,-179369.3568919041
4605,-179268.31149139104
4606,-179427.13176646587
4607,-179287.79467714668
4608,-179665.26139882064
4609,-179028.51982929834
4610,-179383.43259309683
4611,-179327.91531727486
4612,-179414.59170360488
4613,-179264.14147982054
4614,-179665.26139882064
4615,-179200.17139309886
4616,-179356.2924415806
4617,-179330.8318469117
4618,-179414.82692275476
4619,-179293.26403355703
4620,-179665.26139882064
4621,-179292.90938140135
4622,-179343.4497425495
4623,-179327.76319053344
4624,-179416.18504005842
4625,-179293.7716698871
4626,-179665.26139882064
4627,-179309.38634345293
4628,-179247.3614825864
4629,-179310.97956705876
4630,-179420.09513722104
4631,-179308.15088493645
4632,-179665.26139882064
4633,-179200.68222204092
4634,-179205.30873991418
4635,-179329.03729838258
4636,-179423.8578877352
4637,-179311.90508285663
4638,-179665.26139882064
4639,-179151.54303274993
4640,-179175.95257526982
4641,-179355.39078646712
4642,-179444.01012615545
4643,-179309.08825489174
4644,-179665.26139882064
4645,-179165.3360256624
4646,-179290.63374199544
4647,-179310.18234855408
4648,-179449.55222698336
4649,-179285.7934808598
4650,-179665.26139882064
4651,-179217.50297692238
4652,-179379.6968541963
4653,-179279.04092337663
4654,-179452.48605828403
4655,-179267.38507755985
4656,-179665.26139882064
4657,-179118.7438529879
4658,-179405.89534750616
4659,-179256.45217397567
4660,-179440.13708646927
4661,-179222.64868956467
4662,-179665.26139882064
4663,-179128.00787735562
4664,-179421.8223457396
4665,-179277.71640003854
4666,-179435.03381694196
4667,-179305.55912697356
4668,-179665.26139882064
4669,-179126.55646563965
4670,-179412.183758532
4671,-179278.75167304513
4672,-179440.02472432752
4673,-179346.90202651353
4674,-179665.26139882064
4675,-178790.44468064755
4676,-179414.12268595345
4677,-179250.75136602295
4678,-179430.83008831597
4679,-179374.0933529955
4680,-179665.26139882064
4681,-177456.80559699147
4682,-179423.81792984036
4683,-179209.97983410463
4684,-179435.54411049403
4685,-179376.54754033434
4686,-179665.26139882064
4687,-177421.83753998866
4688,-179431.12737166288
4689,-179277.9932911359
4690,-179444.19062901483
4691,-179376.0754527966
4692,-179665.26139882064
4693,-177578.21866324265
4694,-179425.02042697626
4695,-179321.38388974083
4696,-179453.65898581088
4697,-179372.56605246887
4698,-179665.26139882064
4699,-178176.35367002644
4700,-179440.89315462965
4701,-179347.67737613883
4702,-179467.64588195807
4703,-179381.23556779642
4704,-179665.26139882064
4705,-178683.28377561053
4706,-179409.29542382533
4707,-179353.62597228598
4708,-179459.20970520083
4709,-179374.72683547018
4710,-179665.26139882064
4711,-179019.06105443116
4712,-179433.07472954158
4713,-179410.6259739342
4714,-179461.81574359327
4715,-179374.4871901146
4716,-179665.26139882064
4717,-179137.84554393627
4718,-179433.7709551153
4719,-179418.56967736428
4720,-179423.7758883042
4721,-179372.3658216402
4722,-179665.26139882064
4723,-179144.93601154521
4724,-179440.03360026708
4725,-179413.04533257065
4726,-179403.1325005892
4727,-179404.8404013216
4728,-179665.26139882064
4729,-178911.28974066247
4730,-179463.00710914753
4731,-179404.50774976387
4732,-179393.07296186595
4733,-179333.0480371868
4734,-179665.26139882064
4735,-178729.9500678603
4736,-179466.96104070326
4737,-179371.5120932875
4738,-179404.1134339424
4739,-179324.15157240367
4740,-179665.26139882064
4741,-178830.8240661507
4742,-179457.93065434665
4743,-179363.16771323522
4744,-179428.53399780075
4745,-179175.8831820147
4746,-179665.26139882064
4747,-178809.21533058485
4748,-179464.94101796183
4749,-179336.20206474635
4750,-179395.15636843824
4751,-179126.93857591285
4752,-179665.26139882064
4753,-178732.86347657157
4754,-179468.70405012032
4755,-179359.0591389272
4756,-179395.91980156273
4757,-179345.34442927138
4758,-179665.26139882064
4759,-178792.72975441805
4760,-179471.5083283616
4761,-179347.38153904918
4762,-179425.87987806596
4763,-179392.0381120441
4764,-179665.26139882064
4765,-179001.43355589814
4766,-179461.11774119787
4767,-179356.74406732284
4768,-179420.9074218765
4769,-179396.1910777636
4770,-179665.26139882064
4771,-179166.9028889948
4772,-179458.87532097497
4773,-179350.56513662217
4774,-179418.40961652598
4775,-179406.35343234162
4776,-179665.26139882064
4777,-179178.30272947918
4778,-179460.84594278655
4779,-179362.11996874333
4780,-179412.34427412372
4781,-179430.85982327408
4782,-179665.26139882064
4783,-179200.5041446762
4784,-179454.80299745427
4785,-179359.27725104004
4786,-179421.63231550425
4787,-179449.08392194167
4788,-179665.26139882064
4789,-179158.03751484427
4790,-179452.5991335073
4791,-179334.07299602864
4792,-179402.08945238215
4793,-179424.69361527584
4794,-179665.26139882064
4795,-179160.36010232748
4796,-179447.04151387303
4797,-179314.30404903975
4798,-179414.91788448585
4799,-179429.01448203714
4800,-179665.26139882064
4801,-179175.6568582887
4802,-179447.45018680437
4803,-179336.34550694595
4804,-179419.96491810383
4805,-179413.64850963507
4806,-179665.26139882064
4807,-179168.24732977417
4808,-179451.34892154127
4809,-179357.2389993563
4810,-179428.34349917993
4811,-179421.70040119754
4812,-179665.26139882064
4813,-179216.48454576219
4814,-179439.61162805156
4815,-179362.8516737802
4816,-179413.8204391745
4817,-179373.5122869764
4818,-179665.26139882064
4819,-179230.9355372668
4820,-179435.69074910678
4821,-179309.84636438076
4822,-179414.73711506528
4823,-179335.01022244143
4824,-179665.26139882064
4825,-179174.05707716642
4826,-179420.6683233701
4827,-179338.8240607032
4828,-179413.80601982362
4829,-179397.7623301318
4830,-179665.26139882064
4831,-179085.68213055748
4832,-179422.93770313502
4833,-179341.27947572886
4834,-179412.48797112357
4835,-179380.311252749
4836,-179665.26139882064
4837,-178998.28875527615
4838,-179432.56056446707
4839,-179313.8369626214
4840,-179399.11275663064
4841,-179372.84489883168
4842,-179665.26139882064
4843,-179096.1966105331
4844,-179432.44745151163
4845,-179247.81720404778
4846,-179377.9731868792
4847,-179399.5684820145
4848,-179665.26139882064
4849,-179183.07114523268
4850,-179412.652335376
4851,-179280.5339075474
4852,-179341.0161875106
4853,-179389.9980208188
4854,-179665.26139882064
4855,-179069.83177021125
4856,-179412.6259104391
4857,-179325.81938084765
4858,-179343.90633740035
4859,-179416.4644854833
4860,-179665.26139882064
4861,-178934.54621889576
4862,-179402.44501898304
4863,-179291.2468125218
4864,-179356.48865694067
4865,-179303.06999447546
4866,-179665.26139882064
4867,-179005.11238334456
4868,-179371.79778808347
4869,-179304.66650822898
4870,-179341.2801900291
4871,-179229.45626553975
4872,-179665.26139882064
4873,-178939.2116111365
4874,-179377.29947225994
4875,-179360.73894397783
4876,-179378.51303711903
4877,-179156.0712583491
4878,-179665.26139882064
4879,-178936.17827879154
4880,-179393.35743057056
4881,-179355.05610489513
4882,-179324.9645551928
4883,-179235.00586730085
4884,-179665.26139882064
4885,-178940.09115661372
4886,-179404.0110920261
4887,-179350.91309791955
4888,-179334.90732608433
4889,-179165.81075012233
4890,-179665.26139882064
4891,-178907.35697422407
4892,-179432.98443101908
4893,-179385.39494525528
4894,-179302.2017477141
4895,-179246.4736029509
4896,-179665.26139882064
4897,-179002.92954162517
4898,-179435.1152330552
4899,-179371.62979126428
4900,-179368.80316853098
4901,-179210.1181826356
4902,-179665.26139882064
4903,-179050.33657086006
4904,-179435.49286233122
4905,-179394.9022600854
4906,-179380.65761378812
4907,-179256.8649910892
4908,-179665.26139882064
4909,-179085.71775410097
4910,-179434.17793202522
4911,-179393.98840282997
4912,-179357.43527026367
4913,-179339.08118305865
4914,-179665.26139882064
4915,-179232.4290388281
4916,-179446.53999763177
4917,-179402.2577311949
4918,-179360.65753482142
4919,-179387.18565234853
4920,-179665.26139882064
4921,-179270.16863805207
4922,-179449.576662841
4923,-179409.70596241677
4924,-179363.7390631951
4925,-179314.29607769914
4926,-179665.26139882064
4927,-179260.52667895635
4928,-179447.671093252
4929,-179416.92207372037
4930,-179443.8372450531
4931,-179360.7565901052
4932,-179665.26139882064
4933,-179230.3480244403
4934,-179447.33975579456
4935,-179418.3661521588
4936,-179435.6042721483
4937,-179329.05713200555
4938,-179665.26139882064
4939,-179236.5543258773
4940,-179406.89866455455
4941,-179410.66741449424
4942,-179445.67591576852
4943,-179349.16321506168
4944,-179665.26139882064
4945,-179215.89827796468
4946,-179372.79073048002
4947,-179356.05455799773
4948,-179446.21322101005
4949,-179333.69414726936
4950,-179665.26139882064
4951,-179183.4416781989
4952,-179402.41206410443
4953,-179349.20258719067
4954,-179453.37728760665
4955,-179288.23017631125
4956,-179665.26139882064
4957,-179098.28194639718
4958,-179415.30005910908
4959,-179353.47086680486
4960,-179451.822473115
4961,-179326.50686956593
4962,-179665.26139882064
4963,-179113.58625928411
4964,-179417.6639075821
4965,-179394.87439525928
4966,-179459.07663575318
4967,-179403.14120239406
4968,-179665.26139882064
4969,-179178.19153687393
4970,-179427.0508493015
4971,-179394.89795071175
4972,-179466.7678423051
4973,-179434.1658619378
4974,-179665.26139882064
4975,-179175.21688307452
4976,-179404.44338065688
4977,-179360.14433364893
4978,-179445.3510492874
4979,-179415.68570663276
4980,-179665.26139882064
4981,-179168.6591877227
4982,-179383.82761437906
4983,-179302.5593245856
4984,-179437.92141768654
4985,-179445.38140670498
4986,-179665.26139882064
4987,-179295.20160017238
4988,-179389.1146081852
4989,-179296.2099920292
4990,-179421.6826171416
4991,-179463.38375693935
4992,-179665.26139882064
4993,-179310.08629144894
4994,-179330.85944476357
4995,-179270.91367628865
4996,-179416.17750376352
4997,-179438.30914260386
4998,-179665.26139882064
4999,-179351.4553720989
5000,-179341.1572621602
5001,-179272.647029129
5002,-179403.81635944988
5003,-179435.44728121624
5004,-179665.26139882064
5005,-179299.2526076405
5006,-179328.4050261238
5007,-179209.94690039282
5008,-179412.74020034133
5009,-179415.23556064247
5010,-179665.26139882064
5011,-179324.62339848696
5012,-179327.22427521413
5013,-179228.31808249417
5014,-179395.16688623952
5015,-179419.15588919414
5016,-179665.26139882064
5017,-179258.7980460134
5018,-179344.62259518416
5019,-179148.07890231884
5020,-179343.29836446207
5021,-179431.75336934646
5022,-179665.26139882064
5023,-179190.17662377874
5024,-179393.11987887762
5025,-179142.6429989077
5026,-179258.8211443099
5027,-179392.73219390467
5028,-179665.26139882064
5029,-179168.83393185164
5030,-179365.63515942625
5031,-179245.7851787345
5032,-179261.1469768015
5033,-179367.26513424498
5034,-179665.26139882064
5035,-179010.7908943423
5036,-179354.29989348337
5037,-179340.76137971992
5038,-179263.930619374
5039,-179367.08660743118
5040,-179665.26139882064
5041,-179175.82774853642
5042,-179226.52619444346
5043,-179355.4014225575
5044,-179293.7852902716
5045,-179375.9366191564
5046,-179665.26139882064
5047,-179210.34249367507
5048,-179064.81245002986
5049,-179379.3807123354
5050,-179298.3395120166
5051,-179374.88038510838
5052,-179665.26139882064
5053,-179257.47133808333
5054,-179067.15118854624
5055,-179394.8731576416
5056,-179271.12907804208
5057,-179407.69225409735
5058,-179665.26139882064
5059,-179250.1934249215
5060,-179200.06810362652
5061,-179388.96663944868
5062,-179339.7523966503
5063,-179404.0620711168
5064,-179665.26139882064
5065,-179241.58221205286
5066,-179205.26930792734
5067,-179392.58593270968
5068,-179370.1645454116
5069,-179410.3118850351
5070,-179665.26139882064
5071,-179280.71701104642
5072,-179158.78016032808
5073,-179392.8959739513
5074,-179397.16039895726
5075,-179388.82546321966
5076,-179665.26139882064
5077,-179258.82655196526
5078,-179265.4605091997
5079,-179389.01944081142
5080,-179420.86375456012
5081,-179369.38397783026
5082,-179665.26139882064
5083,-179270.64476659827
5084,-179306.02621596135
5085,-179395.03080264723
5086,-179416.6689757414
5087,-179397.3063982426
5088,-179665.26139882064
5089,-179225.66336282968
5090,-179288.485515298
5091,-179367.74211891266
5092,-179437.16974509525
5093,-179392.07487012135
5094,-179665.26139882064
5095,-179154.85575546627
5096,-179267.11832806273
5097,-179399.46865056496
5098,-179412.38833460218
5099,-179381.85928954586
5100,-179665.26139882064
5101,-179022.7149265757
5102,-179231.8949772125
5103,-179395.13217880533
5104,-179371.54171656302
5105,-179387.43973224986
5106,-179665.26139882064
5107,-179114.12014978586
5108,-179101.2985215084
5109,-179366.58289226805
5110,-179381.41370118238
5111,-179387.34927481966
5112,-179665.26139882064
5113,-179157.89454983317
5114,-179109.32883986208
5115,-179343.52171380026
5116,-179362.33281599067
5117,-179413.10471367248
5118,-179665.26139882064
5119,-179223.63669182805
5120,-179202.4310794142
5121,-179330.62063809249
5122,-179441.5237449253
5123,-179414.4838158846
5124,-179665.26139882064
5125,-179181.78642677926
5126,-179291.74193100276
5127,-179253.2985307345
5128,-179424.99445071127
5129,-179405.10321341868
5130,-179665.26139882064
5131,-179150.80894131103
5132,-179358.41790163133
5133,-179260.1076084546
5134,-179425.68443954544
5135,-179393.29463334312
5136,-179665.26139882064
5137,-179183.15311121414
5138,-179356.20755287175
5139,-179360.12880704258
5140,-179446.04795403845
5141,-179413.2980480813
5142,-179665.26139882064
5143,-179198.3752376635
5144,-179324.1082013211
5145,-179311.14833609192
5146,-179434.53413614936
5147,-179369.4358982117
5148,-179665.26139882064
5149,-179177.80741383598
5150,-179334.88384926444
5151,-179288.19096441497
5152,-179424.44446885434
5153,-179407.005210613
5154,-179665.26139882064
5155,-179223.493762259
5156,-179315.0520991686
5157,-179337.2283651344
5158,-179424.2588345383
5159,-179435.9246294601
5160,-179665.26139882064
5161,-179232.78702738855
5162,-179269.03124545928
5163,-179346.1735793689
5164,-179437.8788549652
5165,-179421.49536298355
5166,-179665.26139882064
5167,-179336.81100881746
5168,-179327.2929451723
5169,-179360.32920686758
5170,-179444.81886793507
5171,-179424.89910861268
5172,-179665.26139882064
5173,-179277.4162958656
5174,-179336.56514861927
5175,-179347.60461520182
5176,-179446.97844409535
5177,-179425.63906510582
5178,-179665.26139882064
5179,-179278.03323774398
5180,-179261.53611497613
5181,-179316.51133487263
5182,-179434.17572886244
5183,-179412.5070616309
5184,-179665.26139882064
5185,-179208.49357264617
5186,-179297.21592036937
5187,-179294.8013116433
5188,-179422.47003874223
5189,-179425.95312725301
5190,-179665.26139882064
5191,-179195.90382076034
5192,-179304.548508275
5193,-179251.42774558938
5194,-179416.62779373312
5195,-179408.0257764864
5196,-179665.26139882064
5197,-179256.69195498602
5198,-179238.1379452453
5199,-179282.86521764682
5200,-179397.9742641744
5201,-179386.47246115145
5202,-179665.26139882064
5203,-179239.46214068527
5204,-179258.75436608618
5205,-179312.06535919858
5206,-179391.02822937912
5207,-179385.1308397162
5208,-179665.26139882064
5209,-179131.65110006795
5210,-179261.5926938054
5211,-179393.54819609417
5212,-179378.00222232196
5213,-179408.77519127357
5214,-179665.26139882064
5215,-179196.4260500757
5216,-179261.6085155033
5217,-179425.56726684017
5218,-179387.34096622412
5219,-179402.83625482177
5220,-179665.26139882064
5221,-179217.2833896052
5222,-179263.53611843495
5223,-179402.2253138702
5224,-179411.08353357797
5225,-179408.61313325583
5226,-179665.26139882064
5227,-179159.05291615977
5228,-179299.61704968708
5229,-179388.94920898473
5230,-179423.6968367626
5231,-179403.2433181496
5232,-179665.26139882064
5233,-179125.5180123494
5234,-179226.13184344713
5235,-179350.54882764316
5236,-179432.1635948276
5237,-179413.5557419832
5238,-179665.26139882064
5239,-179091.7586721893
5240,-179299.4137421817
5241,-179352.0542300022
5242,-179428.26252016163
5243,-179410.84927260247
5244,-179665.26139882064
5245,-179146.16444463516
5246,-179345.92715109044
5247,-179389.43175951403
5248,-179414.84007387786
5249,-179398.77028609326
5250,-179665.26139882064
5251,-179239.2264207632
5252,-179333.05888359997
5253,-179374.57443514504
5254,-179392.43402935346
5255,-179382.71854346938
5256,-179665.26139882064
5257,-179333.56994672937
5258,-179214.45294765852
5259,-179346.2529338094
5260,-179327.80307015884
5261,-179388.27288135045
5262,-179665.26139882064
5263,-179271.58906180126
5264,-179283.4973124494
5265,-179417.70221671308
5266,-179359.04156627445
5267,-179413.04995162066
5268,-179665.26139882064
5269,-179270.7627885595
5270,-179344.39044576843
5271,-179414.38069857444
5272,-179386.4388350576
5273,-179405.23575523755
5274,-179665.26139882064
5275,-179228.34023306164
5276,-179370.42330870128
5277,-179420.51465567652
5278,-179359.11869884093
5279,-179397.99045396034
5280,-179665.26139882064
5281,-179239.9027076273
5282,-179327.02574145712
5283,-179417.58963528785
5284,-179348.12901709095
5285,-179390.87847275106
5286,-179665.26139882064
5287,-179308.91077413945
5288,-179325.1203124564
5289,-179310.68120420998
5290,-179307.805430449
5291,-179396.45479960553
5292,-179665.26139882064
5293,-179328.9081787523
5294,-179366.59548085483
5295,-179317.7264151102
5296,-179341.6580701586
5297,-179414.16257725013
5298,-179665.26139882064
5299,-179163.57834501794
5300,-179378.13036048546
5301,-179427.40109552495
5302,-179368.81746162404
5303,-179399.40857408388
5304,-179665.26139882064
5305,-179175.90817065936
5306,-179365.5340566211
5307,-179441.80327220826
5308,-179336.45111224393
5309,-179373.37098309727
5310,-179665.26139882064
5311,-179154.94065944306
5312,-179329.4193994342
5313,-179437.42131009558
5314,-179351.4835445445
5315,-179405.06521006284
5316,-179665.26139882064
5317,-179037.45869589245
5318,-179332.17729158618
5319,-179418.5134815099
5320,-179307.86038089244
5321,-179412.72220444624
5322,-179665.26139882064
5323,-178972.1453723645
5324,-179328.70086474644
5325,-179392.67952359532
5326,-179354.37878876025
5327,-179395.30148269353
5328,-179665.26139882064
5329,-179097.9054775955
5330,-179341.86741066413
5331,-179442.489626175
5332,-179353.12775982477
5333,-179389.3219995892
5334,-179665.26139882064
5335,-179148.34612054832
5336,-179376.25051440988
5337,-179415.75321264268
5338,-179296.0953915659
5339,-179412.87308537343
5340,-179665.26139882064
5341,-179198.97652910193
5342,-179373.57347770323
5343,-179405.05763367182
5344,-179383.8404203785
5345,-179383.62583258044
5346,-179665.26139882064
5347,-179134.90211093513
5348,-179350.34268513846
5349,-179404.40173127042
5350,-179393.96222215574
5351,-179401.8555318585
5352,-179665.26139882064
5353,-179143.086004929
5354,-179377.56689058468
5355,-179359.58804039872
5356,-179361.6676809037
5357,-179430.54256068455
5358,-179665.26139882064
5359,-179127.9647380038
5360,-179363.99905089109
5361,-179379.7427823134
5362,-179386.3488973595
5363,-179441.69038747216
5364,-179665.26139882064
5365,-179247.51469453977
5366,-179324.50075136535
5367,-179376.10549104642
5368,-179390.79879063313
5369,-179439.13326298565
5370,-179665.26139882064
5371,-179255.95761650565
5372,-179312.54551088635
5373,-179394.61493716712
5374,-179373.17768204235
5375,-179456.24390154323
5376,-179665.26139882064
5377,-179242.36584736666
5378,-179326.3765136157
5379,-179407.98582196736
5380,-179419.47004888847
5381,-179460.51681341403
5382,-179665.26139882064
5383,-179216.8572696699
5384,-179274.79881689767
5385,-179359.95857272504
5386,-179410.40402099682
5387,-179467.01100948435
5388,-179665.26139882064
5389,-179317.5252217579
5390,-179320.14865179575
5391,-179361.4723426869
5392,-179416.7930019271
5393,-179464.53187118267
5394,-179665.26139882064
5395,-179250.0965515032
5396,-179386.23848421653
5397,-179291.56620313085
5398,-179402.83391060686
5399,-179454.35154058842
5400,-179665.26139882064
5401,-179237.63671826274
5402,-179384.17013396285
5403,-179313.47584163657
5404,-179419.41791499854
5405,-179457.10023043797
5406,-179665.26139882064
5407,-179279.68489831183
5408,-179370.4273530839
5409,-179381.29023602928
5410,-179416.73532456622
5411,-179464.19435067096
5412,-179665.26139882064
5413,-179180.4186188186
5414,-179397.26195943827
5415,-179396.19190357925
5416,-179361.8847592386
5417,-179473.543383563
5418,-179665.26139882064
5419,-178573.7548903703
5420,-179372.36216268293
5421,-179325.17930994544
5422,-179406.39130670798
5423,-179474.05513627644
5424,-179665.26139882064
5425,-178088.53876132632
5426,-179179.51714550453
5427,-179304.26998178853
5428,-179441.89629470542
5429,-179463.4943745777
5430,-179665.26139882064
5431,-177775.58567557397
5432,-179311.19112189172
5433,-179287.0934718974
5434,-179467.71211933205
5435,-179469.9486883718
5436,-179665.26139882064
5437,-177514.3126107518
5438,-179311.50410331087
5439,-179304.220381023
5440,-179453.88916352898
5441,-179469.8434132991
5442,-179665.26139882064
5443,-178032.31939254727
5444,-179379.94091309264
5445,-179296.15412106158
5446,-179447.00976023395
5447,-179474.3623567142
5448,-179665.26139882064
5449,-178046.80986242715
5450,-179352.7172450325
5451,-179311.85130236403
5452,-179451.1424911375
5453,-179466.66919122447
5454,-179665.26139882064
5455,-178301.86914548106
5456,-179313.47091459465
5457,-179342.8942948519
5458,-179439.73053301324
5459,-179455.76052762428
5460,-179665.26139882064
5461,-178773.34978843378
5462,-179265.28918341355
5463,-179321.09598030619
5464,-179432.38323848555
5465,-179452.72453797644
5466,-179665.26139882064
5467,-178865.83892790947
5468,-179279.1762515754
5469,-179322.79322064298
5470,-179427.8006876694
5471,-179434.42446476273
5472,-179665.26139882064
5473,-178243.84797565802
5474,-179344.32410043187
5475,-179321.85079932504
5476,-179400.98134193127
5477,-179414.26575985248
5478,-179665.26139882064
5479,-177278.53617141693
5480,-179343.37158419052
5481,-179313.91661900646
5482,-179409.63599292422
5483,-179422.0706551597
5484,-179665.26139882064
5485,-176922.19718169636
5486,-179345.7354066428
5487,-179289.8657434099
5488,-179391.67463160932
5489,-179411.78338666697
5490,-179665.26139882064
5491,-177523.05922720773
5492,-179324.44739368834
5493,-179290.08063358738
5494,-179377.94945655874
5495,-179420.8019314107
5496,-179665.26139882064
5497,-177793.8177078356
5498,-179278.2441852004
5499,-179312.16062470732
5500,-179383.44695851006
5501,-179431.5991206756
5502,-179665.26139882064
5503,-178504.09205819757
5504,-179310.55047808704
5505,-179280.9976921846
5506,-179388.83404110352
5507,-179445.12828157222
5508,-179665.26139882064
5509,-178639.70071516297
5510,-179282.19658919924
5511,-179253.33918429102
5512,-179394.49225486146
5513,-179447.77748146083
5514,-179665.26139882064
5515,-178664.6872886933
5516,-179173.1263843045
5517,-178840.83299594742
5518,-179416.64538044573
5519,-179436.84302666414
5520,-179665.26139882064
5521,-178655.34469924183
5522,-179284.57824262985
5523,-178596.46841396936
5524,-179405.42481272644
5525,-179424.40341054407
5526,-179665.26139882064
5527,-178720.07954853438
5528,-179313.15691968834
5529,-178578.51842701365
5530,-179395.61474386754
5531,-179409.91233432677
5532,-179665.26139882064
5533,-178934.52656330582
5534,-179266.4528801546
5535,-178749.94145206243
5536,-179429.18514262288
5537,-179431.41524916244
5538,-179665.26139882064
5539,-178904.97035068632
5540,-179115.75391347302
5541,-178996.68958258096
5542,-179444.35062907016
5543,-179423.3999344852
5544,-179665.26139882064
5545,-178800.50483416527
5546,-179284.33786264734
5547,-179155.46006178565
5548,-179457.92500385232
5549,-179415.42309948316
5550,-179665.26139882064
5551,-178872.1004505722
5552,-179223.79532206367
5553,-179179.13549824062
5554,-179437.57990490034
5555,-179370.89116118744
5556,-179665.26139882064
5557,-178762.09016576334
5558,-179254.83178419806
5559,-179176.99830918905
5560,-179385.41209801417
5561,-179392.75791434152
5562,-179665.26139882064
5563,-178774.1309882041
5564,-179276.28722471226
5565,-179277.07831999968
5566,-179401.03381008015
5567,-179423.23416323078
5568,-179665.26139882064
5569,-178993.96201406082
5570,-179296.27323241756
5571,-179280.19143275527
5572,-179407.40382132106
5573,-179437.54107508398
5574,-179665.26139882064
5575,-178992.76622880946
5576,-179321.3464269177
5577,-179286.4774405742
5578,-179419.3675011176
5579,-179428.8475454538
5580,-179665.26139882064
5581,-178922.2739256921
5582,-179348.6187905282
5583,-179346.00328270177
5584,-179443.45481680738
5585,-179403.89194000704
5586,-179665.26139882064
5587,-178918.44976738514
5588,-179344.49954650385
5589,-179334.60566471098
5590,-179435.7595677195
5591,-179445.7281323038
5592,-179665.26139882064
5593,-179109.68804075508
5594,-179353.69649629944
5595,-179310.7401117703
5596,-179435.95303289348
5597,-179433.93715236196
5598,-179665.26139882064
5599,-179100.3993101856
5600,-179346.38510537046
5601,-179323.62134949653
5602,-179433.36400513657
5603,-179430.15423204927
5604,-179665.26139882064
5605,-179153.7688676309
5606,-179359.08202745294
5607,-179340.93846833947
5608,-179433.93129766732
5609,-179442.89708564596
5610,-179665.26139882064
5611,-179153.64232491684
5612,-179346.97419314805
5613,-179305.20735443378
5614,-179429.0638309095
5615,-179451.33902910334
5616,-179665.26139882064
5617,-179224.4403817359
5618,-179397.4448748364
5619,-179308.82009869805
5620,-179422.46036398222
5621,-179430.31030285129
5622,-179665.26139882064
5623,-179293.630771223
5624,-179411.89723979894
5625,-179312.72500345908
5626,-179417.3371171228
5627,-179423.28709755972
5628,-179665.26139882064
5629,-179285.0374725078
5630,-179397.22745476197
5631,-179282.9841938875
5632,-179383.9543276833
5633,-179401.07992376428
5634,-179665.26139882064
5635,-179014.8368413735
5636,-179380.68086224847
5637,-179190.69105101394
5638,-179345.73287060158
5639,-179416.3877497762
5640,-179665.26139882064
5641,-178971.0841877294
5642,-179388.2354286511
5643,-179262.69124799024
5644,-179368.43463983218
5645,-179417.66336500368
5646,-179665.26139882064
5647,-179119.66440795315
5648,-179354.8758000977
5649,-179297.27210969286
5650,-179419.49647862147
5651,-179390.94512131458
5652,-179665.26139882064
5653,-179250.06570565255
5654,-179356.8313910728
5655,-179319.94698664825
5656,-179438.0196473518
5657,-179377.0051316594
5658,-179665.26139882064
5659,-179263.11698248753
5660,-179350.29459879763
5661,-179367.24679976486
5662,-179431.07276075153
5663,-179407.19172941666
5664,-179665.26139882064
5665,-179255.63687679698
5666,-179349.60198277843
5667,-179387.2735547412
5668,-179431.9994554494
5669,-179418.9747064931
5670,-179665.26139882064
5671,-179242.85739654652
5672,-179317.2064913128
5673,-179348.07559157984
5674,-179426.02680787642
5675,-179433.10229842478
5676,-179665.26139882064
5677,-179208.50204052601
5678,-179308.49407356928
5679,-179330.32825774996
5680,-179431.71562487414
5681,-179430.63661171554
5682,-179665.26139882064
5683,-179216.01651325624
5684,-179338.61418952965
5685,-179352.66324217987
5686,-179446.66576282962
5687,-179437.80710896026
5688,-179665.26139882064
5689,-179170.27663230477
5690,-179332.05284123766
5691,-179346.24834182538
5692,-179452.6358930867
5693,-179401.43853790237
5694,-179665.26139882064
5695,-179054.95090196474
5696,-179296.38868826587
5697,-179312.87292928286
5698,-179446.48150603665
5699,-179359.54435626033
5700,-179665.26139882064
5701,-179079.61586721605
5702,-179243.47531719122
5703,-179331.94340270472
5704,-179436.81894197388
5705,-179420.2223901037
5706,-179665.26139882064
5707,-178740.76198940375
5708,-179264.347026096
5709,-179363.06628656026
5710,-179436.4014149077
5711,-179422.00924580765
5712,-179665.26139882064
5713,-178830.88647835376
5714,-179274.01473680048
5715,-179305.4846104764
5716,-179431.01581002533
5717,-179425.9051292613
5718,-179665.26139882064
5719,-178856.28626001754
5720,-179237.88734071938
5721,-179326.1882904813
5722,-179418.11865098233
5723,-179401.61651990618
5724,-179665.26139882064
5725,-178977.2915267488
5726,-179223.70302547322
5727,-179337.8012216396
5728,-179448.8956883669
5729,-179402.42975072263
5730,-179665.26139882064
5731,-178934.918124421
5732,-179251.06385859335
5733,-179322.53197037254
5734,-179447.65937697963
5735,-179432.3213262966
5736,-179665.26139882064
5737,-179057.07155594305
5738,-179231.13894813613
5739,-179337.58862109025
5740,-179458.96144457883
5741,-179453.03525095785
5742,-179665.26139882064
5743,-179160.10998204307
5744,-179285.53533844562
5745,-179299.50884383084
5746,-179459.56267471352
5747,-179430.2101837355
5748,-179665.26139882064
5749,-179188.92882851246
5750,-179290.76708397805
5751,-179355.13424277093
5752,-179442.1283382267
5753,-179355.11008943294
5754,-179665.26139882064
5755,-179261.88055676516
5756,-179292.71051571937
5757,-179353.34917895126
5758,-179426.09993204294
5759,-179417.43946392467
5760,-179665.26139882064
5761,-179298.34858922326
5762,-179270.3207377372
5763,-179351.6469991736
5764,-179429.12212904257
5765,-179350.630626304
5766,-179665.26139882064
5767,-179319.57127610137
5768,-179339.11957461736
5769,-179325.28106073587
5770,-179405.68337062342
5771,-179389.25865090967
5772,-179665.26139882064
5773,-179272.78141081604
5774,-179364.36358047018
5775,-179243.5489854869
5776,-179388.05216048454
5777,-179356.5013598063
5778,-179665.26139882064
5779,-179252.11506850237
5780,-179386.66044496387
5781,-179247.78061643292
5782,-179385.8657731329
5783,-179328.6915428753
5784,-179665.26139882064
5785,-179259.56077571076
5786,-179364.04773380284
5787,-179312.42960812422
5788,-179415.86592436125
5789,-179313.27704413992
5790,-179665.26139882064
5791,-179208.0353816865
5792,-179348.3181843955
5793,-179324.67569500994
5794,-179418.92455608383
5795,-179344.707276898
5796,-179665.26139882064
5797,-179213.57951202476
5798,-179334.85349052117
5799,-179338.3121739372
5800,-179398.6438195329
5801,-179386.44519890708
5802,-179665.26139882064
5803,-179227.70659427234
5804,-179310.7649716615
5805,-179316.49903241722
5806,-179407.74989739232
5807,-179367.19426632352
5808,-179665.26139882064
5809,-179350.03625723327
5810,-179354.36694175325
5811,-179319.09870464227
5812,-179409.00389767266
5813,-179325.54632256323
5814,-179665.26139882064
5815,-179375.98492901158
5816,-179373.20450669347
5817,-179335.1569978179
5818,-179392.6103472858
5819,-179408.5536340292
5820,-179665.26139882064
5821,-179380.35838336553
5822,-179365.17211060115
5823,-179334.645019335
5824,-179401.86728516978
5825,-179416.59612186006
5826,-179665.26139882064
5827,-179363.69682265053
5828,-179344.07584175223
5829,-179342.3370543311
5830,-179398.0225971095
5831,-179371.5193426947
5832,-179665.26139882064
5833,-179404.2179458603
5834,-179341.1328819209
5835,-179374.13311757642
5836,-179406.3263008168
5837,-179265.71302533787
5838,-179665.26139882064
5839,-179400.63692791256
5840,-179241.67594881522
5841,-179385.21164905617
5842,-179405.07248760396
5843,-179188.91924024044
5844,-179665.26139882064
5845,-179364.90041488514
5846,-178836.73410050888
5847,-179390.33578081962
5848,-179416.08792709972
5849,-179327.45877794406
5850,-179665.26139882064
5851,-179359.91524576265
5852,-179174.53342787077
5853,-179414.84148976704
5854,-179410.14753823302
5855,-179409.41394632743
5856,-179665.26139882064
5857,-179349.67915610198
5858,-179219.76109004873
5859,-179366.5291878133
5860,-179392.5726003882
5861,-179434.6520802323
5862,-179665.26139882064
5863,-179352.2027059045
5864,-179146.00300949282
5865,-179365.40262505924
5866,-179392.73860338036
5867,-179325.48310334914
5868,-179665.26139882064
5869,-179380.33852485035
5870,-179139.03534787238
5871,-179315.41191915507
5872,-179405.32044199287
5873,-179354.24321871356
5874,-179665.26139882064
5875,-179402.56986833797
5876,-179209.07357131873
5877,-179340.40177485696
5878,-179404.36468879582
5879,-179463.27189181166
5880,-179665.26139882064
5881,-179393.29594948
5882,-179237.12097933388
5883,-179319.94392066522
5884,-179409.0858896818
5885,-179390.40219340226
5886,-179665.26139882064
5887,-179418.3761416736
5888,-179212.84489708327
5889,-179341.98585962292
5890,-179431.9639464828
5891,-179369.82309762924
5892,-179665.26139882064
5893,-179394.9858169739
5894,-179205.23262802148
5895,-179227.3410819563
5896,-179444.28364999138
5897,-179357.42794479066
5898,-179665.26139882064
5899,-179365.45529652317
5900,-179210.00421060144
5901,-179276.3756042594
5902,-179413.4555765783
5903,-179402.7244187613
5904,-179665.26139882064
5905,-179355.19113869627
5906,-179194.2898197124
5907,-179316.84013497
5908,-179411.74478468043
5909,-179404.19584445632
5910,-179665.26139882064
5911,-179349.390238281
5912,-179295.71028886095
5913,-179242.9539261206
5914,-179414.59874189613
5915,-179384.21945722602
5916,-179665.26139882064
5917,-179367.93281780288
5918,-179347.8829366674
5919,-179093.32084326725
5920,-179399.4865304368
5921,-179388.92787446335
5922,-179665.26139882064
5923,-179359.7569674581
5924,-179317.41078951964
5925,-179212.94398872694
5926,-179383.78111649095
5927,-179373.03626069162
5928,-179665.26139882064
5929,-179336.7002885484
5930,-179244.73985657992
5931,-179188.8048279915
5932,-179371.03724473657
5933,-179419.92783101535
5934,-179665.26139882064
5935,-179319.28281296644
5936,-179283.43535953172
5937,-179336.5924208974
5938,-179433.5804551933
5939,-179387.03947764004
5940,-179665.26139882064
5941,-179287.6787612701
5942,-179205.4696684602
5943,-179354.93474192102
5944,-179333.13028593228
5945,-179384.03980651518
5946,-179665.26139882064
5947,-179320.86850411538
5948,-179234.86726020754
5949,-179268.4917018538
5950,-179307.3486962565
5951,-179363.57254306655
5952,-179665.26139882064
5953,-179343.70608315337
5954,-179220.78221781075
5955,-179304.12196942946
5956,-179422.87193679708
5957,-179384.99106204562
5958,-179665.26139882064
5959,-179402.02674161657
5960,-179274.60753442277
5961,-179329.6576912871
5962,-179425.56097481243
5963,-179389.8820000744
5964,-179665.26139882064
5965,-179371.8296536999
5966,-179314.9166742094
5967,-179369.24816469805
5968,-179376.32370145695
5969,-179383.7822291211
5970,-179665.26139882064
5971,-179376.91961226673
5972,-179332.50991040768
5973,-179345.92091501196
5974,-179401.0127364935
5975,-179361.72021197627
5976,-179665.26139882064
5977,-179399.52075550216
5978,-179305.12089129983
5979,-179328.66968039988
5980,-179449.21500667918
5981,-179367.38105903153
5982,-179665.26139882064
5983,-179401.5441326115
5984,-179345.0219286495
5985,-179281.97690828913
5986,-179433.84465041687
5987,-179383.9457964617
5988,-179665.26139882064
5989,-179447.16280947812
5990,-179312.19532685398
5991,-179278.32290331338
5992,-179459.0220929643
5993,-179388.4154786156
5994,-179665.26139882064
5995,-179423.943921498
5996,-179381.99696270132
5997,-179263.75648147313
5998,-179456.0220900872
5999,-179367.7911326793
6000,-179665.26139882064
6001,-179384.69307474422
6002,-179404.0743121187
6003,-179352.70720868837
6004,-179464.50489995297
6005,-179351.8638294494
6006,-179665.26139882064
6007,-179360.4074816821
6008,-179395.2790708145
6009,-179368.24564479804
6010,-179377.18359227479
6011,-179358.29787829105
6012,-179665.26139882064
6013,-179346.8683934062
6014,-179374.7604923761
6015,-179389.68477657513
6016,-179446.8973894488
6017,-179363.65543190826
6018,-179665.26139882064
6019,-179324.24791313594
6020,-179375.3988784225
6021,-179354.56109463552
6022,-179421.26227215337
6023,-179389.79743605878
6024,-179665.26139882064
6025,-179351.8002476119
6026,-179405.0557936211
6027,-179406.67714829993
6028,-179406.9631007758
6029,-179362.06948633894
6030,-179665.26139882064
6031,-179340.15900040118
6032,-179367.60636080618
6033,-179396.91610497466
6034,-179364.7331587331
6035,-179376.54076750722
6036,-179665.26139882064
6037,-179129.6483205349
6038,-179366.57563718088
6039,-179381.45430488526
6040,-179400.46632278827
6041,-179376.79238109526
6042,-179665.26139882064
6043,-178936.47831638966
6044,-179320.76836044368
6045,-179404.4721284896
6046,-179378.08916848942
6047,-179404.80223394316
6048,-179665.26139882064
6049,-179080.59424970305
6050,-179344.67061146363
6051,-179409.66081730017
6052,-179337.24473286464
6053,-179353.2453731259
6054,-179665.26139882064
6055,-179145.911273341
6056,-179388.11702705172
6057,-179407.99472590478
6058,-179330.44987564575
6059,-179378.45322171474
6060,-179665.26139882064
6061,-179107.79076728466
6062,-179358.89798564187
6063,-179393.63052614822
6064,-179345.13203778618
6065,-179365.0400393501
6066,-179665.26139882064
6067,-179139.90563551968
6068,-179308.52445842346
6069,-179406.95781286433
6070,-179349.40942717798
6071,-179367.57568742312
6072,-179665.26139882064
6073,-178983.98958275374
6074,-179363.13404391662
6075,-179423.02345729215
6076,-179297.31082757065
6077,-179306.7273948235
6078,-179665.26139882064
6079,-178630.0205751971
6080,-179326.4303733735
6081,-179447.396150616
6082,-179251.0842834842
6083,-179350.8542893498
6084,-179665.26139882064
6085,-179273.9381482605
6086,-179310.94957236073
6087,-179440.0002331987
6088,-179262.44582897448
6089,-179353.5765419875
6090,-179665.26139882064
6091,-179034.81752925646
6092,-179378.24072847117
6093,-179433.0164882545
6094,-178976.1597199808
6095,-179326.5330411746
6096,-179665.26139882064
6097,-179283.54486252405
6098,-179282.69594103875
6099,-179407.52834479467
6100,-178863.60478644274
6101,-178517.20869333996
6102,-179665.26139882064
6103,-179346.63427595174
6104,-179362.41848489307
6105,-179386.15073746987
6106,-179074.76483904646
6107,-179160.5728691196
6108,-179665.26139882064
6109,-179389.2413853188
6110,-179301.92256774625
6111,-179375.37960061507
6112,-179305.32338447004
6113,-179380.26666330924
6114,-179665.26139882064
6115,-179351.99608263865
6116,-179278.10671312056
6117,-179399.15117950222
6118,-179314.29514316443
6119,-179399.2641725823
6120,-179665.26139882064
6121,-179221.85453773075
6122,-179232.34620664665
6123,-179394.61238113377
6124,-179374.1569847642
6125,-179412.04156818488
6126,-179665.26139882064
6127,-179261.11770168084
6128,-179265.2300357265
6129,-179383.69767441603
6130,-179355.04675039506
6131,-179435.28368498152
6132,-179665.26139882064
6133,-179128.24174239184
6134,-179187.18268672586
6135,-179398.57761242383
6136,-179232.7244098437
6137,-179435.83259794043
6138,-179665.26139882064
6139,-179317.33184565924
6140,-179342.30773581556
6141,-179399.64254278666
6142,-179338.35609362702
6143,-179429.0112948287
6144,-179665.26139882064
6145,-179261.40468046226
6146,-179312.78236805013
6147,-179453.8205867517
6148,-179301.61546417762
6149,-179260.32305246883
6150,-179665.26139882064
6151,-179204.68272152287
6152,-179100.97452380852
6153,-179462.67154709942
6154,-179312.00985316915
6155,-179233.4668181831
6156,-179665.26139882064
6157,-179227.9733161915
6158,-179145.2833955426
6159,-179467.60897667846
6160,-179339.1796043616
6161,-179249.70319749624
6162,-179665.26139882064
6163,-179270.07420204164
6164,-179163.67201959348
6165,-179462.26886180416
6166,-179362.42663127676
6167,-179233.97781852708
6168,-179665.26139882064
6169,-179266.84024404976
6170,-179180.27792962515
6171,-179431.13818421212
6172,-179341.65442699642
6173,-179251.32627352726
6174,-179665.26139882064
6175,-179264.2509145803
6176,-179301.67063462292
6177,-179408.6142669053
6178,-179355.41805444393
6179,-179186.58792453687
6180,-179665.26139882064
6181,-179268.75556587486
6182,-179344.3940502031
6183,-179395.16164182502
6184,-179330.75207293587
6185,-179346.3174108787
6186,-179665.26139882064
6187,-179307.81980544108
6188,-179350.18131051096
6189,-179396.20160163613
6190,-179316.8742544622
6191,-179337.6247751155
6192,-179665.26139882064
6193,-179379.75098451486
6194,-179341.5763372987
6195,-179367.92375923472
6196,-179138.2230965405
6197,-179353.0268403506
6198,-179665.26139882064
6199,-179373.3936192786
6200,-179383.8167920114
6201,-179371.4279033403
6202,-179212.6188270563
6203,-179377.83829124266
6204,-179665.26139882064
6205,-179342.29046794478
6206,-179413.3781902105
6207,-179295.46348500595
6208,-179211.31586076043
6209,-179326.3030676615
6210,-179665.26139882064
6211,-179230.25338962174
6212,-179382.1931131363
6213,-179365.10526824728
6214,-179089.3093283157
6215,-179259.2837807125
6216,-179665.26139882064
6217,-179182.94673018897
6218,-179224.17388305062
6219,-179394.53049353216
6220,-179092.0079505786
6221,-179299.97041068098
6222,-179665.26139882064
6223,-179091.2274861511
6224,-179239.25634629486
6225,-179380.10411592099
6226,-179268.25123911485
6227,-179302.27125085215
6228,-179665.26139882064
6229,-178954.888053362
6230,-179264.65253970717
6231,-179365.88314536403
6232,-179267.31995464762
6233,-179417.250435284
6234,-179665.26139882064
6235,-178656.2296622961
6236,-179290.50998770996
6237,-179349.4560652519
6238,-179189.53966772676
6239,-179429.83989532545
6240,-179665.26139882064
6241,-178867.6819463038
6242,-179289.90478048622
6243,-179379.1810532011
6244,-179159.8501545877
6245,-179434.50656111134
6246,-179665.26139882064
6247,-178938.30518180033
6248,-179298.1202320118
6249,-179400.3532790739
6250,-179275.80449343898
6251,-179432.63687517287
6252,-179665.26139882064
6253,-179144.73583071545
6254,-179272.13034964504
6255,-179434.88713790203
6256,-179278.23632373623
6257,-179430.59371386105
6258,-179665.26139882064
6259,-179218.40804341657
6260,-179068.4555854307
6261,-179426.94821268434
6262,-179251.55355586568
6263,-179405.37219473737
6264,-179665.26139882064
6265,-179176.34007673114
6266,-179192.30592332553
6267,-179416.25770648647
6268,-179289.49834498335
6269,-179411.45306709758
6270,-179665.26139882064
6271,-179267.59343693347
6272,-179177.81666606094
6273,-179423.0300996086
6274,-179260.59263649234
6275,-179409.46316067348
6276,-179665.26139882064
6277,-179218.47928836697
6278,-179296.34997791197
6279,-179428.7820864943
6280,-179356.2871012699
6281,-179392.3668496191
6282,-179665.26139882064
6283,-179200.56804120285
6284,-179269.97439334402
6285,-179390.18340729407
6286,-179354.2236591368
6287,-179400.04734516854
6288,-179665.26139882064
6289,-179263.6661462909
6290,-179227.3113984805
6291,-179353.88167185034
6292,-179357.22196590898
6293,-179407.87517753002
6294,-179665.26139882064
6295,-179216.84966603777
6296,-179214.09578277534
6297,-179393.88728609838
6298,-179335.65922696135
6299,-179394.44128154972
6300,-179665.26139882064
6301,-179067.23787250894
6302,-179143.86761472264
6303,-179403.02044296093
6304,-179310.749757954
6305,-179350.91156978885
6306,-179665.26139882064
6307,-179208.10148193158
6308,-179272.65306608888
6309,-179433.05004244152
6310,-179286.49251671397
6311,-179356.81055646457
6312,-179665.26139882064
6313,-179189.14699838945
6314,-179302.47610455178
6315,-179376.15828721187
6316,-179286.98455295354
6317,-179359.94253140246
6318,-179665.26139882064
6319,-179036.16899455184
6320,-179295.7953518242
6321,-179357.71750985368
6322,-179324.87455158154
6323,-179199.21096976456
6324,-179665.26139882064
6325,-178981.91240173153
6326,-179243.97592867693
6327,-179367.69923054654
6328,-179326.29034768668
6329,-179238.26369499907
6330,-179665.26139882064
6331,-179123.20753039827
6332,-179120.57804002226
6333,-179354.3973795741
6334,-179269.84369054122
6335,-179307.61381040447
6336,-179665.26139882064
6337,-179241.34683695508
6338,-179298.07850351935
6339,-179380.86560771085
6340,-179389.13113846324
6341,-179383.9931118858
6342,-179665.26139882064
6343,-179190.03193732316
6344,-179336.50986484587
6345,-179392.32350085853
6346,-179406.65451475428
6347,-179386.93934829228
6348,-179665.26139882064
6349,-179189.77704551638
6350,-179350.08965995477
6351,-179374.03796327897
6352,-179402.3883198589
6353,-179336.92873077135
6354,-179665.26139882064
6355,-179244.85467313835
6356,-179332.14341363398
6357,-179357.90846143579
6358,-179378.23275033192
6359,-179356.7001347087
6360,-179665.26139882064
6361,-179245.40440723966
6362,-179374.26014418137
6363,-179388.32473860652
6364,-179392.52971216658
6365,-179368.44170946386
6366,-179665.26139882064
6367,-179273.3463018247
6368,-179230.98131435545
6369,-179369.0143343611
6370,-179398.43428246147
6371,-179386.13703668522
6372,-179665.26139882064
6373,-179297.37006371297
6374,-179168.92014271527
6375,-179408.20421219256
6376,-179373.39619999455
6377,-179430.12593795342
6378,-179665.26139882064
6379,-179355.55878893586
6380,-178852.42853471427
6381,-179402.50643060022
6382,-179361.7085946605
6383,-179439.75592874395
6384,-179665.26139882064
6385,-179328.58758440783
6386,-178391.40368817822
6387,-179408.16618113557
6388,-179289.3550678549
6389,-179420.1661712967
6390,-179665.26139882064
6391,-179249.72680738464
6392,-178509.32333395717
6393,-179394.69192671293
6394,-179333.09992505336
6395,-179407.4049121988
6396,-179665.26139882064
6397,-179112.96793425854
6398,-178944.0931502236
6399,-179307.73708825037
6400,-179351.13147193225
6401,-179394.1718417834
6402,-179665.26139882064
6403,-179000.19823968437
6404,-179255.42409011474
6405,-179294.72711483692
6406,-179216.4813259437
6407,-179392.84813353652
6408,-179665.26139882064
6409,-179028.75432207217
6410,-179259.39944445246
6411,-179066.10232540494
6412,-179274.95574761726
6413,-179378.07499899008
6414,-179665.26139882064
6415,-178820.34731062505
6416,-179372.44239269465
6417,-178841.78585646057
6418,-179278.15706961806
6419,-179367.96467949176
6420,-179665.26139882064
6421,-178930.30216744894
6422,-179400.43062053484
6423,-177683.0813605426
6424,-179346.2968982123
6425,-179317.02065713544
6426,-179665.26139882064
6427,-178847.7101404254
6428,-179290.9940908316
6429,-178400.99233166696
6430,-179381.27216428952
6431,-179381.30240079915
6432,-179665.26139882064
6433,-178848.3327423858
6434,-179389.29463312295
6435,-178927.73922484842
6436,-179402.31877953236
6437,-179428.9977038743
6438,-179665.26139882064
6439,-179049.58516574313
6440,-179375.90819080887
6441,-179198.68966472996
6442,-179397.4793609077
6443,-179435.70618755752
6444,-179665.26139882064
6445,-178322.26170982636
6446,-179383.33119524881
6447,-178860.8335023938
6448,-179413.82911875212
6449,-179424.80398647077
6450,-179665.26139882064
6451,-175445.49446301523
6452,-179249.04141064937
6453,-178108.9014203355
6454,-179387.9061507941
6455,-179421.49460274875
6456,-179665.26139882064
6457,-173062.2716101401
6458,-179325.53871952402
6459,-178939.22200159472
6460,-179365.41723702577
6461,-179409.4646633351
6462,-179665.26139882064
6463,-173991.7194781814
6464,-179385.4513153437
6465,-179378.54010449833
6466,-179358.65156505475
6467,-179392.67363372003
6468,-179665.26139882064
6469,-178294.78029890754
6470,-179397.04354922244
6471,-179396.38402441816
6472,-179380.00861405206
6473,-179399.2953337335
6474,-179665.26139882064
6475,-179030.56757042187
6476,-179398.6405263342
6477,-179369.74104466732
6478,-179396.5788911842
6479,-179374.27521985507
6480,-179665.26139882064
6481,-179242.90959976398
6482,-179384.96689694855
6483,-179416.8008086017
6484,-179377.2699828021
6485,-179356.1735442321
6486,-179665.26139882064
6487,-179334.39226083984
6488,-179389.80667510294
6489,-179417.32127564837
6490,-179361.02353086532
6491,-179309.3556427167
6492,-179665.26139882064
6493,-179345.0996197673
6494,-179371.52306326784
6495,-179443.82198145994
6496,-179333.20397055626
6497,-179291.20531037054
6498,-179665.26139882064
6499,-179313.64445589329
6500,-179402.76794768104
6501,-179445.01625246927
6502,-179313.506040353
6503,-179294.5958109752
6504,-179665.26139882064
6505,-179345.20995887477
6506,-179385.30341172498
6507,-179403.1571248105
6508,-179372.62496601598
6509,-179336.29290565994
6510,-179665.26139882064
6511,-179322.51606482238
6512,-179410.71239628078
6513,-179448.64921653224
6514,-179399.62619917977
6515,-179326.79799747712
6516,-179665.26139882064
6517,-179341.80850320985
6518,-179427.46305685973
6519,-179436.2043430092
6520,-179292.73642395774
6521,-179334.87631198627
6522,-179665.26139882064
6523,-179361.8517224709
6524,-179409.00701422742
6525,-179407.99976752306
6526,-179391.96303785327
6527,-179328.97821593712
6528,-179665.26139882064
6529,-179368.7364895147
6530,-179382.07094572563
6531,-179383.30041091755
6532,-179382.50194105538
6533,-179201.9709072657
6534,-179665.26139882064
6535,-179353.39063720696
6536,-179367.3693582715
6537,-179397.5292833226
6538,-179364.91625096306
6539,-179072.86736288812
6540,-179665.26139882064
6541,-179379.26366992493
6542,-179281.67189127454
6543,-179451.90352320822
6544,-179379.00335891836
6545,-179160.50411673146
6546,-179665.26139882064
6547,-179389.84918970676
6548,-179306.0355303689
6549,-179428.46999324186
6550,-179320.57482355187
6551,-179169.97629886845
6552,-179665.26139882064
6553,-179395.19774051223
6554,-179340.9935369624
6555,-179416.41413387426
6556,-179390.75332107427
6557,-179286.2909991361
6558,-179665.26139882064
6559,-179403.9489754862
6560,-179368.2342660777
6561,-179423.44322162878
6562,-179391.93646702793
6563,-179386.72518583326
6564,-179665.26139882064
6565,-179404.3765698601
6566,-179393.96449451495
6567,-179430.7684574189
6568,-179283.98245370583
6569,-179382.6388765093
6570,-179665.26139882064
6571,-179366.11539805756
6572,-179385.91546906714
6573,-179432.43436823756
6574,-179135.74889292568
6575,-179412.0832658353
6576,-179665.26139882064
6577,-179382.78914445676
6578,-179389.2398289436
6579,-179418.4504328211
6580,-179186.56356580727
6581,-179362.0410724659
6582,-179665.26139882064
6583,-179341.34416279526
6584,-179387.57910070344
6585,-179417.2244409328
6586,-179276.11554244638
6587,-179343.38242418037
6588,-179665.26139882064
6589,-179392.67833012712
6590,-179381.84296477883
6591,-179402.0369702199
6592,-179309.47547097434
6593,-179391.50691206456
6594,-179665.26139882064
6595,-179322.9458766821
6596,-179399.08116792544
6597,-179393.66655246637
6598,-179385.6319286018
6599,-179369.06960583336
6600,-179665.26139882064
6601,-179350.5554776136
6602,-179387.18842534052
6603,-179390.96400550715
6604,-179405.99653587112
6605,-179368.9723406587
6606,-179665.26139882064
6607,-179208.665896987
6608,-179387.4437094743
6609,-179371.96028806156
6610,-179407.92981614923
6611,-179372.73713611384
6612,-179665.26139882064
6613,-179085.2025345692
6614,-179276.26595252365
6615,-179380.57891937153
6616,-179389.64014604097
6617,-179354.9314091925
6618,-179665.26139882064
6619,-179058.58588890338
6620,-179321.80885209108
6621,-179365.6662589018
6622,-179403.03239536416
6623,-179365.4351610697
6624,-179665.26139882064
6625,-179165.24264366098
6626,-179391.4295202631
6627,-179367.1833592585
6628,-179408.49272266502
6629,-179432.93923726337
6630,-179665.26139882064
6631,-179263.8011008877
6632,-179422.2613586912
6633,-179388.01422227838
6634,-179399.3213869252
6635,-179417.88405441312
6636,-179665.26139882064
6637,-179270.49890785053
6638,-179408.4185341913
6639,-179392.29328157805
6640,-179380.0500855118
6641,-179428.57704886002
6642,-179665.26139882064
6643,-179235.00103908783
6644,-179419.07764977115
6645,-179382.7855619004
6646,-179421.67254337232
6647,-179400.88081223945
6648,-179665.26139882064
6649,-179239.15991478928
6650,-179422.8645914648
6651,-179360.84585032094
6652,-179427.14445595312
6653,-179424.38891933585
6654,-179665.26139882064
6655,-179329.5271942269
6656,-179433.9714539095
6657,-179352.88062791314
6658,-179428.26978074003
6659,-179393.24755271646
6660,-179665.26139882064
6661,-179302.57846522192
6662,-179354.14874855572
6663,-179394.82393779504
6664,-179422.296583605
6665,-179356.727148281
6666,-179665.26139882064
6667,-179359.64627754188
6668,-179363.73617791405
6669,-179411.426750622
6670,-179347.47268924493
6671,-179323.47992934598
6672,-179665.26139882064
6673,-179326.3153998239
6674,-179416.71051360088
6675,-179420.01712810868
6676,-179398.2774475213
6677,-179281.68137054692
6678,-179665.26139882064
6679,-179353.94354394492
6680,-179379.99810169215
6681,-179410.71501680376
6682,-179403.72105177527
6683,-179331.21917487707
6684,-179665.26139882064
6685,-179309.5157496504
6686,-179399.4232148148
6687,-179293.1095377647
6688,-179280.63053312612
6689,-179249.9212734789
6690,-179665.26139882064
6691,-179243.83566773863
6692,-179407.8869240641
6693,-179265.4768853853
6694,-179179.21966871232
6695,-179300.52439452533
6696,-179665.26139882064
6697,-179310.02117242047
6698,-179441.1208144455
6699,-179316.9203240697
6700,-179206.6925048555
6701,-179249.9833867943
6702,-179665.26139882064
6703,-179393.99878207396
6704,-179433.97926557207
6705,-179380.8783542353
6706,-179326.1497975278
6707,-179217.7541470179
6708,-179665.26139882064
6709,-179372.08227811742
6710,-179416.57337503092
6711,-179413.00787993943
6712,-179324.39479065157
6713,-179300.5747738665
6714,-179665.26139882064
6715,-179399.07696063363
6716,-179404.08261337262
6717,-179409.93021124683
6718,-179331.42599247774
6719,-179336.09078009025
6720,-179665.26139882064
6721,-179392.12929460502
6722,-179412.758233555
6723,-179396.5080792921
6724,-179332.49193514304
6725,-179126.9491708937
6726,-179665.26139882064
6727,-179396.3081328133
6728,-179430.85113628302
6729,-179391.87319153687
6730,-179373.24941554948
6731,-179268.0241548591
6732,-179665.26139882064
6733,-179405.58680873705
6734,-179434.0703478388
6735,-179419.01718105644
6736,-179374.17194210822
6737,-179362.6672121079
6738,-179665.26139882064
6739,-179424.49141573423
6740,-179439.00110179745
6741,-179207.75760313455
6742,-179381.90862301443
6743,-179253.9925019057
6744,-179665.26139882064
6745,-179385.9668814627
6746,-179415.19812787013
6747,-179103.96223850542
6748,-179401.99084901233
6749,-179200.06139294893
6750,-179665.26139882064
6751,-179371.45124047442
6752,-179415.40297334368
6753,-179129.84588586487
6754,-179406.03708405842
6755,-179155.68781135906
6756,-179665.26139882064
6757,-179343.25772660246
6758,-179418.2179040489
6759,-179322.8964219088
6760,-179398.11383655228
6761,-179180.63066769287
6762,-179665.26139882064
6763,-179397.38115636836
6764,-179433.56481945104
6765,-179344.8108732196
6766,-179311.60356046894
6767,-179321.50301073564
6768,-179665.26139882064
6769,-179411.38222622298
6770,-179429.19880429696
6771,-179344.3854450678
6772,-179303.24854810507
6773,-179238.03452128125
6774,-179665.26139882064
6775,-179436.3531123977
6776,-179447.89491638314
6777,-179338.78790112498
6778,-179285.92438115587
6779,-179385.63908756227
6780,-179665.26139882064
6781,-179421.72464126797
6782,-179463.32162630474
6783,-179332.9105188048
6784,-179360.40498514386
6785,-179408.1177246125
6786,-179665.26139882064
6787,-179400.0986553764
6788,-179405.6112643446
6789,-179324.39948289763
6790,-179433.04345649268
6791,-179421.5130688903
6792,-179665.26139882064
6793,-179439.09703746153
6794,-179416.11885787046
6795,-179331.01380282454
6796,-179410.19288848175
6797,-179399.4522976676
6798,-179665.26139882064
6799,-179439.2992486787
6800,-179386.00135773863
6801,-179326.18388042387
6802,-179387.06658654707
6803,-179389.4876040549
6804,-179665.26139882064
6805,-179419.93774151363
6806,-179358.48702937944
6807,-179367.5808209199
6808,-179338.91593944884
6809,-179364.83775542091
6810,-179665.26139882064
6811,-179423.61833292092
6812,-179387.44022962058
6813,-179388.28953288862
6814,-179374.82227669167
6815,-179396.02663511236
6816,-179665.26139882064
6817,-179340.40212997768
6818,-179440.15993756943
6819,-179343.91043634148
6820,-179391.85752482468
6821,-179397.85477516957
6822,-179665.26139882064
6823,-179310.10963511455
6824,-179445.1744691795
6825,-179378.96626837295
6826,-179354.5340809149
6827,-179380.56054430152
6828,-179665.26139882064
6829,-179349.80808266337
6830,-179430.75398541332
6831,-179406.85004193083
6832,-179318.10921427398
6833,-179401.69285963167
6834,-179665.26139882064
6835,-179353.11368699893
6836,-179446.95699170523
6837,-179414.61132201442
6838,-179358.69589660704
6839,-179350.6609946329
6840,-179665.26139882064
6841,-179351.06749927314
6842,-179443.19997944683
6843,-179406.3931790199
6844,-179383.10254305007
6845,-179302.831685905
6846,-179665.26139882064
6847,-179320.72531410775
6848,-179421.84871294507
6849,-179398.11071682454
6850,-179413.03123956584
6851,-179310.51049696692
6852,-179665.26139882064
6853,-179302.21038681583
6854,-179428.08938698613
6855,-179391.67717169033
6856,-179434.12171248798
6857,-179332.6897409997
6858,-179665.26139882064
6859,-179314.12041472178
6860,-179432.24310290627
6861,-179386.64464985972
6862,-179410.83698176345
6863,-179284.91411707157
6864,-179665.26139882064
6865,-179294.77990978415
6866,-179448.65163126297
6867,-179390.9654232762
6868,-179421.45072219378
6869,-179259.68340682724
6870,-179665.26139882064
6871,-179169.53960411414
6872,-179398.82775277024
6873,-179391.3692410319
6874,-179461.40601744168
6875,-179306.13613031554
6876,-179665.26139882064
6877,-179352.96446986572
6878,-179364.59033255777
6879,-179408.8573481911
6880,-179467.48225333975
6881,-179332.07143408086
6882,-179665.26139882064
6883,-179379.7872659442
6884,-179342.68670035555
6885,-179393.5030804853
6886,-179455.72208204426
6887,-179347.04232684162
6888,-179665.26139882064
6889,-179393.87436068687
6890,-179374.46588311254
6891,-179377.57733044605
6892,-179425.06321450742
6893,-179375.02870424223
6894,-179665.26139882064
6895,-179357.9179356137
6896,-179377.6625908348
6897,-179390.84188731483
6898,-179462.1642373718
6899,-179388.96908574365
6900,-179665.26139882064
6901,-179364.31693246053
6902,-179411.35678443676
6903,-179381.40608326512
6904,-179448.65391341556
6905,-179398.15590365703
6906,-179665.26139882064
6907,-179354.21212571632
6908,-179426.73959627334
6909,-179373.39739571043
6910,-179421.39632540065
6911,-179357.96412918167
6912,-179665.26139882064
6913,-179404.51589799533
6914,-179408.7182730021
6915,-179392.6987780083
6916,-179396.39856608264
6917,-179394.30534562122
6918,-179665.26139882064
6919,-179405.00060167408
6920,-179396.04331778106
6921,-179413.10623309115
6922,-179422.9872930509
6923,-179388.69837831642
6924,-179665.26139882064
6925,-179415.89121517394
6926,-179396.0561468756
6927,-179457.80930836618
6928,-179414.7525270106
6929,-179412.17338236186
6930,-179665.26139882064
6931,-179388.53359230648
6932,-179421.27243333662
6933,-179450.34693542626
6934,-179443.9044770066
6935,-179407.09632142234
6936,-179665.26139882064
6937,-179438.93772638545
6938,-179424.2186269752
6939,-179428.2380851521
6940,-179411.29460153458
6941,-179374.83901564675
6942,-179665.26139882064
6943,-179456.78943741863
6944,-179412.0984800083
6945,-179425.52009789218
6946,-179323.8456716248
6947,-179272.75414335905
6948,-179665.26139882064
6949,-179424.5085308042
6950,-179408.75582921322
6951,-179399.07140594436
6952,-179265.56115071417
6953,-179126.44007762702
6954,-179665.26139882064
6955,-179438.7683272346
6956,-179399.0989967577
6957,-179384.3504441267
6958,-179340.99792697767
6959,-179197.86659870273
6960,-179665.26139882064
6961,-179436.98385647967
6962,-179369.43337078707
6963,-179405.27257077218
6964,-179377.53643928032
6965,-179289.0330004828
6966,-179665.26139882064
6967,-179443.96787693526
6968,-179373.71687456148
6969,-179423.4033241411
6970,-179366.67797826065
6971,-179313.2792298279
6972,-179665.26139882064
6973,-179221.97943635678
6974,-179386.0385975129
6975,-179410.70865024775
6976,-179382.7684985376
6977,-179319.6687681369
6978,-179665.26139882064
6979,-179191.40930946433
6980,-179376.37025312457
6981,-179366.67139274665
6982,-179383.1781109341
6983,-179270.7987428214
6984,-179665.26139882064
6985,-179299.982987037
6986,-179394.5081069935
6987,-179415.4269519091
6988,-179309.72186261593
6989,-179352.6727451498
6990,-179665.26139882064
6991,-179337.0838713777
6992,-179412.44816330032
6993,-179423.95548650352
6994,-179194.26442798076
6995,-179138.26456999
6996,-179665.26139882064
6997,-179374.314928644
6998,-179421.37177070472
6999,-179446.5466979829
7000,-179086.7126174375
7001,-179370.68496645783
7002,-179665.26139882064
7003,-179403.030269167
7004,-179389.18041387128
7005,-179436.44303627804
7006,-179133.29213743214
7007,-179245.14914436528
7008,-179665.26139882064
7009,-179373.52776269498
7010,-179401.79428994743
7011,-179437.2304871218
7012,-179169.86395762244
7013,-179379.238297318
7014,-179665.26139882064
7015,-179398.47484761296
7016,-179403.7442524463
7017,-179450.09165787985
7018,-179178.40008065064
7019,-179414.74617527094
7020,-179665.26139882064
7021,-179414.52587739195
7022,-179404.36694650928
7023,-179421.71216471933
7024,-179303.98119074845
7025,-179399.8175039702
7026,-179665.26139882064
7027,-179436.6832734521
7028,-179399.63319171165
7029,-179412.85595197423
7030,-179335.81502684538
7031,-179405.7271372831
7032,-179665.26139882064
7033,-179422.53092842276
7034,-179429.6978635648
7035,-179418.4406683715
7036,-179331.99005025747
7037,-179380.4545073798
7038,-179665.26139882064
7039,-179408.39045170337
7040,-179398.24539200534
7041,-179428.0996620022
7042,-179334.62641658224
7043,-179373.1619529277
7044,-179665.26139882064
7045,-179356.01253402242
7046,-179302.23441687314
7047,-179393.0327860794
7048,-179396.68946865166
7049,-179397.01359081198
7050,-179665.26139882064
7051,-179337.14730721596
7052,-179392.36230057228
7053,-179398.5647725092
7054,-179393.47955383404
7055,-179377.14627642246
7056,-179665.26139882064
7057,-179358.70547740124
7058,-179344.28241039393
7059,-179416.3320988241
7060,-179384.4328300131
7061,-179385.25996969626
7062,-179665.26139882064
7063,-179434.8193339907
7064,-179298.42601465838
7065,-179337.7400473074
7066,-179325.35364611828
7067,-179391.17942091878
7068,-179665.26139882064
7069,-179411.5433135771
7070,-179276.96403257718
7071,-179384.02917521712
7072,-179380.90028142667
7073,-179417.31101358094
7074,-179665.26139882064
7075,-179418.4905911365
7076,-179212.30967274096
7077,-179384.79700491994
7078,-179380.31595799368
7079,-179427.29312698374
7080,-179665.26139882064
7081,-179334.81559213618
7082,-179260.55708192062
7083,-179411.68432306193
7084,-179301.89189143642
7085,-179441.03239577907
7086,-179665.26139882064
7087,-179357.61119445376
7088,-179364.79526685708
7089,-179419.7217130514
7090,-179191.27692964152
7091,-179463.88153941982
7092,-179665.26139882064
7093,-179380.38828918015
7094,-179363.7889221084
7095,-179417.36626626417
7096,-179334.39777560483
7097,-179469.25028670052
7098,-179665.26139882064
7099,-179371.81305255517
7100,-179278.5381431068
7101,-179398.60253837373
7102,-179360.55707321758
7103,-179438.64072460245
7104,-179665.26139882064
7105,-179384.76316678597
7106,-179307.18968985506
7107,-179399.2833851215
7108,-179371.94292712916
7109,-179433.32980627668
7110,-179665.26139882064
7111,-179345.42189381437
7112,-179353.30808696465
7113,-179407.6537132701
7114,-179360.57639193963
7115,-179413.4017044277
7116,-179665.26139882064
7117,-179279.3209959994
7118,-179361.24519420628
7119,-179402.57921647283
7120,-179358.37572854446
7121,-179363.71308691546
7122,-179665.26139882064
7123,-179290.62031180336
7124,-179404.04721255734
7125,-179421.32528777575
7126,-179319.90932015382
7127,-179413.0672823865
7128,-179665.26139882064
7129,-179292.19723404324
7130,-179374.5521469227
7131,-179390.7980818968
7132,-179373.10488463228
7133,-179364.6674743302
7134,-179665.26139882064
7135,-179326.42121553174
7136,-179372.8488119766
7137,-179393.66149801153
7138,-179374.4026404317
7139,-179355.9724047261
7140,-179665.26139882064
7141,-179337.4498593053
7142,-179429.7238282801
7143,-179378.39479648203
7144,-179380.972876988
7145,-179400.9324331662
7146,-179665.26139882064
7147,-179414.30517463645
7148,-179415.37162157096
7149,-179372.576759499
7150,-179353.07128059573
7151,-179413.96314133768
7152,-179665.26139882064
7153,-179444.4315707595
7154,-179418.01686831925
7155,-179417.69830608476
7156,-179351.4405525793
7157,-179433.80373495998
7158,-179665.26139882064
7159,-179442.96557038097
7160,-179344.47094085076
7161,-179401.5445462994
7162,-179400.76561206285
7163,-179389.8781802697
7164,-179665.26139882064
7165,-179420.35905099154
7166,-179304.71307927964
7167,-179415.9703891865
7168,-179240.26091816672
7169,-179344.91871061278
7170,-179665.26139882064
7171,-179391.63499054572
7172,-179286.51077331012
7173,-179401.2473136103
7174,-179204.36738901152
7175,-179361.80430938402
7176,-179665.26139882064
7177,-179342.08193977232
7178,-179364.61594375933
7179,-179357.6245176052
7180,-179382.90077749063
7181,-179328.25592382354
7182,-179665.26139882064
7183,-178958.92298338725
7184,-179331.97864917657
7185,-179354.1145439933
7186,-179371.49942130194
7187,-179364.1188550393
7188,-179665.26139882064
7189,-179263.461763898
7190,-179294.9419460317
7191,-179358.0272647274
7192,-179387.39076017277
7193,-179362.40578870988
7194,-179665.26139882064
7195,-179172.55460782273
7196,-179226.8959378005
7197,-179349.64733554263
7198,-179366.61837974424
7199,-179401.30179446374
7200,-179665.26139882064
7201,-179121.72995056878
7202,-179264.22198008877
7203,-179367.69570094201
7204,-179321.6282347415
7205,-179374.7940271455
7206,-179665.26139882064
7207,-179291.3472060533
7208,-179170.29892654976
7209,-179391.29336726488
7210,-179326.62690098456
7211,-179369.19412667103
7212,-179665.26139882064
7213,-179314.945176007
7214,-179178.62234591422
7215,-179400.66113599367
7216,-179371.16324903784
7217,-179280.63640153228
7218,-179665.26139882064
7219,-179139.83083799225
7220,-179323.8040948173
7221,-179372.62348652963
7222,-179317.67379008429
7223,-179321.74494239414
7224,-179665.26139882064
7225,-179090.15209037875
7226,-179356.6285907201
7227,-179348.46765695518
7228,-179376.2682428871
7229,-179267.59159480903
7230,-179665.26139882064
7231,-179064.90748488327
7232,-179357.55928917034
7233,-179374.04279990727
7234,-179347.44459352686
7235,-179304.31146863426
7236,-179665.26139882064
7237,-179096.67409151111
7238,-179241.85533783934
7239,-179374.0481675533
7240,-179247.66951429233
7241,-179320.2063389886
7242,-179665.26139882064
7243,-179240.62789038583
7244,-179075.76603144582
7245,-179344.6181284342
7246,-179270.6703118898
7247,-179322.13391108759
7248,-179665.26139882064
7249,-179200.3143715843
7250,-179336.79052027786
7251,-179352.1634541486
7252,-179310.987229888
7253,-179314.79820888684
7254,-179665.26139882064
7255,-179117.797182433
7256,-179264.96693793655
7257,-179334.9043165755
7258,-179239.24224172882
7259,-179374.9945177248
7260,-179665.26139882064
7261,-179055.6337476361
7262,-179383.04550597497
7263,-179289.15907453644
7264,-179231.0169165062
7265,-179216.90253608997
7266,-179665.26139882064
7267,-179295.49405445164
7268,-179355.6238108459
7269,-179255.88611001047
7270,-179254.95841631983
7271,-179350.90017527263
7272,-179665.26139882064
7273,-179253.5627029719
7274,-179366.3160979847
7275,-179389.24601169632
7276,-179375.29718247455
7277,-179309.48724424615
7278,-179665.26139882064
7279,-179247.7661724808
7280,-179282.6653708873
7281,-179346.9591561168
7282,-179304.62369700923
7283,-179325.4228625821
7284,-179665.26139882064
7285,-179243.95868940905
7286,-179354.19275247154
7287,-179312.68583538372
7288,-179297.9748401929
7289,-179375.9100500412
7290,-179665.26139882064
7291,-179227.70417804978
7292,-179311.814577238
7293,-179356.14870575807
7294,-179361.55820895048
7295,-179414.58581102488
7296,-179665.26139882064
7297,-179199.5324085513
7298,-179290.8517992805
7299,-179358.48457494174
7300,-179354.4965867939
7301,-179420.47231420167
7302,-179665.26139882064
7303,-179215.99489466677
7304,-179297.9538202131
7305,-179329.3635742411
7306,-179349.63089073994
7307,-179360.62400701508
7308,-179665.26139882064
7309,-179263.6622662425
7310,-179116.3997459488
7311,-179240.0135162523
7312,-179325.76595373743
7313,-179309.41586046468
7314,-179665.26139882064
7315,-179205.51296202818
7316,-178903.51552444758
7317,-179251.9705278186
7318,-179143.55567957647
7319,-179295.2305109784
7320,-179665.26139882064
7321,-179111.52514786064
7322,-178781.44477944964
7323,-179286.04548818848
7324,-178734.51414872988
7325,-178948.17278680007
7326,-179665.26139882064
7327,-179336.03640338342
7328,-179089.39216176845
7329,-179266.6565315604
7330,-179067.7285711056
7331,-179176.15881374665
7332,-179665.26139882064
7333,-179285.80607023646
7334,-179144.4660067273
7335,-179278.4742596776
7336,-179106.57865259468
7337,-179104.32058904527
7338,-179665.26139882064
7339,-179343.3954738745
7340,-179075.65978190108
7341,-179300.22023339698
7342,-179191.57693316884
7343,-179282.0192618563
7344,-179665.26139882064
7345,-179326.96235226677
7346,-179199.4522601321
7347,-179265.1987066504
7348,-179221.65668914575
7349,-179318.36495804568
7350,-179665.26139882064
7351,-179292.49655776017
7352,-179171.06580330932
7353,-179479.1028784306
7354,-179249.86896720322
7355,-179379.02727353884
7356,-179665.26139882064
7357,-179401.22305994938
7358,-179225.5591664775
7359,-179481.8701871966
7360,-179149.0458309775
7361,-179315.36600736264
7362,-179665.26139882064
7363,-179430.43755110484
7364,-179100.43569206947
7365,-179394.35309294288
7366,-179132.84434480296
7367,-179345.4015846959
7368,-179665.26139882064
7369,-179424.6952140143
7370,-179024.04487316223
7371,-179370.87539774604
7372,-179229.32892975805
7373,-179084.19573523966
7374,-179665.26139882064
7375,-179402.2591905436
7376,-179139.26586475063
7377,-179332.74378397982
7378,-179190.58197498997
7379,-179197.99229455573
7380,-179665.26139882064
7381,-179411.5638521054
7382,-179138.41986498667
7383,-179372.98607734754
7384,-179214.64212394197
7385,-179050.5986297666
7386,-179665.26139882064
7387,-179383.41543768035
7388,-178975.27371390062
7389,-179395.297265911
7390,-179300.03133044732
7391,-178944.235424182
7392,-179665.26139882064
7393,-179380.56504499272
7394,-178874.50123045433
7395,-179412.1323877241
7396,-179275.58402388112
7397,-179043.89177778419
7398,-179665.26139882064
7399,-179395.59621742257
7400,-178835.71433267364
7401,-179409.22604416087
7402,-179254.11187174183
7403,-179263.2633764777
7404,-179665.26139882064
7405,-179381.68202322748
7406,-179091.80950344008
7407,-179410.3351631957
7408,-179248.4660541571
7409,-179303.47936437873
7410,-179665.26139882064
7411,-179343.7219359537
7412,-179053.90010253055
7413,-179387.79724652207
7414,-179283.25764456167
7415,-179292.7563094965
7416,-179665.26139882064
7417,-179352.93348706496
7418,-179015.203585987
7419,-179396.658560308
7420,-179296.7416384495
7421,-179295.09399526264
7422,-179665.26139882064
7423,-179083.14045428633
7424,-179170.27468327514
7425,-179376.14525982222
7426,-179260.79448561685
7427,-179250.3577992438
7428,-179665.26139882064
7429,-178709.38725904288
7430,-179227.5040126115
7431,-179355.79766151574
7432,-179266.73163900367
7433,-179402.57620810875
7434,-179665.26139882064
7435,-178692.06498203852
7436,-179308.67903622604
7437,-179337.22009465625
7438,-179199.25640449655
7439,-179398.6228207368
7440,-179665.26139882064
7441,-178940.13209691178
7442,-179344.0802853592
7443,-179238.22436442133
7444,-179254.37455148526
7445,-179405.5756356482
7446,-179665.26139882064
7447,-179150.8972585785
7448,-179219.36229589453
7449,-179327.34327847196
7450,-179208.4143878019
7451,-179372.89513622056
7452,-179665.26139882064
7453,-178955.0674760935
7454,-179082.14002206302
7455,-179365.749349092
7456,-179273.3393093559
7457,-179382.81023217773
7458,-179665.26139882064
7459,-179029.9636121486
7460,-179063.34006686945
7461,-179330.02064486005
7462,-179241.81701136107
7463,-179359.61158905007
7464,-179665.26139882064
7465,-178468.8998588539
7466,-179151.7908027758
7467,-179286.46572496873
7468,-179195.9669920616
7469,-179094.75447222646
7470,-179665.26139882064
7471,-178634.66444939224
7472,-179321.03597708314
7473,-179288.84936081973
7474,-178999.61131056648
7475,-179358.75008846473
7476,-179665.26139882064
7477,-178965.05380379962
7478,-179320.18513772142
7479,-179348.03023419285
7480,-178870.50913374987
7481,-179372.88238790297
7482,-179665.26139882064
7483,-179089.0638800931
7484,-179326.06761902905
7485,-179299.56875756942
7486,-178576.88191267583
7487,-179343.69560431098
7488,-179665.26139882064
7489,-179195.20552258127
7490,-179369.8702519514
7491,-179076.06486848934
7492,-179227.4383579567
7493,-179352.94605042486
7494,-179665.26139882064
7495,-179180.87300015602
7496,-179376.46486904423
7497,-179246.94026840886
7498,-179286.51240018773
7499,-179375.557232983
7500,-179665.26139882064
7501,-179079.1129660649
7502,-179406.19291591656
7503,-179395.03447937215
7504,-179091.39766888792
7505,-179405.576227116
7506,-179665.26139882064
7507,-179037.3573066059
7508,-179425.39376883715
7509,-179379.62457575745
7510,-179208.70887390294
7511,-179420.41007315216
7512,-179665.26139882064
7513,-179061.59006057322
7514,-179416.3307464292
7515,-179350.45018976295
7516,-179278.13766958448
7517,-179388.7052531971
7518,-179665.26139882064
7519,-179011.93955584787
7520,-179427.72692836745
7521,-179334.45722559348
7522,-179294.62702788896
7523,-179362.29598259533
7524,-179665.26139882064
7525,-178910.5045891575
7526,-179436.06550635753
7527,-179424.30037187823
7528,-179280.6571217923
7529,-179405.38228173868
7530,-179665.26139882064
7531,-178952.70212868167
7532,-179433.6131319391
7533,-179342.51725719674
7534,-179289.70079572493
7535,-179382.26411320284
7536,-179665.26139882064
7537,-179017.52418222808
7538,-179434.05880430137
7539,-179288.9760883534
7540,-179198.4403455259
7541,-179403.38572792383
7542,-179665.26139882064
7543,-178908.25716644336
7544,-179428.50677021
7545,-179293.80395996236
7546,-179196.5733345433
7547,-179359.29262471333
7548,-179665.26139882064
7549,-178938.04419699172
7550,-179456.56460705123
7551,-179007.8848913712
7552,-179245.70923425126
7553,-179338.81687001153
7554,-179665.26139882064
7555,-179010.76385920952
7556,-179457.08921176897
7557,-179179.95213740552
7558,-179319.56295494852
7559,-179402.274317287
7560,-179665.26139882064
7561,-179103.09213978666
7562,-179453.89671414063
7563,-179370.4793242928
7564,-179311.54654092426
7565,-179397.9246991175
7566,-179665.26139882064
7567,-179049.3219108924
7568,-179430.10588109295
7569,-179299.82002115014
7570,-179355.24605991293
7571,-179383.61390763335
7572,-179665.26139882064
7573,-179033.3773421992
7574,-179423.45259709383
7575,-179253.683422766
7576,-179344.1459413049
7577,-179321.55558083698
7578,-179665.26139882064
7579,-178896.78876799022
7580,-179424.26380185896
7581,-179294.99283438348
7582,-179268.53441010558
7583,-179386.25414980826
7584,-179665.26139882064
7585,-179125.93753325572
7586,-179405.16044688763
7587,-179222.1300805377
7588,-179330.11709771864
7589,-179345.64140084284
7590,-179665.26139882064
7591,-179169.89211912057
7592,-179400.67520424104
7593,-179262.42068245314
7594,-179313.0063137849
7595,-179372.44908925376
7596,-179665.26139882064
7597,-179191.21835858113
7598,-179432.3412020366
7599,-179355.78102301466
7600,-179294.7979928524
7601,-179295.48561211655
7602,-179665.26139882064
7603,-179030.54897351548
7604,-179344.13270171845
7605,-179361.88391268076
7606,-179301.16226216688
7607,-179337.59306025784
7608,-179665.26139882064
7609,-178725.43775314055
7610,-179349.7792315279
7611,-179355.72697844895
7612,-179241.8883566892
7613,-179393.85868243745
7614,-179665.26139882064
7615,-178975.862940355
7616,-179387.89658068467
7617,-179324.602254688
7618,-179285.51760448364
7619,-179405.39871863407
7620,-179665.26139882064
7621,-178951.20689264283
7622,-179374.81616929654
7623,-179288.04780987365
7624,-179320.56686712237
7625,-179353.78100620364
7626,-179665.26139882064
7627,-179025.80141772208
7628,-179412.3062399011
7629,-179210.81537036857
7630,-179309.55113554155
7631,-179367.69544217817
7632,-179665.26139882064
7633,-179094.61504706935
7634,-179416.00170437223
7635,-179232.2059145833
7636,-179315.95345683087
7637,-179355.26926727584
7638,-179665.26139882064
7639,-179122.16482764782
7640,-179411.23687262303
7641,-179232.79346389612
7642,-179292.30831632033
7643,-179371.689721201
7644,-179665.26139882064
7645,-179112.20389714127
7646,-179369.35672505244
7647,-179308.37377934242
7648,-179221.22475979466
7649,-179401.2778292569
7650,-179665.26139882064
7651,-179114.05890137778
7652,-179427.07035402115
7653,-179264.6026845548
7654,-179274.5766812399
7655,-179390.83922654847
7656,-179665.26139882064
7657,-178946.12689961298
7658,-179390.81065158834
7659,-179363.44587735887
7660,-179173.0903922324
7661,-179328.16663328384
7662,-179665.26139882064
7663,-178750.0725674701
7664,-179393.87149322164
7665,-179350.90883750864
7666,-179095.34490917195
7667,-179411.37982024922
7668,-179665.26139882064
7669,-177923.31703365932
7670,-179425.71820661507
7671,-179264.29769650823
7672,-179178.97942340327
7673,-179380.39451383046
7674,-179665.26139882064
7675,-178491.3948814158
7676,-179387.99396427558
7677,-179361.21223354604
7678,-179081.9185471724
7679,-179423.08829517686
7680,-179665.26139882064
7681,-178515.03354977907
7682,-179366.0905082226
7683,-179385.34458719796
7684,-178985.01081865272
7685,-179371.3022072535
7686,-179665.26139882064
7687,-178836.79601560053
7688,-179390.8213051162
7689,-179383.80032658158
7690,-179140.86034961857
7691,-179376.03203670128
7692,-179665.26139882064
7693,-179202.2976285651
7694,-179390.10137067377
7695,-179340.32926414252
7696,-179159.40535215585
7697,-179394.89150260072
7698,-179665.26139882064
7699,-179173.48904682498
7700,-179448.7576226186
7701,-179300.61475360126
7702,-179164.10007557436
7703,-179404.16103312594
7704,-179665.26139882064
7705,-179118.58160994158
7706,-179476.94814119133
7707,-179392.85995212605
7708,-179213.60763063453
7709,-179381.09027045206
7710,-179665.26139882064
7711,-179058.9661214725
7712,-179326.70612321992
7713,-179391.95425195285
7714,-179289.0425748639
7715,-179381.77356624755
7716,-179665.26139882064
7717,-179115.67920215748
7718,-179284.9070023957
7719,-179408.79519790318
7720,-179114.32638901664
7721,-179386.34359162577
7722,-179665.26139882064
7723,-179203.3113441765
7724,-179282.12777769266
7725,-179389.1913903554
7726,-179252.90163087592
7727,-179307.5803635695
7728,-179665.26139882064
7729,-179197.5746262103
7730,-179350.70192776894
7731,-179374.71998366632
7732,-179304.19901331794
7733,-179312.4503080912
7734,-179665.26139882064
7735,-179318.24046952286
7736,-179294.52013158624
7737,-179390.1555782967
7738,-179193.87758046447
7739,-179327.49618436972
7740,-179665.26139882064
7741,-179303.82956223583
7742,-179347.83089051337
7743,-179389.31088249668
7744,-179240.37594182263
7745,-179371.4266082042
7746,-179665.26139882064
7747,-179122.08787614817
7748,-179364.14043787366
7749,-179439.28086636655
7750,-179262.61409326145
7751,-179363.31858226116
7752,-179665.26139882064
7753,-178974.76483381176
7754,-179420.68625842084
7755,-179340.735270036
7756,-179217.7556745858
7757,-179329.52205081278
7758,-179665.26139882064
7759,-178912.65579050768
7760,-179364.2903345313
7761,-179411.8386979471
7762,-179136.31301202413
7763,-179390.3017295489
7764,-179665.26139882064
7765,-179266.16307320126
7766,-179377.5064095652
7767,-179429.6496679357
7768,-179287.6824248408
7769,-179397.47008104064
7770,-179665.26139882064
7771,-179316.59371409856
7772,-179391.72985584635
7773,-179387.75631874552
7774,-179253.24860536517
7775,-179268.8186867687
7776,-179665.26139882064
7777,-179351.64109739885
7778,-179300.17727152063
7779,-179345.71705927743
7780,-179258.99849480376
7781,-179289.25433378687
7782,-179665.26139882064
7783,-179368.02589434982
7784,-179335.20703426446
7785,-179327.8564677658
7786,-179386.963736759
7787,-179416.3467894295
7788,-179665.26139882064
7789,-179396.3881013624
7790,-179317.08573871278
7791,-179369.45228445187
7792,-179363.57705168863
7793,-179364.65647933588
7794,-179665.26139882064
7795,-179383.83604676163
7796,-179262.88341225815
7797,-179365.3461181293
7798,-179376.0712553432
7799,-179360.80162801137
7800,-179665.26139882064
7801,-179395.91919644852
7802,-179230.33004982406
7803,-179350.56578217974
7804,-179392.49516067468
7805,-179397.56173907002
7806,-179665.26139882064
7807,-179353.44492110726
7808,-178811.27275374412
7809,-179411.0684835569
7810,-179233.89057692126
7811,-179379.64731241387
7812,-179665.26139882064
7813,-179358.39131660952
7814,-178864.9465265406
7815,-179416.67759025237
7816,-179165.92802426135
7817,-179388.46795177762
7818,-179665.26139882064
7819,-179375.6951356237
7820,-179193.78865125673
7821,-179409.89603223078
7822,-179300.18334142645
7823,-179309.72706798973
7824,-179665.26139882064
7825,-179378.99252227574
7826,-178851.76925739888
7827,-179424.44149916453
7828,-179219.23273402549
7829,-179421.70915688956
7830,-179665.26139882064
7831,-179384.33563379192
7832,-179029.94692124735
7833,-179365.97508316033
7834,-179131.5267383059
7835,-179443.9894636312
7836,-179665.26139882064
7837,-179393.85469873378
7838,-179167.78517200207
7839,-179347.59377799096
7840,-179088.2432374606
7841,-179422.58950421843
7842,-179665.26139882064
7843,-179372.741285221
7844,-179231.13705303214
7845,-179355.98854973586
7846,-179164.1720407685
7847,-179413.99939023514
7848,-179665.26139882064
7849,-179213.51633770135
7850,-179110.42225640977
7851,-179388.8655422291
7852,-179214.01488459867
7853,-179396.95283752258
7854,-179665.26139882064
7855,-179317.57292186716
7856,-179042.61687618375
7857,-179341.7234831143
7858,-179234.8033677043
7859,-179318.9742028182
7860,-179665.26139882064
7861,-179373.90777513196
7862,-179165.0788785346
7863,-179392.42482993624
7864,-179395.53819827823
7865,-179319.53621387595
7866,-179665.26139882064
7867,-179339.46435922227
7868,-178860.8913743863
7869,-179401.09794302646
7870,-179390.5783311502
7871,-179303.60229933567
7872,-179665.26139882064
7873,-179264.83246701004
7874,-179008.12517581653
7875,-179435.66325480433
7876,-179403.04737156065
7877,-179363.45021523008
7878,-179665.26139882064
7879,-179205.41402453367
7880,-179091.8299148618
7881,-179346.53567864868
7882,-179384.88336794203
7883,-179376.37361568882
7884,-179665.26139882064
7885,-179231.77337789908
7886,-179196.72086000137
7887,-179401.6377773774
7888,-179373.6176063986
7889,-179355.7115923589
7890,-179665.26139882064
7891,-179260.61588376315
7892,-179101.76103364152
7893,-179136.0755880615
7894,-179346.2182782783
7895,-179401.86400929088
7896,-179665.26139882064
7897,-179222.63870906283
7898,-179172.80771431973
7899,-179370.75741412025
7900,-179253.59757132403
7901,-179397.2051013238
7902,-179665.26139882064
7903,-179138.40263047078
7904,-179125.7750636724
7905,-179352.74527081897
7906,-179229.60464410434
7907,-179335.71817524906
7908,-179665.26139882064
7909,-179197.98822274964
7910,-179235.3206096538
7911,-179399.74736989476
7912,-179105.6111409368
7913,-179413.64131725678
7914,-179665.26139882064
7915,-179143.6009743816
7916,-179269.70808300882
7917,-179399.22946822213
7918,-179139.77889401861
7919,-179405.8411315129
7920,-179665.26139882064
7921,-179212.9822438227
7922,-179245.07224687643
7923,-179389.08153816735
7924,-178922.08776334053
7925,-179394.06575030996
7926,-179665.26139882064
7927,-179206.38420925706
7928,-179156.6974027848
7929,-179383.32689476784
7930,-178636.97206029415
7931,-179322.89346810736
7932,-179665.26139882064
7933,-179148.98637816522
7934,-179082.2599211294
7935,-179404.67392574262
7936,-179292.41706855386
7937,-179274.0408845047
7938,-179665.26139882064
7939,-179067.31056039964
7940,-178930.79955219143
7941,-179408.02199086378
7942,-179233.60159568337
7943,-179254.66227701955
7944,-179665.26139882064
7945,-179014.19040721116
7946,-179238.36706735924
7947,-179350.8180277405
7948,-179255.21805628217
7949,-179334.1328494326
7950,-179665.26139882064
7951,-179184.40796721078
7952,-179218.08865535838
7953,-179364.6140418912
7954,-179354.52911270276
7955,-179343.34282987716
7956,-179665.26139882064
7957,-179019.76802445776
7958,-179018.28340758022
7959,-179310.83480675213
7960,-179306.58918642136
7961,-179387.13792535334
7962,-179665.26139882064
7963,-179149.62561848635
7964,-179077.2464419623
7965,-179364.1367093162
7966,-179396.2877781503
7967,-179376.9655733853
7968,-179665.26139882064
7969,-179136.95172616394
7970,-179076.07723575993
7971,-179397.78907045512
7972,-179369.69222579314
7973,-179350.42331685947
7974,-179665.26139882064
7975,-179298.25979269244
7976,-179008.00076190243
7977,-179325.56089926884
7978,-179326.98912758962
7979,-179237.65492713955
7980,-179665.26139882064
7981,-179271.69343611092
7982,-179223.08950000035
7983,-179403.3677452463
7984,-179251.74191202695
7985,-179343.81574740008
7986,-179665.26139882064
7987,-179339.05908482536
7988,-179302.41350021568
7989,-179441.3419853685
7990,-179013.46443153278
7991,-179421.78503874523
7992,-179665.26139882064
7993,-179349.4635788738
7994,-179353.82886706755
7995,-179387.5634543985
7996,-179271.57310963786
7997,-179383.90269170245
7998,-179665.26139882064
7999,-179368.63496226276
8000,-179339.8492500833
8001,-179354.12156337633
8002,-179396.9960411498
8003,-179384.15167842183
8004,-179665.26139882064
8005,-179199.57000054017
8006,-179376.83140024357
8007,-179337.70894971612
8008,-179364.14834051832
8009,-179388.7040095756
8010,-179665.26139882064
8011,-179015.48360415018
8012,-179397.03321360506
8013,-179368.68312413353
8014,-179336.22841593687
8015,-179417.49675326198
8016,-179665.26139882064
8017,-178830.9271847072
8018,-179352.40635604673
8019,-179350.26886644735
8020,-179316.74277967858
8021,-179416.68344708913
8022,-179665.26139882064
8023,-178705.89345446863
8024,-179310.53397861903
8025,-179338.92271933216
8026,-179339.1351267269
8027,-179414.41463952456
8028,-179665.26139882064
8029,-178828.97399059834
8030,-179281.32627181697
8031,-179320.0321782196
8032,-179359.19461365836
8033,-179380.91647062943
8034,-179665.26139882064
8035,-178774.6251070588
8036,-179293.17667194168
8037,-179408.71907670182
