step,image,energy_eV,rel_to_image0_eV
0,0,-179665.26139882064,0.0
0,1,-179675.48216976307,-10.220770942425588
0,2,-179670.37454222146,-5.113143400812987
0,3,-179673.99472424173,-8.733325421082554
0,4,-179674.04197280674,-8.78057398609235
0,5,-179675.03500944775,-9.773610627104063
1,0,-179665.26139882064,0.0
1,1,-179676.0455251053,-10.784126284648664
1,2,-179675.45671866694,-10.195319846301572
1,3,-179675.9146197976,-10.653220976964803
1,4,-179676.1237250849,-10.862326264264993
1,5,-179676.3917466059,-11.130347785248887
2,0,-179665.26139882064,0.0
2,1,-179676.83386367428,-11.572464853641577
2,2,-179676.80961683477,-11.548218014126178
2,3,-179676.75651984796,-11.495121027313871
2,4,-179676.69541264372,-11.434013823076384
2,5,-179676.7724320037,-11.51103318305104
3,0,-179665.26139882064,0.0
3,1,-179677.00719169242,-11.745792871777667
3,2,-179676.9610417437,-11.699642923049396
3,3,-179676.82220424362,-11.560805422981502
3,4,-179676.74446513763,-11.48306631698506
3,5,-179676.86506627235,-11.603667451709043
4,0,-179665.26139882064,0.0
4,1,-179677.05978837822,-11.79838955757441
4,2,-179677.05381146612,-11.792412645474542
4,3,-179676.89233572915,-11.630936908506555
4,4,-179676.80843868307,-11.54703986243112
4,5,-179676.91504498254,-11.653646161896177
5,0,-179665.26139882064,0.0
5,1,-179677.10876823153,-11.847369410883402
5,2,-179676.88612384902,-11.624725028377725
5,3,-179676.8649613248,-11.603562504169531
5,4,-179676.84954555685,-11.58814673620509
5,5,-179676.8171930649,-11.555794244253775
6,0,-179665.26139882064,0.0
6,1,-179677.09612726985,-11.834728449204704
6,2,-179676.68437803953,-11.422979218885303
6,3,-179676.86652555602,-11.605126735375961
6,4,-179676.72384509572,-11.462446275079856
6,5,-179676.7671587321,-11.505759911466157
7,0,-179665.26139882064,0.0
7,1,-179677.08292102,-11.821522199345054
7,2,-179676.54102012923,-11.279621308582136
7,3,-179676.8819235819,-11.620524761267006
7,4,-179676.64157249068,-11.380173670040676
7,5,-179676.80515392538,-11.543755104736192
8,0,-179665.26139882064,0.0
8,1,-179677.1210026783,-11.859603857650654
8,2,-179676.7035970616,-11.442198240954895
8,3,-179676.9758094785,-11.71441065784893
8,4,-179676.75735810873,-11.495959288091399
8,5,-179676.8579548818,-11.596556061151205
9,0,-179665.26139882064,0.0
9,1,-179677.17625183938,-11.914853018737631
9,2,-179676.89849627338,-11.63709745273809
9,3,-179677.04332051583,-11.781921695190249
9,4,-179676.8716876916,-11.610288870957447
9,5,-179676.81574623898,-11.554347418335965
10,0,-179665.26139882064,0.0
10,1,-179677.18713764346,-11.92573882281431
10,2,-179677.050857129,-11.789458308368921
10,3,-179677.09090745042,-11.829508629773045
10,4,-179676.89568439464,-11.634285573993111
10,5,-179676.5998459111,-11.338447090471163
11,0,-179665.26139882064,0.0
11,1,-179677.17982088815,-11.9184220675088
11,2,-179677.14999566515,-11.888596844510175
11,3,-179677.09302935336,-11.8316305327171
11,4,-179676.6638434106,-11.4024445899704
11,5,-179676.33062708785,-11.069228267209837
12,0,-179665.26139882064,0.0
12,1,-179677.20241744272,-11.941018622077536
12,2,-179677.16014814225,-11.898749321611831
12,3,-179677.087485759,-11.826086938352091
12,4,-179676.2954134238,-11.034014603152173
12,5,-179676.13274018283,-10.871341362188105
13,0,-179665.26139882064,0.0
13,1,-179677.2048386655,-11.943439844850218
13,2,-179677.19299938367,-11.931600563024404
13,3,-179677.14950524413,-11.888106423488352
13,4,-179676.44421179837,-11.182812977727735
13,5,-179675.94350379796,-10.68210497731343
14,0,-179665.26139882064,0.0
14,1,-179677.20747162352,-11.946072802878916
14,2,-179677.18645559446,-11.92505677381996
14,3,-179677.15310101616,-11.891702195513062
14,4,-179676.15662072616,-10.895221905520884
14,5,-179675.33632593593,-10.074927115289029
15,0,-179665.26139882064,0.0
15,1,-179677.20485152994,-11.943452709296253
15,2,-179677.10986859814,-11.848469777498394
15,3,-179677.1410582055,-11.87965938486741
15,4,-179675.6553010634,-10.393902242765762
15,5,-179673.89160157176,-8.630202751111938
16,0,-179665.26139882064,0.0
16,1,-179677.1990031476,-11.937604326958535
16,2,-179677.02360012743,-11.762201306788484
16,3,-179677.12302376432,-11.861624943674542
16,4,-179675.1258697219,-9.864470901258755
16,5,-179673.7380415854,-8.476642764755525
17,0,-179665.26139882064,0.0
17,1,-179677.19918680438,-11.937787983741146
17,2,-179677.02530093046,-11.763902109814808
17,3,-179677.13511476037,-11.873715939727845
17,4,-179675.6108301634,-10.349431342765456
17,5,-179674.32765388937,-9.066255068726605
18,0,-179665.26139882064,0.0
18,1,-179677.21274298773,-11.951344167086063
18,2,-179677.07999843033,-11.818599609687226
18,3,-179677.1647970297,-11.903398209047737
18,4,-179675.4248384571,-10.163439636467956
18,5,-179674.14218305674,-8.880784236098407
19,0,-179665.26139882064,0.0
19,1,-179677.20054144578,-11.93914262513863
19,2,-179676.92287664567,-11.661477825022303
19,3,-179677.14180170977,-11.880402889131801
19,4,-179675.3704024276,-10.109003606950864
19,5,-179674.33024572345,-9.068846902810037
20,0,-179665.26139882064,0.0
20,1,-179677.21769851347,-11.956299692828907
20,2,-179677.0090856004,-11.74768677976681
20,3,-179677.1322251626,-11.870826341968495
20,4,-179674.8064509593,-9.545052138651954
20,5,-179673.90472502704,-8.643326206394704
21,0,-179665.26139882064,0.0
21,1,-179677.21291340157,-11.951514580927324
21,2,-179677.04283062066,-11.781431800016435
21,3,-179677.16938497647,-11.90798615582753
21,4,-179675.36622845416,-10.104829633521149
21,5,-179674.26080263354,-8.999403812893433
22,0,-179665.26139882064,0.0
22,1,-179677.219234632,-11.95783581136493
22,2,-179676.98350388074,-11.722105060092872
22,3,-179677.16385709698,-11.902458276337711
22,4,-179675.3360225189,-10.074623698252253
22,5,-179674.16836908617,-8.90697026552516
23,0,-179665.26139882064,0.0
23,1,-179677.21903965482,-11.957640834181802
23,2,-179676.96700168384,-11.705602863192325
23,3,-179677.163321678,-11.90192285735975
23,4,-179675.0451598842,-9.783761063561542
23,5,-179673.80934768647,-8.547948865831131
24,0,-179665.26139882064,0.0
24,1,-179677.2179829798,-11.956584159168415
24,2,-179676.86818625985,-11.60678743920289
24,3,-179677.15519790832,-11.89379908767296
24,4,-179674.65719901386,-9.395800193218747
24,5,-179673.40508206957,-8.143683248927118
25,0,-179665.26139882064,0.0
25,1,-179677.22010017207,-11.95870135142468
25,2,-179676.701694633,-11.440295812353725
25,3,-179677.117562027,-11.856163206364727
25,4,-179673.60054523847,-8.339146417827578
25,5,-179671.04485313274,-5.783454312098911
26,0,-179665.26139882064,0.0
26,1,-179677.21211230123,-11.950713480589911
26,2,-179676.29472140505,-11.03332258440787
26,3,-179677.0015708012,-11.740171980549349
26,4,-179672.98921543095,-7.727816610306036
26,5,-179668.07139487698,-2.8099960563413333
27,0,-179665.26139882064,0.0
27,1,-179677.21611170226,-11.954712881619344
27,2,-179676.35974933862,-11.098350517975632
27,3,-179677.10234096838,-11.840942147740861
27,4,-179673.44166484344,-8.180266022798605
27,5,-179670.22281575418,-4.961416933540022
28,0,-179665.26139882064,0.0
28,1,-179677.21823162338,-11.956832802738063
28,2,-179676.40112150452,-11.139722683874425
28,3,-179677.11839248624,-11.856993665598566
28,4,-179673.8977514976,-8.636352676956449
28,5,-179671.33362487788,-6.0722260572365485
29,0,-179665.26139882064,0.0
29,1,-179677.21811742766,-11.956718607019866
29,2,-179676.34258203022,-11.08118320957874
29,3,-179677.0923527023,-11.830953881668393
29,4,-179674.50149461688,-9.240095796238165
29,5,-179671.97566389403,-6.714265073387651
30,0,-179665.26139882064,0.0
30,1,-179677.21651964358,-11.955120822938625
30,2,-179676.14802125673,-10.886622436082689
30,3,-179677.0593644411,-11.797965620469768
30,4,-179674.28360838076,-9.022209560120245
30,5,-179671.26778338215,-6.00638456150773
31,0,-179665.26139882064,0.0
31,1,-179677.20795483407,-11.946556013426743
31,2,-179675.90168472196,-10.640285901317839
31,3,-179676.98549588557,-11.724097064929083
31,4,-179673.88020160783,-8.618802787183085
31,5,-179669.04423122542,-3.7828324047732167
32,0,-179665.26139882064,0.0
32,1,-179677.205149556,-11.943750735343201
32,2,-179676.0629886568,-10.801589836162748
32,3,-179677.06125017928,-11.799851358635351
32,4,-179674.90675757843,-9.645358757785289
32,5,-179671.223685831,-5.96228701036307
33,0,-179665.26139882064,0.0
33,1,-179677.2134027058,-11.95200388514786
33,2,-179676.02268561433,-10.761286793684121
33,3,-179677.04541681567,-11.78401799502899
33,4,-179675.02716915944,-9.765770338795846
33,5,-179671.75177106794,-6.490372247295454
34,0,-179665.26139882064,0.0
34,1,-179677.2160221275,-11.954623306868598
34,2,-179676.05054131514,-10.789142494497355
34,3,-179677.03375105187,-11.772352231229888
34,4,-179675.30151321396,-10.040114393312251
34,5,-179672.3577613381,-7.096362517448142
35,0,-179665.26139882064,0.0
35,1,-179677.2144611403,-11.953062319662422
35,2,-179676.0423210537,-10.78092223306885
35,3,-179677.01620730283,-11.754808482190128
35,4,-179675.520953558,-10.259554737363942
35,5,-179672.7186036077,-7.457204787060618
36,0,-179665.26139882064,0.0
36,1,-179677.21121575483,-11.949816934182309
36,2,-179676.04745318127,-10.786054360622074
36,3,-179677.01290854515,-11.751509724505013
36,4,-179662.59408701328,2.6673118073667865
36,5,-179656.7713266082,8.49007221244392
37,0,-179665.26139882064,0.0
37,1,-179677.18286723553,-11.921468414890114
37,2,-179676.11156793617,-10.850169115525205
37,3,-179676.86786171343,-11.606462892785203
37,4,-179670.59047310232,-5.329074281675275
37,5,-179670.71553608516,-5.454137264518067
38,0,-179665.26139882064,0.0
38,1,-179677.1263833826,-11.864984561951132
38,2,-179676.05405378767,-10.792654967022827
38,3,-179676.74581299335,-11.484414172708057
38,4,-179670.82086382122,-5.559465000580531
38,5,-179670.2429955455,-4.981596724857809
39,0,-179665.26139882064,0.0
39,1,-179677.18418008497,-11.922781264322111
39,2,-179675.27087281106,-10.009473990416154
39,3,-179676.80474164142,-11.54334282077616
39,4,-179665.77207564207,-0.5106768214318436
39,5,-179666.73964336366,-1.4782445430173539
40,0,-179665.26139882064,0.0
40,1,-179677.1283723996,-11.866973578959005
40,2,-179673.1744817727,-7.913082952058176
40,3,-179676.56491562066,-11.303516800020589
40,4,-179668.008082573,-2.7466837523679715
40,5,-179665.45322160603,-0.1918227853893768
41,0,-179665.26139882064,0.0
41,1,-179677.17587331528,-11.914474494638853
41,2,-179676.04125925346,-10.779860432812711
41,3,-179676.91414931012,-11.652750489476603
41,4,-179671.5982066505,-6.33680782985175
41,5,-179670.10660658876,-4.845207768114051
42,0,-179665.26139882064,0.0
42,1,-179677.18130543912,-11.919906618481036
42,2,-179675.8960504965,-10.634651675849454
42,3,-179677.0194657984,-11.758066977752605
42,4,-179673.18387860444,-7.922479783796007
42,5,-179671.20383409684,-5.942435276199831
43,0,-179665.26139882064,0.0
43,1,-179677.18343822806,-11.922039407421835
43,2,-179676.36895060068,-11.107551780034555
43,3,-179676.99627212936,-11.73487330871285
43,4,-179673.47401210756,-8.212613286916167
43,5,-179671.4005920441,-6.139193223469192
44,0,-179665.26139882064,0.0
44,1,-179677.1984128093,-11.937013988645049
44,2,-179676.57749672706,-11.316097906412324
44,3,-179676.78464905848,-11.523250237834873
44,4,-179672.8329477428,-7.571548922162037
44,5,-179671.42270664216,-6.161307821515948
45,0,-179665.26139882064,0.0
45,1,-179677.19444211616,-11.933043295517564
45,2,-179676.7030080836,-11.441609262954444
45,3,-179676.81859937374,-11.557200553099392
45,4,-179673.28285984765,-8.021461027004989
45,5,-179672.72006417415,-7.458665353507968
46,0,-179665.26139882064,0.0
46,1,-179677.20236840926,-11.94096958861337
46,2,-179676.85788593756,-11.596487116912613
46,3,-179677.03758227977,-11.776183459121967
46,4,-179673.7828228231,-8.521424002450658
46,5,-179673.20592066724,-7.944521846598946
47,0,-179665.26139882064,0.0
47,1,-179677.20160133822,-11.940202517580474
47,2,-179676.80439679188,-11.542997971235309
47,3,-179676.86582519644,-11.604426375793992
47,4,-179672.75019837066,-7.488799550017575
47,5,-179671.851212836,-6.589814015344018
48,0,-179665.26139882064,0.0
48,1,-179677.13753577863,-11.87613695798791
48,2,-179676.1762946141,-10.91489579345216
48,3,-179676.53209039237,-11.270691571728094
48,4,-179672.88934059662,-7.627941775979707
48,5,-179670.53658483466,-5.275186014012434
49,0,-179665.26139882064,0.0
49,1,-179677.15787267638,-11.896473855740624
49,2,-179676.83271761745,-11.571318796806736
49,3,-179676.90612653864,-11.644727717997739
49,4,-179672.6978112545,-7.4364124338608235
49,5,-179672.42241461802,-7.161015797377331
50,0,-179665.26139882064,0.0
50,1,-179677.15087207546,-11.889473254821496
50,2,-179676.62659608212,-11.36519726147526
50,3,-179676.33249234426,-11.071093523612944
50,4,-179671.0016305768,-5.740231756150024
50,5,-179669.44219505854,-4.180796237895265
51,0,-179665.26139882064,0.0
51,1,-179677.13743325425,-11.876034433604218
51,2,-179676.5846719908,-11.323273170157336
51,3,-179676.601114255,-11.33971543435473
51,4,-179672.69176952075,-7.4303707001090515
51,5,-179672.54206417358,-7.280665352940559
52,0,-179665.26139882064,0.0
52,1,-179677.17135026498,-11.909951444336912
52,2,-179676.9023724017,-11.64097358105937
52,3,-179676.86216499345,-11.600766172807198
52,4,-179672.98001063085,-7.718611810210859
52,5,-179673.07666903822,-7.815270217572106
53,0,-179665.26139882064,0.0
53,1,-179677.18619995925,-11.924801138608018
53,2,-179676.7900070288,-11.52860820814385
53,3,-179676.81067264185,-11.549273821205134
53,4,-179672.51030429447,-7.248905473825289
53,5,-179673.11331414653,-7.851915325882146
54,0,-179665.26139882064,0.0
54,1,-179677.14607637533,-11.884677554684458
54,2,-179676.40972848498,-11.148329664341873
54,3,-179676.7726960329,-11.511297212244244
54,4,-179668.97937194924,-3.717973128601443
54,5,-179671.75071311163,-6.489314290985931
55,0,-179665.26139882064,0.0
55,1,-179677.15172185397,-11.890323033323511
55,2,-179675.9661088266,-10.704710005957168
55,3,-179676.51395807843,-11.252559257787652
55,4,-179666.26629021994,-1.004891399294138
55,5,-179667.34867022772,-2.0872714070719667
56,0,-179665.26139882064,0.0
56,1,-179677.1479757955,-11.886576974851778
56,2,-179676.3595613528,-11.09816253214376
56,3,-179676.43429692308,-11.172898102435283
56,4,-179664.86932399054,0.39207483010250144
56,5,-179664.3881140495,0.873284771136241
57,0,-179665.26139882064,0.0
57,1,-179677.16253933366,-11.90114051301498
57,2,-179676.0707684244,-10.809369603754021
57,3,-179673.45628809376,-8.194889273116132
57,4,-179666.36744278198,-1.106043961335672
57,5,-179666.0800967189,-0.8186978982703295
58,0,-179665.26139882064,0.0
58,1,-179677.11972511202,-11.858326291374397
58,2,-179675.03585995125,-9.774461130611598
58,3,-179675.62824878926,-10.366849968617316
58,4,-179665.17856278826,0.08283603237941861
58,5,-179662.94286163253,2.3185371881118044
59,0,-179665.26139882064,0.0
59,1,-179677.01969792318,-11.75829910254106
59,2,-179674.16251979512,-8.901120974478545
59,3,-179676.4144139487,-11.153015128045809
59,4,-179663.47925338682,1.782145433826372
59,5,-179663.3357673795,1.9256314411468338
60,0,-179665.26139882064,0.0
60,1,-179677.1486605038,-11.887261683150427
60,2,-179675.09711975828,-9.835720937640872
60,3,-179676.14772190579,-10.886323085142067
60,4,-179666.8353491132,-1.5739502925425768
60,5,-179668.08724282822,-2.8258440075733233
61,0,-179665.26139882064,0.0
61,1,-179677.04832721237,-11.78692839172436
61,2,-179675.65669130813,-10.395292487490224
61,3,-179675.4109404244,-10.14954160375055
61,4,-179665.53200458913,-0.2706057684845291
61,5,-179666.75221353452,-1.4908147138776258
62,0,-179665.26139882064,0.0
62,1,-179676.80704446055,-11.545645639911527
62,2,-179675.53259284858,-10.27119402794051
62,3,-179674.87301989112,-9.611621070478577
62,4,-179665.28270060086,-0.021301780216163024
62,5,-179663.5818138736,1.6795849470363464
63,0,-179665.26139882064,0.0
63,1,-179676.93774873228,-11.676349911635043
63,2,-179675.69231192878,-10.430913108139066
63,3,-179675.66743135848,-10.406032537837746
63,4,-179670.00846962968,-4.747070809040451
63,5,-179661.67803421483,3.583364605816314
64,0,-179665.26139882064,0.0
64,1,-179677.06316334903,-11.8017645283835
64,2,-179675.68033853435,-10.418939713708824
64,3,-179676.08545486914,-10.824056048499187
64,4,-179670.0101977693,-4.748798948654439
64,5,-179661.15848308723,4.102915733412374
65,0,-179665.26139882064,0.0
65,1,-179677.1232092823,-11.86181046164711
65,2,-179675.69449969282,-10.43310087217833
65,3,-179676.4605017697,-11.199102949060034
65,4,-179669.979697328,-4.718298507359577
65,5,-179660.3176194742,4.943779346445808
66,0,-179665.26139882064,0.0
66,1,-179676.9805915282,-11.719192707561888
66,2,-179675.28203959094,-10.02064077029354
66,3,-179675.55201966863,-10.290620847983519
66,4,-179669.59742841695,-4.336029596306616
66,5,-179659.03368425745,6.227714563196059
67,0,-179665.26139882064,0.0
67,1,-179676.67430050383,-11.412901683186647
67,2,-179674.5793911735,-9.317992352851434
67,3,-179675.47917407381,-10.217775253171567
67,4,-179668.82228452852,-3.560885707876878
67,5,-179658.63042338882,6.630975431820843
68,0,-179665.26139882064,0.0
68,1,-179676.13162958596,-10.870230765314773
68,2,-179673.51878007408,-8.257381253439235
68,3,-179674.90564273455,-9.644243913906394
68,4,-179667.00631474864,-1.7449159279931337
68,5,-179633.98534653927,31.276052281376906
69,0,-179665.26139882064,0.0
69,1,-179675.15724185485,-9.895843034202699
69,2,-179672.1907911026,-6.929392281948822
69,3,-179672.4288586185,-7.167459797870833
69,4,-179663.7675046915,1.4938941291475203
69,5,-179595.66760638412,69.59379243652802
70,0,-179665.26139882064,0.0
70,1,-179674.03848045084,-8.777081630192697
70,2,-179670.48475409686,-5.223355276219081
70,3,-179663.66223671677,1.599162103870185
70,4,-179657.1011200297,8.160278790950542
70,5,-179608.81929121938,56.44210760126589
71,0,-179665.26139882064,0.0
71,1,-179673.19029393248,-7.928895111836027
71,2,-179669.25751921438,-3.996120393741876
71,3,-179653.04574746685,12.215651353792055
71,4,-179649.6644792656,15.596919555042405
71,5,-179622.23103283258,43.0303659880592
72,0,-179665.26139882064,0.0
72,1,-179673.08485542465,-7.823456604004605
72,2,-179668.98350276408,-3.722103943437105
72,3,-179662.3632131564,2.8981856642349157
72,4,-179649.78710423745,15.474294583196752
72,5,-179635.38821711927,29.87318170137587
73,0,-179665.26139882064,0.0
73,1,-179673.62194664148,-8.360547820833744
73,2,-179669.6317600435,-4.370361222856445
73,3,-179664.79470486063,0.46669396001379937
73,4,-179653.34500596055,11.916392860090127
73,5,-179638.11645512644,27.144943694205722
74,0,-179665.26139882064,0.0
74,1,-179673.4782456649,-8.21684684426873
74,2,-179669.58532639433,-4.323927573685069
74,3,-179664.94244171245,0.31895710818935186
74,4,-179641.24454790715,24.016850913496455
74,5,-179621.34437636184,43.91702245880151
75,0,-179665.26139882064,0.0
75,1,-179673.95456677472,-8.693167954072123
75,2,-179670.8567523868,-5.595353566168342
75,3,-179664.20215064764,1.0592481729981955
75,4,-179630.18446060384,35.07693821680732
75,5,-179643.0671169595,22.194281861156924
76,0,-179665.26139882064,0.0
76,1,-179674.29167063898,-9.030271818337496
76,2,-179671.44061875073,-6.179219930083491
76,3,-179662.0566721679,3.2047266527370084
76,4,-179633.430429899,31.830968921654858
76,5,-179643.25645728302,22.00494153762702
77,0,-179665.26139882064,0.0
77,1,-179674.25229974528,-8.990900924633024
77,2,-179671.39232431306,-6.1309254924126435
77,3,-179656.7879532086,8.473445612034993
77,4,-179637.927573897,27.33382492364035
77,5,-179615.99972961997,49.26166920067044
78,0,-179665.26139882064,0.0
78,1,-179674.18367373783,-8.922274917189498
78,2,-179671.57776238228,-6.3163635616365355
78,3,-179644.89760519317,20.36379362747539
78,4,-179636.13452708174,29.12687173890299
78,5,-179627.55106476336,37.7103340572794
79,0,-179665.26139882064,0.0
79,1,-179674.43525231027,-9.173853489628527
79,2,-179671.59444231342,-6.333043492777506
79,3,-179663.09371657402,2.1676822466251906
79,4,-179626.51479724562,38.746601575025124
79,5,-179614.9245718961,50.33682692455477
80,0,-179665.26139882064,0.0
80,1,-179674.55785374015,-9.296454919502139
80,2,-179671.79015479897,-6.528755978331901
80,3,-179662.85721998173,2.4041788389149588
80,4,-179643.0746917479,22.186707072745776
80,5,-179581.01088899618,84.25050982445828
81,0,-179665.26139882064,0.0
81,1,-179675.01622588365,-9.754827063006815
81,2,-179672.62455009102,-7.363151270372327
81,3,-179655.19927738447,10.062121436174493
81,4,-179625.19741762703,40.06398119361256
81,5,-179521.83343943808,143.42795938256313
82,0,-179665.26139882064,0.0
82,1,-179675.42955775894,-10.168158938293345
82,2,-179672.98658847375,-7.725189653108828
82,3,-179661.65071240356,3.6106864170869812
82,4,-179611.46737758513,53.79402123551699
82,5,-179562.53209416795,102.72930465269019
83,0,-179665.26139882064,0.0
83,1,-179675.54257851007,-10.28117968942388
83,2,-179673.11223059465,-7.850831774005201
83,3,-179659.29155025026,5.969848570384784
83,4,-179627.88401285972,37.37738596092095
83,5,-179581.5221064479,83.7392923727457
84,0,-179665.26139882064,0.0
84,1,-179675.7032930567,-10.441894236049848
84,2,-179673.17083537756,-7.909436556918081
84,3,-179654.1363140211,11.125084799539763
84,4,-179624.39700670057,40.86439212007099
84,5,-179595.60177584377,69.65962297687656
85,0,-179665.26139882064,0.0
85,1,-179675.86931279214,-10.607913971500238
85,2,-179673.20892486427,-7.947526043630205
85,3,-179654.58665991187,10.674738908768632
85,4,-179611.43948073834,53.82191808230709
85,5,-179622.62135733248,42.64004148816457
86,0,-179665.26139882064,0.0
86,1,-179676.12368411073,-10.862285290088039
86,2,-179673.2331142136,-7.971715392952319
86,3,-179655.0373078887,10.224090931937099
86,4,-179624.7659813436,40.495417477039155
86,5,-179610.86498031495,54.39641850569751
87,0,-179665.26139882064,0.0
87,1,-179676.24342575332,-10.982026932673762
87,2,-179673.07475908863,-7.813360267988173
87,3,-179654.96095824713,10.300440573511878
87,4,-179606.2910990167,58.97029980394291
87,5,-179611.28088893995,53.980509880697355
88,0,-179665.26139882064,0.0
88,1,-179676.2686970185,-11.0072981978592
88,2,-179672.85650893158,-7.595110110938549
88,3,-179656.88921128848,8.37218753216439
88,4,-179623.9838097228,41.27758909785189
88,5,-179591.24716858784,74.01423023280222
89,0,-179665.26139882064,0.0
89,1,-179676.24474492838,-10.983346107735997
89,2,-179672.43365760273,-7.1722587820841
89,3,-179651.5497564634,13.71164235722972
89,4,-179624.41024828295,40.8511505376955
89,5,-179562.51297968125,102.74841913938872
90,0,-179665.26139882064,0.0
90,1,-179676.22632802365,-10.964929203008069
90,2,-179672.5302716105,-7.268872789863963
90,3,-179655.82973619353,9.431662627117475
90,4,-179600.24999131082,65.0114075098245
90,5,-179551.66778680135,113.59361201929278
91,0,-179665.26139882064,0.0
91,1,-179676.18006186077,-10.918663040123647
91,2,-179672.51390717988,-7.252508359233616
91,3,-179655.9137509935,9.347647827147739
91,4,-179586.22117139836,79.04022742228699
91,5,-179543.86907884385,121.39231997678871
92,0,-179665.26139882064,0.0
92,1,-179676.12666334587,-10.865264525229577
92,2,-179672.0024441536,-6.741045332950307
92,3,-179654.01832614854,11.243072672106791
92,4,-179596.84774749886,68.4136513217818
92,5,-179533.53166438462,131.72973443602677
93,0,-179665.26139882064,0.0
93,1,-179675.90642264026,-10.645023819612106
93,2,-179670.97522655962,-5.713827738974942
93,3,-179657.6369822039,7.624416616745293
93,4,-179627.82317490556,37.43822391508729
93,5,-179543.19506367666,122.06633514398709
94,0,-179665.26139882064,0.0
94,1,-179675.75839060495,-10.496991784311831
94,2,-179670.3470480773,-5.085649256652687
94,3,-179651.54670124358,13.714697577059269
94,4,-179618.33329099024,46.92810783040477
94,5,-179563.97958600064,101.2818128200015
95,0,-179665.26139882064,0.0
95,1,-179675.67516750423,-10.413768683589296
95,2,-179669.90619431692,-4.644795496278675
95,3,-179658.6558909838,6.605507836851757
95,4,-179581.55296766394,83.70843115670141
95,5,-179431.7231575168,233.538241303846
96,0,-179665.26139882064,0.0
96,1,-179675.37358035744,-10.112181536795106
96,2,-179668.99632958008,-3.7349307594413403
96,3,-179659.082010872,6.179387948650401
96,4,-179553.56935708664,111.69204173400067
96,5,-179479.32502590053,185.93637292011408
97,0,-179665.26139882064,0.0
97,1,-179675.0157605841,-9.754361763451016
97,2,-179668.1031527173,-2.841753896645969
97,3,-179656.84127177848,8.420127042161766
97,4,-179584.41219413606,80.84920468457858
97,5,-179392.86170188413,272.39969693651074
98,0,-179665.26139882064,0.0
98,1,-179674.48131652572,-9.219917705078842
98,2,-179666.1076286784,-0.8462298577651381
98,3,-179654.6031834969,10.65821532375412
98,4,-179561.70524437437,103.55615444626892
98,5,-179446.50463157502,218.75676724562072
99,0,-179665.26139882064,0.0
99,1,-179674.19218831704,-8.930789496400394
99,2,-179665.23740447694,0.023994343704544008
99,3,-179654.67418824483,10.587210575817153
99,4,-179574.70417907054,90.55721975010238
99,5,-179418.38548030812,246.87591851252364
100,0,-179665.26139882064,0.0
100,1,-179674.1521538836,-8.89075506295194
100,2,-179664.99161219073,0.26978662991314195
100,3,-179654.12632195506,11.13507686558296
100,4,-179572.69212852127,92.56927029936924
100,5,-179343.8556193603,321.40577946032863
101,0,-179665.26139882064,0.0
101,1,-179674.32406616356,-9.062667342921486
101,2,-179665.2266383826,0.034760438051307574
101,3,-179651.14932345407,14.112075366574572
101,4,-179591.6548174965,73.60658132412937
101,5,-179344.02040461646,321.240994204185
102,0,-179665.26139882064,0.0
102,1,-179674.31720947754,-9.0558106568933
102,2,-179664.75557174662,0.5058270740264561
102,3,-179634.98048523776,30.28091358288657
102,4,-179589.38560152738,75.87579729326535
102,5,-179314.02392748234,351.2374713383033
103,0,-179665.26139882064,0.0
103,1,-179674.28631346545,-9.024914644804085
103,2,-179663.1109861327,2.150412687944481
103,3,-179635.16165662647,30.099742194171995
103,4,-179505.98231415224,159.27908466840745
103,5,-179269.09758291882,396.16381590181845
104,0,-179665.26139882064,0.0
104,1,-179673.9534383674,-8.692039546760498
104,2,-179660.20748908375,5.053909736889182
104,3,-179651.77893568831,13.482463132328121
104,4,-179586.90072979053,78.36066903010942
104,5,-179266.3520829672,398.9093158534379
105,0,-179665.26139882064,0.0
105,1,-179673.77721893348,-8.515820112836082
105,2,-179659.90419930243,5.357199518213747
105,3,-179651.22359985468,14.037798965960974
105,4,-179578.9840303657,86.277368454932
105,5,-179436.98234605283,228.2790527678153
106,0,-179665.26139882064,0.0
106,1,-179673.76071921224,-8.499320391594665
106,2,-179660.60119170896,4.660207111679483
106,3,-179651.48085207905,13.780546741589205
106,4,-179577.31321154663,87.94818727401434
106,5,-179362.48201893774,302.77937988290796
107,0,-179665.26139882064,0.0
107,1,-179673.90008189398,-8.638683073339052
107,2,-179661.4490920428,3.8123067778360564
107,3,-179650.91457487887,14.346823941770708
107,4,-179564.29518529726,100.96621352338116
107,5,-179398.0899066555,267.17149216512917
108,0,-179665.26139882064,0.0
108,1,-179673.9237346019,-8.662335781264119
108,2,-179662.17860498794,3.0827938326983713
108,3,-179647.17797118117,18.083427639474394
108,4,-179496.3309836945,168.93041512614582
108,5,-179325.65468042766,339.6067183929845
109,0,-179665.26139882064,0.0
109,1,-179674.0053336311,-8.743934810452629
109,2,-179662.9660439317,2.2953548889490776
109,3,-179646.89464123445,18.366757586190943
109,4,-179585.24787432438,80.01352449625847
109,5,-179282.81606505078,382.4453337698651
110,0,-179665.26139882064,0.0
110,1,-179674.08885156858,-8.827452747937059
110,2,-179663.50604315114,1.7553556695056614
110,3,-179648.719749604,16.541649216640508
110,4,-179585.13414463922,80.12725418142509
110,5,-179321.1839186308,344.0774801898515
111,0,-179665.26139882064,0.0
111,1,-179674.14198194462,-8.880583123973338
111,2,-179663.77716073114,1.484238089498831
111,3,-179648.97120593404,16.290192886604927
111,4,-179568.4914937381,96.7699050825322
111,5,-179318.93294187868,346.32845694196294
112,0,-179665.26139882064,0.0
112,1,-179674.22543826466,-8.964039444021182
112,2,-179664.1455586172,1.1158402034488972
112,3,-179649.37953389113,15.88186492951354
112,4,-179548.8080536316,116.45334518904565
112,5,-179259.11596254024,406.145436280407
113,0,-179665.26139882064,0.0
113,1,-179674.2836478086,-9.02224898795248
113,2,-179664.65259612357,0.6088026970683131
113,3,-179649.88500667413,15.376392146514263
113,4,-179547.04994062067,118.21145819997764
113,5,-179232.96691197375,432.29448684689123
114,0,-179665.26139882064,0.0
114,1,-179674.41278792504,-9.15138910440146
114,2,-179665.2661547291,-0.004755908448714763
114,3,-179648.7956005674,16.465798253251705
114,4,-179569.36058189662,95.900816924026
114,5,-179491.45645710008,173.80494172056206
115,0,-179665.26139882064,0.0
115,1,-179674.42872617475,-9.167327354109148
115,2,-179665.59760814966,-0.3362093290197663
115,3,-179651.26816635244,13.993232468201313
115,4,-179568.76967185948,96.49172696116148
115,5,-179409.4382685103,255.82313031033846
116,0,-179665.26139882064,0.0
116,1,-179673.98128137965,-8.719882559002144
116,2,-179664.39261789178,0.8687809288676362
116,3,-179651.94646951742,13.314929303218378
116,4,-179564.87536571512,100.38603310551844
116,5,-179339.27909284155,325.98230597909424
117,0,-179665.26139882064,0.0
117,1,-179673.63130198515,-8.369903164508287
117,2,-179663.67361451694,1.5877843037014827
117,3,-179653.66285266323,11.598546157416422
117,4,-179564.93077163832,100.33062718232395
117,5,-179328.6042106645,336.657188156154
118,0,-179665.26139882064,0.0
118,1,-179673.21835032603,-7.956951505388133
118,2,-179662.8086685663,2.452730254357448
118,3,-179652.6983641217,12.563034698949195
118,4,-179573.03539243975,92.22600638089352
118,5,-179503.1463587594,162.1150400612387
119,0,-179665.26139882064,0.0
119,1,-179673.29058038152,-8.029181560879806
119,2,-179663.43041721496,1.8309816056862473
119,3,-179650.77432580027,14.48707302036928
119,4,-179577.2009738984,88.06042492223787
119,5,-179498.46010194553,166.80129687511362
120,0,-179665.26139882064,0.0
120,1,-179673.48019720532,-8.218798384681577
120,2,-179663.95578520081,1.3056136198283639
120,3,-179649.53298219707,15.728416623576777
120,4,-179571.39156350755,93.86983531308942
120,5,-179473.2008101894,192.0605886312551
121,0,-179665.26139882064,0.0
121,1,-179673.661389931,-8.399991110345582
121,2,-179664.36948697834,0.8919118423073087
121,3,-179650.35709666202,14.904302158625796
121,4,-179585.1124961134,80.14890270723845
121,5,-179451.2043149979,214.0570838227286
122,0,-179665.26139882064,0.0
122,1,-179673.96268363038,-8.701284809736535
122,2,-179664.99403057483,0.2673682458116673
122,3,-179651.9620581912,13.2993406294554
122,4,-179574.28571623977,90.97568258087267
122,5,-179434.26894297902,230.99245584162418
123,0,-179665.26139882064,0.0
123,1,-179674.1540701107,-8.892671290057478
123,2,-179665.51647762515,-0.25507880450459197
123,3,-179653.60052305926,11.660875761386706
123,4,-179553.35147929125,111.90991952939657
123,5,-179466.61846721964,198.6429316010035
124,0,-179665.26139882064,0.0
124,1,-179674.265871826,-9.004473005363252
124,2,-179665.79983158936,-0.5384327687206678
124,3,-179655.62945445857,9.631944362074137
124,4,-179547.19240455396,118.06899426667951
124,5,-179360.7017398306,304.55965899003786
125,0,-179665.26139882064,0.0
125,1,-179674.35993897475,-9.098540154111106
125,2,-179666.23987061757,-0.9784717969305348
125,3,-179657.51076230942,7.750636511220364
125,4,-179530.73926089602,134.52213792462135
125,5,-179301.9850802138,363.27631860683323
126,0,-179665.26139882064,0.0
126,1,-179674.375807952,-9.114409131347202
126,2,-179666.00156230532,-0.7401634846755769
126,3,-179657.22843834697,8.032960473676212
126,4,-179524.57209749645,140.68930132419337
126,5,-179357.36883306305,307.8925657575892
127,0,-179665.26139882064,0.0
127,1,-179674.23352831355,-8.97212949290406
127,2,-179664.68839381076,0.5730050098791253
127,3,-179653.99497720858,11.266421612061094
127,4,-179025.65924110502,639.6021577156207
127,5,-179377.38887633727,287.8725224833761
128,0,-179665.26139882064,0.0
128,1,-179673.9596721212,-8.698273300542496
128,2,-179663.01503495924,2.2463638613990042
128,3,-179604.50214750832,60.75925131232361
128,4,-179492.03177566585,173.22962315479526
128,5,-179318.63301431827,346.6283845023718
129,0,-179665.26139882064,0.0
129,1,-179673.68070011085,-8.41930129021057
129,2,-179661.93294897804,3.3284498426073696
129,3,-179657.6254809017,7.635917918931227
129,4,-179428.32119681383,236.94020200680825
129,5,-179358.86660145735,306.3947973632894
130,0,-179665.26139882064,0.0
130,1,-179673.3200763951,-8.058677574445028
130,2,-179660.65051358513,4.610885235510068
130,3,-179646.23549843824,19.02590038240305
130,4,-179364.904456318,300.35694250263623
130,5,-179387.50475266346,277.75664615718415
131,0,-179665.26139882064,0.0
131,1,-179673.02175525168,-7.760356431041146
131,2,-179658.91523964514,6.346159175503999
131,3,-179649.61595648917,15.645442331471713
131,4,-179450.26662203541,214.99477678522817
131,5,-179334.21875734162,331.0426414790272
132,0,-179665.26139882064,0.0
132,1,-179672.80487514645,-7.543476325809024
132,2,-179657.64429074564,7.617108075006399
132,3,-179641.52769084874,23.733707971900003
132,4,-179496.97511806362,168.28628075702
132,5,-179398.82143592514,266.4399628954998
133,0,-179665.26139882064,0.0
133,1,-179672.7307873098,-7.469388489145786
133,2,-179657.77925664067,7.482142179971561
133,3,-179640.12722310663,25.134175714018056
133,4,-179498.4062590729,166.85513974775677
133,5,-179410.7704761539,254.49092266673688
134,0,-179665.26139882064,0.0
134,1,-179672.9706853008,-7.709286480152514
134,2,-179658.73306651588,6.5283323047624435
134,3,-179641.84507179775,23.416327022889163
134,4,-179472.6465462947,192.6148525259341
134,5,-179445.68825524132,219.57314357932773
135,0,-179665.26139882064,0.0
135,1,-179673.3120337313,-8.050634910643566
135,2,-179659.98365489166,5.2777439289784525
135,3,-179648.62540591523,16.63599290541606
135,4,-179453.8573543409,211.40404447974288
135,5,-179473.40832613516,191.85307268548058
136,0,-179665.26139882064,0.0
136,1,-179673.67585150563,-8.414452684985008
136,2,-179661.2144399702,4.0469588504347485
136,3,-179652.50975781988,12.75164100076654
136,4,-179515.70288279862,149.55851602202165
136,5,-179448.18643404002,217.0749647806224
137,0,-179665.26139882064,0.0
137,1,-179673.4711872058,-8.209788385167485
137,2,-179660.58116610465,4.680232715996681
137,3,-179652.17827784788,13.083120972762117
137,4,-179508.20539206715,157.05600675349706
137,5,-179469.60716409923,195.65423472141265
138,0,-179665.26139882064,0.0
138,1,-179673.3256888087,-8.064289988047676
138,2,-179659.76155359717,5.499845223472221
138,3,-179646.56045409795,18.70094472268829
138,4,-179495.7145947324,169.54680408825516
138,5,-179400.88825191674,264.37314690390485
139,0,-179665.26139882064,0.0
139,1,-179673.08469366885,-7.823294848203659
139,2,-179658.43204745481,6.829351365828188
139,3,-179639.18956166322,26.071837157418486
139,4,-179457.5789371657,207.68246165494202
139,5,-179155.38426515294,509.87713366770186
140,0,-179665.26139882064,0.0
140,1,-179672.8198188406,-7.558420019951882
140,2,-179657.91483381792,7.346565002721036
140,3,-179637.56406926375,27.6973295568896
140,4,-179407.29615477406,257.96524404658703
140,5,-179266.97587721306,398.2855216075841
141,0,-179665.26139882064,0.0
141,1,-179672.6993611052,-7.437962284544483
141,2,-179657.47197698732,7.789421833324013
141,3,-179638.48948401184,26.771914808807196
141,4,-179444.07926530874,221.18213351190207
141,5,-179322.62675730966,342.6346415109874
142,0,-179665.26139882064,0.0
142,1,-179672.7384483689,-7.477049548266223
142,2,-179656.97898442592,8.282414394721854
142,3,-179629.0102142474,36.25118457325152
142,4,-179455.53408940617,209.72730941447662
142,5,-179173.96352002313,491.2978787975153
143,0,-179665.26139882064,0.0
143,1,-179672.77519014323,-7.513791322591715
143,2,-179656.7428287756,8.51857004503836
143,3,-179634.51832975433,30.74306906631682
143,4,-179498.3335815696,166.9278172510385
143,5,-178710.7599912752,954.5014075454383
144,0,-179665.26139882064,0.0
144,1,-179672.75584418993,-7.49444536928786
144,2,-179656.43957371317,8.82182510747225
144,3,-179631.79170013347,33.46969868717133
144,4,-179502.1460020056,163.115396815032
144,5,-178823.43371260713,841.8276862135099
145,0,-179665.26139882064,0.0
145,1,-179672.71936879764,-7.457969976996537
145,2,-179656.5537551017,8.707643718953477
145,3,-179627.7218091279,37.53958969275118
145,4,-179460.1298837425,205.13151507813018
145,5,-179047.58085307485,617.6805457457958
146,0,-179665.26139882064,0.0
146,1,-179672.66642442698,-7.405025606334675
146,2,-179656.4568790341,8.804519786528545
146,3,-179618.58336101094,46.6780378097028
146,4,-179422.28031634705,242.9810824735905
146,5,-179027.7094757562,637.5519230644568
147,0,-179665.26139882064,0.0
147,1,-179672.53922556888,-7.277826748235384
147,2,-179655.94349937976,9.317899440880865
147,3,-179613.47735091957,51.78404790107743
147,4,-179437.33296392875,227.92843489188817
147,5,-179120.02323697848,545.2381618421641
148,0,-179665.26139882064,0.0
148,1,-179672.401558143,-7.1401593223563395
148,2,-179656.16608341344,9.095315407204907
148,3,-179618.1955813872,47.0658174334385
148,4,-179432.77551163116,232.48588718948304
148,5,-178864.7762340515,800.4851647691394
149,0,-179665.26139882064,0.0
149,1,-179672.45755937172,-7.1961605510732625
149,2,-179657.1267821026,8.134616718045436
149,3,-179622.9674204964,42.29397832424729
149,4,-179468.78899114198,196.47240767866606
149,5,-178823.10458115317,842.1568176674773
150,0,-179665.26139882064,0.0
150,1,-179672.40556812004,-7.144169299397618
150,2,-179657.53954921383,7.7218496068089735
150,3,-179623.3627583708,41.89864044985734
150,4,-179483.83828369237,181.4231151282729
150,5,-179253.73828765866,411.5231111619796
151,0,-179665.26139882064,0.0
151,1,-179672.365931654,-7.104532833356643
151,2,-179657.81146453044,7.449934290198144
151,3,-179630.11896721748,35.14243160316255
151,4,-179495.97741780058,169.28398102006759
151,5,-179221.91321794494,443.348180875706
152,0,-179665.26139882064,0.0
152,1,-179672.31314334556,-7.051744524913374
152,2,-179658.11012592266,7.151272897986928
152,3,-179632.70807565819,32.55332316245767
152,4,-179404.8137999285,260.44759889214765
152,5,-179352.39092336962,312.8704754510254
153,0,-179665.26139882064,0.0
153,1,-179672.22336918022,-6.9619703595817555
153,2,-179658.25638036392,7.00501845672261
153,3,-179631.89907600114,33.36232281950652
153,4,-179469.32299373078,195.93840508986614
153,5,-179406.1436696751,259.11772914553876
154,0,-179665.26139882064,0.0
154,1,-179672.17269673612,-6.911297915474279
154,2,-179658.58765507193,6.673743748717243
154,3,-179631.55326289104,33.70813592959894
154,4,-179370.90137974624,294.3600190744037
154,5,-179314.14005043404,351.1213483866013
155,0,-179665.26139882064,0.0
155,1,-179672.20214515695,-6.940746336302254
155,2,-179659.8015867961,5.459812024550047
155,3,-179632.6863414571,32.575057363545056
155,4,-179366.38004817654,298.88135064410744
155,5,-179352.91092449566,312.3504743249796
156,0,-179665.26139882064,0.0
156,1,-179672.76200415107,-7.5006053304241505
156,2,-179661.93706595097,3.324332869669888
156,3,-179606.82669488122,58.434703939419705
156,4,-179313.34964550188,351.9117533187673
156,5,-179289.88008182298,375.3813169976638
157,0,-179665.26139882064,0.0
157,1,-179672.7209389207,-7.459540100069717
157,2,-179661.8233943543,3.4380044663557783
157,3,-179628.12563014703,37.13576867361553
157,4,-179409.55766099363,255.7037378270179
157,5,-179251.23495039935,414.02644842129666
158,0,-179665.26139882064,0.0
158,1,-179672.8117294172,-7.550330596568529
158,2,-179662.31743923953,2.943959581112722
158,3,-179634.8291086992,30.432290121447295
158,4,-179410.3316023365,254.92979648415348
158,5,-179093.5635557666,571.6978430540476
159,0,-179665.26139882064,0.0
159,1,-179672.64763680034,-7.386237979691941
159,2,-179661.90065840588,3.360740414762404
159,3,-179644.54633874778,20.715060072863707
159,4,-179441.85200049955,223.40939832109143
159,5,-179064.011722517,601.249676303647
160,0,-179665.26139882064,0.0
160,1,-179672.54092710686,-7.279528286220739
160,2,-179660.90831605918,4.353082761459518
160,3,-179646.37092722981,18.890471590828383
160,4,-179446.65374538448,218.60765343616367
160,5,-179092.08907695083,573.1723218698171
161,0,-179665.26139882064,0.0
161,1,-179672.73489504895,-7.473496228310978
161,2,-179660.3470326558,4.914366164855892
161,3,-179646.5207211312,18.74067768943496
161,4,-179468.13271232767,197.1286864929716
161,5,-179216.0643280427,449.1970707779401
162,0,-179665.26139882064,0.0
162,1,-179672.57371204888,-7.312313228234416
162,2,-179660.31481492193,4.946583898708923
162,3,-179647.6871876157,17.57421120494837
162,4,-179339.1929245595,326.06847426114837
162,5,-178911.24480603085,754.0165927897906
163,0,-179665.26139882064,0.0
163,1,-179672.70734329984,-7.445944479200989
163,2,-179659.98519709636,5.276201724278508
163,3,-179648.01155504206,17.249843778583454
163,4,-179331.4738291217,333.78756969893584
163,5,-179185.45335549404,479.80804332660045
164,0,-179665.26139882064,0.0
164,1,-179672.63225265744,-7.370853836793685
164,2,-179659.55439593238,5.707002888259012
164,3,-179643.022576652,22.23882216864149
164,4,-179212.99860564078,452.26279317986337
164,5,-179057.07123200432,608.1901668163191
165,0,-179665.26139882064,0.0
165,1,-179672.5762674215,-7.314868600864429
165,2,-179659.5589284771,5.702470343530877
165,3,-179616.79906590996,48.46233291068347
165,4,-179289.1771848456,376.08421397503116
165,5,-179291.93162963216,373.32976918848
166,0,-179665.26139882064,0.0
166,1,-179672.5575702344,-7.296171413763659
166,2,-179659.3057769434,5.955621877248632
166,3,-179623.35894144294,41.90245737769874
166,4,-179169.5888757571,495.6725230635493
166,5,-179327.02381379314,338.2375850274984
167,0,-179665.26139882064,0.0
167,1,-179672.58089039972,-7.319491579080932
167,2,-179660.40218812277,4.859210697875824
167,3,-179624.75302924216,40.508369578485144
167,4,-179401.2622213955,263.99917742513935
167,5,-179287.64287653862,377.6185222820204
168,0,-179665.26139882064,0.0
168,1,-179672.54745416692,-7.2860553462815005
168,2,-179660.46359712176,4.797801698878175
168,3,-179635.22003869026,30.041360130388057
168,4,-179278.5025652089,386.7588336117333
168,5,-179294.73553929772,370.5258595229243
169,0,-179665.26139882064,0.0
169,1,-179672.6235803256,-7.362181504955515
169,2,-179660.96208647176,4.299312348884996
169,3,-179637.60513025758,27.65626856306335
169,4,-179427.95235036506,237.3090484555869
169,5,-179261.04638992823,404.21500889240997
170,0,-179665.26139882064,0.0
170,1,-179672.78291033988,-7.521511519240448
170,2,-179661.43677649123,3.8246223294117954
170,3,-179642.010355328,23.25104349263711
170,4,-179272.32660896328,392.93478985736147
170,5,-179189.4331785762,475.82822024443885
171,0,-179665.26139882064,0.0
171,1,-179672.9231189237,-7.661720103060361
171,2,-179661.70401325033,3.557385570311453
171,3,-179642.57664431882,22.6847545018245
171,4,-179378.46157351328,286.79982530736015
171,5,-179378.13626994906,287.12512887158664
172,0,-179665.26139882064,0.0
172,1,-179673.163665501,-7.902266680350294
172,2,-179661.844204567,3.4171942536486313
172,3,-179639.9041059667,25.357292853936087
172,4,-179432.10826236542,233.1531364552211
172,5,-179414.00182493572,251.25957388491952
173,0,-179665.26139882064,0.0
173,1,-179673.22746873612,-7.966069915477419
173,2,-179661.7560863547,3.50531246594619
173,3,-179639.43649791877,25.82490090187639
173,4,-179415.76979297277,249.49160584787023
173,5,-179413.09994221575,252.16145660489565
174,0,-179665.26139882064,0.0
174,1,-179673.28198304892,-8.020584228273947
174,2,-179661.23510599535,4.02629282529233
174,3,-179637.7283447888,27.53305403183913
174,4,-179127.88451784366,537.3768809769826
174,5,-179396.39192194247,268.86947687817155
175,0,-179665.26139882064,0.0
175,1,-179673.2311038518,-7.969705031166086
175,2,-179661.03236965562,4.229029165027896
175,3,-179638.01992059435,27.24147822629311
175,4,-179270.43205889233,394.82933992831386
175,5,-179382.75983648162,282.5015623390209
176,0,-179665.26139882064,0.0
176,1,-179673.13386245776,-7.872463637118926
176,2,-179660.964893632,4.296505188656738
176,3,-179636.33837709646,28.923021724185674
176,4,-179345.7791488116,319.4822500090522
176,5,-179385.76244404,279.49895478063263
177,0,-179665.26139882064,0.0
177,1,-179673.08331276334,-7.821913942694664
177,2,-179661.16657722168,4.094821598962881
177,3,-179637.37102215373,27.890376666910015
177,4,-179142.62694009603,522.6344587246131
177,5,-179291.5180181696,373.7433806510526
178,0,-179665.26139882064,0.0
178,1,-179672.95631869533,-7.694919874687912
178,2,-179660.52942688455,4.73197193609667
178,3,-179635.0663409559,30.195057864737464
178,4,-179221.9574309841,443.3039678365458
178,5,-179168.47379435672,496.787604463927
179,0,-179665.26139882064,0.0
179,1,-179672.85588449816,-7.594485677516786
179,2,-179659.4157327512,5.84566606945009
179,3,-179640.27001145994,24.991387360700173
179,4,-179202.0823805403,463.17901828035247
179,5,-179203.0251996438,462.2361991768412
180,0,-179665.26139882064,0.0
180,1,-179672.6576005721,-7.396201751456829
180,2,-179660.52446621642,4.736932604224421
180,3,-179644.6438468596,20.61755196104059
180,4,-179375.38846645068,289.8729323699663
180,5,-179374.0080956058,291.25330321484944
181,0,-179665.26139882064,0.0
181,1,-179672.665757887,-7.4043590663641226
181,2,-179660.68935488528,4.572043935360853
181,3,-179644.57857631418,20.682822506467346
181,4,-179455.4248677004,209.83653112023603
181,5,-179368.01569679406,297.2457020265865
182,0,-179665.26139882064,0.0
182,1,-179672.5667260157,-7.3053271950630005
182,2,-179659.74725175166,5.514147068985039
182,3,-179639.56446544256,25.696933378087124
182,4,-179134.70190970422,530.5594891164219
182,5,-179426.17180025054,239.08959857010632
183,0,-179665.26139882064,0.0
183,1,-179672.40879943865,-7.147400618006941
183,2,-179658.86905638617,6.392342434468446
183,3,-179635.7555008172,29.505898003437323
183,4,-179285.1847658394,380.0766329812468
183,5,-179394.71793531938,270.54346350126434
184,0,-179665.26139882064,0.0
184,1,-179672.44035487983,-7.178956059186021
184,2,-179658.81381065372,6.447588166920468
184,3,-179635.4347498497,29.826648970949464
184,4,-179248.0354597838,417.22593903684174
184,5,-179196.76683911803,468.49455970260897
185,0,-179665.26139882064,0.0
185,1,-179672.39293387253,-7.131535051885294
185,2,-179657.23981656227,8.021582258370472
185,3,-179631.8124742129,33.44892460774281
185,4,-179070.9607936036,594.3006052170531
185,5,-179314.93684953847,350.3245492821734
186,0,-179665.26139882064,0.0
186,1,-179672.2938846188,-7.0324857981468085
186,2,-179655.98505442584,9.276344394806074
186,3,-179612.80791317715,52.45348564349115
186,4,-179302.1682164218,363.09318239885033
186,5,-179308.23664978018,357.0247490404581
187,0,-179665.26139882064,0.0
187,1,-179672.23932002037,-6.977921199722914
187,2,-179655.43389265874,9.827506161906058
187,3,-179610.62912605386,54.63227276678663
187,4,-178852.2756239394,812.9857748812356
187,5,-179253.65737434395,411.60402447669185
188,0,-179665.26139882064,0.0
188,1,-179672.04671011216,-6.7853112915181555
188,2,-179655.61223691457,9.649161906068912
188,3,-179609.71774601645,55.54365280419006
188,4,-178741.004270521,924.2571282996505
188,5,-179373.91485433586,291.3465444847825
189,0,-179665.26139882064,0.0
189,1,-179671.745460443,-6.484061622351874
189,2,-179656.1418710074,9.119527813250897
189,3,-179606.36284507194,58.8985537487024
189,4,-179064.93483528955,600.3265635310963
189,5,-179348.2921483124,316.96925050823484
190,0,-179665.26139882064,0.0
190,1,-179671.51616124815,-6.25476242750301
190,2,-179655.7157840262,9.545614794449648
190,3,-179614.58226735625,50.67913146439241
190,4,-179143.77950344604,521.4818953745998
190,5,-179370.59388611227,294.66751270837267
191,0,-179665.26139882064,0.0
191,1,-179671.01583850826,-5.754439687618287
191,2,-179654.5697120489,10.691686771751847
191,3,-179617.38708430345,47.874314517190214
191,4,-179131.30877544853,533.9526233721117
191,5,-179360.66713824956,304.59426057108794
192,0,-179665.26139882064,0.0
192,1,-179671.00590207198,-5.744503251335118
192,2,-179655.2639870024,9.997411818243563
192,3,-179616.78881522178,48.47258359886473
192,4,-179131.43787024662,533.8235285740229
192,5,-179296.14809738786,369.1133014327788
193,0,-179665.26139882064,0.0
193,1,-179671.15018859465,-5.888789774006
193,2,-179657.43886718072,7.822531639918452
193,3,-179618.36021543175,46.901183388894424
193,4,-178952.9150408809,712.3463579397358
193,5,-179272.85961483206,392.40178398857825
194,0,-179665.26139882064,0.0
194,1,-179671.4859953307,-6.2245965100592
194,2,-179660.22386845408,5.0375303665641695
194,3,-179621.56133023617,43.70006858446868
194,4,-179035.91095433463,629.3504444860155
194,5,-179343.0159099221,322.2454888985376
195,0,-179665.26139882064,0.0
195,1,-179671.51984663028,-6.25844780963962
195,2,-179660.91868458115,4.342714239493944
195,3,-179616.3308307991,48.930568021547515
195,4,-179237.66623186026,427.5951669603819
195,5,-179334.964741343,330.296657477651
196,0,-179665.26139882064,0.0
196,1,-179671.49969894363,-6.23830012299004
196,2,-179661.04562537905,4.215773441595957
196,3,-179622.8865381556,42.37486066503334
196,4,-179280.05972831018,385.20167051046155
196,5,-179415.07686436202,250.18453445861815
197,0,-179665.26139882064,0.0
197,1,-179671.45157349497,-6.190174674324226
197,2,-179660.84193748297,4.419461337674875
197,3,-179588.28380049078,76.97759832986048
197,4,-179241.09635806835,424.1650407522975
197,5,-179390.30120874298,274.96019007766154
198,0,-179665.26139882064,0.0
198,1,-179671.1964486496,-5.935049828956835
198,2,-179660.41510824973,4.846290570916608
198,3,-179624.66982451035,40.59157431029598
198,4,-179293.0527560259,372.20864279475063
198,5,-179364.78789930002,300.4734995206236
199,0,-179665.26139882064,0.0
199,1,-179671.13776224293,-5.876363422285067
199,2,-179659.75098700818,5.510411812458187
199,3,-179575.62398924006,89.63740958058042
199,4,-179333.890080105,331.3713187156536
199,5,-179252.40815391517,412.85324490547646
200,0,-179665.26139882064,0.0
200,1,-179671.51705054476,-6.255651724117342
200,2,-179659.42124071348,5.840158107166644
200,3,-179612.1867022473,53.0746965733415
200,4,-179319.42513558498,345.8362632356584
200,5,-179388.77603396028,276.4853648603603
201,0,-179665.26139882064,0.0
201,1,-179671.8960178144,-6.634618993761251
201,2,-179659.29124074278,5.9701580778637435
201,3,-179566.86823176435,98.3931670562888
201,4,-179273.06911301453,392.19228580611525
201,5,-179330.51127791463,334.75012090601376
202,0,-179665.26139882064,0.0
202,1,-179672.46624233262,-7.204843511979561
202,2,-179659.50183519878,5.759563621861162
202,3,-179556.43519887223,108.82619994840934
202,4,-179228.51753546318,436.74386335746385
202,5,-179383.2454437185,282.0159551021352
203,0,-179665.26139882064,0.0
203,1,-179672.92387534294,-7.662476522295037
203,2,-179660.14943118545,5.1119676351954695
203,3,-179521.9054937593,143.35590506135486
203,4,-179220.56740487998,444.6939939406584
203,5,-179317.7751026368,347.4862961838371
204,0,-179665.26139882064,0.0
204,1,-179673.2303927565,-7.968993935850449
204,2,-179660.17011112353,5.091287697112421
204,3,-179557.24338361865,108.01801520198933
204,4,-179219.01935941627,446.2420394043729
204,5,-179284.90543574552,380.35596307512606
205,0,-179665.26139882064,0.0
205,1,-179673.4232666588,-8.161867838149192
205,2,-179660.72209548837,4.539303332276177
205,3,-179572.51630578612,92.74509303452214
205,4,-178497.93231498313,1167.3290838375106
205,5,-179222.64945667764,442.61194214300485
206,0,-179665.26139882064,0.0
206,1,-179673.46889295467,-8.207494134025183
206,2,-179660.24410948684,5.017289333802182
206,3,-179580.51752871354,84.7438701071078
206,4,-176604.63207972725,3060.629319093394
206,5,-179256.7076537562,408.55374506444787
207,0,-179665.26139882064,0.0
207,1,-179673.61610403008,-8.35470520943636
207,2,-179658.93013865838,6.3312601622601505
207,3,-179573.51529727533,91.74610154531547
207,4,-171263.8548297245,8401.406569096143
207,5,-179207.44334986692,457.81804895371897
208,0,-179665.26139882064,0.0
208,1,-179673.84822949272,-8.586830672080396
208,2,-179657.88963344254,7.37176537810592
208,3,-179545.46824016655,119.79315865409444
208,4,-163370.3473040901,16294.914094730542
208,5,-179288.40002558613,376.8613732345111
209,0,-179665.26139882064,0.0
209,1,-179673.86916158602,-8.607762765372172
209,2,-179657.30263196648,7.958766854164423
209,3,-179471.24810496494,194.01329385570716
209,4,-150050.35689160883,29614.904507211817
209,5,-179337.02823025553,328.2331685651152
210,0,-179665.26139882064,0.0
210,1,-179673.7210503133,-8.459651492652483
210,2,-179658.41528119138,6.846117629262153
210,3,-179531.5282235666,133.73317525404855
210,4,-143863.7635683543,35801.49783046634
210,5,-179009.5383909446,655.7230078760476
211,0,-179665.26139882064,0.0
211,1,-179673.73740424134,-8.476005420699948
211,2,-179658.4308509595,6.830547861143714
211,3,-179323.77924746188,341.4821513587667
211,4,-132543.13868379418,47122.12271502646
211,5,-178952.3836421981,712.8777566225326
212,0,-179665.26139882064,0.0
212,1,-179673.85634211748,-8.594943296833662
212,2,-179657.67458679937,7.586812021268997
212,3,-179431.00954672607,234.25185209457413
212,4,-133189.44259695784,46475.8188018628
212,5,-179131.619608361,533.641790459631
213,0,-179665.26139882064,0.0
213,1,-179673.9804773702,-8.719078549562255
213,2,-179656.73726734795,8.524131472688168
213,3,-179420.48221514936,244.77918367128586
213,4,-156282.3373966853,23382.924002135347
213,5,-179128.80367810858,536.4577207120601
214,0,-179665.26139882064,0.0
214,1,-179674.09524983793,-8.833851017290726
214,2,-179653.13476774338,12.126631077262573
214,3,-179463.85136406193,201.4100347587082
214,4,-163194.51902246496,16470.742376355687
214,5,-179071.20405102638,594.0573477942671
215,0,-179665.26139882064,0.0
215,1,-179674.18519966432,-8.92380084368051
215,2,-179643.8940792291,21.36731959154713
215,3,-179491.18286808883,174.07853073181468
215,4,-169397.89319009666,10267.368208723987
215,5,-178581.53048939115,1083.7309094294906
216,0,-179665.26139882064,0.0
216,1,-179674.20546657417,-8.944067753531272
216,2,-179639.6828704848,25.57852833584184
216,3,-179457.72682495476,207.5345738658798
216,4,-173964.144438397,5701.116960423649
216,5,-178783.36974294996,881.8916558706842
217,0,-179665.26139882064,0.0
217,1,-179674.16420789377,-8.902809073129902
217,2,-179641.8685492089,23.392849611729616
217,3,-179436.0860487294,229.1753500912455
217,4,-176691.8877703028,2973.3736285178456
217,5,-178908.07898236168,757.1824164589634
218,0,-179665.26139882064,0.0
218,1,-179674.17140571418,-8.910006893536774
218,2,-179646.5877228983,18.67367592235678
218,3,-179535.94427479865,129.31712402199628
218,4,-178175.20562810916,1490.0557707114785
218,5,-179196.38403310155,468.87736571909045
219,0,-179665.26139882064,0.0
219,1,-179674.1980130521,-8.936614231468411
219,2,-179645.9079710697,19.353427750931587
219,3,-179508.21602314655,157.04537567408988
219,4,-178859.28215552284,805.9792432977993
219,5,-179174.47137303106,490.7900257895817
220,0,-179665.26139882064,0.0
220,1,-179674.06969109026,-8.808292269619415
220,2,-179644.7753035965,20.486095224128803
220,3,-179517.82483214568,147.43656667496543
220,4,-179279.2903352478,385.9710635728552
220,5,-178395.7480727837,1269.5133260369475
221,0,-179665.26139882064,0.0
221,1,-179674.1847026643,-8.923303843650501
221,2,-179627.32121874284,37.940180077799596
221,3,-176102.8280658725,3562.4333329481306
221,4,-178658.72024750974,1006.5411513108993
221,5,-178349.70019530103,1315.56120351961
222,0,-179665.26139882064,0.0
222,1,-179674.16962077812,-8.908221957477508
222,2,-179609.0433329133,56.218065907334676
222,3,-179391.42258054813,273.8388182725175
222,4,-179032.16697582693,633.0944229937159
222,5,-178960.79009552047,704.4713033001754
223,0,-179665.26139882064,0.0
223,1,-179673.99663983495,-8.735241014306666
223,2,-179601.56391249475,63.697486325894715
223,3,-179360.48222990124,304.7791689193982
223,4,-179161.1060984038,504.15530041683814
223,5,-178584.66093882508,1080.6004599955631
224,0,-179665.26139882064,0.0
224,1,-179673.6756012395,-8.414202418847708
224,2,-179591.83184179588,73.4295570247632
224,3,-179541.28724414718,123.97415467345854
224,4,-179029.53321172812,635.7281870925217
224,5,-178642.04466950972,1023.2167293109233
225,0,-179665.26139882064,0.0
225,1,-179673.4873139972,-8.225915176561102
225,2,-179582.5342689305,82.7271298901469
225,3,-179472.5688666226,192.69253219803795
225,4,-179068.153408163,597.1079906576488
225,5,-179021.25495121293,644.0064476077096
226,0,-179665.26139882064,0.0
226,1,-179673.24659833216,-7.985199511516839
226,2,-179606.15054324546,59.11085557518527
226,3,-179483.40508291946,181.85631590118282
226,4,-179053.7025706627,611.5588281579548
226,5,-179136.97143113083,528.2899676898087
227,0,-179665.26139882064,0.0
227,1,-179672.95825489375,-7.696856073103845
227,2,-179636.2044326775,29.05696614313638
227,3,-179482.26457235633,182.9968264643103
227,4,-178970.66102833152,694.6003704891191
227,5,-178918.4775576714,746.7838411492412
228,0,-179665.26139882064,0.0
228,1,-179673.21780383785,-7.9564050172048155
228,2,-179643.39868571417,21.862713106471347
228,3,-179348.67379391377,316.58760490687564
228,4,-178951.62562044547,713.6357783751737
228,5,-179078.86894861,586.3924502106383
229,0,-179665.26139882064,0.0
229,1,-179672.90657367383,-7.645174853183562
229,2,-179644.00907491124,21.25232390940073
229,3,-179432.4396996819,232.82169913873076
229,4,-178997.0646357913,668.1967630293511
229,5,-179007.40906115694,657.8523376637022
230,0,-179665.26139882064,0.0
230,1,-179672.42916876107,-7.167769940424478
230,2,-179642.98432539895,22.277073421690147
230,3,-178009.6909031824,1655.5704956382397
230,4,-179328.75345891854,336.50793990210514
230,5,-179008.69289219257,656.5685066280712
231,0,-179665.26139882064,0.0
231,1,-179671.8210424423,-6.559643621643772
231,2,-179641.692697934,23.56870088665164
231,3,-178398.75833802603,1266.50306079461
231,4,-179043.29837632403,621.9630224966095
231,5,-178814.63055083563,850.6308479850122
232,0,-179665.26139882064,0.0
232,1,-179671.4702432006,-6.208844379958464
232,2,-179642.1322470516,23.129151769040618
232,3,-179249.24675917687,416.0146396437776
232,4,-179172.91549477124,492.34590404940536
232,5,-179095.11247080434,570.1489280163078
233,0,-179665.26139882064,0.0
233,1,-179670.87203116738,-5.610632346739294
233,2,-179640.9813232478,24.28007557283854
233,3,-179122.87909662497,542.3823021956778
233,4,-178287.45182388692,1377.8095749337226
233,5,-178875.48310396832,789.7782948523236
234,0,-179665.26139882064,0.0
234,1,-179670.95194413458,-5.690545313933399
234,2,-179643.65327218987,21.608126630773768
234,3,-179129.74256120727,535.5188376133738
234,4,-178853.8731833887,811.3882154319435
234,5,-178694.0204941178,971.2409047028341
235,0,-179665.26139882064,0.0
235,1,-179670.91617622785,-5.654777407209622
235,2,-179643.17022123345,22.09117758719367
235,3,-179333.68058441087,331.5808144097682
235,4,-179230.65412636084,434.60727245980524
235,5,-178913.49065649256,751.7707423280808
236,0,-179665.26139882064,0.0
236,1,-179671.20774307253,-5.946344251889968
236,2,-179639.9350964426,25.32630237803096
236,3,-179324.40560118432,340.8557976363227
236,4,-178589.17827080964,1076.0831280109996
236,5,-178872.4722263005,792.7891725201334
237,0,-179665.26139882064,0.0
237,1,-179671.56046506125,-6.2990662406082265
237,2,-179639.07419709206,26.187201728578657
237,3,-179335.618897035,329.6425017856527
237,4,-179159.4033248381,505.85807398255565
237,5,-178975.8256392773,689.4357595433539
238,0,-179665.26139882064,0.0
238,1,-179671.84229731638,-6.580898495740257
238,2,-179639.5682159431,25.693182877555955
238,3,-178923.40841709822,741.8529817224189
238,4,-179145.83673293988,519.4246658807679
238,5,-179129.08137671958,536.1800221010635
239,0,-179665.26139882064,0.0
239,1,-179671.89595959187,-6.63456077122828
239,2,-179639.6756544324,25.58574438825599
239,3,-179059.8643961572,605.3970026634343
239,4,-179048.46711671512,616.7942821055185
239,5,-179151.70547366329,513.5559251573577
240,0,-179665.26139882064,0.0
240,1,-179671.82477201975,-6.5633731991110835
240,2,-179642.14938405823,23.112014762416948
240,3,-179130.53842787084,534.722970949806
240,4,-178866.7537616103,798.5076372103358
240,5,-179213.2341899775,452.02720884315204
241,0,-179665.26139882064,0.0
241,1,-179671.98494215793,-6.7235433372843545
241,2,-179644.02885808973,21.23254073091084
241,3,-179067.46264435968,597.7987544609641
241,4,-179009.9517892054,655.309609615244
241,5,-179281.32628285457,383.9351159660728
242,0,-179665.26139882064,0.0
242,1,-179671.86706336547,-6.605664544826141
242,2,-179643.5686332149,21.692765605752356
242,3,-178981.62478048154,683.6366183391074
242,4,-179161.54087440454,503.7205244161014
242,5,-179116.44443918,548.8169596406515
243,0,-179665.26139882064,0.0
243,1,-179671.5376989309,-6.276300110243028
243,2,-179642.38711020222,22.874288618419087
243,3,-179059.54407125054,605.7173275701061
243,4,-179233.08200179524,432.1793970254075
243,5,-179173.6317900236,491.62960879705497
244,0,-179665.26139882064,0.0
244,1,-179671.0667130235,-5.80531420285115
244,2,-179641.4700398863,23.79135893433704
244,3,-178425.9211959799,1239.3402028407436
244,4,-179360.7190233611,304.54237545953947
244,5,-179299.8750673763,365.38633144434425
245,0,-179665.26139882064,0.0
245,1,-179670.53763566268,-5.276236842037179
245,2,-179638.53208654665,26.729312273993855
245,3,-177626.1331791816,2039.1282196390384
245,4,-179284.18965394056,381.07174488008604
245,5,-179183.84509533667,481.416303483973
246,0,-179665.26139882064,0.0
246,1,-179670.39664891895,-5.135250098304823
246,2,-179635.53828838826,29.72311043238733
246,3,-178587.48849915937,1077.7728996612714
246,4,-178969.48979474002,695.7716040806263
246,5,-179014.68239902324,650.5789997974061
247,0,-179665.26139882064,0.0
247,1,-179669.8446655019,-4.583266681263922
247,2,-179629.2726793557,35.9887194649491
247,3,-178928.27807932722,736.9833194934181
247,4,-179272.42432556767,392.8370732529729
247,5,-179425.24454656817,240.01685225247638
248,0,-179665.26139882064,0.0
248,1,-179669.05314532545,-3.7917465048085432
248,2,-179627.47180625264,37.7895925680059
248,3,-179282.01967815575,383.241720664897
248,4,-179249.20151182194,416.0598869987007
248,5,-179374.3016857872,290.9597130334296
249,0,-179665.26139882064,0.0
249,1,-179668.42150173947,-3.1601029188313987
249,2,-179625.41356343954,39.84783538110787
249,3,-179206.601677789,458.6597210316395
249,4,-179330.43820862693,334.8231901937106
249,5,-179365.94872562066,299.31267319998005
250,0,-179665.26139882064,0.0
250,1,-179668.20913237514,-2.9477335544943344
250,2,-179624.01318874376,41.24821007688297
250,3,-179393.68438252003,271.5770163006091
250,4,-179330.07459319176,335.1868056288804
250,5,-179360.60513800097,304.6562608196691
251,0,-179665.26139882064,0.0
251,1,-179668.02669535458,-2.7652965339366347
251,2,-179627.50265563477,37.75874318587012
251,3,-179409.366240202,255.89515861863038
251,4,-179327.65987415143,337.60152466921136
251,5,-179379.06177762465,286.1996211959922
252,0,-179665.26139882064,0.0
252,1,-179667.31463866445,-2.0532398438081145
252,2,-179625.26397467352,39.99742414712091
252,3,-179282.65132399785,382.6100748227909
252,4,-179315.23385185705,350.02754696359625
252,5,-179401.42279371247,263.8386051081761
253,0,-179665.26139882064,0.0
253,1,-179666.986172432,-1.7247736113495193
253,2,-179623.04322483236,42.21817398827989
253,3,-179341.50052862614,323.76087019449915
253,4,-179357.07935861716,308.1820402034791
253,5,-179426.59388995095,238.66750886969385
254,0,-179665.26139882064,0.0
254,1,-179666.49520085432,-1.2338020336756017
254,2,-179618.0205958457,47.24080297493492
254,3,-179411.1283568384,254.13304198224796
254,4,-179344.65688062977,320.6045181908703
254,5,-179426.93011928038,238.33127954025986
255,0,-179665.26139882064,0.0
255,1,-179665.40758579972,-0.1461869790800847
255,2,-179613.390827221,51.87057159963297
255,3,-179309.07311845158,356.1882803690678
255,4,-179302.87946287796,362.38193594268523
255,5,-179447.7631660574,217.4982327632315
256,0,-179665.26139882064,0.0
256,1,-179664.4256147618,0.8357840588432737
256,2,-179607.49475265917,57.766646161471726
256,3,-179379.83773089922,285.42366792142275
256,4,-179245.8421633758,419.41923544483143
256,5,-179413.35580645988,251.9055923607666
257,0,-179665.26139882064,0.0
257,1,-179664.2114382388,1.0499605818476994
257,2,-179599.80695859157,65.45444022907759
257,3,-179403.01736566136,262.24403315928066
257,4,-179179.92666180813,485.33473701251205
257,5,-179384.7301922362,280.5312065844482
258,0,-179665.26139882064,0.0
258,1,-179664.21201775104,1.04938106960617
258,2,-179594.58243256426,70.67896625638241
258,3,-179365.08031529826,300.1810835223878
258,4,-179156.68383163822,508.5775671824231
258,5,-179392.7433225469,272.5180762737291
259,0,-179665.26139882064,0.0
259,1,-179664.14716605665,1.114232763997279
259,2,-179566.04303152396,99.21836729667848
259,3,-179226.67554245616,438.585856364487
259,4,-179098.4801062275,566.7812925931357
259,5,-179380.5529092448,284.70848957583075
260,0,-179665.26139882064,0.0
260,1,-179662.77211186578,2.4892869548639283
260,2,-179507.74987113365,157.51152768699103
260,3,-179159.47520331922,505.7861955014232
260,4,-179149.80408911238,515.4573097082612
260,5,-178950.6400882441,714.6213105765346
261,0,-179665.26139882064,0.0
261,1,-179658.18831403347,7.073084787174594
261,2,-179500.23699097364,165.02440784699866
261,3,-179233.49484642106,431.766552399582
261,4,-179050.95948548891,614.3019133317284
261,5,-179223.42185200172,441.83954681892646
262,0,-179665.26139882064,0.0
262,1,-179653.98739452456,11.27400429607951
262,2,-179506.8145126093,158.44688621134264
262,3,-179306.15193950036,359.109459320287
262,4,-179249.38196435446,415.8794344661874
262,5,-179362.68642782466,302.5749709959782
263,0,-179665.26139882064,0.0
263,1,-179652.4318692772,12.829529543436365
263,2,-179487.2883027745,177.9730960461311
263,3,-179276.35224636388,388.90915245676297
263,4,-179188.4903278337,476.77107098695706
263,5,-179254.5562286542,410.7051701664459
264,0,-179665.26139882064,0.0
264,1,-179648.32540794084,16.935990879806923
264,2,-179519.2201664895,146.04123233113205
264,3,-179305.19431796894,360.0670808517025
264,4,-179358.66041160002,306.6009872206196
264,5,-179322.59728446454,342.66411435609916
265,0,-179665.26139882064,0.0
265,1,-179647.00850292845,18.25289589219028
265,2,-179571.97976949092,93.28162932972191
265,3,-179343.9622002847,321.2991985359404
265,4,-179400.8881972413,264.3732015793503
265,5,-179167.4261163755,497.83528244512854
266,0,-179665.26139882064,0.0
266,1,-179646.20323505197,19.058163768670056
266,2,-179556.1570343801,109.10436444054358
266,3,-179409.8362969943,255.42510182634578
266,4,-179384.2253901755,281.0360086451401
266,5,-179301.64906855096,363.61233026967966
267,0,-179665.26139882064,0.0
267,1,-179647.83083739743,17.430561423214385
267,2,-179563.83358635515,101.42781246549566
267,3,-179382.4833617573,282.7780370633409
267,4,-179344.01168172076,321.2497170998831
267,5,-179354.56902668002,310.69237214062014
268,0,-179665.26139882064,0.0
268,1,-179648.86437967102,16.397019149619155
268,2,-179579.83322130225,85.42817751839175
268,3,-179293.5495830791,371.71181574155344
268,4,-179378.7883706214,286.47302819925244
268,5,-179402.93629809245,262.32510072819423
269,0,-179665.26139882064,0.0
269,1,-179648.85221466565,16.409184154996183
269,2,-179578.0662626661,87.19513615453616
269,3,-179347.8717642455,317.3896345751418
269,4,-179376.7011294494,288.56026937125716
269,5,-179207.85575527986,457.4056435407838
270,0,-179665.26139882064,0.0
270,1,-179648.18065472812,17.08074409252731
270,2,-179432.5007918735,232.76060694715125
270,3,-179280.28209537268,384.97930344796623
270,4,-179372.69249924232,292.56889957832755
270,5,-179333.0886297447,332.17276907592895
271,0,-179665.26139882064,0.0
271,1,-179647.2101582831,18.051240537548438
271,2,-179577.55771907547,87.70367974517285
271,3,-179246.9398723794,418.32152644125745
271,4,-179361.22238253916,304.0390162814874
271,5,-179314.42108153724,350.8403172834078
272,0,-179665.26139882064,0.0
272,1,-179646.7221552104,18.539243610255653
272,2,-179503.35272486336,161.90867395728128
272,3,-179340.6909390994,324.5704597212316
272,4,-179300.84650084245,364.4148979781894
272,5,-179374.6557603658,290.60563845484285
273,0,-179665.26139882064,0.0
273,1,-179647.57537842012,17.686020400520647
273,2,-179570.10877261873,95.15262620191788
273,3,-179313.40791120197,351.853487618675
273,4,-179248.805373015,416.45602580564446
273,5,-179305.82260042478,359.4387983958586
274,0,-179665.26139882064,0.0
274,1,-179649.5736240665,15.68777475412935
274,2,-179563.25408357193,102.00731524871662
274,3,-179265.9050302596,399.3563685610425
274,4,-179358.82818898684,306.43320983380545
274,5,-179397.278558236,267.98284058464924
275,0,-179665.26139882064,0.0
275,1,-179650.89398594608,14.367412874562433
275,2,-179560.30837281892,104.95302600171999
275,3,-179369.28878549574,295.972613324906
275,4,-179367.33617349694,297.9252253237064
275,5,-179455.1352407309,210.12615808975534
276,0,-179665.26139882064,0.0
276,1,-179652.80600909528,12.455389725364512
276,2,-179541.34272168932,123.91867713132524
276,3,-179239.76484849353,425.4965503271087
276,4,-179359.05660851492,306.2047903057246
276,5,-179454.39446309552,210.86693572512013
277,0,-179665.26139882064,0.0
277,1,-179654.40254427452,10.858854546124348
277,2,-179483.7925834427,181.46881537794252
277,3,-179026.56708707643,638.6943117442133
277,4,-179422.53201037156,242.72938844907912
277,5,-179439.77563092113,225.48576789951767
278,0,-179665.26139882064,0.0
278,1,-179655.75404195127,9.507356869376963
278,2,-178514.7212865776,1150.540112243034
278,3,-179155.04152075652,510.21987806411926
278,4,-179428.01123706845,237.25016175219207
278,5,-179434.5982229756,230.66317584505305
279,0,-179665.26139882064,0.0
279,1,-179656.62802674866,8.633372071984923
279,2,-179141.60049707393,523.6609017467126
279,3,-179107.3897642791,557.8716345415451
279,4,-179375.85868979438,289.402709026268
279,5,-179388.75618548153,276.50521333911456
280,0,-179665.26139882064,0.0
280,1,-179657.60937303829,7.6520257823576685
280,2,-179091.06342217533,574.1979766453151
280,3,-179096.49743952483,568.7639592958149
280,4,-179244.09265318478,421.16874563586316
280,5,-179385.5752542937,279.68614452693146
281,0,-179665.26139882064,0.0
281,1,-179658.41258163823,6.848817182413768
281,2,-179302.50780517506,362.75359364558244
281,3,-179174.6003609033,490.6610379173362
281,4,-179320.33960739957,344.9217914210749
281,5,-179378.41189640536,286.84950241527986
282,0,-179665.26139882064,0.0
282,1,-179659.57197840247,5.68942041817354
282,2,-179413.18830262971,252.07309619092848
282,3,-179354.96775640082,310.29364241982694
282,4,-179328.16818888183,337.09320993881556
282,5,-179402.24151634105,263.01988247959525
283,0,-179665.26139882064,0.0
283,1,-179660.11406573997,5.147333080676617
283,2,-179416.854434317,248.40696450363612
283,3,-179049.84315491482,615.4182439058204
283,4,-179359.7848224155,305.4765764051408
283,5,-179395.21204042295,270.04935839769314
284,0,-179665.26139882064,0.0
284,1,-179660.61598379406,4.645415026578121
284,2,-179387.93768881183,277.3237100088154
284,3,-179044.9153540037,620.3460448169499
284,4,-179391.9999040136,273.261494807055
284,5,-179349.76059340607,315.5008054145728
285,0,-179665.26139882064,0.0
285,1,-179659.06389422473,6.197504595911596
285,2,-179217.70192355503,447.55947526561795
285,3,-178818.28437365507,846.9770251655718
285,4,-179373.11939695824,292.14200186240487
285,5,-179349.62285666406,315.6385421565792
286,0,-179665.26139882064,0.0
286,1,-179656.83197307575,8.429425744892797
286,2,-178917.5266578107,747.7347410099464
286,3,-177265.4987210508,2399.762677769846
286,4,-179363.67727247506,301.58412634558044
286,5,-179310.60695962395,354.65443919668905
287,0,-179665.26139882064,0.0
287,1,-179658.89330565667,6.368093163968297
287,2,-178709.7360066945,955.5253921261465
287,3,-178732.32143564583,932.9399631748092
287,4,-179259.95084061744,405.31055820320034
287,5,-179436.1650013352,229.0963974854385
288,0,-179665.26139882064,0.0
288,1,-179658.59072624205,6.6706725785916205
288,2,-179244.10161716363,421.1597816570138
288,3,-179138.94750868558,526.3138901350612
288,4,-179380.41386567097,284.84753314967384
288,5,-179426.5747263681,238.6866724525462
289,0,-179665.26139882064,0.0
289,1,-179658.14357793477,7.1178208858764265
289,2,-179398.64078273444,266.6206160862057
289,3,-179060.36486636708,604.8965324535675
289,4,-179414.62777183342,250.6336269872263
289,5,-179445.7594760693,219.50192275134032
290,0,-179665.26139882064,0.0
290,1,-179659.6073835076,5.6540153130481485
290,2,-179396.4798311862,268.7815676344326
290,3,-179328.547493925,336.7139048956451
290,4,-179412.60149449029,252.65990433035768
290,5,-179367.4107403369,297.85065848374506
291,0,-179665.26139882064,0.0
291,1,-179658.4807586311,6.780640189535916
291,2,-179384.52208049467,280.7393183259701
291,3,-179283.89676186105,381.3646369595954
291,4,-179383.68597234954,281.5754264710995
291,5,-179366.0396315633,299.2217672573461
292,0,-179665.26139882064,0.0
292,1,-179654.71799212828,10.543406692362623
292,2,-179313.33056561972,351.9308332009241
292,3,-179005.41595496636,659.8454438542831
292,4,-179352.51824901218,312.7431498084625
292,5,-179269.4599012471,395.80149757355684
293,0,-179665.26139882064,0.0
293,1,-179650.14450549945,15.1168933211884
293,2,-179317.79659683106,347.46480198958307
293,3,-179183.28318045396,481.978218366683
293,4,-179358.85420033662,306.4071984840266
293,5,-179362.7906307241,302.47076809653663
294,0,-179665.26139882064,0.0
294,1,-179648.04043041114,17.22096840949962
294,2,-179311.1307612289,354.13063759173383
294,3,-179188.0243465511,477.2370522695419
294,4,-179405.5750666334,259.686332187237
294,5,-179318.98204730416,346.27935151648126
295,0,-179665.26139882064,0.0
295,1,-179648.00509573316,17.25630308748805
295,2,-179349.67007053705,315.59132828359725
295,3,-179338.0108275236,327.2505712970451
295,4,-179366.82737316668,298.4340256539581
295,5,-179377.40401481697,287.8573840036697
296,0,-179665.26139882064,0.0
296,1,-179650.05895120447,15.20244761617505
296,2,-179318.0038291066,347.2575697140419
296,3,-179301.16029401333,364.10110480731237
296,4,-179366.7755419309,298.4858568897471
296,5,-179245.0486679544,420.2127308662457
297,0,-179665.26139882064,0.0
297,1,-179652.58385062678,12.677548193867551
297,2,-179417.6499986529,247.6114001677488
297,3,-179175.2061576249,490.05524119574693
297,4,-179440.7269166291,224.5344821915496
297,5,-179337.69007035164,327.5713284689991
298,0,-179665.26139882064,0.0
298,1,-179654.97980639324,10.281592427403666
298,2,-179402.28529833737,262.97610048326897
298,3,-179122.46843145677,542.7929673638719
298,4,-179458.738855989,206.52254283163347
298,5,-179381.51742758116,283.7439712394844
299,0,-179665.26139882064,0.0
299,1,-179655.3761948453,9.885203975340119
299,2,-179246.31755267523,418.94384614541195
299,3,-179236.92818801405,428.33321080659516
299,4,-179400.87119679473,264.390202025912
299,5,-179378.52754582677,286.73385299387155
300,0,-179665.26139882064,0.0
300,1,-179653.6397339803,11.621664840349695
300,2,-179208.05678445875,457.2046143618936
300,3,-179176.96481511765,488.2965837029915
300,4,-179326.85943586007,338.4019629605755
300,5,-179370.86132972632,294.4000690943212
301,0,-179665.26139882064,0.0
301,1,-179654.3185898122,10.942809008440236
301,2,-179376.3965291167,288.86486970394617
301,3,-179315.2789781618,349.98242065883824
301,4,-179400.72530589922,264.5360929214221
301,5,-179410.20304004604,255.05835877460777
302,0,-179665.26139882064,0.0
302,1,-179655.60252731552,9.65887150511844
302,2,-179350.6750833623,314.5863154583494
302,3,-179265.6912672182,399.57013160243514
302,4,-179420.6282535976,244.63314522305154
302,5,-179397.25441744205,268.0069813785958
303,0,-179665.26139882064,0.0
303,1,-179654.46868897654,10.79270984409959
303,2,-179304.67936656432,360.58203225632315
303,3,-179120.2926401876,544.9687586330401
303,4,-179449.30236468124,215.95903413940687
303,5,-179416.65135224088,248.61004657976446
304,0,-179665.26139882064,0.0
304,1,-179653.405050781,11.85634803964058
304,2,-179337.23232239537,328.02907642527134
304,3,-179195.3071756264,469.9542231942469
304,4,-179424.19706622072,241.06433259992627
304,5,-179371.74777769836,293.51362112228526
305,0,-179665.26139882064,0.0
305,1,-179653.43235269142,11.829046129219932
305,2,-179284.29730371202,380.9640951086185
305,3,-179165.43618243394,499.82521638670005
305,4,-179413.19925747043,252.06214135020855
305,5,-179412.14296241972,253.1184364009241
306,0,-179665.26139882064,0.0
306,1,-179651.63093567698,13.63046314366511
306,2,-179341.65744802347,323.60395079717273
306,3,-179127.4178810492,537.8435177714564
306,4,-179418.0634106905,247.19798813015223
306,5,-179418.30981803683,246.95158078381792
307,0,-179665.26139882064,0.0
307,1,-179650.82612649293,14.435272327711573
307,2,-179380.2824355889,284.9789632317552
307,3,-179238.16559106935,427.09580775129143
307,4,-179359.65112589393,305.61027292671497
307,5,-179402.70279090662,262.5586079140194
308,0,-179665.26139882064,0.0
308,1,-179650.62022063526,14.64117818538216
308,2,-179368.34728040127,296.91411841937224
308,3,-179351.62875172307,313.6326470975764
308,4,-179344.31524821278,320.946150607866
308,5,-179400.846231072,264.41516774863703
309,0,-179665.26139882064,0.0
309,1,-179649.5061835647,15.755215255951043
309,2,-179288.8814479688,376.3799508518423
309,3,-179325.9609729248,339.300425895839
309,4,-179402.12237127355,263.13902754709125
309,5,-179395.5906697195,269.67072910114075
310,0,-179665.26139882064,0.0
310,1,-179646.24073551115,19.020663309493102
310,2,-179119.15966924958,546.1017295710626
310,3,-179217.31690736103,447.9444914596097
310,4,-179428.73099900654,236.53039981410257
310,5,-179309.23294185902,356.02845696161967
311,0,-179665.26139882064,0.0
311,1,-179642.2544220002,23.006976820441196
311,2,-179165.46619627826,499.7952025423874
311,3,-179189.21051084824,476.0508879724075
311,4,-179451.35882424627,213.9025745743711
311,5,-179275.13692696794,390.1244718527014
312,0,-179665.26139882064,0.0
312,1,-179638.3586532457,26.902745574945584
312,2,-179015.98236804924,649.2790307714022
312,3,-179175.2158825118,490.0455163088336
312,4,-179444.99939544618,220.26200337446062
312,5,-179301.27941976648,363.981979054166
313,0,-179665.26139882064,0.0
313,1,-179637.63986635525,27.621532465389464
313,2,-179169.70896234704,495.55243647360476
313,3,-178952.76513018395,712.4962686366925
313,4,-179378.05166718343,287.2097316372092
313,5,-179292.61426556224,372.6471332584042
314,0,-179665.26139882064,0.0
314,1,-179643.43132057518,21.830078245460754
314,2,-179328.2621128359,336.99928598475526
314,3,-179036.89999489352,628.3614039271197
314,4,-179430.76429348136,234.4971053392801
314,5,-179335.6143306777,329.64706814294914
315,0,-179665.26139882064,0.0
315,1,-179647.10198223684,18.15941658380325
315,2,-179308.40998513592,356.8514136847225
315,3,-179071.67112710368,593.5902717169665
315,4,-179427.09685946422,238.16453935642494
315,5,-179338.03541839198,327.22598042865866
316,0,-179665.26139882064,0.0
316,1,-179648.56457365074,16.696825169899967
316,2,-179293.8377504906,371.42364833003376
316,3,-178864.51552718366,800.7458716369874
316,4,-179394.05878906115,271.2026097594935
316,5,-179408.08240346547,257.1789953551779
317,0,-179665.26139882064,0.0
317,1,-179649.10449498522,16.156903835420962
317,2,-179275.57810732577,389.68329149487545
317,3,-178966.03917540537,699.2222234152723
317,4,-179347.63608624463,317.6253125760122
317,5,-179405.21761698707,260.04378183357767
318,0,-179665.26139882064,0.0
318,1,-179649.20938254,16.052016280649696
318,2,-179269.55928558446,395.70211323618423
318,3,-179060.71651268742,604.5448861332261
318,4,-179337.74666202327,327.51473679736955
318,5,-179389.10269614242,276.15870267822174
319,0,-179665.26139882064,0.0
319,1,-179646.9529975667,18.308401253947522
319,2,-179331.6437828259,333.6176159947354
319,3,-179168.7326879883,496.5287108323537
319,4,-179352.80020890935,312.46118991129333
319,5,-179393.7624707403,271.498928080342
320,0,-179665.26139882064,0.0
320,1,-179643.478100575,21.78329824563116
320,2,-179283.65160715536,381.6097916652798
320,3,-179099.0546069346,566.2067918860412
320,4,-179361.95865325132,303.3027455693227
320,5,-179342.74008219197,322.5213166286703
321,0,-179665.26139882064,0.0
321,1,-179643.89532680289,21.366072017757688
321,2,-179143.79089718556,521.4705016350781
321,3,-178839.3234733767,825.9379254439555
321,4,-179255.40289026537,409.8585085552768
321,5,-179338.89443993868,326.3669588819612
322,0,-179665.26139882064,0.0
322,1,-179647.7615111842,17.49988763645524
322,2,-178824.19204991174,841.0693489089026
322,3,-178822.05830014078,843.2030986798636
322,4,-179363.48497609067,301.77642272997764
322,5,-179388.38279247197,276.87860634867684
323,0,-179665.26139882064,0.0
323,1,-179649.51398121635,15.747417604288785
323,2,-178795.39255495463,869.8688438660174
323,3,-178517.76865622913,1147.4927425915084
323,4,-179359.09394421533,306.1674546053109
323,5,-179357.23931434134,308.0220844793075
324,0,-179665.26139882064,0.0
324,1,-179648.90845596863,16.352942852012347
324,2,-178888.53481189808,776.7265869225666
324,3,-178830.14801084614,835.113387974503
324,4,-179355.62711900586,309.6342798147816
324,5,-179143.8994416266,521.3619571940508
325,0,-179665.26139882064,0.0
325,1,-179648.057049545,17.204349275649292
325,2,-178846.2289532086,819.0324456120434
325,3,-179176.39251956937,488.8688792512694
325,4,-179333.57003500452,331.69136381612043
325,5,-179205.40065198112,459.8607468395203
326,0,-179665.26139882064,0.0
326,1,-179647.5673978683,17.694000952353235
326,2,-179120.7282732441,544.5331255765341
326,3,-179201.91972948864,463.3416693320032
326,4,-179387.20522934062,278.05616948002717
326,5,-179240.10432894938,425.1570698712603
327,0,-179665.26139882064,0.0
327,1,-179646.84258855105,18.41881026959163
327,2,-179234.16542183643,431.09597698421567
327,3,-179154.57631576902,510.6850830516196
327,4,-179377.64654308092,287.6148557397246
327,5,-179260.28112330934,404.9802755113051
328,0,-179665.26139882064,0.0
328,1,-179645.9550839191,19.306314901536098
328,2,-179289.67480937915,375.5865894414892
328,3,-179277.83938330106,387.4220155195799
328,4,-179289.76252171505,375.49887710559415
328,5,-179235.0118590142,430.2495398064493
329,0,-179665.26139882064,0.0
329,1,-179644.48373728208,20.777661538566463
329,2,-179330.47266867524,334.78873014540295
329,3,-179319.54569083985,345.71570798079483
329,4,-179317.82993754157,347.43146127907676
329,5,-179289.63302499297,375.62837382766884
330,0,-179665.26139882064,0.0
330,1,-179642.62752906675,22.633869753888575
330,2,-179333.63619454738,331.6252042732667
330,3,-179338.81263595723,326.4487628634088
330,4,-179341.84590213507,323.41549668557127
330,5,-179162.77674491712,502.48465390352067
331,0,-179665.26139882064,0.0
331,1,-179643.96704232378,21.29435649685911
331,2,-179338.65501724993,326.6063815707166
331,3,-179239.6706648374,425.5907339832338
331,4,-179340.01582802224,325.2455707984045
331,5,-179190.3668094908,474.8945893298369
332,0,-179665.26139882064,0.0
332,1,-179645.60146816878,19.65993065186194
332,2,-179328.96645728484,336.2949415358016
332,3,-179195.71614733498,469.5452514856588
332,4,-179308.67063272247,356.59076609817566
332,5,-179138.21082811378,527.050570706866
333,0,-179665.26139882064,0.0
333,1,-179641.52290410077,23.738494719873415
333,2,-179368.3929339099,296.8684649107454
333,3,-179279.445317279,385.8160815416486
333,4,-179341.87873040963,323.38266841100994
333,5,-179122.3986458052,542.8627530154481
334,0,-179665.26139882064,0.0
334,1,-179641.74811121644,23.51328760420438
334,2,-179384.6692114851,280.5921873355401
334,3,-179317.60550415778,347.65589466286474
334,4,-179372.1041458024,293.15725301823113
334,5,-179087.14617332758,578.1152254930639
335,0,-179665.26139882064,0.0
335,1,-179641.12917031304,24.13222850760212
335,2,-179198.06231804605,467.1990807745897
335,3,-179398.43548299524,266.8259158254077
335,4,-179366.92252853405,298.3388702865923
335,5,-178905.51721222737,759.7441865932778
336,0,-179665.26139882064,0.0
336,1,-179638.4653286821,26.796070138545474
336,2,-179127.37764147148,537.8837573491619
336,3,-179321.53807883878,343.72331998185837
336,4,-179169.15191114327,496.10948767737136
336,5,-179199.11716553135,466.14423328929115
337,0,-179665.26139882064,0.0
337,1,-179634.40304251126,30.85835630938527
337,2,-179233.77108026217,431.4903185584699
337,3,-179342.73989188139,322.52150693925796
337,4,-179172.90080709275,492.360591727891
337,5,-179196.56975488111,468.69164393952815
338,0,-179665.26139882064,0.0
338,1,-179630.22304907936,35.03834974128404
338,2,-179319.9918706533,345.2695281673514
338,3,-179341.51286032374,323.7485384969041
338,4,-179095.01450622076,570.2468925998837
338,5,-179317.41260477938,347.8487940412597
339,0,-179665.26139882064,0.0
339,1,-179630.76888260682,34.492516213824274
339,2,-179360.43908021302,304.8223186076211
339,3,-179370.50529777372,294.7561010469217
339,4,-178904.8619966552,760.3994021654362
339,5,-179289.83805551287,375.4233433077752
340,0,-179665.26139882064,0.0
340,1,-179634.23154274691,31.029856073728297
340,2,-179298.00982404363,367.2515747770085
340,3,-179363.53743888738,301.7239599332679
340,4,-179099.18595486393,566.0754439567099
340,5,-179357.7232662532,307.53813256745343
341,0,-179665.26139882064,0.0
341,1,-179632.47260290576,32.7887959148793
341,2,-179298.15695430952,367.10444451111834
341,3,-179302.50185366275,362.75954515789635
341,4,-178896.98220518118,768.2791936394642
341,5,-179362.72766632942,302.53373249122524
342,0,-179665.26139882064,0.0
342,1,-179626.20179203915,39.05960678149131
342,2,-179338.90308709338,326.35831172726466
342,3,-179340.23566784224,325.0257309784065
342,4,-179317.26034106023,348.00105776041164
342,5,-179375.6841996361,289.5771991845395
343,0,-179665.26139882064,0.0
343,1,-179621.5074066941,43.75399212655611
343,2,-179168.61342499242,496.64797382822144
343,3,-179392.73423168564,272.5271671350056
343,4,-179329.7734727954,335.48792602523463
343,5,-179371.2096455335,294.0517532871454
344,0,-179665.26139882064,0.0
344,1,-179616.6629013076,48.598497513041366
344,2,-179051.32665741447,613.9347414061776
344,3,-179332.84255855772,332.41884026292246
344,4,-179292.95289075765,372.30850806299713
344,5,-179349.29803733816,315.9633614824852
345,0,-179665.26139882064,0.0
345,1,-179607.66282227833,57.598576542310184
345,2,-179104.8410532915,560.4203455291572
345,3,-179208.43461229344,456.8267865272064
345,4,-179318.92107522837,346.3403235922742
345,5,-179353.0081143671,312.2532844535308
346,0,-179665.26139882064,0.0
346,1,-179597.20857744908,68.05282137155882
346,2,-179033.1448791414,632.1165196792572
346,3,-178901.20549720776,764.0559016128827
346,4,-179349.5978048845,315.6635939361295
346,5,-179333.99904185813,331.2623569625139
347,0,-179665.26139882064,0.0
347,1,-179587.21185111487,78.04954770577024
347,2,-178984.36139954804,680.8999992726021
347,3,-179388.683688208,276.57771061264793
347,4,-179310.55989582537,354.7015029952745
347,5,-179334.63366441533,330.62773440530873
348,0,-179665.26139882064,0.0
348,1,-179573.85233182082,91.40906699982588
348,2,-179027.65641982396,637.6049789966783
348,3,-179313.20114112605,352.06025769459666
348,4,-178816.2068849582,849.0545138624439
348,5,-179347.72971883696,317.53167998368735
349,0,-179665.26139882064,0.0
349,1,-179560.7856007359,104.47579808474984
349,2,-179073.7996792487,591.4617195719329
349,3,-179260.83029786104,404.43110095959855
349,4,-178558.3922826353,1106.8691161853494
349,5,-179370.4632365975,294.79816222313093
350,0,-179665.26139882064,0.0
350,1,-179531.8868866637,133.37451215693727
350,2,-179053.8422187607,611.419180059951
350,3,-179428.58488640512,236.67651241552085
350,4,-179142.35803582933,522.9033629913174
350,5,-179383.54563345865,281.7157653619943
351,0,-179665.26139882064,0.0
351,1,-179507.8248343449,157.43656447573449
351,2,-179305.39123561222,359.8701632084267
351,3,-179442.0082314018,223.25316741885035
351,4,-179312.5116465364,352.74975228423136
351,5,-179354.9970089456,310.2643898750539
352,0,-179665.26139882064,0.0
352,1,-179495.83606580598,169.42533301466028
352,2,-179218.2040729888,447.05732583184727
352,3,-179453.12276377509,212.13863504555775
352,4,-179351.46485453646,313.79654428418144
352,5,-179428.0805237809,237.18087503974675
353,0,-179665.26139882064,0.0
353,1,-179474.3625122476,190.89888657303527
353,2,-179184.70380087278,480.5575979478599
353,3,-179472.07991472626,193.18148409438436
353,4,-179342.6815064802,322.57989234043634
353,5,-179419.1099089588,246.1514898618334
354,0,-179665.26139882064,0.0
354,1,-179463.6980930756,201.56330574504682
354,2,-179095.3256290058,569.9357698148524
354,3,-179474.80126575663,190.46013306401437
354,4,-179333.949847988,331.31155083264457
354,5,-179413.63371205959,251.6276867610577
355,0,-179665.26139882064,0.0
355,1,-179442.26589915235,222.99549966829363
355,2,-179011.08808392385,654.1733148967905
355,3,-179462.62333079334,202.6380680272996
355,4,-179349.782928513,315.4784703076293
355,5,-179421.51157904297,243.7498197776731
356,0,-179665.26139882064,0.0
356,1,-179428.10863197,237.15276685063145
356,2,-179130.451429916,534.8099689046503
356,3,-179443.82848703896,221.43291178168147
356,4,-179351.88806931855,313.37332950209384
356,5,-179400.65462651334,264.6067723073065
357,0,-179665.26139882064,0.0
357,1,-179432.44395715915,232.81744166149292
357,2,-179116.63711718027,548.6242816403683
357,3,-179446.51820791175,218.74319090889185
357,4,-179284.86405226353,380.397346557118
357,5,-179394.18006633624,271.0813324844057
358,0,-179665.26139882064,0.0
358,1,-179440.01350149242,225.24789732822683
358,2,-178361.95939496954,1303.3020038511022
358,3,-179380.5973618706,284.6640369500383
358,4,-179279.6276518071,385.6337470135477
358,5,-179385.12399646748,280.137402353168
359,0,-179665.26139882064,0.0
359,1,-179458.2450765725,207.01632224814966
359,2,-178362.60618673326,1302.655212087382
359,3,-179212.93486012734,452.32653869330534
359,4,-179262.65473461495,402.6066642056976
359,5,-179374.65671562284,290.60468319780193
360,0,-179665.26139882064,0.0
360,1,-179480.91906151082,184.3423373098194
360,2,-178181.5614564431,1483.6999423775414
360,3,-178911.00022730703,754.2611715136154
360,4,-179247.56388693102,417.69751188962255
360,5,-179339.15091716568,326.1104816549632
361,0,-179665.26139882064,0.0
361,1,-179494.9277089883,170.3336898323323
361,2,-178431.8831923365,1233.3782064841362
361,3,-178779.83873320438,885.4226656162646
361,4,-179083.54857894254,581.7128198780993
361,5,-179341.7334179916,323.5279808290361
362,0,-179665.26139882064,0.0
362,1,-179505.23679146863,160.0246073520102
362,2,-178949.77450355788,715.4868952627585
362,3,-179123.67096304224,541.590435778402
362,4,-179103.0262909583,562.2351078623324
362,5,-179347.41120423397,317.85019458667375
363,0,-179665.26139882064,0.0
363,1,-179505.92941822598,159.33198059466667
363,2,-179095.84797654895,569.4134222716966
363,3,-179278.55700674615,386.7043920744909
363,4,-179063.56388495932,601.6975138613197
363,5,-179403.628046325,261.6333524956426
364,0,-179665.26139882064,0.0
364,1,-179515.3136498024,149.94774901823257
364,2,-179157.99470526833,507.2666935523157
364,3,-179321.39801077705,343.8633880435955
364,4,-178909.09837007176,756.1630287488806
364,5,-179402.3378217748,262.9235770458472
365,0,-179665.26139882064,0.0
365,1,-179514.25717214495,151.00422667569364
365,2,-179192.1449457526,473.11645306803985
365,3,-179389.96336964867,275.2980291719723
365,4,-178938.78624156126,726.4751572593814
365,5,-179387.36354988412,277.8978489365254
366,0,-179665.26139882064,0.0
366,1,-179507.83025696655,157.43114185408922
366,2,-179215.77346324452,449.48793557612225
366,3,-179397.14936771922,268.1120311014238
366,4,-179097.23597529763,568.0254235230095
366,5,-179363.49049919637,301.7708996242727
367,0,-179665.26139882064,0.0
367,1,-179504.59414897626,160.66724984438042
367,2,-179238.47395988714,426.78743893350475
367,3,-179422.8634410077,242.3979578129365
367,4,-179115.86884352422,549.392555296421
367,5,-179385.40424150293,279.8571573177178
368,0,-179665.26139882064,0.0
368,1,-179507.73598027922,157.52541854142328
368,2,-179200.47177072332,464.78962809732184
368,3,-179439.55149033357,225.70990848707152
368,4,-179155.62840071073,509.63299810991157
368,5,-179408.39768065952,256.8637181611266
369,0,-179665.26139882064,0.0
369,1,-179498.9525273688,166.3088714518526
369,2,-179211.02582465668,454.23557416396216
369,3,-179431.90228797455,233.35911084609688
369,4,-179242.14138696052,423.1200118601264
369,5,-179401.13937976028,264.1220190603635
370,0,-179665.26139882064,0.0
370,1,-179493.86160220337,171.39979661727557
370,2,-179204.2252836395,461.0361151811376
370,3,-179396.64802420748,268.61337461316725
370,4,-179355.21579567078,310.04560314986156
370,5,-179403.9013395495,261.36005927113
371,0,-179665.26139882064,0.0
371,1,-179501.1386184365,164.1227803841466
371,2,-179303.7876349429,361.47376387772965
371,3,-179354.12105289672,311.1403459239227
371,4,-179367.34084354131,297.92055527932825
371,5,-179427.2333980371,238.02800078355358
372,0,-179665.26139882064,0.0
372,1,-179506.07928566824,159.18211315240478
372,2,-179827.59811510172,-162.3367162810755
372,3,-179368.48886743406,296.77253138658125
372,4,-179369.66314948784,295.5982493328047
372,5,-179404.78644925376,260.47494956688024
373,0,-179665.26139882064,0.0
373,1,-179504.22631139247,161.03508742817212
373,2,-179310.90895084463,354.352447976009
373,3,-179216.92465066735,448.3367481532914
373,4,-179360.13129331818,305.1301055024669
373,5,-179359.4177250616,305.84367375905276
374,0,-179665.26139882064,0.0
374,1,-179512.30588471622,152.95551410442567
374,2,-179235.57567246957,429.6857263510756
374,3,-179290.1786080953,375.0827907253406
374,4,-179333.86927036475,331.3921284558892
374,5,-179327.62460366893,337.6367951517168
375,0,-179665.26139882064,0.0
375,1,-179544.31845559992,120.94294322072528
375,2,-179224.20213758893,441.0592612317123
375,3,-179038.3401243195,626.9212745011318
375,4,-179289.80771123953,375.45368758111726
375,5,-179368.99719566904,296.26420315160067
376,0,-179665.26139882064,0.0
376,1,-179550.429928942,114.83146987864166
376,2,-179300.46460379267,364.7967950279708
376,3,-179432.3828905469,232.87850827374496
376,4,-179343.0760663334,322.18533248725
376,5,-179376.8367231127,288.42467570793815
377,0,-179665.26139882064,0.0
377,1,-179555.9520779082,109.30932091243449
377,2,-179330.55989720556,334.70150161508354
377,3,-179440.4881525403,224.77324628035421
377,4,-179369.63901278685,295.6223860337923
377,5,-179325.7052433,339.5561555206368
378,0,-179665.26139882064,0.0
378,1,-179552.73005196842,112.53134685222176
378,2,-179408.52998933854,256.73140948210494
378,3,-179410.35271972706,254.9086790935835
378,4,-179374.9853097744,290.27608904623776
378,5,-179376.35057578853,288.9108230321144
379,0,-179665.26139882064,0.0
379,1,-179568.3285207375,96.93287808314199
379,2,-179313.23817979608,352.0232190245588
379,3,-179384.2857369233,280.97566189733334
379,4,-179348.54744077683,316.7139580438088
379,5,-179441.4965459767,223.76485284394585
380,0,-179665.26139882064,0.0
380,1,-179585.02378572704,80.2376130936027
380,2,-179233.56039428376,431.70100453688065
380,3,-179297.83152802373,367.42987079691375
380,4,-179374.3403839175,290.92101490314235
380,5,-179416.466148029,248.79525079164887
381,0,-179665.26139882064,0.0
381,1,-179586.17332276143,79.08807605921174
381,2,-179328.30133355936,336.9600652612862
381,3,-179327.87689082336,337.3845079972816
381,4,-179347.48472070423,317.77667811641004
381,5,-179396.6317968149,268.62960200573434
382,0,-179665.26139882064,0.0
382,1,-179578.82338497738,86.4380138432607
382,2,-179254.69128291993,410.5701159007149
382,3,-179393.23403055922,272.02736826142063
382,4,-179348.8560496656,316.40534915504395
382,5,-179415.64115570605,249.6202431145939
383,0,-179665.26139882064,0.0
383,1,-179578.29112675827,86.97027206237544
383,2,-179231.2236851615,434.03771365914145
383,3,-179388.32272994475,276.93866887589684
383,4,-179343.70554371472,321.5558551059221
383,5,-179362.36311992374,302.8982788969006
384,0,-179665.26139882064,0.0
384,1,-179572.43528275212,92.82611606852151
384,2,-179188.19164171524,477.0697571054043
384,3,-179351.38441639114,313.87698242950137
384,4,-179279.78634500114,385.4750538195076
384,5,-179345.84836525415,319.41303356649587
385,0,-179665.26139882064,0.0
385,1,-179554.0124000738,111.24899874682887
385,2,-179348.27768246844,316.98371635220246
385,3,-179349.68973312137,315.5716656992736
385,4,-179060.70057161612,604.560827204521
385,5,-179277.15084719064,388.1105516300013
386,0,-179665.26139882064,0.0
386,1,-179517.68493145765,147.5764673629892
386,2,-179275.1669496704,390.0944491502305
386,3,-179265.84887397778,399.4125248428609
386,4,-179233.56999719428,431.69140162636177
386,5,-179351.6083801044,313.65301871625707
387,0,-179665.26139882064,0.0
387,1,-179526.1844435685,139.0769552521524
387,2,-179244.5372182735,420.72418054714217
387,3,-179263.4587498072,401.80264901343617
387,4,-179303.8411194861,361.4202793345321
387,5,-179398.4533454473,266.80805337333004
388,0,-179665.26139882064,0.0
388,1,-179530.21313036355,135.04826845708885
388,2,-179248.56876946025,416.69262936039013
388,3,-179301.2818147317,363.97958408895647
388,4,-179310.14865391742,355.112744903221
388,5,-179431.0965551586,234.16484366203076
389,0,-179665.26139882064,0.0
389,1,-179536.35470292022,128.9066959004267
389,2,-178819.4373242229,845.8240745977382
389,3,-179230.77124141812,434.490157402528
389,4,-179311.98523491452,353.2761639061209
389,5,-179429.8825622247,235.3788365959481
390,0,-179665.26139882064,0.0
390,1,-179566.51089383446,98.7505049861793
390,2,-178643.5781897672,1021.6832090534444
390,3,-179147.71252817853,517.5488706421165
390,4,-179290.342008257,374.91939056364936
390,5,-179391.43178363118,273.82961518946104
391,0,-179665.26139882064,0.0
391,1,-179571.30046761117,93.96093120946898
391,2,-179190.95327707203,474.30812174861785
391,3,-179086.5316551641,578.7297436565568
391,4,-179296.99022251376,368.2711763068801
391,5,-179388.0077221599,277.25367666073726
392,0,-179665.26139882064,0.0
392,1,-179566.33173087655,98.92966794408858
392,2,-179317.3202951183,347.94110370235285
392,3,-178554.42259786386,1110.8388009567861
392,4,-179281.36226179378,383.8991370268632
392,5,-179420.4720858668,244.789312953857
393,0,-179665.26139882064,0.0
393,1,-179564.5353958126,100.72600300805061
393,2,-179298.3199558241,366.94144299655454
393,3,-178542.57370249496,1122.68769632568
393,4,-179308.80410608085,356.4572927397967
393,5,-179431.10697835154,234.15442046910175
394,0,-179665.26139882064,0.0
394,1,-179570.65648927537,94.60490954527631
394,2,-179301.01880958656,364.2425892340834
394,3,-178858.59628581163,806.6651130090177
394,4,-179304.2502675976,361.0111312230292
394,5,-179412.4497949414,252.81160387923592
395,0,-179665.26139882064,0.0
395,1,-179569.65281668244,95.60858213820029
395,2,-179325.59115809068,339.6702407299599
395,3,-178908.9795140309,756.2818847897288
395,4,-179315.63000244234,349.6313963783032
395,5,-179411.43944624026,253.821952580387
396,0,-179665.26139882064,0.0
396,1,-179566.31964398717,98.94175483347499
396,2,-179327.3421065709,337.9192922497459
396,3,-179116.9530645108,548.3083343098406
396,4,-179340.9329907721,324.3284080485464
396,5,-179408.85489507738,256.40650374325924
397,0,-179665.26139882064,0.0
397,1,-179562.77710717468,102.48429164596018
397,2,-179368.18132430283,297.08007451781305
397,3,-179174.03901462606,491.22238419458154
397,4,-179365.13825756407,300.1231412565685
397,5,-179403.55572645116,261.7056723694841
398,0,-179665.26139882064,0.0
398,1,-179573.8275173204,91.43388150024111
398,2,-179331.99780025566,333.2635985649831
398,3,-179133.71453611512,531.5468627055234
398,4,-179296.76408522675,368.4973135938926
398,5,-179410.78798533505,254.47341348559712
399,0,-179665.26139882064,0.0
399,1,-179578.78083616606,86.48056265458581
399,2,-179293.4614571453,371.79994167533005
399,3,-179245.4234474164,419.83795140424627
399,4,-179316.23465223482,349.02674658581964
399,5,-179410.62493522343,254.63646359721315
400,0,-179665.26139882064,0.0
400,1,-179576.6456336813,88.61576513934415
400,2,-179240.16327583374,425.0981229869067
400,3,-179097.12478837903,568.1366104416084
400,4,-179284.74477240915,380.51662641149596
400,5,-179418.21819305597,247.04320576466853
401,0,-179665.26139882064,0.0
401,1,-179577.28173849275,87.97966032789554
401,2,-179090.0172152254,575.2441835952341
401,3,-179254.09122808062,411.1701707400207
401,4,-179143.80849889826,521.452899922384
401,5,-179387.58280526483,277.6785935558146
402,0,-179665.26139882064,0.0
402,1,-179572.80111042582,92.4602883948246
402,2,-179082.6448110352,582.616587785451
402,3,-179222.39793598224,442.8634628384025
402,4,-179073.6976626671,591.5637361535337
402,5,-179411.25907426787,254.00232455277
403,0,-179665.26139882064,0.0
403,1,-179572.10350511887,93.15789370177663
403,2,-179324.2445467509,341.01685206973343
403,3,-179271.05402193114,394.2073768895061
403,4,-179308.94941529492,356.3119835257239
403,5,-179418.83360599406,246.42779282658012
404,0,-179665.26139882064,0.0
404,1,-179563.8938279745,101.36757084613782
404,2,-179274.00771160048,391.2536872201599
404,3,-179347.7049592519,317.5564395687543
404,4,-179378.26664493207,286.99475388857536
404,5,-179283.39077906022,381.8706197604188
405,0,-179665.26139882064,0.0
405,1,-179554.69484825034,110.5665505703073
405,2,-179242.9401799963,422.3212188243342
405,3,-179290.364487099,374.8969117216475
405,4,-179390.4360833246,274.8253154960403
405,5,-179322.361009812,342.90038900863146
406,0,-179665.26139882064,0.0
406,1,-179550.43673046734,114.82466835330706
406,2,-179264.29958422607,400.9618145945715
406,3,-179232.866682169,432.39471665164456
406,4,-179405.574476888,259.68692193264724
406,5,-179417.52346538115,247.73793343949364
407,0,-179665.26139882064,0.0
407,1,-179578.10665120848,87.15474761216319
407,2,-179254.29866607135,410.9627327492926
407,3,-179288.60735279822,376.6540460224205
407,4,-179361.50044272598,303.76095609465847
407,5,-179426.08555003998,239.17584878066555
408,0,-179665.26139882064,0.0
408,1,-179591.0350825066,74.2263163140451
408,2,-179311.23209258023,354.0293062404089
408,3,-179276.47435127644,388.78704754420323
408,4,-179415.99027370242,249.27112511821906
408,5,-179409.35496016077,255.90643865987659
409,0,-179665.26139882064,0.0
409,1,-179599.49600904924,65.76538977140444
409,2,-179340.22740298844,325.03399583220016
409,3,-179290.73551052058,374.52588830006425
409,4,-179424.65293753022,240.6084612904233
409,5,-179402.19362218032,263.06777664032415
410,0,-179665.26139882064,0.0
410,1,-179603.8876255604,61.3737732602458
410,2,-179292.2750438606,372.98635496004135
410,3,-179305.4940532339,359.7673455867334
410,4,-179434.41922142648,230.84217739416636
410,5,-179389.44023452952,275.8211642911192
411,0,-179665.26139882064,0.0
411,1,-179600.96151624527,64.2998825753748
411,2,-179300.63933919335,364.6220596272906
411,3,-179348.34655914822,316.9148396724195
411,4,-179415.3801365563,249.88126226433087
411,5,-179408.0303603137,257.2310385069286
412,0,-179665.26139882064,0.0
412,1,-179600.35055477679,64.91084404385765
412,2,-179206.29476656736,458.96663225328666
412,3,-179335.9740200588,329.28737876183004
412,4,-179292.9085416586,372.3528571620409
412,5,-179334.0123034984,331.2490953222441
413,0,-179665.26139882064,0.0
413,1,-179606.6680031253,58.59339569535223
413,2,-179199.28810468403,465.9732941366092
413,3,-179324.09946739144,341.16193142920383
413,4,-179021.2425584313,644.0188403893553
413,5,-179304.2126818104,361.0487170102424
414,0,-179665.26139882064,0.0
414,1,-179610.0200043293,55.24139449134236
414,2,-178973.32856225647,691.9328365641704
414,3,-179301.00327792217,364.2581208984775
414,4,-179191.9716993555,473.2896994651528
414,5,-179298.9128866329,366.34851218774565
415,0,-179665.26139882064,0.0
415,1,-179592.24495105597,73.01644776467583
415,2,-179315.33804016863,349.9233586520131
415,3,-179388.87935489265,276.38204392799526
415,4,-179305.3987426258,359.8626561948331
415,5,-179353.74699331485,311.5144055057899
416,0,-179665.26139882064,0.0
416,1,-179591.2441276984,74.0172711222549
416,2,-179273.4927789376,391.7686198830488
416,3,-179406.92919125635,258.33220756429364
416,4,-179332.05605790665,333.2053409139917
416,5,-179385.44332525204,279.8180735686037
417,0,-179665.26139882064,0.0
417,1,-179602.9898848508,62.27151396984118
417,2,-179371.61720330498,293.64419551566243
417,3,-179380.73928645288,284.522112367762
417,4,-179289.8393449996,375.42205382103566
417,5,-179388.74111878403,276.5202800366096
418,0,-179665.26139882064,0.0
418,1,-179606.4302969907,58.83110182994278
418,2,-179324.23400374246,341.0273950781848
418,3,-179415.01690942975,250.2444893908978
418,4,-179320.1739287167,345.08747010395746
418,5,-179345.49456087904,319.7668379415991
419,0,-179665.26139882064,0.0
419,1,-179607.55706952882,57.70432929182425
419,2,-179405.7602305004,259.5011683202465
419,3,-179380.17624988625,285.0851489343913
419,4,-179389.105853296,276.15554552464164
419,5,-179285.95276481303,379.30863400761154
420,0,-179665.26139882064,0.0
420,1,-179608.06678646494,57.194612355699064
420,2,-179401.85331391473,263.4080849059101
420,3,-179416.07526565442,249.18613316622213
420,4,-179375.01622293645,290.2451758841926
420,5,-179107.48461795776,557.7767808628851
421,0,-179665.26139882064,0.0
421,1,-179608.37465787973,56.886740940914024
421,2,-179274.65272671828,390.6086721023603
421,3,-179421.48443281814,243.77696600250783
421,4,-179299.0409575437,366.22044127693516
421,5,-179159.75408372754,505.50731509309844
422,0,-179665.26139882064,0.0
422,1,-179610.99812892807,54.26326989257359
422,2,-179211.74222781407,453.5191710065701
422,3,-179416.14659518615,249.11480363449664
422,4,-179242.8735125428,422.3878862778365
422,5,-179225.29279736598,439.96860145466053
423,0,-179665.26139882064,0.0
423,1,-179613.49881860727,51.7625802133698
423,2,-179319.7623965185,345.4990023021528
423,3,-179371.9235386959,293.33786012473865
423,4,-179217.5575852785,447.70381354214624
423,5,-179274.77012145313,390.4912773675169
424,0,-179665.26139882064,0.0
424,1,-179611.06132231635,54.20007650429034
424,2,-179206.57518654744,458.6862122731982
424,3,-179364.51042073205,300.75097808858845
424,4,-179166.19943146504,499.0619673556066
424,5,-179369.7519964824,295.50940233824076
425,0,-179665.26139882064,0.0
425,1,-179607.67521538056,57.58618344008573
425,2,-179206.49414264897,458.7672561716754
425,3,-179369.77725871088,295.4841401097656
425,4,-179150.89591512637,514.3654836942733
425,5,-179371.89502651186,293.36637230878114
426,0,-179665.26139882064,0.0
426,1,-179604.30971624557,60.95168257507612
426,2,-179253.5420601617,411.71933865893516
426,3,-179382.36171189323,282.8996869274124
426,4,-179216.91477377206,448.3466250485799
426,5,-179371.05000576476,294.2113930558844
427,0,-179665.26139882064,0.0
427,1,-179597.1098736043,68.15152521635173
427,2,-179238.03100278377,427.23039603687357
427,3,-179391.9506419812,273.31075683943345
427,4,-179265.4698054119,399.79159340873593
427,5,-179399.86654856894,265.3948502517014
428,0,-179665.26139882064,0.0
428,1,-179604.8546046073,60.40679421334062
428,2,-179302.1381795687,363.12321925195283
428,3,-179408.06306655557,257.1983322650776
428,4,-179260.85271445825,404.40868436239543
428,5,-179415.9743444613,249.2870543593308
429,0,-179665.26139882064,0.0
429,1,-179604.4634734441,60.79792537653702
429,2,-179306.32516348752,358.9362353331235
429,3,-179402.951281703,262.31011711765314
429,4,-179269.99943544733,395.261963373312
429,5,-179411.45284047033,253.80855835031252
430,0,-179665.26139882064,0.0
430,1,-179601.6249552919,63.63644352875417
430,2,-179249.20861279668,416.0527860239672
430,3,-179370.79197806926,294.46942075138213
430,4,-179216.43867674333,448.8227220773115
430,5,-179433.2618234407,231.99957537994487
431,0,-179665.26139882064,0.0
431,1,-179596.5411698697,68.7202289509296
431,2,-179261.0856025762,404.17579624443897
431,3,-179223.46640918142,441.7949896392238
431,4,-179191.56639081045,473.69500801019603
431,5,-179262.51356596383,402.7478328568104
432,0,-179665.26139882064,0.0
432,1,-179587.323516805,77.93788201565621
432,2,-179237.88700588178,427.37439293885836
432,3,-179255.60716831006,409.65423051058315
432,4,-179333.128443093,332.1329557276331
432,5,-179432.72630385245,232.5350949681888
433,0,-179665.26139882064,0.0
433,1,-179580.07947166843,85.18192715221085
433,2,-179283.86718233878,381.39421648185817
433,3,-179205.1339249903,460.12747383033275
433,4,-179391.36354877183,273.8978500488156
433,5,-179437.18383061682,228.077568203822
434,0,-179665.26139882064,0.0
434,1,-179569.16467147658,96.09672734406195
434,2,-179288.37384065957,376.8875581610773
434,3,-179219.3520757828,445.90932303783484
434,4,-179390.93397176056,274.3274270600814
434,5,-179422.7355443309,242.52585448973696
435,0,-179665.26139882064,0.0
435,1,-179561.9159009878,103.34549783283728
435,2,-179215.1177270472,450.1436717734323
435,3,-179199.66137869388,465.6000201267598
435,4,-179372.92159036302,292.33980845761835
435,5,-179387.8220386123,277.4393602083437
436,0,-179665.26139882064,0.0
436,1,-179561.0744403665,104.18695845414186
436,2,-179193.70743445953,471.55396436111187
436,3,-179218.33690142448,446.9244973961613
436,4,-179373.99472234322,291.2666764774185
436,5,-179318.83475983085,346.42663898979663
437,0,-179665.26139882064,0.0
437,1,-179559.03435551893,106.22704330171109
437,2,-179075.5086017365,589.7527970841329
437,3,-179287.43436001864,377.8270388020028
437,4,-179388.6893228102,276.57207601043046
437,5,-179133.25872835497,532.0026704656775
438,0,-179665.26139882064,0.0
438,1,-179556.75043406873,108.51096475191298
438,2,-179022.20570229396,643.0556965266878
438,3,-179320.40183265487,344.8595661657746
438,4,-179349.4101913189,315.85120750174974
438,5,-179296.46717379589,368.7942250247579
439,0,-179665.26139882064,0.0
439,1,-179538.63871726237,126.62268155827769
439,2,-178411.50757584593,1253.7538229747151
439,3,-179317.3693464028,347.89205241785385
439,4,-179342.89660448598,322.36479433465865
439,5,-179213.9361017589,451.3252970617323
440,0,-179665.26139882064,0.0
440,1,-179503.6159775378,161.64542128285393
440,2,-178377.76121311059,1287.5001857100578
440,3,-179288.9577033431,376.30369547754526
440,4,-179200.30116113357,464.9602376870753
440,5,-179215.05546154268,450.2059372779622
441,0,-179665.26139882064,0.0
441,1,-179401.2015879651,264.0598108555423
441,2,-178332.82437812386,1332.437020696787
441,3,-179295.91777998518,369.3436188354681
441,4,-179188.95556078048,476.3058380401635
441,5,-179206.83254425498,458.42885456566
442,0,-179665.26139882064,0.0
442,1,-179244.27381503378,420.98758378686034
442,2,-179116.45052407525,548.8108747453953
442,3,-179342.16318871474,323.0982101059053
442,4,-179280.43257156078,384.8288272598584
442,5,-179256.74948921008,408.5119096105627
443,0,-179665.26139882064,0.0
443,1,-179393.19784112324,272.06355769740185
443,2,-179205.1195695425,460.14182927814545
443,3,-179385.7881593686,279.47323945205426
443,4,-179348.42494810815,316.8364507124934
443,5,-179297.24612928324,368.0152695373981
444,0,-179665.26139882064,0.0
444,1,-179513.44403709497,151.8173617256689
444,2,-179271.25165950367,394.0097393169708
444,3,-179393.72961211775,271.53178670289344
444,4,-179376.36857423373,288.8928245869174
444,5,-179363.08493193844,302.17646688219975
445,0,-179665.26139882064,0.0
445,1,-179545.56478522136,119.69661359928432
445,2,-179336.01290107775,329.2484977428976
445,3,-179360.20951913344,305.05187968720566
445,4,-179384.682881765,280.5785170556337
445,5,-179381.73868477152,283.5227140491188
446,0,-179665.26139882064,0.0
446,1,-179569.69392634617,95.56747247447493
446,2,-179346.4600713686,318.80132745203446
446,3,-179353.1367776015,312.12462121914723
446,4,-179385.5741550597,279.6872437609418
446,5,-179382.28936659815,282.97203222248936
447,0,-179665.26139882064,0.0
447,1,-179564.36168665026,100.89971217038692
447,2,-179338.6335757982,326.62782302245614
447,3,-179392.61857995501,272.6428188656282
447,4,-179299.7218491583,365.53954966235324
447,5,-179370.7753032356,294.4860955850454
448,0,-179665.26139882064,0.0
448,1,-179574.78339787677,90.47800094386912
448,2,-179377.35108927527,287.91030954537564
448,3,-179368.74770168,296.5136971406464
448,4,-179257.53434634637,407.727052474278
448,5,-179348.23083580955,317.0305630110961
449,0,-179665.26139882064,0.0
449,1,-179567.43967219035,97.82172663029633
449,2,-179305.35150357828,359.9098952423665
449,3,-179347.75149319903,317.50990562161314
449,4,-179308.88764372285,356.3737550977967
449,5,-179361.715215432,303.5461833886511
450,0,-179665.26139882064,0.0
450,1,-179542.50676946723,122.75462935341056
450,2,-179183.25733566945,482.0040631511947
450,3,-179326.05034270414,339.21105611650273
450,4,-179379.92114206357,285.3402567570738
450,5,-179324.3744614752,340.8869373454363
451,0,-179665.26139882064,0.0
451,1,-179526.62808645738,138.63331236326485
451,2,-179202.36778816098,462.8936106596666
451,3,-179317.82493388906,347.43646493158303
451,4,-179376.36883616346,288.8925626571872
451,5,-179355.82160645354,309.43979236710584
452,0,-179665.26139882064,0.0
452,1,-179524.00637933597,141.2550194846699
452,2,-179187.21622382378,478.04517499686335
452,3,-179328.87632085817,336.3850779624772
452,4,-179374.14534997827,291.1160488423775
452,5,-179373.07326537438,292.1881334462669
453,0,-179665.26139882064,0.0
453,1,-179500.73680188888,164.52459693176206
453,2,-179155.95027644478,509.3111223758606
453,3,-179348.52659082867,316.7348079919757
453,4,-179369.22586226233,296.0355365583091
453,5,-179281.47698793106,383.7844108895806
454,0,-179665.26139882064,0.0
454,1,-179457.6655790501,207.59581977053313
454,2,-179116.6118962493,548.6495025713521
454,3,-179344.55420512217,320.7071936984721
454,4,-179356.57728163907,308.68411718157586
454,5,-179253.86720664002,411.3941921806254
455,0,-179665.26139882064,0.0
455,1,-179398.08193143064,267.17946739000035
455,2,-179028.75899835888,636.502400461759
455,3,-179331.84507281397,333.4163260066707
455,4,-179337.1288360453,328.13256277533947
455,5,-178990.67021458194,674.5911842386995
456,0,-179665.26139882064,0.0
456,1,-179444.54512255843,220.71627626221743
456,2,-178780.06961659444,885.1917822262039
456,3,-179353.08871244427,312.1726863763761
456,4,-179338.05843029305,327.202968527592
456,5,-179177.2067640427,488.05463477794547
457,0,-179665.26139882064,0.0
457,1,-179401.93813465777,263.32326416287106
457,2,-178821.1307228379,844.1306759827421
457,3,-179322.52562686978,342.7357719508582
457,4,-179321.2679354751,343.9934633455414
457,5,-179313.7122237501,351.5491750705405
458,0,-179665.26139882064,0.0
458,1,-179400.24796282905,265.01343599159736
458,2,-178928.73651097095,736.5248878496932
458,3,-179313.40666988425,351.85472893639235
458,4,-179327.5534191595,337.7079796611506
458,5,-179363.37728728494,301.8841115357063
459,0,-179665.26139882064,0.0
459,1,-179370.0615245023,295.19987431835034
459,2,-179159.46213372744,505.7992650931992
459,3,-179302.22621526592,363.03518355471897
459,4,-179361.65133331605,303.6100655045884
459,5,-179347.31552979976,317.94586902088486
460,0,-179665.26139882064,0.0
460,1,-179359.23059227914,306.0308065415011
460,2,-179173.77887068703,491.48252813360887
460,3,-179295.3512664423,369.91013237833977
460,4,-179354.99637106384,310.26502775680274
460,5,-179370.22302829678,295.0383705238637
461,0,-179665.26139882064,0.0
461,1,-179382.1031029368,283.1582958838553
461,2,-179303.94086940866,361.32052941198344
461,3,-179318.0673462535,347.19405256715254
461,4,-179372.79750561062,292.4638932100206
461,5,-179367.60832960188,297.6530692187662
462,0,-179665.26139882064,0.0
462,1,-179399.19242479422,266.0689740264206
462,2,-179198.1721405745,467.0892582461529
462,3,-179346.55503065247,318.7063681681757
462,4,-179374.72871690255,290.53268191809184
462,5,-179352.79007324646,312.4713255741808
463,0,-179665.26139882064,0.0
463,1,-179409.23043084852,256.0309679721249
463,2,-179155.06919220422,510.1922066164261
463,3,-179328.87085566137,336.39054315927206
463,4,-179358.48108735617,306.78031146447756
463,5,-179354.43746090104,310.82393791960203
464,0,-179665.26139882064,0.0
464,1,-179285.56942776564,379.69197105499916
464,2,-179060.98693402024,604.2744648004009
464,3,-179311.06383510015,354.1975637204887
464,4,-179376.84799276842,288.4134060522192
464,5,-179317.84809581138,347.4133030092635
465,0,-179665.26139882064,0.0
465,1,-179282.11674004426,383.1446587763785
465,2,-179105.256335944,560.0050628766476
465,3,-179313.7437971557,351.5176016649348
465,4,-179401.16501939463,264.09637942601694
465,5,-179374.2664251937,290.9949736269482
466,0,-179665.26139882064,0.0
466,1,-179276.55168022728,388.70971859336714
466,2,-179079.22956574985,586.031833070796
466,3,-179288.94183586902,376.3195629516267
466,4,-179387.91262589715,277.3487729234912
466,5,-179355.08978438593,310.1716144347156
467,0,-179665.26139882064,0.0
467,1,-179242.49876505396,422.76263376668794
467,2,-179224.75971920553,440.5016796151176
467,3,-179266.81930523252,398.44209358812077
467,4,-179382.80718818,282.45421064062975
467,5,-179301.95938404943,363.30201477120863
468,0,-179665.26139882064,0.0
468,1,-179225.52421639455,439.73718242609175
468,2,-179265.66120545988,399.6001933607622
468,3,-179285.05018124115,380.21121757949004
468,4,-179375.67164649747,289.5897523231688
468,5,-179371.33680294896,293.9245958716783
469,0,-179665.26139882064,0.0
469,1,-179160.66460544572,504.5967933749198
469,2,-179297.91967284944,367.3417259712005
469,3,-179300.44683282555,364.8145659950969
469,4,-179363.945261392,301.3161374286574
469,5,-179364.4237817339,300.8376170867414
470,0,-179665.26139882064,0.0
470,1,-179259.33923935294,405.9221594677074
470,2,-179315.61540308112,349.6459957395273
470,3,-179331.61868731354,333.6427115070983
470,4,-179376.12634932794,289.1350494927028
470,5,-179356.97293742182,308.2884613988281
471,0,-179665.26139882064,0.0
471,1,-179220.0853340837,445.1760647369374
471,2,-179337.42326160063,327.83813722000923
471,3,-179302.51776036705,362.74363845359767
471,4,-179373.4607467682,291.80065205245046
471,5,-179344.55569744678,320.70570137386676
472,0,-179665.26139882064,0.0
472,1,-179305.18637516012,360.0750236605236
472,2,-179306.58500926726,358.67638955338043
472,3,-179329.0338443634,336.22755445723305
472,4,-179362.80172069126,302.45967812938034
472,5,-179291.29362715682,373.96777166382526
473,0,-179665.26139882064,0.0
473,1,-179188.42712637386,476.83427244678023
473,2,-179336.38087415742,328.8805246632255
473,3,-179314.1578963393,351.1035024813318
473,4,-179346.55145837573,318.7099404449109
473,5,-179211.92712414873,453.3342746719136
474,0,-179665.26139882064,0.0
474,1,-179166.1267177045,499.1346811161493
474,2,-179328.40491756343,336.8564812572149
474,3,-179347.60400582931,317.6573929913284
474,4,-179338.6677225,326.5936763206555
474,5,-179233.55059698754,431.7108018331055
475,0,-179665.26139882064,0.0
475,1,-179110.16946096387,555.0919378567778
475,2,-179378.87946539625,286.381933424389
475,3,-179359.26910744037,305.99229138027295
475,4,-179305.28528334657,359.97611547406996
475,5,-179271.78716074766,393.47423807298765
476,0,-179665.26139882064,0.0
476,1,-179107.137170268,558.1242285526532
476,2,-179326.21114403472,339.0502547859214
476,3,-179367.21271955242,298.04867926822044
476,4,-179312.67305745892,352.58834136172663
476,5,-179334.3047894248,330.9566093958565
477,0,-179665.26139882064,0.0
477,1,-179152.1706688125,513.0907300081453
477,2,-179258.89654130946,406.36485751118744
477,3,-179362.7049889427,302.5564098779287
477,4,-179319.7711081816,345.4902906390489
477,5,-179352.86564054084,312.395758279803
478,0,-179665.26139882064,0.0
478,1,-179113.83135287004,551.4300459506048
478,2,-179316.539571676,348.72182714464725
478,3,-179370.0092230998,295.2521757208451
478,4,-179340.41162253273,324.8497762879124
478,5,-179304.5424179243,360.7189808963449
479,0,-179665.26139882064,0.0
479,1,-178850.17186753926,815.0895312813809
479,2,-179343.41943425362,321.84196456702193
479,3,-179401.83533572708,263.4260630935605
479,4,-179352.34850240455,312.9128964160918
479,5,-179306.05114076982,359.2102580508217
480,0,-179665.26139882064,0.0
480,1,-178769.22835596942,896.0330428512243
480,2,-179309.0919252309,356.1694735897472
480,3,-179399.1996885968,266.0617102238466
480,4,-179361.7454825347,303.51591628594906
480,5,-179366.34061645408,298.9207823665638
481,0,-179665.26139882064,0.0
481,1,-178621.05040156143,1044.2109972592152
481,2,-179266.15492398728,399.10647483335924
481,3,-179386.99987551247,278.2615233081742
481,4,-179358.75255347008,306.50884535055957
481,5,-179374.56685710498,290.6945417156676
482,0,-179665.26139882064,0.0
482,1,-178340.53956389398,1324.7218349266623
482,2,-179068.60898550565,596.6524133149942
482,3,-179398.43935874916,266.8220400714781
482,4,-179373.5170265546,291.7443722660537
482,5,-179402.4810658289,262.78033299173694
483,0,-179665.26139882064,0.0
483,1,-178774.5476012967,890.7137975239311
483,2,-178479.9080437125,1185.3533551081491
483,3,-179404.51839080578,260.7430080148624
483,4,-179348.57062991094,316.6907689096988
483,5,-179359.15432096898,306.1070778516587
484,0,-179665.26139882064,0.0
484,1,-178930.57395029778,734.6874485228618
484,2,-178014.6153095436,1650.6460892770556
484,3,-179408.9119895649,256.3494092557521
484,4,-179313.43216941078,351.82922940986464
484,5,-179330.36766479525,334.8937340253906
485,0,-179665.26139882064,0.0
485,1,-178848.73024294284,816.5311558778048
485,2,-178264.74640617758,1400.5149926430604
485,3,-179432.83167858858,232.42972023205948
485,4,-179264.03471160578,401.22668721486116
485,5,-179326.7515000013,338.5098988193495
486,0,-179665.26139882064,0.0
486,1,-178685.2191087903,980.0422900303383
486,2,-178889.62924576364,775.6321530569985
486,3,-179433.778394108,231.4830047126452
486,4,-179288.83876437182,376.422634448827
486,5,-179394.41975163596,270.84164718468674
487,0,-179665.26139882064,0.0
487,1,-178880.19357516168,785.0678236589592
487,2,-179105.13864661087,560.1227522097761
487,3,-179435.5797539457,229.68164487494505
487,4,-179335.7796127865,329.48178603415727
487,5,-179305.58217912287,359.6792196977767
488,0,-179665.26139882064,0.0
488,1,-178736.72045707886,928.5409417417832
488,2,-179033.0104775819,632.2509212387376
488,3,-179373.7299942066,291.5314046140411
488,4,-179299.7626937754,365.4987050452328
488,5,-179317.4202673556,347.8411314650439
489,0,-179665.26139882064,0.0
489,1,-178533.72474553305,1131.5366532875923
489,2,-178932.59682578177,732.66457303887
489,3,-179402.72290080777,262.5384980128729
489,4,-179253.69123353707,411.57016528357053
489,5,-179321.27039817194,343.99100064870436
490,0,-179665.26139882064,0.0
490,1,-178794.73396791684,870.5274309038068
490,2,-178693.68994755752,971.5714512631239
490,3,-179385.77316930346,279.48822951718466
490,4,-179270.17870483382,395.0826939868275
490,5,-179254.10336726793,411.1580315527099
491,0,-179665.26139882064,0.0
491,1,-178871.6935641836,793.5678346370405
491,2,-178398.00811466313,1267.2532841575157
491,3,-179300.69875629988,364.56264252075925
491,4,-179306.75759335604,358.5038054645993
491,5,-179291.44065284185,373.82074597879546
492,0,-179665.26139882064,0.0
492,1,-178730.70978985267,934.5516089679732
492,2,-178604.84499968105,1060.4163991395908
492,3,-179263.3065533575,401.95484546312946
492,4,-179281.65093262366,383.61046619698755
492,5,-179178.31493143336,486.94646738728625
493,0,-179665.26139882064,0.0
493,1,-178687.65037922567,977.6110195949732
493,2,-178988.10818949755,677.1532093230926
493,3,-179288.17355201754,377.08784680310055
493,4,-179280.00071601302,385.2606828076241
493,5,-179003.66061947154,661.6007793491008
494,0,-179665.26139882064,0.0
494,1,-178712.9055288787,952.3558699419373
494,2,-179166.64805817127,498.61334064937546
494,3,-179309.39573021157,355.86566860906896
494,4,-179269.92738267386,395.3340161467786
494,5,-179112.72535958732,552.5360392333241
495,0,-179665.26139882064,0.0
495,1,-178807.998615869,857.2627829516423
495,2,-179232.52691954377,432.73447927687084
495,3,-179342.77109067986,322.4903081407829
495,4,-179256.39520402797,408.8661947926739
495,5,-179146.40805412308,518.8533446975634
496,0,-179665.26139882064,0.0
496,1,-179014.69111080168,650.5702880189638
496,2,-179300.19307419885,365.0683246217959
496,3,-179307.55286987766,357.7085289429815
496,4,-179236.95299292039,428.30840590025764
496,5,-179282.37826308966,382.88313573098276
497,0,-179665.26139882064,0.0
497,1,-179064.07270973726,601.1886890833848
497,2,-179362.51693631723,302.74446250341134
497,3,-179298.5705016871,366.6908971335506
497,4,-179223.35127046207,441.9101283585769
497,5,-179373.76831649116,291.49308232948533
498,0,-179665.26139882064,0.0
498,1,-179061.6057626525,603.6556361681432
498,2,-179357.6846071961,307.5767916245386
498,3,-179334.12257840383,331.1388204168179
498,4,-179193.03984860342,472.22155021721846
498,5,-179382.16776856422,283.09363025642233
499,0,-179665.26139882064,0.0
499,1,-179142.13244219864,523.1289566220075
499,2,-179373.1595665272,292.10183229343966
499,3,-179329.64903085795,335.61236796269077
499,4,-179206.23304364638,459.0283551742614
499,5,-179394.98140748963,270.2799913310155
500,0,-179665.26139882064,0.0
500,1,-179175.9794293212,489.28196949945414
500,2,-179375.89899140876,289.3624074118852
500,3,-179313.02277881835,352.23862000228837
500,4,-179192.67807618,472.58332264065393
500,5,-179352.23253085403,313.02886796661187
501,0,-179665.26139882064,0.0
501,1,-179109.06807769052,556.1933211301221
501,2,-179357.61660405813,307.6447947625129
501,3,-179304.85911221444,360.4022866062005
501,4,-179184.1330806648,481.1283181558538
501,5,-179325.77883496165,339.4825638589973
502,0,-179665.26139882064,0.0
502,1,-179112.1746489706,553.0867498500447
502,2,-179375.97050751725,289.2908913033898
502,3,-179351.61349615178,313.6479026688612
502,4,-179174.5271163929,490.73428242772934
502,5,-179348.2719617865,316.9894370341499
503,0,-179665.26139882064,0.0
503,1,-178988.75962940374,676.5017694169073
503,2,-179275.20704638193,390.0543524387176
503,3,-179248.34575929955,416.91563952108845
503,4,-179236.1240518367,429.13734698394546
503,5,-179373.22454283191,292.03685598872835
504,0,-179665.26139882064,0.0
504,1,-179022.30477276017,642.956626060477
504,2,-179224.92508262105,440.3363161995949
504,3,-179169.98890561753,495.2724932031124
504,4,-179232.21005946468,433.0513393559668
504,5,-179381.96913610498,283.29226271566586
505,0,-179665.26139882064,0.0
505,1,-178984.5027253023,680.7586735183431
505,2,-179038.41844832146,626.84295049918
505,3,-179100.63872541947,564.6226734011725
505,4,-179286.40779563237,378.8536031882686
505,5,-179390.7782098257,274.48318899495644
506,0,-179665.26139882064,0.0
506,1,-179018.40598079248,646.8554180281644
506,2,-178605.15423569828,1060.1071631223604
506,3,-179077.22398533122,588.0374134894228
506,4,-179283.52649141982,381.73490740082343
506,5,-179385.61299284588,279.64840597475995
507,0,-179665.26139882064,0.0
507,1,-178923.03801327827,742.2233855423692
507,2,-178228.23031422877,1437.031084591872
507,3,-179022.13202776897,643.1293710516766
507,4,-179307.9527162031,357.30868261755677
507,5,-179357.7935153695,307.4678834511433
508,0,-179665.26139882064,0.0
508,1,-178432.44891817527,1232.8124806453707
508,2,-178492.20194514756,1173.0594536730787
508,3,-178761.4554393489,903.8059594717342
508,4,-179299.62380046202,365.63759835861856
508,5,-179361.4731038659,303.7882949547493
509,0,-179665.26139882064,0.0
509,1,-177936.57162287773,1728.689775942912
509,2,-178760.16772795032,905.093670870323
509,3,-178699.51129820984,965.7501006108068
509,4,-179142.43101808496,522.830380735686
509,5,-179352.29399388097,312.9674049396708
510,0,-179665.26139882064,0.0
510,1,-178297.36936475555,1367.8920340650948
510,2,-178682.68382774503,982.5775710756134
510,3,-178640.84992482731,1024.4114739933284
510,4,-179020.9923444211,644.2690543995413
510,5,-179340.96051604775,324.3008827728918
511,0,-179665.26139882064,0.0
511,1,-178597.93360086734,1067.3277979533013
511,2,-178482.90781881902,1182.3535800016252
511,3,-178678.2783744866,986.9830243340402
511,4,-179120.73610858072,544.5252902399225
511,5,-179334.7244313462,330.5369674744434
512,0,-179665.26139882064,0.0
512,1,-178581.21491954592,1084.0464792747225
512,2,-178686.5592966887,978.7021021319379
512,3,-178666.21174041118,999.0496584094653
512,4,-179289.70079131803,375.5606075026153
512,5,-179327.50378385812,337.7576149625238
513,0,-179665.26139882064,0.0
513,1,-178662.83681425676,1002.4245845638798
513,2,-178786.31557222106,878.9458265995781
513,3,-178826.5854843687,838.6759144519456
513,4,-179324.46551795196,340.7958808686817
513,5,-179253.94919654954,411.31220227110316
514,0,-179665.26139882064,0.0
514,1,-178723.31587659192,941.9455222287215
514,2,-178636.72930816427,1028.532090656372
514,3,-178935.55929974286,729.7020990777819
514,4,-179345.30996535232,319.951433468319
514,5,-179351.63343078073,313.6279680399166
515,0,-179665.26139882064,0.0
515,1,-178790.8781976994,874.3832011212362
515,2,-178822.99835740533,842.26304141531
515,3,-178951.83474065564,713.4266581650008
515,4,-179385.7984123976,279.4629864230519
515,5,-179368.62014775636,296.641251064284
516,0,-179665.26139882064,0.0
516,1,-178969.62441928755,695.6369795330975
516,2,-178982.20538851776,683.0560103028838
516,3,-178892.51239599468,772.7490028259635
516,4,-179412.07689873697,253.18450008367654
516,5,-179379.79248594947,285.46891287117614
517,0,-179665.26139882064,0.0
517,1,-178952.0979089534,713.1634898672346
517,2,-179160.66358334027,504.59781548037427
517,3,-179022.91734970344,642.3440491172078
517,4,-179428.58683236074,236.67456645990023
517,5,-179340.54552979357,324.7158690270735
518,0,-179665.26139882064,0.0
518,1,-178912.51277663172,752.7486221889267
518,2,-179092.9594208451,572.3019779755559
518,3,-179105.19896736057,560.0624314600718
518,4,-179442.70776005223,222.55363876841147
518,5,-179298.66083919242,366.60055962821934
519,0,-179665.26139882064,0.0
519,1,-178869.70731018626,795.5540886343806
519,2,-179189.69741922812,475.56397959252354
519,3,-179135.97146372113,529.289935099514
519,4,-179438.05676404416,227.20463477648445
519,5,-179344.13855989065,321.12283892999403
520,0,-179665.26139882064,0.0
520,1,-178941.12643912906,724.1349596915825
520,2,-179231.29455507308,433.96684374756296
520,3,-179242.22517918845,423.03621963219484
520,4,-179447.1517660493,218.1096327713458
520,5,-179359.80794887792,305.45344994272455
521,0,-179665.26139882064,0.0
521,1,-179056.65142978658,608.6099690340634
521,2,-179206.29975943334,458.96163938730024
521,3,-179149.78524274068,515.476156079967
521,4,-179438.09681934753,227.16457947311574
521,5,-179405.89204894862,259.36934987202403
522,0,-179665.26139882064,0.0
522,1,-179020.9238143223,644.3375844983384
522,2,-179234.95365958608,430.30773923455854
522,3,-179226.41121944113,438.8501793795149
522,4,-179423.08399377545,242.17740504519315
522,5,-179344.26159839684,320.9998004238005
523,0,-179665.26139882064,0.0
523,1,-179203.9555534209,461.3058453997364
523,2,-179278.90892552104,386.3524732996011
523,3,-179255.00154699586,410.25985182478325
523,4,-179419.63142590097,245.62997291967622
523,5,-179210.48954995046,454.7718488701794
524,0,-179665.26139882064,0.0
524,1,-179247.51019047582,417.7512083448237
524,2,-179335.67097021284,329.5904286078003
524,3,-179323.72724315454,341.53415566610056
524,4,-179408.96237890652,256.29901991412044
524,5,-179251.17034450278,414.09105431786156
525,0,-179665.26139882064,0.0
525,1,-179199.21990831703,466.04149050361593
525,2,-179255.01067980198,410.25071901865886
525,3,-179370.60116166717,294.6602371534682
525,4,-179385.78888359113,279.4725152295141
525,5,-179232.45185851605,432.80954030458815
526,0,-179665.26139882064,0.0
526,1,-179143.43561789987,521.8257809207716
526,2,-178933.54379093528,731.7176078853663
526,3,-179379.6570187228,285.6043800978514
526,4,-179405.3060944325,259.9553043881315
526,5,-179244.5424186568,420.71898016383057
527,0,-179665.26139882064,0.0
527,1,-179146.82326935278,518.4381294678606
527,2,-178846.3405954546,818.9208033660543
527,3,-179382.79831850328,282.4630803173641
527,4,-179434.74145596352,230.51994285712135
527,5,-179266.2767379838,398.9846608368389
528,0,-179665.26139882064,0.0
528,1,-179119.87755526288,545.3838435577636
528,2,-178936.89580109503,728.365597725613
528,3,-179266.22438224993,399.0370165707136
528,4,-179431.64937002977,233.61202879087068
528,5,-179329.51758003674,335.74381878389977
529,0,-179665.26139882064,0.0
529,1,-179185.26234552934,479.99905329130706
529,2,-179133.78536485866,531.4760339619825
529,3,-179031.80129647668,633.4601023439609
529,4,-179428.11557810789,237.145820712758
529,5,-179389.51524109844,275.7461577221984
530,0,-179665.26139882064,0.0
530,1,-179251.67974674486,413.58165207577986
530,2,-179221.19798294964,444.0634158710018
530,3,-179156.54686464407,508.71453417657176
530,4,-179426.3437550979,238.91764372272883
530,5,-179415.16617790243,250.09522091821418
531,0,-179665.26139882064,0.0
531,1,-179246.82050289266,418.44089592798264
531,2,-179217.75245332267,447.5089454979752
531,3,-179182.69997421614,482.56142460450064
531,4,-179423.69140816678,241.5699906538648
531,5,-179402.7751236206,262.48627520003356
532,0,-179665.26139882064,0.0
532,1,-179112.73153522157,552.5298635990766
532,2,-179308.29728036752,356.96411845312105
532,3,-179206.17563237454,459.0857664461073
532,4,-179408.27982285188,256.9815759687626
532,5,-179424.10975733327,241.15164148737676
533,0,-179665.26139882064,0.0
533,1,-178879.49344824775,785.7679505728884
533,2,-179354.42540965346,310.8359891671862
533,3,-179223.41334459314,441.8480542275065
533,4,-179409.2263183575,256.0350804631307
533,5,-179429.40743206267,235.8539667579753
534,0,-179665.26139882064,0.0
534,1,-178107.6942896783,1557.5671091423428
534,2,-179323.50599209208,341.7554067285673
534,3,-179206.8230090607,458.4383897599473
534,4,-179408.23452872603,257.02687009461806
534,5,-179402.14308475345,263.11831406719284
535,0,-179665.26139882064,0.0
535,1,-178499.57026205186,1165.6911367687862
535,2,-179376.6615455257,288.59985329493065
535,3,-179156.15430695174,509.10709186890745
535,4,-179425.58753865428,239.67386016636738
535,5,-179359.39884777673,305.862551043916
536,0,-179665.26139882064,0.0
536,1,-178652.9411058832,1012.3202929374529
536,2,-179384.99179632418,280.269602496468
536,3,-179182.732450976,482.5289478446357
536,4,-179410.54910858898,254.71229023166234
536,5,-179350.31909429486,314.9423045257863
537,0,-179665.26139882064,0.0
537,1,-178594.8007084883,1070.4606903323438
537,2,-179368.4408872624,296.82051155823865
537,3,-179315.5865774392,349.67482138145715
537,4,-179428.23907462976,237.0223241908825
537,5,-179379.94979732062,285.3116015000269
538,0,-179665.26139882064,0.0
538,1,-178051.19941720704,1614.0619816136023
538,2,-179385.04286476152,280.21853405912407
538,3,-179354.6568088601,310.60458996053785
538,4,-179426.0798189523,239.1815798683383
538,5,-179406.24427547923,259.01712334141484
539,0,-179665.26139882064,0.0
539,1,-177884.48854132782,1780.7728574928187
539,2,-179423.80330540295,241.458093417692
539,3,-179363.62534740462,301.63605141601874
539,4,-179443.13796090079,222.12343791985768
539,5,-179357.45367430354,307.8077245171007
540,0,-179665.26139882064,0.0
540,1,-178056.17413699089,1609.087261829758
540,2,-179412.80673505325,252.45466376739205
540,3,-179328.98674610475,336.2746527158888
540,4,-179433.58948778344,231.67191103720688
540,5,-179352.26137393116,313.0000248894794
541,0,-179665.26139882064,0.0
541,1,-178263.84136076327,1401.4200380573748
541,2,-179402.02384229348,263.237556527165
541,3,-179209.71277365187,455.5486251687689
541,4,-179442.26113567,223.00026315063587
541,5,-179329.50166772233,335.759731098311
542,0,-179665.26139882064,0.0
542,1,-178573.29233178467,1091.9690670359705
542,2,-179392.2537077875,273.0076910331554
542,3,-179064.95530925022,600.3060895704257
542,4,-179444.7362549339,220.52514388674172
542,5,-179340.85381049837,324.40758832226857
543,0,-179665.26139882064,0.0
543,1,-178476.48456638528,1188.7768324353674
543,2,-179335.39237273732,329.86902608332457
543,3,-178820.9458445163,844.3155543043395
543,4,-179436.17979899616,229.08159982447978
543,5,-179359.4982567424,305.7631420782418
544,0,-179665.26139882064,0.0
544,1,-178882.8977002657,782.3636985549529
544,2,-179336.2359293032,329.0254695174517
544,3,-178750.63587778632,914.6255210343224
544,4,-179437.62646262752,227.63493619312067
544,5,-179376.55786892583,288.7035298948176
545,0,-179665.26139882064,0.0
545,1,-179127.64946439344,537.611934427201
545,2,-179340.13569311152,325.12570570912794
545,3,-178885.2650394839,779.9963593367429
545,4,-179432.89720010656,232.36419871408725
545,5,-179392.32178548933,272.939613331313
546,0,-179665.26139882064,0.0
546,1,-179133.21056461535,532.0508342052926
546,2,-179360.75742295256,304.5039758680796
546,3,-178899.1993321783,766.0620666423347
546,4,-179442.74285108616,222.5185477344785
546,5,-179363.08212311027,302.17927571036853
547,0,-179665.26139882064,0.0
547,1,-179063.7462070681,601.5151917525509
547,2,-179382.7706905389,282.4907082817517
547,3,-178958.20800120806,707.053397612588
547,4,-179445.92781147803,219.33358734261128
547,5,-179345.907283587,319.3541152336402
548,0,-179665.26139882064,0.0
548,1,-179112.4265100998,552.8348887208558
548,2,-179360.68234997432,304.57904884632444
548,3,-178982.38244347743,682.8789553432143
548,4,-179444.92770475164,220.33369406900601
548,5,-179377.43710358848,287.8242952321598
549,0,-179665.26139882064,0.0
549,1,-179065.94350050445,599.3178983161924
549,2,-179323.7216088013,341.53979001933476
549,3,-179114.70096512,550.5604337006516
549,4,-179410.41395193047,254.84744689016952
549,5,-179371.19837789735,294.06302092329133
550,0,-179665.26139882064,0.0
550,1,-179021.1843550664,644.0770437542524
550,2,-179299.4222631438,365.8391356768552
550,3,-179169.16093395982,496.1004648608214
550,4,-179411.29805864074,253.9633401799074
550,5,-179352.64166060818,312.6197382124665
551,0,-179665.26139882064,0.0
551,1,-179036.65128423856,628.6101145820867
551,2,-179255.88406052548,409.3773382951622
551,3,-179208.19503964818,457.06635917245876
551,4,-179381.64990603298,283.6114927876624
551,5,-179355.59570926375,309.66568955688854
552,0,-179665.26139882064,0.0
552,1,-179115.56134951347,549.7000493071682
552,2,-179170.22778311666,495.03361570398556
552,3,-179274.63614465,390.625254170649
552,4,-179375.1910800071,290.07031881355215
552,5,-179354.7150562253,310.54634259533486
553,0,-179665.26139882064,0.0
553,1,-179119.45892055958,545.8024782610592
553,2,-179187.04509651277,478.2163023078756
553,3,-179303.820584015,361.44081480565364
553,4,-179391.8472613705,273.41413745013415
553,5,-179365.0595809121,300.20181790855713
554,0,-179665.26139882064,0.0
554,1,-179120.91984416658,544.3415546540637
554,2,-179244.31257912036,420.9488197002793
554,3,-179202.93481395612,462.3265848645242
554,4,-179333.681523961,331.57987485965714
554,5,-179379.71082008712,285.5505787335278
555,0,-179665.26139882064,0.0
555,1,-179111.26737707053,553.9940217501135
555,2,-179110.667489096,554.5939097246446
555,3,-179272.21708768446,393.04431113618193
555,4,-179242.31130038513,422.9500984355109
555,5,-179355.69313364406,309.5682651765819
556,0,-179665.26139882064,0.0
556,1,-178987.1160665953,678.1453322253365
556,2,-179230.80505253482,434.4563462858205
556,3,-179284.18546738767,381.0759314329771
556,4,-179248.0438401866,417.21755863403087
556,5,-179302.06971727146,363.1916815491859
557,0,-179665.26139882064,0.0
557,1,-179062.2313521118,603.0300467088528
557,2,-179245.38108866737,419.8803101532685
557,3,-179301.9885393363,363.27285948433564
557,4,-179299.8911047929,365.37029402772896
557,5,-179360.2666415894,304.9947572312376
558,0,-179665.26139882064,0.0
558,1,-179020.32144745244,644.9399513682001
558,2,-179315.69714112152,349.5642576991231
558,3,-179324.36649643257,340.8949023880705
558,4,-179246.1765760118,419.0848228088289
558,5,-179372.355394949,292.9060038716416
559,0,-179665.26139882064,0.0
559,1,-179182.19179090817,483.0696079124755
559,2,-179314.6736421598,350.5877566608542
559,3,-179321.64612338974,343.6152754309005
559,4,-179228.50817225914,436.7532265615009
559,5,-179396.85073224443,268.4106665762083
560,0,-179665.26139882064,0.0
560,1,-179066.09595494554,599.1654438750993
560,2,-179249.22022858541,416.0411702352285
560,3,-179337.18694904895,328.0744497716951
560,4,-179265.11440546083,400.14699335981277
560,5,-179410.86445971558,254.3969391050632
561,0,-179665.26139882064,0.0
561,1,-179114.65394435156,550.6074544690782
561,2,-179313.476809961,351.7845888596494
561,3,-179368.84942408378,296.4119747368677
561,4,-179299.70685894752,365.5545398731192
561,5,-179391.8574302615,273.4039685591415
562,0,-179665.26139882064,0.0
562,1,-179141.2701782089,523.9912206117297
562,2,-179274.41728704164,390.8441117790062
562,3,-179400.03825182866,265.22314699197887
562,4,-179348.5353974882,316.7260013324558
562,5,-179367.64030799593,297.6210908247158
563,0,-179665.26139882064,0.0
563,1,-179098.01508044795,567.2463183726941
563,2,-179281.3836349021,383.87776391854277
563,3,-179419.2584301647,246.00296865595737
563,4,-179362.79726682746,302.4641319931834
563,5,-179373.9040777084,291.35732111224206
564,0,-179665.26139882064,0.0
564,1,-179219.54479512724,445.7166036934068
564,2,-179321.95972707757,343.3016717430728
564,3,-179399.17468308532,266.08671573532047
564,4,-179349.9328768097,315.3285220109392
564,5,-179394.34469914946,270.9166996711865
565,0,-179665.26139882064,0.0
565,1,-179228.32590153482,436.9354972858273
565,2,-179291.0731336158,374.1882652048371
565,3,-179361.25239911498,304.0089997056639
565,4,-179321.17554885897,344.0858499616734
565,5,-179397.1234051614,268.13799365924206
566,0,-179665.26139882064,0.0
566,1,-179244.4235004123,420.8378984083538
566,2,-179239.65937105336,425.60202776727965
566,3,-179376.27051570895,288.9908831116918
566,4,-179323.44312805354,341.8182707671076
566,5,-179390.80090390242,274.46049491822487
567,0,-179665.26139882064,0.0
567,1,-179149.76724876976,515.4941500508867
567,2,-179113.1981762454,552.0632225752342
567,3,-179355.18141737653,310.0799814441125
567,4,-179323.84596461113,341.4154342095135
567,5,-179352.09946972132,313.1619290993258
568,0,-179665.26139882064,0.0
568,1,-179171.38109051654,493.88030830409843
568,2,-179276.12472200888,389.13667681175866
568,3,-179337.64916454122,327.61223427942605
568,4,-179326.13438574178,339.12701307886164
568,5,-179333.5971338383,331.6642649823334
569,0,-179665.26139882064,0.0
569,1,-179205.88372427042,459.3776745502255
569,2,-179196.44056335688,468.8208354637609
569,3,-179328.41573585625,336.8456629643915
569,4,-179343.3197560647,321.9416427559336
569,5,-179331.67191944836,333.5894793722837
570,0,-179665.26139882064,0.0
570,1,-179221.36236772686,443.89903109378065
570,2,-179180.40769451536,484.85370430527837
570,3,-179345.93334487887,319.3280539417756
570,4,-179360.39654025462,304.86485856602667
570,5,-179360.9183786521,304.34302016854053
571,0,-179665.26139882064,0.0
571,1,-179138.9719135955,526.2894852251338
571,2,-179265.8114447169,399.4499541037367
571,3,-179306.76302422344,358.49837459719856
571,4,-179326.44792700233,338.8134718183137
571,5,-179391.71838188384,273.54301693680463
572,0,-179665.26139882064,0.0
572,1,-179179.2779584544,485.9834403662535
572,2,-179218.85255958428,446.40883923636284
572,3,-179297.88734041378,367.37405840685824
572,4,-179288.04836884936,377.21302997128805
572,5,-179405.20078271464,260.06061610599863
573,0,-179665.26139882064,0.0
573,1,-179114.42494345552,550.836455365119
573,2,-179238.47700940564,426.78438941499917
573,3,-179216.16440542456,449.0969933960878
573,4,-179355.06874266957,310.19265615107724
573,5,-179382.2653683207,282.99603049995494
574,0,-179665.26139882064,0.0
574,1,-179146.42158042474,518.8398183959071
574,2,-179280.31641408813,384.9449847325159
574,3,-179228.58054947847,436.6808493421704
574,4,-179376.51413558677,288.74726323387586
574,5,-179335.83356156936,329.4278372512781
575,0,-179665.26139882064,0.0
575,1,-179128.63662107938,536.6247777412646
575,2,-179304.6354613655,360.62593745513004
575,3,-179316.9484831707,348.31291564993444
575,4,-179382.10383656374,283.1575622569071
575,5,-179366.87764867072,298.383750149922
576,0,-179665.26139882064,0.0
576,1,-179153.1297482022,512.1316506184521
576,2,-179315.59261392854,349.6687848920992
576,3,-179302.82475969367,362.4366391269723
576,4,-179365.46163182924,299.7997669914039
576,5,-179343.30750167277,321.953897147876
577,0,-179665.26139882064,0.0
577,1,-179027.2022836755,638.0591151451517
577,2,-179312.97784002894,352.28355879170704
577,3,-179325.09471607965,340.16668274099356
577,4,-179339.56037687176,325.7010219488875
577,5,-179335.12184382026,330.1395550003799
578,0,-179665.26139882064,0.0
578,1,-178499.92993414516,1165.331464675488
578,2,-179317.8641697164,347.3972291042446
578,3,-179359.37768409122,305.88371472942526
578,4,-179393.7653854944,271.49601332625025
578,5,-179350.810352047,314.45104677364
579,0,-179665.26139882064,0.0
579,1,-178254.32681303655,1410.9345857840963
579,2,-179314.00396605124,351.25743276940193
579,3,-179372.93484969283,292.32654912781436
579,4,-179416.5226344649,248.73876435574493
579,5,-179371.2279887033,294.0334101173503
580,0,-179665.26139882064,0.0
580,1,-178479.2934090843,1185.967989736353
580,2,-179339.5001464139,325.76125240675174
580,3,-179334.90381446836,330.3575843522849
580,4,-179410.45454121087,254.80685760977212
580,5,-179384.1098555375,281.15154328313656
581,0,-179665.26139882064,0.0
581,1,-178889.27032405738,775.9910747632675
581,2,-179379.65065801571,285.61074080492835
581,3,-179367.34804400735,297.9133548132959
581,4,-179377.29795145636,287.96344736428
581,5,-179404.8179261269,260.4434726937325
582,0,-179665.26139882064,0.0
582,1,-179086.73277646548,578.5286223551666
582,2,-179390.71156492777,274.5498338928737
582,3,-179291.89127455605,373.37012426459114
582,4,-179395.94442599482,269.3169728258217
582,5,-179403.00736121525,262.25403760539484
583,0,-179665.26139882064,0.0
583,1,-178952.31027918492,712.9511196357198
583,2,-179347.36797695872,317.89342186192516
583,3,-179306.68536509573,358.5760337249085
583,4,-179368.73621191533,296.52518690531724
583,5,-179388.6969258252,276.5644729954365
584,0,-179665.26139882064,0.0
584,1,-178922.9165813585,742.3448174621444
584,2,-179344.6891540825,320.5722447381413
584,3,-179349.3789676559,315.88243116473313
584,4,-179366.1376826708,299.1237161498575
584,5,-179378.17592703228,287.08547178836307
585,0,-179665.26139882064,0.0
585,1,-179192.19764969414,473.0637491265079
585,2,-179340.04548314723,325.2159156734124
585,3,-179400.92031836577,264.34108045487665
585,4,-179355.79526378517,309.4661350354727
585,5,-179384.7767554985,280.4846433221537
586,0,-179665.26139882064,0.0
586,1,-179165.92209893608,499.33929988456657
586,2,-179348.484975044,316.7764237766387
586,3,-179373.83746067318,291.42393814746174
586,4,-179338.9035756575,326.35782316315453
586,5,-179376.70037087856,288.5610279420798
587,0,-179665.26139882064,0.0
587,1,-179120.98508356084,544.2763152598054
587,2,-179297.06732573698,368.194073083665
587,3,-179411.9529674294,253.308431391255
587,4,-179314.68309881544,350.57830000520335
587,5,-179357.88738603474,307.3740127859055
588,0,-179665.26139882064,0.0
588,1,-179139.60725564792,525.6541431727237
588,2,-179273.09923024397,392.16216857667314
588,3,-179413.12468259013,252.1367162305105
588,4,-179335.5134040034,329.7479948172404
588,5,-179385.75435766118,279.5070411594643
589,0,-179665.26139882064,0.0
589,1,-179113.92019094608,551.3412078745605
589,2,-179278.0048278168,387.25657100384706
589,3,-179431.29291281928,233.96848600136582
589,4,-179347.14109879386,318.1203000267851
589,5,-179393.3382979808,271.92310083983466
590,0,-179665.26139882064,0.0
590,1,-179132.98953058425,532.271868236392
590,2,-179310.52805447034,354.7333443503012
590,3,-179443.3531544442,221.90824437644915
590,4,-179353.28469282435,311.97670599629055
590,5,-179340.53978624663,324.72161257400876
591,0,-179665.26139882064,0.0
591,1,-179207.6547894315,457.6066093891568
591,2,-179338.31217366303,326.94922515761573
591,3,-179423.256621794,242.00477702665376
591,4,-179349.0746048911,316.186793929548
591,5,-179336.93866921443,328.3227296062105
592,0,-179665.26139882064,0.0
592,1,-179212.0598456734,453.2015531472571
592,2,-179336.9902859745,328.2711128461524
592,3,-179405.92901273927,259.3323860813689
592,4,-179381.95978182062,283.3016170000192
592,5,-179352.9233210107,312.33807780995267
593,0,-179665.26139882064,0.0
593,1,-179038.56118677626,626.7002120443794
593,2,-179267.447895706,397.8135031146521
593,3,-179403.09454223714,262.1668565834989
593,4,-179379.59561298974,285.6657858309045
593,5,-179335.95435685397,329.3070419666765
594,0,-179665.26139882064,0.0
594,1,-178994.8890616139,670.3723372067325
594,2,-179232.88103386475,432.3803649558977
594,3,-179393.35542372323,271.905975097412
594,4,-179383.27680694134,281.98459187929984
594,5,-179383.20280768772,282.05859113292536
595,0,-179665.26139882064,0.0
595,1,-178803.08397310777,862.1774257128709
595,2,-179193.47829520947,471.78310361117474
595,3,-179309.69371603095,355.56768278969685
595,4,-179387.2008048181,278.0605940025416
595,5,-179373.79603875964,291.4653600610036
596,0,-179665.26139882064,0.0
596,1,-178802.57274597956,862.6886528410832
596,2,-179217.64301140205,447.6183874185954
596,3,-179129.28081862003,535.9805802006158
596,4,-179388.98739605283,276.27400276780827
596,5,-179396.8634058693,268.3979929513298
597,0,-179665.26139882064,0.0
597,1,-179040.4536347442,624.8077640764532
597,2,-179232.89615142858,432.3652473920665
597,3,-179141.90711620694,523.3542826136982
597,4,-179374.16163903376,291.09975978688453
597,5,-179400.92149440112,264.3399044195248
598,0,-179665.26139882064,0.0
598,1,-179101.64469321258,563.6167056080594
598,2,-179207.09706472384,458.1643340968003
598,3,-179207.42949313458,457.8319056860637
598,4,-179379.24517345548,286.01622536516516
598,5,-179391.07168687804,274.1897119425994
599,0,-179665.26139882064,0.0
599,1,-179086.03863962064,579.2227591999981
599,2,-179178.88863858816,486.3727602324798
599,3,-179275.0429055575,390.21849326314987
599,4,-179370.17360437431,295.0877944463282
599,5,-179386.05698730735,279.2044115132885
600,0,-179665.26139882064,0.0
600,1,-179184.86653199958,480.3948668210651
600,2,-179262.55799188672,402.7034069339279
600,3,-179324.61682399138,340.6445748292608
600,4,-179381.0251319751,284.2362668455462
600,5,-179381.3550862218,283.90631259884685
601,0,-179665.26139882064,0.0
601,1,-179081.50590680205,583.7554920185939
601,2,-179269.18418981982,396.07720900082495
601,3,-179342.77068256648,322.490716254164
601,4,-179355.50672331432,309.7546755063231
601,5,-179383.78524057308,281.4761582475621
602,0,-179665.26139882064,0.0
602,1,-179003.46020301935,661.8011958012939
602,2,-179169.57360145962,495.6877973610244
602,3,-179392.09033806933,273.1710607513087
602,4,-179311.49475276168,353.76664605896804
602,5,-179392.11747726024,273.1439215604041
603,0,-179665.26139882064,0.0
603,1,-178992.858095661,672.4033031596337
603,2,-178932.710336767,732.5510620536515
603,3,-179389.64182389513,275.619574925513
603,4,-179209.545074563,455.7163242576353
603,5,-179390.81599030676,274.4454085138859
604,0,-179665.26139882064,0.0
604,1,-179021.08223717217,644.1791616484697
604,2,-179085.20158304687,580.0598157737695
604,3,-179375.2821482173,289.97925060335547
604,4,-179126.2056478783,539.0557509423525
604,5,-179396.7667225227,268.494676297938
605,0,-179665.26139882064,0.0
605,1,-178918.12417328067,747.1372255399765
605,2,-178967.0746656875,698.1867331331305
605,3,-179371.99753708288,293.263861737767
605,4,-179199.9084871685,465.3529116521531
605,5,-179402.6202434944,262.6411553262442
606,0,-179665.26139882064,0.0
606,1,-178795.9850016511,869.2763971695385
606,2,-178847.67344624238,817.5879525782657
606,3,-179364.61758291887,300.6438159017707
606,4,-179325.5891454316,339.672253389057
606,5,-179400.6793919335,264.5820068871544
607,0,-179665.26139882064,0.0
607,1,-178956.92459251964,708.3368063009984
607,2,-178893.06117980197,772.2002190186759
607,3,-179354.95993896027,310.3014598603768
607,4,-179354.15214495754,311.10925386310555
607,5,-179407.3152005904,257.94619823023095
608,0,-179665.26139882064,0.0
608,1,-179055.02698312612,610.2344156945182
608,2,-178910.02983078308,755.2315680375614
608,3,-179358.92040411843,306.34099470221554
608,4,-179322.27600325397,342.98539556667674
608,5,-179403.10073759823,262.1606612224132
609,0,-179665.26139882064,0.0
609,1,-179202.83143835652,462.42996046412736
609,2,-178930.72012152377,734.5412772968702
609,3,-179373.05894863658,292.2024501840642
609,4,-179312.86082074424,352.40057807639823
609,5,-179393.10853779793,272.15286102271057
610,0,-179665.26139882064,0.0
610,1,-179243.40466189513,421.8567369255179
610,2,-179138.53809601764,526.7233028030023
610,3,-179382.0792218196,283.1821770010574
610,4,-179313.5122674098,351.74913141084835
610,5,-179394.35176583088,270.9096329897584
611,0,-179665.26139882064,0.0
611,1,-179363.56886641952,301.6925324011245
611,2,-179149.94881101017,515.3125878104765
611,3,-179381.30091415418,283.9604846664588
611,4,-179352.99901758888,312.26238123176154
611,5,-179411.11920122488,254.14219759576372
612,0,-179665.26139882064,0.0
612,1,-179328.22760850913,337.03379031151417
612,2,-179079.127169722,586.1342290986504
612,3,-179395.49328769493,269.7681111257116
612,4,-179347.341162734,317.9202360866475
612,5,-179412.78751998075,252.47387883989722
613,0,-179665.26139882064,0.0
613,1,-179274.73186118493,390.52953763570986
613,2,-178924.1249131073,741.1364857133303
613,3,-179380.16132709268,285.1000717279676
613,4,-179360.03405089807,305.2273479225696
613,5,-179414.85396597662,250.40743284401833
614,0,-179665.26139882064,0.0
614,1,-179285.40589526942,379.8555035512254
614,2,-179074.53154952932,590.7298492913251
614,3,-179371.91162453906,293.34977428158163
614,4,-179328.10003271417,337.16136610647663
614,5,-179402.51352780976,262.7478710108844
615,0,-179665.26139882064,0.0
615,1,-179296.79646624628,368.4649325743667
615,2,-179159.04304362764,506.2183551930066
615,3,-179365.79570190754,299.4656969131029
615,4,-179351.28344252208,313.9779562985641
615,5,-179383.00322773773,282.25817108291085
616,0,-179665.26139882064,0.0
616,1,-179250.0314291665,415.22996965414495
616,2,-179250.4326622845,414.8287365361466
616,3,-179358.05192201858,307.20947680206154
616,4,-179361.6809806625,303.58041815814795
616,5,-179404.3251797571,260.9362190635293
617,0,-179665.26139882064,0.0
617,1,-179175.40622451273,489.85517430791515
617,2,-179261.75453937228,403.50685944836005
617,3,-179332.51170739374,332.7496914268995
617,4,-179356.44575484848,308.81564397216425
617,5,-179393.81976686962,271.4416319510201
618,0,-179665.26139882064,0.0
618,1,-179025.31836298492,639.9430358357204
618,2,-179272.1746173047,393.0867815159436
618,3,-179265.80452000943,399.4568788112083
618,4,-179357.91575320438,307.3456456162676
618,5,-179380.41260256234,284.8487962583022
619,0,-179665.26139882064,0.0
619,1,-179079.12137623582,586.1400225848192
619,2,-179371.06771419774,294.1936846229073
619,3,-179282.6750976879,382.5863011327456
619,4,-179377.5166960529,287.74470276775537
619,5,-179369.6987622313,295.5626365893404
620,0,-179665.26139882064,0.0
620,1,-179178.9795486943,486.2818501263391
620,2,-179389.28179000958,275.97960881105973
620,3,-179278.15584493804,387.105553882604
620,4,-179384.320667871,280.94073094963096
620,5,-179400.67572551555,264.5856733050896
621,0,-179665.26139882064,0.0
621,1,-178950.4163326044,714.8450662162504
621,2,-179379.39235823372,285.86904058692744
621,3,-179270.49055958542,394.7708392352215
621,4,-179371.94847693475,293.3129218858958
621,5,-179428.95575259498,236.30564622566453
622,0,-179665.26139882064,0.0
622,1,-178896.09334861225,769.1680502083909
622,2,-179367.82346577483,297.4379330458178
622,3,-179298.22163091556,367.0397679050802
622,4,-179375.21533299197,290.04606582867564
622,5,-179430.95294263458,234.30845618605963
623,0,-179665.26139882064,0.0
623,1,-178863.24877055225,802.0126282683923
623,2,-179378.46211824656,286.7992805740796
623,3,-179295.56014111108,369.7012577095593
623,4,-179383.4305631453,281.83083567535505
623,5,-179427.84406685134,237.41733196930727
624,0,-179665.26139882064,0.0
624,1,-178857.97118310828,807.2902157123608
624,2,-179367.5837231891,297.67767563153757
624,3,-179305.96645077597,359.2949480446696
624,4,-179376.31410656736,288.94729225328774
624,5,-179422.56884618077,242.69255263986997
625,0,-179665.26139882064,0.0
625,1,-178838.58978151967,826.6716173009772
625,2,-179374.4261313235,290.8352674971393
625,3,-179336.76337112053,328.4980277001159
625,4,-179393.83052363418,271.43087518645916
625,5,-179408.57345970886,256.68793911178363
626,0,-179665.26139882064,0.0
626,1,-178869.95621133264,795.3051874880039
626,2,-179379.3926776937,285.8687211269571
626,3,-179362.98178706685,302.2796117537946
626,4,-179404.35012106816,260.91127775248606
626,5,-179398.13316725535,267.1282315652934
627,0,-179665.26139882064,0.0
627,1,-178966.25718655798,699.0042122626619
627,2,-179361.45918090641,303.8022179142281
627,3,-179373.06164572982,292.19975309082656
627,4,-179412.63600279565,252.62539602498873
627,5,-179396.65537330223,268.60602551841293
628,0,-179665.26139882064,0.0
628,1,-179066.29332466784,598.9680741527991
628,2,-179368.72041840982,296.54098041082034
628,3,-179341.29279675012,323.9686020705267
628,4,-179415.35955250316,249.90184631748707
628,5,-179406.25179539016,259.0096034304879
629,0,-179665.26139882064,0.0
629,1,-179092.2694369713,572.9919618493295
629,2,-179368.7681710055,296.4932278151391
629,3,-179353.70269315178,311.55870566886733
629,4,-179431.62046431203,233.640934508614
629,5,-179411.62949602178,253.63190279886476
630,0,-179665.26139882064,0.0
630,1,-179000.58041890553,664.6809799151088
630,2,-179368.8342801278,296.4271186928381
630,3,-179378.48361762616,286.7777811944834
630,4,-179430.7261563028,234.5352425178571
630,5,-179402.06940602174,263.19199279890745
631,0,-179665.26139882064,0.0
631,1,-179053.93812336586,611.3232754547789
631,2,-179370.2477015026,295.01369731803425
631,3,-179377.79082138347,287.4705774371687
631,4,-179414.2795616932,250.98183712744503
631,5,-179381.62795610394,283.6334427167021
632,0,-179665.26139882064,0.0
632,1,-179110.4110858241,554.8503129965393
632,2,-179371.0642496729,294.1971491477452
632,3,-179381.09946374994,284.1619350707042
632,4,-179402.0742919156,263.1871069050394
632,5,-179336.6976720244,328.56372679624474
633,0,-179665.26139882064,0.0
633,1,-179164.45065303938,500.81074578125845
633,2,-179353.6860131691,311.5753856515512
633,3,-179369.0344206394,296.22697818125016
633,4,-179399.36183279494,265.899566025706
633,5,-179271.02414731032,394.23725151031977
634,0,-179665.26139882064,0.0
634,1,-179152.27684047996,512.9845583406859
634,2,-179421.6234315896,243.63796723104315
634,3,-179307.07795876576,358.18344005488325
634,4,-179386.92689421622,278.3345046044269
634,5,-179268.44805752722,396.81334129342576
635,0,-179665.26139882064,0.0
635,1,-179128.3418351079,536.9195637127559
635,2,-179436.24990214306,229.01149667758727
635,3,-179306.86773599157,358.3936628290685
635,4,-179368.26926583383,296.99213298680843
635,5,-179350.97669635143,314.2847024692164
636,0,-179665.26139882064,0.0
636,1,-179121.651537766,543.6098610546323
636,2,-179458.30338212577,206.95801669487264
636,3,-179300.02665743983,365.23474138081656
636,4,-179372.68365575993,292.57774306071224
636,5,-179355.97098679518,309.29041202546796
637,0,-179665.26139882064,0.0
637,1,-179165.87951410282,499.38188471781905
637,2,-179450.28198607508,214.97941274556797
637,3,-179294.3136306077,370.94776821293635
637,4,-179385.98355066686,279.27784815378254
637,5,-179327.54788926223,337.713509558409
638,0,-179665.26139882064,0.0
638,1,-179223.63379479843,441.62760402221465
638,2,-179455.2989874885,209.9624113321479
638,3,-179284.7616165529,380.4997822677542
638,4,-179403.83478877263,261.4266100480163
638,5,-179296.28119409966,368.9802047209814
639,0,-179665.26139882064,0.0
639,1,-179121.8820960692,543.3793027514475
639,2,-179450.60936107798,214.6520377426641
639,3,-179301.6645889152,363.59680990542984
639,4,-179422.541914303,242.71948451764183
639,5,-179281.4822634432,383.77913537743734
640,0,-179665.26139882064,0.0
640,1,-179099.19577644716,566.0656223734841
640,2,-179433.17979814566,232.08160067498102
640,3,-179286.38534258553,378.876056235109
640,4,-179448.29766180593,216.9637370147102
640,5,-179266.42354772464,398.83785109600285
641,0,-179665.26139882064,0.0
641,1,-179155.02166500798,510.23973381266114
641,2,-179332.99082669913,332.27057212151703
641,3,-179322.21930895702,343.0420898636221
641,4,-179463.24483296718,202.0165658534679
641,5,-179297.7056494807,367.55574933995376
642,0,-179665.26139882064,0.0
642,1,-179230.4540169894,434.80738183125504
642,2,-179386.52423474228,278.73716407836764
642,3,-179319.38619901327,345.87519980737125
642,4,-179463.40515816273,201.8562406579149
642,5,-179300.4389513282,364.82244749245
643,0,-179665.26139882064,0.0
643,1,-179222.46886097195,442.792537848698
643,2,-179400.15184047516,265.10955834548804
643,3,-179313.73449597287,351.5269028477778
643,4,-179447.332551604,217.92884721665177
643,5,-179298.05191761776,367.20948120288085
644,0,-179665.26139882064,0.0
644,1,-179218.97101527746,446.2903835431789
644,2,-179353.57037883895,311.6910199816921
644,3,-179247.54077865768,417.7206201629597
644,4,-179395.6916392535,269.5697595671518
644,5,-179331.65383149387,333.6075673267769
645,0,-179665.26139882064,0.0
645,1,-179248.90176905572,416.3596297649201
645,2,-179390.65199952797,274.60939929267624
645,3,-179190.49631278645,474.76508603419643
645,4,-179363.23959102054,302.0218078001053
645,5,-179389.8080215414,275.45337727924925
646,0,-179665.26139882064,0.0
646,1,-179264.40011445753,400.86128436311265
646,2,-179416.47386204218,248.78753677845816
646,3,-179333.44530155484,331.8160972658079
646,4,-179338.44306280804,326.8183360125986
646,5,-179368.0857532034,297.1756456172443
647,0,-179665.26139882064,0.0
647,1,-179241.9304754444,423.33092337625567
647,2,-179409.36080632007,255.90059250057675
647,3,-179341.4465757581,323.81482306253747
647,4,-179326.8174015819,338.4439972387336
647,5,-179339.5807809597,325.68061786095495
648,0,-179665.26139882064,0.0
648,1,-179155.9309281178,509.33047070284374
648,2,-179419.05358922252,246.20780959812691
648,3,-179309.33168853846,355.92971028218744
648,4,-179307.2935169158,357.96788190485677
648,5,-179321.31056261514,343.95083620550577
649,0,-179665.26139882064,0.0
649,1,-179037.09622361118,628.1651752094622
649,2,-179415.9504849493,249.31091387133347
649,3,-179272.24322140473,393.01817741591367
649,4,-179297.82071866284,367.44068015780067
649,5,-179277.7407125928,387.52068622785737
650,0,-179665.26139882064,0.0
650,1,-179057.2666752291,607.9947235915461
650,2,-179397.8567297263,267.404669094336
650,3,-179260.5195262176,404.7418726030446
650,4,-179331.55283061753,333.70856820311747
650,5,-179260.84043019015,404.42096863049665
651,0,-179665.26139882064,0.0
651,1,-179155.400702229,509.8606965916406
651,2,-179296.78932680283,368.47207201781566
651,3,-179245.32386236207,419.93753645857214
651,4,-179332.14657803165,333.1148207889928
651,5,-179252.71537239256,412.5460264280846
652,0,-179665.26139882064,0.0
652,1,-179114.58193502942,550.6794637912244
652,2,-179259.88179547954,405.3796033411054
652,3,-179296.33326232064,368.9281365000061
652,4,-179337.2924081679,327.96899065273465
652,5,-179206.78308358463,458.4783152360178
653,0,-179665.26139882064,0.0
653,1,-179082.24522461166,583.016174208984
653,2,-179286.58016114667,378.681237673969
653,3,-179306.36312313957,358.89827568107285
653,4,-179329.03975580528,336.22164301536395
653,5,-179197.5967475302,467.66465129045537
654,0,-179665.26139882064,0.0
654,1,-179121.46316758846,543.7982312321838
654,2,-179118.90723540494,546.3541634157009
654,3,-179318.04111524043,347.22028358021635
654,4,-179317.1855036961,348.0758951245516
654,5,-179310.4085965508,354.85280226983014
655,0,-179665.26139882064,0.0
655,1,-179156.90098871457,508.3604101060773
655,2,-179296.50231385103,368.75908496961347
655,3,-179318.20699551058,347.05440331005957
655,4,-179359.09203099812,306.1693678225274
655,5,-179334.32894388153,330.9324549391167
656,0,-179665.26139882064,0.0
656,1,-179250.6359430818,414.6254557388311
656,2,-179362.56068163793,302.70071718271356
656,3,-179339.92191817437,325.33948064627475
656,4,-179385.3852929397,279.87610588094685
656,5,-179280.33091816326,384.9304806573782
657,0,-179665.26139882064,0.0
657,1,-179273.24183354762,392.0195652730181
657,2,-179325.89665059804,339.3647482226079
657,3,-179337.705301858,327.5560969626531
657,4,-179400.9764149249,264.28498389574816
657,5,-179226.02569104196,439.23570777868736
658,0,-179665.26139882064,0.0
658,1,-179201.22920550534,464.0321933153027
658,2,-179351.32953628374,313.9318625369051
658,3,-179270.2678629283,394.9935358923394
658,4,-179429.05951066822,236.20188815242727
658,5,-179259.4386953421,405.82270347853773
659,0,-179665.26139882064,0.0
659,1,-179114.66783649012,550.5935623305268
659,2,-179352.7483511382,312.51304768244154
659,3,-179230.64596333078,434.61543548986083
659,4,-179434.18692199688,231.0744768237637
659,5,-179214.24267148037,451.01872734026983
660,0,-179665.26139882064,0.0
660,1,-179055.0315472986,610.2298515220464
660,2,-179319.87948585782,345.3819129628246
660,3,-179246.17577199198,419.08562682865886
660,4,-179411.20675869155,254.05464012909215
660,5,-179175.9602775675,489.3011212531419
661,0,-179665.26139882064,0.0
661,1,-178993.17964683537,672.0817519852717
661,2,-179329.26286458026,335.99853424038156
661,3,-179285.4670811375,379.7943176831468
661,4,-179409.23019408522,256.03120473542367
661,5,-179063.0964957448,602.1649030758417
662,0,-179665.26139882064,0.0
662,1,-179004.71180568295,660.5495931376936
662,2,-179386.2628832146,278.99851560604293
662,3,-179280.94599179222,384.31540702842176
662,4,-179422.573686904,242.6877119166311
662,5,-179024.34013700738,640.9212618132588
663,0,-179665.26139882064,0.0
663,1,-178992.52060092217,672.7407978984702
663,2,-179424.28433055567,240.9770682649687
663,3,-179241.1161811948,424.1452176258317
663,4,-179407.85249019964,257.4089086210006
663,5,-179083.06999246974,582.191406350903
664,0,-179665.26139882064,0.0
664,1,-178922.4418757702,742.8195230504498
664,2,-179433.1578510602,232.10354776043096
664,3,-179279.51314102358,385.7482577970659
664,4,-179422.6648329734,242.596565847256
664,5,-178905.34741408355,759.913984737097
665,0,-179665.26139882064,0.0
665,1,-179047.95016058173,617.3112382389081
665,2,-179433.87361289002,231.38778593062307
665,3,-179283.65692119295,381.60447762769763
665,4,-179417.85490203093,247.40649678971386
665,5,-178981.81937321596,683.4420256046869
666,0,-179665.26139882064,0.0
666,1,-179049.0452086827,616.2161901379295
666,2,-179423.73812393515,241.52327488549054
666,3,-179206.95500401594,458.30639480470563
666,4,-179408.91025819734,256.35114062330103
666,5,-178756.4564070171,908.8049918035395
667,0,-179665.26139882064,0.0
667,1,-178993.11276034277,672.1486384778691
667,2,-179395.48006745527,269.7813313653751
667,3,-179152.80393904608,512.4574597745668
667,4,-179416.58739840062,248.67400042002555
667,5,-178689.57802165547,975.6833771651727
668,0,-179665.26139882064,0.0
668,1,-178814.8346435812,850.4267552394303
668,2,-179359.23343938554,306.02795943510137
668,3,-179145.30365910567,519.9577397149696
668,4,-179411.0586688077,254.20273001294117
668,5,-178783.2092205242,882.0521782964352
669,0,-179665.26139882064,0.0
669,1,-178650.52880637173,1014.7325924489123
669,2,-179396.5370781306,268.72432069003116
669,3,-179220.68899492853,444.572403892118
669,4,-179429.95399736654,235.30740145410527
669,5,-178941.58234379214,723.6790550285077
670,0,-179665.26139882064,0.0
670,1,-178625.03799151772,1040.223407302925
670,2,-179392.1229014678,273.1384973528329
670,3,-179330.7596415092,334.501757311431
670,4,-179438.61729189107,226.6441069295688
670,5,-179149.12619504894,516.1352037717006
671,0,-179665.26139882064,0.0
671,1,-178793.2979453462,871.9634534744546
671,2,-179414.96215114187,250.29924767877674
671,3,-179337.1793196285,328.08207919212873
671,4,-179429.5491306152,235.7122682054469
671,5,-179189.28362375236,475.97777506828425
672,0,-179665.26139882064,0.0
672,1,-178933.78971895305,731.4716798675945
672,2,-179414.61988429553,250.6415145251085
672,3,-179315.5590982862,349.7023005344381
672,4,-179434.13061720334,231.13078161730664
672,5,-179021.27572896978,643.9856698508665
673,0,-179665.26139882064,0.0
673,1,-178878.86607865506,786.3953201655822
673,2,-179438.4749899114,226.78640890924726
673,3,-179240.10351920384,425.15787961680326
673,4,-179422.0666601866,243.1947386340471
673,5,-179206.53543623743,458.72596258320846
674,0,-179665.26139882064,0.0
674,1,-178883.1098519933,782.1515468273428
674,2,-179424.87080686967,240.3905919509707
674,3,-179229.13960071298,436.12179810766247
674,4,-179392.3135429831,272.94785583755584
674,5,-179236.88590006257,428.375498758076
675,0,-179665.26139882064,0.0
675,1,-178917.61617844636,747.645220374281
675,2,-179362.7542086735,302.50719014715287
675,3,-179262.58106251582,402.68033630482387
675,4,-179376.70918079806,288.55221802258166
675,5,-179260.3766791827,404.8847196379502
676,0,-179665.26139882064,0.0
676,1,-178902.04456035304,763.2168384676042
676,2,-179383.2774196431,281.9839791775448
676,3,-179301.38611703544,363.87528178520733
676,4,-179371.09124466626,294.170154154388
676,5,-179160.40914672095,504.8522520996921
677,0,-179665.26139882064,0.0
677,1,-178915.2190444523,750.0423543683428
677,2,-179286.75817382277,378.50322499786853
677,3,-179341.71410244802,323.5472963726206
677,4,-179364.09616347705,301.16523534359294
677,5,-179219.79211843133,445.4692803893122
678,0,-179665.26139882064,0.0
678,1,-178963.01539251176,702.2460063088802
678,2,-179264.21254725062,401.0488515700272
678,3,-179367.6103107654,297.65108805525233
678,4,-179377.39259239944,287.8688064212038
678,5,-179227.695803934,437.56559488663333
679,0,-179665.26139882064,0.0
679,1,-179106.8120284902,558.4493703304324
679,2,-179201.6319008761,463.629497944552
679,3,-179390.88163907087,274.379759749776
679,4,-179379.60888229642,285.6525165242201
679,5,-179207.64326007228,457.6181387483666
680,0,-179665.26139882064,0.0
680,1,-179156.094342501,509.16705631965306
680,2,-179210.31662055536,454.944778265286
680,3,-179378.0859510711,287.17544774955604
680,4,-179379.0052771901,286.25612163054757
680,5,-179209.59910287755,455.662295943097
681,0,-179665.26139882064,0.0
681,1,-179084.0095748679,581.2518239527417
681,2,-179298.63558339362,366.6258154270181
681,3,-179400.66068610828,264.6007127123594
681,4,-179391.43348570124,273.82791311939945
681,5,-179214.1739164923,451.08748232835205
682,0,-179665.26139882064,0.0
682,1,-179050.33318985498,614.9282089656626
682,2,-179347.2885451375,317.97285368313896
682,3,-179409.9960912585,255.2653075621347
682,4,-179391.71797588293,273.54342293771333
682,5,-179243.8546891294,421.40670969124767
683,0,-179665.26139882064,0.0
683,1,-178994.82053007945,670.4408687411924
683,2,-179374.4143441673,290.84705465333536
683,3,-179426.8350690436,238.42632977705216
683,4,-179380.80008903574,284.4613097849069
683,5,-179264.8162695088,400.44512931184727
684,0,-179665.26139882064,0.0
684,1,-179053.87378118912,611.3876176315243
684,2,-179376.48789686375,288.7735019568936
684,3,-179422.75166862604,242.50973019460798
684,4,-179357.04934647193,308.21205234871013
684,5,-179187.05414601282,478.2072528078279
685,0,-179665.26139882064,0.0
685,1,-179064.2562528292,601.0051459914539
685,2,-179384.46254653131,280.79885228932835
685,3,-179414.2389162301,251.02248259054613
685,4,-179347.18791681837,318.07348200227716
685,5,-179033.7818274849,631.4795713357453
686,0,-179665.26139882064,0.0
686,1,-179012.19751193028,653.0638868903625
686,2,-179392.14220931905,273.1191895015945
686,3,-179418.96401528124,246.29738353940775
686,4,-179335.20268941787,330.05870940277237
686,5,-178971.65806616636,693.603332654282
687,0,-179665.26139882064,0.0
687,1,-178816.08469268092,849.1767061397259
687,2,-179387.6553464354,277.60605238523567
687,3,-179419.05922886133,246.20216995931696
687,4,-179336.43845328383,328.82294553681277
687,5,-178962.00933125752,703.252067563124
688,0,-179665.26139882064,0.0
688,1,-178781.84726798636,883.4141308342805
688,2,-179385.43961388295,279.82178493769607
688,3,-179400.1155486129,265.14585020774393
688,4,-179351.37097814432,313.89042067632545
688,5,-179002.46836275098,662.7930360696628
689,0,-179665.26139882064,0.0
689,1,-178992.95173729322,672.3096615274262
689,2,-179380.09341053254,285.1679882880999
689,3,-179392.9562584272,272.3051403934369
689,4,-179292.22149270165,373.03990611899644
689,5,-179036.811123553,628.450275267649
690,0,-179665.26139882064,0.0
690,1,-179164.7890866604,500.47231216024375
690,2,-179356.77380686055,308.48759196008905
690,3,-179403.1988836721,262.06251514854375
690,4,-179282.53032458844,382.7310742322006
690,5,-179108.07105364645,557.1903451741964
691,0,-179665.26139882064,0.0
691,1,-179115.69503802285,549.5663607977913
691,2,-179380.22922020848,285.032178612164
691,3,-179404.35213557305,260.90926324759494
691,4,-179274.09588014195,391.16551867869566
691,5,-179226.30368565943,438.9577131612168
692,0,-179665.26139882064,0.0
692,1,-179041.86992748672,623.3914713339182
692,2,-179408.755311437,256.5060873836337
692,3,-179411.4405074701,253.82089135053684
692,4,-179316.72876786394,348.53263095670263
692,5,-179262.689588521,402.57181029964704
693,0,-179665.26139882064,0.0
693,1,-179020.48002395136,644.7813748692861
693,2,-179405.4412927718,259.82010604883544
693,3,-179421.83278288474,243.4286159359035
693,4,-179288.452399476,376.8089993446483
693,5,-179251.06285558984,414.19854323079926
694,0,-179665.26139882064,0.0
694,1,-179079.5051023733,585.7562964473327
694,2,-179362.76972054978,302.4916782708606
694,3,-179425.65889656078,239.60250225986238
694,4,-179216.8630230256,448.3983757950482
694,5,-179244.54612612168,420.71527269895887
695,0,-179665.26139882064,0.0
695,1,-179093.91097285366,571.3504259669862
695,2,-179393.48466412662,271.7767346940236
695,3,-179411.51937245013,253.74202637051349
695,4,-179182.74167724722,482.51972157342243
695,5,-179185.27807360224,479.9833252184035
696,0,-179665.26139882064,0.0
696,1,-179133.67214123945,531.5892575811886
696,2,-179383.41284089492,281.8485579257249
696,3,-179406.12994200125,259.13145681939204
696,4,-179233.49498719146,431.7664116291853
696,5,-179096.03472574445,569.2266730761912
697,0,-179665.26139882064,0.0
697,1,-179151.3847066623,513.8766921583447
697,2,-179395.5737157293,269.6876830913534
697,3,-179409.61498710373,255.64641171690891
697,4,-179257.9256942424,407.33570457823225
697,5,-179136.03697200585,529.2244268147915
698,0,-179665.26139882064,0.0
698,1,-179195.71039403288,469.5510047877615
698,2,-179386.32128565855,278.940113162098
698,3,-179390.54907509367,274.71232372696977
698,4,-179255.66005123206,409.60134758858476
698,5,-179174.88443248623,490.37696633441374
699,0,-179665.26139882064,0.0
699,1,-179246.1582831645,419.1031156561512
699,2,-179382.5682922387,282.6931065819517
699,3,-179384.98851775174,280.27288106890046
699,4,-179350.97004245536,314.2913563652837
699,5,-179268.90871914665,396.35267967398977
700,0,-179665.26139882064,0.0
700,1,-179234.55077974734,430.71061907330295
700,2,-179400.55016872106,264.71123009957955
700,3,-179394.99638426554,270.2650145551015
700,4,-179350.64386982805,314.61752899258863
700,5,-179279.65794785373,385.6034509669116
701,0,-179665.26139882064,0.0
701,1,-179232.97681314684,432.2845856737986
701,2,-179427.1939845307,238.06741428995156
701,3,-179406.68238642957,258.57901239107014
701,4,-179349.07581237564,316.18558644500445
701,5,-179315.56881857244,349.6925802482001
702,0,-179665.26139882064,0.0
702,1,-179268.1190948359,397.14230398472864
702,2,-179417.38080297122,247.88059584941948
702,3,-179401.9036852081,263.3577136125532
702,4,-179361.13646650652,304.1249323141237
702,5,-179316.58379028842,348.6776085322199
703,0,-179665.26139882064,0.0
703,1,-179311.58953119486,353.67186762578785
703,2,-179427.07620401992,238.18519480072428
703,3,-179417.56894901753,247.69244980311487
703,4,-179391.4883488114,273.7730500092439
703,5,-179285.3706152855,379.89078353514196
704,0,-179665.26139882064,0.0
704,1,-179306.78698099643,358.47441782421083
704,2,-179405.80609407256,259.45530474808766
704,3,-179407.9232026135,257.33819620712893
704,4,-179391.1916257954,274.06977302522864
704,5,-179300.63332731888,364.62807150176377
705,0,-179665.26139882064,0.0
705,1,-179348.85316844986,316.4082303707837
705,2,-179421.10110248937,244.1602963312762
705,3,-179409.52960748205,255.7317913385923
705,4,-179403.3702660477,261.89113277292927
705,5,-179308.53752983594,356.72386898469995
706,0,-179665.26139882064,0.0
706,1,-179343.76809483214,321.49330398850725
706,2,-179447.5409938628,217.72040495782858
706,3,-179407.6065637201,257.65483510054764
706,4,-179412.32549942756,252.93589939308004
706,5,-179290.68052407698,374.58087474366766
707,0,-179665.26139882064,0.0
707,1,-179318.195378223,347.06602059764555
707,2,-179449.05019934854,216.21119947210536
707,3,-179408.24121175494,257.0201870657038
707,4,-179412.0851218254,253.17627699524746
707,5,-179314.4105646572,350.8508341634297
708,0,-179665.26139882064,0.0
708,1,-179267.0225830453,398.23881577534485
708,2,-179455.9981045558,209.2632942648488
708,3,-179394.62879921752,270.6325996031228
708,4,-179411.89695296646,253.36444585418212
708,5,-179325.9568264305,339.3045723901305
709,0,-179665.26139882064,0.0
709,1,-179271.32748581204,393.93391300860094
709,2,-179446.96741057246,218.29398824818782
709,3,-179408.09829471982,257.16310410082224
709,4,-179417.19450413468,248.06689468596596
709,5,-179308.36875706055,356.89264176008874
710,0,-179665.26139882064,0.0
710,1,-179244.13860982616,421.12278899448575
710,2,-179430.50988626928,234.75151255136007
710,3,-179410.1020927381,255.1593060825544
710,4,-179424.47593762586,240.78546119478415
710,5,-179346.9309959531,318.3304028675484
711,0,-179665.26139882064,0.0
711,1,-179235.87366342024,429.3877354004071
711,2,-179413.19129662492,252.07010219572112
711,3,-179414.72609117502,250.5353076456231
711,4,-179425.03648424987,240.22491457077558
711,5,-179353.7965763003,311.4648225203564
712,0,-179665.26139882064,0.0
712,1,-179230.69403387103,434.5673649496166
712,2,-179397.88545512414,267.3759436965047
712,3,-179414.67099375007,250.59040507057216
712,4,-179429.79268489932,235.46871392132016
712,5,-179340.72541552826,324.53598329238594
713,0,-179665.26139882064,0.0
713,1,-179181.21653001013,484.0448688105098
713,2,-179389.43828455743,275.82311426321394
713,3,-179405.91992672093,259.3414720997098
713,4,-179409.7396304494,255.52176837125444
713,5,-179304.89303351124,360.3683653094049
714,0,-179665.26139882064,0.0
714,1,-178983.79857757167,681.462821248977
714,2,-179385.27721771572,279.9841811049264
714,3,-179393.02186800423,272.2395308164123
714,4,-179402.99143268383,262.26996613680967
714,5,-179242.43589763844,422.8255011822039
715,0,-179665.26139882064,0.0
715,1,-178963.19419287538,702.0672059452627
715,2,-179419.06611655574,246.19528226490365
715,3,-179388.82820156097,276.4331972596701
715,4,-179405.0678174965,260.1935813241289
715,5,-179246.32952410096,418.9318747196812
716,0,-179665.26139882064,0.0
716,1,-178983.2412020921,682.0201967285539
716,2,-179425.00185684732,240.25954197332612
716,3,-179394.3502613368,270.9111374838394
716,4,-179411.25851223493,254.00288658571662
716,5,-179042.21162617835,623.0497726422909
717,0,-179665.26139882064,0.0
717,1,-179133.9929926678,531.2684061528416
717,2,-179431.52795300155,233.73344581908896
717,3,-179401.04212910836,264.21926971228095
717,4,-179416.58850351284,248.67289530779817
717,5,-179056.53834946582,608.7230493548268
718,0,-179665.26139882064,0.0
718,1,-179114.48398860765,550.7774102129915
718,2,-179434.2393392177,231.02205960295396
718,3,-179405.54761515162,259.71378366902354
718,4,-179420.01235799602,245.24904082462308
718,5,-179177.70346880815,487.5579300124955
719,0,-179665.26139882064,0.0
719,1,-179207.4070317893,457.85436703133746
719,2,-179424.59286784896,240.66853097168496
719,3,-179409.26561870144,255.99578011920676
719,4,-179410.1461426034,255.11525621725013
719,5,-179253.7452519988,411.516146821843
720,0,-179665.26139882064,0.0
720,1,-179165.6075132436,499.65388557704864
720,2,-179432.51632348343,232.74507533721044
720,3,-179401.10130555244,264.16009326820495
720,4,-179424.96978850328,240.29161031736294
720,5,-179319.9965908144,345.2648080062354
721,0,-179665.26139882064,0.0
721,1,-179108.29764264685,556.9637561737909
721,2,-179433.24831532873,232.01308349191095
721,3,-179351.56336236824,313.6980364524061
721,4,-179423.96529179794,241.29610702270293
721,5,-179337.23065231086,328.0307465097867
722,0,-179665.26139882064,0.0
722,1,-179198.7069655069,466.55443331375136
722,2,-179404.78749782007,260.47390100057237
722,3,-179368.71162837875,296.5497704418958
722,4,-179428.5667129072,236.69468591344776
722,5,-179343.10888555844,322.1525132622046
723,0,-179665.26139882064,0.0
723,1,-179224.79637570222,440.4650231184205
723,2,-179404.58754815228,260.6738506683614
723,3,-179363.97439701695,301.28700180369196
723,4,-179434.15978073326,231.10161808738485
723,5,-179327.80729808062,337.45410074002575
724,0,-179665.26139882064,0.0
724,1,-179226.9331099014,438.3282889192342
724,2,-179399.57381641897,265.6875824016752
724,3,-179344.59699105122,320.6644077694218
724,4,-179436.561616689,228.69978213164723
724,5,-179312.98181537542,352.2795834452263
725,0,-179665.26139882064,0.0
725,1,-179128.68465671543,536.5767421052151
725,2,-179411.0305010778,254.23089774284745
725,3,-179303.0217418795,362.2396569411503
725,4,-179435.69323105254,229.56816776809865
725,5,-179333.94980204434,331.3115967763006
726,0,-179665.26139882064,0.0
726,1,-179089.43162388814,575.8297749324993
726,2,-179419.10620401698,246.15519480366493
726,3,-179313.99488636418,351.26651245646644
726,4,-179428.60874038478,236.6526584358653
726,5,-179301.69690662806,363.564492192585
727,0,-179665.26139882064,0.0
727,1,-179076.2528629573,589.0085358633369
727,2,-179419.26220363143,245.99919518921524
727,3,-179333.57958795677,331.68181086386903
727,4,-179442.09357350165,223.16782531898934
727,5,-179283.7802506243,381.4811481963552
728,0,-179665.26139882064,0.0
728,1,-179089.6289788573,575.6324199633382
728,2,-179410.00146586137,255.25993295927765
728,3,-179319.74050319058,345.520895630063
728,4,-179425.7572166721,239.50418214855017
728,5,-179325.99359302304,339.2678057976009
729,0,-179665.26139882064,0.0
729,1,-179003.26434775785,661.99705106279
729,2,-179432.21050546214,233.0508933585079
729,3,-179274.78164531427,390.4797535063699
729,4,-179423.67795409064,241.58344473000034
729,5,-179364.13812740849,301.1232714121579
730,0,-179665.26139882064,0.0
730,1,-179189.10570396404,476.15569485659944
730,2,-179427.787817716,237.47358110465575
730,3,-179240.62136051583,424.6400383048167
730,4,-179406.99661854195,258.264780278696
730,5,-179358.04513484827,307.2162639723683
731,0,-179665.26139882064,0.0
731,1,-179278.40898946484,386.85240935580805
731,2,-179424.3684190715,240.89297974912915
731,3,-179255.6606678429,409.60073097774875
731,4,-179397.8026254694,267.4587733512453
731,5,-179354.35196548354,310.9094333371031
732,0,-179665.26139882064,0.0
732,1,-179442.188243492,223.0731553286314
732,2,-179423.8197709528,241.44162786784
732,3,-179204.35285151808,460.9085473025625
732,4,-179402.78295244355,262.47844637709204
732,5,-179346.26090901872,319.00048980192514
733,0,-179665.26139882064,0.0
733,1,-179698.11576300533,-32.8543641846918
733,2,-179421.35210568906,243.90929313158267
733,3,-179254.94039050222,410.321008318424
733,4,-179402.0422084649,263.21919035573956
733,5,-179372.01402609597,293.2473727246688
734,0,-179665.26139882064,0.0
734,1,-180039.80289969957,-374.54150087892776
734,2,-179421.89749340957,243.36390541106812
734,3,-179283.30993000878,381.9514688118652
734,4,-179396.61181319115,268.64958562949323
734,5,-179380.39287487755,284.86852394309244
735,0,-179665.26139882064,0.0
735,1,-180872.70729252836,-1207.4458937077143
735,2,-179435.1759160849,230.0854827357398
735,3,-179352.97833394844,312.28306487220107
735,4,-179378.32382380287,286.93757501777145
735,5,-179402.36156393244,262.89983488820144
736,0,-179665.26139882064,0.0
736,1,-180803.64262804273,-1138.3812292220828
736,2,-179425.97650450064,239.28489432000788
736,3,-179370.49447038973,294.7669284309086
736,4,-179372.14367154462,293.1177272760251
736,5,-179392.0649489099,273.1964499107562
737,0,-179665.26139882064,0.0
737,1,-180481.60273251173,-816.341333691089
737,2,-179419.077708413,246.18369040763355
737,3,-179366.87968300813,298.38171581251663
737,4,-179350.30958319665,314.95181562399375
737,5,-179411.74138550804,253.52001331260544
738,0,-179665.26139882064,0.0
738,1,-179699.95781288118,-34.69641406054143
738,2,-179395.63988317014,269.6215156505059
738,3,-179367.48118447978,297.7802143408626
738,4,-179352.4012890399,312.86010978074046
738,5,-179401.27290205754,263.98849676310783
739,0,-179665.26139882064,0.0
739,1,-179706.48218789295,-41.220789072307525
739,2,-179404.11959438992,261.1418044307211
739,3,-179368.14934492542,297.11205389522365
739,4,-179323.37203120702,341.8893676136213
739,5,-179383.45187588324,281.8095229374012
740,0,-179665.26139882064,0.0
740,1,-179198.2741975852,466.9872012354317
740,2,-179378.66121646596,286.60018235468306
740,3,-179393.3822277229,271.87917109773844
740,4,-179304.83762457097,360.4237742496771
740,5,-179394.2487604752,271.01263834544807
741,0,-179665.26139882064,0.0
741,1,-179018.67404314945,646.5873556711886
741,2,-179384.92932748367,280.3320713369758
741,3,-179395.497370568,269.7640282526554
741,4,-179330.08368914554,335.17770967510296
741,5,-179392.1505280867,273.11087073394447
742,0,-179665.26139882064,0.0
742,1,-179126.69908906185,538.5623097587959
742,2,-179366.075087683,299.1863111376297
742,3,-179365.41280441004,299.8485944106069
742,4,-179345.1658797604,320.0955190602399
742,5,-179411.11453708424,254.14686173640075
743,0,-179665.26139882064,0.0
743,1,-179161.46367750608,503.7977213145641
743,2,-179317.04132702335,348.22007179728826
743,3,-179336.14430678173,329.11709203891223
743,4,-179353.2533074141,312.00809140654746
743,5,-179411.01838034624,254.24301847440074
744,0,-179665.26139882064,0.0
744,1,-178926.79961322394,738.4617855967081
744,2,-179318.4967636442,346.76463517645607
744,3,-179339.98882710745,325.272571713198
744,4,-179342.20214619738,323.0592526232649
744,5,-179385.9923901461,279.2690086745424
745,0,-179665.26139882064,0.0
745,1,-178886.6380081412,778.6233906794514
745,2,-179354.9808379955,310.2805608251365
745,3,-179330.01751607336,335.2438827472797
745,4,-179377.66022627047,287.60117255017394
745,5,-179383.6020161083,281.6593827123288
746,0,-179665.26139882064,0.0
746,1,-178884.8550929744,780.4063058462343
746,2,-179376.41254777304,288.8488510476018
746,3,-179317.503693742,347.7577050786349
746,4,-179390.86345850988,274.397940310766
746,5,-179351.4584711807,313.8029276399466
747,0,-179665.26139882064,0.0
747,1,-178883.53445921594,781.726939604705
747,2,-179361.39189202897,303.8695067916706
747,3,-179365.58236846238,299.6790303582675
747,4,-179410.6176843104,254.64371451025363
747,5,-179355.87687110194,309.3845277187065
748,0,-179665.26139882064,0.0
748,1,-178761.47640262358,903.7849961970642
748,2,-179385.76124738285,279.50015143779456
748,3,-179392.59527669637,272.66612212426844
748,4,-179333.88628875345,331.3751100671943
748,5,-179381.34538547427,283.9160133463738
749,0,-179665.26139882064,0.0
749,1,-178711.55281640548,953.7085824151582
749,2,-179398.4992311149,266.76216770574683
749,3,-179392.45554397412,272.80585484651965
749,4,-179218.10745287014,447.1539459505002
749,5,-179413.2793235225,251.9820752981468
750,0,-179665.26139882064,0.0
750,1,-178714.05470513232,951.2066936883202
750,2,-179407.72859701217,257.53280180846923
750,3,-179400.19721446824,265.0641843524063
750,4,-179210.75214321466,454.5092556059826
750,5,-179437.11975261103,228.14164620960946
751,0,-179665.26139882064,0.0
751,1,-178789.18099045043,876.0804083702096
751,2,-179408.04032089558,257.22107792505994
751,3,-179413.89375556342,251.3676432572247
751,4,-179210.18511994355,455.0762788770953
751,5,-179439.77826281858,225.48313600206166
752,0,-179665.26139882064,0.0
752,1,-178876.4054488414,788.8559499792464
752,2,-179382.39939113482,282.8620076858206
752,3,-179405.35908183866,259.90231698198477
752,4,-179261.37559313086,403.88580568978796
752,5,-179431.84396279792,233.4174360227189
753,0,-179665.26139882064,0.0
753,1,-178673.395731532,991.8656672886573
753,2,-179378.6842222685,286.57717655214947
753,3,-179393.80934451168,271.4520543089602
753,4,-179308.420069965,356.84132885563304
753,5,-179407.0979901933,258.16340862735524
754,0,-179665.26139882064,0.0
754,1,-178446.39485490692,1218.8665439137258
754,2,-179383.3056203071,281.9557785135403
754,3,-179415.59678861263,249.66461020801216
754,4,-179266.3697145833,398.8916842373437
754,5,-179379.33744522755,285.9239535930974
755,0,-179665.26139882064,0.0
755,1,-178430.7064368444,1234.554961976246
755,2,-179383.9879573565,281.27344146414544
755,3,-179401.82569900205,263.43569981859764
755,4,-179133.26331414114,531.9980846795079
755,5,-179364.39867667836,300.8627221422794
756,0,-179665.26139882064,0.0
756,1,-178331.09076884642,1334.1706299742218
756,2,-179384.37259971935,280.8887991012889
756,3,-179420.21318947105,245.0482093495957
756,4,-179169.78433951153,495.4770593091089
756,5,-179337.40379287914,327.85760594150634
757,0,-179665.26139882064,0.0
757,1,-178362.4721314972,1302.7892673234455
757,2,-179412.076760167,253.18463865364902
757,3,-179431.1132448382,234.14815398244536
757,4,-179235.73872753116,429.52267128948006
757,5,-179347.40402583266,317.8573729879863
758,0,-179665.26139882064,0.0
758,1,-178341.34635844774,1323.9150403729
758,2,-179387.7140564486,277.54734237203957
758,3,-179427.45415399587,237.80724482476944
758,4,-179292.25002572275,373.0113730978919
758,5,-179347.8548815896,317.4065172310511
759,0,-179665.26139882064,0.0
759,1,-178398.23856514075,1267.02283367989
759,2,-179399.85070682515,265.41069199549383
759,3,-179431.90073860862,233.36066021202714
759,4,-179357.7187785458,307.54262027484947
759,5,-179375.049580819,290.2118180016405
760,0,-179665.26139882064,0.0
760,1,-178435.07852459475,1230.182874225895
760,2,-179420.10370899536,245.15768982528243
760,3,-179401.65170643627,263.60969238437247
760,4,-179377.3960750427,287.86532377795083
760,5,-179383.96770828473,281.29369053590926
761,0,-179665.26139882064,0.0
761,1,-178334.78346441005,1330.4779344105918
761,2,-179433.2191326693,232.04226615134394
761,3,-179363.74960822935,301.5117905912921
761,4,-179410.70634782355,254.55505099709262
761,5,-179369.9462383511,295.3151604695304
762,0,-179665.26139882064,0.0
762,1,-178604.65919475275,1060.6022040678945
762,2,-179433.26342246647,231.9979763541778
762,3,-179361.25366498638,304.0077338342671
762,4,-179414.1939427626,251.0674560580519
762,5,-179302.44045441062,362.8209444100212
763,0,-179665.26139882064,0.0
763,1,-178763.26221522957,901.9991835910769
763,2,-179438.0220865255,227.23931229513255
763,3,-179299.468745695,365.7926531256526
763,4,-179418.11683904097,247.1445597796701
763,5,-179276.91692748648,388.3444713341596
764,0,-179665.26139882064,0.0
764,1,-178774.65786212255,890.6035366980941
764,2,-179433.60516182243,231.656236998213
764,3,-179306.85052521198,358.4108736086637
764,4,-179406.22931748,259.03208134064334
764,5,-179265.22187379445,400.0395250261936
765,0,-179665.26139882064,0.0
765,1,-178843.2656969065,821.9957019141293
765,2,-179428.618032225,236.64336659564287
765,3,-179259.25284246664,406.0085563540051
765,4,-179418.47175620156,246.7896426190855
765,5,-179295.47019862864,369.7912001920049
766,0,-179665.26139882064,0.0
766,1,-178820.56394484098,844.6974539796647
766,2,-179419.06401276353,246.1973860571161
766,3,-179077.19722030705,588.0641785135958
766,4,-179425.93277692192,239.32862189871958
766,5,-179308.03148038348,357.2299184371659
767,0,-179665.26139882064,0.0
767,1,-178935.57990057254,729.681498248101
767,2,-179369.3568919041,295.9045069165295
767,3,-179268.31149139104,396.9499074296036
767,4,-179427.13176646587,238.12963235477218
767,5,-179287.79467714668,377.46672167396173
768,0,-179665.26139882064,0.0
768,1,-179028.51982929834,636.7415695223026
768,2,-179383.43259309683,281.82880572380964
768,3,-179327.91531727486,337.3460815457802
768,4,-179414.59170360488,250.6696952157654
768,5,-179264.14147982054,401.11991900010617
769,0,-179665.26139882064,0.0
769,1,-179200.17139309886,465.09000572178047
769,2,-179356.2924415806,308.968957240053
769,3,-179330.8318469117,334.4295519089501
769,4,-179414.82692275476,250.43447606588597
769,5,-179293.26403355703,371.99736526361085
770,0,-179665.26139882064,0.0
770,1,-179292.90938140135,372.3520174192963
770,2,-179343.4497425495,321.8116562711366
770,3,-179327.76319053344,337.4982082872011
770,4,-179416.18504005842,249.07635876222048
770,5,-179293.7716698871,371.4897289335495
771,0,-179665.26139882064,0.0
771,1,-179309.38634345293,355.87505536770914
771,2,-179247.3614825864,417.8999162342516
771,3,-179310.97956705876,354.2818317618803
771,4,-179420.09513722104,245.16626159960288
771,5,-179308.15088493645,357.1105138841958
772,0,-179665.26139882064,0.0
772,1,-179200.68222204092,464.57917677972
772,2,-179205.30873991418,459.9526589064626
772,3,-179329.03729838258,336.22410043806303
772,4,-179423.8578877352,241.4035110854311
772,5,-179311.90508285663,353.356315964018
773,0,-179665.26139882064,0.0
773,1,-179151.54303274993,513.7183660707087
773,2,-179175.95257526982,489.3088235508185
773,3,-179355.39078646712,309.87061235352303
773,4,-179444.01012615545,221.2512726651912
773,5,-179309.08825489174,356.17314392889966
774,0,-179665.26139882064,0.0
774,1,-179165.3360256624,499.925373158243
774,2,-179290.63374199544,374.62765682520694
774,3,-179310.18234855408,355.07905026656226
774,4,-179449.55222698336,215.70917183728307
774,5,-179285.7934808598,379.4679179608356
775,0,-179665.26139882064,0.0
775,1,-179217.50297692238,447.75842189826653
775,2,-179379.6968541963,285.56454462432885
775,3,-179279.04092337663,386.2204754440172
775,4,-179452.48605828403,212.7753405366093
775,5,-179267.38507755985,397.87632126078825
776,0,-179665.26139882064,0.0
776,1,-179118.7438529879,546.5175458327576
776,2,-179405.89534750616,259.36605131448596
776,3,-179256.45217397567,408.8092248449684
776,4,-179440.13708646927,225.12431235137046
776,5,-179222.64868956467,442.61270925597637
777,0,-179665.26139882064,0.0
777,1,-179128.00787735562,537.253521465027
777,2,-179421.8223457396,243.43905308103422
777,3,-179277.71640003854,387.5449987821048
777,4,-179435.03381694196,230.2275818786875
777,5,-179305.55912697356,359.70227184708347
778,0,-179665.26139882064,0.0
778,1,-179126.55646563965,538.7049331809976
778,2,-179412.183758532,253.07764028865495
778,3,-179278.75167304513,386.50972577551147
778,4,-179440.02472432752,225.23667449312052
778,5,-179346.90202651353,318.3593723071099
779,0,-179665.26139882064,0.0
779,1,-178790.44468064755,874.8167181730969
779,2,-179414.12268595345,251.13871286719223
779,3,-179250.75136602295,414.51003279769793
779,4,-179430.83008831597,234.4313105046749
779,5,-179374.0933529955,291.16804582515033
780,0,-179665.26139882064,0.0
780,1,-177456.80559699147,2208.455801829172
780,2,-179423.81792984036,241.44346898028743
780,3,-179209.97983410463,455.2815647160169
780,4,-179435.54411049403,229.71728832661756
780,5,-179376.54754033434,288.7138584862987
781,0,-179665.26139882064,0.0
781,1,-177421.83753998866,2243.423858831986
781,2,-179431.12737166288,234.13402715776465
781,3,-179277.9932911359,387.2681076847366
781,4,-179444.19062901483,221.07076980581041
781,5,-179376.0754527966,289.1859460240521
782,0,-179665.26139882064,0.0
782,1,-177578.21866324265,2087.0427355779975
782,2,-179425.02042697626,240.24097184438142
782,3,-179321.38388974083,343.87750907981535
782,4,-179453.65898581088,211.60241300976486
782,5,-179372.56605246887,292.69534635177115
783,0,-179665.26139882064,0.0
783,1,-178176.35367002644,1488.9077287942055
783,2,-179440.89315462965,224.3682441909914
783,3,-179347.67737613883,317.5840226818109
783,4,-179467.64588195807,197.61551686257008
783,5,-179381.23556779642,284.0258310242207
784,0,-179665.26139882064,0.0
784,1,-178683.28377561053,981.977623210114
784,2,-179409.29542382533,255.96597499531345
784,3,-179353.62597228598,311.6354265346599
784,4,-179459.20970520083,206.05169361981098
784,5,-179374.72683547018,290.5345633504621
785,0,-179665.26139882064,0.0
785,1,-179019.06105443116,646.2003443894791
785,2,-179433.07472954158,232.18666927906452
785,3,-179410.6259739342,254.6354248864518
785,4,-179461.81574359327,203.44565522737685
785,5,-179374.4871901146,290.7742087060469
786,0,-179665.26139882064,0.0
786,1,-179137.84554393627,527.4158548843698
786,2,-179433.7709551153,231.4904437053483
786,3,-179418.56967736428,246.6917214563582
786,4,-179423.7758883042,241.48551051644608
786,5,-179372.3658216402,292.89557718043216
787,0,-179665.26139882064,0.0
787,1,-179144.93601154521,520.3253872754285
787,2,-179440.03360026708,225.22779855356202
787,3,-179413.04533257065,252.2160662499955
787,4,-179403.1325005892,262.12889823142905
787,5,-179404.8404013216,260.42099749905174
788,0,-179665.26139882064,0.0
788,1,-178911.28974066247,753.9716581581743
788,2,-179463.00710914753,202.25428967311746
788,3,-179404.50774976387,260.7536490567727
788,4,-179393.07296186595,272.1884369546897
788,5,-179333.0480371868,332.2133616338542
789,0,-179665.26139882064,0.0
789,1,-178729.9500678603,935.3113309603359
789,2,-179466.96104070326,198.30035811738344
789,3,-179371.5120932875,293.7493055331288
789,4,-179404.1134339424,261.1479648782406
789,5,-179324.15157240367,341.10982641697046
790,0,-179665.26139882064,0.0
790,1,-178830.8240661507,834.4373326699424
790,2,-179457.93065434665,207.33074447399122
790,3,-179363.16771323522,302.0936855854234
790,4,-179428.53399780075,236.72740101988893
790,5,-179175.8831820147,489.37821680595516
791,0,-179665.26139882064,0.0
791,1,-178809.21533058485,856.0460682357952
791,2,-179464.94101796183,200.32038085881504
791,3,-179336.20206474635,329.05933407429256
791,4,-179395.15636843824,270.1050303824013
791,5,-179126.93857591285,538.322822907794
792,0,-179665.26139882064,0.0
792,1,-178732.86347657157,932.3979222490743
792,2,-179468.70405012032,196.55734870032757
792,3,-179359.0591389272,306.2022598934418
792,4,-179395.91980156273,269.3415972579096
792,5,-179345.34442927138,319.9169695492601
793,0,-179665.26139882064,0.0
793,1,-178792.72975441805,872.5316444025957
793,2,-179471.5083283616,193.75307045903173
793,3,-179347.38153904918,317.8798597714631
793,4,-179425.87987806596,239.3815207546868
793,5,-179392.0381120441,273.2232867765415
794,0,-179665.26139882064,0.0
794,1,-179001.43355589814,663.8278429225029
794,2,-179461.11774119787,204.14365762277157
794,3,-179356.74406732284,308.51733149780193
794,4,-179420.9074218765,244.35397694414132
794,5,-179396.1910777636,269.07032105705
795,0,-179665.26139882064,0.0
795,1,-179166.9028889948,498.3585098258336
795,2,-179458.87532097497,206.38607784567284
795,3,-179350.56513662217,314.69626219847123
795,4,-179418.40961652598,246.85178229465964
795,5,-179406.35343234162,258.9079664790188
796,0,-179665.26139882064,0.0
796,1,-179178.30272947918,486.95866934146034
796,2,-179460.84594278655,204.4154560340976
796,3,-179362.11996874333,303.14143007731764
796,4,-179412.34427412372,252.91712469691993
796,5,-179430.85982327408,234.40157554656616
797,0,-179665.26139882064,0.0
797,1,-179200.5041446762,464.7572541444388
797,2,-179454.80299745427,210.4584013663698
797,3,-179359.27725104004,305.98414778060396
797,4,-179421.63231550425,243.62908331639483
797,5,-179449.08392194167,216.17747687897645
798,0,-179665.26139882064,0.0
798,1,-179158.03751484427,507.22388397637405
798,2,-179452.5991335073,212.6622653133527
798,3,-179334.07299602864,331.1884027920023
798,4,-179402.08945238215,263.17194643849507
798,5,-179424.69361527584,240.56778354480048
799,0,-179665.26139882064,0.0
799,1,-179160.36010232748,504.90129649316077
799,2,-179447.04151387303,218.21988494761172
799,3,-179314.30404903975,350.95734978088876
799,4,-179414.91788448585,250.34351433478878
799,5,-179429.01448203714,236.2469167835079
800,0,-179665.26139882064,0.0
800,1,-179175.6568582887,489.604540531931
800,2,-179447.45018680437,217.81121201626956
800,3,-179336.34550694595,328.915891874698
800,4,-179419.96491810383,245.2964807168173
800,5,-179413.64850963507,251.61288918557693
801,0,-179665.26139882064,0.0
801,1,-179168.24732977417,497.0140690464759
801,2,-179451.34892154127,213.91247727937298
801,3,-179357.2389993563,308.0223994643311
801,4,-179428.34349917993,236.91789964071359
801,5,-179421.70040119754,243.56099762310623
802,0,-179665.26139882064,0.0
802,1,-179216.48454576219,448.7768530584581
802,2,-179439.61162805156,225.6497707690869
802,3,-179362.8516737802,302.4097250404302
802,4,-179413.8204391745,251.4409596461337
802,5,-179373.5122869764,291.7491118442558
803,0,-179665.26139882064,0.0
803,1,-179230.9355372668,434.32586155383615
803,2,-179435.69074910678,229.5706497138599
803,3,-179309.84636438076,355.4150344398804
803,4,-179414.73711506528,250.52428375536692
803,5,-179335.01022244143,330.2511763792136
804,0,-179665.26139882064,0.0
804,1,-179174.05707716642,491.20432165422244
804,2,-179420.6683233701,244.5930754505389
804,3,-179338.8240607032,326.4373381174519
804,4,-179413.80601982362,251.45537899702322
804,5,-179397.7623301318,267.4990686888341
805,0,-179665.26139882064,0.0
805,1,-179085.68213055748,579.5792682631582
805,2,-179422.93770313502,242.32369568562717
805,3,-179341.27947572886,323.9819230917783
805,4,-179412.48797112357,252.7734276970732
805,5,-179380.311252749,284.95014607164194
806,0,-179665.26139882064,0.0
806,1,-178998.28875527615,666.97264354449
806,2,-179432.56056446707,232.70083435357083
806,3,-179313.8369626214,351.424436199246
806,4,-179399.11275663064,266.14864219000447
806,5,-179372.84489883168,292.41649998896173
807,0,-179665.26139882064,0.0
807,1,-179096.1966105331,569.0647882875346
807,2,-179432.44745151163,232.8139473090123
807,3,-179247.81720404778,417.44419477286283
807,4,-179377.9731868792,287.2882119414571
807,5,-179399.5684820145,265.69291680614697
808,0,-179665.26139882064,0.0
808,1,-179183.07114523268,482.1902535879635
808,2,-179412.652335376,252.60906344463
808,3,-179280.5339075474,384.7274912732537
808,4,-179341.0161875106,324.2452113100444
808,5,-179389.9980208188,275.2633780018368
809,0,-179665.26139882064,0.0
809,1,-179069.83177021125,595.4296286093886
809,2,-179412.6259104391,252.6354883815511
809,3,-179325.81938084765,339.4420179729932
809,4,-179343.90633740035,321.3550614202977
809,5,-179416.4644854833,248.7969133373408
810,0,-179665.26139882064,0.0
810,1,-178934.54621889576,730.7151799248822
810,2,-179402.44501898304,262.8163798376045
810,3,-179291.2468125218,374.0145862988429
810,4,-179356.48865694067,308.7727418799768
810,5,-179303.06999447546,362.1914043451834
811,0,-179665.26139882064,0.0
811,1,-179005.11238334456,660.1490154760832
811,2,-179371.79778808347,293.4636107371771
811,3,-179304.66650822898,360.59489059165935
811,4,-179341.2801900291,323.98120879154885
811,5,-179229.45626553975,435.8051332808973
812,0,-179665.26139882064,0.0
812,1,-178939.2116111365,726.04978768414
812,2,-179377.29947225994,287.96192656070343
812,3,-179360.73894397783,304.52245484280866
812,4,-179378.51303711903,286.74836170161143
812,5,-179156.0712583491,509.1901404715318
813,0,-179665.26139882064,0.0
813,1,-178936.17827879154,729.0831200290995
813,2,-179393.35743057056,271.9039682500879
813,3,-179355.05610489513,310.20529392550816
813,4,-179324.9645551928,340.2968436278461
813,5,-179235.00586730085,430.25553151979693
814,0,-179665.26139882064,0.0
814,1,-178940.09115661372,725.1702422069211
814,2,-179404.0110920261,261.2503067945363
814,3,-179350.91309791955,314.3483009010961
814,4,-179334.90732608433,330.35407273631427
814,5,-179165.81075012233,499.4506486983155
815,0,-179665.26139882064,0.0
815,1,-178907.35697422407,757.9044245965779
815,2,-179432.98443101908,232.2769678015611
815,3,-179385.39494525528,279.8664535653661
815,4,-179302.2017477141,363.0596511065378
815,5,-179246.4736029509,418.78779586974997
816,0,-179665.26139882064,0.0
816,1,-179002.92954162517,662.3318571954733
816,2,-179435.1152330552,230.14616576544358
816,3,-179371.62979126428,293.63160755636636
816,4,-179368.80316853098,296.4582302896597
816,5,-179210.1181826356,455.1432161850389
817,0,-179665.26139882064,0.0
817,1,-179050.33657086006,614.9248279605818
817,2,-179435.49286233122,229.7685364894278
817,3,-179394.9022600854,270.35913873524987
817,4,-179380.65761378812,284.60378503252286
817,5,-179256.8649910892,408.3964077314304
818,0,-179665.26139882064,0.0
818,1,-179085.71775410097,579.5436447196698
818,2,-179434.17793202522,231.08346679541864
818,3,-179393.98840282997,271.2729959906719
818,4,-179357.43527026367,307.82612855697516
818,5,-179339.08118305865,326.1802157619968
819,0,-179665.26139882064,0.0
819,1,-179232.4290388281,432.83235999254975
819,2,-179446.53999763177,218.72140118887182
819,3,-179402.2577311949,263.00366762574413
819,4,-179360.65753482142,304.60386399921845
819,5,-179387.18565234853,278.07574647211004
820,0,-179665.26139882064,0.0
820,1,-179270.16863805207,395.0927607685735
820,2,-179449.576662841,215.68473597965203
820,3,-179409.70596241677,255.55543640386895
820,4,-179363.7390631951,301.52233562554466
820,5,-179314.29607769914,350.96532112150453
821,0,-179665.26139882064,0.0
821,1,-179260.52667895635,404.7347198642965
821,2,-179447.671093252,217.59030556865036
821,3,-179416.92207372037,248.3393251002708
821,4,-179443.8372450531,221.42415376755525
821,5,-179360.7565901052,304.50480871545733
822,0,-179665.26139882064,0.0
822,1,-179230.3480244403,434.91337438035407
822,2,-179447.33975579456,217.9216430260858
822,3,-179418.3661521588,246.89524666185025
822,4,-179435.6042721483,229.6571266723331
822,5,-179329.05713200555,336.20426681509707
823,0,-179665.26139882064,0.0
823,1,-179236.5543258773,428.7070729433326
823,2,-179406.89866455455,258.36273426609114
823,3,-179410.66741449424,254.59398432640592
823,4,-179445.67591576852,219.58548305212753
823,5,-179349.16321506168,316.0981837589643
824,0,-179665.26139882064,0.0
824,1,-179215.89827796468,449.3631208559673
824,2,-179372.79073048002,292.4706683406257
824,3,-179356.05455799773,309.2068408229097
824,4,-179446.21322101005,219.04817781058955
824,5,-179333.69414726936,331.56725155128515
825,0,-179665.26139882064,0.0
825,1,-179183.4416781989,481.81972062174464
825,2,-179402.41206410443,262.8493347162148
825,3,-179349.20258719067,316.05881162997684
825,4,-179453.37728760665,211.88411121399258
825,5,-179288.23017631125,377.03122250939487
826,0,-179665.26139882064,0.0
826,1,-179098.28194639718,566.9794524234603
826,2,-179415.30005910908,249.96133971156087
826,3,-179353.47086680486,311.7905320157879
826,4,-179451.822473115,213.4389257056464
826,5,-179326.50686956593,338.7545292547147
827,0,-179665.26139882064,0.0
827,1,-179113.58625928411,551.6751395365281
827,2,-179417.6639075821,247.59749123855727
827,3,-179394.87439525928,270.3870035613654
827,4,-179459.07663575318,206.18476306746015
827,5,-179403.14120239406,262.12019642657833
828,0,-179665.26139882064,0.0
828,1,-179178.19153687393,487.0698619467148
828,2,-179427.0508493015,238.21054951913538
828,3,-179394.89795071175,270.3634481088957
828,4,-179466.7678423051,198.49355651554652
828,5,-179434.1658619378,231.0955368828436
829,0,-179665.26139882064,0.0
829,1,-179175.21688307452,490.04451574612176
829,2,-179404.44338065688,260.8180181637581
829,3,-179360.14433364893,305.11706517171115
829,4,-179445.3510492874,219.91034953325288
829,5,-179415.68570663276,249.5756921878783
830,0,-179665.26139882064,0.0
830,1,-179168.6591877227,496.60221109795384
830,2,-179383.82761437906,281.4337844415859
830,3,-179302.5593245856,362.70207423504326
830,4,-179437.92141768654,227.3399811341078
830,5,-179445.38140670498,219.87999211566057
831,0,-179665.26139882064,0.0
831,1,-179295.20160017238,370.05979864826077
831,2,-179389.1146081852,276.1467906354519
831,3,-179296.2099920292,369.0514067914337
831,4,-179421.6826171416,243.57878167903982
831,5,-179463.38375693935,201.87764188129222
832,0,-179665.26139882064,0.0
832,1,-179310.08629144894,355.1751073717023
832,2,-179330.85944476357,334.40195405707345
832,3,-179270.91367628865,394.3477225319948
832,4,-179416.17750376352,249.08389505711966
832,5,-179438.30914260386,226.952256216784
833,0,-179665.26139882064,0.0
833,1,-179351.4553720989,313.80602672175155
833,2,-179341.1572621602,324.10413666043314
833,3,-179272.647029129,392.6143696916406
833,4,-179403.81635944988,261.4450393707666
833,5,-179435.44728121624,229.81411760440096
834,0,-179665.26139882064,0.0
834,1,-179299.2526076405,366.0087911801529
834,2,-179328.4050261238,336.8563726968423
834,3,-179209.94690039282,455.31449842781876
834,4,-179412.74020034133,252.52119847931317
834,5,-179415.23556064247,250.02583817817504
835,0,-179665.26139882064,0.0
835,1,-179324.62339848696,340.6380003336817
835,2,-179327.22427521413,338.03712360651116
835,3,-179228.31808249417,436.94331632647663
835,4,-179395.16688623952,270.09451258112676
835,5,-179419.15588919414,246.1055096265045
836,0,-179665.26139882064,0.0
836,1,-179258.7980460134,406.4633528072445
836,2,-179344.62259518416,320.6388036364806
836,3,-179148.07890231884,517.1824965018022
836,4,-179343.29836446207,321.9630343585741
836,5,-179431.75336934646,233.50802947417833
837,0,-179665.26139882064,0.0
837,1,-179190.17662377874,475.08477504190523
837,2,-179393.11987887762,272.1415199430194
837,3,-179142.6429989077,522.6183999129571
837,4,-179258.8211443099,406.4402545107296
837,5,-179392.73219390467,272.52920491597615
838,0,-179665.26139882064,0.0
838,1,-179168.83393185164,496.42746696900576
838,2,-179365.63515942625,299.6262393943907
838,3,-179245.7851787345,419.4762200861296
838,4,-179261.1469768015,404.1144220191345
838,5,-179367.26513424498,297.99626457566046
839,0,-179665.26139882064,0.0
839,1,-179010.7908943423,654.4705044783477
839,2,-179354.29989348337,310.96150533726905
839,3,-179340.76137971992,324.5000191007275
839,4,-179263.930619374,401.3307794466382
839,5,-179367.08660743118,298.1747913894651
840,0,-179665.26139882064,0.0
840,1,-179175.82774853642,489.43365028421977
840,2,-179226.52619444346,438.7352043771825
840,3,-179355.4014225575,309.85997626313474
840,4,-179293.7852902716,371.47610854904633
840,5,-179375.9366191564,289.3247796642536
841,0,-179665.26139882064,0.0
841,1,-179210.34249367507,454.918905145576
841,2,-179064.81245002986,600.4489487907849
841,3,-179379.3807123354,285.8806864852377
841,4,-179298.3395120166,366.921886804048
841,5,-179374.88038510838,290.38101371226367
842,0,-179665.26139882064,0.0
842,1,-179257.47133808333,407.7900607373158
842,2,-179067.15118854624,598.1102102744044
842,3,-179394.8731576416,270.3882411790546
842,4,-179271.12907804208,394.1323207785608
842,5,-179407.69225409735,257.56914472329663
843,0,-179665.26139882064,0.0
843,1,-179250.1934249215,415.0679738991312
843,2,-179200.06810362652,465.19329519412713
843,3,-179388.96663944868,276.2947593719582
843,4,-179339.7523966503,325.50900217035087
843,5,-179404.0620711168,261.1993277038564
844,0,-179665.26139882064,0.0
844,1,-179241.58221205286,423.6791867677821
844,2,-179205.26930792734,459.99209089329815
844,3,-179392.58593270968,272.67546611095895
844,4,-179370.1645454116,295.0968534090498
844,5,-179410.3118850351,254.94951378554106
845,0,-179665.26139882064,0.0
845,1,-179280.71701104642,384.54438777422183
845,2,-179158.78016032808,506.4812384925608
845,3,-179392.8959739513,272.3654248693492
845,4,-179397.16039895726,268.10099986338173
845,5,-179388.82546321966,276.4359356009809
846,0,-179665.26139882064,0.0
846,1,-179258.82655196526,406.4348468553799
846,2,-179265.4605091997,399.8008896209358
846,3,-179389.01944081142,276.2419580092246
846,4,-179420.86375456012,244.39764426051988
846,5,-179369.38397783026,295.8774209903786
847,0,-179665.26139882064,0.0
847,1,-179270.64476659827,394.6166322223726
847,2,-179306.02621596135,359.2351828592946
847,3,-179395.03080264723,270.23059617340914
847,4,-179416.6689757414,248.59242307924433
847,5,-179397.3063982426,267.9550005780475
848,0,-179665.26139882064,0.0
848,1,-179225.66336282968,439.59803599095903
848,2,-179288.485515298,376.7758835226414
848,3,-179367.74211891266,297.5192799079814
848,4,-179437.16974509525,228.09165372539428
848,5,-179392.07487012135,273.1865286992979
849,0,-179665.26139882064,0.0
849,1,-179154.85575546627,510.40564335437375
849,2,-179267.11832806273,398.14307075791294
849,3,-179399.46865056496,265.7927482556843
849,4,-179412.38833460218,252.87306421846733
849,5,-179381.85928954586,283.4021092747862
850,0,-179665.26139882064,0.0
850,1,-179022.7149265757,642.5464722449542
850,2,-179231.8949772125,433.3664216081379
850,3,-179395.13217880533,270.12922001531115
850,4,-179371.54171656302,293.7196822576225
850,5,-179387.43973224986,277.8216665707878
851,0,-179665.26139882064,0.0
851,1,-179114.12014978586,551.1412490347866
851,2,-179101.2985215084,563.9628773122386
851,3,-179366.58289226805,298.678506552591
851,4,-179381.41370118238,283.84769763826625
851,5,-179387.34927481966,277.9121240009845
852,0,-179665.26139882064,0.0
852,1,-179157.89454983317,507.366848987469
852,2,-179109.32883986208,555.9325589585642
852,3,-179343.52171380026,321.7396850203804
852,4,-179362.33281599067,302.9285828299762
852,5,-179413.10471367248,252.15668514816207
853,0,-179665.26139882064,0.0
853,1,-179223.63669182805,441.6247069925885
853,2,-179202.4310794142,462.8303194064356
853,3,-179330.62063809249,334.64076072815806
853,4,-179441.5237449253,223.73765389533946
853,5,-179414.4838158846,250.7775829360471
854,0,-179665.26139882064,0.0
854,1,-179181.78642677926,483.474972041382
854,2,-179291.74193100276,373.5194678178814
854,3,-179253.2985307345,411.9628680861497
854,4,-179424.99445071127,240.26694810937624
854,5,-179405.10321341868,260.1581854019605
855,0,-179665.26139882064,0.0
855,1,-179150.80894131103,514.4524575096148
855,2,-179358.41790163133,306.8434971893148
855,3,-179260.1076084546,405.1537903660501
855,4,-179425.68443954544,239.576959275204
855,5,-179393.29463334312,271.96676547752577
856,0,-179665.26139882064,0.0
856,1,-179183.15311121414,482.10828760650475
856,2,-179356.20755287175,309.0538459488889
856,3,-179360.12880704258,305.1325917780632
856,4,-179446.04795403845,219.21344478218816
856,5,-179413.2980480813,251.96335073933005
857,0,-179665.26139882064,0.0
857,1,-179198.3752376635,466.88616115713376
857,2,-179324.1082013211,341.15319749954506
857,3,-179311.14833609192,354.11306272872025
857,4,-179434.53413614936,230.7272626712802
857,5,-179369.4358982117,295.82550060894573
858,0,-179665.26139882064,0.0
858,1,-179177.80741383598,487.4539849846624
858,2,-179334.88384926444,330.3775495562004
858,3,-179288.19096441497,377.07043440567213
858,4,-179424.44446885434,240.81692996629863
858,5,-179407.005210613,258.2561882076552
859,0,-179665.26139882064,0.0
859,1,-179223.493762259,441.76763656164985
859,2,-179315.0520991686,350.2092996520514
859,3,-179337.2283651344,328.0330336862535
859,4,-179424.2588345383,241.00256428233115
859,5,-179435.9246294601,229.33676936055417
860,0,-179665.26139882064,0.0
860,1,-179232.78702738855,432.4743714320939
860,2,-179269.03124545928,396.2301533613645
860,3,-179346.1735793689,319.08781945175724
860,4,-179437.8788549652,227.38254385543405
860,5,-179421.49536298355,243.7660358370922
861,0,-179665.26139882064,0.0
861,1,-179336.81100881746,328.450390003185
861,2,-179327.2929451723,337.9684536483546
861,3,-179360.32920686758,304.932191953063
861,4,-179444.81886793507,220.4425308855716
861,5,-179424.89910861268,240.362290207966
862,0,-179665.26139882064,0.0
862,1,-179277.4162958656,387.84510295503424
862,2,-179336.56514861927,328.69625020137755
862,3,-179347.60461520182,317.65678361881874
862,4,-179446.97844409535,218.28295472529135
862,5,-179425.63906510582,239.6223337148258
863,0,-179665.26139882064,0.0
863,1,-179278.03323774398,387.22816107666586
863,2,-179261.53611497613,403.7252838445129
863,3,-179316.51133487263,348.7500639480131
863,4,-179434.17572886244,231.0856699582073
863,5,-179412.5070616309,252.75433718974818
864,0,-179665.26139882064,0.0
864,1,-179208.49357264617,456.76782617447316
864,2,-179297.21592036937,368.04547845126945
864,3,-179294.8013116433,370.46008717734367
864,4,-179422.47003874223,242.79136007840862
864,5,-179425.95312725301,239.30827156762825
865,0,-179665.26139882064,0.0
865,1,-179195.90382076034,469.3575780602987
865,2,-179304.548508275,360.71289054563385
865,3,-179251.42774558938,413.8336532312678
865,4,-179416.62779373312,248.6336050875252
865,5,-179408.0257764864,257.2356223342358
866,0,-179665.26139882064,0.0
866,1,-179256.69195498602,408.5694438346254
866,2,-179238.1379452453,427.12345357533195
866,3,-179282.86521764682,382.39618117382633
866,4,-179397.9742641744,267.28713464623434
866,5,-179386.47246115145,278.7889376691892
867,0,-179665.26139882064,0.0
867,1,-179239.46214068527,425.79925813537557
867,2,-179258.75436608618,406.50703273445833
867,3,-179312.06535919858,353.1960396220675
867,4,-179391.02822937912,274.23316944151884
867,5,-179385.1308397162,280.13055910443654
868,0,-179665.26139882064,0.0
868,1,-179131.65110006795,533.6102987526974
868,2,-179261.5926938054,403.66870501523954
868,3,-179393.54819609417,271.71320272647426
868,4,-179378.00222232196,287.25917649868643
868,5,-179408.77519127357,256.4862075470737
869,0,-179665.26139882064,0.0
869,1,-179196.4260500757,468.8353487449349
869,2,-179261.6085155033,403.65288331735064
869,3,-179425.56726684017,239.6941319804755
869,4,-179387.34096622412,277.92043259652564
869,5,-179402.83625482177,262.42514399887295
870,0,-179665.26139882064,0.0
870,1,-179217.2833896052,447.97800921543967
870,2,-179263.53611843495,401.72528038569726
870,3,-179402.2253138702,263.0360849504359
870,4,-179411.08353357797,254.17786524267285
870,5,-179408.61313325583,256.6482655648142
871,0,-179665.26139882064,0.0
871,1,-179159.05291615977,506.20848266087705
871,2,-179299.61704968708,365.6443491335667
871,3,-179388.94920898473,276.3121898359095
871,4,-179423.6968367626,241.56456205804716
871,5,-179403.2433181496,262.01808067105594
872,0,-179665.26139882064,0.0
872,1,-179125.5180123494,539.7433864712366
872,2,-179226.13184344713,439.1295553735108
872,3,-179350.54882764316,314.7125711774861
872,4,-179432.1635948276,233.09780399303418
872,5,-179413.5557419832,251.70565683743916
873,0,-179665.26139882064,0.0
873,1,-179091.7586721893,573.5027266313555
873,2,-179299.4137421817,365.8476566389436
873,3,-179352.0542300022,313.20716881845146
873,4,-179428.26252016163,236.9988786590111
873,5,-179410.84927260247,254.4121262181725
874,0,-179665.26139882064,0.0
874,1,-179146.16444463516,519.0969541854865
874,2,-179345.92715109044,319.3342477302067
874,3,-179389.43175951403,275.8296393066121
874,4,-179414.84007387786,250.42132494278485
874,5,-179398.77028609326,266.4911127273808
875,0,-179665.26139882064,0.0
875,1,-179239.2264207632,426.03497805743245
875,2,-179333.05888359997,332.202515220677
875,3,-179374.57443514504,290.6869636756019
875,4,-179392.43402935346,272.8273694671807
875,5,-179382.71854346938,282.5428553512611
876,0,-179665.26139882064,0.0
876,1,-179333.56994672937,331.69145209126873
876,2,-179214.45294765852,450.8084511621273
876,3,-179346.2529338094,319.0084650112549
876,4,-179327.80307015884,337.4583286617999
876,5,-179388.27288135045,276.98851747019216
877,0,-179665.26139882064,0.0
877,1,-179271.58906180126,393.6723370193795
877,2,-179283.4973124494,381.7640863712295
877,3,-179417.70221671308,247.559182107565
877,4,-179359.04156627445,306.2198325461941
877,5,-179413.04995162066,252.2114471999812
878,0,-179665.26139882064,0.0
878,1,-179270.7627885595,394.4986102611292
878,2,-179344.39044576843,320.8709530522174
878,3,-179414.38069857444,250.8807002461981
878,4,-179386.4388350576,278.8225637630385
878,5,-179405.23575523755,260.0256435830961
879,0,-179665.26139882064,0.0
879,1,-179228.34023306164,436.9211657590058
879,2,-179370.42330870128,294.83809011935955
879,3,-179420.51465567652,244.74674314411823
879,4,-179359.11869884093,306.1426999797113
879,5,-179397.99045396034,267.2709448602982
880,0,-179665.26139882064,0.0
880,1,-179239.9027076273,425.358691193338
880,2,-179327.02574145712,338.23565736351884
880,3,-179417.58963528785,247.671763532795
880,4,-179348.12901709095,317.1323817296943
880,5,-179390.87847275106,274.3829260695784
881,0,-179665.26139882064,0.0
881,1,-179308.91077413945,356.3506246811885
881,2,-179325.1203124564,340.14108636425226
881,3,-179310.68120420998,354.5801946106658
881,4,-179307.805430449,357.45596837165067
881,5,-179396.45479960553,268.8065992151096
882,0,-179665.26139882064,0.0
882,1,-179328.9081787523,336.35322006835486
882,2,-179366.59548085483,298.66591796581633
882,3,-179317.7264151102,347.53498371044407
882,4,-179341.6580701586,323.60332866205135
882,5,-179414.16257725013,251.0988215705147
883,0,-179665.26139882064,0.0
883,1,-179163.57834501794,501.68305380269885
883,2,-179378.13036048546,287.1310383351811
883,3,-179427.40109552495,237.86030329568894
883,4,-179368.81746162404,296.4439371966
883,5,-179399.40857408388,265.8528247367649
884,0,-179665.26139882064,0.0
884,1,-179175.90817065936,489.3532281612861
884,2,-179365.5340566211,299.7273421995342
884,3,-179441.80327220826,223.45812661238597
884,4,-179336.45111224393,328.81028657671413
884,5,-179373.37098309727,291.8904157233774
885,0,-179665.26139882064,0.0
885,1,-179154.94065944306,510.32073937758105
885,2,-179329.4193994342,335.84199938643724
885,3,-179437.42131009558,227.84008872506092
885,4,-179351.4835445445,313.77785427615163
885,5,-179405.06521006284,260.19618875780725
886,0,-179665.26139882064,0.0
886,1,-179037.45869589245,627.8027029281948
886,2,-179332.17729158618,333.08410723446286
886,3,-179418.5134815099,246.7479173107422
886,4,-179307.86038089244,357.40101792820496
886,5,-179412.72220444624,252.53919437440345
887,0,-179665.26139882064,0.0
887,1,-178972.1453723645,693.1160264561477
887,2,-179328.70086474644,336.56053407420404
887,3,-179392.67952359532,272.58187522532535
887,4,-179354.37878876025,310.882610060391
887,5,-179395.30148269353,269.95991612711805
888,0,-179665.26139882064,0.0
888,1,-179097.9054775955,567.3559212251566
888,2,-179341.86741066413,323.39398815651657
888,3,-179442.489626175,222.7717726456467
888,4,-179353.12775982477,312.1336389958742
888,5,-179389.3219995892,275.939399231429
889,0,-179665.26139882064,0.0
889,1,-179148.34612054832,516.9152782723249
889,2,-179376.25051440988,289.0108844107599
889,3,-179415.75321264268,249.50818617796176
889,4,-179296.0953915659,369.16600725473836
889,5,-179412.87308537343,252.38831344721257
890,0,-179665.26139882064,0.0
890,1,-179198.97652910193,466.2848697187146
890,2,-179373.57347770323,291.68792111740913
890,3,-179405.05763367182,260.2037651488208
890,4,-179383.8404203785,281.4209784421546
890,5,-179383.62583258044,281.63556624020566
891,0,-179665.26139882064,0.0
891,1,-179134.90211093513,530.3592878855125
891,2,-179350.34268513846,314.9187136821856
891,3,-179404.40173127042,260.85966755021946
891,4,-179393.96222215574,271.29917666490655
891,5,-179401.8555318585,263.40586696212995
892,0,-179665.26139882064,0.0
892,1,-179143.086004929,522.1753938916372
892,2,-179377.56689058468,287.6945082359598
892,3,-179359.58804039872,305.67335842191824
892,4,-179361.6676809037,303.59371791695594
892,5,-179430.54256068455,234.7188381360902
893,0,-179665.26139882064,0.0
893,1,-179127.9647380038,537.2966608168499
893,2,-179363.99905089109,301.262347929558
893,3,-179379.7427823134,285.5186165072373
893,4,-179386.3488973595,278.9125014611345
893,5,-179441.69038747216,223.571011348482
894,0,-179665.26139882064,0.0
894,1,-179247.51469453977,417.7467042808712
894,2,-179324.50075136535,340.76064745528856
894,3,-179376.10549104642,289.15590777422767
894,4,-179390.79879063313,274.4626081875176
894,5,-179439.13326298565,226.1281358349952
895,0,-179665.26139882064,0.0
895,1,-179255.95761650565,409.30378231499344
895,2,-179312.54551088635,352.71588793428964
895,3,-179394.61493716712,270.64646165352315
895,4,-179373.17768204235,292.08371677828836
895,5,-179456.24390154323,209.01749727741117
896,0,-179665.26139882064,0.0
896,1,-179242.36584736666,422.8955514539848
896,2,-179326.3765136157,338.88488520495594
896,3,-179407.98582196736,257.27557685328065
896,4,-179419.47004888847,245.79134993217303
896,5,-179460.51681341403,204.74458540661726
897,0,-179665.26139882064,0.0
897,1,-179216.8572696699,448.404129150731
897,2,-179274.79881689767,390.46258192296955
897,3,-179359.95857272504,305.30282609560527
897,4,-179410.40402099682,254.85737782382057
897,5,-179467.01100948435,198.2503893362882
898,0,-179665.26139882064,0.0
898,1,-179317.5252217579,347.73617706273217
898,2,-179320.14865179575,345.11274702489027
898,3,-179361.4723426869,303.7890561337408
898,4,-179416.7930019271,248.46839689355693
898,5,-179464.53187118267,200.72952763797366
899,0,-179665.26139882064,0.0
899,1,-179250.0965515032,415.16484731744276
899,2,-179386.23848421653,279.02291460410925
899,3,-179291.56620313085,373.6951956897974
899,4,-179402.83391060686,262.42748821378336
899,5,-179454.35154058842,210.90985823221854
900,0,-179665.26139882064,0.0
900,1,-179237.63671826274,427.6246805578994
900,2,-179384.17013396285,281.09126485779416
900,3,-179313.47584163657,351.78555718407733
900,4,-179419.41791499854,245.8434838221001
900,5,-179457.10023043797,208.16116838267772
901,0,-179665.26139882064,0.0
901,1,-179279.68489831183,385.57650050881784
901,2,-179370.4273530839,294.83404573673033
901,3,-179381.29023602928,283.9711627913639
901,4,-179416.73532456622,248.52607425441965
901,5,-179464.19435067096,201.06704814967816
902,0,-179665.26139882064,0.0
902,1,-179180.4186188186,484.8427800020436
902,2,-179397.26195943827,267.99943938237266
902,3,-179396.19190357925,269.06949524139054
902,4,-179361.8847592386,303.3766395820421
902,5,-179473.543383563,191.7180152576475
903,0,-179665.26139882064,0.0
903,1,-178573.7548903703,1091.506508450344
903,2,-179372.36216268293,292.8992361377168
903,3,-179325.17930994544,340.08208887520595
903,4,-179406.39130670798,258.8700921126583
903,5,-179474.05513627644,191.20626254420495
904,0,-179665.26139882064,0.0
904,1,-178088.53876132632,1576.7226374943275
904,2,-179179.51714550453,485.74425331610837
904,3,-179304.26998178853,360.99141703211353
904,4,-179441.89629470542,223.36510411521886
904,5,-179463.4943745777,201.76702424293035
905,0,-179665.26139882064,0.0
905,1,-177775.58567557397,1889.675723246677
905,2,-179311.19112189172,354.07027692892007
905,3,-179287.0934718974,378.16792692325544
905,4,-179467.71211933205,197.54927948859404
905,5,-179469.9486883718,195.3127104488376
906,0,-179665.26139882064,0.0
906,1,-177514.3126107518,2150.9487880688393
906,2,-179311.50410331087,353.7572955097712
906,3,-179304.220381023,361.04101779763005
906,4,-179453.88916352898,211.37223529166658
906,5,-179469.8434132991,195.41798552154796
907,0,-179665.26139882064,0.0
907,1,-178032.31939254727,1632.9420062733698
907,2,-179379.94091309264,285.32048572800704
907,3,-179296.15412106158,369.1072777590598
907,4,-179447.00976023395,218.25163858669112
907,5,-179474.3623567142,190.89904210643726
908,0,-179665.26139882064,0.0
908,1,-178046.80986242715,1618.4515363934916
908,2,-179352.7172450325,312.5441537881561
908,3,-179311.85130236403,353.4100964566169
908,4,-179451.1424911375,214.1189076831506
908,5,-179466.66919122447,198.59220759617165
909,0,-179665.26139882064,0.0
909,1,-178301.86914548106,1363.3922533395817
909,2,-179313.47091459465,351.7904842259886
909,3,-179342.8942948519,322.36710396874696
909,4,-179439.73053301324,225.53086580740637
909,5,-179455.76052762428,209.5008711963601
910,0,-179665.26139882064,0.0
910,1,-178773.34978843378,891.9116103868582
910,2,-179265.28918341355,399.9722154070914
910,3,-179321.09598030619,344.165418514458
910,4,-179432.38323848555,232.87816033509444
910,5,-179452.72453797644,212.5368608442077
911,0,-179665.26139882064,0.0
911,1,-178865.83892790947,799.4224709111731
911,2,-179279.1762515754,386.0851472452341
911,3,-179322.79322064298,342.46817817765987
911,4,-179427.8006876694,237.46071115124505
911,5,-179434.42446476273,230.83693405790837
912,0,-179665.26139882064,0.0
912,1,-178243.84797565802,1421.413423162623
912,2,-179344.32410043187,320.93729838877334
912,3,-179321.85079932504,343.4105994956044
912,4,-179400.98134193127,264.28005688937264
912,5,-179414.26575985248,250.99563896816107
913,0,-179665.26139882064,0.0
913,1,-177278.53617141693,2386.7252274037164
913,2,-179343.37158419052,321.8898146301217
913,3,-179313.91661900646,351.34477981418604
913,4,-179409.63599292422,255.62540589642595
913,5,-179422.0706551597,243.19074366093264
914,0,-179665.26139882064,0.0
914,1,-176922.19718169636,2743.06421712428
914,2,-179345.7354066428,319.52599217783427
914,3,-179289.8657434099,375.3956554107426
914,4,-179391.67463160932,273.5867672113236
914,5,-179411.78338666697,253.47801215367508
915,0,-179665.26139882064,0.0
915,1,-177523.05922720773,2142.2021716129093
915,2,-179324.44739368834,340.8140051322989
915,3,-179290.08063358738,375.18076523326454
915,4,-179377.94945655874,287.31194226190564
915,5,-179420.8019314107,244.4594674099353
916,0,-179665.26139882064,0.0
916,1,-177793.8177078356,1871.4436909850338
916,2,-179278.2441852004,387.01721362024546
916,3,-179312.16062470732,353.1007741133217
916,4,-179383.44695851006,281.81444031058345
916,5,-179431.5991206756,233.66227814505692
917,0,-179665.26139882064,0.0
917,1,-178504.09205819757,1161.169340623077
917,2,-179310.55047808704,354.7109207336034
917,3,-179280.9976921846,384.263706636033
917,4,-179388.83404110352,276.42735771712614
917,5,-179445.12828157222,220.1331172484206
918,0,-179665.26139882064,0.0
918,1,-178639.70071516297,1025.5606836576771
918,2,-179282.19658919924,383.06480962139904
918,3,-179253.33918429102,411.9222145296226
918,4,-179394.49225486146,270.7691439591872
918,5,-179447.77748146083,217.48391735981568
919,0,-179665.26139882064,0.0
919,1,-178664.6872886933,1000.5741101273452
919,2,-179173.1263843045,492.13501451615593
919,3,-178840.83299594742,824.4284028732218
919,4,-179416.64538044573,248.61601837491617
919,5,-179436.84302666414,228.41837215650594
920,0,-179665.26139882064,0.0
920,1,-178655.34469924183,1009.916699578811
920,2,-179284.57824262985,380.6831561907893
920,3,-178596.46841396936,1068.7929848512867
920,4,-179405.42481272644,259.83658609419945
920,5,-179424.40341054407,240.8579882765771
921,0,-179665.26139882064,0.0
921,1,-178720.07954853438,945.1818502862589
921,2,-179313.15691968834,352.10447913230746
921,3,-178578.51842701365,1086.7429718069907
921,4,-179395.61474386754,269.6466549531033
921,5,-179409.91233432677,255.349064493872
922,0,-179665.26139882064,0.0
922,1,-178934.52656330582,730.7348355148279
922,2,-179266.4528801546,398.80851866604644
922,3,-178749.94145206243,915.3199467582162
922,4,-179429.18514262288,236.0762561977608
922,5,-179431.41524916244,233.8461496582022
923,0,-179665.26139882064,0.0
923,1,-178904.97035068632,760.2910481343279
923,2,-179115.75391347302,549.5074853476253
923,3,-178996.68958258096,668.5718162396806
923,4,-179444.35062907016,220.91076975048054
923,5,-179423.3999344852,241.86146433543763
924,0,-179665.26139882064,0.0
924,1,-178800.50483416527,864.7565646553703
924,2,-179284.33786264734,380.9235361733008
924,3,-179155.46006178565,509.8013370349945
924,4,-179457.92500385232,207.3363949683262
924,5,-179415.42309948316,249.83829933748348
925,0,-179665.26139882064,0.0
925,1,-178872.1004505722,793.1609482484346
925,2,-179223.79532206367,441.46607675697305
925,3,-179179.13549824062,486.1259005800239
925,4,-179437.57990490034,227.68149392030318
925,5,-179370.89116118744,294.3702376332076
926,0,-179665.26139882064,0.0
926,1,-178762.09016576334,903.1712330573064
926,2,-179254.83178419806,410.42961462258245
926,3,-179176.99830918905,488.2630896315968
926,4,-179385.41209801417,279.8493008064688
926,5,-179392.75791434152,272.50348447912256
927,0,-179665.26139882064,0.0
927,1,-178774.1309882041,891.130410616548
927,2,-179276.28722471226,388.97417410838534
927,3,-179277.07831999968,388.1830788209627
927,4,-179401.03381008015,264.2275887404976
927,5,-179423.23416323078,242.02723558986327
928,0,-179665.26139882064,0.0
928,1,-178993.96201406082,671.2993847598264
928,2,-179296.27323241756,368.9881664030836
928,3,-179280.19143275527,385.06996606537723
928,4,-179407.40382132106,257.8575774995843
928,5,-179437.54107508398,227.72032373666298
929,0,-179665.26139882064,0.0
929,1,-178992.76622880946,672.4951700111851
929,2,-179321.3464269177,343.9149719029374
929,3,-179286.4774405742,378.78395824643667
929,4,-179419.3675011176,245.89389770303387
929,5,-179428.8475454538,236.41385336683015
930,0,-179665.26139882064,0.0
930,1,-178922.2739256921,742.9874731285381
930,2,-179348.6187905282,316.64260829242994
930,3,-179346.00328270177,319.25811611887184
930,4,-179443.45481680738,221.8065820132615
930,5,-179403.89194000704,261.3694588135986
931,0,-179665.26139882064,0.0
931,1,-178918.44976738514,746.8116314354993
931,2,-179344.49954650385,320.7618523167912
931,3,-179334.60566471098,330.6557341096632
931,4,-179435.7595677195,229.5018311011372
931,5,-179445.7281323038,219.53326651683892
932,0,-179665.26139882064,0.0
932,1,-179109.68804075508,555.5733580655651
932,2,-179353.69649629944,311.5649025212042
932,3,-179310.7401117703,354.521287050331
932,4,-179435.95303289348,229.30836592716514
932,5,-179433.93715236196,231.32424645868014
933,0,-179665.26139882064,0.0
933,1,-179100.3993101856,564.86208863504
933,2,-179346.38510537046,318.8762934501865
933,3,-179323.62134949653,341.640049324109
933,4,-179433.36400513657,231.89739368407754
933,5,-179430.15423204927,235.10716677136952
934,0,-179665.26139882064,0.0
934,1,-179153.7688676309,511.4925311897532
934,2,-179359.08202745294,306.1793713677034
934,3,-179340.93846833947,324.32293048116844
934,4,-179433.93129766732,231.33010115331854
934,5,-179442.89708564596,222.3643131746794
935,0,-179665.26139882064,0.0
935,1,-179153.64232491684,511.6190739037993
935,2,-179346.97419314805,318.28720567259006
935,3,-179305.20735443378,360.05404438686674
935,4,-179429.0638309095,236.19756791114924
935,5,-179451.33902910334,213.92236971730017
936,0,-179665.26139882064,0.0
936,1,-179224.4403817359,440.82101708473056
936,2,-179397.4448748364,267.8165239842492
936,3,-179308.82009869805,356.4413001225912
936,4,-179422.46036398222,242.80103483842686
936,5,-179430.31030285129,234.951095969358
937,0,-179665.26139882064,0.0
937,1,-179293.630771223,371.6306275976531
937,2,-179411.89723979894,253.3641590217012
937,3,-179312.72500345908,352.5363953615597
937,4,-179417.3371171228,247.9242816978367
937,5,-179423.28709755972,241.97430126092513
938,0,-179665.26139882064,0.0
938,1,-179285.0374725078,380.2239263128431
938,2,-179397.22745476197,268.03394405866857
938,3,-179282.9841938875,382.2772049331397
938,4,-179383.9543276833,281.30707113732933
938,5,-179401.07992376428,264.18147505636443
939,0,-179665.26139882064,0.0
939,1,-179014.8368413735,650.4245574471424
939,2,-179380.68086224847,284.58053657217533
939,3,-179190.69105101394,474.57034780670074
939,4,-179345.73287060158,319.5285282190598
939,5,-179416.3877497762,248.87364904445712
940,0,-179665.26139882064,0.0
940,1,-178971.0841877294,694.1772110912425
940,2,-179388.2354286511,277.0259701695468
940,3,-179262.69124799024,402.5701508304046
940,4,-179368.43463983218,296.82675898846355
940,5,-179417.66336500368,247.5980338169611
941,0,-179665.26139882064,0.0
941,1,-179119.66440795315,545.5969908674888
941,2,-179354.8758000977,310.3855987229326
941,3,-179297.27210969286,367.989289127785
941,4,-179419.49647862147,245.7649201991735
941,5,-179390.94512131458,274.31627750606276
942,0,-179665.26139882064,0.0
942,1,-179250.06570565255,415.19569316809066
942,2,-179356.8313910728,308.43000774784014
942,3,-179319.94698664825,345.314412172389
942,4,-179438.0196473518,227.24175146885682
942,5,-179377.0051316594,288.2562671612541
943,0,-179665.26139882064,0.0
943,1,-179263.11698248753,402.144416333118
943,2,-179350.29459879763,314.9668000230158
943,3,-179367.24679976486,298.0145990557794
943,4,-179431.07276075153,234.18863806911395
943,5,-179407.19172941666,258.0696694039798
944,0,-179665.26139882064,0.0
944,1,-179255.63687679698,409.62452202365967
944,2,-179349.60198277843,315.65941604221007
944,3,-179387.2735547412,277.98784407944186
944,4,-179431.9994554494,233.26194337123889
944,5,-179418.9747064931,246.28669232752873
945,0,-179665.26139882064,0.0
945,1,-179242.85739654652,422.40400227412465
945,2,-179317.2064913128,348.0549075078452
945,3,-179348.07559157984,317.18580724080675
945,4,-179426.02680787642,239.23459094422287
945,5,-179433.10229842478,232.15910039586015
946,0,-179665.26139882064,0.0
946,1,-179208.50204052601,456.7593582946283
946,2,-179308.49407356928,356.7673252513632
946,3,-179330.32825774996,334.93314107068
946,4,-179431.71562487414,233.5457739465055
946,5,-179430.63661171554,234.62478710510186
947,0,-179665.26139882064,0.0
947,1,-179216.01651325624,449.2448855644034
947,2,-179338.61418952965,326.6472092909971
947,3,-179352.66324217987,312.5981566407718
947,4,-179446.66576282962,218.59563599101966
947,5,-179437.80710896026,227.45428986038314
948,0,-179665.26139882064,0.0
948,1,-179170.27663230477,494.98476651587407
948,2,-179332.05284123766,333.2085575829842
948,3,-179346.24834182538,319.01305699525983
948,4,-179452.6358930867,212.625505733944
948,5,-179401.43853790237,263.8228609182697
949,0,-179665.26139882064,0.0
949,1,-179054.95090196474,610.3104968559055
949,2,-179296.38868826587,368.8727105547732
949,3,-179312.87292928286,352.3884695377783
949,4,-179446.48150603665,218.77989278399036
949,5,-179359.54435626033,305.7170425603108
950,0,-179665.26139882064,0.0
950,1,-179079.61586721605,585.6455316045904
950,2,-179243.47531719122,421.7860816294269
950,3,-179331.94340270472,333.3179961159185
950,4,-179436.81894197388,228.4424568467657
950,5,-179420.2223901037,245.03900871693622
951,0,-179665.26139882064,0.0
951,1,-178740.76198940375,924.4994094168942
951,2,-179264.347026096,400.91437272465555
951,3,-179363.06628656026,302.19511226037866
951,4,-179436.4014149077,228.85998391293106
951,5,-179422.00924580765,243.25215301298886
952,0,-179665.26139882064,0.0
952,1,-178830.88647835376,834.3749204668857
952,2,-179274.01473680048,391.2466620201594
952,3,-179305.4846104764,359.7767883442575
952,4,-179431.01581002533,234.24558879531105
952,5,-179425.9051292613,239.35626955935732
953,0,-179665.26139882064,0.0
953,1,-178856.28626001754,808.9751388031
953,2,-179237.88734071938,427.374058101268
953,3,-179326.1882904813,339.073108339333
953,4,-179418.11865098233,247.14274783831206
953,5,-179401.61651990618,263.64487891446333
954,0,-179665.26139882064,0.0
954,1,-178977.2915267488,687.9698720718443
954,2,-179223.70302547322,441.55837334741955
954,3,-179337.8012216396,327.46017718105577
954,4,-179448.8956883669,216.36571045374149
954,5,-179402.42975072263,262.83164809801383
955,0,-179665.26139882064,0.0
955,1,-178934.918124421,730.3432743996382
955,2,-179251.06385859335,414.19754022729467
955,3,-179322.53197037254,342.72942844810314
955,4,-179447.65937697963,217.60202184101217
955,5,-179432.3213262966,232.94007252404117
956,0,-179665.26139882064,0.0
956,1,-179057.07155594305,608.1898428775894
956,2,-179231.13894813613,434.1224506845174
956,3,-179337.58862109025,327.6727777303895
956,4,-179458.96144457883,206.29995424181107
956,5,-179453.03525095785,212.22614786279155
957,0,-179665.26139882064,0.0
957,1,-179160.10998204307,505.1514167775749
957,2,-179285.53533844562,379.7260603750183
957,3,-179299.50884383084,365.7525549897982
957,4,-179459.56267471352,205.69872410711832
957,5,-179430.2101837355,235.05121508514276
958,0,-179665.26139882064,0.0
958,1,-179188.92882851246,476.33257030817913
958,2,-179290.76708397805,374.4943148425955
958,3,-179355.13424277093,310.12715604971163
958,4,-179442.1283382267,223.1330605939438
958,5,-179355.11008943294,310.15130938770017
959,0,-179665.26139882064,0.0
959,1,-179261.88055676516,403.3808420554851
959,2,-179292.71051571937,372.5508831012703
959,3,-179353.34917895126,311.91221986938035
959,4,-179426.09993204294,239.16146677770303
959,5,-179417.43946392467,247.8219348959683
960,0,-179665.26139882064,0.0
960,1,-179298.34858922326,366.9128095973865
960,2,-179270.3207377372,394.9406610834412
960,3,-179351.6469991736,313.61439964704914
960,4,-179429.12212904257,236.1392697780684
960,5,-179350.630626304,314.63077251665527
961,0,-179665.26139882064,0.0
961,1,-179319.57127610137,345.69012271927204
961,2,-179339.11957461736,326.14182420328143
961,3,-179325.28106073587,339.9803380847734
961,4,-179405.68337062342,259.57802819722565
961,5,-179389.25865090967,276.00274791097036
962,0,-179665.26139882064,0.0
962,1,-179272.78141081604,392.4799880046048
962,2,-179364.36358047018,300.89781835046597
962,3,-179243.5489854869,421.71241333373473
962,4,-179388.05216048454,277.2092383361014
962,5,-179356.5013598063,308.7600390143343
963,0,-179665.26139882064,0.0
963,1,-179252.11506850237,413.14633031826816
963,2,-179386.66044496387,278.60095385677414
963,3,-179247.78061643292,417.48078238771996
963,4,-179385.8657731329,279.3956256877573
963,5,-179328.6915428753,336.56985594533035
964,0,-179665.26139882064,0.0
964,1,-179259.56077571076,405.7006231098785
964,2,-179364.04773380284,301.21366501779994
964,3,-179312.42960812422,352.8317906964221
964,4,-179415.86592436125,249.39547445939388
964,5,-179313.27704413992,351.9843546807242
965,0,-179665.26139882064,0.0
965,1,-179208.0353816865,457.2260171341477
965,2,-179348.3181843955,316.94321442514774
965,3,-179324.67569500994,340.58570381070604
965,4,-179418.92455608383,246.33684273681138
965,5,-179344.707276898,320.5541219226434
966,0,-179665.26139882064,0.0
966,1,-179213.57951202476,451.6818867958791
966,2,-179334.85349052117,330.4079082994722
966,3,-179338.3121739372,326.94922488342854
966,4,-179398.6438195329,266.61757928773295
966,5,-179386.44519890708,278.81619991356274
967,0,-179665.26139882064,0.0
967,1,-179227.70659427234,437.55480454830104
967,2,-179310.7649716615,354.49642715914524
967,3,-179316.49903241722,348.7623664034181
967,4,-179407.74989739232,257.51150142832194
967,5,-179367.19426632352,298.067132497119
968,0,-179665.26139882064,0.0
968,1,-179350.03625723327,315.22514158737613
968,2,-179354.36694175325,310.89445706739207
968,3,-179319.09870464227,346.1626941783761
968,4,-179409.00389767266,256.2575011479785
968,5,-179325.54632256323,339.7150762574165
969,0,-179665.26139882064,0.0
969,1,-179375.98492901158,289.2764698090614
969,2,-179373.20450669347,292.056892127177
969,3,-179335.1569978179,330.10440100275446
969,4,-179392.6103472858,272.65105153483455
969,5,-179408.5536340292,256.70776479144115
970,0,-179665.26139882064,0.0
970,1,-179380.35838336553,284.90301545511466
970,2,-179365.17211060115,300.0892882194894
970,3,-179334.645019335,330.6163794856402
970,4,-179401.86728516978,263.3941136508656
970,5,-179416.59612186006,248.6652769605862
971,0,-179665.26139882064,0.0
971,1,-179363.69682265053,301.5645761701162
971,2,-179344.07584175223,321.1855570684129
971,3,-179342.3370543311,322.92434448955464
971,4,-179398.0225971095,267.2388017111516
971,5,-179371.5193426947,293.7420561259496
972,0,-179665.26139882064,0.0
972,1,-179404.2179458603,261.0434529603517
972,2,-179341.1328819209,324.12851689974195
972,3,-179374.13311757642,291.1282812442223
972,4,-179406.3263008168,258.9350980038289
972,5,-179265.71302533787,399.54837348277215
973,0,-179665.26139882064,0.0
973,1,-179400.63692791256,264.62447090807837
973,2,-179241.67594881522,423.58545000542654
973,3,-179385.21164905617,280.0497497644683
973,4,-179405.07248760396,260.18891121668275
973,5,-179188.91924024044,476.3421585801989
974,0,-179665.26139882064,0.0
974,1,-179364.90041488514,300.3609839355049
974,2,-178836.73410050888,828.5272983117611
974,3,-179390.33578081962,274.92561800102703
974,4,-179416.08792709972,249.17347172091831
974,5,-179327.45877794406,337.8026208765805
975,0,-179665.26139882064,0.0
975,1,-179359.91524576265,305.34615305799525
975,2,-179174.53342787077,490.7279709498689
975,3,-179414.84148976704,250.41990905359853
975,4,-179410.14753823302,255.11386058761855
975,5,-179409.41394632743,255.84745249320986
976,0,-179665.26139882064,0.0
976,1,-179349.67915610198,315.58224271866493
976,2,-179219.76109004873,445.50030877190875
976,3,-179366.5291878133,298.73221100732917
976,4,-179392.5726003882,272.6887984324421
976,5,-179434.6520802323,230.60931858833646
977,0,-179665.26139882064,0.0
977,1,-179352.2027059045,313.0586929161509
977,2,-179146.00300949282,519.2583893278206
977,3,-179365.40262505924,299.8587737613998
977,4,-179392.73860338036,272.5227954402799
977,5,-179325.48310334914,339.7782954715076
978,0,-179665.26139882064,0.0
978,1,-179380.33852485035,284.92287397029577
978,2,-179139.03534787238,526.2260509482585
978,3,-179315.41191915507,349.8494796655723
978,4,-179405.32044199287,259.940956827777
978,5,-179354.24321871356,311.01818010708666
979,0,-179665.26139882064,0.0
979,1,-179402.56986833797,262.6915304826689
979,2,-179209.07357131873,456.18782750191167
979,3,-179340.40177485696,324.8596239636827
979,4,-179404.36468879582,260.89671002482646
979,5,-179463.27189181166,201.98950700898422
980,0,-179665.26139882064,0.0
980,1,-179393.29594948,271.9654493406415
980,2,-179237.12097933388,428.1404194867646
980,3,-179319.94392066522,345.3174781554262
980,4,-179409.0858896818,256.1755091388477
980,5,-179390.40219340226,274.85920541838277
981,0,-179665.26139882064,0.0
981,1,-179418.3761416736,246.88525714704883
981,2,-179212.84489708327,452.41650173737435
981,3,-179341.98585962292,323.2755391977262
981,4,-179431.9639464828,233.29745233783615
981,5,-179369.82309762924,295.4383011914033
982,0,-179665.26139882064,0.0
982,1,-179394.9858169739,270.27558184674126
982,2,-179205.23262802148,460.0287707991665
982,3,-179227.3410819563,437.9203168643289
982,4,-179444.28364999138,220.97774882926024
982,5,-179357.42794479066,307.83345402998384
983,0,-179665.26139882064,0.0
983,1,-179365.45529652317,299.80610229747253
983,2,-179210.00421060144,455.2571882191987
983,3,-179276.3756042594,388.8857945612399
983,4,-179413.4555765783,251.8058222423424
983,5,-179402.7244187613,262.5369800593471
984,0,-179665.26139882064,0.0
984,1,-179355.19113869627,310.07026012436836
984,2,-179194.2898197124,470.9715791082417
984,3,-179316.84013497,348.4212638506433
984,4,-179411.74478468043,253.5166141402151
984,5,-179404.19584445632,261.06555436432245
985,0,-179665.26139882064,0.0
985,1,-179349.390238281,315.8711605396529
985,2,-179295.71028886095,369.55110995969153
985,3,-179242.9539261206,422.3074727000494
985,4,-179414.59874189613,250.6626569245127
985,5,-179384.21945722602,281.0419415946235
986,0,-179665.26139882064,0.0
986,1,-179367.93281780288,297.3285810177622
986,2,-179347.8829366674,317.3784621532541
986,3,-179093.32084326725,571.9405555533885
986,4,-179399.4865304368,265.774868383829
986,5,-179388.92787446335,276.33352435729466
987,0,-179665.26139882064,0.0
987,1,-179359.7569674581,305.5044313625549
987,2,-179317.41078951964,347.85060930100735
987,3,-179212.94398872694,452.3174100937031
987,4,-179383.78111649095,281.4802823296923
987,5,-179373.03626069162,292.22513812902616
988,0,-179665.26139882064,0.0
988,1,-179336.7002885484,328.5611102722469
988,2,-179244.73985657992,420.52154224072
988,3,-179188.8048279915,476.4565708291484
988,4,-179371.03724473657,294.2241540840769
988,5,-179419.92783101535,245.3335678052972
989,0,-179665.26139882064,0.0
989,1,-179319.28281296644,345.9785858542018
989,2,-179283.43535953172,381.8260392889206
989,3,-179336.5924208974,328.6689779232547
989,4,-179433.5804551933,231.680943627347
989,5,-179387.03947764004,278.22192118060775
990,0,-179665.26139882064,0.0
990,1,-179287.6787612701,377.58263755054213
990,2,-179205.4696684602,459.7917303604481
990,3,-179354.93474192102,310.3266568996187
990,4,-179333.13028593228,332.1311128883681
990,5,-179384.03980651518,281.22159230546094
991,0,-179665.26139882064,0.0
991,1,-179320.86850411538,344.39289470526273
991,2,-179234.86726020754,430.3941386131046
991,3,-179268.4917018538,396.76969696683227
991,4,-179307.3486962565,357.9127025641501
991,5,-179363.57254306655,301.68885575409513
992,0,-179665.26139882064,0.0
992,1,-179343.70608315337,321.5553156672686
992,2,-179220.78221781075,444.47918100989773
992,3,-179304.12196942946,361.13942939118715
992,4,-179422.87193679708,242.389462023566
992,5,-179384.99106204562,280.27033677502186
993,0,-179665.26139882064,0.0
993,1,-179402.02674161657,263.23465720406966
993,2,-179274.60753442277,390.6538643978711
993,3,-179329.6576912871,335.60370753353345
993,4,-179425.56097481243,239.70042400821694
993,5,-179389.8820000744,275.37939874624135
994,0,-179665.26139882064,0.0
994,1,-179371.8296536999,293.43174512073165
994,2,-179314.9166742094,350.3447246112337
994,3,-179369.24816469805,296.0132341225981
994,4,-179376.32370145695,288.9376973636972
994,5,-179383.7822291211,281.47916969953803
995,0,-179665.26139882064,0.0
995,1,-179376.91961226673,288.3417865539086
995,2,-179332.50991040768,332.7514884129632
995,3,-179345.92091501196,319.34048380868626
995,4,-179401.0127364935,264.2486623271543
995,5,-179361.72021197627,303.5411868443771
996,0,-179665.26139882064,0.0
996,1,-179399.52075550216,265.7406433184806
996,2,-179305.12089129983,360.14050752081675
996,3,-179328.66968039988,336.59171842076466
996,4,-179449.21500667918,216.046392141463
996,5,-179367.38105903153,297.880339789117
997,0,-179665.26139882064,0.0
997,1,-179401.5441326115,263.7172662091325
997,2,-179345.0219286495,320.23947017113096
997,3,-179281.97690828913,383.28449053151417
997,4,-179433.84465041687,231.41674840377527
997,5,-179383.9457964617,281.3156023589545
998,0,-179665.26139882064,0.0
998,1,-179447.16280947812,218.09858934252406
998,2,-179312.19532685398,353.066071966663
998,3,-179278.32290331338,386.9384955072601
998,4,-179459.0220929643,206.23930585634662
998,5,-179388.4154786156,276.84592020502896
999,0,-179665.26139882064,0.0
999,1,-179423.943921498,241.3174773226492
999,2,-179381.99696270132,283.26443611932336
999,3,-179263.75648147313,401.5049173475127
999,4,-179456.0220900872,209.23930873343488
999,5,-179367.7911326793,297.47026614134666
1000,0,-179665.26139882064,0.0
1000,1,-179384.69307474422,280.56832407641923
1000,2,-179404.0743121187,261.1870867019461
1000,3,-179352.70720868837,312.5541901322722
1000,4,-179464.50489995297,200.75649886767496
1000,5,-179351.8638294494,313.39756937124184
1001,0,-179665.26139882064,0.0
1001,1,-179360.4074816821,304.8539171385346
1001,2,-179395.2790708145,269.9823280061537
1001,3,-179368.24564479804,297.0157540226064
1001,4,-179377.18359227479,288.07780654585804
1001,5,-179358.29787829105,306.96352052959264
1002,0,-179665.26139882064,0.0
1002,1,-179346.8683934062,318.39300541442935
1002,2,-179374.7604923761,290.50090644453303
1002,3,-179389.68477657513,275.57662224551314
1002,4,-179446.8973894488,218.36400937184226
1002,5,-179363.65543190826,301.6059669123788
1003,0,-179665.26139882064,0.0
1003,1,-179324.24791313594,341.01348568469984
1003,2,-179375.3988784225,289.86252039813553
1003,3,-179354.56109463552,310.7003041851276
1003,4,-179421.26227215337,243.99912666727323
1003,5,-179389.79743605878,275.4639627618599
1004,0,-179665.26139882064,0.0
1004,1,-179351.8002476119,313.46115120872855
1004,2,-179405.0557936211,260.2056051995314
1004,3,-179406.67714829993,258.58425052071107
1004,4,-179406.9631007758,258.2982980448287
1004,5,-179362.06948633894,303.1919124817068
1005,0,-179665.26139882064,0.0
1005,1,-179340.15900040118,325.1023984194617
1005,2,-179367.60636080618,297.65503801446175
1005,3,-179396.91610497466,268.34529384598136
1005,4,-179364.7331587331,300.5282400875294
1005,5,-179376.54076750722,288.7206313134229
1006,0,-179665.26139882064,0.0
1006,1,-179129.6483205349,535.6130782857363
1006,2,-179366.57563718088,298.68576163976104
1006,3,-179381.45430488526,283.80709393537836
1006,4,-179400.46632278827,264.7950760323729
1006,5,-179376.79238109526,288.4690177253797
1007,0,-179665.26139882064,0.0
1007,1,-178936.47831638966,728.7830824309785
1007,2,-179320.76836044368,344.4930383769679
1007,3,-179404.4721284896,260.78927033103537
1007,4,-179378.08916848942,287.1722303312272
1007,5,-179404.80223394316,260.45916487748036
1008,0,-179665.26139882064,0.0
1008,1,-179080.59424970305,584.6671491175948
1008,2,-179344.67061146363,320.5907873570104
1008,3,-179409.66081730017,255.60058152046986
1008,4,-179337.24473286464,328.01666595600545
1008,5,-179353.2453731259,312.01602569475654
1009,0,-179665.26139882064,0.0
1009,1,-179145.911273341,519.3501254796574
1009,2,-179388.11702705172,277.14437176892534
1009,3,-179407.99472590478,257.26667291586637
1009,4,-179330.44987564575,334.81152317489614
1009,5,-179378.45322171474,286.8081771059078
1010,0,-179665.26139882064,0.0
1010,1,-179107.79076728466,557.4706315359799
1010,2,-179358.89798564187,306.3634131787694
1010,3,-179393.63052614822,271.6308726724237
1010,4,-179345.13203778618,320.12936103445827
1010,5,-179365.0400393501,300.221359470539
1011,0,-179665.26139882064,0.0
1011,1,-179139.90563551968,525.3557633009623
1011,2,-179308.52445842346,356.7369403971825
1011,3,-179406.95781286433,258.3035859563097
1011,4,-179349.40942717798,315.8519716426672
1011,5,-179367.57568742312,297.6857113975275
1012,0,-179665.26139882064,0.0
1012,1,-178983.98958275374,681.2718160669028
1012,2,-179363.13404391662,302.12735490401974
1012,3,-179423.02345729215,242.23794152849587
1012,4,-179297.31082757065,367.95057124999585
1012,5,-179306.7273948235,358.5340039971343
1013,0,-179665.26139882064,0.0
1013,1,-178630.0205751971,1035.2408236235497
1013,2,-179326.4303733735,338.8310254471435
1013,3,-179447.396150616,217.86524820464547
1013,4,-179251.0842834842,414.1771153364389
1013,5,-179350.8542893498,314.40710947083426
1014,0,-179665.26139882064,0.0
1014,1,-179273.9381482605,391.32325056014815
1014,2,-179310.94957236073,354.31182645991794
1014,3,-179440.0002331987,225.2611656219524
1014,4,-179262.44582897448,402.81556984616327
1014,5,-179353.5765419875,311.6848568331334
1015,0,-179665.26139882064,0.0
1015,1,-179034.81752925646,630.4438695641875
1015,2,-179378.24072847117,287.02067034947686
1015,3,-179433.0164882545,232.24491056613624
1015,4,-178976.1597199808,689.1016788398556
1015,5,-179326.5330411746,338.72835764603224
1016,0,-179665.26139882064,0.0
1016,1,-179283.54486252405,381.71653629658977
1016,2,-179282.69594103875,382.5654577818932
1016,3,-179407.52834479467,257.7330540259718
1016,4,-178863.60478644274,801.6566123779048
1016,5,-178517.20869333996,1148.052705480688
1017,0,-179665.26139882064,0.0
1017,1,-179346.63427595174,318.6271228689002
1017,2,-179362.41848489307,302.8429139275686
1017,3,-179386.15073746987,279.1106613507727
1017,4,-179074.76483904646,590.496559774183
1017,5,-179160.5728691196,504.68852970103035
1018,0,-179665.26139882064,0.0
1018,1,-179389.2413853188,276.02001350183855
1018,2,-179301.92256774625,363.3388310743903
1018,3,-179375.37960061507,289.88179820557707
1018,4,-179305.32338447004,359.9380143505987
1018,5,-179380.26666330924,284.9947355113982
1019,0,-179665.26139882064,0.0
1019,1,-179351.99608263865,313.2653161819908
1019,2,-179278.10671312056,387.1546857000794
1019,3,-179399.15117950222,266.1102193184197
1019,4,-179314.29514316443,350.9662556562107
1019,5,-179399.2641725823,265.99722623833804
1020,0,-179665.26139882064,0.0
1020,1,-179221.85453773075,443.4068610898976
1020,2,-179232.34620664665,432.91519217399764
1020,3,-179394.61238113377,270.6490176868683
1020,4,-179374.1569847642,291.1044140564336
1020,5,-179412.04156818488,253.21983063576045
1021,0,-179665.26139882064,0.0
1021,1,-179261.11770168084,404.14369713980705
1021,2,-179265.2300357265,400.0313630941382
1021,3,-179383.69767441603,281.56372440460837
1021,4,-179355.04675039506,310.21464842557907
1021,5,-179435.28368498152,229.97771383912186
1022,0,-179665.26139882064,0.0
1022,1,-179128.24174239184,537.0196564288053
1022,2,-179187.18268672586,478.0787120947789
1022,3,-179398.57761242383,266.6837863968103
1022,4,-179232.7244098437,432.5369889769354
1022,5,-179435.83259794043,229.42880088021047
1023,0,-179665.26139882064,0.0
1023,1,-179317.33184565924,347.9295531614043
1023,2,-179342.30773581556,322.9536630050861
1023,3,-179399.64254278666,265.6188560339797
1023,4,-179338.35609362702,326.90530519362073
1023,5,-179429.0112948287,236.25010399194434
1024,0,-179665.26139882064,0.0
1024,1,-179261.40468046226,403.85671835838
1024,2,-179312.78236805013,352.4790307705116
1024,3,-179453.8205867517,211.44081206893316
1024,4,-179301.61546417762,363.64593464302015
1024,5,-179260.32305246883,404.938346351817
1025,0,-179665.26139882064,0.0
1025,1,-179204.68272152287,460.57867729777354
1025,2,-179100.97452380852,564.286875012127
1025,3,-179462.67154709942,202.58985172121902
1025,4,-179312.00985316915,353.2515456514957
1025,5,-179233.4668181831,431.79458063753555
1026,0,-179665.26139882064,0.0
1026,1,-179227.9733161915,437.2880826291512
1026,2,-179145.2833955426,519.9780032780545
1026,3,-179467.60897667846,197.65242214218597
1026,4,-179339.1796043616,326.0817944590526
1026,5,-179249.70319749624,415.5582013243984
1027,0,-179665.26139882064,0.0
1027,1,-179270.07420204164,395.1871967790066
1027,2,-179163.67201959348,501.5893792271672
1027,3,-179462.26886180416,202.99253701648558
1027,4,-179362.42663127676,302.8347675438854
1027,5,-179233.97781852708,431.28358029355877
1028,0,-179665.26139882064,0.0
1028,1,-179266.84024404976,398.42115477088373
1028,2,-179180.27792962515,484.9834691954893
1028,3,-179431.13818421212,234.123214608524
1028,4,-179341.65442699642,323.60697182422155
1028,5,-179251.32627352726,413.9351252933848
1029,0,-179665.26139882064,0.0
1029,1,-179264.2509145803,401.010484240338
1029,2,-179301.67063462292,363.59076419772464
1029,3,-179408.6142669053,256.64713191534975
1029,4,-179355.41805444393,309.8433443767135
1029,5,-179186.58792453687,478.6734742837725
1030,0,-179665.26139882064,0.0
1030,1,-179268.75556587486,396.50583294578246
1030,2,-179344.3940502031,320.86734861755394
1030,3,-179395.16164182502,270.09975699562347
1030,4,-179330.75207293587,334.50932588477735
1030,5,-179346.3174108787,318.9439879419515
1031,0,-179665.26139882064,0.0
1031,1,-179307.81980544108,357.4415933795681
1031,2,-179350.18131051096,315.08008830968174
1031,3,-179396.20160163613,269.0597971845127
1031,4,-179316.8742544622,348.3871443584503
1031,5,-179337.6247751155,327.6366237051552
1032,0,-179665.26139882064,0.0
1032,1,-179379.75098451486,285.51041430578334
1032,2,-179341.5763372987,323.6850615219446
1032,3,-179367.92375923472,297.33763958592317
1032,4,-179138.2230965405,527.0383022801543
1032,5,-179353.0268403506,312.23455847005243
1033,0,-179665.26139882064,0.0
1033,1,-179373.3936192786,291.8677795420517
1033,2,-179383.8167920114,281.4446068092366
1033,3,-179371.4279033403,293.83349548032857
1033,4,-179212.6188270563,452.64257176432875
1033,5,-179377.83829124266,287.4231075779826
1034,0,-179665.26139882064,0.0
1034,1,-179342.29046794478,322.9709308758611
1034,2,-179413.3781902105,251.88320861014654
1034,3,-179295.46348500595,369.7979138146911
1034,4,-179211.31586076043,453.94553806021577
1034,5,-179326.3030676615,338.9583311591414
1035,0,-179665.26139882064,0.0
1035,1,-179230.25338962174,435.00800919890753
1035,2,-179382.1931131363,283.0682856843341
1035,3,-179365.10526824728,300.15613057336304
1035,4,-179089.3093283157,575.9520705049508
1035,5,-179259.2837807125,405.9776181081543
1036,0,-179665.26139882064,0.0
1036,1,-179182.94673018897,482.3146686316759
1036,2,-179224.17388305062,441.0875157700211
1036,3,-179394.53049353216,270.73090528848115
1036,4,-179092.0079505786,573.2534482420306
1036,5,-179299.97041068098,365.29098813966266
1037,0,-179665.26139882064,0.0
1037,1,-179091.2274861511,574.0339126695471
1037,2,-179239.25634629486,426.00505252578296
1037,3,-179380.10411592099,285.15728289965773
1037,4,-179268.25123911485,397.01015970579465
1037,5,-179302.27125085215,362.99014796849224
1038,0,-179665.26139882064,0.0
1038,1,-178954.888053362,710.3733454586472
1038,2,-179264.65253970717,400.6088591134758
1038,3,-179365.88314536403,299.3782534566126
1038,4,-179267.31995464762,397.9414441730187
1038,5,-179417.250435284,248.01096353665343
1039,0,-179665.26139882064,0.0
1039,1,-178656.2296622961,1009.0317365245428
1039,2,-179290.50998770996,374.7514111106866
1039,3,-179349.4560652519,315.80533356874366
1039,4,-179189.53966772676,475.7217310938868
1039,5,-179429.83989532545,235.42150349519216
1040,0,-179665.26139882064,0.0
1040,1,-178867.6819463038,797.5794525168312
1040,2,-179289.90478048622,375.3566183344228
1040,3,-179379.1810532011,286.0803456195572
1040,4,-179159.8501545877,505.41124423293513
1040,5,-179434.50656111134,230.7548377093044
1041,0,-179665.26139882064,0.0
1041,1,-178938.30518180033,726.9562170203135
1041,2,-179298.1202320118,367.14116680884035
1041,3,-179400.3532790739,264.9081197467458
1041,4,-179275.80449343898,389.45690538166673
1041,5,-179432.63687517287,232.62452364776982
1042,0,-179665.26139882064,0.0
1042,1,-179144.73583071545,520.5255681051931
1042,2,-179272.13034964504,393.1310491756012
1042,3,-179434.88713790203,230.37426091861562
1042,4,-179278.23632373623,387.0250750844134
1042,5,-179430.59371386105,234.66768495959695
1043,0,-179665.26139882064,0.0
1043,1,-179218.40804341657,446.85335540407686
1043,2,-179068.4555854307,596.8058133899467
1043,3,-179426.94821268434,238.3131861363072
1043,4,-179251.55355586568,413.7078429549583
1043,5,-179405.37219473737,259.8892040832725
1044,0,-179665.26139882064,0.0
1044,1,-179176.34007673114,488.9213220895035
1044,2,-179192.30592332553,472.95547549510957
1044,3,-179416.25770648647,249.0036923341686
1044,4,-179289.49834498335,375.7630538372905
1044,5,-179411.45306709758,253.80833172306302
1045,0,-179665.26139882064,0.0
1045,1,-179267.59343693347,397.66796188717126
1045,2,-179177.81666606094,487.44473275970086
1045,3,-179423.0300996086,242.2312992120569
1045,4,-179260.59263649234,404.6687623283069
1045,5,-179409.46316067348,255.79823814716656
1046,0,-179665.26139882064,0.0
1046,1,-179218.47928836697,446.7821104536706
1046,2,-179296.34997791197,368.91142090866924
1046,3,-179428.7820864943,236.47931232635165
1046,4,-179356.2871012699,308.9742975507397
1046,5,-179392.3668496191,272.89454920153366
1047,0,-179665.26139882064,0.0
1047,1,-179200.56804120285,464.69335761779803
1047,2,-179269.97439334402,395.2870054766245
1047,3,-179390.18340729407,275.0779915265739
1047,4,-179354.2236591368,311.03773968384485
1047,5,-179400.04734516854,265.21405365210376
1048,0,-179665.26139882064,0.0
1048,1,-179263.6661462909,401.5952525297471
1048,2,-179227.3113984805,437.9500003401481
1048,3,-179353.88167185034,311.37972697030636
1048,4,-179357.22196590898,308.039432911668
1048,5,-179407.87517753002,257.38622129062423
1049,0,-179665.26139882064,0.0
1049,1,-179216.84966603777,448.4117327828717
1049,2,-179214.09578277534,451.1656160452985
1049,3,-179393.88728609838,271.3741127222602
1049,4,-179335.65922696135,329.6021718592965
1049,5,-179394.44128154972,270.8201172709232
1050,0,-179665.26139882064,0.0
1050,1,-179067.23787250894,598.0235263117065
1050,2,-179143.86761472264,521.393784098007
1050,3,-179403.02044296093,262.2409558597137
1050,4,-179310.749757954,354.5116408666363
1050,5,-179350.91156978885,314.3498290317948
1051,0,-179665.26139882064,0.0
1051,1,-179208.10148193158,457.159916889068
1051,2,-179272.65306608888,392.60833273176104
1051,3,-179433.05004244152,232.21135637912084
1051,4,-179286.49251671397,378.7688821066695
1051,5,-179356.81055646457,308.45084235607646
1052,0,-179665.26139882064,0.0
1052,1,-179189.14699838945,476.11440043119364
1052,2,-179302.47610455178,362.78529426886234
1052,3,-179376.15828721187,289.1031116087688
1052,4,-179286.98455295354,378.2768458671053
1052,5,-179359.94253140246,305.31886741818744
1053,0,-179665.26139882064,0.0
1053,1,-179036.16899455184,629.0924042687984
1053,2,-179295.7953518242,369.46604699644377
1053,3,-179357.71750985368,307.54388896696037
1053,4,-179324.87455158154,340.3868472391041
1053,5,-179199.21096976456,466.0504290560784
1054,0,-179665.26139882064,0.0
1054,1,-178981.91240173153,683.3489970891096
1054,2,-179243.97592867693,421.28547014371725
1054,3,-179367.69923054654,297.5621682741039
1054,4,-179326.29034768668,338.9710511339654
1054,5,-179238.26369499907,426.99770382157294
1055,0,-179665.26139882064,0.0
1055,1,-179123.20753039827,542.053868422372
1055,2,-179120.57804002226,544.6833587983856
1055,3,-179354.3973795741,310.8640192465391
1055,4,-179269.84369054122,395.41770827941946
1055,5,-179307.61381040447,357.6475884161773
1056,0,-179665.26139882064,0.0
1056,1,-179241.34683695508,423.91456186556024
1056,2,-179298.07850351935,367.1828953012882
1056,3,-179380.86560771085,284.39579110979685
1056,4,-179389.13113846324,276.1302603574004
1056,5,-179383.9931118858,281.26828693485004
1057,0,-179665.26139882064,0.0
1057,1,-179190.03193732316,475.2294614974817
1057,2,-179336.50986484587,328.751533974777
1057,3,-179392.32350085853,272.9378979621106
1057,4,-179406.65451475428,258.6068840663647
1057,5,-179386.93934829228,278.322050528368
1058,0,-179665.26139882064,0.0
1058,1,-179189.77704551638,475.48435330425855
1058,2,-179350.08965995477,315.1717388658726
1058,3,-179374.03796327897,291.2234355416731
1058,4,-179402.3883198589,262.87307896174025
1058,5,-179336.92873077135,328.3326680492901
1059,0,-179665.26139882064,0.0
1059,1,-179244.85467313835,420.4067256822891
1059,2,-179332.14341363398,333.1179851866618
1059,3,-179357.90846143579,307.3529373848578
1059,4,-179378.23275033192,287.0286484887183
1059,5,-179356.7001347087,308.56126411195146
1060,0,-179665.26139882064,0.0
1060,1,-179245.40440723966,419.8569915809785
1060,2,-179374.26014418137,291.00125463926815
1060,3,-179388.32473860652,276.93666021412355
1060,4,-179392.52971216658,272.7316866540641
1060,5,-179368.44170946386,296.81968935678015
1061,0,-179665.26139882064,0.0
1061,1,-179273.3463018247,391.9150969959446
1061,2,-179230.98131435545,434.2800844651938
1061,3,-179369.0143343611,296.2470644595451
1061,4,-179398.43428246147,266.82711635917076
1061,5,-179386.13703668522,279.1243621354224
1062,0,-179665.26139882064,0.0
1062,1,-179297.37006371297,367.89133510767715
1062,2,-179168.92014271527,496.3412561053701
1062,3,-179408.20421219256,257.0571866280807
1062,4,-179373.39619999455,291.8651988260972
1062,5,-179430.12593795342,235.13546086722636
1063,0,-179665.26139882064,0.0
1063,1,-179355.55878893586,309.7026098847855
1063,2,-178852.42853471427,812.8328641063708
1063,3,-179402.50643060022,262.75496822042624
1063,4,-179361.7085946605,303.55280416013557
1063,5,-179439.75592874395,225.5054700766923
1064,0,-179665.26139882064,0.0
1064,1,-179328.58758440783,336.6738144128176
1064,2,-178391.40368817822,1273.85771064242
1064,3,-179408.16618113557,257.09521768506966
1064,4,-179289.3550678549,375.9063309657504
1064,5,-179420.1661712967,245.09522752393968
1065,0,-179665.26139882064,0.0
1065,1,-179249.72680738464,415.53459143600776
1065,2,-178509.32333395717,1155.9380648634688
1065,3,-179394.69192671293,270.56947210771614
1065,4,-179333.09992505336,332.16147376727895
1065,5,-179407.4049121988,257.85648662183667
1066,0,-179665.26139882064,0.0
1066,1,-179112.96793425854,552.293464562099
1066,2,-178944.0931502236,721.1682485970377
1066,3,-179307.73708825037,357.5243105702684
1066,4,-179351.13147193225,314.1299268883886
1066,5,-179394.1718417834,271.08955703725223
1067,0,-179665.26139882064,0.0
1067,1,-179000.19823968437,665.0631591362762
1067,2,-179255.42409011474,409.8373087059008
1067,3,-179294.72711483692,370.5342839837249
1067,4,-179216.4813259437,448.7800728769507
1067,5,-179392.84813353652,272.41326528412174
1068,0,-179665.26139882064,0.0
1068,1,-179028.75432207217,636.5070767484722
1068,2,-179259.39944445246,405.86195436818525
1068,3,-179066.10232540494,599.1590734157071
1068,4,-179274.95574761726,390.30565120337997
1068,5,-179378.07499899008,287.18639983056346
1069,0,-179665.26139882064,0.0
1069,1,-178820.34731062505,844.9140881955973
1069,2,-179372.44239269465,292.81900612599566
1069,3,-178841.78585646057,823.4755423600727
1069,4,-179278.15706961806,387.1043292025861
1069,5,-179367.96467949176,297.2967193288787
1070,0,-179665.26139882064,0.0
1070,1,-178930.30216744894,734.9592313717003
1070,2,-179400.43062053484,264.8307782858028
1070,3,-177683.0813605426,1982.1800382780493
1070,4,-179346.2968982123,318.9645006083301
1070,5,-179317.02065713544,348.24074168520747
1071,0,-179665.26139882064,0.0
1071,1,-178847.7101404254,817.5512583952514
1071,2,-179290.9940908316,374.26730798903736
1071,3,-178400.99233166696,1264.2690671536839
1071,4,-179381.27216428952,283.98923453112366
1071,5,-179381.30240079915,283.95899802149506
1072,0,-179665.26139882064,0.0
1072,1,-178848.3327423858,816.928656434844
1072,2,-179389.29463312295,275.96676569769625
1072,3,-178927.73922484842,737.5221739722183
1072,4,-179402.31877953236,262.942619288282
1072,5,-179428.9977038743,236.263694946334
1073,0,-179665.26139882064,0.0
1073,1,-179049.58516574313,615.6762330775091
1073,2,-179375.90819080887,289.35320801177295
1073,3,-179198.68966472996,466.5717340906849
1073,4,-179397.4793609077,267.7820379129553
1073,5,-179435.70618755752,229.5552112631267
1074,0,-179665.26139882064,0.0
1074,1,-178322.26170982636,1342.999688994285
1074,2,-179383.33119524881,281.9302035718283
1074,3,-178860.8335023938,804.4278964268451
1074,4,-179413.82911875212,251.4322800685186
1074,5,-179424.80398647077,240.45741234987509
1075,0,-179665.26139882064,0.0
1075,1,-175445.49446301523,4219.766935805412
1075,2,-179249.04141064937,416.21998817127314
1075,3,-178108.9014203355,1556.359978485154
1075,4,-179387.9061507941,277.3552480265498
1075,5,-179421.49460274875,243.76679607189726
1076,0,-179665.26139882064,0.0
1076,1,-173062.2716101401,6602.989788680541
1076,2,-179325.53871952402,339.72267929662485
1076,3,-178939.22200159472,726.039397225919
1076,4,-179365.41723702577,299.84416179487016
1076,5,-179409.4646633351,255.79673548555002
1077,0,-179665.26139882064,0.0
1077,1,-173991.7194781814,5673.541920639254
1077,2,-179385.4513153437,279.81008347694296
1077,3,-179378.54010449833,286.72129432231304
1077,4,-179358.65156505475,306.6098337658914
1077,5,-179392.67363372003,272.5877651006158
1078,0,-179665.26139882064,0.0
1078,1,-178294.78029890754,1370.4810999131005
1078,2,-179397.04354922244,268.217849598208
1078,3,-179396.38402441816,268.8773744024802
1078,4,-179380.00861405206,285.2527847685851
1078,5,-179399.2953337335,265.96606508715195
1079,0,-179665.26139882064,0.0
1079,1,-179030.56757042187,634.6938283987693
1079,2,-179398.6405263342,266.62087248644093
1079,3,-179369.74104466732,295.5203541533265
1079,4,-179396.5788911842,268.682507636433
1079,5,-179374.27521985507,290.9861789655697
1080,0,-179665.26139882064,0.0
1080,1,-179242.90959976398,422.35179905666155
1080,2,-179384.96689694855,280.29450187209295
1080,3,-179416.8008086017,248.46059021895053
1080,4,-179377.2699828021,287.99141601854353
1080,5,-179356.1735442321,309.0878545885498
1081,0,-179665.26139882064,0.0
1081,1,-179334.39226083984,330.8691379808006
1081,2,-179389.80667510294,275.454723717703
1081,3,-179417.32127564837,247.94012317227316
1081,4,-179361.02353086532,304.23786795532214
1081,5,-179309.3556427167,355.9057561039517
1082,0,-179665.26139882064,0.0
1082,1,-179345.0996197673,320.1617790533346
1082,2,-179371.52306326784,293.7383355528
1082,3,-179443.82198145994,221.43941736069974
1082,4,-179333.20397055626,332.05742826437927
1082,5,-179291.20531037054,374.05608845010283
1083,0,-179665.26139882064,0.0
1083,1,-179313.64445589329,351.61694292735774
1083,2,-179402.76794768104,262.4934511395986
1083,3,-179445.01625246927,220.24514635137166
1083,4,-179313.506040353,351.75535846763523
1083,5,-179294.5958109752,370.66558784543304
1084,0,-179665.26139882064,0.0
1084,1,-179345.20995887477,320.05143994587706
1084,2,-179385.30341172498,279.9579870956659
1084,3,-179403.1571248105,262.1042740101402
1084,4,-179372.62496601598,292.63643280466204
1084,5,-179336.29290565994,328.9684931607044
1085,0,-179665.26139882064,0.0
1085,1,-179322.51606482238,342.7453339982603
1085,2,-179410.71239628078,254.54900253986125
1085,3,-179448.64921653224,216.61218228840153
1085,4,-179399.62619917977,265.63519964087754
1085,5,-179326.79799747712,338.46340134352795
1086,0,-179665.26139882064,0.0
1086,1,-179341.80850320985,323.452895610797
1086,2,-179427.46305685973,237.79834196090815
1086,3,-179436.2043430092,229.05705581145594
1086,4,-179292.73642395774,372.5249748628994
1086,5,-179334.87631198627,330.3850868343725
1087,0,-179665.26139882064,0.0
1087,1,-179361.8517224709,303.40967634975095
1087,2,-179409.00701422742,256.2543845932232
1087,3,-179407.99976752306,257.2616312975879
1087,4,-179391.96303785327,273.29836096736835
1087,5,-179328.97821593712,336.28318288351875
1088,0,-179665.26139882064,0.0
1088,1,-179368.7364895147,296.5249093059392
1088,2,-179382.07094572563,283.19045309501234
1088,3,-179383.30041091755,281.9609879030904
1088,4,-179382.50194105538,282.7594577652635
1088,5,-179201.9709072657,463.2904915549443
1089,0,-179665.26139882064,0.0
1089,1,-179353.39063720696,311.8707616136817
1089,2,-179367.3693582715,297.89204054913716
1089,3,-179397.5292833226,267.73211549804546
1089,4,-179364.91625096306,300.345147857588
1089,5,-179072.86736288812,592.3940359325206
1090,0,-179665.26139882064,0.0
1090,1,-179379.26366992493,285.99772889571614
1090,2,-179281.67189127454,383.58950754610123
1090,3,-179451.90352320822,213.35787561241887
1090,4,-179379.00335891836,286.2580399022845
1090,5,-179160.50411673146,504.7572820891801
1091,0,-179665.26139882064,0.0
1091,1,-179389.84918970676,275.4122091138852
1091,2,-179306.0355303689,359.2258684517292
1091,3,-179428.46999324186,236.79140557878418
1091,4,-179320.57482355187,344.6865752687736
1091,5,-179169.97629886845,495.28509995219065
1092,0,-179665.26139882064,0.0
1092,1,-179395.19774051223,270.0636583084124
1092,2,-179340.9935369624,324.2678618582431
1092,3,-179416.41413387426,248.84726494638016
1092,4,-179390.75332107427,274.5080777463736
1092,5,-179286.2909991361,378.97039968453464
1093,0,-179665.26139882064,0.0
1093,1,-179403.9489754862,261.312423334457
1093,2,-179368.2342660777,297.0271327429509
1093,3,-179423.44322162878,241.81817719186074
1093,4,-179391.93646702793,273.32493179271114
1093,5,-179386.72518583326,278.5362129873829
1094,0,-179665.26139882064,0.0
1094,1,-179404.3765698601,260.8848289605521
1094,2,-179393.96449451495,271.2969043056946
1094,3,-179430.7684574189,234.49294140175334
1094,4,-179283.98245370583,381.2789451148128
1094,5,-179382.6388765093,282.62252231134335
1095,0,-179665.26139882064,0.0
1095,1,-179366.11539805756,299.14600076308125
1095,2,-179385.91546906714,279.34592975350097
1095,3,-179432.43436823756,232.82703058308107
1095,4,-179135.74889292568,529.5125058949634
1095,5,-179412.0832658353,253.1781329853402
1096,0,-179665.26139882064,0.0
1096,1,-179382.78914445676,282.47225436387816
1096,2,-179389.2398289436,276.021569877048
1096,3,-179418.4504328211,246.81096599955345
1096,4,-179186.56356580727,478.69783301337156
1096,5,-179362.0410724659,303.22032635475625
1097,0,-179665.26139882064,0.0
1097,1,-179341.34416279526,323.91723602538696
1097,2,-179387.57910070344,277.68229811720084
1097,3,-179417.2244409328,248.03695788784535
1097,4,-179276.11554244638,389.14585637426353
1097,5,-179343.38242418037,321.8789746402763
1098,0,-179665.26139882064,0.0
1098,1,-179392.67833012712,272.58306869352236
1098,2,-179381.84296477883,283.4184340418142
1098,3,-179402.0369702199,263.22442860074807
1098,4,-179309.47547097434,355.7859278463002
1098,5,-179391.50691206456,273.75448675607913
1099,0,-179665.26139882064,0.0
1099,1,-179322.9458766821,342.3155221385532
1099,2,-179399.08116792544,266.18023089520284
1099,3,-179393.66655246637,271.5948463542736
1099,4,-179385.6319286018,279.6294702188461
1099,5,-179369.06960583336,296.19179298728704
1100,0,-179665.26139882064,0.0
1100,1,-179350.5554776136,314.70592120703077
1100,2,-179387.18842534052,278.072973480128
1100,3,-179390.96400550715,274.29739331349265
1100,4,-179405.99653587112,259.2648629495234
1100,5,-179368.9723406587,296.28905816192855
1101,0,-179665.26139882064,0.0
1101,1,-179208.665896987,456.59550183365354
1101,2,-179387.4437094743,277.8176893463533
1101,3,-179371.96028806156,293.30111075908644
1101,4,-179407.92981614923,257.3315826714097
1101,5,-179372.73713611384,292.52426270680735
1102,0,-179665.26139882064,0.0
1102,1,-179085.2025345692,580.0588642514485
1102,2,-179276.26595252365,388.99544629699085
1102,3,-179380.57891937153,284.68247944911127
1102,4,-179389.64014604097,275.62125277967425
1102,5,-179354.9314091925,310.3299896281387
1103,0,-179665.26139882064,0.0
1103,1,-179058.58588890338,606.6755099172588
1103,2,-179321.80885209108,343.4525467295607
1103,3,-179365.6662589018,299.5951399188489
1103,4,-179403.03239536416,262.2290034564794
1103,5,-179365.4351610697,299.82623775093816
1104,0,-179665.26139882064,0.0
1104,1,-179165.24264366098,500.01875515966094
1104,2,-179391.4295202631,273.8318785575393
1104,3,-179367.1833592585,298.078039562155
1104,4,-179408.49272266502,256.76867615562514
1104,5,-179432.93923726337,232.32216155726928
1105,0,-179665.26139882064,0.0
1105,1,-179263.8011008877,401.46029793293565
1105,2,-179422.2613586912,243.00004012943828
1105,3,-179388.01422227838,277.24717654226697
1105,4,-179399.3213869252,265.9400118954363
1105,5,-179417.88405441312,247.37734440751956
1106,0,-179665.26139882064,0.0
1106,1,-179270.49890785053,394.7624909701117
1106,2,-179408.4185341913,256.8428646293469
1106,3,-179392.29328157805,272.9681172425917
1106,4,-179380.0500855118,285.2113133088569
1106,5,-179428.57704886002,236.68434996061842
1107,0,-179665.26139882064,0.0
1107,1,-179235.00103908783,430.2603597328125
1107,2,-179419.07764977115,246.1837490494945
1107,3,-179382.7855619004,282.4758369202318
1107,4,-179421.67254337232,243.58885544832447
1107,5,-179400.88081223945,264.38058658118825
1108,0,-179665.26139882064,0.0
1108,1,-179239.15991478928,426.10148403135827
1108,2,-179422.8645914648,242.39680735583534
1108,3,-179360.84585032094,304.4155484997027
1108,4,-179427.14445595312,238.11694286752027
1108,5,-179424.38891933585,240.8724794847949
1109,0,-179665.26139882064,0.0
1109,1,-179329.5271942269,335.73420459375484
1109,2,-179433.9714539095,231.2899449111428
1109,3,-179352.88062791314,312.3807709075045
1109,4,-179428.26978074003,236.99161808061763
1109,5,-179393.24755271646,272.0138461041788
1110,0,-179665.26139882064,0.0
1110,1,-179302.57846522192,362.6829335987277
1110,2,-179354.14874855572,311.11265026492765
1110,3,-179394.82393779504,270.43746102560544
1110,4,-179422.296583605,242.9648152156442
1110,5,-179356.727148281,308.5342505396402
1111,0,-179665.26139882064,0.0
1111,1,-179359.64627754188,305.6151212787663
1111,2,-179363.73617791405,301.52522090659477
1111,3,-179411.426750622,253.83464819865185
1111,4,-179347.47268924493,317.7887095757178
1111,5,-179323.47992934598,341.781469474663
1112,0,-179665.26139882064,0.0
1112,1,-179326.3153998239,338.94599899672903
1112,2,-179416.71051360088,248.55088521976722
1112,3,-179420.01712810868,245.2442707119626
1112,4,-179398.2774475213,266.9839512993349
1112,5,-179281.68137054692,383.5800282737182
1113,0,-179665.26139882064,0.0
1113,1,-179353.94354394492,311.3178548757278
1113,2,-179379.99810169215,285.2632971284911
1113,3,-179410.71501680376,254.54638201688067
1113,4,-179403.72105177527,261.5403470453748
1113,5,-179331.21917487707,334.042223943572
1114,0,-179665.26139882064,0.0
1114,1,-179309.5157496504,355.7456491702469
1114,2,-179399.4232148148,265.8381840058428
1114,3,-179293.1095377647,372.15186105592875
1114,4,-179280.63053312612,384.63086569451843
1114,5,-179249.9212734789,415.3401253417542
1115,0,-179665.26139882064,0.0
1115,1,-179243.83566773863,421.4257310820103
1115,2,-179407.8869240641,257.3744747565361
1115,3,-179265.4768853853,399.7845134353556
1115,4,-179179.21966871232,486.04173010832164
1115,5,-179300.52439452533,364.73700429531164
1116,0,-179665.26139882064,0.0
1116,1,-179310.02117242047,355.2402264001721
1116,2,-179441.1208144455,224.14058437515632
1116,3,-179316.9203240697,348.34107475093333
1116,4,-179206.6925048555,458.56889396513
1116,5,-179249.9833867943,415.2780120263342
1117,0,-179665.26139882064,0.0
1117,1,-179393.99878207396,271.2626167466806
1117,2,-179433.97926557207,231.28213324857643
1117,3,-179380.8783542353,284.38304458535276
1117,4,-179326.1497975278,339.1116012928542
1117,5,-179217.7541470179,447.5072518027446
1118,0,-179665.26139882064,0.0
1118,1,-179372.08227811742,293.179120703222
1118,2,-179416.57337503092,248.6880237897276
1118,3,-179413.00787993943,252.25351888121804
1118,4,-179324.39479065157,340.86660816907533
1118,5,-179300.5747738665,364.68662495413446
1119,0,-179665.26139882064,0.0
1119,1,-179399.07696063363,266.1844381870178
1119,2,-179404.08261337262,261.1787854480208
1119,3,-179409.93021124683,255.33118757381453
1119,4,-179331.42599247774,333.83540634289966
1119,5,-179336.09078009025,329.17061873039347
1120,0,-179665.26139882064,0.0
1120,1,-179392.12929460502,273.1321042156196
1120,2,-179412.758233555,252.50316526563256
1120,3,-179396.5080792921,268.75331952853594
1120,4,-179332.49193514304,332.76946367759956
1120,5,-179126.9491708937,538.3122279269446
1121,0,-179665.26139882064,0.0
1121,1,-179396.3081328133,268.95326600733097
1121,2,-179430.85113628302,234.41026253762539
1121,3,-179391.87319153687,273.3882072837732
1121,4,-179373.24941554948,292.01198327116435
1121,5,-179268.0241548591,397.23724396154284
1122,0,-179665.26139882064,0.0
1122,1,-179405.58680873705,259.67459008359583
1122,2,-179434.0703478388,231.19105098184082
1122,3,-179419.01718105644,246.24421776420786
1122,4,-179374.17194210822,291.08945671241963
1122,5,-179362.6672121079,302.5941867127549
1123,0,-179665.26139882064,0.0
1123,1,-179424.49141573423,240.76998308641487
1123,2,-179439.00110179745,226.26029702319647
1123,3,-179207.75760313455,457.5037956860906
1123,4,-179381.90862301443,283.35277580621187
1123,5,-179253.9925019057,411.26889691493125
1124,0,-179665.26139882064,0.0
1124,1,-179385.9668814627,279.2945173579501
1124,2,-179415.19812787013,250.0632709505153
1124,3,-179103.96223850542,561.2991603152186
1124,4,-179401.99084901233,263.2705498083087
1124,5,-179200.06139294893,465.20000587170944
1125,0,-179665.26139882064,0.0
1125,1,-179371.45124047442,293.8101583462267
1125,2,-179415.40297334368,249.85842547696666
1125,3,-179129.84588586487,535.4155129557766
1125,4,-179406.03708405842,259.2243147622212
1125,5,-179155.68781135906,509.5735874615784
1126,0,-179665.26139882064,0.0
1126,1,-179343.25772660246,322.00367221818306
1126,2,-179418.2179040489,247.04349477172946
1126,3,-179322.8964219088,342.3649769118347
1126,4,-179398.11383655228,267.1475622683647
1126,5,-179180.63066769287,484.63073112777784
1127,0,-179665.26139882064,0.0
1127,1,-179397.38115636836,267.88024245228735
1127,2,-179433.56481945104,231.69657936959993
1127,3,-179344.8108732196,320.45052560104523
1127,4,-179311.60356046894,353.6578383517044
1127,5,-179321.50301073564,343.75838808499975
1128,0,-179665.26139882064,0.0
1128,1,-179411.38222622298,253.87917259766255
1128,2,-179429.19880429696,236.0625945236825
1128,3,-179344.3854450678,320.87595375283854
1128,4,-179303.24854810507,362.01285071557504
1128,5,-179238.03452128125,427.22687753938953
1129,0,-179665.26139882064,0.0
1129,1,-179436.3531123977,228.90828642295673
1129,2,-179447.89491638314,217.36648243750096
1129,3,-179338.78790112498,326.4734976956679
1129,4,-179285.92438115587,379.33701766477316
1129,5,-179385.63908756227,279.6223112583684
1130,0,-179665.26139882064,0.0
1130,1,-179421.72464126797,243.53675755267614
1130,2,-179463.32162630474,201.93977251590695
1130,3,-179332.9105188048,332.3508800158452
1130,4,-179360.40498514386,304.8564136767818
1130,5,-179408.1177246125,257.14367420814233
1131,0,-179665.26139882064,0.0
1131,1,-179400.0986553764,265.16274344423437
1131,2,-179405.6112643446,259.65013447604724
1131,3,-179324.39948289763,340.86191592301475
1131,4,-179433.04345649268,232.21794232795946
1131,5,-179421.5130688903,243.7483299303567
1132,0,-179665.26139882064,0.0
1132,1,-179439.09703746153,226.164361359115
1132,2,-179416.11885787046,249.1425409501826
1132,3,-179331.01380282454,334.24759599610115
1132,4,-179410.19288848175,255.06851033889689
1132,5,-179399.4522976676,265.8091011530487
1133,0,-179665.26139882064,0.0
1133,1,-179439.2992486787,225.96215014194604
1133,2,-179386.00135773863,279.26004108201596
1133,3,-179326.18388042387,339.07751839677803
1133,4,-179387.06658654707,278.19481227357755
1133,5,-179389.4876040549,275.7737947657297
1134,0,-179665.26139882064,0.0
1134,1,-179419.93774151363,245.32365730701713
1134,2,-179358.48702937944,306.77436944120564
1134,3,-179367.5808209199,297.68057790075545
1134,4,-179338.91593944884,326.3454593718052
1134,5,-179364.83775542091,300.42364339972846
1135,0,-179665.26139882064,0.0
1135,1,-179423.61833292092,241.64306589972693
1135,2,-179387.44022962058,277.8211692000623
1135,3,-179388.28953288862,276.9718659320206
1135,4,-179374.82227669167,290.43912212896976
1135,5,-179396.02663511236,269.23476370828575
1136,0,-179665.26139882064,0.0
1136,1,-179340.40212997768,324.8592688429635
1136,2,-179440.15993756943,225.1014612512081
1136,3,-179343.91043634148,321.35096247916226
1136,4,-179391.85752482468,273.4038739959651
1136,5,-179397.85477516957,267.4066236510698
1137,0,-179665.26139882064,0.0
1137,1,-179310.10963511455,355.1517637060897
1137,2,-179445.1744691795,220.08692964114016
1137,3,-179378.96626837295,286.2951304476883
1137,4,-179354.5340809149,310.727317905752
1137,5,-179380.56054430152,284.7008545191202
1138,0,-179665.26139882064,0.0
1138,1,-179349.80808266337,315.4533161572763
1138,2,-179430.75398541332,234.50741340732202
1138,3,-179406.85004193083,258.4113568898174
1138,4,-179318.10921427398,347.1521845466632
1138,5,-179401.69285963167,263.56853918897104
1139,0,-179665.26139882064,0.0
1139,1,-179353.11368699893,312.14771182171535
1139,2,-179446.95699170523,218.3044071154145
1139,3,-179414.61132201442,250.65007680622512
1139,4,-179358.69589660704,306.5655022136052
1139,5,-179350.6609946329,314.6004041877459
1140,0,-179665.26139882064,0.0
1140,1,-179351.06749927314,314.1938995475066
1140,2,-179443.19997944683,222.06141937381472
1140,3,-179406.3931790199,258.86821980073
1140,4,-179383.10254305007,282.15885577056906
1140,5,-179302.831685905,362.42971291564754
1141,0,-179665.26139882064,0.0
1141,1,-179320.72531410775,344.53608471289044
1141,2,-179421.84871294507,243.41268587557715
1141,3,-179398.11071682454,267.15068199610687
1141,4,-179413.03123956584,252.23015925480286
1141,5,-179310.51049696692,354.7509018537239
1142,0,-179665.26139882064,0.0
1142,1,-179302.21038681583,363.05101200481295
1142,2,-179428.08938698613,237.17201183451107
1142,3,-179391.67717169033,273.5842271303118
1142,4,-179434.12171248798,231.13968633266632
1142,5,-179332.6897409997,332.571657820954
1143,0,-179665.26139882064,0.0
1143,1,-179314.12041472178,351.14098409886356
1143,2,-179432.24310290627,233.01829591437127
1143,3,-179386.64464985972,278.61674896092154
1143,4,-179410.83698176345,254.42441705719102
1143,5,-179284.91411707157,380.3472817490692
1144,0,-179665.26139882064,0.0
1144,1,-179294.77990978415,370.48148903649417
1144,2,-179448.65163126297,216.6097675576748
1144,3,-179390.9654232762,274.2959755444317
1144,4,-179421.45072219378,243.8106766268611
1144,5,-179259.68340682724,405.57799199339934
1145,0,-179665.26139882064,0.0
1145,1,-179169.53960411414,495.72179470650735
1145,2,-179398.82775277024,266.43364605039824
1145,3,-179391.3692410319,273.8921577887377
1145,4,-179461.40601744168,203.8553813789622
1145,5,-179306.13613031554,359.1252685051004
1146,0,-179665.26139882064,0.0
1146,1,-179352.96446986572,312.2969289549219
1146,2,-179364.59033255777,300.6710662628757
1146,3,-179408.8573481911,256.4040506295569
1146,4,-179467.48225333975,197.7791454808903
1146,5,-179332.07143408086,333.1899647397804
1147,0,-179665.26139882064,0.0
1147,1,-179379.7872659442,285.47413287643576
1147,2,-179342.68670035555,322.5746984650905
1147,3,-179393.5030804853,271.75831833534176
1147,4,-179455.72208204426,209.5393167763832
1147,5,-179347.04232684162,318.2190719790233
1148,0,-179665.26139882064,0.0
1148,1,-179393.87436068687,271.3870381337765
1148,2,-179374.46588311254,290.79551570810145
1148,3,-179377.57733044605,287.6840683745977
1148,4,-179425.06321450742,240.19818431322346
1148,5,-179375.02870424223,290.23269457841525
1149,0,-179665.26139882064,0.0
1149,1,-179357.9179356137,307.34346320695477
1149,2,-179377.6625908348,287.5988079858362
1149,3,-179390.84188731483,274.4195115058101
1149,4,-179462.1642373718,203.0971614488517
1149,5,-179388.96908574365,276.2923130769923
1150,0,-179665.26139882064,0.0
1150,1,-179364.31693246053,300.9444663601171
1150,2,-179411.35678443676,253.90461438387865
1150,3,-179381.40608326512,283.85531555552734
1150,4,-179448.65391341556,216.60748540508212
1150,5,-179398.15590365703,267.1054951636179
1151,0,-179665.26139882064,0.0
1151,1,-179354.21212571632,311.0492731043196
1151,2,-179426.73959627334,238.52180254730047
1151,3,-179373.39739571043,291.86400311021134
1151,4,-179421.39632540065,243.86507341999095
1151,5,-179357.96412918167,307.297269638977
1152,0,-179665.26139882064,0.0
1152,1,-179404.51589799533,260.7455008253164
1152,2,-179408.7182730021,256.54312581854174
1152,3,-179392.6987780083,272.56262081232853
1152,4,-179396.39856608264,268.86283273799927
1152,5,-179394.30534562122,270.95605319942115
1153,0,-179665.26139882064,0.0
1153,1,-179405.00060167408,260.26079714656225
1153,2,-179396.04331778106,269.2180810395803
1153,3,-179413.10623309115,252.15516572949127
1153,4,-179422.9872930509,242.27410576975672
1153,5,-179388.69837831642,276.5630205042253
1154,0,-179665.26139882064,0.0
1154,1,-179415.89121517394,249.37018364670803
1154,2,-179396.0561468756,269.20525194503716
1154,3,-179457.80930836618,207.45209045446245
1154,4,-179414.7525270106,250.5088718100451
1154,5,-179412.17338236186,253.08801645878702
1155,0,-179665.26139882064,0.0
1155,1,-179388.53359230648,276.72780651415815
1155,2,-179421.27243333662,243.98896548402263
1155,3,-179450.34693542626,214.9144633943797
1155,4,-179443.9044770066,221.35692181403283
1155,5,-179407.09632142234,258.1650773982983
1156,0,-179665.26139882064,0.0
1156,1,-179438.93772638545,226.3236724351882
1156,2,-179424.2186269752,241.0427718454448
1156,3,-179428.2380851521,237.0233136685565
1156,4,-179411.29460153458,253.9667972860625
1156,5,-179374.83901564675,290.42238317389274
1157,0,-179665.26139882064,0.0
1157,1,-179456.78943741863,208.47196140201413
1157,2,-179412.0984800083,253.16291881233337
1157,3,-179425.52009789218,239.74130092846463
1157,4,-179323.8456716248,341.41572719585383
1157,5,-179272.75414335905,392.50725546159083
1158,0,-179665.26139882064,0.0
1158,1,-179424.5085308042,240.75286801645416
1158,2,-179408.75582921322,256.5055696074269
1158,3,-179399.07140594436,266.18999287628685
1158,4,-179265.56115071417,399.7002481064701
1158,5,-179126.44007762702,538.8213211936236
1159,0,-179665.26139882064,0.0
1159,1,-179438.7683272346,226.49307158603915
1159,2,-179399.0989967577,266.1624020629388
1159,3,-179384.3504441267,280.9109546939435
1159,4,-179340.99792697767,324.2634718429763
1159,5,-179197.86659870273,467.39480011790874
1160,0,-179665.26139882064,0.0
1160,1,-179436.98385647967,228.27754234097665
1160,2,-179369.43337078707,295.8280280335748
1160,3,-179405.27257077218,259.98882804845925
1160,4,-179377.53643928032,287.7249595403264
1160,5,-179289.0330004828,376.2283983378438
1161,0,-179665.26139882064,0.0
1161,1,-179443.96787693526,221.29352188538178
1161,2,-179373.71687456148,291.5445242591668
1161,3,-179423.4033241411,241.85807467953418
1161,4,-179366.67797826065,298.58342055999674
1161,5,-179313.2792298279,351.9821689927485
1162,0,-179665.26139882064,0.0
1162,1,-179221.97943635678,443.28196246386506
1162,2,-179386.0385975129,279.22280130774016
1162,3,-179410.70865024775,254.55274857289623
1162,4,-179382.7684985376,282.49290028304677
1162,5,-179319.6687681369,345.5926306837355
1163,0,-179665.26139882064,0.0
1163,1,-179191.40930946433,473.8520893563109
1163,2,-179376.37025312457,288.89114569607773
1163,3,-179366.67139274665,298.590006073995
1163,4,-179383.1781109341,282.0832878865476
1163,5,-179270.7987428214,394.4626559992321
1164,0,-179665.26139882064,0.0
1164,1,-179299.982987037,365.27841178365634
1164,2,-179394.5081069935,270.75329182713176
1164,3,-179415.4269519091,249.83444691155455
1164,4,-179309.72186261593,355.53953620471293
1164,5,-179352.6727451498,312.58865367085673
1165,0,-179665.26139882064,0.0
1165,1,-179337.0838713777,328.17752744295285
1165,2,-179412.44816330032,252.813235520327
1165,3,-179423.95548650352,241.30591231712606
1165,4,-179194.26442798076,470.99697083988576
1165,5,-179138.26456999,526.9968288306554
1166,0,-179665.26139882064,0.0
1166,1,-179374.314928644,290.94647017665557
1166,2,-179421.37177070472,243.889628115925
1166,3,-179446.5466979829,218.71470083773602
1166,4,-179086.7126174375,578.5487813831423
1166,5,-179370.68496645783,294.57643236281
1167,0,-179665.26139882064,0.0
1167,1,-179403.030269167,262.23112965363543
1167,2,-179389.18041387128,276.0809849493671
1167,3,-179436.44303627804,228.8183625426027
1167,4,-179133.29213743214,531.9692613884981
1167,5,-179245.14914436528,420.1122544553655
1168,0,-179665.26139882064,0.0
1168,1,-179373.52776269498,291.73363612566027
1168,2,-179401.79428994743,263.4671088732139
1168,3,-179437.2304871218,228.0309116988501
1168,4,-179169.86395762244,495.39744119820534
1168,5,-179379.238297318,286.0231015026511
1169,0,-179665.26139882064,0.0
1169,1,-179398.47484761296,266.78655120768235
1169,2,-179403.7442524463,261.5171463743318
1169,3,-179450.09165787985,215.16974094079342
1169,4,-179178.40008065064,486.8613181700057
1169,5,-179414.74617527094,250.51522354970803
1170,0,-179665.26139882064,0.0
1170,1,-179414.52587739195,250.73552142869448
1170,2,-179404.36694650928,260.8944523113605
1170,3,-179421.71216471933,243.54923410131596
1170,4,-179303.98119074845,361.28020807218854
1170,5,-179399.8175039702,265.4438948504394
1171,0,-179665.26139882064,0.0
1171,1,-179436.6832734521,228.5781253685418
1171,2,-179399.63319171165,265.6282071089954
1171,3,-179412.85595197423,252.40544684641645
1171,4,-179335.81502684538,329.44637197526754
1171,5,-179405.7271372831,259.53426153754117
1172,0,-179665.26139882064,0.0
1172,1,-179422.53092842276,242.73047039788798
1172,2,-179429.6978635648,235.56353525584564
1172,3,-179418.4406683715,246.82073044913705
1172,4,-179331.99005025747,333.27134856316843
1172,5,-179380.4545073798,284.80689144085045
1173,0,-179665.26139882064,0.0
1173,1,-179408.39045170337,256.87094711727696
1173,2,-179398.24539200534,267.01600681530545
1173,3,-179428.0996620022,237.16173681843793
1173,4,-179334.62641658224,330.63498223840725
1173,5,-179373.1619529277,292.09944589293445
1174,0,-179665.26139882064,0.0
1174,1,-179356.01253402242,309.24886479822453
1174,2,-179302.23441687314,363.026981947507
1174,3,-179393.0327860794,272.2286127412517
1174,4,-179396.68946865166,268.57193016898236
1174,5,-179397.01359081198,268.24780800865847
1175,0,-179665.26139882064,0.0
1175,1,-179337.14730721596,328.1140916046861
1175,2,-179392.36230057228,272.8990982483665
1175,3,-179398.5647725092,266.69662631143
1175,4,-179393.47955383404,271.78184498660266
1175,5,-179377.14627642246,288.11512239818694
1176,0,-179665.26139882064,0.0
1176,1,-179358.70547740124,306.55592141940724
1176,2,-179344.28241039393,320.9789884267084
1176,3,-179416.3320988241,248.92929999655462
1176,4,-179384.4328300131,280.82856880754116
1176,5,-179385.25996969626,280.00142912438605
1177,0,-179665.26139882064,0.0
1177,1,-179434.8193339907,230.4420648299565
1177,2,-179298.42601465838,366.8353841622593
1177,3,-179337.7400473074,327.5213515132491
1177,4,-179325.35364611828,339.9077527023619
1177,5,-179391.17942091878,274.08197790186387
1178,0,-179665.26139882064,0.0
1178,1,-179411.5433135771,253.71808524354128
1178,2,-179276.96403257718,388.29736624346697
1178,3,-179384.02917521712,281.2322236035252
1178,4,-179380.90028142667,284.36111739397165
1178,5,-179417.31101358094,247.95038523970288
1179,0,-179665.26139882064,0.0
1179,1,-179418.4905911365,246.77080768413725
1179,2,-179212.30967274096,452.9517260796856
1179,3,-179384.79700491994,280.46439390070736
1179,4,-179380.31595799368,284.94544082696666
1179,5,-179427.29312698374,237.96827183690039
1180,0,-179665.26139882064,0.0
1180,1,-179334.81559213618,330.44580668446724
1180,2,-179260.55708192062,404.7043169000244
1180,3,-179411.68432306193,253.5770757587161
1180,4,-179301.89189143642,363.36950738422456
1180,5,-179441.03239577907,224.2290030415752
1181,0,-179665.26139882064,0.0
1181,1,-179357.61119445376,307.6502043668879
1181,2,-179364.79526685708,300.4661319635634
1181,3,-179419.7217130514,245.53968576923944
1181,4,-179191.27692964152,473.98446917912224
1181,5,-179463.88153941982,201.3798594008258
1182,0,-179665.26139882064,0.0
1182,1,-179380.38828918015,284.8731096404954
1182,2,-179363.7889221084,301.4724767122534
1182,3,-179417.36626626417,247.89513255647034
1182,4,-179334.39777560483,330.8636232158169
1182,5,-179469.25028670052,196.01111212011892
1183,0,-179665.26139882064,0.0
1183,1,-179371.81305255517,293.44834626547527
1183,2,-179278.5381431068,386.72325571384863
1183,3,-179398.60253837373,266.65886044691433
1183,4,-179360.55707321758,304.70432560305926
1183,5,-179438.64072460245,226.62067421819665
1184,0,-179665.26139882064,0.0
1184,1,-179384.76316678597,280.4982320346753
1184,2,-179307.18968985506,358.0717089655809
1184,3,-179399.2833851215,265.9780136991467
1184,4,-179371.94292712916,293.31847169148386
1184,5,-179433.32980627668,231.9315925439587
1185,0,-179665.26139882064,0.0
1185,1,-179345.42189381437,319.83950500626815
1185,2,-179353.30808696465,311.95331185599207
1185,3,-179407.6537132701,257.60768555055256
1185,4,-179360.57639193963,304.6850068810163
1185,5,-179413.4017044277,251.85969439294422
1186,0,-179665.26139882064,0.0
1186,1,-179279.3209959994,385.94040282123024
1186,2,-179361.24519420628,304.01620461436687
1186,3,-179402.57921647283,262.68218234780943
1186,4,-179358.37572854446,306.8856702761841
1186,5,-179363.71308691546,301.5483119051787
1187,0,-179665.26139882064,0.0
1187,1,-179290.62031180336,374.641087017284
1187,2,-179404.04721255734,261.2141862632998
1187,3,-179421.32528777575,243.93611104489537
1187,4,-179319.90932015382,345.3520786668232
1187,5,-179413.0672823865,252.1941164341406
1188,0,-179665.26139882064,0.0
1188,1,-179292.19723404324,373.06416477740277
1188,2,-179374.5521469227,290.7092518979334
1188,3,-179390.7980818968,274.4633169238514
1188,4,-179373.10488463228,292.15651418836205
1188,5,-179364.6674743302,300.5939244904439
1189,0,-179665.26139882064,0.0
1189,1,-179326.42121553174,338.8401832889067
1189,2,-179372.8488119766,292.41258684403147
1189,3,-179393.66149801153,271.59990080911666
1189,4,-179374.4026404317,290.85875838893116
1189,5,-179355.9724047261,309.2889940945315
1190,0,-179665.26139882064,0.0
1190,1,-179337.4498593053,327.81153951532906
1190,2,-179429.7238282801,235.5375705405313
1190,3,-179378.39479648203,286.86660233861767
1190,4,-179380.972876988,284.288521832641
1190,5,-179400.9324331662,264.32896565445117
1191,0,-179665.26139882064,0.0
1191,1,-179414.30517463645,250.95622418419225
1191,2,-179415.37162157096,249.88977724968572
1191,3,-179372.576759499,292.68463932164013
1191,4,-179353.07128059573,312.190118224913
1191,5,-179413.96314133768,251.2982574829657
1192,0,-179665.26139882064,0.0
1192,1,-179444.4315707595,220.82982806113432
1192,2,-179418.01686831925,247.2445305013971
1192,3,-179417.69830608476,247.56309273588704
1192,4,-179351.4405525793,313.82084624134586
1192,5,-179433.80373495998,231.4576638606668
1193,0,-179665.26139882064,0.0
1193,1,-179442.96557038097,222.29582843967364
1193,2,-179344.47094085076,320.79045796988066
1193,3,-179401.5445462994,263.7168525212328
1193,4,-179400.76561206285,264.4957867577905
1193,5,-179389.8781802697,275.3832185509382
1194,0,-179665.26139882064,0.0
1194,1,-179420.35905099154,244.90234782910557
1194,2,-179304.71307927964,360.5483195410052
1194,3,-179415.9703891865,249.29100963415112
1194,4,-179240.26091816672,425.00048065392184
1194,5,-179344.91871061278,320.34268820786383
1195,0,-179665.26139882064,0.0
1195,1,-179391.63499054572,273.6264082749258
1195,2,-179286.51077331012,378.7506255105254
1195,3,-179401.2473136103,264.0140852103359
1195,4,-179204.36738901152,460.89400980912615
1195,5,-179361.80430938402,303.45708943661884
1196,0,-179665.26139882064,0.0
1196,1,-179342.08193977232,323.1794590483187
1196,2,-179364.61594375933,300.64545506131253
1196,3,-179357.6245176052,307.63688121543964
1196,4,-179382.90077749063,282.36062133000814
1196,5,-179328.25592382354,337.0054749971023
1197,0,-179665.26139882064,0.0
1197,1,-178958.92298338725,706.3384154333908
1197,2,-179331.97864917657,333.2827496440732
1197,3,-179354.1145439933,311.1468548273551
1197,4,-179371.49942130194,293.76197751870495
1197,5,-179364.1188550393,301.142543781345
1198,0,-179665.26139882064,0.0
1198,1,-179263.461763898,401.79963492264505
1198,2,-179294.9419460317,370.3194527889427
1198,3,-179358.0272647274,307.2341340932471
1198,4,-179387.39076017277,277.8706386478734
1198,5,-179362.40578870988,302.8556101107679
1199,0,-179665.26139882064,0.0
1199,1,-179172.55460782273,492.7067909979087
1199,2,-179226.8959378005,438.36546102014836
1199,3,-179349.64733554263,315.61406327801524
1199,4,-179366.61837974424,298.64301907640765
1199,5,-179401.30179446374,263.9596043569036
1200,0,-179665.26139882064,0.0
1200,1,-179121.72995056878,543.5314482518588
1200,2,-179264.22198008877,401.0394187318743
1200,3,-179367.69570094201,297.56569787862827
1200,4,-179321.6282347415,343.63316407913226
1200,5,-179374.7940271455,290.46737167515676
1201,0,-179665.26139882064,0.0
1201,1,-179291.3472060533,373.91419276734814
1201,2,-179170.29892654976,494.96247227088315
1201,3,-179391.29336726488,273.96803155576345
1201,4,-179326.62690098456,338.63449783608667
1201,5,-179369.19412667103,296.06727214960847
1202,0,-179665.26139882064,0.0
1202,1,-179314.945176007,350.3162228136498
1202,2,-179178.62234591422,486.6390529064229
1202,3,-179400.66113599367,264.600262826978
1202,4,-179371.16324903784,294.0981497828034
1202,5,-179280.63640153228,384.624997288367
1203,0,-179665.26139882064,0.0
1203,1,-179139.83083799225,525.4305608283903
1203,2,-179323.8040948173,341.4573040033574
1203,3,-179372.62348652963,292.6379122910148
1203,4,-179317.67379008429,347.58760873635765
1203,5,-179321.74494239414,343.51645642649964
1204,0,-179665.26139882064,0.0
1204,1,-179090.15209037875,575.1093084418972
1204,2,-179356.6285907201,308.6328081005486
1204,3,-179348.46765695518,316.7937418654619
1204,4,-179376.2682428871,288.9931559335382
1204,5,-179267.59159480903,397.6698040116171
1205,0,-179665.26139882064,0.0
1205,1,-179064.90748488327,600.3539139373752
1205,2,-179357.55928917034,307.7021096503013
1205,3,-179374.04279990727,291.21859891337226
1205,4,-179347.44459352686,317.81680529378355
1205,5,-179304.31146863426,360.9499301863834
1206,0,-179665.26139882064,0.0
1206,1,-179096.67409151111,568.5873073095281
1206,2,-179241.85533783934,423.4060609813023
1206,3,-179374.0481675533,291.21323126734933
1206,4,-179247.66951429233,417.59188452831586
1206,5,-179320.2063389886,345.0550598320551
1207,0,-179665.26139882064,0.0
1207,1,-179240.62789038583,424.6335084348102
1207,2,-179075.76603144582,589.4953673748241
1207,3,-179344.6181284342,320.64327038644115
1207,4,-179270.6703118898,394.5910869308573
1207,5,-179322.13391108759,343.12748773305793
1208,0,-179665.26139882064,0.0
1208,1,-179200.3143715843,464.94702723633964
1208,2,-179336.79052027786,328.47087854277925
1208,3,-179352.1634541486,313.09794467204483
1208,4,-179310.987229888,354.2741689326358
1208,5,-179314.79820888684,350.4631899337983
1209,0,-179665.26139882064,0.0
1209,1,-179117.797182433,547.464216387656
1209,2,-179264.96693793655,400.2944608840917
1209,3,-179334.9043165755,330.35708224514383
1209,4,-179239.24224172882,426.01915709182504
1209,5,-179374.9945177248,290.26688109585666
1210,0,-179665.26139882064,0.0
1210,1,-179055.6337476361,609.6276511845354
1210,2,-179383.04550597497,282.21589284567744
1210,3,-179289.15907453644,376.1023242842057
1210,4,-179231.0169165062,434.24448231444694
1210,5,-179216.90253608997,448.35886273067445
1211,0,-179665.26139882064,0.0
1211,1,-179295.49405445164,369.76734436900006
1211,2,-179355.6238108459,309.6375879747502
1211,3,-179255.88611001047,409.3752888101735
1211,4,-179254.95841631983,410.3029825008125
1211,5,-179350.90017527263,314.36122354801046
1212,0,-179665.26139882064,0.0
1212,1,-179253.5627029719,411.69869584875414
1212,2,-179366.3160979847,298.94530083594145
1212,3,-179389.24601169632,276.01538712432375
1212,4,-179375.29718247455,289.9642163460958
1212,5,-179309.48724424615,355.7741545744939
1213,0,-179665.26139882064,0.0
1213,1,-179247.7661724808,417.4952263398445
1213,2,-179282.6653708873,382.59602793335216
1213,3,-179346.9591561168,318.30224270385224
1213,4,-179304.62369700923,360.63770181141444
1213,5,-179325.4228625821,339.83853623853065
1214,0,-179665.26139882064,0.0
1214,1,-179243.95868940905,421.3027094115969
1214,2,-179354.19275247154,311.06864634910016
1214,3,-179312.68583538372,352.57556343692704
1214,4,-179297.9748401929,367.28655862773303
1214,5,-179375.9100500412,289.3513487794553
1215,0,-179665.26139882064,0.0
1215,1,-179227.70417804978,437.557220770861
1215,2,-179311.814577238,353.44682158264914
1215,3,-179356.14870575807,309.112693062576
1215,4,-179361.55820895048,303.703189870168
1215,5,-179414.58581102488,250.6755877957621
1216,0,-179665.26139882064,0.0
1216,1,-179199.5324085513,465.7289902693301
1216,2,-179290.8517992805,374.409599540144
1216,3,-179358.48457494174,306.77682387889945
1216,4,-179354.4965867939,310.76481202675495
1216,5,-179420.47231420167,244.78908461896935
1217,0,-179665.26139882064,0.0
1217,1,-179215.99489466677,449.2665041538712
1217,2,-179297.9538202131,367.30757860754966
1217,3,-179329.3635742411,335.8978245795297
1217,4,-179349.63089073994,315.63050808070693
1217,5,-179360.62400701508,304.6373918055615
1218,0,-179665.26139882064,0.0
1218,1,-179263.6622662425,401.5991325781506
1218,2,-179116.3997459488,548.8616528718558
1218,3,-179240.0135162523,425.2478825683356
1218,4,-179325.76595373743,339.4954450832156
1218,5,-179309.41586046468,355.8455383559631
1219,0,-179665.26139882064,0.0
1219,1,-179205.51296202818,459.7484367924626
1219,2,-178903.51552444758,761.7458743730676
1219,3,-179251.9705278186,413.29087100204197
1219,4,-179143.55567957647,521.7057192441716
1219,5,-179295.2305109784,370.03088784223655
1220,0,-179665.26139882064,0.0
1220,1,-179111.52514786064,553.7362509600061
1220,2,-178781.44477944964,883.8166193710058
1220,3,-179286.04548818848,379.2159106321633
1220,4,-178734.51414872988,930.7472500907606
1220,5,-178948.17278680007,717.0886120205687
1221,0,-179665.26139882064,0.0
1221,1,-179336.03640338342,329.2249954372237
1221,2,-179089.39216176845,575.8692370521894
1221,3,-179266.6565315604,398.60486726023373
1221,4,-179067.7285711056,597.5328277150402
1221,5,-179176.15881374665,489.10258507399703
1222,0,-179665.26139882064,0.0
1222,1,-179285.80607023646,379.455328584183
1222,2,-179144.4660067273,520.795392093336
1222,3,-179278.4742596776,386.7871391430381
1222,4,-179106.57865259468,558.682746225968
1222,5,-179104.32058904527,560.9408097753767
1223,0,-179665.26139882064,0.0
1223,1,-179343.3954738745,321.8659249461489
1223,2,-179075.65978190108,589.6016169195645
1223,3,-179300.22023339698,365.0411654236668
1223,4,-179191.57693316884,473.68446565180784
1223,5,-179282.0192618563,383.2421369643416
1224,0,-179665.26139882064,0.0
1224,1,-179326.96235226677,338.2990465538751
1224,2,-179199.4522601321,465.80913868854987
1224,3,-179265.1987066504,400.0626921702351
1224,4,-179221.65668914575,443.6047096748953
1224,5,-179318.36495804568,346.89644077495905
1225,0,-179665.26139882064,0.0
1225,1,-179292.49655776017,372.7648410604743
1225,2,-179171.06580330932,494.1955955113226
1225,3,-179479.1028784306,186.15852039004676
1225,4,-179249.86896720322,415.3924316174234
1225,5,-179379.02727353884,286.2341252818005
1226,0,-179665.26139882064,0.0
1226,1,-179401.22305994938,264.0383388712653
1226,2,-179225.5591664775,439.7022323431447
1226,3,-179481.8701871966,183.39121162405354
1226,4,-179149.0458309775,516.2155678431445
1226,5,-179315.36600736264,349.8953914580052
1227,0,-179665.26139882064,0.0
1227,1,-179430.43755110484,234.8238477158011
1227,2,-179100.43569206947,564.8257067511731
1227,3,-179394.35309294288,270.90830587776145
1227,4,-179132.84434480296,532.4170540176856
1227,5,-179345.4015846959,319.85981412473484
1228,0,-179665.26139882064,0.0
1228,1,-179424.6952140143,240.56618480634643
1228,2,-179024.04487316223,641.2165256584121
1228,3,-179370.87539774604,294.38600107459933
1228,4,-179229.32892975805,435.93246906259446
1228,5,-179084.19573523966,581.0656635809864
1229,0,-179665.26139882064,0.0
1229,1,-179402.2591905436,263.00220827703015
1229,2,-179139.26586475063,525.9955340700108
1229,3,-179332.74378397982,332.5176148408209
1229,4,-179190.58197498997,474.67942383067566
1229,5,-179197.99229455573,467.2691042649094
1230,0,-179665.26139882064,0.0
1230,1,-179411.5638521054,253.69754671523697
1230,2,-179138.41986498667,526.8415338339692
1230,3,-179372.98607734754,292.2753214731056
1230,4,-179214.64212394197,450.6192748786707
1230,5,-179050.5986297666,614.6627690540336
1231,0,-179665.26139882064,0.0
1231,1,-179383.41543768035,281.8459611402941
1231,2,-178975.27371390062,689.9876849200227
1231,3,-179395.297265911,269.9641329096339
1231,4,-179300.03133044732,365.2300683733192
1231,5,-178944.235424182,721.0259746386437
1232,0,-179665.26139882064,0.0
1232,1,-179380.56504499272,284.6963538279233
1232,2,-178874.50123045433,790.7601683663088
1232,3,-179412.1323877241,253.12901109654922
1232,4,-179275.58402388112,389.67737493952154
1232,5,-179043.89177778419,621.3696210364578
1233,0,-179665.26139882064,0.0
1233,1,-179395.59621742257,269.6651813980716
1233,2,-178835.71433267364,829.5470661470026
1233,3,-179409.22604416087,256.0353546597762
1233,4,-179254.11187174183,411.1495270788146
1233,5,-179263.2633764777,401.99802234294475
1234,0,-179665.26139882064,0.0
1234,1,-179381.68202322748,283.57937559316633
1234,2,-179091.80950344008,573.4518953805673
1234,3,-179410.3351631957,254.92623562493827
1234,4,-179248.4660541571,416.7953446635511
1234,5,-179303.47936437873,361.78203444191604
1235,0,-179665.26139882064,0.0
1235,1,-179343.7219359537,321.539462866931
1235,2,-179053.90010253055,611.3612962900952
1235,3,-179387.79724652207,277.46415229857666
1235,4,-179283.25764456167,382.00375425897073
1235,5,-179292.7563094965,372.5050893241423
1236,0,-179665.26139882064,0.0
1236,1,-179352.93348706496,312.32791175568127
1236,2,-179015.203585987,650.0578128336347
1236,3,-179396.658560308,268.6028385126556
1236,4,-179296.7416384495,368.51976037115674
1236,5,-179295.09399526264,370.1674035580072
1237,0,-179665.26139882064,0.0
1237,1,-179083.14045428633,582.120944534312
1237,2,-179170.27468327514,494.98671554549946
1237,3,-179376.14525982222,289.11613899841905
1237,4,-179260.79448561685,404.46691320379614
1237,5,-179250.3577992438,414.90359957684996
1238,0,-179665.26139882064,0.0
1238,1,-178709.38725904288,955.874139777763
1238,2,-179227.5040126115,437.7573862091522
1238,3,-179355.79766151574,309.4637373049045
1238,4,-179266.73163900367,398.5297598169709
1238,5,-179402.57620810875,262.68519071189803
1239,0,-179665.26139882064,0.0
1239,1,-178692.06498203852,973.1964167821279
1239,2,-179308.67903622604,356.5823625946068
1239,3,-179337.22009465625,328.0413041643915
1239,4,-179199.25640449655,466.00499432408833
1239,5,-179398.6228207368,266.6385780838318
1240,0,-179665.26139882064,0.0
1240,1,-178940.13209691178,725.1293019088625
1240,2,-179344.0802853592,321.18111346143996
1240,3,-179238.22436442133,427.0370343993127
1240,4,-179254.37455148526,410.88684733537957
1240,5,-179405.5756356482,259.68576317245606
1241,0,-179665.26139882064,0.0
1241,1,-179150.8972585785,514.3641402421345
1241,2,-179219.36229589453,445.89910292610875
1241,3,-179327.34327847196,337.91812034868053
1241,4,-179208.4143878019,456.84701101874816
1241,5,-179372.89513622056,292.3662626000878
1242,0,-179665.26139882064,0.0
1242,1,-178955.0674760935,710.1939227271359
1242,2,-179082.14002206302,583.1213767576264
1242,3,-179365.749349092,299.51204972865526
1242,4,-179273.3393093559,391.92208946472965
1242,5,-179382.81023217773,282.4511666429171
1243,0,-179665.26139882064,0.0
1243,1,-179029.9636121486,635.2977866720466
1243,2,-179063.34006686945,601.921331951191
1243,3,-179330.02064486005,335.240753960592
1243,4,-179241.81701136107,423.4443874595745
1243,5,-179359.61158905007,305.6498097705771
1244,0,-179665.26139882064,0.0
1244,1,-178468.8998588539,1196.361539966747
1244,2,-179151.7908027758,513.4705960448482
1244,3,-179286.46572496873,378.7956738519133
1244,4,-179195.9669920616,469.2944067590288
1244,5,-179094.75447222646,570.5069265941856
1245,0,-179665.26139882064,0.0
1245,1,-178634.66444939224,1030.5969494284072
1245,2,-179321.03597708314,344.22542173750116
1245,3,-179288.84936081973,376.4120380009117
1245,4,-178999.61131056648,665.6500882541586
1245,5,-179358.75008846473,306.5113103559124
1246,0,-179665.26139882064,0.0
1246,1,-178965.05380379962,700.2075950210274
1246,2,-179320.18513772142,345.0762610992242
1246,3,-179348.03023419285,317.2311646277958
1246,4,-178870.50913374987,794.7522650707688
1246,5,-179372.88238790297,292.3790109176771
1247,0,-179665.26139882064,0.0
1247,1,-179089.0638800931,576.1975187275384
1247,2,-179326.06761902905,339.1937797915889
1247,3,-179299.56875756942,365.6926412512257
1247,4,-178576.88191267583,1088.3794861448114
1247,5,-179343.69560431098,321.5657945096609
1248,0,-179665.26139882064,0.0
1248,1,-179195.20552258127,470.05587623937754
1248,2,-179369.8702519514,295.39114686925313
1248,3,-179076.06486848934,589.1965303313045
1248,4,-179227.4383579567,437.8230408639356
1248,5,-179352.94605042486,312.3153483957867
1249,0,-179665.26139882064,0.0
1249,1,-179180.87300015602,484.38839866462513
1249,2,-179376.46486904423,288.7965297764167
1249,3,-179246.94026840886,418.3211304117867
1249,4,-179286.51240018773,378.7489986329165
1249,5,-179375.557232983,289.7041658376402
1250,0,-179665.26139882064,0.0
1250,1,-179079.1129660649,586.1484327557555
1250,2,-179406.19291591656,259.0684829040838
1250,3,-179395.03447937215,270.22691944849794
1250,4,-179091.39766888792,573.8637299327238
1250,5,-179405.576227116,259.685171704652
1251,0,-179665.26139882064,0.0
1251,1,-179037.3573066059,627.9040922147396
1251,2,-179425.39376883715,239.8676299834915
1251,3,-179379.62457575745,285.6368230631924
1251,4,-179208.70887390294,456.5525249177008
1251,5,-179420.41007315216,244.85132566848188
1252,0,-179665.26139882064,0.0
1252,1,-179061.59006057322,603.6713382474263
1252,2,-179416.3307464292,248.93065239145653
1252,3,-179350.45018976295,314.8112090576906
1252,4,-179278.13766958448,387.12372923616203
1252,5,-179388.7052531971,276.55614562353
1253,0,-179665.26139882064,0.0
1253,1,-179011.93955584787,653.3218429727713
1253,2,-179427.72692836745,237.534470453189
1253,3,-179334.45722559348,330.80417322716676
1253,4,-179294.62702788896,370.63437093168614
1253,5,-179362.29598259533,302.9654162253137
1254,0,-179665.26139882064,0.0
1254,1,-178910.5045891575,754.7568096631439
1254,2,-179436.06550635753,229.19589246311807
1254,3,-179424.30037187823,240.96102694241563
1254,4,-179280.6571217923,384.60427702835295
1254,5,-179405.38228173868,259.87911708196043
1255,0,-179665.26139882064,0.0
1255,1,-178952.70212868167,712.5592701389687
1255,2,-179433.6131319391,231.6482668815297
1255,3,-179342.51725719674,322.74414162390167
1255,4,-179289.70079572493,375.5606030957133
1255,5,-179382.26411320284,282.9972856178065
1256,0,-179665.26139882064,0.0
1256,1,-179017.52418222808,647.7372165925626
1256,2,-179434.05880430137,231.20259451927268
1256,3,-179288.9760883534,376.28531046723947
1256,4,-179198.4403455259,466.821053294756
1256,5,-179403.38572792383,261.875670896814
1257,0,-179665.26139882064,0.0
1257,1,-178908.25716644336,757.0042323772795
1257,2,-179428.50677021,236.7546286106517
1257,3,-179293.80395996236,371.45743885828415
1257,4,-179196.5733345433,468.6880642773467
1257,5,-179359.29262471333,305.96877410731395
1258,0,-179665.26139882064,0.0
1258,1,-178938.04419699172,727.2172018289275
1258,2,-179456.56460705123,208.6967917694128
1258,3,-179007.8848913712,657.3765074494295
1258,4,-179245.70923425126,419.5521645693807
1258,5,-179338.81687001153,326.4445288091083
1259,0,-179665.26139882064,0.0
1259,1,-179010.76385920952,654.4975396111258
1259,2,-179457.08921176897,208.1721870516776
1259,3,-179179.95213740552,485.30926141512464
1259,4,-179319.56295494852,345.6984438721265
1259,5,-179402.274317287,262.98708153364714
1260,0,-179665.26139882064,0.0
1260,1,-179103.09213978666,562.1692590339808
1260,2,-179453.89671414063,211.36468468001112
1260,3,-179370.4793242928,294.7820745278441
1260,4,-179311.54654092426,353.71485789638245
1260,5,-179397.9246991175,267.3366997031553
1261,0,-179665.26139882064,0.0
1261,1,-179049.3219108924,615.9394879282336
1261,2,-179430.10588109295,235.15551772768958
1261,3,-179299.82002115014,365.44137767050415
1261,4,-179355.24605991293,310.0153389077168
1261,5,-179383.61390763335,281.6474911872938
1262,0,-179665.26139882064,0.0
1262,1,-179033.3773421992,631.8840566214349
1262,2,-179423.45259709383,241.80880172681645
1262,3,-179253.683422766,411.5779760546575
1262,4,-179344.1459413049,321.11545751575613
1262,5,-179321.55558083698,343.7058179836604
1263,0,-179665.26139882064,0.0
1263,1,-178896.78876799022,768.4726308304234
1263,2,-179424.26380185896,240.99759696167894
1263,3,-179294.99283438348,370.2685644371668
1263,4,-179268.53441010558,396.72698871506145
1263,5,-179386.25414980826,279.0072490123857
1264,0,-179665.26139882064,0.0
1264,1,-179125.93753325572,539.3238655649184
1264,2,-179405.16044688763,260.10095193301095
1264,3,-179222.1300805377,443.1313182829472
1264,4,-179330.11709771864,335.1443011020019
1264,5,-179345.64140084284,319.619997977803
1265,0,-179665.26139882064,0.0
1265,1,-179169.89211912057,495.36927970006946
1265,2,-179400.67520424104,264.58619457960594
1265,3,-179262.42068245314,402.84071636750014
1265,4,-179313.0063137849,352.2550850357511
1265,5,-179372.44908925376,292.81230956688523
1266,0,-179665.26139882064,0.0
1266,1,-179191.21835858113,474.0430402395141
1266,2,-179432.3412020366,232.92019678404904
1266,3,-179355.78102301466,309.4803758059861
1266,4,-179294.7979928524,370.463405968243
1266,5,-179295.48561211655,369.77578670409275
1267,0,-179665.26139882064,0.0
1267,1,-179030.54897351548,634.7124253051588
1267,2,-179344.13270171845,321.1286971021909
1267,3,-179361.88391268076,303.37748613988515
1267,4,-179301.16226216688,364.0991366537637
1267,5,-179337.59306025784,327.66833856279845
1268,0,-179665.26139882064,0.0
1268,1,-178725.43775314055,939.8236456800951
1268,2,-179349.7792315279,315.48216729273554
1268,3,-179355.72697844895,309.5344203716959
1268,4,-179241.8883566892,423.373042131454
1268,5,-179393.85868243745,271.40271638319246
1269,0,-179665.26139882064,0.0
1269,1,-178975.862940355,689.3984584656428
1269,2,-179387.89658068467,277.36481813597493
1269,3,-179324.602254688,340.6591441326309
1269,4,-179285.51760448364,379.7437943370023
1269,5,-179405.39871863407,259.86268018657574
1270,0,-179665.26139882064,0.0
1270,1,-178951.20689264283,714.0545061778103
1270,2,-179374.81616929654,290.44522952410625
1270,3,-179288.04780987365,377.2135889469937
1270,4,-179320.56686712237,344.69453169827466
1270,5,-179353.78100620364,311.48039261699887
1271,0,-179665.26139882064,0.0
1271,1,-179025.80141772208,639.4599810985674
1271,2,-179412.3062399011,252.95515891953255
1271,3,-179210.81537036857,454.44602845207555
1271,4,-179309.55113554155,355.71026327909203
1271,5,-179367.69544217817,297.5659566424729
1272,0,-179665.26139882064,0.0
1272,1,-179094.61504706935,570.6463517512893
1272,2,-179416.00170437223,249.2596944484103
1272,3,-179232.2059145833,433.0554842373531
1272,4,-179315.95345683087,349.30794198976946
1272,5,-179355.26926727584,309.99213154480094
1273,0,-179665.26139882064,0.0
1273,1,-179122.16482764782,543.0965711728204
1273,2,-179411.23687262303,254.0245261976088
1273,3,-179232.79346389612,432.46793492452707
1273,4,-179292.30831632033,372.95308250031667
1273,5,-179371.689721201,293.57167761964956
1274,0,-179665.26139882064,0.0
1274,1,-179112.20389714127,553.0575016793737
1274,2,-179369.35672505244,295.90467376820743
1274,3,-179308.37377934242,356.8876194782206
1274,4,-179221.22475979466,444.0366390259878
1274,5,-179401.2778292569,263.9835695637448
1275,0,-179665.26139882064,0.0
1275,1,-179114.05890137778,551.2024974428641
1275,2,-179427.07035402115,238.19104479948874
1275,3,-179264.6026845548,400.65871426585363
1275,4,-179274.5766812399,390.6847175807343
1275,5,-179390.83922654847,274.4221722721704
1276,0,-179665.26139882064,0.0
1276,1,-178946.12689961298,719.1344992076629
1276,2,-179390.81065158834,274.4507472323021
1276,3,-179363.44587735887,301.81552146177273
1276,4,-179173.0903922324,492.1710065882362
1276,5,-179328.16663328384,337.09476553680724
1277,0,-179665.26139882064,0.0
1277,1,-178750.0725674701,915.1888313505333
1277,2,-179393.87149322164,271.3899055990041
1277,3,-179350.90883750864,314.35256131200003
1277,4,-179095.34490917195,569.9164896486909
1277,5,-179411.37982024922,253.88157857142505
1278,0,-179665.26139882064,0.0
1278,1,-177923.31703365932,1741.9443651613255
1278,2,-179425.71820661507,239.54319220557227
1278,3,-179264.29769650823,400.9637023124087
1278,4,-179178.97942340327,486.2819754173688
1278,5,-179380.39451383046,284.8668849901878
1279,0,-179665.26139882064,0.0
1279,1,-178491.3948814158,1173.866517404851
1279,2,-179387.99396427558,277.26743454506504
1279,3,-179361.21223354604,304.04916527459864
1279,4,-179081.9185471724,583.3428516482527
1279,5,-179423.08829517686,242.173103643785
1280,0,-179665.26139882064,0.0
1280,1,-178515.03354977907,1150.2278490415774
1280,2,-179366.0905082226,299.170890598034
1280,3,-179385.34458719796,279.91681162267923
1280,4,-178985.01081865272,680.2505801679217
1280,5,-179371.3022072535,293.9591915671481
1281,0,-179665.26139882064,0.0
1281,1,-178836.79601560053,828.4653832201147
1281,2,-179390.8213051162,274.4400937044411
1281,3,-179383.80032658158,281.4610722390644
1281,4,-179140.86034961857,524.4010492020752
1281,5,-179376.03203670128,289.2293621193676
1282,0,-179665.26139882064,0.0
1282,1,-179202.2976285651,462.96377025553375
1282,2,-179390.10137067377,275.1600281468709
1282,3,-179340.32926414252,324.93213467812166
1282,4,-179159.40535215585,505.8560466647905
1282,5,-179394.89150260072,270.3698962199269
1283,0,-179665.26139882064,0.0
1283,1,-179173.48904682498,491.7723519956635
1283,2,-179448.7576226186,216.50377620203653
1283,3,-179300.61475360126,364.6466452193854
1283,4,-179164.10007557436,501.16132324628416
1283,5,-179404.16103312594,261.1003656946996
1284,0,-179665.26139882064,0.0
1284,1,-179118.58160994158,546.6797888790607
1284,2,-179476.94814119133,188.31325762931374
1284,3,-179392.85995212605,272.4014466945955
1284,4,-179213.60763063453,451.6537681861082
1284,5,-179381.09027045206,284.17112836858723
1285,0,-179665.26139882064,0.0
1285,1,-179058.9661214725,606.2952773481375
1285,2,-179326.70612321992,338.5552756007237
1285,3,-179391.95425195285,273.3071468677954
1285,4,-179289.0425748639,376.2188239567331
1285,5,-179381.77356624755,283.48783257309697
1286,0,-179665.26139882064,0.0
1286,1,-179115.67920215748,549.5821966631629
1286,2,-179284.9070023957,380.35439642495476
1286,3,-179408.79519790318,256.46620091746445
1286,4,-179114.32638901664,550.9350098040013
1286,5,-179386.34359162577,278.91780719486997
1287,0,-179665.26139882064,0.0
1287,1,-179203.3113441765,461.95005464414135
1287,2,-179282.12777769266,383.13362112798495
1287,3,-179389.1913903554,276.0700084652344
1287,4,-179252.90163087592,412.3597679447266
1287,5,-179307.5803635695,357.68103525115293
1288,0,-179665.26139882064,0.0
1288,1,-179197.5746262103,467.6867726103519
1288,2,-179350.70192776894,314.55947105170344
1288,3,-179374.71998366632,290.54141515432275
1288,4,-179304.19901331794,361.0623855027079
1288,5,-179312.4503080912,352.8110907294322
1289,0,-179665.26139882064,0.0
1289,1,-179318.24046952286,347.02092929778155
1289,2,-179294.52013158624,370.74126723440713
1289,3,-179390.1555782967,275.1058205239533
1289,4,-179193.87758046447,471.38381835617474
1289,5,-179327.49618436972,337.7652144509193
1290,0,-179665.26139882064,0.0
1290,1,-179303.82956223583,361.43183658481576
1290,2,-179347.83089051337,317.4305083072686
1290,3,-179389.31088249668,275.95051632396644
1290,4,-179240.37594182263,424.8854569980176
1290,5,-179371.4266082042,293.83479061644175
1291,0,-179665.26139882064,0.0
1291,1,-179122.08787614817,543.1735226724704
1291,2,-179364.14043787366,301.12096094698063
1291,3,-179439.28086636655,225.98053245409392
1291,4,-179262.61409326145,402.6473055591923
1291,5,-179363.31858226116,301.94281655948726
1292,0,-179665.26139882064,0.0
1292,1,-178974.76483381176,690.4965650088852
1292,2,-179420.68625842084,244.57514039980015
1292,3,-179340.735270036,324.52612878463697
1292,4,-179217.7556745858,447.50572423485573
1292,5,-179329.52205081278,335.7393480078608
1293,0,-179665.26139882064,0.0
1293,1,-178912.65579050768,752.6056083129661
1293,2,-179364.2903345313,300.9710642893333
1293,3,-179411.8386979471,253.422700873547
1293,4,-179136.31301202413,528.9483867965173
1293,5,-179390.3017295489,274.95966927174595
1294,0,-179665.26139882064,0.0
1294,1,-179266.16307320126,399.09832561938674
1294,2,-179377.5064095652,287.75498925545253
1294,3,-179429.6496679357,235.61173088493524
1294,4,-179287.6824248408,377.5789739798347
1294,5,-179397.47008104064,267.7913177800074
1295,0,-179665.26139882064,0.0
1295,1,-179316.59371409856,348.6676847220806
1295,2,-179391.72985584635,273.53154297429137
1295,3,-179387.75631874552,277.5050800751196
1295,4,-179253.24860536517,412.01279345547664
1295,5,-179268.8186867687,396.44271205193945
1296,0,-179665.26139882064,0.0
1296,1,-179351.64109739885,313.6203014217899
1296,2,-179300.17727152063,365.08412730001146
1296,3,-179345.71705927743,319.5443395432085
1296,4,-179258.99849480376,406.2629040168831
1296,5,-179289.25433378687,376.00706503377296
1297,0,-179665.26139882064,0.0
1297,1,-179368.02589434982,297.2355044708238
1297,2,-179335.20703426446,330.05436455618474
1297,3,-179327.8564677658,337.4049310548289
1297,4,-179386.963736759,278.29766206163913
1297,5,-179416.3467894295,248.91460939115495
1298,0,-179665.26139882064,0.0
1298,1,-179396.3881013624,268.87329745825264
1298,2,-179317.08573871278,348.17566010786686
1298,3,-179369.45228445187,295.80911436877795
1298,4,-179363.57705168863,301.68434713201714
1298,5,-179364.65647933588,300.6049194847583
1299,0,-179665.26139882064,0.0
1299,1,-179383.83604676163,281.4253520590137
1299,2,-179262.88341225815,402.3779865624965
1299,3,-179365.3461181293,299.915280691348
1299,4,-179376.0712553432,289.1901434774336
1299,5,-179360.80162801137,304.45977080927696
1300,0,-179665.26139882064,0.0
1300,1,-179395.91919644852,269.3422023721214
1300,2,-179230.33004982406,434.93134899658617
1300,3,-179350.56578217974,314.69561664090725
1300,4,-179392.49516067468,272.7662381459668
1300,5,-179397.56173907002,267.69965975062223
1301,0,-179665.26139882064,0.0
1301,1,-179353.44492110726,311.81647771337884
1301,2,-178811.27275374412,853.9886450765189
1301,3,-179411.0684835569,254.19291526373127
1301,4,-179233.89057692126,431.3708218993852
1301,5,-179379.64731241387,285.6140864067711
1302,0,-179665.26139882064,0.0
1302,1,-179358.39131660952,306.87008221112774
1302,2,-178864.9465265406,800.3148722800543
1302,3,-179416.67759025237,248.58380856827716
1302,4,-179165.92802426135,499.3333745592972
1302,5,-179388.46795177762,276.7934470430191
1303,0,-179665.26139882064,0.0
1303,1,-179375.6951356237,289.5662631969317
1303,2,-179193.78865125673,471.47274756390834
1303,3,-179409.89603223078,255.36536658986006
1303,4,-179300.18334142645,365.07805739418836
1303,5,-179309.72706798973,355.5343308309093
1304,0,-179665.26139882064,0.0
1304,1,-179378.99252227574,286.2688765448984
1304,2,-178851.76925739888,813.4921414217679
1304,3,-179424.44149916453,240.81989965611137
1304,4,-179219.23273402549,446.02866479515797
1304,5,-179421.70915688956,243.55224193108734
1305,0,-179665.26139882064,0.0
1305,1,-179384.33563379192,280.92576502871816
1305,2,-179029.94692124735,635.3144775732944
1305,3,-179365.97508316033,299.28631566031254
1305,4,-179131.5267383059,533.7346605147468
1305,5,-179443.9894636312,221.27193518943386
1306,0,-179665.26139882064,0.0
1306,1,-179393.85469873378,271.4067000868672
1306,2,-179167.78517200207,497.4762268185732
1306,3,-179347.59377799096,317.6676208296849
1306,4,-179088.2432374606,577.0181613600289
1306,5,-179422.58950421843,242.67189460221562
1307,0,-179665.26139882064,0.0
1307,1,-179372.741285221,292.52011359963217
1307,2,-179231.13705303214,434.12434578849934
1307,3,-179355.98854973586,309.2728490847803
1307,4,-179164.1720407685,501.0893580521515
1307,5,-179413.99939023514,251.26200858550146
1308,0,-179665.26139882064,0.0
1308,1,-179213.51633770135,451.74506111929077
1308,2,-179110.42225640977,554.8391424108704
1308,3,-179388.8655422291,276.39585659155273
1308,4,-179214.01488459867,451.2465142219735
1308,5,-179396.95283752258,268.3085612980649
1309,0,-179665.26139882064,0.0
1309,1,-179317.57292186716,347.68847695348086
1309,2,-179042.61687618375,622.644522636896
1309,3,-179341.7234831143,323.5379157063435
1309,4,-179234.8033677043,430.4580311163445
1309,5,-179318.9742028182,346.28719600243494
1310,0,-179665.26139882064,0.0
1310,1,-179373.90777513196,291.35362368868664
1310,2,-179165.0788785346,500.18252028603456
1310,3,-179392.42482993624,272.836568884406
1310,4,-179395.53819827823,269.7232005424157
1310,5,-179319.53621387595,345.72518494469114
1311,0,-179665.26139882064,0.0
1311,1,-179339.46435922227,325.79703959837207
1311,2,-178860.8913743863,804.370024434349
1311,3,-179401.09794302646,264.16345579418703
1311,4,-179390.5783311502,274.68306767044123
1311,5,-179303.60229933567,361.65909948496846
1312,0,-179665.26139882064,0.0
1312,1,-179264.83246701004,400.4289318106021
1312,2,-179008.12517581653,657.1362230041123
1312,3,-179435.66325480433,229.59814401631593
1312,4,-179403.04737156065,262.2140272599936
1312,5,-179363.45021523008,301.81118359055836
1313,0,-179665.26139882064,0.0
1313,1,-179205.41402453367,459.84737428696826
1313,2,-179091.8299148618,573.4314839588478
1313,3,-179346.53567864868,318.72572017196217
1313,4,-179384.88336794203,280.3780308786081
1313,5,-179376.37361568882,288.8877831318241
1314,0,-179665.26139882064,0.0
1314,1,-179231.77337789908,433.48802092156257
1314,2,-179196.72086000137,468.54053881927393
1314,3,-179401.6377773774,263.62362144325743
1314,4,-179373.6176063986,291.6437924220518
1314,5,-179355.7115923589,309.5498064617568
1315,0,-179665.26139882064,0.0
1315,1,-179260.61588376315,404.64551505749114
1315,2,-179101.76103364152,563.5003651791194
1315,3,-179136.0755880615,529.1858107591397
1315,4,-179346.2182782783,319.0431205423374
1315,5,-179401.86400929088,263.3973895297677
1316,0,-179665.26139882064,0.0
1316,1,-179222.63870906283,442.62268975781626
1316,2,-179172.80771431973,492.45368450091337
1316,3,-179370.75741412025,294.50398470039363
1316,4,-179253.59757132403,411.6638274966099
1316,5,-179397.2051013238,268.0562974968343
1317,0,-179665.26139882064,0.0
1317,1,-179138.40263047078,526.8587683498627
1317,2,-179125.7750636724,539.486335148249
1317,3,-179352.74527081897,312.5161280016764
1317,4,-179229.60464410434,435.6567547162995
1317,5,-179335.71817524906,329.54322357158526
1318,0,-179665.26139882064,0.0
1318,1,-179197.98822274964,467.2731760710012
1318,2,-179235.3206096538,429.94078916683793
1318,3,-179399.74736989476,265.5140289258852
1318,4,-179105.6111409368,559.6502578838554
1318,5,-179413.64131725678,251.62008156385855
1319,0,-179665.26139882064,0.0
1319,1,-179143.6009743816,521.6604244390328
1319,2,-179269.70808300882,395.55331581181963
1319,3,-179399.22946822213,266.03193059851765
1319,4,-179139.77889401861,525.4825048020284
1319,5,-179405.8411315129,259.4202673077525
1320,0,-179665.26139882064,0.0
1320,1,-179212.9822438227,452.27915499793016
1320,2,-179245.07224687643,420.18915194421425
1320,3,-179389.08153816735,276.1798606532975
1320,4,-178922.08776334053,743.1736354801105
1320,5,-179394.06575030996,271.19564851067844
1321,0,-179665.26139882064,0.0
1321,1,-179206.38420925706,458.8771895635873
1321,2,-179156.6974027848,508.5639960358385
1321,3,-179383.32689476784,281.93450405279873
1321,4,-178636.97206029415,1028.2893385264906
1321,5,-179322.89346810736,342.3679307132843
1322,0,-179665.26139882064,0.0
1322,1,-179148.98637816522,516.2750206554192
1322,2,-179082.2599211294,583.0014776912576
1322,3,-179404.67392574262,260.5874730780197
1322,4,-179292.41706855386,372.84433026678744
1322,5,-179274.0408845047,391.2205143159372
1323,0,-179665.26139882064,0.0
1323,1,-179067.31056039964,597.9508384210058
1323,2,-178930.79955219143,734.4618466292159
1323,3,-179408.02199086378,257.2394079568621
1323,4,-179233.60159568337,431.6598031372705
1323,5,-179254.66227701955,410.5991218010895
1324,0,-179665.26139882064,0.0
1324,1,-179014.19040721116,651.0709916094784
1324,2,-179238.36706735924,426.8943314614007
1324,3,-179350.8180277405,314.44337108015316
1324,4,-179255.21805628217,410.043342538469
1324,5,-179334.1328494326,331.12854938805685
1325,0,-179665.26139882064,0.0
1325,1,-179184.40796721078,480.8534316098667
1325,2,-179218.08865535838,447.17274346225895
1325,3,-179364.6140418912,300.64735692943214
1325,4,-179354.52911270276,310.73228611788363
1325,5,-179343.34282987716,321.91856894348166
1326,0,-179665.26139882064,0.0
1326,1,-179019.76802445776,645.493374362879
1326,2,-179018.28340758022,646.9779912404192
1326,3,-179310.83480675213,354.42659206851386
1326,4,-179306.58918642136,358.6722123992804
1326,5,-179387.13792535334,278.1234734673053
1327,0,-179665.26139882064,0.0
1327,1,-179149.62561848635,515.635780334298
1327,2,-179077.2464419623,588.0149568583292
1327,3,-179364.1367093162,301.124689504446
1327,4,-179396.2877781503,268.97362067035283
1327,5,-179376.9655733853,288.29582543534343
1328,0,-179665.26139882064,0.0
1328,1,-179136.95172616394,528.3096726567019
1328,2,-179076.07723575993,589.1841630607087
1328,3,-179397.78907045512,267.4723283655185
1328,4,-179369.69222579314,295.56917302749935
1328,5,-179350.42331685947,314.8380819611775
1329,0,-179665.26139882064,0.0
1329,1,-179298.25979269244,367.00160612820764
1329,2,-179008.00076190243,657.2606369182176
1329,3,-179325.56089926884,339.7004995518073
1329,4,-179326.98912758962,338.27227123102057
1329,5,-179237.65492713955,427.60647168109426
1330,0,-179665.26139882064,0.0
1330,1,-179271.69343611092,393.567962709727
1330,2,-179223.08950000035,442.171898820292
1330,3,-179403.3677452463,261.89365357434144
1330,4,-179251.74191202695,413.51948679369525
1330,5,-179343.81574740008,321.4456514205667
1331,0,-179665.26139882064,0.0
1331,1,-179339.05908482536,326.20231399527984
1331,2,-179302.41350021568,362.8478986049595
1331,3,-179441.3419853685,223.9194134521531
1331,4,-179013.46443153278,651.796967287868
1331,5,-179421.78503874523,243.4763600754086
1332,0,-179665.26139882064,0.0
1332,1,-179349.4635788738,315.79781994683435
1332,2,-179353.82886706755,311.4325317530893
1332,3,-179387.5634543985,277.69794442213606
1332,4,-179271.57310963786,393.6882891827845
1332,5,-179383.90269170245,281.35870711819734
1333,0,-179665.26139882064,0.0
1333,1,-179368.63496226276,296.6264365578827
1333,2,-179339.8492500833,325.4121487373486
1333,3,-179354.12156337633,311.1398354443081
1333,4,-179396.9960411498,268.2653576708399
1333,5,-179384.15167842183,281.10972039881744
1334,0,-179665.26139882064,0.0
1334,1,-179199.57000054017,465.691398280469
1334,2,-179376.83140024357,288.42999857707764
1334,3,-179337.70894971612,327.55244910452166
1334,4,-179364.14834051832,301.1130583023187
1334,5,-179388.7040095756,276.5573892450484
1335,0,-179665.26139882064,0.0
1335,1,-179015.48360415018,649.7777946704591
1335,2,-179397.03321360506,268.22818521558656
1335,3,-179368.68312413353,296.57827468711184
1335,4,-179336.22841593687,329.0329828837712
1335,5,-179417.49675326198,247.7646455586655
1336,0,-179665.26139882064,0.0
1336,1,-178830.9271847072,834.334214113449
1336,2,-179352.40635604673,312.8550427739101
1336,3,-179350.26886644735,314.9925323732896
1336,4,-179316.74277967858,348.5186191420653
1336,5,-179416.68344708913,248.57795173150953
1337,0,-179665.26139882064,0.0
1337,1,-178705.89345446863,959.3679443520086
1337,2,-179310.53397861903,354.7274202016124
1337,3,-179338.92271933216,326.3386794884864
1337,4,-179339.1351267269,326.1262720937375
1337,5,-179414.41463952456,250.84675929608056
1338,0,-179665.26139882064,0.0
1338,1,-178828.97399059834,836.2874082222988
1338,2,-179281.32627181697,383.93512700367137
1338,3,-179320.0321782196,345.22922060103156
1338,4,-179359.19461365836,306.06678516228567
1338,5,-179380.91647062943,284.34492819121806
