optimizer_iteration,image_index,energy_eV,relative_energy_eV,true_force_fmax_eV_A,neb_force_fmax_eV_A,neb_residual_eV_A,is_endpoint
0,0,-265.8738272548451,0.0,2.3495349175970333,,,True
0,1,-265.8176317419775,0.05619551286758906,2.326360272125792,2.348220785509804,2.0269823135684826,False
0,2,-265.54116683511586,0.33266041972922267,2.3425811086771184,2.337881643436199,2.0264018756846918,False
0,3,-265.15770009092944,0.7161271639156439,2.4982981718155264,2.4794994813885354,2.2627953664521034,False
0,4,-264.8863280174197,0.9874992374253679,2.8537135431173226,2.816141320765049,2.6017305048965693,False
0,5,-264.80983654401587,1.0639907108292164,2.841082520195196,2.8498834904720325,2.606768969092008,False
0,6,-265.0315440730452,0.8422831817998713,2.476341868407041,2.3805824946459193,2.220210534942419,False
0,7,-265.3709174608347,0.5029097940104066,2.2605169555611964,2.259247091795463,2.100240493807549,False
0,8,-265.5728555663028,0.3009716885422904,2.338838775114788,2.2254670901442934,2.0262750970167627,False
0,9,-265.56471245681064,0.3091147980344431,2.2252591137838227,,,True
1,0,-265.8738272548451,0.0,2.3495349175970333,,,True
1,1,-266.6086617754065,-0.7348345205614351,2.257150667758277,2.662310842231502,1.9046088803017833,False
1,2,-266.35228602789664,-0.4784587730515568,2.242267372616608,2.2612735913413866,1.950771005353567,False
1,3,-265.99558709123164,-0.12175983638655907,2.3061116457919546,2.2943391809251255,2.092708565282767,False
1,4,-265.7442805488809,0.12954670596417373,2.6211485585207965,2.5848212629864538,2.395112273512655,False
1,5,-265.67461160468235,0.1992156501627278,2.610826563627134,2.619989473556085,2.4100099642758224,False
1,6,-265.8659446706679,0.007882584177195895,2.2893762065274665,2.2093343285485205,2.061826140076439,False
1,7,-266.18847138166757,-0.3146441268224862,2.1642522037455927,2.1491733658117838,1.950347140423442,False
1,8,-266.3876544368359,-0.5138271819907914,2.2068978813928455,3.1191824963337016,2.2185546889843266,False
1,9,-265.56471245681064,0.3091147980344431,2.2252591137838227,,,True
2,0,-265.8738272548451,0.0,2.3495349175970333,,,True
2,1,-267.3660919271726,-1.492264672327508,2.186069966485267,3.7171713162029727,2.9217514951342665,False
2,2,-267.1349642992501,-1.261137044405018,2.1710076744439806,2.1882334624883577,1.869675928409853,False
2,3,-266.8028173155833,-0.9289900607382151,2.159303250029444,2.17914587361794,1.933435051995476,False
2,4,-266.569617189155,-0.6957899343099143,2.404870751320147,2.369804969053824,2.2045876642617404,False
2,5,-266.5063685620652,-0.6325413072200945,2.3958040401976377,2.4052054840399957,2.2270111230703766,False
2,6,-266.67242194462153,-0.7985946897764507,2.1148248422613496,2.0884416889407698,1.9128493267554996,False
2,7,-266.9795202070834,-1.1056929522383143,2.075791830856116,2.0668195350151413,1.8692365356424665,False
2,8,-267.1663163604237,-1.2924891055786247,2.081400268782891,4.158889631735097,3.4190999389761965,False
2,9,-265.56471245681064,0.3091147980344431,2.2252591137838227,,,True
3,0,-265.8738272548451,0.0,2.3495349175970333,,,True
3,1,-268.06731074275694,-2.1934834879118625,2.115392200860471,4.274315722084767,3.577691234445121,False
3,2,-267.89219761734125,-2.018370362496171,2.096180119648313,2.111774896257348,1.7826328686562916,False
3,3,-267.5826719201649,-1.7088446653198162,2.0857380782909165,2.1037534452770354,1.7836761772892562,False
3,4,-267.365832778244,-1.492005523398916,2.2029730028432417,2.1691953562837285,2.0281674089626667,False
3,5,-267.30871760129685,-1.4348903464517662,2.194504331813787,2.2040884185615806,2.056299011464308,False
3,6,-267.4539972176202,-1.5801699627751304,2.030109906497569,2.046024815997587,1.7821169373184313,False
3,7,-267.74716127331806,-1.873334018472974,1.9963777362047548,1.9787574474259713,1.782162450464311,False
3,8,-267.8881141562193,-2.0142869013741915,1.986048519088343,4.65515730432091,3.9837007016318147,False
3,9,-265.56471245681064,0.3091147980344431,2.2252591137838227,,,True
4,0,-265.8738272548451,0.0,2.3495349175970333,,,True
4,1,-268.69613868242584,-2.8223114275807575,2.047260037209121,4.223158218633346,3.6192749032582974,False
4,2,-268.6255199262703,-2.7516926714251895,2.017260990953364,2.031360220172696,1.689232160842416,False
4,3,-268.3369053901981,-2.4630781353530438,2.008147519673877,2.024506252335413,1.6878387055357729,False
4,4,-268.13485547429593,-2.26102821945085,2.014093449023277,2.0072650829096355,1.864313046297512,False
4,5,-268.08367886588934,-2.2098516110442574,2.01607506357406,2.0156947945879176,1.8967628864676793,False
4,6,-268.2122392157577,-2.3384119609125946,1.9886648551389743,2.010208174216745,1.688657928589653,False
4,7,-268.4930861519638,-2.619258897118698,1.9210379419728052,1.9367655872402425,1.6887166908279432,False
4,8,-268.53838939036183,-2.6645621355167464,1.9052347618612235,4.553777093540895,3.960811168533648,False
4,9,-265.56471245681064,0.3091147980344431,2.2252591137838227,,,True
5,0,-265.8738272548451,0.0,2.3495349175970333,,,True
5,1,-269.24439366497165,-3.370566410126571,1.9834335285216298,3.754590851663654,3.250130900914796,False
5,2,-269.3350121517743,-3.4611848969292396,1.9337081651647294,1.9481632638069855,1.5917484166575167,False
5,3,-269.0657649497472,-3.1919376949020943,1.9259841435408633,1.9408427659500131,1.587811965487184,False
5,4,-268.8770736540909,-3.0032463992458247,1.9100859609021075,1.9242644042254462,1.7118661523652787,False
5,5,-268.83171157908913,-2.9578843242440485,1.9440820488889088,1.9407638457912704,1.7475993138284214,False
5,6,-268.947254905505,-3.073427650659937,1.9450150460997238,1.9665728857179114,1.5885571346762297,False
5,7,-269.2175675865476,-3.34374033170252,1.853043103583289,1.8818489326491716,1.591764822992769,False
5,8,-269.1092290159012,-3.235401761056096,1.8667446834137547,4.058438649504031,3.5571365175088596,False
5,9,-265.56471245681064,0.3091147980344431,2.2252591137838227,,,True
6,0,-265.8738272548451,0.0,2.3495349175970333,,,True
6,1,-269.71337516238424,-3.8395479075391563,1.9248565836438656,3.1556505357960845,2.744615596442155,False
6,2,-270.0196092766122,-4.145782021767104,1.8450499148924973,1.8428155111109605,1.481066490209857,False
6,3,-269.76734607680305,-3.8935188219579686,1.8387921850548095,1.8522954907958014,1.4811654351087606,False
6,4,-269.59068756685076,-3.7168603120056787,1.8238653389682091,1.8364231812026404,1.570117520190108,False
6,5,-269.55106117033415,-3.6772339154890687,1.8637682907139796,1.8605716074643666,1.6083780938310523,False
6,6,-269.6570093726973,-3.7831821178522205,1.8930930574908407,1.914288088855804,1.4818363756729098,False
6,7,-269.92032243830465,-4.0464951834595695,1.8322732989217603,1.8322703504363502,1.481512198790248,False
6,8,-269.60192324839295,-3.7280959935478677,1.8883839610558075,3.417180100917473,3.010147416028337,False
6,9,-265.56471245681064,0.3091147980344431,2.2252591137838227,,,True
7,0,-265.8738272548451,0.0,2.3495349175970333,,,True
7,1,-270.110933509342,-4.237106254496894,1.8717016988993964,2.5191405078397042,2.1972154847053926,False
7,2,-270.67652545165447,-4.802698196809388,1.7509281735109639,1.901049321619507,1.359417966909458,False
7,3,-270.4388025016399,-4.564975246794802,1.7461318034876732,1.758413038391567,1.368155079751011,False
7,4,-270.2729460639317,-4.399118809086644,1.7322176346436127,1.7432883201810252,1.4385189078448535,False
7,5,-270.2390051517326,-4.3651778968875306,1.774823341907132,1.7714413155366302,1.4787433431791108,False
7,6,-270.338519855374,-4.464692600528906,1.8320474000985973,1.8525682081122088,1.3687517127622317,False
7,7,-270.59882579559235,-4.724998540747265,1.804505367864761,2.1633841977372614,1.5814943636562515,False
7,8,-270.02312750971674,-4.149300254871662,1.911098650156282,2.731839499631969,2.4173075688778867,False
7,9,-265.56471245681064,0.3091147980344431,2.2252591137838227,,,True
8,0,-265.8738272548451,0.0,2.3495349175970333,,,True
8,1,-270.44417928842154,-4.570352033576455,1.824152360744001,1.91193007778498,1.6705242268149976,False
8,2,-271.3018698688207,-5.428042613975606,1.6510292296954652,2.1856533395227924,1.622322184562005,False
8,3,-271.077621000163,-5.20379374531791,1.647427448701601,1.6586082884258597,1.256845900050912,False
8,4,-270.92142498830276,-5.047597733457678,1.634561204993271,1.64426964012719,1.316642200945897,False
8,5,-270.8931449177502,-5.0193176629051095,1.6768550204652528,1.6729422515959405,1.358345060052973,False
8,6,-270.9891691317242,-5.1153418768791425,1.761006256417999,1.78056164360159,1.2497185453190125,False
8,7,-271.2497100534124,-5.375882798567318,1.7688302890786114,2.468189968660003,1.9164162269156868,False
8,8,-270.37910501483066,-4.5052777599855744,1.9342263196222826,2.0748590394515567,1.8447793251647182,False
8,9,-265.56471245681064,0.3091147980344431,2.2252591137838227,,,True
9,0,-265.8738272548451,0.0,2.3495349175970333,,,True
9,1,-270.7217647468913,-4.847937492046242,1.7820370182678558,1.3666431306185256,1.1954004110373624,False
9,2,-271.8908403203245,-6.017013065479432,1.5451894866358344,2.3976688647428026,1.8756352143245345,False
9,3,-271.68101384932504,-5.807186594479958,1.542058565268778,1.5522491626647796,1.1464335299758268,False
9,4,-271.5334306825159,-5.659603427670845,1.5302671443027636,1.5387300444701808,1.2039939629294374,False
9,5,-271.5108019038461,-5.63697464900099,1.5693695585034542,1.5645305262463578,1.2466717165761647,False
9,6,-271.6060348989837,-5.732207644138612,1.6791109487638363,1.6973954942940381,1.1667681327860444,False
9,7,-271.86888546403895,-5.995058209193871,1.7245947278269933,2.6957142974982062,2.1662054914869455,False
9,8,-270.67805529517545,-4.804228040330372,1.9568963213419146,1.483349513914704,1.3263696700871732,False
9,9,-265.56471245681064,0.3091147980344431,2.2252591137838227,,,True
10,0,-265.8738272548451,0.0,2.3495349175970333,,,True
10,1,-270.95238872924847,-5.0785614744033865,1.7449828608094329,0.8956944070950281,0.7838754875836216,False
10,2,-272.43863845238354,-6.564811197538461,1.4333960936188532,2.5189320326672306,2.030969982675048,False
10,3,-272.2461318715343,-6.3723046166892345,1.4293501023844009,1.4386494108741712,1.0310491396876482,False
10,4,-272.1062039266152,-6.232376671770112,1.418648612553834,1.4259749071860621,1.1000517426016727,False
10,5,-272.0892223079919,-6.215395053146835,1.451636568167413,1.445433170418915,1.1431101133771482,False
10,6,-272.18611028759585,-6.31228303275077,1.5854430207756585,1.6020985362772315,1.1050181405767816,False
10,7,-272.45239153723,-6.578564282384946,1.6713302459837633,2.838229784717763,2.3291837047077664,False
10,8,-270.92852592385873,-5.054698669013646,1.9780975927856432,0.9725907648911618,0.8757551035658335,False
10,9,-265.56471245681064,0.3091147980344431,2.2252591137838227,,,True
11,0,-265.8738272548451,0.0,2.3495349175970333,,,True
11,1,-271.14413233392844,-5.270305079083357,1.712506676624037,0.5012210870226124,0.43789001391861015,False
11,2,-272.94113199504403,-7.067304740198949,1.3158072853489995,2.5426897923255187,2.0882084853274954,False
11,3,-272.7701694582699,-6.896342203424808,1.3085879617777285,1.3170843315175453,0.9354331999198248,False
11,4,-272.63701494538617,-6.763187690541088,1.2989739871721577,1.3052654487499016,1.004283221502128,False
11,5,-272.6256698538844,-6.751842599039321,1.322549686529312,1.3145340598334347,1.0470221322677014,False
11,6,-272.72640363425677,-6.852576379411687,1.4788873913353668,1.4934636056422477,1.0311688574823688,False
11,7,-272.99692109970033,-7.123093844855248,1.6085856608244777,2.8925077314301797,2.405801115198338,False
11,8,-271.13864070414775,-5.264813449302665,1.9967549892579803,0.7112182637829761,0.6132092639290488,False
11,9,-265.56471245681064,0.3091147980344431,2.2252591137838227,,,True
12,0,-265.8738272548451,0.0,2.3495349175970333,,,True
12,1,-271.3041577586868,-5.430330503841731,1.6840807910916176,0.376396262233241,0.2976824392389673,False
12,2,-273.39537524926106,-7.521547994415982,1.1927890626749311,2.4719459471263674,2.0533594550101957,False
12,3,-273.25047031461656,-7.376643059771482,1.1790631540788974,1.1868350008149653,0.9047082862852314,False
12,4,-273.1232572915104,-7.249430036665331,1.170506742705724,1.1758589273559432,0.9161639496187968,False
12,5,-273.1175129953855,-7.2436857405404,1.1805283814538552,1.1702943183546,0.9578278108715992,False
12,6,-273.22402594838235,-7.350198693537266,1.35793979895578,1.369855115017622,0.9435635049080688,False
12,7,-273.5001303716193,-7.626303116774238,1.5356054888439812,2.85954789709069,2.3991443107732064,False
12,8,-271.31571150710334,-5.441884252258262,2.011814017906958,0.6170822778149397,0.5378963251747315,False
12,9,-265.56471245681064,0.3091147980344431,2.2252591137838227,,,True
13,0,-265.8738272548451,0.0,2.3495349175970333,,,True
13,1,-271.4386298094338,-5.564802554588709,1.6591777360291817,0.28218547440038855,0.22384310718884728,False
13,2,-273.8000082591192,-7.926181004274099,1.064974768925341,2.3175934607996074,1.9380119793491946,False
13,3,-273.6846911912479,-7.810863936402825,1.0401673560251756,1.0472833900025642,0.8714839480944246,False
13,4,-273.5625989661011,-7.688771711256038,1.0325932110308635,1.0370966235390824,0.8709693233259606,False
13,5,-273.56236290950324,-7.688535654658153,1.0235494189263268,1.014240846900637,0.8750682048725315,False
13,6,-273.676315807566,-7.802488552720945,1.2205204285432063,1.2290224048667946,0.8706029868113998,False
13,7,-273.9607532306614,-8.086925975816314,1.4664260189930594,2.743713963565471,2.314593175127345,False
13,8,-271.46609799667726,-5.592270741832181,2.0223374891409445,0.526147750792379,0.4618465088206157,False
13,9,-265.56471245681064,0.3091147980344431,2.2252591137838227,,,True
14,0,-265.8738272548451,0.0,2.3495349175970333,,,True
14,1,-271.55275978231043,-5.678932527465349,1.6372984455483313,0.29539124991968757,0.24370872537000546,False
14,2,-274.1555320938163,-8.281704838971223,0.9333604914745245,2.0966621081003107,1.7583068623880465,False
14,3,-274.0710772810419,-8.197250026196798,0.9161991492649113,0.9166930591560714,0.8352757679615596,False
14,4,-273.9532470934047,-8.079419838559602,0.9161962092752878,0.9163840203232569,0.834760249156279,False
14,5,-273.95831799666905,-8.08449074182397,0.9182972427082081,0.917441549989123,0.8342904773238099,False
14,6,-274.08104934796296,-8.207222093117878,1.0639513051457163,1.0680758972455293,0.8343714516834317,False
14,7,-274.3786280653618,-8.504800810516713,1.4001282641439743,2.554447385773392,2.161417024675903,False
14,8,-271.59520817088924,-5.721380916044154,2.027607340925471,0.4349418583136625,0.38314600505056967,False
14,9,-265.56471245681064,0.3091147980344431,2.2252591137838227,,,True
15,0,-265.8738272548451,0.0,2.3495349175970333,,,True
15,1,-271.65090479317826,-5.777077538333174,1.6179887718607315,0.43710970077582567,0.36857452575139726,False
15,2,-274.46443390446757,-8.590606649622487,0.8818974117197328,1.830337232399933,1.5334077694533774,False
15,3,-274.408882897357,-8.535055642511907,0.9099370807237368,0.9122379902755511,0.7955345040882915,False
15,4,-274.29437934843054,-8.420552093585457,0.9322530775768147,0.9330641232360358,0.7950131684819566,False
15,5,-274.3043781579504,-8.430550903105313,0.9499644475312921,0.9488515888761776,0.7945662113781918,False
15,6,-274.4367711219454,-8.56294386710033,0.9625141127788367,0.9613083580880558,0.7945993517166011,False
15,7,-274.75483548474983,-8.88100822990475,1.3184044236667123,2.309907913721181,1.955956973070218,False
15,8,-271.70756815793015,-5.833740903085072,2.027218352649495,0.4765045004181371,0.3914663866522469,False
15,9,-265.56471245681064,0.3091147980344431,2.2252591137838227,,,True
16,0,-265.8738272548451,0.0,2.3495349175970333,,,True
16,1,-271.73668179755157,-5.862854542706486,1.6008479914140163,0.5305559635566062,0.4498811367306161,False
16,2,-274.7311174588141,-8.857290203969,0.8834212654242977,1.5416764333850397,1.2835150541989981,False
16,3,-274.69894660116444,-8.825119346319354,0.9463326784402456,0.9489713144097011,0.7773970129168772,False
16,4,-274.58670862086706,-8.712881366021975,0.9692670689307341,0.9701474748189025,0.7832391782868665,False
16,5,-274.6009903459717,-8.727163091126613,0.9870435124167972,0.9856487663667427,0.7778071117937777,False
16,6,-274.7432840287711,-8.869456773926004,0.9999231132191844,0.9983312878666821,0.7802812925149459,False
16,7,-275.09190647741264,-9.218079222567553,1.2262013390028739,2.034017409692519,1.7193832260692559,False
16,8,-271.80691913539897,-5.933091880553889,2.021150815560351,0.5668529534037828,0.4776269781022234,False
16,9,-265.56471245681064,0.3091147980344431,2.2252591137838227,,,True
17,0,-265.8738272548451,0.0,2.3495349175970333,,,True
17,1,-271.8130649990185,-5.939237744173397,1.5855329187997786,0.5788660028351752,0.49168164931707053,False
17,2,-274.9615595995415,-9.087732344696406,0.9159752643338294,1.2531583309159706,1.0275767263879434,False
17,3,-274.944332544473,-9.070505289627931,0.9892144516562358,0.992226791041858,0.8187966925879114,False
17,4,-274.8331687124278,-8.959341457582696,1.0126808766184496,1.0136309517880593,0.8249775556533,False
17,5,-274.85075180824106,-8.976924553395975,1.0304344741795057,1.0287384335515937,0.8208021442755051,False
17,6,-275.0022893242208,-9.1284620693757,1.0435901342828195,1.0415652436599385,0.8227934778077886,False
17,7,-275.39355328895385,-9.519726034108771,1.123362581316618,1.7452704467527682,1.4684850223657224,False
17,8,-271.8963095590333,-6.022482304188202,2.009811761839251,0.6070923220751836,0.5182185048604467,False
17,9,-265.56471245681064,0.3091147980344431,2.2252591137838227,,,True
18,0,-265.8738272548451,0.0,2.3495349175970333,,,True
18,1,-271.88244543826096,-6.0086181834158765,1.5717600846821014,0.5861464089168367,0.49814726673118054,False
18,2,-275.1626481326648,-9.288820877819717,0.9543605118505614,0.9846692352034634,0.7811289877396544,False
18,3,-275.1508174244868,-9.276990169641692,1.0394980403752423,1.04292912770134,0.8636491591761815,False
18,4,-275.0394855622176,-9.165658307372496,1.0633538949360974,1.0643923054619664,0.8707335286309451,False
18,5,-275.05907136121084,-9.185244106365758,1.0809716509416525,1.078966180891924,0.8679596048490918,False
18,6,-275.2180987417584,-9.344271486913328,1.0943266740639717,1.0918299865764411,0.8694687959664713,False
18,7,-275.6637064808833,-9.789879226038238,1.1262009100439054,1.4511036135196507,1.2108212477829385,False
18,8,-271.97816164913786,-6.104334394292778,1.9940297946698184,0.6022081313603309,0.5180414747577343,False
18,9,-265.56471245681064,0.3091147980344431,2.2252591137838227,,,True
19,0,-265.8738272548451,0.0,2.3495349175970333,,,True
19,1,-271.9466456000687,-6.072818345223595,1.5593075336110014,0.5574045797095369,0.474014693155791,False
19,2,-275.34126091230064,-9.467433657455558,0.9994195787633564,0.8493908660546169,0.622172426587917,False
19,3,-275.3268437294647,-9.45301647461963,1.097811909508751,1.1017103026455688,0.9129152997009168,False
19,4,-275.2142394957981,-9.340412240953015,1.1218671704691205,1.1230274071410686,0.9215677370351988,False
19,5,-275.2344066574301,-9.360579402585017,1.1392249412931614,1.1369167543657999,0.9203541255176035,False
19,6,-275.3981757203676,-9.524348465522507,1.1526850238231412,1.149692693293078,0.9213968405333567,False
19,7,-275.9055057915442,-10.031678536699133,1.1835063467764344,1.1533754604709454,0.94894624754104,False
19,8,-272.0543027793523,-6.180475524507244,1.974984044798375,0.5588636094396824,0.48295185128990653,False
19,9,-265.56471245681064,0.3091147980344431,2.2252591137838227,,,True
20,0,-265.8738272548451,0.0,2.3495349175970333,,,True
20,1,-272.0069157449501,-6.133088490105024,1.5480146814500073,0.4988157481408088,0.4248416552980234,False
20,2,-275.50335700523306,-9.629529750387974,1.0516745136219499,0.8992079406116484,0.6674609060564725,False
20,3,-275.4826632226785,-9.608835967833443,1.1642542530053632,1.1686612677203294,0.9676992780474146,False
20,4,-275.3680832973125,-9.494256042467441,1.188313313323501,1.1896317729432122,0.9785466815787238,False
20,5,-275.3876711818368,-9.51384392699174,1.2053043089663134,1.2027111033092976,0.9789711950134137,False
20,6,-275.55309328976705,-9.679266034921966,1.21876624984496,1.215276361600498,0.9795957343156982,False
20,7,-276.1212495286938,-10.247422273848713,1.2477641991622326,1.1288088595861459,0.9359804024213708,False
20,8,-272.12598171807247,-6.252154463227384,1.954069690024956,0.4852934104178685,0.4200850963102955,False
20,9,-265.56471245681064,0.3091147980344431,2.2252591137838227,,,True
21,0,-265.8738272548451,0.0,2.3495349175970333,,,True
21,1,-272.06396213880885,-6.190134883963765,1.537775350315553,0.41772946243173475,0.3569753909991551,False
21,2,-275.6535090296247,-9.77968177477959,1.111097738913501,0.9547978153206432,0.7119999236467548,False
21,3,-275.62884724494336,-9.755019990098276,1.238260338420273,1.2431962961203737,1.0289703826347207,False
21,4,-275.5122156910884,-9.638388436243304,1.262170882997022,1.2636675057189048,1.0423470368207128,False
21,5,-275.53074765409684,-9.65692039925176,1.2787089263019804,1.2758462733718412,1.044251107437295,False
21,6,-275.69554110918284,-9.821713854337759,1.2920336492784612,1.2880599405499682,1.044475660890815,False
21,7,-276.3136657987426,-10.439838543897508,1.3185335701148966,1.212835344721523,0.987514919086131,False
21,8,-272.1939103743998,-6.320083119554738,1.9327499899237564,0.391014442630128,0.3376783172162908,False
21,9,-265.56471245681064,0.3091147980344431,2.2252591137838227,,,True
22,0,-265.8738272548451,0.0,2.3495349175970333,,,True
22,1,-272.1180344455229,-6.244207190677798,1.5285204187970038,0.3224283639488749,0.2773305965267725,False
22,2,-275.795071800679,-9.921244545833929,1.1769671905879737,1.0136971514982038,0.755083172580125,False
22,3,-275.77476570295596,-9.900938448110878,1.3184788743444364,1.3239321639537702,1.0968307888597089,False
22,4,-275.65666752401785,-9.782840269172766,1.3420154149780545,1.3436758999130207,1.1123323904576135,False
22,5,-275.67452899346483,-9.80070173861975,1.3578669313305147,1.3547333139074667,1.115041000890883,False
22,6,-275.83832882674756,-9.964501571902474,1.370687352639246,1.3662367865782201,1.1146072713087927,False
22,7,-276.4871502404644,-10.613322985619334,1.3939896732116832,1.302892699265076,1.0483402260570864,False
22,8,-272.2583525189841,-6.384525264139029,1.912449001062854,0.2864098378587521,0.24462740826331675,False
22,9,-265.56471245681064,0.3091147980344431,2.2252591137838227,,,True
23,0,-265.8738272548451,0.0,2.3495349175970333,,,True
23,1,-272.16906297070426,-6.295235715859178,1.5201917487349779,0.26391936713112035,0.228329503508261,False
23,2,-275.9308098150631,-10.056982560218046,1.2478715570927266,1.0725427087494066,0.79585483711805,False
23,3,-275.92760284311316,-10.053775588268081,1.4018445368730794,1.4077702257274554,1.1687361791677766,False
23,4,-275.80902063831047,-9.93519338346539,1.4239781035715695,1.4257528007190106,1.1843570914669599,False
23,5,-275.8271748654688,-9.953347610623723,1.4381341722473573,1.4347095419691915,1.1861186815744509,False
23,6,-275.9917500215317,-10.117922766686604,1.449266274619235,1.4443197024479104,1.1839466877761555,False
23,7,-276.6479626025106,-10.774135347665492,1.4683553787684567,1.3905300816243416,1.1107606950114848,False
23,8,-272.31925240436385,-6.445425149518769,1.894477688030454,0.2681593416271575,0.24237066756579956,False
23,9,-265.56471245681064,0.3091147980344431,2.2252591137838227,,,True
24,0,-265.8738272548451,0.0,2.3495349175970333,,,True
24,1,-272.21681758484726,-6.342990330002181,1.5127149832697413,0.24860608027599718,0.20856923763526308,False
24,2,-276.0635619818826,-10.18973472703749,1.3218127395078219,1.1271436106138997,0.8326931231806495,False
24,3,-276.09200638919526,-10.21817913435018,1.4799984091408274,1.4905687582114189,1.2425039256754,False
24,4,-275.97376224873244,-10.09993499388736,1.4970182452323448,1.4988476600664404,1.2462508977603668,False
24,5,-275.9930532293227,-10.119225974477615,1.5064355446194366,1.502706271984706,1.2433749854278304,False
24,6,-276.16120798931786,-10.287380734472777,1.512825402950607,1.5073505970683978,1.2367873286550148,False
24,7,-276.8034086188486,-10.929581364003525,1.526432748740704,1.4571084057876706,1.1567509241379053,False
24,8,-272.3763826029933,-6.502555348148235,1.879944537494833,0.27198346278463326,0.24423638608339598,False
24,9,-265.56471245681064,0.3091147980344431,2.2252591137838227,,,True
25,0,-265.8738272548451,0.0,2.3495349175970333,,,True
25,1,-272.26104717663884,-6.387219921793758,1.5059827540905133,0.2205030745825436,0.1779473684768219,False
25,2,-276.19647374206596,-10.32264648722088,1.3960067758914338,1.1716257468462643,0.8627291536962722,False
25,3,-276.26998256210084,-10.396155307255754,1.5319171975631907,1.5443193600412441,1.2845343483825709,False
25,4,-276.1516990550713,-10.277871800226194,1.5350202576772016,1.5368766535608571,1.2720619646526663,False
25,5,-276.1720487227626,-10.298221467917529,1.533572859995136,1.5295829397053926,1.2585922155900835,False
25,6,-276.3457851259535,-10.47195787110843,1.5296479997055938,1.523659143306179,1.2431238847205033,False
25,7,-276.95934774932266,-11.085520494477578,1.537651544196868,1.4695265523102428,1.155588210772007,False
25,8,-272.42947743029595,-6.5556501754508645,1.869632206812899,0.2543872581129982,0.22643555960254189,False
25,9,-265.56471245681064,0.3091147980344431,2.2252591137838227,,,True
26,0,-265.8738272548451,0.0,2.3495349175970333,,,True
26,1,-272.3016449195526,-6.427817664707504,1.4998438596854327,0.1823434337194588,0.13928748625246273,False
26,2,-276.33281115252294,-10.458983897677854,1.46572367523598,1.1983035096819084,0.8806242527300391,False
26,3,-276.4595979034342,-10.585770648589119,1.5179102725364537,1.529998040243275,1.2601945611930667,False
26,4,-276.33895195761914,-10.465124702774062,1.4939789479251004,1.4959021435432953,1.2228475480225969,False
26,5,-276.3588518723157,-10.485024617470629,1.4739608849508083,1.4698686154935756,1.1925736931544155,False
26,6,-276.53802074756493,-10.664193492719846,1.4533174925660175,1.4469575039379237,1.1638171458236435,False
26,7,-277.11667352709645,-11.24284627225137,1.459358768251334,1.3864193392551662,1.0718733895562682,False
26,8,-272.4784191729217,-6.604591918076608,1.863868882764305,0.21873952855266307,0.1920401993781705,False
26,9,-265.56471245681064,0.3091147980344431,2.2252591137838227,,,True
27,0,-265.8738272548451,0.0,2.3495349175970333,,,True
27,1,-272.33874134076393,-6.464914085918849,1.494107712824452,0.13761557085371529,0.09574452479843869,False
27,2,-276.4752615780284,-10.601434323183298,1.521375733878567,1.1955984247734999,0.8764702272472399,False
27,3,-276.653256323347,-10.77942906850194,1.3884744338463757,1.400326375698247,1.133422050003529,False
27,4,-276.52576297078264,-10.651935715937555,1.326726958440463,1.3288060733535576,1.0651772861016005,False
27,5,-276.5424707341215,-10.668643479276398,1.283435517854953,1.279527218220877,1.017387386552264,False
27,6,-276.72478229098886,-10.850955036143773,1.242714930563928,1.2363058745067939,0.9734513297020663,False
27,7,-277.26916797732815,-11.39534072248307,1.255555231826017,1.1784360318548253,0.8866667950926069,False
27,8,-272.52336168274167,-6.649534427896583,1.8624935554355804,0.1698417295881107,0.1453361102550973,False
27,9,-265.56471245681064,0.3091147980344431,2.2252591137838227,,,True
28,0,-265.8738272548451,0.0,2.3495349175970333,,,True
28,1,-272.3727438057713,-6.498916550926197,1.4885509512034807,0.12162552561228637,0.09998683877151063,False
28,2,-276.62498573486835,-10.751158480023264,1.5446238449416996,1.1457440535271903,0.83420216082691,False
28,3,-276.8374384132145,-10.963611158369417,1.1074652917767707,1.1213490047502106,0.8908866447667582,False
28,4,-276.6974475027272,-10.823620247882104,1.0057543111783973,1.0080225987471454,0.7911325294417985,False
28,5,-276.70795829991033,-10.834131045065249,0.9402346933334137,0.9368549707142556,0.7287208504772765,False
28,6,-276.8902387633618,-11.01641150851674,0.880935861948574,0.8749544486844917,0.6721866166294123,False
28,7,-277.40538163723613,-11.53155438239105,0.9133643420077143,0.8431381791307192,0.6095651337942595,False
28,8,-272.56480175734725,-6.690974502502172,1.8649294031503638,0.14929729892848548,0.1293043971479818,False
28,9,-265.56471245681064,0.3091147980344431,2.2252591137838227,,,True
29,0,-265.8738272548451,0.0,2.3495349175970333,,,True
29,1,-272.40433086498547,-6.530503610140386,1.4829188446109698,0.13538784554368144,0.11444542151112577,False
29,2,-276.78041159960577,-10.906584344760688,1.5065254237967065,1.02510024430447,0.7330437531553293,False
29,3,-276.9952071084509,-11.121379853605845,0.661280393334269,0.6808069825315537,0.5367558641226695,False
29,4,-276.8376475681073,-10.963820313262204,0.5263307090732118,0.528632216209899,0.421449283041711,False
29,5,-276.83994795951867,-10.966120704673585,0.4447372836384598,0.4421667308025242,0.4216230583234961,False
29,6,-277.0198283998971,-11.146001145052026,0.590986100610187,0.4238952620023435,0.42155828873269585,False
29,7,-277.51307755373284,-11.63925029888776,0.5656303497028335,0.5750386602636549,0.4163153197418029,False
29,8,-272.60359393846727,-6.729766683622188,1.8703092387622553,0.1513442134034543,0.1322115599689485,False
29,9,-265.56471245681064,0.3091147980344431,2.2252591137838227,,,True
30,0,-265.8738272548451,0.0,2.3495349175970333,,,True
30,1,-272.434458527664,-6.56063127281891,1.4769161764903571,0.13250887364628663,0.11454626642079345,False
30,2,-276.93576353135506,-11.061936276509982,1.3715010796777878,0.810295424373958,0.5848067788389623,False
30,3,-277.11000422975036,-11.236176974905277,0.4959278814290246,0.40027176069649795,0.36995021350785223,False
30,4,-276.9328025300517,-11.058975275206592,0.3931401527458423,0.3936368736130118,0.36440100380114976,False
30,5,-276.9272095024394,-11.0533822475943,0.4137007666431436,0.41558979354601,0.3640013777283855,False
30,6,-277.1046984870777,-11.23087123223263,0.5801208736711112,0.48232452121088415,0.3726913018396672,False
30,7,-277.58402764651345,-11.710200391668366,0.5368684984985017,0.5310861741621148,0.3774921890542711,False
30,8,-272.64096945676124,-6.767142201916158,1.8775617184522289,0.13813575831758398,0.12085454913787627,False
30,9,-265.56471245681064,0.3091147980344431,2.2252591137838227,,,True
31,0,-265.8738272548451,0.0,2.3495349175970333,,,True
31,1,-272.46438063077323,-6.5905533759281525,1.4702138300578642,0.11623848061981354,0.10228194304135543,False
31,2,-277.07945838366004,-11.205631128814957,1.1071354138883198,0.48985419210305997,0.36044655844540885,False
31,3,-277.1716665373211,-11.29783928247599,0.8646864773154926,0.8224301289875763,0.5558332240091352,False
31,4,-276.97899576959435,-11.105168514749266,0.9833563406828442,0.9810554202312113,0.6060071617095518,False
31,5,-276.96936870603076,-11.095541451185682,1.0490798014542524,1.0507778544886868,0.6518335831277569,False
31,6,-277.14804080803594,-11.274213553190862,1.106034379462906,1.1101538252255994,0.6983085911238828,False
31,7,-277.619388237933,-11.745560983087898,1.0094773701817081,0.9256872038696705,0.6291514251826817,False
31,8,-272.678547423366,-6.80472016852093,1.8854060813348912,0.11317760411603724,0.098614565310809,False
31,9,-265.56471245681064,0.3091147980344431,2.2252591137838227,,,True
32,0,-265.8738272548451,0.0,2.3495349175970333,,,True
32,1,-272.49535025191324,-6.621522997068155,1.4625900751737249,0.10749051848482863,0.09900286719848234,False
32,2,-277.1939008241268,-11.320073569281703,0.6961354486540304,0.24877600115356435,0.1741472280983788,False
32,3,-277.18581699717186,-11.311989742326773,1.5874359134707743,1.5813780428333044,1.0551839521643567,False
32,4,-276.98942689308535,-11.115599638240269,1.6344031713273155,1.633434201516297,1.0908692377913782,False
32,5,-276.9826611120654,-11.108833857220304,1.657556721757724,1.658342420927034,1.1072618206931406,False
32,6,-277.16894873391226,-11.295121479067177,1.6765774923505228,1.6781253315894191,1.121597915059582,False
32,7,-277.63290608012005,-11.759078825274969,1.5820265399260802,1.4141577455273677,0.8763745651849848,False
32,8,-272.71789050769615,-6.844063252851072,1.8924579274425097,0.12600766064593996,0.11440495808236299,False
32,9,-265.56471245681064,0.3091147980344431,2.2252591137838227,,,True
33,0,-265.8738272548451,0.0,2.3495349175970333,,,True
33,1,-272.5077555855159,-6.633928330670813,1.4573992972350287,0.06440969115756785,0.05609339038966411,False
33,2,-277.22200187138435,-11.348174616539268,0.6966116049618862,0.18495326131435827,0.1391125446492086,False
33,3,-277.3410022298922,-11.4671749750471,0.49821182780908674,0.4883723461103034,0.40808313256989204,False
33,4,-277.14779552939234,-11.273968274547258,0.5007064338182219,0.5007520251388996,0.40006827278906154,False
33,5,-277.1444481347869,-11.270620879941816,0.5036932717833376,0.503660116327649,0.3989186184122669,False
33,6,-277.33835604123135,-11.464528786386268,0.5716685301203184,0.507015938145031,0.396890986997514,False
33,7,-277.7800626043547,-11.906235349509643,0.6431535808827897,0.6388074072359787,0.47351041852052506,False
33,8,-272.7355638522183,-6.861736597373238,1.882934068067832,0.07006297555201624,0.061221959219860636,False
33,9,-265.56471245681064,0.3091147980344431,2.2252591137838227,,,True
34,0,-265.8738272548451,0.0,2.3495349175970333,,,True
34,1,-272.5248012560209,-6.650974001175825,1.4514391019215656,0.029286022867806436,0.024612697753296713,False
34,2,-277.2456994301894,-11.371872175344322,0.69982151805182,0.13513538361960672,0.12117821576708183,False
34,3,-277.4034792235721,-11.529651968727023,0.4390927970500909,0.42516430978239284,0.39708796882564007,False
34,4,-277.203725957172,-11.329898702326943,0.4185235454615099,0.41932164762005075,0.39626825146496597,False
34,5,-277.20012268927576,-11.326295434430676,0.4220983518742342,0.42137880712050046,0.39997598991503214,False
34,6,-277.3988186966268,-11.524991441781708,0.5799284924628901,0.4189929118730375,0.3984678865852428,False
34,7,-277.85664201371037,-11.982814758865288,0.372005530566226,0.32355253569964637,0.30766553250545103,False
34,8,-272.75967659368916,-6.885849338844082,1.873882787032938,0.042425587497036385,0.03618853256710183,False
34,9,-265.56471245681064,0.3091147980344431,2.2252591137838227,,,True
35,0,-265.8738272548451,0.0,2.3495349175970333,,,True
35,1,-272.54827553854466,-6.674448283699576,1.445024432820976,0.03124908562989907,0.02949275628973291,False
35,2,-277.2640104513047,-11.390183196459645,0.7068034770157869,0.14217645064353115,0.11380794263058419,False
35,3,-277.4476952441298,-11.573867989284736,0.7173325769372881,0.731501871956098,0.6717170206452344,False
35,4,-277.23622292611583,-11.362395671270747,0.7416748514988877,0.7418801141184264,0.6762358494674928,False
35,5,-277.23146476003456,-11.357637505189473,0.7495204306943423,0.7505687953095446,0.6803230605688594,False
35,6,-277.43457007908694,-11.560742824241856,0.7551262914474692,0.7580250616338478,0.6792135331109805,False
35,7,-277.8992512258477,-12.025423971002624,0.7061815828885636,0.5117565480302342,0.4815854419324099,False
35,8,-272.7929529906546,-6.91912573580953,1.86679649563808,0.04198319107734259,0.036137425141966176,False
35,9,-265.56471245681064,0.3091147980344431,2.2252591137838227,,,True
36,0,-265.8738272548451,0.0,2.3495349175970333,,,True
36,1,-272.57635308955776,-6.702525834712674,1.4389906705084918,0.05341454056711405,0.05160854031024344,False
36,2,-277.2779209721689,-11.404093717323804,0.7172839562879255,0.13385037259722865,0.10998500880842628,False
36,3,-277.52483995881136,-11.651012703966273,0.7679124200826909,0.7803192222657465,0.7086755956949994,False
36,4,-277.3012278704507,-11.42740061560562,0.7895145073919193,0.7896881380280081,0.7103358742177112,False
36,5,-277.29624225644795,-11.422415001602872,0.7943758742768132,0.7942319511333766,0.7132335096476715,False
36,6,-277.5054006314784,-11.631573376633298,0.7937829488408491,0.7940758388121811,0.7118582230637324,False
36,7,-277.93982616199656,-12.065998907151481,0.8566331944558672,0.6216680356797534,0.5468263567767823,False
36,8,-272.8330184346822,-6.959191179837092,1.862654567350777,0.060923149171385034,0.04878404007875898,False
36,9,-265.56471245681064,0.3091147980344431,2.2252591137838227,,,True
37,0,-265.8738272548451,0.0,2.3495349175970333,,,True
37,1,-272.60553952593915,-6.731712271094068,1.4336325788404531,0.06493560389834478,0.05390695176713917,False
37,2,-277.2891078491438,-11.415280594298736,0.7304053091924065,0.12604182304067402,0.10047008844701079,False
37,3,-277.6294875203756,-11.755660265530537,0.6113567142078802,0.6232907091651677,0.570771658628308,False
37,4,-277.39401218490207,-11.520184930056985,0.6259459355490431,0.6261834270174859,0.569431847648234,False
37,5,-277.38948219737915,-11.51565494253407,0.6290916094555041,0.6288845353706634,0.5708284767819803,False
37,6,-277.6052190994302,-11.731391844585119,0.6280660512151008,0.6285211502368694,0.5694345034133129,False
37,7,-277.9819482337813,-12.1081209789362,0.8227735147025749,0.5426546781830663,0.456808345614889,False
37,8,-272.8749018143087,-7.001074559463632,1.8603298848786496,0.06855703351449402,0.054768588913964945,False
37,9,-265.56471245681064,0.3091147980344431,2.2252591137838227,,,True
38,0,-265.8738272548451,0.0,2.3495349175970333,,,True
38,1,-272.6347929293993,-6.7609656745542,1.4284299202285293,0.066218108204917,0.05382673389957753,False
38,2,-277.2984223740304,-11.424595119185312,0.7457401176195917,0.14938050802297187,0.11668539688761781,False
38,3,-277.7320306732187,-11.858203418373591,0.4088380642559805,0.38943463882213963,0.35956196646912153,False
38,4,-277.48355447713124,-11.609727222286153,0.38307281119749764,0.3834359097698428,0.3541659340229854,False
38,5,-277.4792515208662,-11.605424266021146,0.3819748468650538,0.3816379685197916,0.3532971609994433,False
38,6,-277.7005708122736,-11.826743557428529,0.5919016959458623,0.3779999253433358,0.35090917082102296,False
38,7,-278.0194972116618,-12.145669956816732,0.6692024769608568,0.3491250513515637,0.2827237747791308,False
38,8,-272.9170765857647,-7.043249330919593,1.8577561456981637,0.07330575233023112,0.05836142151564176,False
38,9,-265.56471245681064,0.3091147980344431,2.2252591137838227,,,True
39,0,-265.8738272548451,0.0,2.3495349175970333,,,True
39,1,-272.66498389875665,-6.791156643911563,1.4226926494417655,0.05257273133535491,0.04245587757650276,False
39,2,-277.306832166714,-11.43300491186892,0.7626394350556648,0.14852102769943096,0.11637437812966452,False
39,3,-277.8167982733248,-11.942971018479739,0.3944344138470107,0.3565060380052083,0.33283556104152745,False
39,4,-277.55329870009723,-11.679471445252148,0.35134327342729643,0.3516428392924155,0.33124452953065553,False
39,5,-277.5486738709481,-11.674846616103025,0.3497500228836027,0.3494708964925674,0.33007327475753206,False
39,6,-277.77466105732475,-11.900833802479667,0.5940804678515113,0.3464374930983798,0.32823473793732244,False
39,7,-278.0510385091278,-12.177211254282724,0.45150451777311995,0.21162806821864152,0.19541770088028124,False
39,8,-272.9608745747453,-7.0870473199001935,1.8532880178027409,0.05696115298454215,0.04404422941780963,False
39,9,-265.56471245681064,0.3091147980344431,2.2252591137838227,,,True
40,0,-265.8738272548451,0.0,2.3495349175970333,,,True
40,1,-272.69714350354155,-6.823316248696472,1.4159588407017547,0.02864914386070633,0.02287133145994554,False
40,2,-277.3153935696598,-11.441566314814736,0.7789092457589635,0.13860768478777827,0.10096923648887954,False
40,3,-277.8902801051969,-12.016452850351811,0.507286956475041,0.5059150120106914,0.40081527232427716,False
40,4,-277.6106249723928,-11.736797717547745,0.5261427879676799,0.5261101405740349,0.4102467072918508,False
40,5,-277.6053926367081,-11.731565381862993,0.53031463054316,0.530334439274764,0.40981034867621724,False
40,6,-277.83579884146434,-11.961971586619256,0.5986876621149789,0.532566299263077,0.40755963726316763,False
40,7,-278.0793169844767,-12.205489729631608,0.4028978468214671,0.22377813049607032,0.18153650653082404,False
40,8,-273.0079571072155,-7.134129852370393,1.8461252811636355,0.03675091402572832,0.025512774377936427,False
40,9,-265.56471245681064,0.3091147980344431,2.2252591137838227,,,True
41,0,-265.8738272548451,0.0,2.3495349175970333,,,True
41,1,-272.73095196852694,-6.857124713681856,1.4083832842015658,0.018861740714234427,0.014849509500639206,False
41,2,-277.3241836441679,-11.450356389322792,0.7904483134607374,0.11145120385004381,0.08645122562541606,False
41,3,-277.96563640223695,-12.09180914739187,0.5442933849412264,0.5411266445805739,0.34192405385695734,False
41,4,-277.6714421623717,-11.797614907526622,0.55870404779001,0.558681578412572,0.3461564154219872,False
41,5,-277.66592430069466,-11.792097045849573,0.5654054895771915,0.565437341774943,0.3513886211412375,False
41,6,-277.90105235270516,-12.027225097860082,0.60431356657987,0.5697804230999092,0.35837217028922536,False
41,7,-278.1081943164912,-12.23436706164614,0.3484983983666991,0.328038881671227,0.2173850967078046,False
41,8,-273.0579989386501,-7.184171683805005,1.8369338535731428,0.03162585217887941,0.02668735668516172,False
41,9,-265.56471245681064,0.3091147980344431,2.2252591137838227,,,True
42,0,-265.8738272548451,0.0,2.3495349175970333,,,True
42,1,-272.76553108484336,-6.891703829998278,1.4004536668362995,0.022724501037512113,0.017562718100200804,False
42,2,-277.3325437478384,-11.45871649299329,0.79293634916929,0.07639937563894778,0.06158594873267161,False
42,3,-278.0395870202067,-12.1657597653616,0.3585210132853736,0.35665395564413926,0.2957023411292581,False
42,4,-277.73364276808064,-11.85981551323556,0.36456029857968025,0.3645231940856598,0.286442180743308,False
42,5,-277.7283551491576,-11.854527894312525,0.3691209002282228,0.36917312157132975,0.2901182815794633,False
42,6,-277.96861004688435,-12.094782792039268,0.608214766335362,0.37527894546874163,0.2940467076172529,False
42,7,-278.1387713163633,-12.264944061518236,0.29206022613699334,0.3220161245240273,0.21988497006362584,False
42,8,-273.1098226100357,-7.235995355190596,1.827163080012228,0.04455031266636344,0.03836380342973215,False
42,9,-265.56471245681064,0.3091147980344431,2.2252591137838227,,,True
43,0,-265.8738272548451,0.0,2.3495349175970333,,,True
43,1,-272.801164113214,-6.9273368583689034,1.3924482080820966,0.03433290147964476,0.028024335479219346,False
43,2,-277.34013552982447,-11.466308274979383,0.7830946105772104,0.07283724146397573,0.053610703744975625,False
43,3,-278.1012818723523,-12.227454617507192,0.3520137724618133,0.34179213012694093,0.3183709903688766,False
43,4,-277.784791105968,-11.910963851122915,0.3008890235576619,0.30120490159579233,0.2819228235886742,False
43,5,-277.7798829224366,-11.906055667591545,0.29686664628005205,0.29649568893416794,0.27826568639506105,False
43,6,-278.0251967993927,-12.151369544547606,0.6071860138740726,0.28686900343587063,0.27105694996569485,False
43,7,-278.1667123190189,-12.292885064173845,0.2520127179545132,0.1924316330042534,0.13358882873820296,False
43,8,-273.16397341840275,-7.290146163557665,1.817967449676203,0.055466876341265944,0.047144159701418116,False
43,9,-265.56471245681064,0.3091147980344431,2.2252591137838227,,,True
44,0,-265.8738272548451,0.0,2.3495349175970333,,,True
44,1,-272.8388728175921,-6.9650455627470365,1.3843441251225028,0.03395054059748157,0.02864033326031299,False
44,2,-277.3473238319282,-11.473496577083097,0.7601222645080662,0.0628820686126558,0.04843853388087116,False
44,3,-278.1557530885099,-12.281925833664843,0.4716546036810896,0.45809662993701405,0.41583188889988526,False
44,4,-277.8290409857216,-11.955213730876494,0.4474153794250978,0.44765927481945783,0.408609182231471,False
44,5,-277.82449594583983,-11.950668690994746,0.44554857962503736,0.44526950410111504,0.40608052741689915,False
44,6,-278.07438028773123,-12.200553032886148,0.5984956184407118,0.43750872300974597,0.39933383852116755,False
44,7,-278.18712145105553,-12.31329419621045,0.2594286635484526,0.15591295354223772,0.11572346019907859,False
44,8,-273.22208448389017,-7.348257229045089,1.8096794972785075,0.04649865960221653,0.039190729072359425,False
44,9,-265.56471245681064,0.3091147980344431,2.2252591137838227,,,True
45,0,-265.8738272548451,0.0,2.3495349175970333,,,True
45,1,-272.8782852567384,-7.00445800189334,1.3761275592998659,0.023853276683354168,0.0209063097453831,False
45,2,-277.35464678187145,-11.48081952702637,0.7282665454162484,0.06242682670388352,0.05241338264421972,False
45,3,-278.2156712477789,-12.341843992933832,0.49170475011296744,0.4875927893072815,0.42634613407973654,False
45,4,-277.88114968993045,-12.00732243508537,0.4958699911890929,0.4959233599678496,0.43119642110501555,False
45,5,-277.8771844910156,-12.00335723617053,0.4970146520983368,0.4969658145549386,0.43054979993142223,False
45,6,-278.1310333584754,-12.257206103630324,0.5814007786640202,0.49697548088347177,0.43005162003542563,False
45,7,-278.201557377795,-12.327730122949902,0.3757508003358517,0.21397161784757904,0.1683337456053899,False
45,8,-273.2835945714297,-7.4097673165846345,1.8018841400540808,0.028898561747519903,0.02007323746895773,False
45,9,-265.56471245681064,0.3091147980344431,2.2252591137838227,,,True
46,0,-265.8738272548451,0.0,2.3495349175970333,,,True
46,1,-272.91796791063007,-7.044140655784986,1.3678191899022858,0.015870076981232613,0.011050901209109834,False
46,2,-277.3624187587804,-11.48859150393531,0.6956867360469503,0.07387075338031404,0.0510308258718507,False
46,3,-278.281245753604,-12.407418498758943,0.35453439164320993,0.356680000208244,0.2871216543856146,False
46,4,-277.94341261856323,-12.069585363718147,0.3743853696497378,0.37430774498443947,0.2985621929038733,False
46,5,-277.9404707393195,-12.066643484474412,0.3775407210896307,0.37766406244265893,0.30018844126915784,False
46,6,-278.1976390084868,-12.323811753641735,0.5571187406692134,0.38369225580094535,0.3058434131309616,False
46,7,-278.21587104191894,-12.342043787073862,0.41336948336221413,0.2642684786482148,0.2117470380662195,False
46,8,-273.3462915371024,-7.472464282257306,1.7937616786547144,0.02515650398054546,0.01761122884091071,False
46,9,-265.56471245681064,0.3091147980344431,2.2252591137838227,,,True
47,0,-265.8738272548451,0.0,2.3495349175970333,,,True
47,1,-272.95722791595995,-7.083400661114865,1.3592863058433315,0.014969526183801549,0.009937723967800604,False
47,2,-277.37074168795345,-11.496914433108373,0.6709593284554131,0.07404591175071674,0.04810821982509204,False
47,3,-278.3426062228207,-12.468778967975595,0.2766600366321995,0.2638993333956873,0.20062241026204697,False
47,4,-278.0054715944997,-12.1316443396546,0.26884685886350096,0.2688221800311707,0.19648822662441115,False
47,5,-278.00403738490354,-12.130210130058458,0.2781434556149601,0.27389098331112705,0.2089519738880779,False
47,6,-278.26376781882516,-12.389940563980076,0.5275221648780922,0.2943016562119238,0.21947166768819795,False
47,7,-278.2325887744463,-12.358761519601217,0.36984043455439297,0.2180841859918089,0.18494564062019167,False
47,8,-273.4090820708183,-7.53525481597319,1.7843698785015594,0.02517133690490826,0.017622872065207344,False
47,9,-265.56471245681064,0.3091147980344431,2.2252591137838227,,,True
48,0,-265.8738272548451,0.0,2.3495349175970333,,,True
48,1,-272.9963317554095,-7.122504500564446,1.35036088248128,0.01701185159606354,0.012656154660653188,False
48,2,-277.3797182033187,-11.50589094847362,0.6596426258495283,0.06402286898233783,0.047313571665592004,False
48,3,-278.39494570728436,-12.521118452439282,0.2847482830948451,0.26388291958304333,0.19125649139494286,False
48,4,-278.06081036984614,-12.186983115001055,0.2758555996207497,0.2759537509883596,0.19522106977530096,False
48,5,-278.06133350141374,-12.18750624656866,0.2848966167888691,0.2816196389999864,0.2131887657276772,False
48,6,-278.32454546661313,-12.450718211768049,0.49014308800330963,0.3107020187069126,0.2278978669552691,False
48,7,-278.2496583594308,-12.3758311045857,0.27377553236608065,0.11053722891520086,0.1064889816353215,False
48,8,-273.4723639689152,-7.598536714070121,1.7731555985134573,0.027821753062365437,0.020119936720293396,False
48,9,-265.56471245681064,0.3091147980344431,2.2252591137838227,,,True
49,0,-265.8738272548451,0.0,2.3495349175970333,,,True
49,1,-273.0356922509268,-7.161864996081704,1.3410661033760547,0.02081788898483333,0.016889406193042973,False
49,2,-277.3893931734028,-11.51556591855774,0.662016552933937,0.047872320879931866,0.0402036777006818,False
49,3,-278.4431361038379,-12.569308848992819,0.29160120873346335,0.284871747614609,0.2495358266388289,False
49,4,-278.11345392629414,-12.23962667144906,0.2787134849689238,0.2789010815484155,0.24582279139778238,False
49,5,-278.1164332122836,-12.242605957438514,0.2933985535579051,0.2849538553190709,0.24416761997559572,False
49,6,-278.3844790510418,-12.510651796196726,0.443897126761452,0.31523651450449247,0.23975351760897337,False
49,7,-278.2644529991942,-12.390625744349109,0.23289843477421962,0.09547750548463468,0.09108693023754055,False
49,8,-273.5367247703278,-7.662897515482712,1.7603384596082854,0.030011579025710083,0.021055486892275092,False
49,9,-265.56471245681064,0.3091147980344431,2.2252591137838227,,,True
50,0,-265.8738272548451,0.0,2.3495349175970333,,,True
50,1,-273.07510029337254,-7.201273038527461,1.3316919934112814,0.020312737998497463,0.016627729652985895,False
50,2,-277.3996298905179,-11.52580263567279,0.6736062376510649,0.033979329735139945,0.0294208636911013,False
50,3,-278.493345486245,-12.619518231399923,0.31902506546980863,0.3120348624211591,0.2705178501283659,False
50,4,-278.1695626561198,-12.295735401274726,0.3069300742365079,0.30681149271395913,0.2718213593564343,False
50,5,-278.1755752027083,-12.301747947863191,0.3072274738723471,0.3074372032937635,0.27103923872155833,False
50,6,-278.44851122355715,-12.574683968712066,0.39521948493816306,0.3134546946574837,0.2703881769525227,False
50,7,-278.27705955104193,-12.403232296196848,0.2309513721797939,0.15602762219880056,0.1006629077519657,False
50,8,-273.60173232557815,-7.7279050707330725,1.7467975025608953,0.032064305402208684,0.022495184661038156,False
50,9,-265.56471245681064,0.3091147980344431,2.2252591137838227,,,True
51,0,-265.8738272548451,0.0,2.3495349175970333,,,True
51,1,-273.11412940530613,-7.240302150461048,1.32256558359682,0.01734588475032448,0.014611826760925067,False
51,2,-277.410298960217,-11.536471705371923,0.6879113459732177,0.03530530822482087,0.027438934496071557,False
51,3,-278.54484307572113,-12.67101582087605,0.2723905278837022,0.22938759437035844,0.20007789499540338,False
51,4,-278.22814476202836,-12.354317507183282,0.2510773186023302,0.2513354343045508,0.204614829836291,False
51,5,-278.23770337231736,-12.363876117472273,0.3125383475901751,0.2544741979699767,0.22182516994326884,False
51,6,-278.5148086783273,-12.64098142348223,0.3586013771706191,0.284078391003391,0.26273694073795634,False
51,7,-278.28928825686586,-12.415461002020777,0.2544056213031971,0.15776975837461188,0.09996660481804602,False
51,8,-273.666632049453,-7.792804794607946,1.7334817540299634,0.03381778612606769,0.023716633264362182,False
51,9,-265.56471245681064,0.3091147980344431,2.2252591137838227,,,True
52,0,-265.8738272548451,0.0,2.3495349175970333,,,True
52,1,-273.1527913162995,-7.278964061454417,1.313820156947439,0.01683400296898332,0.013884856717203464,False
52,2,-277.42149747751114,-11.547670222666056,0.6984880631872821,0.032621935689683815,0.03066553744365969,False
52,3,-278.5918794616904,-12.7180522068453,0.23297233681331986,0.1891667777350675,0.16534865772095772,False
52,4,-278.28267996670667,-12.408852711861584,0.20207600890521027,0.20225015408613792,0.17086427871088355,False
52,5,-278.29610739949385,-12.422280144648767,0.32107203348660496,0.24477317643872665,0.22252030299198225,False
52,6,-278.57714699502367,-12.703319740178586,0.3446658743391,0.2786716997645649,0.25399158599538246,False
52,7,-278.3020841335592,-12.428256878714137,0.2720004814666409,0.10783587607611002,0.07974236502483047,False
52,8,-273.7314282826005,-7.857601027755436,1.7209380661759326,0.03527318710143434,0.02543708337596072,False
52,9,-265.56471245681064,0.3091147980344431,2.2252591137838227,,,True
53,0,-265.8738272548451,0.0,2.3495349175970333,,,True
53,1,-273.1916423902875,-7.317815135442402,1.3053272183992821,0.017146544462139403,0.012725987826858048,False
53,2,-277.43355144891416,-11.559724194069076,0.7002294637945133,0.0419302843419546,0.03715900283142229,False
53,3,-278.63035445632784,-12.756527201482754,0.17605194003071123,0.1640240655102778,0.13598242707018546,False
53,4,-278.32815606953955,-12.454328814694463,0.18555462047719412,0.1636922869900249,0.1611281221295856,False
53,5,-278.34564652281233,-12.471819267967248,0.3276719459093035,0.24796889622131676,0.2222728907081683,False
53,6,-278.63178538318857,-12.757958128343489,0.34230223067281834,0.27842259085593773,0.24165436763394318,False
53,7,-278.3149871015225,-12.441159846677408,0.28283090460445676,0.06863628583260761,0.061659182364085505,False
53,8,-273.7970522022226,-7.923224947377491,1.7091241663313839,0.036448864069482514,0.027085694222880385,False
53,9,-265.56471245681064,0.3091147980344431,2.2252591137838227,,,True
54,0,-265.8738272548451,0.0,2.3495349175970333,,,True
54,1,-273.23138321846386,-7.357555963618779,1.2967796414956854,0.018918341793804205,0.013270746160365055,False
54,2,-277.4467819200589,-11.572954665213842,0.6906602028994658,0.04479681914030906,0.03836733090563973,False
54,3,-278.6605762625283,-12.786749007683227,0.21809986710812257,0.2065824630434824,0.1723379894497114,False
54,4,-278.3642804029507,-12.490453148105644,0.20560987547357076,0.20556727683000384,0.1786619087722136,False
54,5,-278.38621152026894,-12.512384265423862,0.33195873801148323,0.2492609339883032,0.2210666027277828,False
54,6,-278.6795333859984,-12.805706131153329,0.3267741684731703,0.2690546965333189,0.26324100038499904,False
54,7,-278.3275035471253,-12.453676292280193,0.3217826120817808,0.07983364020577062,0.07768277838449696,False
54,8,-273.86466943001795,-7.990842175172872,1.6974757559623928,0.037403412319759306,0.02830998420057656,False
54,9,-265.56471245681064,0.3091147980344431,2.2252591137838227,,,True
55,0,-265.8738272548451,0.0,2.3495349175970333,,,True
55,1,-273.2723863773772,-7.398559122532106,1.287878979362731,0.020626199336926134,0.01471467150697765,False
55,2,-277.46128935547495,-11.587462100629864,0.6705349270927649,0.0378460068217782,0.03480986458992413,False
55,3,-278.6856019446226,-12.811774689777508,0.23429089120730517,0.2684969668188939,0.21301890591886857,False
55,4,-278.394629811466,-12.520802556620936,0.3125570530627252,0.31218965698063833,0.2241203127066586,False
55,5,-278.4220783834344,-12.5482511285893,0.33363071608705314,0.33348432798789795,0.24074557855533135,False
55,6,-278.72415984326926,-12.85033258842418,0.39871568124458423,0.3616843657083939,0.2588231496890682,False
55,7,-278.34006530158774,-12.46623804674266,0.34595489658175865,0.12589219917660244,0.10578852055992294,False
55,8,-273.9348778940058,-8.061050639160726,1.6852632366856062,0.03822646455603985,0.029260139148765563,False
55,9,-265.56471245681064,0.3091147980344431,2.2252591137838227,,,True
56,0,-265.8738272548451,0.0,2.3495349175970333,,,True
56,1,-273.3145028037302,-7.44067554888511,1.278486822560477,0.022074079828258212,0.015884097360034884,False
56,2,-277.47694566996347,-11.603118415118388,0.6431102292855926,0.03332256531576921,0.0276382597489206,False
56,3,-278.7093987669574,-12.835571512112324,0.332764628690406,0.3575580624539198,0.25991286147274756,False
56,4,-278.42509033081944,-12.551263075974362,0.4281848659425526,0.4280413284009159,0.3095504907562245,False
56,5,-278.45996988434035,-12.58614262949527,0.4455900436702374,0.44661841191779117,0.3325748752864525,False
56,6,-278.7712774307565,-12.897450175911445,0.5411737882707327,0.4993955548001709,0.3424695217503283,False
56,7,-278.35341483734715,-12.479587582502063,0.33885612975097856,0.13415246921735002,0.10400546566029173,False
56,8,-274.0073841918116,-8.1335569369665,1.6719798872660068,0.03900011015852575,0.03008970981523336,False
56,9,-265.56471245681064,0.3091147980344431,2.2252591137838227,,,True
57,0,-265.8738272548451,0.0,2.3495349175970333,,,True
57,1,-273.35712830084697,-7.483301046001884,1.2686696735992204,0.02314091905939836,0.016688767536069977,False
57,2,-277.49349522563125,-11.619667970786168,0.6131007883342656,0.032630458432266335,0.03045594003254164,False
57,3,-278.7355106185822,-12.861683363737143,0.37464242184678775,0.39804343989562474,0.2754079549792035,False
57,4,-278.46094503752124,-12.58711778267616,0.45742833452037585,0.4573905629583081,0.34014596994896973,False
57,5,-278.505219553841,-12.631392298995934,0.46367683759545203,0.4641530781432843,0.35716440757537227,False
57,6,-278.82557571492663,-12.951748460081546,0.5718413303102852,0.5340979269314066,0.37165248226191616,False
57,7,-278.36765314165814,-12.493825886813056,0.2984706288314773,0.10249513332897402,0.07582732288644045,False
57,8,-274.0811135893317,-8.20728633448664,1.6575303384072444,0.039767704657543826,0.03087985031991454,False
57,9,-265.56471245681064,0.3091147980344431,2.2252591137838227,,,True
58,0,-265.8738272548451,0.0,2.3495349175970333,,,True
58,1,-273.3995353994669,-7.525708144621831,1.2586352244381265,0.02378790762513472,0.01710972478103633,False
58,2,-277.5106966106832,-11.636869355838144,0.5931747651949908,0.03848432078151651,0.03657142415219126,False
58,3,-278.765407795368,-12.89158054052291,0.3349370894601518,0.3616443934652738,0.26364747728910853,False
58,4,-278.5033207259354,-12.629493471090314,0.3893546628789893,0.38935487612369807,0.3007722819637447,False
58,5,-278.55793851760194,-12.684111262756858,0.38252314444612134,0.3824865332747879,0.3104102153469246,False
58,6,-278.8867642153982,-13.012936960553134,0.4789579518369362,0.45292853320997434,0.3244904197129634,False
58,7,-278.38219968879866,-12.508372433953582,0.2616870463551301,0.09712340399890039,0.07526487114195521,False
58,8,-274.1547756313897,-8.280948376544643,1.64219206521818,0.040520241543022084,0.0316146537927648,False
58,9,-265.56471245681064,0.3091147980344431,2.2252591137838227,,,True
59,0,-265.8738272548451,0.0,2.3495349175970333,,,True
59,1,-273.44128764412824,-7.567460389283156,1.2486095161256334,0.02405359168524373,0.017192771012382375,False
59,2,-277.52844646454344,-11.654619209698353,0.5797804172774057,0.04245326876431861,0.04009577350100682,False
59,3,-278.79775652279557,-12.923929267950484,0.23140473216072105,0.2637787268033578,0.2106069284354415,False
59,4,-278.549128087799,-12.675300832953894,0.25585021010293024,0.25580819417813655,0.2118158266379712,False
59,5,-278.613838925786,-12.74001167094093,0.27600927929885755,0.24256754005619424,0.21697654465572117,False
59,6,-278.95008403060183,-13.076256775756747,0.3045501413995612,0.2926098937961502,0.22594789860934933,False
59,7,-278.3965859131751,-12.52275865833002,0.24682625822373946,0.11093498938740963,0.08389510664835353,False
59,8,-274.2275805381355,-8.353753283290416,1.6264208466930585,0.041203057834054965,0.03220010958809852,False
59,9,-265.56471245681064,0.3091147980344431,2.2252591137838227,,,True
60,0,-265.8738272548451,0.0,2.3495349175970333,,,True
60,1,-273.4823821910476,-7.608554936202495,1.2387520449154281,0.024036319694865547,0.01703275621329612,False
60,2,-277.546794028661,-11.672966773815915,0.5725354090396931,0.039747640844210654,0.03806237728161185,False
60,3,-278.8295908047892,-12.955763549944095,0.20090375622848888,0.1960140637918215,0.16797444694919236,False
60,4,-278.5945515155479,-12.72072426070281,0.22884794080896123,0.22987597357264966,0.19847581541726314,False
60,5,-278.6685171722772,-12.794689917432095,0.23234085254482345,0.2278829628573204,0.19831883988959007,False
60,6,-279.0114654881289,-13.137638233283838,0.28524555244905914,0.2841393736481564,0.2629539912327109,False
60,7,-278.41109064183905,-12.53726338699397,0.2595573777231216,0.12446761192371542,0.09225494821106041,False
60,8,-274.2994900756764,-8.425662820831292,1.6106647342314917,0.0417307750509552,0.03250423953245525,False
60,9,-265.56471245681064,0.3091147980344431,2.2252591137838227,,,True
61,0,-265.8738272548451,0.0,2.3495349175970333,,,True
61,1,-273.52307020832166,-7.649242953476573,1.2291386872570413,0.023872617199113058,0.016756129790306204,False
61,2,-277.5658487666228,-11.692021511777739,0.5705269035355066,0.035562591337619534,0.034488155170847634,False
61,3,-278.85853589963835,-12.984708644793272,0.2187181499242034,0.19327538416123302,0.16755880058868355,False
61,4,-278.63798402645546,-12.764156771610374,0.24032317502575776,0.23976879402095946,0.20878923422094514,False
61,5,-278.72019521553943,-12.846367960694351,0.24023103811900925,0.24022969611596107,0.20913521188642445,False
61,6,-279.0708322498449,-13.197004994999816,0.33074583347534114,0.3385294468487159,0.30903238012871487,False
61,7,-278.42648485140984,-12.552657596564757,0.27358452880374556,0.1355271654255295,0.09936631768040566,False
61,8,-274.3709048094934,-8.497077554648342,1.595264644464511,0.041998220275638154,0.032398477530638764,False
61,9,-265.56471245681064,0.3091147980344431,2.2252591137838227,,,True
62,0,-265.8738272548451,0.0,2.3495349175970333,,,True
62,1,-273.563563122154,-7.689735867308912,1.2197783042460912,0.023707301237695905,0.016796705179855025,False
62,2,-277.58565832945953,-11.711831074614452,0.5713267329266282,0.035485474754072675,0.03239503385740056,False
62,3,-278.88457789561323,-13.010750640768151,0.23984573181901261,0.16826208956975564,0.14180721069867724,False
62,4,-278.6806058983508,-12.806778643505709,0.2664279539985941,0.2655109465536451,0.2333618622107638,False
62,5,-278.7697782171117,-12.895950962266625,0.2663958907467977,0.2663991471444304,0.23405130734949073,False
62,6,-279.1312186126013,-13.257391357756205,0.333451605575952,0.34740482238800496,0.3155337973501981,False
62,7,-278.443202786302,-12.569375531456899,0.28758674668754314,0.1429122643848231,0.10460437551494334,False
62,8,-274.44214783833434,-8.568320583489253,1.5804045384052292,0.04188550419005184,0.03178796991028355,False
62,9,-265.56471245681064,0.3091147980344431,2.2252591137838227,,,True
63,0,-265.8738272548451,0.0,2.3495349175970333,,,True
63,1,-273.60384389754483,-7.730016642699752,1.210642627509322,0.023652792277759856,0.017287098678472633,False
63,2,-277.60613649821096,-11.732309243365876,0.5718674876636503,0.036742991328601454,0.030287149131598436,False
63,3,-278.9097695663038,-13.035942311458712,0.26196617352051516,0.18992855527224003,0.15282057066118082,False
63,4,-278.72507539233686,-12.85124813749178,0.29846678926911113,0.2977523582564605,0.257623444010451,False
63,5,-278.81945634266174,-12.945629087816656,0.2986554872687985,0.2986281905212571,0.2587876103190712,False
63,6,-279.1959514334492,-13.3221241786041,0.325703857609879,0.3156138797362426,0.28580559414713314,False
63,7,-278.4610101933666,-12.587182938521494,0.30102702683014365,0.14688835083824017,0.10803307676025116,False
63,8,-274.5131338428181,-8.63930658797301,1.5661086910837083,0.041257178709782995,0.030611829976999645,False
63,9,-265.56471245681064,0.3091147980344431,2.2252591137838227,,,True
64,0,-265.8738272548451,0.0,2.3495349175970333,,,True
64,1,-273.6436972785581,-7.769870023712997,1.2016916076987965,0.023763134020440713,0.017457936879220304,False
64,2,-277.6270828609246,-11.753255606079506,0.5695017290083144,0.038253642758607063,0.0328681334030648,False
64,3,-278.9361656748846,-13.06233842003951,0.2834493476287968,0.21185295653241457,0.15523043070243586,False
64,4,-278.7734839553466,-12.89965670050151,0.33313304775402425,0.33202847456581025,0.2745921904330228,False
64,5,-278.8709555231113,-12.997128268266238,0.33327623284316116,0.3332546368033907,0.27637656616938755,False
64,6,-279.26612595957846,-13.392298704733378,0.34966984700022696,0.3257333951698445,0.23714787463284592,False
64,7,-278.47950537053265,-12.605678115687567,0.31350560298173774,0.14872576463494683,0.11017524782384819,False
64,8,-274.5834241454039,-8.709596890558828,1.5628613147565746,0.03996977157297524,0.02889858570549089,False
64,9,-265.56471245681064,0.3091147980344431,2.2252591137838227,,,True
65,0,-265.8738272548451,0.0,2.3495349175970333,,,True
65,1,-273.6828772925222,-7.809050037677139,1.1928814112223052,0.024037278641697968,0.017385488549616142,False
65,2,-277.6482702276404,-11.774442972795327,0.5627039027044132,0.040264022630088055,0.03500287553066429,False
65,3,-278.9643430704305,-13.090515815585434,0.3018286039496611,0.23222204196343807,0.16279555300840892,False
65,4,-278.82592483719685,-12.952097582351769,0.35152580384020526,0.3499077419676053,0.27198749457277843,False
65,5,-278.92436055299754,-13.050533298152459,0.35158187858885,0.35158880778492235,0.27447401455869413,False
65,6,-279.3392835508412,-13.465456295996091,0.34166366648121616,0.3133276965457724,0.21958972111336322,False
65,7,-278.4986198079942,-12.62479255314912,0.32478193893266855,0.14984948010945276,0.11480508399481289,False
65,8,-274.6525231465097,-8.778695891664597,1.5811926460737018,0.03790184917052903,0.027474931494571298,False
65,9,-265.56471245681064,0.3091147980344431,2.2252591137838227,,,True
66,0,-265.8738272548451,0.0,2.3495349175970333,,,True
66,1,-273.72128130551744,-7.847454050672354,1.184161605557092,0.024439801131009114,0.017162187377934075,False
66,2,-277.66955371904044,-11.795726464195354,0.5512821646135362,0.042798514804514416,0.035741614676350675,False
66,3,-278.99368466874193,-13.119857413896852,0.32440671016713585,0.24829557537324085,0.16383621279913568,False
66,4,-278.8799865603868,-13.0061593055417,0.33168653865649256,0.3294952886173789,0.2438453552905294,False
66,5,-278.97762219364745,-13.103794938802366,0.3992139359568144,0.33142061081901114,0.24656528582527268,False
66,6,-279.40949653674,-13.535669281894911,0.285830167191967,0.26210133163942395,0.21986511393535374,False
66,7,-278.51855755320776,-12.644730298362674,0.3345626097410955,0.1510642111968763,0.12044924491903466,False
66,8,-274.72018647361847,-8.846359218773387,1.5976471928238132,0.03499077163530524,0.02543618199043411,False
66,9,-265.56471245681064,0.3091147980344431,2.2252591137838227,,,True
67,0,-265.8738272548451,0.0,2.3495349175970333,,,True
67,1,-273.7590713209928,-7.88524406614772,1.1754665750415743,0.024924283869755887,0.017459739477468702,False
67,2,-277.6909573682044,-11.817130113359326,0.5361605803387692,0.045715096199767706,0.03798009268870001,False
67,3,-279.0235674314099,-13.14974017656482,0.33935988063227246,0.25552246564767184,0.16409982396181672,False
67,4,-278.9305728051253,-13.056745550280198,0.24336365380345337,0.24090012732531288,0.21639336860573924,False
67,5,-279.0261732460385,-13.152345991193442,0.45512581522988377,0.2419880289883942,0.17766720281428133,False
67,6,-279.4690679299403,-13.595240675095226,0.3132276842541519,0.28945383515711576,0.21607730413937656,False
67,7,-278.53945692359014,-12.665629668745055,0.34199963526248406,0.15199906526793205,0.12310624483112459,False
67,8,-274.7866343583349,-8.912807103489797,1.6118941767953405,0.0312535719557317,0.02279544647568329,False
67,9,-265.56471245681064,0.3091147980344431,2.2252591137838227,,,True
68,0,-265.8738272548451,0.0,2.3495349175970333,,,True
68,1,-273.79674297004465,-7.922915715199565,1.1667016571363662,0.025452647453334903,0.01797865914532765,False
68,2,-277.71271631402493,-11.838889059179849,0.5189270791151569,0.04885867066575413,0.040155356352776485,False
68,3,-279.05393612399627,-13.180108869151184,0.33719107779643964,0.24650891227821198,0.19069640747692462,False
68,4,-278.9703276215347,-13.096500366689611,0.2482899339805856,0.24588637364208565,0.19681328484483418,False
68,5,-279.0630605260542,-13.189233271209105,0.4921858637384008,0.24995399931971457,0.19662971163949483,False
68,6,-279.51264167405463,-13.638814419209552,0.34500368336165704,0.32613063575395324,0.25141709732126216,False
68,7,-278.56124753527604,-12.687420280430956,0.3449114046374016,0.1506919768068285,0.12146313599298471,False
68,8,-274.85266856309954,-8.97884130825446,1.6237260947639514,0.026785602325474844,0.019619289421285983,False
68,9,-265.56471245681064,0.3091147980344431,2.2252591137838227,,,True
69,0,-265.8738272548451,0.0,2.3495349175970333,,,True
69,1,-273.83506503348906,-7.9612377786439765,1.1697109384733109,0.026015583276991158,0.018519122268976288,False
69,2,-277.7352198240123,-11.861392569167208,0.5013296181847793,0.05214955563798293,0.04220000099696026,False
69,3,-279.08432933417305,-13.210502079327966,0.3048485976057559,0.22693915657276448,0.18942597889209986,False
69,4,-278.99316287964126,-13.119335624796179,0.38322808861682356,0.3849090919218201,0.3202101636156781,False
69,5,-279.08226296721455,-13.208435712369464,0.507229628024006,0.39076502988833867,0.3257942713889644,False
69,6,-279.5431637977191,-13.66933654287402,0.5157952415638304,0.5345363939281641,0.44723881076007865,False
69,7,-278.58371059290204,-12.709883338056954,0.3387479093488518,0.14332187925401466,0.11245679095005008,False
69,8,-274.9195597345226,-9.045732479677497,1.632966158100989,0.021732430051660343,0.016008779399611976,False
69,9,-265.56471245681064,0.3091147980344431,2.2252591137838227,,,True
70,0,-265.8738272548451,0.0,2.3495349175970333,,,True
70,1,-273.8746574480765,-8.000830193231423,1.1869332296334547,0.026641499280027753,0.019080928889784417,False
70,2,-277.75874697629934,-11.884919721454253,0.4847121909117888,0.055558217523289335,0.044147653245834285,False
70,3,-279.11203170588385,-13.238204451038769,0.2259711353614377,0.19550149342661247,0.16404875390243281,False
70,4,-279.00183476692484,-13.128007512079762,0.6913013090019243,0.6908160611453316,0.5859991982259631,False
70,5,-279.08639706000065,-13.212569805155567,0.7027097693203584,0.7018013243346429,0.5960931990967818,False
70,6,-279.57353434381287,-13.699707088967784,0.7066864926718445,0.7107931749531792,0.6024922484983614,False
70,7,-278.6063291589787,-12.732501904133642,0.31605423110703795,0.1254575117010127,0.09548819932140964,False
70,8,-274.98830510993173,-9.114477855086648,1.6393363628395003,0.016238883835894502,0.012065609814006235,False
70,9,-265.56471245681064,0.3091147980344431,2.2252591137838227,,,True
71,0,-265.8738272548451,0.0,2.3495349175970333,,,True
71,1,-273.91551771557727,-8.041690460732184,1.20488187886185,0.02735813534867955,0.019669184431489226,False
71,2,-277.78322031267066,-11.909393057825582,0.4698424110629245,0.059005631801618,0.04605789512407703,False
71,3,-279.13221537621484,-13.258388121369762,0.18565485309873883,0.1662853253292425,0.12488586908788611,False
71,4,-279.01177794568025,-13.137950690835169,0.8946220359147062,0.8934233924926354,0.7633646010711157,False
71,5,-279.0909263677157,-13.217099112870642,0.9055812679881984,0.9048049720971638,0.7738272766314505,False
71,6,-279.6191800950386,-13.745352840193505,0.7602685279618576,0.7626746230252036,0.6507682501231788,False
71,7,-278.62793572786046,-12.754108473015378,0.2689553903524877,0.09966266687814929,0.08164108347674864,False
71,8,-275.0588038970216,-9.184976642176537,1.6424779079566985,0.012236995790009246,0.010176523371250037,False
71,9,-265.56471245681064,0.3091147980344431,2.2252591137838227,,,True
72,0,-265.8738272548451,0.0,2.3495349175970333,,,True
72,1,-273.95695829363865,-8.083131038793567,1.2232170212833253,0.028157555345319895,0.02027012979038712,False
72,2,-277.80818289740506,-11.934355642559979,0.45710696479681523,0.06232199183976041,0.04794635808053953,False
72,3,-279.1413093131432,-13.267482058298128,0.2311103357523603,0.32478755902883405,0.26370768448004095,False
72,4,-279.0413632133255,-13.167535958480414,0.9046942372958452,0.9039136591857124,0.77377692535976,False
72,5,-279.114264565789,-13.24043731094389,0.9113665963026857,0.910907774175572,0.780267475773796,False
72,6,-279.685218622399,-13.811391367553938,0.6682401976840858,0.6788731889604189,0.5761624640865659,False
72,7,-278.64679407300866,-12.772966818163582,0.19981546650364762,0.09795039142802882,0.0798596458591755,False
72,8,-275.12977547636774,-9.255948221522658,1.6422109405471315,0.013602489484036596,0.011145467599676617,False
72,9,-265.56471245681064,0.3091147980344431,2.2252591137838227,,,True
73,0,-265.8738272548451,0.0,2.3495349175970333,,,True
73,1,-273.9980634208666,-8.12423616602149,1.2415303408605625,0.028996858050431458,0.02085336972892569,False
73,2,-277.8330556727049,-11.959228417859833,0.44646956347388744,0.06533536105940939,0.04979269741631417,False
73,3,-279.1414927640135,-13.26766550916841,0.4105231366027266,0.46888762265299255,0.38979474219014437,False
73,4,-279.09551403143075,-13.22168677658567,0.7359709258688801,0.736272831678079,0.6209243864878488,False
73,5,-279.16114785365414,-13.28732059880906,0.7375283409589795,0.737530127722304,0.6216174210461113,False
73,6,-279.75773481690464,-13.883907562059562,0.49433301244065864,0.5084698599216024,0.4095293373195736,False
73,7,-278.6616645230844,-12.787837268239343,0.19908192479335954,0.15130175317146208,0.13145459337738868,False
73,8,-275.1995865289634,-9.325759274118298,1.638789000707459,0.014676084234844579,0.012152497727286646,False
73,9,-265.56471245681064,0.3091147980344431,2.2252591137838227,,,True
74,0,-265.8738272548451,0.0,2.3495349175970333,,,True
74,1,-274.0383748529138,-8.164547598068737,1.2596392745675642,0.029823828201628284,0.021389615343442317,False
74,2,-277.8575340338603,-11.983706779015222,0.43736865250633383,0.06798271326426322,0.05157935585345351,False
74,3,-279.14105059987514,-13.267223345030061,0.5290502853935988,0.5537474972628289,0.4658227486714182,False
74,4,-279.16515457917194,-13.291327324326858,0.5032781758163485,0.5044039165055333,0.38753125191584276,False
74,5,-279.22245222475635,-13.34862496991127,0.502998998908908,0.5036201112027805,0.3852223818294523,False
74,6,-279.81148778501404,-13.937660530168955,0.38132306174905933,0.38254739726548265,0.33303923620106984,False
74,7,-278.67315990057557,-12.799332645730487,0.1949028574131385,0.2378722103012845,0.17680937661635257,False
74,8,-275.2674325259301,-9.393605271084994,1.6328216765613173,0.01543924708874195,0.013087888472417618,False
74,9,-265.56471245681064,0.3091147980344431,2.2252591137838227,,,True
75,0,-265.8738272548451,0.0,2.3495349175970333,,,True
75,1,-274.07805257612637,-8.204225321281285,1.2776410034112988,0.030603100387512214,0.02186598439173674,False
75,2,-277.8816791262327,-12.00785187138763,0.42882012250869944,0.07032687628697899,0.05331066423206672,False
75,3,-279.1487479974734,-13.274920742628296,0.5477037985189256,0.558008822772172,0.473023048607073,False
75,4,-279.2397208541721,-13.365893599327023,0.4794558313573955,0.46318226220660774,0.3784683900086311,False
75,5,-279.28796276605965,-13.414135511214567,0.5067131227686251,0.5109772216791482,0.3836774198707265,False
75,6,-279.8290623994486,-13.955235144603535,0.6657986445669618,0.6238025319415487,0.44226284804464683,False
75,7,-278.6837844625525,-12.809957207707441,0.216178458185559,0.31069918799846613,0.21795781331769298,False
75,8,-275.33357615043644,-9.45974889559136,1.6249654893347973,0.015865382248041123,0.013853186247689362,False
75,9,-265.56471245681064,0.3091147980344431,2.2252591137838227,,,True
76,0,-265.8738272548451,0.0,2.3495349175970333,,,True
76,1,-274.1174380666308,-8.243610811785743,1.2956970022813337,0.03132485873567834,0.0222890327356753,False
76,2,-277.90565915501776,-12.031831900172676,0.41975864159649195,0.07248368891749243,0.054994116052679884,False
76,3,-279.1678888208135,-13.294061565968434,0.4712993655391886,0.4893525798335475,0.41441439457788565,False
76,4,-279.31067955597564,-13.436852301130557,0.3975700225825947,0.385178496801132,0.31235255093182657,False
76,5,-279.34916518860877,-13.475337933763683,0.4580430738058807,0.4233632248372258,0.3246187072238582,False
76,6,-279.8200354178566,-13.946208163011534,1.1760186805738988,1.0657253783254717,0.8439171232825837,False
76,7,-278.69639745911087,-12.822570204265787,0.2641309414430002,0.34498330545729045,0.24653703029435586,False
76,8,-275.3985757279147,-9.524748473069621,1.6157368761848712,0.01588170233590391,0.014386673510122103,False
76,9,-265.56471245681064,0.3091147980344431,2.2252591137838227,,,True
77,0,-265.8738272548451,0.0,2.3495349175970333,,,True
77,1,-274.1566487323918,-8.28282147754669,1.3138510640764913,0.03199251891469885,0.022673942908398078,False
77,2,-277.9295158117589,-12.055688556913822,0.4094530004005304,0.07453881306104956,0.05661116178795128,False
77,3,-279.19605130276636,-13.322224047921281,0.34191479619409076,0.3828865970884424,0.3141128081772797,False
77,4,-279.3666908763473,-13.492863621502238,0.3409122102357258,0.34085107518338187,0.2671811562207275,False
77,5,-279.393981273457,-13.52015401861189,0.4872671183940909,0.34945396572658155,0.290081566040857,False
77,6,-279.8246840010878,-13.95085674624272,1.460173135061682,1.3052203509264517,1.063309042759545,False
77,7,-278.71246942760285,-12.838642172757773,0.26214703529899286,0.33500299029284253,0.2413352548095999,False
77,8,-275.46260547433155,-9.588778219486471,1.6055161047579898,0.015415111629214225,0.014664157641445151,False
77,9,-265.56471245681064,0.3091147980344431,2.2252591137838227,,,True
78,0,-265.8738272548451,0.0,2.3495349175970333,,,True
78,1,-274.19561562404624,-8.321788369201158,1.3320652695347195,0.03260754640603912,0.023033110918952333,False
78,2,-277.9531902843834,-12.079363029538342,0.3976875017379794,0.07650406290438555,0.05809963301377667,False
78,3,-279.22908035750584,-13.355253102660754,0.34606274700435585,0.3331756670852467,0.29057335164998244,False
78,4,-279.39540130555145,-13.521574050706363,0.45791073742193994,0.4334874293740681,0.3767309411189356,False
78,5,-279.41006076165274,-13.536233506807662,0.6035035229088374,0.6027592168923448,0.4820137196301578,False
78,6,-279.87467850239597,-14.000851247550884,1.3304091584579252,1.1974798735920207,0.988540297589987,False
78,7,-278.7315585088184,-12.857731253973327,0.21492111761899207,0.2852261682757127,0.20578849798185986,False
78,8,-275.5255363782127,-9.651709123367596,1.5945701537719648,0.014861871021077238,0.014683227057163075,False
78,9,-265.56471245681064,0.3091147980344431,2.2252591137838227,,,True
79,0,-265.8738272548451,0.0,2.3495349175970333,,,True
79,1,-274.2345477810877,-8.36072052624263,1.350440796459075,0.03317375065617093,0.023378442226570893,False
79,2,-277.9767927348561,-12.102965480010994,0.3846742827689445,0.078320686715577,0.05941172638237578,False
79,3,-279.2642111982663,-13.390383943421227,0.3713784735412157,0.31738460787325695,0.2763538162069585,False
79,4,-279.3949611627131,-13.521133907868034,0.8629691585491701,0.7987169721697084,0.5818587346422699,False
79,5,-279.39965372623493,-13.525826471389848,1.0179650587235731,1.0211755839242311,0.7373142118866911,False
79,6,-279.95315822235636,-14.079330967511282,0.8664341005368504,0.8035106230729565,0.6745329136100041,False
79,7,-278.7521015836477,-12.878274328802604,0.17236796662229875,0.20770554512282488,0.15544967181271996,False
79,8,-275.58769204207385,-9.713864787228772,1.5829349592854276,0.014592594293561294,0.014459168967700355,False
79,9,-265.56471245681064,0.3091147980344431,2.2252591137838227,,,True
80,0,-265.8738272548451,0.0,2.3495349175970333,,,True
80,1,-274.2739621523806,-8.400134897535509,1.3692108014927018,0.0337099672741369,0.023729080909725336,False
80,2,-278.0006033784282,-12.126776123583113,0.37099908622779376,0.07985763643073863,0.060878945791126134,False
80,3,-279.30022967809157,-13.426402423246486,0.4067143961417961,0.33327494323172985,0.26303876050516295,False
80,4,-279.3857393468072,-13.511912091962131,1.2154289975217016,1.127751135365356,0.7517794576135365,False
80,5,-279.39044689472473,-13.51661963987965,1.3010483780522222,1.308614865632994,1.0021661941352624,False
80,6,-280.018938297162,-14.145111042316898,0.3645152908409587,0.35884961159499956,0.29659240295647016,False
80,7,-278.7724808777409,-12.898653622895836,0.18848349915693172,0.17464413299928508,0.1438664012820485,False
80,8,-275.6498664083092,-9.776039153464126,1.5703684915936174,0.01539982056613682,0.014088079060044953,False
80,9,-265.56471245681064,0.3091147980344431,2.2252591137838227,,,True
81,0,-265.8738272548451,0.0,2.3495349175970333,,,True
81,1,-274.31393083090944,-8.44010357606436,1.3883750005164237,0.03423878231714033,0.02410371535945704,False
81,2,-278.0246178917297,-12.150790636884608,0.35765428756680595,0.08087783350189363,0.06167824285362473,False
81,3,-279.33636978951904,-13.462542534673958,0.4479721717185944,0.3518168262163304,0.2693697787419256,False
81,4,-279.4021161323449,-13.52828887749979,1.3069197693332872,1.2307513747313372,0.8341172566775228,False
81,5,-279.41495480648905,-13.541127551643967,1.2629668208701392,1.2747370147559978,1.005169496206828,False
81,6,-280.0528855272875,-14.179058272442433,0.411779810526991,0.3755845678197554,0.324248234018172,False
81,7,-278.7916380233967,-12.91781076855159,0.19383840359116866,0.17934836797590523,0.1515331195007943,False
81,8,-275.71212628558936,-9.838299030744281,1.5566210679317543,0.02031253259910857,0.016966948754013902,False
81,9,-265.56471245681064,0.3091147980344431,2.2252591137838227,,,True
82,0,-265.8738272548451,0.0,2.3495349175970333,,,True
82,1,-274.35392436070777,-8.480097105862683,1.4076543969532582,0.03476274893806682,0.024512419844793513,False
82,2,-278.0484711516154,-12.174643896770306,0.3457759563059348,0.08101585812745517,0.06169482795920386,False
82,3,-279.37270570571434,-13.498878450869256,0.4981265417060318,0.3781527387907058,0.28034854147384347,False
82,4,-279.458032761043,-13.584205506197918,1.063681931324687,1.021566179317796,0.7173031909333892,False
82,5,-279.4724562713386,-13.598629016493533,0.9175110130160901,0.9324926828129222,0.7612264969063072,False
82,6,-280.0639793008869,-14.190152046041817,0.6299043891586739,0.5346438713613243,0.4491874665721942,False
82,7,-278.8093818146275,-12.935554559782418,0.20227798220940135,0.1684676688729833,0.1439908494481461,False
82,8,-275.77362164303395,-9.899794388188866,1.541610648334172,0.02452467910923215,0.020378838748397587,False
82,9,-265.56471245681064,0.3091147980344431,2.2252591137838227,,,True
83,0,-265.8738272548451,0.0,2.3495349175970333,,,True
83,1,-274.39359676879417,-8.519769513949086,1.426876649321523,0.03526763147646732,0.02492786409399168,False
83,2,-278.07191437470976,-12.198087119864681,0.3477816806767137,0.07980631011808648,0.06069240948666754,False
83,3,-279.4112386655944,-13.537411410749314,0.5529278322511149,0.4080427168541614,0.299565718512625,False
83,4,-279.5311291768173,-13.657301921972191,0.6166064625917884,0.6014974522114213,0.4519306560654042,False
83,5,-279.53356988980704,-13.659742634961958,0.4833813931509463,0.4846456063560524,0.42265093229025086,False
83,6,-280.0711153833664,-14.197288128521336,0.7937938586861562,0.6690994066039277,0.5816322358421847,False
83,7,-278.82624800880507,-12.952420753959984,0.24626416344866325,0.16883335636169156,0.15963104641488818,False
83,8,-275.83383081761633,-9.960003562771249,1.5252254225065045,0.027100432172093934,0.022196982243143447,False
83,9,-265.56471245681064,0.3091147980344431,2.2252591137838227,,,True
84,0,-265.8738272548451,0.0,2.3495349175970333,,,True
84,1,-274.43318260663136,-8.55935535178628,1.4461492097296762,0.0357332469378035,0.025356501150919822,False
84,2,-278.0950329726365,-12.221205717791406,0.3479739115889912,0.07670542709919007,0.05827367836849322,False
84,3,-279.4549565632036,-13.581129308358527,0.5848608795187096,0.41584586101314736,0.3006279719383576,False
84,4,-279.59274854604695,-13.718921291201866,0.38845229156376987,0.39837809361443005,0.34751330567241306,False
84,5,-279.577594110388,-13.703766855542938,0.3763698418783015,0.3858217293992966,0.3317578027260499,False
84,6,-280.0895145566588,-14.215687301813716,0.8531966559658382,0.7119654440550205,0.6183249324494553,False
84,7,-278.84288552659126,-12.969058271746178,0.26738451329752155,0.17482569900308229,0.1564013201934946,False
84,8,-275.89312548097087,-10.019298226125784,1.507173503255333,0.027741894576906925,0.02226870313323523,False
84,9,-265.56471245681064,0.3091147980344431,2.2252591137838227,,,True
85,0,-265.8738272548451,0.0,2.3495349175970333,,,True
85,1,-274.47309370468304,-8.599266449837955,1.4656308180613338,0.03613570571272983,0.025774731222538545,False
85,2,-278.11798208636696,-12.244154831521882,0.3452016302205569,0.07116184667160264,0.053848019659524994,False
85,3,-279.5034885640681,-13.629661309223025,0.5405522260317731,0.35577225962960063,0.25831682290446273,False
85,4,-279.63547327209403,-13.76164601724895,0.4087315394924304,0.413178835016645,0.30725119676366763,False
85,5,-279.60562872639525,-13.73180147155017,0.5425625473640104,0.558742288161553,0.4058483479902402,False
85,6,-280.12556890684084,-14.251741651995758,0.8273718266635001,0.6789386442000108,0.5707372348311808,False
85,7,-278.8594897850253,-12.985662530180207,0.2710973001326573,0.16518925867046963,0.13070083241771788,False
85,8,-275.95210938456245,-10.078282129717365,1.4871679138804603,0.026425860335206202,0.020659165349923462,False
85,9,-265.56471245681064,0.3091147980344431,2.2252591137838227,,,True
86,0,-265.8738272548451,0.0,2.3495349175970333,,,True
86,1,-274.5134826748269,-8.639655419981807,1.4853130102300767,0.03643987239113465,0.026154764865752196,False
86,2,-278.14072067434324,-12.26689341949816,0.3383752416865952,0.06282387403686532,0.04679421614035702,False
86,3,-279.54857211825833,-13.674744863413252,0.3971255546324966,0.3567963074187439,0.2604753638039774,False
86,4,-279.6703428521409,-13.796515597295809,0.5879299838862616,0.594501458993955,0.44484498158311536,False
86,5,-279.629912128978,-13.75608487413291,0.6536955404117625,0.6707419430656899,0.5032232314405263,False
86,6,-280.1772830828363,-14.303455827991229,0.7343782783359979,0.5904989599881996,0.4501637407690255,False
86,7,-278.87584040703814,-13.002013152193058,0.2658920018021371,0.14980601703022067,0.11962421327169552,False
86,8,-276.01096727762706,-10.137140022781978,1.4651816944050784,0.02342002020724401,0.017689905688956557,False
86,9,-265.56471245681064,0.3091147980344431,2.2252591137838227,,,True
87,0,-265.8738272548451,0.0,2.3495349175970333,,,True
87,1,-274.5542655707677,-8.680438315922629,1.5050469300343343,0.03659443887079603,0.026455860328096374,False
87,2,-278.163037024118,-12.28920976927293,0.32647562276257575,0.05199986831966717,0.04193778210943364,False
87,3,-279.5766828418049,-13.7028555869598,0.3783483022550483,0.38460972669767796,0.2718548351188452,False
87,4,-279.71215844001455,-13.838331185169466,0.6759760826694198,0.6825257032640877,0.5293939780449051,False
87,5,-279.66199187227136,-13.788164617426276,0.6807126649738868,0.6985180992041824,0.5227211039587694,False
87,6,-280.23732713807715,-14.363499883232066,0.5849491337410302,0.46551344015967033,0.3783343873578441,False
87,7,-278.89176954558775,-13.017942290742667,0.2592239518930042,0.14070847325242553,0.13165802185562112,False
87,8,-276.0695318721588,-10.195704617313709,1.441480506308499,0.019245835078079494,0.01577371782973517,False
87,9,-265.56471245681064,0.3091147980344431,2.2252591137838227,,,True
88,0,-265.8738272548451,0.0,2.3495349175970333,,,True
88,1,-274.5953071601564,-8.721479905311298,1.524636834617217,0.03653559173575423,0.02662748703802929,False
88,2,-278.18468585153107,-12.31085859668599,0.3108793109984633,0.040803617032889816,0.03496592365808348,False
88,3,-279.5802360756069,-13.706408820761794,0.5576740550871314,0.6109892819293822,0.42511074207217164,False
88,4,-279.76989481962744,-13.896067564782356,0.6957206466508816,0.6853912180535457,0.5412690160445723,False
88,5,-279.70705157793464,-13.833224323089553,0.6419726368483591,0.6599260956445325,0.5128598888808079,False
88,6,-280.2964165151368,-14.422589260291716,0.4552496725230827,0.3851552347245985,0.35719028588638985,False
88,7,-278.9074548553184,-13.033627600473324,0.25365934131785717,0.14315094142719187,0.1359299142017032,False
88,8,-276.12757477828944,-10.25374752344436,1.4165274127939744,0.01720736017355369,0.015719236888174143,False
88,9,-265.56471245681064,0.3091147980344431,2.2252591137838227,,,True
89,0,-265.8738272548451,0.0,2.3495349175970333,,,True
89,1,-274.6364535627581,-8.762626307913024,1.5438503439028877,0.036193974717076915,0.02661399773693529,False
89,2,-278.2054523372646,-12.33162508241952,0.3043584545033143,0.03891337968218014,0.03520434645442982,False
89,3,-279.57033607140556,-13.696508816560481,0.9640216819118727,0.9292422456395409,0.6862289874349748,False
89,4,-279.8444347610861,-13.970607506241038,0.6447822853361892,0.6192915066371283,0.49188873678415196,False
89,5,-279.76388681637354,-13.89005956152846,0.5598010595346029,0.577237252263356,0.45690007721213016,False
89,6,-280.34779451623535,-14.473967261390271,0.49841993850275484,0.4471368829816278,0.4183533200220874,False
89,7,-278.92329875251187,-13.049471497666786,0.2461946241017055,0.17824104796997733,0.14507341075594624,False
89,8,-276.18485895840377,-10.311031703558683,1.3909079153787618,0.01724402339820147,0.015823720619262117,False
89,9,-265.56471245681064,0.3091147980344431,2.2252591137838227,,,True
90,0,-265.8738272548451,0.0,2.3495349175970333,,,True
90,1,-274.6773666727761,-8.803539417931006,1.5623477912480197,0.03550434523524645,0.02636050202827246,False
90,2,-278.22511579518346,-12.351288540338373,0.29569798471317604,0.04314110219867791,0.037606651050524055,False
90,3,-279.5750238293723,-13.701196574527216,1.1837497722448445,1.092930124416397,0.8235115799665258,False
90,4,-279.93043116701165,-14.056603912166565,0.5322646737425119,0.5514959898878153,0.5186186383346053,False
90,5,-279.82799943618693,-13.954172181341846,0.5400192244645372,0.5373434080588764,0.5056096756094752,False
90,6,-280.3927324481185,-14.51890519327344,0.5430849496047329,0.5258510471698438,0.4851293178204335,False
90,7,-278.9395515552317,-13.065724300386591,0.23196477939986704,0.19183621936188494,0.15538567240503906,False
90,8,-276.24091703052795,-10.36708977568287,1.365332977661618,0.017530137445154043,0.016141863762915824,False
90,9,-265.56471245681064,0.3091147980344431,2.2252591137838227,,,True
91,0,-265.8738272548451,0.0,2.3495349175970333,,,True
91,1,-274.7175004294305,-8.843673174585433,1.579706188378619,0.0344201135198844,0.025822821060215398,False
91,2,-278.2434831502178,-12.369655895372716,0.28759140078162493,0.05927401950032228,0.04589831470943565,False
91,3,-279.61222877075744,-13.738401515912358,1.100314369007658,1.0189346320655492,0.7809472571780683,False
91,4,-280.0177193113391,-14.143892056493996,0.5176420390942997,0.5316543558183411,0.5031766416351248,False
91,5,-279.8938914369399,-14.020064182094814,0.5525485806261864,0.5492863350806535,0.5198792718835116,False
91,6,-280.44093233294325,-14.567105078098166,0.6749775908487835,0.6804027181541346,0.6287892699208899,False
91,7,-278.9560924945995,-13.082265239754406,0.2084588098732577,0.1841274011311271,0.1480017234825007,False
91,8,-276.2950430473087,-10.421215792463613,1.3405660809958273,0.018080038502703965,0.016692468975736008,False
91,9,-265.56471245681064,0.3091147980344431,2.2252591137838227,,,True
92,0,-265.8738272548451,0.0,2.3495349175970333,,,True
92,1,-274.7565217202159,-8.882694465370832,1.5956335856838193,0.03291907391328986,0.02497369182718054,False
92,2,-278.2605894094404,-12.386762154595317,0.2829351623502232,0.07989824976653082,0.05795095722081678,False
92,3,-279.6689305231072,-13.795103268262096,0.7681529505688616,0.7413564941468229,0.5849573607014226,False
92,4,-280.09107261145294,-14.217245356607862,0.3693472799223823,0.3895373250628136,0.3732303465531018,False
92,5,-279.95393236910456,-14.080105114259482,0.45719072674062927,0.45346623802736624,0.43370932849350347,False
92,6,-280.49892005382964,-14.625092798984554,0.7123096898677411,0.7040247024244521,0.6375312455161712,False
92,7,-278.97262012149486,-13.098792866649774,0.1767566599419884,0.15878510538870802,0.12584662581796346,False
92,8,-276.3468684943116,-10.47304123946651,1.3171038798278818,0.018868085952889278,0.017460624400356606,False
92,9,-265.56471245681064,0.3091147980344431,2.2252591137838227,,,True
93,0,-265.8738272548451,0.0,2.3495349175970333,,,True
93,1,-274.79480290493115,-8.920975650086064,1.6101400421826284,0.030979498029610985,0.02378831078165347,False
93,2,-278.27684810152743,-12.403020846682352,0.27815939512544974,0.0969469446452393,0.06734583594927412,False
93,3,-279.71701919633847,-13.843191941493387,0.3442464367475208,0.3707454738924033,0.31122546938021123,False
93,4,-280.1334726980915,-14.259645443246427,0.4003180464694086,0.393396228889936,0.3538711764904171,False
93,5,-279.99745714292874,-14.123629888083656,0.4773135803575581,0.4770476564406387,0.4276005486505735,False
93,6,-280.55669865961977,-14.682871404774687,0.5739236388187351,0.556437299378962,0.49342792886639075,False
93,7,-278.9890209364636,-13.115193681618507,0.16648090482357555,0.12080985602197701,0.0927664283647879,False
93,8,-276.39697386832717,-10.523146613482083,1.2948628747808237,0.01986282538159923,0.018423548068728746,False
93,9,-265.56471245681064,0.3091147980344431,2.2252591137838227,,,True
94,0,-265.8738272548451,0.0,2.3495349175970333,,,True
94,1,-274.8335928560708,-8.95976560122574,1.6234813633468763,0.02853163873629113,0.022209766856552314,False
94,2,-278.2930270161169,-12.419199761271841,0.2729565554999221,0.10707951208670022,0.07692087385477156,False
94,3,-279.7387879533764,-13.86496069853132,0.22679568807657804,0.23638153436372883,0.1836831478967172,False
94,4,-280.1333394847419,-14.259512229896814,0.5717496782669087,0.5404892607155528,0.43911572878103805,False
94,5,-280.0135127852358,-14.139685530390693,0.6112364932236258,0.6084076015923214,0.5694699873143385,False
94,6,-280.5889009608294,-14.71507370598431,0.3382620478504724,0.3035957138995894,0.2351088901431171,False
94,7,-279.00557092134727,-13.131743666502189,0.16797836642177202,0.09279995369049243,0.08536969326391161,False
94,8,-276.44703275088654,-10.573205496041453,1.2730902758448701,0.021063162326595594,0.019582408869070363,False
94,9,-265.56471245681064,0.3091147980344431,2.2252591137838227,,,True
95,0,-265.8738272548451,0.0,2.3495349175970333,,,True
95,1,-274.8508485963403,-8.977021341495231,1.6287934799016264,0.029409113428136128,0.022501891236677403,False
95,2,-278.3017109229826,-12.427883668137497,0.2672831817670809,0.05686514365736624,0.0415068727128196,False
95,3,-279.7660841915523,-13.892256936707213,0.18303452390409852,0.14065118738252308,0.12734498592872137,False
95,4,-280.22286068725174,-14.349033432406657,0.22263795336092873,0.1977794515401017,0.16199639044416844,False
95,5,-280.10131659621527,-14.227489341370188,0.2665085826102212,0.24892921355615225,0.22994384561743533,False
95,6,-280.6339287809907,-14.760101526145604,0.1810188918570542,0.18031598902773652,0.1369877301578474,False
95,7,-279.01519003389535,-13.141362779050269,0.17035794559786324,0.09483078174430361,0.08863331488752547,False
95,8,-276.47032126645433,-10.596494011609252,1.2692373860699304,0.020513861912414406,0.01897607636933797,False
95,9,-265.56471245681064,0.3091147980344431,2.2252591137838227,,,True
96,0,-265.8738272548451,0.0,2.3495349175970333,,,True
96,1,-274.87878702465497,-9.004959769809886,1.6366426712687545,0.02979232629572785,0.02229717611092473,False
96,2,-278.31329270934646,-12.439465454501374,0.25945684888518894,0.04205226745864836,0.03235990073405593,False
96,3,-279.784207675282,-13.910380420436923,0.21425248596286472,0.1588844181880803,0.1428455983848471,False
96,4,-280.2474659904352,-14.373638735590134,0.4378672183471709,0.4250565498965765,0.35167586045653576,False
96,5,-280.13262029582336,-14.258793040978276,0.48412984465069525,0.4699138124170618,0.4034440894920695,False
96,6,-280.6488255441791,-14.774998289334007,0.276420183101534,0.21471375257854722,0.14878931600021425,False
96,7,-279.02787521004973,-13.154047955204646,0.17343854001980324,0.09952811987016152,0.093045474187239,False
96,8,-276.5075387051537,-10.633711450308624,1.257142876749819,0.022867151428822875,0.019712778625764392,False
96,9,-265.56471245681064,0.3091147980344431,2.2252591137838227,,,True
97,0,-265.8738272548451,0.0,2.3495349175970333,,,True
97,1,-274.9151347044974,-9.041307449652322,1.6454095589733875,0.028941039050141948,0.021180363586438128,False
97,2,-278.32647641046174,-12.452649155616655,0.27658672000693246,0.039923079049037774,0.030154832634890938,False
97,3,-279.7963537208132,-13.922526465968133,0.2602485993134036,0.1845444637023056,0.16303465208176685,False
97,4,-280.2940382510179,-14.420210996172841,0.3152932179965185,0.324572385434337,0.2783248266139257,False
97,5,-280.1857080223852,-14.311880767540117,0.32944716823610737,0.3159957400293989,0.2926983948616535,False
97,6,-280.6618166548154,-14.787989399970343,0.28313679429693667,0.19551409398106243,0.1608889039535856,False
97,7,-279.043186177355,-13.1693589225099,0.18328157100743442,0.10726801728562062,0.09928488083196556,False
97,8,-276.55515306602433,-10.68132581117925,1.234968752343696,0.023085702855451896,0.0193425698622283,False
97,9,-265.56471245681064,0.3091147980344431,2.2252591137838227,,,True
98,0,-265.8738272548451,0.0,2.3495349175970333,,,True
98,1,-274.95496467209773,-9.081137417252648,1.6530478881314732,0.026841847035982667,0.019274461608259345,False
98,2,-278.34002491582197,-12.466197660976889,0.28909940598897876,0.05330877948442839,0.04619733340856619,False
98,3,-279.8127871875851,-13.938959932740033,0.31736457641950205,0.2188245565454378,0.19360665855122547,False
98,4,-280.3421728105187,-14.468345555673636,0.21720364071590267,0.22379591214013397,0.19118376990526373,False
98,5,-280.2346286220401,-14.360801367194995,0.21435803933054345,0.21030439159229675,0.18294980275336695,False
98,6,-280.67793278888996,-14.80410553404488,0.23928358018553564,0.1539891535671012,0.12248356052216552,False
98,7,-279.06028120323185,-13.18645394838677,0.20036940171021603,0.11780793148711888,0.10820198382580655,False
98,8,-276.6063213060385,-10.732494051193441,1.2064499859180235,0.018790918965877732,0.016585243021973072,False
98,9,-265.56471245681064,0.3091147980344431,2.2252591137838227,,,True
99,0,-265.8738272548451,0.0,2.3495349175970333,,,True
99,1,-274.9985805371176,-9.124753282272536,1.6590168904734293,0.023804049780323883,0.016836925706024006,False
99,2,-278.3544657491258,-12.480638494280697,0.28936472242362005,0.05777251936967399,0.05180181571516316,False
99,3,-279.8402490205684,-13.96642176572334,0.38233622814067114,0.2604075275790951,0.23410303999377588,False
99,4,-280.377347730303,-14.50352047545789,0.3423006677323901,0.35277291100566643,0.27524998757998875,False
99,5,-280.2653800416696,-14.39155278682449,0.37720091422136315,0.38367555631860545,0.33416127964470377,False
99,6,-280.6901339474472,-14.816306692602097,0.16654949702466246,0.13900893417947927,0.1236184364848203,False
99,7,-279.080011061752,-13.206183806906893,0.22164000535109388,0.13123121723281944,0.12047921432663874,False
99,8,-276.66118967305283,-10.78736241820775,1.1741845418800183,0.018780803433594815,0.01692377017577905,False
99,9,-265.56471245681064,0.3091147980344431,2.2252591137838227,,,True
100,0,-265.8738272548451,0.0,2.3495349175970333,,,True
100,1,-275.0452579859185,-9.171430731073428,1.662733479037956,0.020317345996529276,0.014232622200025542,False
100,2,-278.36965270775625,-12.495825452911163,0.2808566851047075,0.052037886195969975,0.04665851888974539,False
100,3,-279.880182304658,-14.006355049812896,0.4459903695250487,0.3015360032977589,0.27614261170052545,False
100,4,-280.411725714707,-14.537898459861935,0.3007377179584438,0.2854711988747283,0.258360205120671,False
100,5,-280.2975150146423,-14.42368775979719,0.27575548560714225,0.27856751391778634,0.2280012362203093,False
100,6,-280.6972476616272,-14.823420406782134,0.10756791989237725,0.12625054937477592,0.109171987966459,False
100,7,-279.1024586929816,-13.228631438136517,0.24721330308321618,0.14658325948498757,0.13496970180982024,False
100,8,-276.7186655888629,-10.844838334017822,1.1412971063500263,0.019917228267543906,0.01812544534995376,False
100,9,-265.56471245681064,0.3091147980344431,2.2252591137838227,,,True
101,0,-265.8738272548451,0.0,2.3495349175970333,,,True
101,1,-275.0934840022456,-9.219656747400506,1.6638560368326238,0.017032177009001902,0.011908593365295986,False
101,2,-278.38497965291225,-12.511152398067168,0.2664501432251751,0.038583234259925346,0.034115365732040534,False
101,3,-279.9323197717789,-14.058492516933825,0.5107627212299238,0.3440892568931962,0.31964532922234845,False
101,4,-280.4428752561397,-14.569048001294618,0.26773791827912635,0.25940629397017984,0.22819496757647814,False
101,5,-280.32508338882144,-14.451256133976358,0.1710150169004453,0.17054041426325992,0.14699434748367024,False
101,6,-280.70375368778514,-14.829926432940056,0.15626566178408438,0.1732754080003327,0.15924038559650006,False
101,7,-279.1276629069332,-13.253835652088128,0.2754705017657409,0.17188385960547237,0.14909271817252273,False
101,8,-276.77680802293366,-10.902980768088582,1.109928990165931,0.021743462440489702,0.02002158808990897,False
101,9,-265.56471245681064,0.3091147980344431,2.2252591137838227,,,True
102,0,-265.8738272548451,0.0,2.3495349175970333,,,True
102,1,-275.14294644757115,-9.269119192726066,1.662429595713884,0.014601966320456463,0.010283264164835187,False
102,2,-278.4001502907513,-12.526323035906216,0.24893720710109457,0.03071184893190949,0.024541879611943047,False
102,3,-280.0002560347029,-14.126428779857804,0.59035739133234,0.3950440821172948,0.36834676630321544,False
102,4,-280.4680269585306,-14.59419970368549,0.20906011213415882,0.2147933650165668,0.14169926800941862,False
102,5,-280.3431949345487,-14.469367679703623,0.23308208409238712,0.2349214052414722,0.1987209260287423,False
102,6,-280.7121858889771,-14.838358634132021,0.1091008352553574,0.13608372122475484,0.11739530492493264,False
102,7,-279.1563799161131,-13.282552661268028,0.3032452818623886,0.20206494773776926,0.159509559040968,False
102,8,-276.8352314887019,-10.961404233856797,1.079752916607949,0.024072167083070552,0.022322684135604908,False
102,9,-265.56471245681064,0.3091147980344431,2.2252591137838227,,,True
103,0,-265.8738272548451,0.0,2.3495349175970333,,,True
103,1,-275.1927566735284,-9.318929418683297,1.658722053103668,0.013357960930571457,0.00979865858897105,False
103,2,-278.41481051850275,-12.540983263657665,0.23543724261829685,0.029641958586677217,0.024091428792165772,False
103,3,-280.08466085160353,-14.210833596758448,0.580893399295231,0.3603709007729687,0.33406871685524775,False
103,4,-280.4910399496392,-14.617212694794091,0.20884022032264293,0.21113066799048993,0.14353863212394274,False
103,5,-280.3617226398479,-14.487895385002844,0.2437044436718007,0.24434831664676562,0.21486560791163553,False
103,6,-280.71947960688493,-14.84565235203985,0.12237022815296347,0.08200568564170127,0.0603710399666014,False
103,7,-279.18863541242763,-13.314808157582547,0.322076835754437,0.22821137648174672,0.15997987696770383,False
103,8,-276.8929269617814,-11.019099706936345,1.049525967764173,0.026597162426409898,0.024703129819004337,False
103,9,-265.56471245681064,0.3091147980344431,2.2252591137838227,,,True
104,0,-265.8738272548451,0.0,2.3495349175970333,,,True
104,1,-275.24219593728867,-9.368368682443588,1.6531217900903115,0.01326426526099182,0.010250089292486088,False
104,2,-278.4288375951459,-12.55501034030084,0.23266764158208458,0.028788918655450028,0.023375773032174432,False
104,3,-280.1525279223248,-14.278700667479711,0.25178839238989437,0.19592051984434788,0.13654514953940533,False
104,4,-280.5160480024152,-14.642220747570093,0.19355184680556306,0.19370939143803725,0.158515037930958,False
104,5,-280.3840681907128,-14.510240935867728,0.15245907209136458,0.15140560609718395,0.12726874456507656,False
104,6,-280.7248257810901,-14.850998526245007,0.1488298673345896,0.0842798352202516,0.0677848700568779,False
104,7,-279.22332664398095,-13.349499389135872,0.3340099840885478,0.23431414060187764,0.15429060932053157,False
104,8,-276.94914624141205,-11.07531898656697,1.0182838897126125,0.029035690775521178,0.02692020684068993,False
104,9,-265.56471245681064,0.3091147980344431,2.2252591137838227,,,True
105,0,-265.8738272548451,0.0,2.3495349175970333,,,True
105,1,-275.29416251235284,-9.420335257507759,1.6454397725570993,0.014049135776842941,0.010441594453792058,False
105,2,-278.4432050086049,-12.569377753759795,0.2286679931327879,0.028038429645258277,0.022772170318319195,False
105,3,-280.15224817858564,-14.278420923740555,0.4889867349283622,0.5048627055476534,0.45429279865299815,False
105,4,-280.5410898000523,-14.667262545207223,0.12224730267130045,0.1214895981605282,0.09775603564705522,False
105,5,-280.40505241065415,-14.531225155809068,0.14415545697296187,0.13436910576886743,0.10674724364954746,False
105,6,-280.7312435113349,-14.857416256489842,0.1743141348477348,0.09976229674242919,0.09493426320109861,False
105,7,-279.25880649253264,-13.38497923768756,0.2975226634756614,0.19058615917839244,0.11925905784822483,False
105,8,-277.00718773455776,-11.133360479712678,0.9839077539622938,0.031407874509249756,0.02898183517310738,False
105,9,-265.56471245681064,0.3091147980344431,2.2252591137838227,,,True
106,0,-265.8738272548451,0.0,2.3495349175970333,,,True
106,1,-275.353022736361,-9.479195481515944,1.6345783811886754,0.014862060116137431,0.011074672945213748,False
106,2,-278.45929399369277,-12.585466738847686,0.2234596152314684,0.02886007270397005,0.022528854861351227,False
106,3,-280.12764350751866,-14.253816252673573,0.9970645560513764,0.853112960513174,0.7277046757393736,False
106,4,-280.5632721181643,-14.689444863319238,0.19353029865114066,0.18781187905277544,0.12814579303267615,False
106,5,-280.4233112142118,-14.54948395936674,0.22118927262535615,0.2198573935454944,0.15259502376589398,False
106,6,-280.7391669668262,-14.865339711981107,0.13614839318165797,0.07038603699155803,0.06741503661839468,False
106,7,-279.28727804107814,-13.413450786233057,0.18807372710226053,0.10352212721972749,0.07221630578117869,False
106,8,-277.0717322228618,-11.1979049680167,0.944422425367117,0.03421865866508109,0.0313156132685186,False
106,9,-265.56471245681064,0.3091147980344431,2.2252591137838227,,,True
107,0,-265.8738272548451,0.0,2.3495349175970333,,,True
107,1,-275.41447570035064,-9.540648445505553,1.6207348610847523,0.014791751849680491,0.010983047601924534,False
107,2,-278.4760635469324,-12.602236292087298,0.21784632094443615,0.030416153595014702,0.022756901438817468,False
107,3,-280.17333138017807,-14.299504125332987,0.6372661378822148,0.5141108134433205,0.38884812617311604,False
107,4,-280.58375082196267,-14.709923567117585,0.14817243482823128,0.1443544127794495,0.12856063666281928,False
107,5,-280.4435202461747,-14.569692991329646,0.1527927226330882,0.14911503218520739,0.10903729824309429,False
107,6,-280.7463336263461,-14.872506371501004,0.10502178995708801,0.07773884055474148,0.07549594485649584,False
107,7,-279.2959209486012,-13.422093693756096,0.21561971466889648,0.31079473800898894,0.25835024570525095,False
107,8,-277.13786262654224,-11.264035371697162,0.9041260579823642,0.03760126500682195,0.03406731047632329,False
107,9,-265.56471245681064,0.3091147980344431,2.2252591137838227,,,True
108,0,-265.8738272548451,0.0,2.3495349175970333,,,True
108,1,-275.47563556748594,-9.601808312640856,1.6044592851099766,0.013696137183426455,0.010378751174225789,False
108,2,-278.49280701288285,-12.618979758037767,0.21237928498238398,0.03194181168733297,0.02403269147370036,False
108,3,-280.20150215391243,-14.327674899067347,0.34283570915324546,0.30505472655710814,0.22078434246027429,False
108,4,-280.6047750421949,-14.730947787349805,0.1234225799215871,0.12082012358447478,0.10814797934003975,False
108,5,-280.46492414745734,-14.591096892612256,0.09102904199062456,0.09063460785406253,0.08677125201375545,False
108,6,-280.7531968496015,-14.87936959475644,0.10364985934737189,0.080282291058751,0.07812715780775552,False
108,7,-279.3008333643425,-13.427006109497427,0.3347884790756451,0.3928932736878006,0.3362769564479098,False
108,8,-277.20247811411303,-11.328650859267952,0.8660251568518997,0.04134694491977799,0.037106262177294354,False
108,9,-265.56471245681064,0.3091147980344431,2.2252591137838227,,,True
109,0,-265.8738272548451,0.0,2.3495349175970333,,,True
109,1,-275.53937175271733,-9.665544497872247,1.5850680113963724,0.01185751166261496,0.010684235099600977,False
109,2,-278.5103649119643,-12.63653765711922,0.20686897930641426,0.03369061525126668,0.025307952651759447,False
109,3,-280.2084538369113,-14.334626582066221,0.4414870109899692,0.41877195470721706,0.3678580370504763,False
109,4,-280.6250668198686,-14.751239565023525,0.1381022035910151,0.13278050663251165,0.11654833391478918,False
109,5,-280.48440630833215,-14.610579053487072,0.1388437500264826,0.13741794279968358,0.12572453011978604,False
109,6,-280.7612489782655,-14.887421723420402,0.09410420372353448,0.07536047283111615,0.0720461041017343,False
109,7,-279.3237266435714,-13.449899388726294,0.23677380561841466,0.29213437940394704,0.24622251364497855,False
109,8,-277.26862574580946,-11.394798490964376,0.8277403495569666,0.04563640320514196,0.04062409371063923,False
109,9,-265.56471245681064,0.3091147980344431,2.2252591137838227,,,True
110,0,-265.8738272548451,0.0,2.3495349175970333,,,True
110,1,-275.6038248133864,-9.7299975585413,1.5633255536847408,0.011725212674736838,0.011113458418695842,False
110,2,-278.52829423004886,-12.654466975203775,0.20472433417304456,0.0358508144196881,0.02670918198071382,False
110,3,-280.2337905202725,-14.359963265427439,0.44747852252695103,0.35566439052540233,0.3055695705738997,False
110,4,-280.64324511840107,-14.769417863555987,0.10865545931667742,0.10473980844960593,0.09131778683088144,False
110,5,-280.50346820961056,-14.629640954765478,0.12852671571396537,0.12164894285929381,0.09996931106588973,False
110,6,-280.76956083704295,-14.895733582197863,0.08964945130346934,0.061288442843217605,0.05465520014717934,False
110,7,-279.35593184214525,-13.48210458730017,0.18628924362920482,0.20719022820248323,0.18215517202584783,False
110,8,-277.3343576965907,-11.460530441745618,0.7890157842027666,0.050386960460965906,0.0445531878916026,False
110,9,-265.56471245681064,0.3091147980344431,2.2252591137838227,,,True
111,0,-265.8738272548451,0.0,2.3495349175970333,,,True
111,1,-275.66806685375104,-9.79423959890596,1.5400496054985355,0.01216434544203359,0.011534172860467689,False
111,2,-278.54642731342045,-12.67260005857537,0.20483004373207075,0.038579510367513545,0.028595296404099305,False
111,3,-280.26592343936363,-14.39209618451855,0.3036568601813356,0.2262944510242157,0.17853087959926986,False
111,4,-280.6604523972311,-14.786625142386015,0.11811743640858698,0.11457844454569271,0.1108475688939691,False
111,5,-280.52328711294797,-14.649459858102887,0.10273809837282082,0.08565826625594143,0.0850458588881281,False
111,6,-280.7770390351309,-14.903211780285801,0.09718044643748963,0.05931441260881476,0.04717949566572635,False
111,7,-279.38389370707733,-13.510066452232252,0.1821787898588862,0.13059188713649686,0.09406361807364544,False
111,8,-277.3987809565706,-11.524953701725508,0.749772526433448,0.05532294153053475,0.048617379238011654,False
111,9,-265.56471245681064,0.3091147980344431,2.2252591137838227,,,True
112,0,-265.8738272548451,0.0,2.3495349175970333,,,True
112,1,-275.7336146332153,-9.859787378370243,1.5151270788364728,0.012538012441726587,0.011891998003083652,False
112,2,-278.56530267162793,-12.69147541678285,0.20143836553141123,0.04214939173136937,0.03146227126420635,False
112,3,-280.2892494090916,-14.415422154246528,0.2714428420574667,0.2216415807298668,0.2181558724847562,False
112,4,-280.6773706425765,-14.803543387731395,0.09547910112746584,0.10094930425089506,0.06907815174324293,False
112,5,-280.54261082743085,-14.668783572585767,0.13782532649305743,0.10771565713221944,0.09089555247010822,False
112,6,-280.78414043229475,-14.910313177449666,0.10393825522713068,0.07193474471222217,0.05753696426713974,False
112,7,-279.40360057259255,-13.52977331774747,0.2187651335780338,0.13308261096157448,0.12365203960384383,False
112,8,-277.4634690904144,-11.589641835569296,0.7097672680071722,0.06010310645416993,0.05249370598648681,False
112,9,-265.56471245681064,0.3091147980344431,2.2252591137838227,,,True
113,0,-265.8738272548451,0.0,2.3495349175970333,,,True
113,1,-275.80180899959134,-9.927981744746262,1.4880249127478458,0.012867954159651498,0.01222396592445751,False
113,2,-278.5854350969673,-12.711607842122191,0.1947346334613024,0.046991462913455025,0.03567414237673867,False
113,3,-280.305057594182,-14.431230339336935,0.2663048217557804,0.2952211004976373,0.27966673124415387,False
113,4,-280.6946738062271,-14.820846551382033,0.10145022882143027,0.11047297068317807,0.07033957301419805,False
113,5,-280.5629431808752,-14.689115926030127,0.16593212474316743,0.12541355205228813,0.10945839724048344,False
113,6,-280.79171482547144,-14.917887570626363,0.09437379454701605,0.08953013008994923,0.07790434354091343,False
113,7,-279.4200451803554,-13.546217925510291,0.2978395694655506,0.22238035615670895,0.19654178946422876,False
113,8,-277.52976196083534,-11.655934705990262,0.669789493595209,0.06401376530842359,0.05564472279342819,False
113,9,-265.56471245681064,0.3091147980344431,2.2252591137838227,,,True
114,0,-265.8738272548451,0.0,2.3495349175970333,,,True
114,1,-275.87156630843947,-9.997739053594387,1.458826353810811,0.013164821076495027,0.012538063553736933,False
114,2,-278.6066452164129,-12.732817961567832,0.1859192820031025,0.05350001293536777,0.04139394099151665,False
114,3,-280.32210605093803,-14.44827879609295,0.26883782298060793,0.2538673570153721,0.21545906027576797,False
114,4,-280.71242174855377,-14.838594493708683,0.10887369328445433,0.10642873767509833,0.1006382239476118,False
114,5,-280.5856023471287,-14.71177509228363,0.17834732346298718,0.11040550142484694,0.0799231172511116,False
114,6,-280.7997299706683,-14.925902715823213,0.08188983372248568,0.08744463667174514,0.07976980908979012,False
114,7,-279.4400298186561,-13.566202563811032,0.2775216826881607,0.19143809003378887,0.1677925523783334,False
114,8,-277.59659896524323,-11.722771710398149,0.6317260155623983,0.06526948517006245,0.05680746861779656,False
114,9,-265.56471245681064,0.3091147980344431,2.2252591137838227,,,True
115,0,-265.8738272548451,0.0,2.3495349175970333,,,True
115,1,-275.9412684590995,-10.067441204254408,1.427951165210463,0.013372722028802133,0.012763099318688749,False
115,2,-278.6285989118115,-12.754771656966398,0.17818476863144575,0.062036418956331954,0.04891572890370779,False
115,3,-280.3438200799188,-14.469992825073746,0.20172546219037202,0.23799820119492743,0.2047712509161703,False
115,4,-280.73064013101987,-14.856812876174786,0.11778413856888278,0.11100914886848395,0.0823151798536393,False
115,5,-280.6090582011457,-14.73523094630059,0.17631361395303266,0.11973321882269786,0.08824849914011904,False
115,6,-280.8078397347696,-14.93401247992449,0.08266881249715441,0.07557731124407235,0.060040786338894474,False
115,7,-279.46286179540186,-13.589034540556781,0.2777554954673261,0.1497105910317451,0.1412348911914724,False
115,8,-277.6623337818776,-11.788506527032496,0.604789087099481,0.06085413255119868,0.053768322953001074,False
115,9,-265.56471245681064,0.3091147980344431,2.2252591137838227,,,True
116,0,-265.8738272548451,0.0,2.3495349175970333,,,True
116,1,-276.0102989905448,-10.136471735699729,1.3956856839108347,0.013463313785987635,0.012857922724652898,False
116,2,-278.65130593482115,-12.77747867997607,0.19181433259131703,0.07317897841967828,0.05888573628014935,False
116,3,-280.3648736273456,-14.491046372500534,0.2356017980333165,0.19374637614100107,0.17257710035320992,False
116,4,-280.74975251172475,-14.875925256879668,0.13139170297101246,0.12412897541516199,0.09170599846550125,False
116,5,-280.63367482677,-14.759847571924922,0.16819758639792712,0.14575535924853708,0.1071513709123644,False
116,6,-280.8162519829377,-14.94242472809259,0.07788001090755668,0.07098423292234188,0.05416040785283249,False
116,7,-279.48731077805553,-13.613483523210448,0.28572377326233683,0.16466328565289723,0.15156220064491957,False
116,8,-277.7260774737615,-11.852250218916424,0.5803623419621544,0.047667908095979754,0.043797536816534796,False
116,9,-265.56471245681064,0.3091147980344431,2.2252591137838227,,,True
117,0,-265.8738272548451,0.0,2.3495349175970333,,,True
117,1,-276.07882783766684,-10.205000582821754,1.362232168561778,0.01413512195830725,0.012879357073375761,False
117,2,-278.6751451327674,-12.801317877922315,0.20995254210200653,0.08794657480276385,0.07271277492948303,False
117,3,-280.38024832838266,-14.506421073537581,0.2763381590548619,0.21921631511291778,0.20521433610927392,False
117,4,-280.77006963688865,-14.896242382043567,0.14502859208701468,0.13665070319444972,0.10016045591916145,False
117,5,-280.6613837621893,-14.78755650734422,0.19681989970887376,0.17577751392321883,0.12818244491995898,False
117,6,-280.82533732336276,-14.951510068517678,0.07343657633922425,0.04924931966982999,0.040728821216869805,False
117,7,-279.5128395226624,-13.639012267817293,0.18974810841074344,0.08859992430061064,0.06903341492729924,False
117,8,-277.78740115759615,-11.913573902751068,0.54662704320772,0.03175127024266396,0.029732296532885623,False
117,9,-265.56471245681064,0.3091147980344431,2.2252591137838227,,,True
118,0,-265.8738272548451,0.0,2.3495349175970333,,,True
118,1,-276.14657689209866,-10.272749637253582,1.3281361270473064,0.015287817555059051,0.013459096032939996,False
118,2,-278.700547553011,-12.826720298165924,0.23425670869163806,0.10761205219098716,0.09226842503781241,False
118,3,-280.39715753643486,-14.523330281589779,0.29471366180699304,0.2352907570656498,0.18408850793131792,False
118,4,-280.79154177466205,-14.917714519816968,0.1575891897169331,0.14781867494008813,0.1081188299009684,False
118,5,-280.69207108559095,-14.818243830745871,0.22947449664574224,0.21014400137708453,0.15134801718827068,False
118,6,-280.83472245745116,-14.960895202606082,0.0705694665972385,0.04601275309720728,0.04066801318822516,False
118,7,-279.5356273303139,-13.661800075468818,0.1554902688509724,0.08550341519816963,0.07258104186748136,False
118,8,-277.84544463090685,-11.971617376061772,0.5031855806337742,0.034679302781346906,0.034660179524893,False
118,9,-265.56471245681064,0.3091147980344431,2.2252591137838227,,,True
119,0,-265.8738272548451,0.0,2.3495349175970333,,,True
119,1,-276.21259654501023,-10.338769290165146,1.294259015356898,0.016493261077205657,0.014422681069156933,False
119,2,-278.72799215811096,-12.854164903265882,0.26640367667136045,0.13737793991120956,0.11752130274334827,False
119,3,-280.416798507856,-14.542971253010933,0.19982930674865437,0.1573131378017149,0.13071459588326795,False
119,4,-280.8139357973356,-14.94010854249052,0.16754182946361565,0.15584134400171057,0.11471919288017961,False
119,5,-280.72529584962786,-14.851468594782773,0.2664326263512438,0.24924046149091866,0.17680942391542806,False
119,6,-280.8440260399499,-14.970198785104799,0.06830456439595001,0.04907466842251632,0.04332983989169617,False
119,7,-279.55629031071214,-13.68246305586706,0.15162660738720604,0.16752892123521668,0.15435751970143008,False
119,8,-277.89931217337187,-12.025484918526786,0.46154825347445827,0.0632362759210127,0.05598311957832833,False
119,9,-265.56471245681064,0.3091147980344431,2.2252591137838227,,,True
120,0,-265.8738272548451,0.0,2.3495349175970333,,,True
120,1,-276.2760139741318,-10.402186719286703,1.2612705760609468,0.017715771209339693,0.015407975686317922,False
120,2,-278.7583631912611,-12.884535936416,0.3072722790046107,0.17503799666092784,0.14848057767494421,False
120,3,-280.4312734398254,-14.557446184980336,0.11852953737571836,0.12444470738377438,0.1012612539143026,False
120,4,-280.83652147219595,-14.962694217350872,0.1729947288230444,0.15872037464150937,0.11880368722357491,False
120,5,-280.7621047085038,-14.888277453658702,0.30698896254860314,0.29223471482118407,0.2041910086508334,False
120,6,-280.853484613997,-14.979657359151929,0.06999723952133426,0.05312235238768831,0.04316450215977691,False
120,7,-279.5792650423313,-13.705437787486233,0.18335734011624505,0.15263562755571045,0.13462995102909783,False
120,8,-277.9489291243425,-12.075101869497416,0.42876367587012426,0.07881646508443939,0.06222006563849887,False
120,9,-265.56471245681064,0.3091147980344431,2.2252591137838227,,,True
121,0,-265.8738272548451,0.0,2.3495349175970333,,,True
121,1,-276.3364472999086,-10.462620045063545,1.229379384179427,0.018911459692977594,0.016372201805499986,False
121,2,-278.7931592489693,-12.919331994124207,0.3554101114275191,0.21799299026378227,0.18284567706084215,False
121,3,-280.4408864455612,-14.567059190716122,0.18253109754343103,0.1970865048939667,0.1603299827073103,False
121,4,-280.85829345195157,-14.984466197106485,0.17165660659888307,0.15501193613700884,0.11904326322429601,False
121,5,-280.80336950504096,-14.92954225019588,0.34857530371388734,0.33650895605426945,0.23114201774086843,False
121,6,-280.86318390642987,-14.989356651584785,0.07157045283377743,0.05829016098234955,0.04630478724715281,False
121,7,-279.6045506825133,-13.730723427668238,0.22659406462224818,0.1826685900091891,0.1629826478429628,False
121,8,-277.9946992021348,-12.120871947289743,0.39948733875619996,0.07355588900177057,0.050381798918676675,False
121,9,-265.56471245681064,0.3091147980344431,2.2252591137838227,,,True
122,0,-265.8738272548451,0.0,2.3495349175970333,,,True
122,1,-276.39353758499396,-10.519710330148882,1.1986826320399209,0.020049424597718357,0.017283603334388557,False
122,2,-278.8339516940051,-12.96012443916004,0.40562495964881545,0.2604122153867148,0.21490664746165059,False
122,3,-280.4532734695488,-14.579446214703694,0.1814391980997375,0.19800461040212808,0.16679360080560512,False
122,4,-280.87884333728584,-15.005016082440761,0.1605235402140484,0.14239212811874338,0.112897326443146,False
122,5,-280.84939992097407,-14.975572666128983,0.3864424589147795,0.37930422459281327,0.2524723617419655,False
122,6,-280.8727639395514,-14.998936684706337,0.07682063025020687,0.06429407182031588,0.05089225384774375,False
122,7,-279.63254556909123,-13.758718314246153,0.2823218183589825,0.23071360604458865,0.20566588729687135,False
122,8,-278.0366038350573,-12.16277658021221,0.3757568394675137,0.056878157579203815,0.04487338007213696,False
122,9,-265.56471245681064,0.3091147980344431,2.2252591137838227,,,True
123,0,-265.8738272548451,0.0,2.3495349175970333,,,True
123,1,-276.4469975499626,-10.573170295117507,1.1693467177303154,0.021098897658268737,0.0181098226921381,False
123,2,-278.8820449756979,-13.008217720852826,0.46143726398122004,0.29850730802460784,0.2431829224875116,False
123,3,-280.4661925681668,-14.592365313321693,0.1012720065294091,0.08305423450814463,0.07117483854536288,False
123,4,-280.8975265427358,-15.023699287890736,0.1372366219664375,0.11890929951066237,0.09844134710625296,False
123,5,-280.9007062776002,-15.02687902275511,0.4159106204725773,0.41556287358185157,0.2870293681990048,False
123,6,-280.8820931636643,-15.008265908819226,0.08252046279439589,0.07065170922078827,0.055627087276274,False
123,7,-279.66677116353026,-13.792943908685174,0.3473587451696058,0.28384692173375936,0.25409105313659214,False
123,8,-278.0744998447544,-12.200672589909345,0.3668310607170055,0.04744718384884937,0.04229746916954175,False
123,9,-265.56471245681064,0.3091147980344431,2.2252591137838227,,,True
124,0,-265.8738272548451,0.0,2.3495349175970333,,,True
124,1,-276.4968144124186,-10.622987157573505,1.1415223632203624,0.022050703732998517,0.018840052878485447,False
124,2,-278.93918729084515,-13.065360036000072,0.535326555252557,0.34061814102893617,0.28005470097322055,False
124,3,-280.47422342222507,-14.600396167379984,0.1174525741373693,0.09347946067966524,0.07349531224121261,False
124,4,-280.9131257966893,-15.039298541844232,0.10067322026351579,0.08454183096289164,0.07464156540607733,False
124,5,-280.95799166512893,-15.084164410283847,0.4144716327724072,0.40500834708293193,0.2787943181125105,False
124,6,-280.8913089846212,-15.017481729776136,0.08858154107134068,0.07697355916221103,0.06018091630098945,False
124,7,-279.7093971021551,-13.835569847310012,0.41287024839342445,0.3321399241525929,0.3001894761572286,False
124,8,-278.10853493007517,-12.234707675230084,0.36188872085231377,0.04053393595640962,0.036911556132023245,False
124,9,-265.56471245681064,0.3091147980344431,2.2252591137838227,,,True
125,0,-265.8738272548451,0.0,2.3495349175970333,,,True
125,1,-276.54330695279987,-10.669479697954785,1.1152469947675496,0.022920160172780923,0.01948844751611864,False
125,2,-279.0093799781464,-13.135552723301316,0.6266241222686749,0.390183125764623,0.32191115099843315,False
125,3,-280.48028915867576,-14.606461903830677,0.18589183180781726,0.16622341971533108,0.12880790013457866,False
125,4,-280.9248304927391,-15.051003237894008,0.09057868640455799,0.09112551020898355,0.08217730220690446,False
125,5,-281.01188032039556,-15.13805306555048,0.3401697535824015,0.32923362553718644,0.2248927665782989,False
125,6,-280.90049385099996,-15.026666596154882,0.09488572554870418,0.08312487670353108,0.06460728812109505,False
125,7,-279.76089775565583,-13.88707050081075,0.47237828444933117,0.36853330868892614,0.3377579102656982,False
125,8,-278.1391254969264,-12.265298242081315,0.35531527591567097,0.042994582855853114,0.037802098375265804,False
125,9,-265.56471245681064,0.3091147980344431,2.2252591137838227,,,True
126,0,-265.8738272548451,0.0,2.3495349175970333,,,True
126,1,-276.5867982017492,-10.712970946904136,1.0905268686150518,0.023743493477587564,0.020093488261701296,False
126,2,-279.09412971785787,-13.220302463012786,0.659957909781869,0.3832844656593776,0.30953872399796234,False
126,3,-280.48851418267105,-14.614686927825971,0.1652009354442821,0.1513632487200684,0.11769521646536374,False
126,4,-280.9329135288589,-15.059086274013794,0.12597766451661588,0.1269511886716846,0.09574949498162588,False
126,5,-281.0502851497788,-15.17645789493372,0.2030671206671993,0.1597006351492573,0.12240644204980776,False
126,6,-280.9095859308086,-15.035758675963507,0.10130315160175145,0.08919029784681626,0.06898119058786364,False
126,7,-279.8222839178235,-13.948456662978401,0.5372036576007374,0.40313185484410385,0.37412344201800146,False
126,8,-278.1666807319881,-12.292853477143012,0.34613075771357493,0.04587957893304444,0.03873080395167568,False
126,9,-265.56471245681064,0.3091147980344431,2.2252591137838227,,,True
127,0,-265.8738272548451,0.0,2.3495349175970333,,,True
127,1,-276.628000458069,-10.7541732032239,1.067079125038669,0.02456213967556891,0.02069843430863933,False
127,2,-279.1773723604192,-13.30354510557413,0.47902568795818884,0.3216197360413132,0.21052061763446822,False
127,3,-280.49813697394376,-14.624309719098676,0.1352009467885518,0.08967544440728753,0.08616212466408574,False
127,4,-280.9387985595831,-15.064971304738037,0.16452395119402444,0.16422680508087986,0.10615209119968966,False
127,5,-281.0640263270874,-15.190199072242308,0.3899935187311672,0.381580924990939,0.27005655734655837,False
127,6,-280.9186438404324,-15.044816585587341,0.10780213246226139,0.0952507802042091,0.07339069864115391,False
127,7,-279.89719740510594,-14.02337015026086,0.6014364522907076,0.4295690512210111,0.40048257051473135,False
127,8,-278.19184388409315,-12.318016629248064,0.33487425240268376,0.04951682527910767,0.040211270835147604,False
127,9,-265.56471245681064,0.3091147980344431,2.2252591137838227,,,True
128,0,-265.8738272548451,0.0,2.3495349175970333,,,True
128,1,-276.6682807503811,-10.794453495536004,1.0441501763771932,0.025434383108640598,0.02136142923772358,False
128,2,-279.22424938084305,-13.350422125997966,0.31597415670896206,0.33682963462880705,0.22657131037621642,False
128,3,-280.50622807178615,-14.632400816941072,0.08506958613712719,0.07251299156667118,0.06659964282677361,False
128,4,-280.9444487370371,-15.070621482191996,0.19132345912854473,0.18958988693096765,0.11091544454856074,False
128,5,-281.0611556229959,-15.187328368150816,0.5596015978520539,0.5587096844773101,0.3888732103349582,False
128,6,-280.9279367679586,-15.05410951311353,0.1145091313441944,0.10136426345056354,0.07791376941740087,False
128,7,-279.98260848662966,-14.108781231784576,0.5309803729910676,0.34853762973529007,0.31275205681342,False
128,8,-278.21563255796815,-12.341805303123067,0.3223865173778061,0.054178752269588244,0.04266267887889326,False
128,9,-265.56471245681064,0.3091147980344431,2.2252591137838227,,,True
129,0,-265.8738272548451,0.0,2.3495349175970333,,,True
129,1,-276.709455080681,-10.8356278258359,1.0206152931349775,0.026453437849795078,0.02217480501418929,False
129,2,-279.21991630547905,-13.346089050633964,0.7855566412566004,0.7532968167068282,0.5753051236250627,False
129,3,-280.5121619880967,-14.638334733251611,0.1432652151488146,0.1393211136489205,0.10856730069556172,False
129,4,-280.951583673702,-15.077756418856893,0.19687061134772132,0.1944673501996264,0.12329829711693197,False
129,5,-281.06270948545216,-15.188882230607078,0.563888233886023,0.5704371421754889,0.40904977274249354,False
129,6,-280.93784200292714,-15.064014748082059,0.12164417919406835,0.1075389318964812,0.08259067054486013,False
129,7,-280.04286273885,-14.169035484004894,0.22125320805498097,0.22282786532914275,0.1543635048931846,False
129,8,-278.23927728106406,-12.36545002621898,0.3093713571133264,0.06022032880769408,0.04644478469572734,False
129,9,-265.56471245681064,0.3091147980344431,2.2252591137838227,,,True
130,0,-265.8738272548451,0.0,2.3495349175970333,,,True
130,1,-276.72384408905583,-10.850016834210749,1.0135449071519091,0.02593509397954148,0.021527107996384336,False
130,2,-279.301083018379,-13.427255763533935,0.41337809743680237,0.19697819994449262,0.18271361856956853,False
130,3,-280.51681326763236,-14.642986012787276,0.11083338455657067,0.10423728764261839,0.08443108425252915,False
130,4,-280.9631781217563,-15.089350866911218,0.10425301977598048,0.1045030317789459,0.09405599946307211,False
130,5,-281.10940448874584,-15.235577233900756,0.2063438162930303,0.20667636767537703,0.17750444188073924,False
130,6,-280.9422825410527,-15.068455286207609,0.12485510610362097,0.10888232672379455,0.08456459353017012,False
130,7,-280.0648076146638,-14.190980359818695,0.2229733272601364,0.17439424309976914,0.12684804250377937,False
130,8,-278.24493922475045,-12.371111969905371,0.30919331566267855,0.06446946241975567,0.0501707191125617,False
130,9,-265.56471245681064,0.3091147980344431,2.2252591137838227,,,True
131,0,-265.8738272548451,0.0,2.3495349175970333,,,True
131,1,-276.75147162500986,-10.877644370164774,0.9986248247143827,0.025250743651685288,0.02080928547254095,False
131,2,-279.2926739382856,-13.418846683440506,0.7699980216105854,0.4949801613678156,0.42043014809210894,False
131,3,-280.5205207137818,-14.646693458936738,0.1140469866880406,0.10262506995709783,0.08233825805461302,False
131,4,-280.9745249842427,-15.10069772939761,0.07506259121587078,0.06561304479401853,0.0527334913595979,False
131,5,-281.12592258520647,-15.252095330361385,0.3604423462586338,0.29076421360357796,0.20069937501734675,False
131,6,-280.9502645162522,-15.076437261407136,0.13149278565723488,0.11200311981552383,0.08645967596046344,False
131,7,-280.0844969591882,-14.210669704343104,0.27438812961295594,0.14432616173131324,0.12071197624242963,False
131,8,-278.255397124717,-12.381569869871896,0.30573844162220665,0.07297792332561681,0.057114032513792344,False
131,9,-265.56471245681064,0.3091147980344431,2.2252591137838227,,,True
132,0,-265.8738272548451,0.0,2.3495349175970333,,,True
132,1,-276.759080380388,-10.885253125542931,0.9939219505828113,0.025162238984649164,0.02080198036153299,False
132,2,-279.33008084704,-13.456253592194912,0.5549160276666824,0.2797935628662458,0.22752854857898241,False
132,3,-280.5228111269529,-14.648983872107806,0.07468061650892284,0.030923660772503487,0.022323240345043814,False
132,4,-280.97649582699853,-15.102668572153448,0.07542514973928567,0.06573190131841486,0.05290019183566334,False
132,5,-281.1380174631647,-15.264190208319633,0.24746262755171863,0.15991812278926942,0.11885372032216163,False
132,6,-280.9524613651986,-15.078634110353505,0.13345270905356926,0.11321779165695432,0.08758296791959407,False
132,7,-280.09018589295437,-14.216358638109284,0.20230132692395894,0.10278405637719254,0.07981542055617803,False
132,8,-278.2582619766781,-12.384434721833031,0.3031348270908665,0.07513975509416315,0.05814873893010486,False
132,9,-265.56471245681064,0.3091147980344431,2.2252591137838227,,,True
133,0,-265.8738272548451,0.0,2.3495349175970333,,,True
133,1,-276.7746157437053,-10.9007884888602,0.9845942172224275,0.025032021224125785,0.02078934321655585,False
133,2,-279.3492923856517,-13.47546513080664,0.24055253030442383,0.16135511002271677,0.12071527696795653,False
133,3,-280.5245154506978,-14.650688195852695,0.08857301127739244,0.08624082545058444,0.06957630736906362,False
133,4,-280.9801227556375,-15.106295500792442,0.07621101758867788,0.06602867260801294,0.05327106970593568,False
133,5,-281.1491672168801,-15.275339962034991,0.21848712771055964,0.16361964135577478,0.11071192358054849,False
133,6,-280.9568285851531,-15.083001330308036,0.13721642209968488,0.11566405605734732,0.08972813644544315,False
133,7,-280.0968165108668,-14.22298925602172,0.13961451651716414,0.09083973405284519,0.06737272426139425,False
133,8,-278.2641674296922,-12.390340174847097,0.30022017890771807,0.08007278151219525,0.06093875656608154,False
133,9,-265.56471245681064,0.3091147980344431,2.2252591137838227,,,True
134,0,-265.8738272548451,0.0,2.3495349175970333,,,True
134,1,-276.7980958223304,-10.924268567485342,0.9710255624445313,0.024932720660550568,0.020777312486184456,False
134,2,-279.3410116263115,-13.46718437146643,0.4089062246640712,0.4935232764845614,0.3905514264582184,False
134,3,-280.52751694433766,-14.65368968949258,0.07716468687017038,0.07236250654922438,0.055776941313414014,False
134,4,-280.98535326826106,-15.111526013415983,0.0774854061767259,0.066521924582246,0.05383122198154144,False
134,5,-281.15803570040816,-15.284208445563081,0.3109465150967085,0.25082715323827515,0.16305683749077887,False
134,6,-280.96354099739,-15.089713742544916,0.1422795143104186,0.11888764952227046,0.09244217481808294,False
134,7,-280.1044003540619,-14.230573099216826,0.14932745320920796,0.12400043132359993,0.1149857739246153,False
134,8,-278.2734562879601,-12.39962903311499,0.3015464466838394,0.08861668691765422,0.0665785155168206,False
134,9,-265.56471245681064,0.3091147980344431,2.2252591137838227,,,True
135,0,-265.8738272548451,0.0,2.3495349175970333,,,True
135,1,-276.7999300079059,-10.926102753060832,0.9700889588402238,0.024913202013318536,0.020745002197494485,False
135,2,-279.35233063126014,-13.478503376415063,0.2945715703838929,0.40130485500082536,0.3160080369237087,False
135,3,-280.5280063539465,-14.654179099101441,0.07384251094001619,0.056731394309135486,0.04311048897165963,False
135,4,-280.98577371417286,-15.111946459327783,0.07763797053950341,0.06658411721026347,0.05384065128288779,False
135,5,-281.16044163327535,-15.286614378430272,0.2870258575816837,0.2181707493280818,0.1412479754357668,False
135,6,-280.9640969727549,-15.090269717909791,0.14262578554335256,0.11906773161491187,0.09263889959961599,False
135,7,-280.10550315163687,-14.231675896791785,0.1458401632361093,0.1071127420260387,0.09828566839168712,False
135,8,-278.27420174996246,-12.400374495117376,0.30132289327150985,0.08953398103410139,0.06721226759035946,False
135,9,-265.56471245681064,0.3091147980344431,2.2252591137838227,,,True
136,0,-265.8738272548451,0.0,2.3495349175970333,,,True
136,1,-276.8036220336487,-10.929794778803625,0.9681870085158034,0.024878425215339804,0.02068648818914128,False
136,2,-279.3680924034637,-13.494265148618638,0.2693324067516117,0.24415412374725118,0.18825063426514782,False
136,3,-280.52881127683634,-14.654984021991254,0.07393523730466996,0.03173143671470836,0.024471672712606175,False
136,4,-280.98660030494284,-15.112773050097758,0.07793094254945568,0.06669774861498462,0.053870646828541494,False
136,5,-281.1645056093943,-15.290678354549243,0.2482384522876516,0.16452609968959617,0.11004511700370233,False
136,6,-280.9652083674202,-15.091381112575107,0.143325510271608,0.11942951651133896,0.09301187446768017,False
136,7,-280.10739661728405,-14.23356936243897,0.1394847788452318,0.07656335877788065,0.06780858953917353,False
136,8,-278.27571428884255,-12.401887033997468,0.30196378921375455,0.0913879006906745,0.06851142602189494,False
136,9,-265.56471245681064,0.3091147980344431,2.2252591137838227,,,True
137,0,-265.8738272548451,0.0,2.3495349175970333,,,True
137,1,-276.8092894584961,-10.935462203651014,0.9652237112890253,0.024835131881952716,0.02061239207388235,False
137,2,-279.3802463968818,-13.506419142036691,0.2777869425947025,0.13926286686134406,0.12823607360707162,False
137,3,-280.52973709072415,-14.655909835879072,0.07404133366724372,0.030932564786625955,0.023276184389543937,False
137,4,-280.9878317496954,-15.114004494850292,0.07834457266168916,0.06684285724936727,0.05394361895320997,False
137,5,-281.16922756290364,-15.29540030805856,0.21272775646699352,0.16318627464737714,0.10757753618858139,False
137,6,-280.96690222369295,-15.093074968847873,0.14439881416359,0.11996953020354548,0.09352456756657669,False
137,7,-280.1096717339503,-14.235844479105197,0.13142763700400176,0.0494161676860271,0.04387072565337969,False
137,8,-278.2780710884251,-12.40424383358004,0.30383485537876725,0.09424738563475375,0.07055815109725833,False
137,9,-265.56471245681064,0.3091147980344431,2.2252591137838227,,,True
138,0,-265.8738272548451,0.0,2.3495349175970333,,,True
138,1,-276.81713905405877,-10.943311799213689,0.9610366291684826,0.02479176637648681,0.02053760991622839,False
138,2,-279.3857297279118,-13.511902473066698,0.36447304643645756,0.13650269803436377,0.1132839952735175,False
138,3,-280.53075056221655,-14.656923307371471,0.07411529566079846,0.03755162208254597,0.032215114314418515,False
138,4,-280.98949634143713,-15.11566908659205,0.07885195053677162,0.06699161482195601,0.05408968727170435,False
138,5,-281.1739986461421,-15.300171391296999,0.2015614874380662,0.16116860301432517,0.10759612543122725,False
138,6,-280.9692434295179,-15.095416174672835,0.1458629200646995,0.12065623545804204,0.09412439289059225,False
138,7,-280.1121034874377,-14.238276232592625,0.16605000300853365,0.0506991686887696,0.03442299809494699,False
138,8,-278.28141594483066,-12.407588689985573,0.305933789124089,0.09821692842571378,0.07346860161361425,False
138,9,-265.56471245681064,0.3091147980344431,2.2252591137838227,,,True
139,0,-265.8738272548451,0.0,2.3495349175970333,,,True
139,1,-276.82702787626226,-10.953200621417182,0.955651588865593,0.02476047849884122,0.02048180233729072,False
139,2,-279.3882909223574,-13.514463667512302,0.48972361958195537,0.2259953778326849,0.18561260940920274,False
139,3,-280.53197297856315,-14.658145723718064,0.0741126267733054,0.0479240698537238,0.03987354005748113,False
139,4,-280.99157006162443,-15.117742806779347,0.07940718270550028,0.06711454264665076,0.05432141828460593,False
139,5,-281.17888247528884,-15.305055220443762,0.21522033668596555,0.15805294343634785,0.10761706117954431,False
139,6,-280.9722102850915,-15.098383030246396,0.14763206157953568,0.1213841398863455,0.09473535214806564,False
139,7,-280.11474067884274,-14.240913423997654,0.19458087937031546,0.07488731825966975,0.055783303956156154,False
139,8,-278.28578110883393,-12.411953853988848,0.3078740452615319,0.10318821513878505,0.07719513577756641,False
139,9,-265.56471245681064,0.3091147980344431,2.2252591137838227,,,True
140,0,-265.8738272548451,0.0,2.3495349175970333,,,True
140,1,-276.83856483648015,-10.964737581635063,0.9492569878406286,0.024753540722163382,0.020460764171846196,False
140,2,-279.3938507861677,-13.520023531322636,0.5496370771093791,0.2803851290745503,0.22552965349702558,False
140,3,-280.53350223389475,-14.659674979049669,0.07402052628231243,0.04321570523620876,0.03567743781504596,False
140,4,-280.9939852712939,-15.12015801644884,0.07997053430441857,0.06719734897767216,0.054622359799546466,False
140,5,-281.1844301875053,-15.310602932660231,0.23281495761520582,0.15336639507109115,0.10564825148448896,False
140,6,-280.975711208926,-15.101883954080904,0.14954497733050545,0.1220166315739121,0.09529575324878507,False
140,7,-280.1177881572338,-14.243960902388721,0.2077030396177392,0.08649874108492574,0.0657455865112141,False
140,8,-278.2911075668992,-12.417280312054118,0.3093667990821234,0.10886649305322288,0.0815286747510058,False
140,9,-265.56471245681064,0.3091147980344431,2.2252591137838227,,,True
141,0,-265.8738272548451,0.0,2.3495349175970333,,,True
141,1,-276.85148245634855,-10.977655201503467,0.9419995610751078,0.024780787670826247,0.020482870125770693,False
141,2,-279.4055841949206,-13.531756940075525,0.5480704878577269,0.2758815512485772,0.2141792701606485,False
141,3,-280.53531656298185,-14.661489308136765,0.07385342905031907,0.029860279186552586,0.02235178394872694,False
141,4,-280.996689843396,-15.122862588550902,0.08052556984787182,0.06724244149448029,0.054961960727839765,False
141,5,-281.1911188592268,-15.317291604381694,0.23845248430227492,0.14634694146645627,0.10255051793563104,False
141,6,-280.97968074697235,-15.105853492127267,0.1514505613180728,0.1224405960850429,0.09578004714153432,False
141,7,-280.12137433332106,-14.247547078475975,0.20398017431324633,0.0833934773248072,0.0631522892362414,False
141,8,-278.2973901513666,-12.423562896521503,0.31029431894896004,0.11495161520379409,0.08622717772268498,False
141,9,-265.56471245681064,0.3091147980344431,2.2252591137838227,,,True
142,0,-265.8738272548451,0.0,2.3495349175970333,,,True
142,1,-276.8672807203657,-10.993453465520645,0.9330438864550166,0.024861331450913505,0.020561456885268725,False
142,2,-279.4248881305147,-13.551060875669634,0.4809042989470761,0.2089297067272428,0.14801659506486398,False
142,3,-280.5375431530771,-14.663715898231999,0.073617886450573,0.030661064735083232,0.021309582240966775,False
142,4,-280.99998683728296,-15.126159582437879,0.08112888384098096,0.06726033095031375,0.05533911981645513,False
142,5,-281.19983852734094,-15.326011272495862,0.2258819626892179,0.1347046947847767,0.09214312160657759,False
142,6,-280.9845901345766,-15.11076287973151,0.15338166619038604,0.12254979392444919,0.0962160263396844,False
142,7,-280.12588152988457,-14.252054275039484,0.18165142417973376,0.0642403321974627,0.046954186660500954,False
142,8,-278.30555444232425,-12.431727187479169,0.3106997042366746,0.12248737707165087,0.0915454714679571,False
142,9,-265.56471245681064,0.3091147980344431,2.2252591137838227,,,True
143,0,-265.8738272548451,0.0,2.3495349175970333,,,True
143,1,-276.8866949826282,-11.012867727783146,0.922012864000632,0.02502688339700036,0.020714885124995818,False
143,2,-279.4483823757821,-13.57455512093702,0.3444318877078745,0.19233480978743459,0.12662543611831975,False
143,3,-280.5401916739388,-14.666364419093725,0.07335842542718593,0.031714912851407505,0.025400234583755767,False
143,4,-281.00400792096605,-15.130180666120964,0.08178501972272248,0.0672481625227577,0.05569682887155902,False
143,5,-281.21019012172866,-15.336362866883576,0.1999948805725985,0.11520510830191534,0.08638720808886106,False
143,6,-280.9906744027898,-15.116847147944725,0.1550335284665959,0.12203685502116181,0.096510359064442,False
143,7,-280.13117650255197,-14.257349247706884,0.14194488403631358,0.032025741369709614,0.02515333049214641,False
143,8,-278.3163362414782,-12.442508986633129,0.31070984822237036,0.1305110232535828,0.0971362749697649,False
143,9,-265.56471245681064,0.3091147980344431,2.2252591137838227,,,True
144,0,-265.8738272548451,0.0,2.3495349175970333,,,True
144,1,-276.91077879274917,-11.036951537904088,0.9084132040181064,0.02532416942480016,0.020963635707472516,False
144,2,-279.47099768882504,-13.597170433979954,0.3408589842594792,0.20236070703703601,0.14105822400801746,False
144,3,-280.5434580761744,-14.669630821329292,0.07314743356025662,0.03597274348658468,0.02869095645622978,False
144,4,-281.00896249950586,-15.135135244660773,0.08246422338416294,0.06716067802526378,0.05593931380590277,False
144,5,-281.22099597937233,-15.34716872452725,0.18459564932221348,0.09450614882774772,0.07961618732893475,False
144,6,-280.99826297560753,-15.124435720762449,0.1557325877884076,0.12025662332957393,0.09630590810566453,False
144,7,-280.137135948101,-14.263308693255908,0.12322558947619647,0.04654463336295124,0.03524682555252695,False
144,8,-278.33088051619114,-12.457053261346061,0.3242267469781658,0.13803241176395775,0.1049648818628045,False
144,9,-265.56471245681064,0.3091147980344431,2.2252591137838227,,,True
145,0,-265.8738272548451,0.0,2.3495349175970333,,,True
145,1,-276.9403258226872,-11.066498567842132,0.8919287922857929,0.025823155544746353,0.021345501825717112,False
145,2,-279.4936910647091,-13.619863809864,0.29903901198625343,0.20998505596792724,0.19078783045754108,False
145,3,-280.5475453056749,-14.673718050829791,0.07303724662367983,0.0343085967253611,0.023899103344650726,False
145,4,-281.01503002714287,-15.141202772297788,0.08298995101160893,0.066802083268049,0.055945013792803575,False
145,5,-281.23132839215714,-15.357501137312056,0.1923797389781946,0.08859301343508152,0.06715499994006079,False
145,6,-281.00757063440926,-15.13374337956418,0.1540700359094493,0.11589854492020348,0.0945151242030607,False
145,7,-280.1441264431347,-14.270299188289641,0.1241232632214817,0.06712495969940283,0.058115824173946125,False
145,8,-278.3504609679155,-12.476633713070441,0.3459009525255945,0.14312807623310642,0.11354016703630816,False
145,9,-265.56471245681064,0.3091147980344431,2.2252591137838227,,,True
146,0,-265.8738272548451,0.0,2.3495349175970333,,,True
146,1,-276.9759628051861,-11.102135550341018,0.8722936292248878,0.026618477216679846,0.02192723757951143,False
146,2,-279.5165080453362,-13.642680790491113,0.19144333207600306,0.13518592095280102,0.1193162360554646,False
146,3,-280.5524923950679,-14.67866514022279,0.07300684163302656,0.03571432767580009,0.025283664586748057,False
146,4,-281.0223379996537,-15.148510744808618,0.08303094644871542,0.06580842405184156,0.055540395816393334,False
146,5,-281.24185308981316,-15.36802583496808,0.19123637687124906,0.11789756709460296,0.08307269232208142,False
146,6,-281.0186082849017,-15.144781030056606,0.14745722150195073,0.1065703592244536,0.08904922670824514,False
146,7,-280.1528439033707,-14.279016648525612,0.1187875102892279,0.054171244699220446,0.04624568439322399,False
146,8,-278.3763614262493,-12.502534171404193,0.36395659389861557,0.14087038576646782,0.11851760554499889,False
146,9,-265.56471245681064,0.3091147980344431,2.2252591137838227,,,True
147,0,-265.8738272548451,0.0,2.3495349175970333,,,True
147,1,-277.01897536069373,-11.145148105848648,0.8488189209403814,0.027821693193745056,0.022792161373920893,False
147,2,-279.52196551874556,-13.648138263900478,0.23807842567089024,0.3381210792257596,0.2887478857777413,False
147,3,-280.55855622792956,-14.684728973084475,0.0729818533800335,0.03718745372046313,0.026485354573502685,False
147,4,-281.0311282540531,-15.157300999208019,0.08221863953827528,0.06374705968409843,0.05438043825857519,False
147,5,-281.2546587752315,-15.380831520386437,0.1649604741613347,0.1485165795088149,0.09462059890880646,False
147,6,-281.0312016606619,-15.157374405816824,0.1309250063380843,0.0878209840507379,0.07642083801408393,False
147,7,-280.1633506065449,-14.289523351699813,0.11813027193709197,0.028253113746609437,0.025457020197287673,False
147,8,-278.40920136501745,-12.53537411017237,0.3527541753061587,0.1107365918270052,0.09774760603133079,False
147,9,-265.56471245681064,0.3091147980344431,2.2252591137838227,,,True
148,0,-265.8738272548451,0.0,2.3495349175970333,,,True
148,1,-277.0698935567184,-11.196066301873316,0.8211393904018538,0.029537510850974107,0.02404713056794898,False
148,2,-279.52519578917304,-13.651368534327958,0.31743275183415287,0.4021499040782029,0.35054138228824405,False
148,3,-280.5658413224967,-14.692014067651598,0.07289377942981057,0.03940766656438251,0.02779179965703653,False
148,4,-281.04152138521545,-15.167694130370364,0.08022834760393724,0.06026500872428127,0.05208206399575272,False
148,5,-281.2715234067367,-15.397696151891637,0.15329276222501903,0.136994679964261,0.08934822855428329,False
148,6,-281.0442025742183,-15.170375319373193,0.09687494196475782,0.05424485023304243,0.05180136269551858,False
148,7,-280.17510136359635,-14.301274108751272,0.15537294622599795,0.05012313150352741,0.04163661787557038,False
148,8,-278.4414039249565,-12.567576670111407,0.32375790259618126,0.10503953215798777,0.09096751689824321,False
148,9,-265.56471245681064,0.3091147980344431,2.2252591137838227,,,True
149,0,-265.8738272548451,0.0,2.3495349175970333,,,True
149,1,-277.12463686579406,-11.250809610948977,0.7916239359414076,0.031529953689248574,0.02551768139794306,False
149,2,-279.55921132222574,-13.685384067380653,0.19859552942748412,0.2388766853608713,0.20741703353651078,False
149,3,-280.57376877366164,-14.699941518816559,0.07276096243147744,0.0428083077750174,0.029877827932398057,False
149,4,-281.05268797898856,-15.178860724143476,0.07747335304344864,0.05589859388235686,0.048811031220889936,False
149,5,-281.29218169825845,-15.418354443413364,0.1450402716113147,0.10817373952892817,0.07820971400341745,False
149,6,-281.05480072820126,-15.180973473356175,0.06834829797653455,0.06455568649245376,0.05438628102336871,False
149,7,-280.1877560416475,-14.313928786802421,0.14669937114797763,0.04393369993813164,0.0417472368245456,False
149,8,-278.4571106253885,-12.583283370543427,0.30932435829430155,0.3076190901341593,0.21918275326226216,False
149,9,-265.56471245681064,0.3091147980344431,2.2252591137838227,,,True
150,0,-265.8738272548451,0.0,2.3495349175970333,,,True
150,1,-277.17999895259396,-11.30617169774888,0.7625098789651875,0.03321641063927209,0.02671025829132527,False
150,2,-279.5887893038463,-13.714962049001201,0.1711698802150505,0.1608685278908584,0.1346470105356591,False
150,3,-280.58211244160964,-14.708285186764556,0.07262986833920905,0.04721753821822446,0.033168394567860644,False
150,4,-281.06400628513313,-15.19017903028805,0.07505251782039654,0.05182400013142427,0.045348190146869895,False
150,5,-281.3139247532168,-15.4400974983717,0.10235891883687313,0.0959764903180528,0.07050824894143717,False
150,6,-281.06198287865635,-15.18815562381127,0.09823536913877033,0.10489880192640218,0.06421696108207393,False
150,7,-280.200623744863,-14.326796490017898,0.09719237490140309,0.03130697448843695,0.028436336037067245,False
150,8,-278.4779667533413,-12.604139498496238,0.25973213100715925,0.34382979802213254,0.26521570414909773,False
150,9,-265.56471245681064,0.3091147980344431,2.2252591137838227,,,True
151,0,-265.8738272548451,0.0,2.3495349175970333,,,True
151,1,-277.235029630969,-11.361202376123913,0.7347365985399782,0.03383854252147587,0.027033877746020462,False
151,2,-279.60691647350944,-13.733089218664361,0.22219135052124614,0.18874492800054476,0.16304384037629016,False
151,3,-280.5906728293264,-14.71684557448134,0.07798533716794745,0.052079798577441876,0.03715680799863438,False
151,4,-281.0754238518324,-15.201596596987315,0.07365975974056792,0.048737770392505916,0.04419110297229008,False
151,5,-281.3332955217419,-15.459468266896806,0.08749307732626369,0.0781350130746873,0.05850825531465434,False
151,6,-281.06842398146125,-15.194596726616169,0.12239144833599881,0.1278385029069069,0.08170038817319066,False
151,7,-280.21305290704254,-14.339225652197456,0.09185481446218323,0.03836878942449177,0.0338425321579541,False
151,8,-278.51359613756176,-12.63976888271668,0.27184582760944276,0.1844492577464297,0.1521492018212896,False
151,9,-265.56471245681064,0.3091147980344431,2.2252591137838227,,,True
152,0,-265.8738272548451,0.0,2.3495349175970333,,,True
152,1,-277.28957905437164,-11.41575179952656,0.7084208675656303,0.032445544500781374,0.02581723414133442,False
152,2,-279.6284272644024,-13.754600009557294,0.2872029839540961,0.22581666440815906,0.20208160428411834,False
152,3,-280.59963074370586,-14.725803488860777,0.08442530905707966,0.05667335107074369,0.04074960579827547,False
152,4,-281.08706316259423,-15.213235907749151,0.07296303580578013,0.05144452465818045,0.04992590833751345,False
152,5,-281.3504536372113,-15.476626382366192,0.09848707432886732,0.08907118450784289,0.06936848990524115,False
152,6,-281.07762085010654,-15.203793595261459,0.10304026757989482,0.12084081753802027,0.09278344859207294,False
152,7,-280.22577097941695,-14.351943724571868,0.09126038984995115,0.03628748172688976,0.03311809375008681,False
152,8,-278.54368132132026,-12.669854066475182,0.3166995007602806,0.16031142180923466,0.15156258650686263,False
152,9,-265.56471245681064,0.3091147980344431,2.2252591137838227,,,True
153,0,-265.8738272548451,0.0,2.3495349175970333,,,True
153,1,-277.34435278638307,-11.470525531537987,0.6829552787819846,0.033265827258835846,0.025997877798551425,False
153,2,-279.64897136636523,-13.775144111520149,0.3144238442255955,0.1374910848448417,0.1221193471029969,False
153,3,-280.6092093884731,-14.735382133628036,0.09136072568705068,0.061349636773392946,0.04399841023669332,False
153,4,-281.0992588919379,-15.22543163709281,0.07207568667579371,0.05726317939842122,0.05560188010935173,False
153,5,-281.36759861814494,-15.493771363299857,0.1311572937948573,0.11819178697396168,0.08850978927265758,False
153,6,-281.0894346252891,-15.21560737044399,0.0741703872217025,0.088810350832973,0.07972929552606813,False
153,7,-280.2388145894723,-14.364987334627244,0.09292781037330695,0.03259277698875539,0.029472817186807287,False
153,8,-278.5713681852585,-12.697540930413425,0.34104265301071685,0.1340811074348704,0.10215971026603575,False
153,9,-265.56471245681064,0.3091147980344431,2.2252591137838227,,,True
154,0,-265.8738272548451,0.0,2.3495349175970333,,,True
154,1,-277.4003988956433,-11.526571640798238,0.6646207679276559,0.03913731097340328,0.03022122571616413,False
154,2,-279.6706520208452,-13.7968247660001,0.27684798493239976,0.1275063419594728,0.09819712061818352,False
154,3,-280.6197047979697,-14.745877543124607,0.09897258358936199,0.06690424604112276,0.04780456067555658,False
154,4,-281.1125027479705,-15.238675493125413,0.07673973445305295,0.06297724100520076,0.061267967444567153,False
154,5,-281.3860022834501,-15.512175028605043,0.14471176296435828,0.11310561407442626,0.07958836659119045,False
154,6,-281.1010663575618,-15.227239102716737,0.07539818607222543,0.055359118027797014,0.04610461897907197,False
154,7,-280.25206902540856,-14.378241770563477,0.11491304005584647,0.0314321444325146,0.02885588137487154,False
154,8,-278.59402467285577,-12.720197418010684,0.3312641908152643,0.19070566756314722,0.1527259807608682,False
154,9,-265.56471245681064,0.3091147980344431,2.2252591137838227,,,True
155,0,-265.8738272548451,0.0,2.3495349175970333,,,True
155,1,-277.45740112190356,-11.583573867058476,0.6427297495225588,0.046391746400010606,0.035565451502127615,False
155,2,-279.69156836616594,-13.817741111320856,0.15059374872275824,0.08125320489491553,0.0751811932277448,False
155,3,-280.6312890521754,-14.757461797330336,0.10743670594427925,0.07363865829149555,0.05278243189607023,False
155,4,-281.1270067843253,-15.253179529480235,0.08452650489186965,0.06866841813731285,0.06690245130648469,False
155,5,-281.4055932746244,-15.531766019779297,0.1620162149806707,0.08953463354777152,0.07434642539209689,False
155,6,-281.1107317833692,-15.236904528524121,0.07749936335486941,0.06759223536368997,0.05256800902522031,False
155,7,-280.2658492129901,-14.392021958144994,0.0967058322231641,0.03237417238155797,0.029285933740981186,False
155,8,-278.6177992327018,-12.743971977856745,0.28166962237521936,0.18771280881377655,0.15336009667083933,False
155,9,-265.56471245681064,0.3091147980344431,2.2252591137838227,,,True
156,0,-265.8738272548451,0.0,2.3495349175970333,,,True
156,1,-277.514192193804,-11.640364938958896,0.6184638022288825,0.05476886871698258,0.041860366649230034,False
156,2,-279.7075563577554,-13.833729102910297,0.13827121783732035,0.11487407873592664,0.10571172619017095,False
156,3,-280.64386997388715,-14.770042719042067,0.1164478107436493,0.08051780835294699,0.05827344272149541,False
156,4,-281.1427678869553,-15.26894063211023,0.09206834834158958,0.07378837966976647,0.07203097721560164,False
156,5,-281.4247663836467,-15.550939128801645,0.13671467108651233,0.08357469687839708,0.07568320709432731,False
156,6,-281.1192226130594,-15.245395358214296,0.09572619077343804,0.06452676809572246,0.05334381116174635,False
156,7,-280.27967279419295,-14.405845539347865,0.08765989625883865,0.036327366051252905,0.03304821227954579,False
156,8,-278.6441467179659,-12.770319463120813,0.23169852607358096,0.06467660355064161,0.04338349683058243,False
156,9,-265.56471245681064,0.3091147980344431,2.2252591137838227,,,True
157,0,-265.8738272548451,0.0,2.3495349175970333,,,True
157,1,-277.5698149601309,-11.695987705285802,0.595057222164808,0.06384924329662209,0.0483251484658524,False
157,2,-279.72717158377077,-13.853344328925687,0.13051781418729616,0.06561413874823069,0.0509170179420184,False
157,3,-280.65733682247094,-14.783509567625856,0.12507907470241367,0.08575668162319917,0.06282479370746065,False
157,4,-281.1596390817134,-15.285811826868326,0.097929424728941,0.076955568034294,0.07525776424832059,False
157,5,-281.44279417071596,-15.568966915870874,0.10874245881759759,0.09566503552989869,0.08550867053484086,False
157,6,-281.1276271792102,-15.253799924365126,0.10514301677736315,0.05838200357245302,0.04494555822484449,False
157,7,-280.2933778219142,-14.419550567069109,0.0862995506337693,0.03730790128584665,0.03420928471373827,False
157,8,-278.6652773138399,-12.791450058994826,0.22336240315611822,0.0970798427353434,0.08118720246589219,False
157,9,-265.56471245681064,0.3091147980344431,2.2252591137838227,,,True
158,0,-265.8738272548451,0.0,2.3495349175970333,,,True
158,1,-277.62460639544804,-11.750779140602958,0.5756935511215555,0.07175868712867726,0.053811145992777205,False
158,2,-279.74289734520914,-13.869070090364062,0.19515686257402914,0.10706777491166442,0.09945734190617068,False
158,3,-280.6717271667275,-14.797899911882439,0.13220858157268026,0.08853302307539987,0.06584445687801799,False
158,4,-281.17771990076415,-15.303892645919063,0.10080278438975084,0.0769040157866388,0.07531969798966963,False
158,5,-281.46067593442183,-15.586848679576747,0.09941035685016125,0.08618422837940232,0.08099513514459783,False
158,6,-281.1359132891872,-15.262086034342133,0.09085497791895819,0.04507267787709318,0.040832577426360095,False
158,7,-280.30711169924564,-14.433284444400556,0.08458864115486883,0.034353680800560456,0.03139354628830107,False
158,8,-278.68385680033776,-12.810029545492682,0.21173942461830203,0.094176204252533,0.08609730283267474,False
158,9,-265.56471245681064,0.3091147980344431,2.2252591137838227,,,True
159,0,-265.8738272548451,0.0,2.3495349175970333,,,True
159,1,-277.6788231654757,-11.804995910630623,0.5613046747900902,0.07662807802873983,0.059631335373852776,False
159,2,-279.7600293128663,-13.88620205802124,0.19199219071930032,0.06364284053246838,0.055345345586225114,False
159,3,-280.6869792340569,-14.813151979211796,0.13664633351668173,0.0887912205122641,0.06724597627122976,False
159,4,-281.19695208700534,-15.32312483216026,0.09986902762786715,0.07300588584566559,0.07153098456291598,False
159,5,-281.47888670237126,-15.605059447526173,0.08754672901006938,0.06980715568203605,0.06810396403760016,False
159,6,-281.1434009100266,-15.269573655181546,0.07610724313150874,0.04637100435105187,0.04287804699260318,False
159,7,-280.3205621033556,-14.446734848510516,0.08604809071599306,0.03150512139156765,0.028133179530741965,False
159,8,-278.70140875444696,-12.827581499601877,0.1866907892912414,0.061526458175523595,0.05415300170141427,False
159,9,-265.56471245681064,0.3091147980344431,2.2252591137838227,,,True
160,0,-265.8738272548451,0.0,2.3495349175970333,,,True
160,1,-277.73180409748466,-11.857976842639573,0.5505991663002654,0.07713641067205645,0.06267419868375965,False
160,2,-279.7768041554398,-13.902976900594695,0.16093583927437266,0.09378234208264374,0.08268749847582821,False
160,3,-280.70275252178635,-14.828925266941269,0.1372950793175112,0.0863304394322076,0.06701778222229085,False
160,4,-281.2168052645835,-15.342978009738431,0.09573099960406088,0.06612383872348633,0.06492380168409478,False
160,5,-281.4984441174692,-15.624616862624123,0.10879684075588796,0.09538096683853112,0.0663350733966955,False
160,6,-281.14996007145027,-15.276132816605184,0.07543770823350805,0.047956368295690485,0.04442483452602326,False
160,7,-280.3336663821151,-14.459839127270016,0.08088840808455314,0.03144824276133606,0.027900871692794458,False
160,8,-278.71806147088677,-12.844234216041684,0.18867757593424314,0.07067489221615085,0.06846355354323212,False
160,9,-265.56471245681064,0.3091147980344431,2.2252591137838227,,,True
161,0,-265.8738272548451,0.0,2.3495349175970333,,,True
161,1,-277.78299862584424,-11.909171370999161,0.5411947567739581,0.07037142259141213,0.05997842966261247,False
161,2,-279.79458882885865,-13.920761574013568,0.1875186322727574,0.1250511926643516,0.10838156184752602,False
161,3,-280.7186519871892,-14.844824732344136,0.1332313093615402,0.07993395438142724,0.06443577186245922,False
161,4,-281.23651956486424,-15.362692310019156,0.0887750524397701,0.06208177215710899,0.05615948703954217,False
161,5,-281.5201703154328,-15.646343060587697,0.12381175193827598,0.09664431399898489,0.07040223632829266,False
161,6,-281.1563570725177,-15.28252981767264,0.0744564171780965,0.0619755653842895,0.04577992361696073,False
161,7,-280.3462620191973,-14.472434764352215,0.07906836727894526,0.03270535769942517,0.029788379821732602,False
161,8,-278.7337912603666,-12.859964005521533,0.21251843108364682,0.04577123876755818,0.034309708773748344,False
161,9,-265.56471245681064,0.3091147980344431,2.2252591137838227,,,True
162,0,-265.8738272548451,0.0,2.3495349175970333,,,True
162,1,-277.83115773555676,-11.957330480711676,0.5314237121902164,0.04720294510884134,0.042781974935609965,False
162,2,-279.81717370001195,-13.943346445166867,0.252251432997295,0.17356765647293151,0.15176779062346568,False
162,3,-280.7341399926795,-14.86031273783442,0.12365784605826087,0.0685538983211691,0.05855151094311965,False
162,4,-281.25509375060363,-15.381266495758553,0.07887000674863577,0.05558908610178316,0.045277923696097344,False
162,5,-281.5440843941609,-15.670257139315822,0.13683477310620873,0.08414993949448914,0.0828458525239793,False
162,6,-281.16303540092383,-15.28920814607875,0.07352079733052753,0.05616931179595501,0.0453901418538364,False
162,7,-280.35828418311166,-14.484456928266582,0.07714133363885699,0.03241712481942134,0.029942525384255916,False
162,8,-278.74741678296834,-12.873589528123262,0.2252364885193364,0.047801057358747526,0.04169130998495457,False
162,9,-265.56471245681064,0.3091147980344431,2.2252591137838227,,,True
163,0,-265.8738272548451,0.0,2.3495349175970333,,,True
163,1,-277.874169145087,-12.000341890241941,0.5198070378555727,0.037040743835657614,0.025702232071927074,False
163,2,-279.84974568270707,-13.975918427861984,0.3411208133250522,0.24098667987630046,0.2133578021650517,False
163,3,-280.74874342768317,-14.874916172838084,0.10800757444943745,0.05265471014658821,0.04881168537895564,False
163,4,-281.27175086120224,-15.397923606357153,0.0660809941495299,0.05185309228242753,0.03473875041252842,False
163,5,-281.5698516477247,-15.696024392879622,0.14499774428232565,0.10385989547299954,0.09826086202121084,False
163,6,-281.1696492514408,-15.295821996595691,0.07305062226263731,0.04766911546440739,0.044120291566882894,False
163,7,-280.3697565714298,-14.495929316584693,0.07507316055421297,0.02993126399828059,0.027269181439511937,False
163,8,-278.75970678112463,-12.885879526279552,0.22777140106783111,0.055794688753690806,0.03926600455128307,False
163,9,-265.56471245681064,0.3091147980344431,2.2252591137838227,,,True
164,0,-265.8738272548451,0.0,2.3495349175970333,,,True
164,1,-277.9103922858157,-12.036565030970621,0.5040492980065393,0.08145119163034514,0.06267258064039229,False
164,2,-279.8991859242118,-14.02535866936671,0.43641618683007605,0.3114170372703913,0.28159242904814225,False
164,3,-280.7619680959764,-14.888140841131303,0.0866474306448116,0.040498132351384046,0.03553094382136197,False
164,4,-281.2860608015893,-15.412233546744233,0.0606949138719328,0.047731797096987647,0.03651995436310468,False
164,5,-281.5966403631308,-15.72281310828572,0.15051061682828354,0.10828991178585362,0.09880908940207286,False
164,6,-281.1757817657773,-15.301954510932205,0.0735502219329844,0.04623410222086699,0.04250632758907262,False
164,7,-280.38045470087366,-14.506627446028574,0.07307101886792447,0.027345240347358926,0.02443311222039867,False
164,8,-278.7715559573296,-12.897728702484528,0.20426140944832322,0.0478752197634204,0.034902267846212705,False
164,9,-265.56471245681064,0.3091147980344431,2.2252591137838227,,,True
165,0,-265.8738272548451,0.0,2.3495349175970333,,,True
165,1,-277.94141057462014,-12.067583319775053,0.4830589967684578,0.11745941627796085,0.09529242345475586,False
165,2,-279.9699943727379,-14.096167117892833,0.5283956443613901,0.37072704763345055,0.343831943003695,False
165,3,-280.77353562555834,-14.899708370713256,0.08046048852618916,0.04152562493017398,0.03813927966978436,False
165,4,-281.2980100005216,-15.42418274567649,0.05997187593733476,0.04310053682915647,0.03710358002730156,False
165,5,-281.62365034761797,-15.749823092772886,0.15310121319138317,0.1041585791761939,0.08809976231558568,False
165,6,-281.1814371582619,-15.30760990341679,0.07513288905016371,0.04604843527899771,0.04177129663967675,False
165,7,-280.39025166038397,-14.516424405538885,0.07122842301166281,0.025952608490323992,0.023174975318644563,False
165,8,-278.7823988586267,-12.908571603781638,0.19928033865699174,0.03741852263615202,0.027102488724474676,False
165,9,-265.56471245681064,0.3091147980344431,2.2252591137838227,,,True
166,0,-265.8738272548451,0.0,2.3495349175970333,,,True
166,1,-277.96966141037024,-12.095834155525154,0.4602370111954671,0.11052923240809777,0.09109274019100402,False
166,2,-280.0667601526943,-14.192932897849232,0.6180044485923732,0.4129626396962391,0.3860169469962434,False
166,3,-280.7835530580704,-14.909725803225342,0.08191612252800906,0.04785875982917099,0.04072743858299202,False
166,4,-281.30790501849526,-15.43407776365018,0.060493047071102334,0.03911862809552998,0.03664560081280362,False
166,5,-281.6497933371952,-15.775966082350124,0.15197572932618528,0.11282871124449723,0.09777350118679876,False
166,6,-281.1868089768536,-15.312981722008544,0.0777074648582448,0.047561846147971536,0.042514175526304425,False
166,7,-280.39906061322665,-14.52523335838157,0.06956806624601677,0.025557366897051258,0.023064336992883593,False
166,8,-278.79196943684246,-12.918142181997382,0.1977932247316237,0.02926743259114814,0.026018057950551936,False
166,9,-265.56471245681064,0.3091147980344431,2.2252591137838227,,,True
167,0,-265.8738272548451,0.0,2.3495349175970333,,,True
167,1,-277.9951868230131,-12.121359568168032,0.44137839140233265,0.07914375054981182,0.060524788618406475,False
167,2,-280.16773130545323,-14.293904050608148,0.3909551600049558,0.21201269163645797,0.17645995604768935,False
167,3,-280.79243732935447,-14.918610074509388,0.08348758659187026,0.05495212109915774,0.042056785786303785,False
167,4,-281.3161969697801,-15.442369714935012,0.061012738185109106,0.03681008785723682,0.035773669538270145,False
167,5,-281.6739032025996,-15.800075947754522,0.14900050904528847,0.11515689701282784,0.09756508598334483,False
167,6,-281.191975911982,-15.31814865713693,0.08049701871304256,0.050437139397270604,0.04455133074615482,False
167,7,-280.4068581442909,-14.533030889445797,0.06807924437811114,0.025347548655556242,0.02357482858479286,False
167,8,-278.800517610716,-12.926690355870903,0.19273838433289955,0.03530328919480367,0.02665447836600975,False
167,9,-265.56471245681064,0.3091147980344431,2.2252591137838227,,,True
168,0,-265.8738272548451,0.0,2.3495349175970333,,,True
168,1,-278.0190479085475,-12.145220653702438,0.42950982558772577,0.04591211829287492,0.03576300271079827,False
168,2,-280.1777919991383,-14.30396474429324,0.5187614188017236,0.5585267388740999,0.5065503714556241,False
168,3,-280.80137694561483,-14.927549690769752,0.08531474398332707,0.061044755011887976,0.04446217754302326,False
168,4,-281.32390457732936,-15.450077322484276,0.06155465359967253,0.036208853401397526,0.03480159500811893,False
168,5,-281.69692367342856,-15.823096418583475,0.14581864842347353,0.1060094234688835,0.0805067875114672,False
168,6,-281.1973332636438,-15.323506008798745,0.08403263598165682,0.05445201844318373,0.04761124784906821,False
168,7,-280.4142905977045,-14.540463342859425,0.06663099287847996,0.026510628398492823,0.02460194808600072,False
168,8,-278.80894021400184,-12.935112959156754,0.18751941781878567,0.032668889856983394,0.030723329741814003,False
168,9,-265.56471245681064,0.3091147980344431,2.2252591137838227,,,True
169,0,-265.8738272548451,0.0,2.3495349175970333,,,True
169,1,-278.0262958204031,-12.152468565558024,0.44687526894933893,0.03289620264950225,0.028623507445705913,False
169,2,-280.1920035501844,-14.318176295339299,0.621411919326205,0.4929483280449006,0.42590529995632653,False
169,3,-280.8068662194735,-14.933038964628395,0.08720138583558851,0.04807017168168414,0.03616507079265158,False
169,4,-281.3274989840207,-15.453671729175596,0.06267122950203596,0.03447510991831837,0.03131335570840188,False
169,5,-281.7085328489434,-15.834705594098295,0.14709700719998872,0.10584685231769234,0.08263845498454578,False
169,6,-281.19998481580444,-15.32615756095936,0.08693005016851192,0.05706017362286879,0.04905715644982424,False
169,7,-280.416972588361,-14.543145333515895,0.06617284570189204,0.026240694518901236,0.02394813478371749,False
169,8,-278.8127501691272,-12.938922914282102,0.20019978807992544,0.030720731320226825,0.027709818965106266,False
169,9,-265.56471245681064,0.3091147980344431,2.2252591137838227,,,True
170,0,-265.8738272548451,0.0,2.3495349175970333,,,True
170,1,-278.02827265015264,-12.154445395307562,0.4431790638316421,0.021283402849892327,0.01914177879929623,False
170,2,-280.2281850438461,-14.354357789001028,0.4118042976542023,0.2391187798837131,0.2066207930387438,False
170,3,-280.808308595412,-14.93448134056689,0.08735857607883488,0.04757466136605548,0.035560281996516216,False
170,4,-281.32857608906994,-15.454748834224858,0.06221056764955887,0.03434628042838038,0.03335236763334388,False
170,5,-281.7119265062123,-15.838099251367225,0.14391373944467928,0.10249745097190886,0.07725670032763034,False
170,6,-281.20081460094013,-15.326987346095052,0.08744960573445103,0.05811120934161904,0.050183960437924356,False
170,7,-280.4177991782802,-14.543971923435095,0.06602212002439921,0.026581269967220243,0.02426400538507536,False
170,8,-278.8138159498784,-12.939988695033321,0.19386595986032765,0.031683981963570466,0.029535633527455474,False
170,9,-265.56471245681064,0.3091147980344431,2.2252591137838227,,,True
171,0,-265.8738272548451,0.0,2.3495349175970333,,,True
171,1,-278.0321950560431,-12.15836780119804,0.4391011866729524,0.021552495263320242,0.017826833511020327,False
171,2,-280.23123062546915,-14.35740337062407,0.38318642916318363,0.24849644699126955,0.20399167197471998,False
171,3,-280.81120415071666,-14.93737689587158,0.08814185810095056,0.04699684930588468,0.03516392468982567,False
171,4,-281.33079116219244,-15.456963907347358,0.061942094901532456,0.0345818352340748,0.03429564774292514,False
171,5,-281.71867022907975,-15.844842974234666,0.13958534429188044,0.09551214400938274,0.07263051474319585,False
171,6,-281.2025675605014,-15.32874030565631,0.08905973545405024,0.06017086645961009,0.051865091563300464,False
171,7,-280.4195055387353,-14.545678283890197,0.06576195334196336,0.027241855703765003,0.024847640881169912,False
171,8,-278.81591982612747,-12.942092571282387,0.18871272660255814,0.0334095901096257,0.031846285045265356,False
171,9,-265.56471245681064,0.3091147980344431,2.2252591137838227,,,True
172,0,-265.8738272548451,0.0,2.3495349175970333,,,True
172,1,-278.0326484213061,-12.158821166460996,0.4397488695993724,0.021208309298510506,0.01743022597541359,False
172,2,-280.2351591346216,-14.361331879776515,0.3412072589214522,0.20558482536272213,0.16720456911653037,False
172,3,-280.81152698073913,-14.93769972589405,0.08833816007013633,0.04699390322881766,0.03495214451738039,False
172,4,-281.3310505628897,-15.457223308044604,0.0620902924984978,0.03447474012684659,0.03362821443637042,False
172,5,-281.7194431877606,-15.845615932915507,0.13970518350239164,0.09477510971695073,0.07194573274791319,False
172,6,-281.20278254348864,-15.328955288643556,0.08934081555305008,0.06029250081291841,0.05186554152421458,False
172,7,-280.419711575591,-14.545884320745927,0.06573281005964571,0.0272655072729941,0.02485831678196232,False
172,8,-278.8161843066139,-12.942357051768795,0.19016575299970123,0.033407347385726656,0.0316909507437879,False
172,9,-265.56471245681064,0.3091147980344431,2.2252591137838227,,,True
173,0,-265.8738272548451,0.0,2.3495349175970333,,,True
173,1,-278.03355547053485,-12.159728215689768,0.4408971379038552,0.020671678431727413,0.016724856597780724,False
173,2,-280.2406518507571,-14.366824595912021,0.26210465837549346,0.12563517274995117,0.10253379498349482,False
173,3,-280.81217167446096,-14.938344419615873,0.08871448811074148,0.047004069500186464,0.03458722243543516,False
173,4,-281.3315708518904,-15.457743597045294,0.06235340639281419,0.03472966503648333,0.03247991569771494,False
173,5,-281.7209735812272,-15.84714632638213,0.13990246475150098,0.0932608080657,0.07063048472225768,False
173,6,-281.2032169670791,-15.32938971223399,0.0899036402757349,0.06057794811153601,0.05190672144952663,False
173,7,-280.42012500019604,-14.546297745350955,0.06567565126772106,0.02731446115775623,0.024877399488226523,False
173,8,-278.81671019571263,-12.942882940867548,0.19266170935017524,0.03346970001155624,0.03146678209180689,False
173,9,-265.56471245681064,0.3091147980344431,2.2252591137838227,,,True
174,0,-265.8738272548451,0.0,2.3495349175970333,,,True
174,1,-278.03493234530526,-12.161105090460183,0.4422579433548976,0.020166606135705548,0.01588109064172268,False
174,2,-280.2446092712387,-14.370782016393605,0.1741479921647093,0.08095781483287173,0.05780591736267585,False
174,3,-280.81314734581827,-14.939320090973183,0.08923875837937519,0.04704080482592385,0.034171995076451425,False
174,4,-281.33236355141906,-15.458536296573982,0.06266536484111512,0.035060431326659834,0.031200790748713604,False
174,5,-281.7232650930796,-15.849437838234508,0.14007759849845766,0.09086215472980978,0.0687808117129073,False
174,6,-281.20388718008235,-15.330059925237265,0.09074676233987367,0.06109779195958771,0.05206938460002084,False
174,7,-280.4207552822856,-14.546928027440515,0.06558835066096783,0.027392949913191005,0.02490214050533992,False
174,8,-278.8175064838951,-12.94367922905002,0.19540827008143216,0.03370744843736916,0.03134362204153176,False
174,9,-265.56471245681064,0.3091147980344431,2.2252591137838227,,,True
175,0,-265.8738272548451,0.0,2.3495349175970333,,,True
175,1,-278.03680328281405,-12.162976027968966,0.4434172259997889,0.019856279346670613,0.015139300901240625,False
175,2,-280.24568062696255,-14.37185337211747,0.23886888135966086,0.09137906944758316,0.07627074921140764,False
175,3,-280.8144670908191,-14.940639835974025,0.08986346472557596,0.04709885998562447,0.0338299205478701,False
175,4,-281.33344477970513,-15.45961752486005,0.06293419746410953,0.03540241123043875,0.030237150728798335,False
175,5,-281.72633225883663,-15.852505003991553,0.1400599955130601,0.08742597294525262,0.06653819233377738,False
175,6,-281.20481780046293,-15.330990545617851,0.09185618956188983,0.06192358748415114,0.052461213295376924,False
175,7,-280.421615962994,-14.547788708148914,0.06546320839104194,0.02750908139326867,0.024933770155402796,False
175,8,-278.81859740278435,-12.944770147939266,0.19734942422699206,0.03423376545587989,0.031550207201671815,False
175,9,-265.56471245681064,0.3091147980344431,2.2252591137838227,,,True
176,0,-265.8738272548451,0.0,2.3495349175970333,,,True
176,1,-278.03911964948594,-12.165292394640858,0.44399727863593924,0.019738102211732885,0.014710152120748167,False
176,2,-280.2456666628493,-14.371839408004234,0.28161094382439,0.1540190972743281,0.13359577848514084,False
176,3,-280.81609003109713,-14.94226277625205,0.09053888178958072,0.04717220196976679,0.03364903645591111,False
176,4,-281.3347866218669,-15.460959367021815,0.06308874281456131,0.0356979248523963,0.02987926703301355,False
176,5,-281.73005661344195,-15.856229358596863,0.13968010170534773,0.08295094163833405,0.0640875698978158,False
176,6,-281.20599959880866,-15.332172343963578,0.09318890054934846,0.06307284215245741,0.05314390834272067,False
176,7,-280.4226865755117,-14.548859320666622,0.06529718950513794,0.027672280335791558,0.024982968027989924,False
176,8,-278.81997334002017,-12.946146085175087,0.19774242028031372,0.03509059114946075,0.03224164507893439,False
176,9,-265.56471245681064,0.3091147980344431,2.2252591137838227,,,True
177,0,-265.8738272548451,0.0,2.3495349175970333,,,True
177,1,-278.04180576377047,-12.167978508925387,0.4438517221332102,0.01972418793114227,0.014660450239553336,False
177,2,-280.247346576596,-14.373519321750905,0.29466947868075394,0.17269811319655234,0.1486134064769668,False
177,3,-280.8179550932401,-14.94412783839499,0.09125712202399754,0.04728842215352111,0.03364364219909071,False
177,4,-281.3363439850856,-15.462516730240509,0.06312483831448065,0.03593983753824845,0.030085610193049228,False
177,5,-281.73425527802596,-15.860428023180873,0.13886106908645324,0.07759582552340505,0.06224810175906959,False
177,6,-281.20740981834075,-15.333582563495668,0.09473184599620331,0.06453817187004918,0.05410783531624214,False
177,7,-280.42393358975676,-14.550106334911675,0.06509574202716677,0.027894834409464525,0.025069278755917985,False
177,8,-278.8216061466949,-12.947778891849794,0.19660142520934965,0.03626389734523809,0.03342634591927191,False
177,9,-265.56471245681064,0.3091147980344431,2.2252591137838227,,,True
178,0,-265.8738272548451,0.0,2.3495349175970333,,,True
178,1,-278.04482043800056,-12.170993183155474,0.4430279943936828,0.01977303407532126,0.014936368378402908,False
178,2,-280.25152442551223,-14.377697170667147,0.27673111469553474,0.13860836384234715,0.1183096610045059,False
178,3,-280.8200266822637,-14.946199427418605,0.0920562563391571,0.04750878896370738,0.0337830717252129,False
178,4,-281.33809301964754,-15.464265764802462,0.06309108791694404,0.036166461480475635,0.03059272753160492,False
178,5,-281.7387906447292,-15.86496338988411,0.13762025073989623,0.07161952852559808,0.06353020642353684,False
178,6,-281.20904575876034,-15.335218503915257,0.09653110224927154,0.06632908297307999,0.05531016604987091,False
178,7,-280.4253398140819,-14.551512559236812,0.06486754920360963,0.02819409592874114,0.025217668096362025,False
178,8,-278.82348350508676,-12.949656250241674,0.19447700198605683,0.0377355187867107,0.035026155754889064,False
178,9,-265.56471245681064,0.3091147980344431,2.2252591137838227,,,True
179,0,-265.8738272548451,0.0,2.3495349175970333,,,True
179,1,-278.04854519534877,-12.174717940503683,0.44153994639909355,0.01989710248603463,0.015452118690465937,False
179,2,-280.2570614570118,-14.383234202166705,0.22446443388312826,0.07690405826236545,0.058048308105022206,False
179,3,-280.822559636875,-14.948732382029903,0.09311407506959546,0.04795563108126294,0.03404434170749632,False
179,4,-281.3402591886527,-15.466431933807598,0.06306508577926885,0.036474192442636,0.031065014033132447,False
179,5,-281.7441269896982,-15.87029973485312,0.13587259712659427,0.06987432831705909,0.06514714357964387,False
179,6,-281.21115333876355,-15.33732608391847,0.09893194284440919,0.06871920476495662,0.056860452794968715,False
179,7,-280.42708785402795,-14.553260599182863,0.0645915214880023,0.028639334364007722,0.025486648541089008,False
179,8,-278.8258681902887,-12.95204093544362,0.19198886482981695,0.03969281414898434,0.037142536266521864,False
179,9,-265.56471245681064,0.3091147980344431,2.2252591137838227,,,True
180,0,-265.8738272548451,0.0,2.3495349175970333,,,True
180,1,-278.0532108201383,-12.179383565293222,0.4396779418906137,0.02000827948433594,0.01591178308607622,False
180,2,-280.26095522356786,-14.38712796872278,0.18629223545859538,0.05731494163003724,0.04725885084654397,False
180,3,-280.8257055398484,-14.951878285003318,0.09461532983654514,0.048771112758159645,0.034367314977266986,False
180,4,-281.34298815606377,-15.469160901218686,0.06318666924544655,0.03699093843346999,0.030900901488408922,False
180,5,-281.75042054168733,-15.876593286842251,0.13377022932604798,0.07091673356920165,0.06696686271679456,False
180,6,-281.21394540071685,-15.34011814587177,0.10228102299113433,0.07190893547378262,0.05878428377522163,False
180,7,-280.42929538407975,-14.555468129234669,0.06425906609881876,0.02929520474351358,0.02594250415830211,False
180,8,-278.82896840169576,-12.955141146850679,0.19058385050701732,0.042232893637897395,0.03970847699227402,False
180,9,-265.56471245681064,0.3091147980344431,2.2252591137838227,,,True
181,0,-265.8738272548451,0.0,2.3495349175970333,,,True
181,1,-278.05902292610403,-12.185195671258953,0.43802597308453395,0.019775318160919143,0.015801051153935996,False
181,2,-280.2632596871652,-14.38943243232012,0.2544229492099987,0.13097551615158057,0.11003233846503313,False
181,3,-280.8296044910712,-14.95577723622614,0.09672729481793471,0.05007398358422119,0.03473294109449206,False
181,4,-281.3464158274762,-15.472588572631139,0.0635746642345733,0.037826261964800295,0.029751153696980302,False
181,5,-281.7577096391617,-15.883882384316621,0.13169280535845015,0.07235998788957745,0.06886313984059142,False
181,6,-281.217681820679,-15.343854565833908,0.10698817718057978,0.07615757456759349,0.061151584717237285,False
181,7,-280.4320712519414,-14.558243997096326,0.0638592361072936,0.03019068551095242,0.026604526624640464,False
181,8,-278.833026414291,-12.959199159445916,0.19365257848198908,0.045511827194196865,0.042696571506204865,False
181,9,-265.56471245681064,0.3091147980344431,2.2252591137838227,,,True
182,0,-265.8738272548451,0.0,2.3495349175970333,,,True
182,1,-278.0660763232789,-12.192249068433796,0.4368783098047093,0.018974185517506244,0.014799685568360973,False
182,2,-280.26813931372976,-14.39431205888468,0.24114501609899822,0.12287136915407662,0.1040255556950678,False
182,3,-280.8343271234062,-14.9604998685611,0.09949937933943909,0.052004472317336195,0.03537312370949658,False
182,4,-281.35061315557317,-15.476785900728089,0.06415808806824193,0.038954884410192674,0.028597645737668834,False
182,5,-281.7658257660667,-15.89199851122163,0.1299132455926076,0.07419378394272189,0.07098398531604984,False
182,6,-281.2226283050327,-15.348801050187603,0.11349096891915744,0.08193313663600853,0.06421781206681246,False
182,7,-280.43547066114377,-14.561643406298685,0.06337925415086151,0.0312943792869431,0.027397923891488492,False
182,8,-278.83825531061626,-12.96442805577118,0.2016869805892261,0.0499515379586127,0.0464864418724118,False
182,9,-265.56471245681064,0.3091147980344431,2.2252591137838227,,,True
183,0,-265.8738272548451,0.0,2.3495349175970333,,,True
183,1,-278.0745868733866,-12.200759618541497,0.4358171181188555,0.01779494965454621,0.01300677663311688,False
183,2,-280.27567605378215,-14.401848798937067,0.13731475882580757,0.049629259494448824,0.041503177549480325,False
183,3,-280.84005281038566,-14.966225555540575,0.10306037894775237,0.054911863810386194,0.03678119824404769,False
183,4,-281.35574503614066,-15.481917781295579,0.06473157881522075,0.04028434386647766,0.029359644509378793,False
183,5,-281.77477521781543,-15.90094796297035,0.12826457162444121,0.07645642388791818,0.07376682871065396,False
183,6,-281.2292965578265,-15.355469302981419,0.12273675673282741,0.0903043781168552,0.06859888437058756,False
183,7,-280.4396126091548,-14.565785354309696,0.06278548429851696,0.03260360337394058,0.028231637039111135,False
183,8,-278.8450656491368,-12.971238394291731,0.21292043016200038,0.056459845982027225,0.052135650780354224,False
183,9,-265.56471245681064,0.3091147980344431,2.2252591137838227,,,True
184,0,-265.8738272548451,0.0,2.3495349175970333,,,True
184,1,-278.08494704071114,-12.21111978586606,0.43346236099229585,0.016413600050505125,0.011856016261129228,False
184,2,-280.281153898337,-14.4073266434919,0.20676149151485693,0.11239981398828616,0.09647890240088045,False
184,3,-280.8471579033835,-14.973330648538422,0.10792697494621628,0.05951596347613349,0.039507844948786015,False
184,4,-281.3621337161026,-15.488306461257537,0.06514848930156963,0.04181832323910258,0.03048787399988965,False
184,5,-281.7848064257522,-15.910979170907126,0.1255667427852624,0.07922213187961473,0.07755774653265252,False
184,6,-281.2387221616665,-15.364894906821405,0.13695300117311027,0.1034702890076479,0.07550478559837431,False
184,7,-280.44471611364634,-14.570888858801254,0.06204218491672677,0.03426881544739977,0.02914576390094956,False
184,8,-278.8542902891402,-12.980463034295099,0.22901362840789496,0.06651248498137574,0.061409347268766096,False
184,9,-265.56471245681064,0.3091147980344431,2.2252591137838227,,,True
185,0,-265.8738272548451,0.0,2.3495349175970333,,,True
185,1,-278.09730165421917,-12.223474399374084,0.42872989694248015,0.014517717104531357,0.010748453256538809,False
185,2,-280.28921475910283,-14.415387504257751,0.2258437991707295,0.1088387611009757,0.09155545962756907,False
185,3,-280.8559449188779,-14.982117664032842,0.1150371788852176,0.06666493374957161,0.04370527391499312,False
185,4,-281.3699813301202,-15.496154075275115,0.06578004781596197,0.04394023964960353,0.03207932021220398,False
185,5,-281.7958915699729,-15.922064315127841,0.11984584337182554,0.08152687250789739,0.08079050697256163,False
185,6,-281.2523386695441,-15.378511414699005,0.15961491960047877,0.12427231820739122,0.08658219915359071,False
185,7,-280.4508872689099,-14.577060014064841,0.06118979595348247,0.03666273786832027,0.030539114830079577,False
185,8,-278.8669939033907,-12.993166648545639,0.2521513666897791,0.08397717149442381,0.07518545018877143,False
185,9,-265.56471245681064,0.3091147980344431,2.2252591137838227,,,True
186,0,-265.8738272548451,0.0,2.3495349175970333,,,True
186,1,-278.1119187342653,-12.238091479420234,0.4221507615748069,0.01198007522060882,0.008843453903068366,False
186,2,-280.3003739238995,-14.426546669054403,0.16416216663460204,0.049962793078946986,0.04369661885195669,False
186,3,-280.8670108450547,-14.99318359020964,0.12611314263834872,0.07776673690065156,0.049866951460303295,False
186,4,-281.3796339768088,-15.505806721963722,0.06726613996387423,0.04725640646407511,0.03429189825638478,False
186,5,-281.80809916699025,-15.934271912145164,0.11056607502918288,0.081505331751957,0.08115264248821157,False
186,6,-281.27306235300034,-15.399235098155259,0.19652817197309444,0.1568623937125913,0.10462008183730813,False
186,7,-280.45832137688035,-14.584494122035267,0.060370181587249494,0.040289803545762046,0.03300834725033045,False
186,8,-278.88536707444086,-13.011539819595782,0.28587992792889544,0.11466436397365487,0.09374714534340538,False
186,9,-265.56471245681064,0.3091147980344431,2.2252591137838227,,,True
187,0,-265.8738272548451,0.0,2.3495349175970333,,,True
187,1,-278.1283134475568,-12.254486192711738,0.4156676504777898,0.009218435865659803,0.007836882781856893,False
187,2,-280.31034525573057,-14.436518000885485,0.22738759917803808,0.1215652414521915,0.10527305630052873,False
187,3,-280.880801102791,-15.006973847945915,0.14376122972465358,0.09512365590833986,0.061240400107968836,False
187,4,-281.39100935737304,-15.517182102527954,0.06979135808445643,0.05210784963420887,0.03756578119862578,False
187,5,-281.82089200431403,-15.94706474946895,0.10151749093733393,0.07907591655800779,0.07863619591679287,False
187,6,-281.30533271064155,-15.431505455796469,0.25232635218074245,0.2038974263358526,0.13614997038347657,False
187,7,-280.4668710876657,-14.593043832820626,0.06597134321651482,0.0452484545107806,0.03656445188169256,False
187,8,-278.91257270967606,-13.038745454830973,0.33096705136434534,0.1606573210523029,0.11561280169664437,False
187,9,-265.56471245681064,0.3091147980344431,2.2252591137838227,,,True
188,0,-265.8738272548451,0.0,2.3495349175970333,,,True
188,1,-278.1433914779796,-12.269564223134523,0.40984993264718395,0.007571542385717032,0.007336339102673285,False
188,2,-280.3228497009578,-14.449022446112735,0.13392148570126164,0.03376022141567075,0.029024268065477456,False
188,3,-280.8956508876936,-15.021823632848509,0.16808137345523028,0.11835396981264364,0.08035935361175627,False
188,4,-281.4020507673215,-15.528223512476416,0.0728766726084947,0.05788695595047917,0.041746731395461784,False
188,5,-281.832242218582,-15.958414963736914,0.09722170869964528,0.07789247564033319,0.07692405396968427,False
188,6,-281.3482233575599,-15.47439610271482,0.313513639701909,0.252452108190846,0.16965175674989522,False
188,7,-280.47498472141683,-14.601157466571749,0.07193062344592105,0.05040119814033092,0.03999166824712192,False
188,8,-278.9468303341215,-13.073003079276418,0.3679011583590086,0.20588217052312416,0.13409928949688604,False
188,9,-265.56471245681064,0.3091147980344431,2.2252591137838227,,,True
189,0,-265.8738272548451,0.0,2.3495349175970333,,,True
189,1,-278.1568618143385,-12.283034559493444,0.40359298745715766,0.007095155639863404,0.006110970854864183,False
189,2,-280.33240771357174,-14.458580458726658,0.15779762606837147,0.09467416656650082,0.07872923613735217,False
189,3,-280.9121541648025,-15.03832690995739,0.20033598038808942,0.14754601554060007,0.10283642072889643,False
189,4,-281.41248413108883,-15.53865687624375,0.07715076201508379,0.06490173212133794,0.04670818910235999,False
189,5,-281.84256427215917,-15.968737017314083,0.09581524214308074,0.07910777103179432,0.07704419651286014,False
189,6,-281.4036005355042,-15.529773280659128,0.36708543377989794,0.28951833761201523,0.19372800763440176,False
189,7,-280.4824919737752,-14.608664718930129,0.07815065609998696,0.05561907164230272,0.043331296740277886,False
189,8,-278.98600625173106,-13.112178996885973,0.375071034791923,0.212763695132983,0.13945171079650787,False
189,9,-265.56471245681064,0.3091147980344431,2.2252591137838227,,,True
190,0,-265.8738272548451,0.0,2.3495349175970333,,,True
190,1,-278.1688338681033,-12.295006613258238,0.39737210043096877,0.007568963809139597,0.0057922844052564985,False
190,2,-280.3425977173922,-14.468770462547127,0.16269692880274975,0.06561204540979801,0.05358289322609492,False
190,3,-280.9314961168772,-15.05766886203213,0.2404580226840004,0.18202322046269734,0.12806038656120072,False
190,4,-281.422312705266,-15.548485450420912,0.08294194460818904,0.07330782463331359,0.05252439914354526,False
190,5,-281.85224773250843,-15.978420477663349,0.09440536416547675,0.08211002800793407,0.07876563299805725,False
190,6,-281.47192851794,-15.598101263094918,0.3886667290880587,0.2918110558265537,0.21282144660705363,False
190,7,-280.4894193520637,-14.61559209721861,0.08465644539218149,0.06104504350626591,0.04696496912280239,False
190,8,-279.0197550203759,-13.145927765530814,0.29650452529274407,0.12505539530287543,0.0818818688058624,False
190,9,-265.56471245681064,0.3091147980344431,2.2252591137838227,,,True
191,0,-265.8738272548451,0.0,2.3495349175970333,,,True
191,1,-278.17970172702655,-12.305874472181472,0.39197953098583566,0.008061479841760288,0.006263826609117284,False
191,2,-280.3523260440607,-14.478498789215621,0.13138325253744407,0.0310714712855091,0.02565235350999304,False
191,3,-280.95577052650276,-15.081943271657678,0.2874800568998766,0.2202871269499659,0.1552116469308261,False
191,4,-281.4318284117896,-15.5580011569445,0.09048597669931127,0.08344425991085598,0.05954062569020028,False
191,5,-281.86166446646894,-15.987837211623855,0.09148069165398301,0.08653325025632459,0.08216635447315039,False
191,6,-281.5454203276675,-15.671593072822418,0.33048610762029107,0.2363277124244104,0.2217655658231248,False
191,7,-280.49596720375985,-14.622139948914764,0.09150806577581687,0.06683193633818472,0.051037105283160314,False
191,8,-279.0353322568278,-13.161505001982732,0.20315688299526033,0.21628348936044173,0.18488499263470237,False
191,9,-265.56471245681064,0.3091147980344431,2.2252591137838227,,,True
192,0,-265.8738272548451,0.0,2.3495349175970333,,,True
192,1,-278.1901509486565,-12.316323693811398,0.38729633384791184,0.008585182231875104,0.006608564727402675,False
192,2,-280.36115415815664,-14.487326903311555,0.1731745139645558,0.07563970789371355,0.0634188301716857,False
192,3,-280.98875208961255,-15.114924834767464,0.3384435535970488,0.2582359260468066,0.18095116931160884,False
192,4,-281.44171131808747,-15.567884063242388,0.10059907617258126,0.09628175890327627,0.06845884889787389,False
192,5,-281.87143488461027,-15.997607629765184,0.0970776111767588,0.09406128950289608,0.08844379093580013,False
192,6,-281.5944512263212,-15.72062397147613,0.41121428133820964,0.40880454054202486,0.2747215774119471,False
192,7,-280.5025513684084,-14.628724113563294,0.09895809341293016,0.0732164633014706,0.055593436352115055,False
192,8,-279.04167867555844,-13.167851420713362,0.19715135665655598,0.3129823403839026,0.2746395115994022,False
192,9,-265.56471245681064,0.3091147980344431,2.2252591137838227,,,True
193,0,-265.8738272548451,0.0,2.3495349175970333,,,True
193,1,-278.20065567645804,-12.326828421612959,0.3826384588151486,0.009126145402072747,0.006890983830303398,False
193,2,-280.371137830909,-14.49731057606391,0.13612882504463303,0.041917009792716994,0.034422270512235946,False
193,3,-281.03472099464256,-15.160893739797473,0.38175252289237394,0.2834172448985498,0.19399078747587717,False
193,4,-281.4526708327496,-15.578843577904536,0.11463476966824811,0.11310112365966649,0.08011082978269717,False
193,5,-281.8820831394985,-16.00825588465341,0.10727885251086987,0.10601244583570486,0.09820057646789508,False
193,6,-281.6144650248281,-15.740637769983039,0.5710552957035571,0.5783392852558955,0.42340179607503237,False
193,7,-280.50952617532744,-14.635698920482355,0.1072089361575593,0.0803176514999478,0.0606485614668502,False
193,8,-279.058335079103,-13.184507824257935,0.19336034673530436,0.22880129329925453,0.19807979598701558,False
193,9,-265.56471245681064,0.3091147980344431,2.2252591137838227,,,True
194,0,-265.8738272548451,0.0,2.3495349175970333,,,True
194,1,-278.2107276344917,-12.336900379646636,0.37783544610602826,0.009623352382255906,0.007205970372843528,False
194,2,-280.38067869173034,-14.506851436885256,0.12793349801005668,0.038422001149741807,0.03330588695519222,False
194,3,-281.09147858816334,-15.217651333318258,0.388458146253121,0.2713078758948322,0.18643559360531636,False
194,4,-281.4646339012254,-15.590806646380315,0.13296840574003083,0.13383112039323325,0.09439528683923636,False
194,5,-281.89334055778704,-16.01951330294196,0.12160627852030807,0.12043854012657175,0.11014469296125036,False
194,6,-281.6422692864179,-15.768442031572818,0.40476927865896895,0.4071615231089094,0.3530874206920979,False
194,7,-280.5166352180098,-14.642807963164728,0.115738556157771,0.08756548285148281,0.0658813619719181,False
194,8,-279.0809230535564,-13.207095798711293,0.19122710422812983,0.12660117749586558,0.09923494921760835,False
194,9,-265.56471245681064,0.3091147980344431,2.2252591137838227,,,True
195,0,-265.8738272548451,0.0,2.3495349175970333,,,True
195,1,-278.2202471410635,-12.346419886218428,0.3730585434107913,0.010072695725606201,0.007572714307707583,False
195,2,-280.38964837609535,-14.51582112125027,0.13132229630442702,0.057777723240749715,0.046002870414058136,False
195,3,-281.1487717053071,-15.274944450462044,0.32588776322111385,0.21491952894871416,0.19529489026212946,False
195,4,-281.4780492423595,-15.604221987514393,0.15606491837043862,0.15865920966649347,0.11143589927316373,False
195,5,-281.90541299857466,-16.03158574372958,0.13968089918337842,0.13826475391326776,0.12474274024352208,False
195,6,-281.665840745193,-15.792013490347927,0.4290075395743643,0.4334480471490516,0.3669291045072528,False
195,7,-280.52383250477743,-14.650005249932349,0.12425016705793396,0.09459986224285989,0.07115470302930518,False
195,8,-279.0992913915082,-13.225464136663106,0.2079670441172124,0.07267925190295095,0.0637641716953695,False
195,9,-265.56471245681064,0.3091147980344431,2.2252591137838227,,,True
196,0,-265.8738272548451,0.0,2.3495349175970333,,,True
196,1,-278.2295732362636,-12.355745981418522,0.3684976555395129,0.01053883585496859,0.007948648392404344,False
196,2,-280.3991376734574,-14.525310418612321,0.12518071358194033,0.0364672344984886,0.034457281318526364,False
196,3,-281.1851342517281,-15.31130699688299,0.3251916605575813,0.3081835955554206,0.25135268476093126,False
196,4,-281.49428811426554,-15.620460859420461,0.18515583261849144,0.1886862265526486,0.13192916051979003,False
196,5,-281.9191990373569,-16.045371782511836,0.16144533815497328,0.15967393615023986,0.1417543136317148,False
196,6,-281.6944610338518,-15.820633779006698,0.22967898244698737,0.23440978623682515,0.20185299256383107,False
196,7,-280.53142115521086,-14.657593900365782,0.13274819990778608,0.10141503680988306,0.07641167917075893,False
196,8,-279.11234242231114,-13.238515167466062,0.26330948977433305,0.11158086086891221,0.09926636982419566,False
196,9,-265.56471245681064,0.3091147980344431,2.2252591137838227,,,True
197,0,-265.8738272548451,0.0,2.3495349175970333,,,True
197,1,-278.2392133135812,-12.365386058736135,0.36407645802225835,0.011081101241150068,0.008324224194008384,False
197,2,-280.40888490179964,-14.535057646954556,0.12223896600321466,0.03347280133014553,0.03197778296141825,False
197,3,-281.1930531683597,-15.319225913514629,0.45791876090731803,0.4627228390639292,0.30474510672613325,False
197,4,-281.5159270523579,-15.642099797512799,0.22216585537116434,0.2257066183058728,0.15681420020239817,False
197,5,-281.93627623632267,-16.062448981477587,0.1870760814501788,0.1858053849622735,0.16092417203340018,False
197,6,-281.7110842565933,-15.837257001748242,0.28401596538482854,0.28966437358321323,0.2174325330368546,False
197,7,-280.5398912232071,-14.666063968362039,0.14126313826753698,0.10800543250750735,0.0816016425406012,False
197,8,-279.12478674458134,-13.25095948973626,0.28703346627894116,0.12813145829600608,0.113795257063462,False
197,9,-265.56471245681064,0.3091147980344431,2.2252591137838227,,,True
198,0,-265.8738272548451,0.0,2.3495349175970333,,,True
198,1,-278.2495265010129,-12.375699246167812,0.35945417063914314,0.011724295494571872,0.008744629643162112,False
198,2,-280.4192544238296,-14.545427168984531,0.1344153695041112,0.04796709909281043,0.03814010848106457,False
198,3,-281.19935366728333,-15.32552641243825,0.31193165487383084,0.31447240993667247,0.2932383715019567,False
198,4,-281.5467042860066,-15.672877031161534,0.2674365149014044,0.270246652729922,0.1859341240048435,False
198,5,-281.9585725433035,-16.084745288458407,0.2148756482695469,0.21444326511309697,0.17968339619046572,False
198,6,-281.72067270389107,-15.846845449045986,0.41184435091697674,0.4219083450448628,0.2713174773362823,False
198,7,-280.5496605735236,-14.675833318678542,0.1493555911274086,0.1138775888554441,0.08640204025076739,False
198,8,-279.1383461288493,-13.264518874004239,0.2852162557491428,0.09088637189168176,0.07338675337064479,False
198,9,-265.56471245681064,0.3091147980344431,2.2252591137838227,,,True
199,0,-265.8738272548451,0.0,2.3495349175970333,,,True
199,1,-278.25983573715075,-12.38600848230567,0.3546928319521196,0.01240866204098351,0.009229617779738743,False
199,2,-280.42995685978303,-14.55612960493795,0.12054583923892963,0.03456593291198079,0.033099498277903455,False
199,3,-281.21024728429853,-15.33642002945345,0.40932327287287107,0.4185483699170652,0.39639355232094664,False
199,4,-281.5884026161646,-15.714575361319532,0.3162624224826118,0.3182065225288089,0.21600570558239388,False
199,5,-281.9859387210355,-16.112111466190413,0.2380746606844019,0.23777906340345853,0.19211302658052012,False
199,6,-281.7433410425604,-15.869513787715334,0.18838242586147855,0.17905371681598495,0.14950279059836544,False
199,7,-280.56010522267445,-14.68627796782937,0.15560938850994813,0.1176792540883654,0.09004706767518642,False
199,8,-279.1515414056473,-13.27771415080224,0.2809673601499132,0.07993371587925768,0.07436308500877968,False
199,9,-265.56471245681064,0.3091147980344431,2.2252591137838227,,,True
200,0,-265.8738272548451,0.0,2.3495349175970333,,,True
200,1,-278.2698116958735,-12.395984441028418,0.34994113249764064,0.013105628191898748,0.00976750287107987,False
200,2,-280.4401747764132,-14.566347521568105,0.12098470369307948,0.03746066261545988,0.03601442448163226,False
200,3,-281.22769925413405,-15.35387199928897,0.33494612110670313,0.3455767236269618,0.33361809578300017,False
200,4,-281.64360034297897,-15.769773088133888,0.36514389345760695,0.36644392033283646,0.2611721018020145,False
200,5,-282.0181189364787,-16.144291681633604,0.2519820367050413,0.2523298312993264,0.19529415123939825,False
200,6,-281.7566109278347,-15.882783672989603,0.22378726528527265,0.20885149487749557,0.1441199390335283,False
200,7,-280.5707480364673,-14.696920781622225,0.15911209514502542,0.11852031317735875,0.09205372271436746,False
200,8,-279.1640149916866,-13.290187736841517,0.23182215898026293,0.047219965521915354,0.04001881589564419,False
200,9,-265.56471245681064,0.3091147980344431,2.2252591137838227,,,True
201,0,-265.8738272548451,0.0,2.3495349175970333,,,True
201,1,-278.27931225092254,-12.405484996077462,0.3454275214470892,0.013825279852263811,0.010320380308911779,False
201,2,-280.44985092018294,-14.576023665337857,0.1209306586717279,0.0390764231345064,0.037568520014816364,False
201,3,-281.245172179128,-15.371344924282937,0.16172075208784378,0.16653805153921505,0.14694329933327716,False
201,4,-281.71361974488764,-15.839792490042555,0.3908485798413795,0.39165811200644346,0.3043649354818687,False
201,5,-282.0545942631992,-16.18076700835411,0.2561746261207753,0.2574166615950711,0.1898502936517507,False
201,6,-281.76718440448076,-15.893357149635676,0.20248955483789718,0.20292036284976223,0.16727927981122268,False
201,7,-280.58118287616674,-14.707355621321653,0.15921486236498408,0.11596757464901572,0.09178276476352974,False
201,8,-279.17446806058183,-13.300640805736748,0.21377519235351172,0.0453277044254696,0.031000903673721037,False
201,9,-265.56471245681064,0.3091147980344431,2.2252591137838227,,,True
202,0,-265.8738272548451,0.0,2.3495349175970333,,,True
202,1,-278.28833477310013,-12.41450751825505,0.34124022309717195,0.014577692024202974,0.010884720187982045,False
202,2,-280.45919350343655,-14.58536624859147,0.1200660368858634,0.03825201865551281,0.03695047032939919,False
202,3,-281.25171542973317,-15.377888174888085,0.2586501141331217,0.26458526188831594,0.18674445019150454,False
202,4,-281.79021104362243,-15.916383788777352,0.32404748274319223,0.3246245338604124,0.24564584294205657,False
202,5,-282.0949749858977,-16.22114773105261,0.24105489269383054,0.24290482840880592,0.18995772564352384,False
202,6,-281.77694180998446,-15.903114555139382,0.16421372801370654,0.164354519254157,0.12927173475527862,False
202,7,-280.59113680730593,-14.717309552460847,0.15551925397137212,0.10984374892477053,0.08890506537696591,False
202,8,-279.1832467721277,-13.309419517282606,0.216048698007962,0.07072846868486181,0.06302438404772703,False
202,9,-265.56471245681064,0.3091147980344431,2.2252591137838227,,,True
203,0,-265.8738272548451,0.0,2.3495349175970333,,,True
203,1,-278.2971522300258,-12.42332497518072,0.33723645659791734,0.015388333151944827,0.01149200608752677,False
203,2,-280.46826279738343,-14.59443554253835,0.11882759724526326,0.03597455759555601,0.03501195718401692,False
203,3,-281.25830590271426,-15.384478647869173,0.3288121811281521,0.33541035072537556,0.22407550884141283,False
203,4,-281.839088460569,-15.965261205723891,0.3929834688520102,0.3837144924836693,0.27229647842554405,False
203,5,-282.1371396485564,-16.263312393711317,0.21538327320119477,0.2174781835510382,0.16838841124523846,False
203,6,-281.78592168332807,-15.912094428482987,0.20892578908662704,0.21030042102107202,0.17730637459456422,False
203,7,-280.6006427652866,-14.726815510441497,0.14738407182110289,0.09970431169505213,0.08307104491134205,False
203,8,-279.1915403931848,-13.317713138339741,0.2184751979140896,0.0642501951889067,0.05635511091286962,False
203,9,-265.56471245681064,0.3091147980344431,2.2252591137838227,,,True
204,0,-265.8738272548451,0.0,2.3495349175970333,,,True
204,1,-278.30632004563347,-12.432492790788388,0.33311379653266077,0.01631710867577841,0.012196583031627172,False
204,2,-280.47752496811484,-14.603697713269753,0.11775173754873731,0.033578538464550126,0.032917895391132324,False
204,3,-281.27248987595647,-15.398662621111384,0.21269668342122602,0.21572180782027559,0.15805323733050877,False
204,4,-281.8348847752412,-15.961057520396139,0.8249500352681197,0.8181166340864559,0.7198472042677135,False
204,5,-282.1730610694897,-16.299233814644595,0.20276438378449785,0.2080460116643539,0.19708245502606683,False
204,6,-281.79688736241144,-15.923060107566357,0.11644537247560884,0.11395838505688444,0.09972847185793667,False
204,7,-280.6099690543774,-14.736141799532334,0.13303255403833206,0.08407697025089764,0.07316593838442574,False
204,8,-279.19988813978546,-13.326060884940375,0.22116810665395945,0.056813639779938044,0.05091190213725902,False
204,9,-265.56471245681064,0.3091147980344431,2.2252591137838227,,,True
205,0,-265.8738272548451,0.0,2.3495349175970333,,,True
205,1,-278.3163298298187,-12.442502574973616,0.32861375583060526,0.01743965198617242,0.013047434428036192,False
205,2,-280.48756384107327,-14.613736586228185,0.11717941027130495,0.03233243277860346,0.031561808732168815,False
205,3,-281.2860412033094,-15.412213948464341,0.17753679026710162,0.16224872132442866,0.11017341646895908,False
205,4,-281.83626193192856,-15.962434677083479,0.7797207983080578,0.7750483930691737,0.6885512584496208,False
205,5,-282.1902666164389,-16.316439361593837,0.4314610597365035,0.43158332374794517,0.3588568781177335,False
205,6,-281.80482517577786,-15.930997920932782,0.10499635005264599,0.07216393798822696,0.05279987879700354,False
205,7,-280.61908461511626,-14.745257360271182,0.10921537833370643,0.0606648403099564,0.05682362767947435,False
205,8,-279.20851785711284,-13.334690602267756,0.22425257245990823,0.054989719544762575,0.05027737239613273,False
205,9,-265.56471245681064,0.3091147980344431,2.2252591137838227,,,True
206,0,-265.8738272548451,0.0,2.3495349175970333,,,True
206,1,-278.32054305560376,-12.446715800758682,0.32680351828149695,0.017830867743490596,0.013715596084019295,False
206,2,-280.4915313050668,-14.617704050221732,0.11928465172053934,0.035701180601564304,0.033823967993216596,False
206,3,-281.2932832049123,-15.419455950067231,0.15447497579569824,0.16938674360086312,0.13143957070350545,False
206,4,-281.85569125900497,-15.981864004159888,0.726577793383408,0.7292162291512209,0.6314815352376993,False
206,5,-282.21006257371243,-16.336235318867352,0.39595313568044826,0.39607856878804365,0.3724475872127433,False
206,6,-281.8090330181643,-15.935205763319232,0.08462129572938171,0.07635616580371371,0.06468869735699609,False
206,7,-280.62228315799047,-14.748455903145384,0.11338815508801371,0.06516717662050843,0.06323125449861494,False
206,8,-279.212065939616,-13.338238684770943,0.22713332984890708,0.04634112140872732,0.04345348716511273,False
206,9,-265.56471245681064,0.3091147980344431,2.2252591137838227,,,True
207,0,-265.8738272548451,0.0,2.3495349175970333,,,True
207,1,-278.32230844614776,-12.448481191302676,0.3261248925372913,0.018076597481492696,0.01367141743263801,False
207,2,-280.4932777086368,-14.619450453791728,0.11885094541439546,0.033761947938046856,0.03313185752510775,False
207,3,-281.29682962319407,-15.423002368348989,0.07226426240594028,0.06605511936328846,0.057853621065627865,False
207,4,-281.90149341498676,-16.027666160141678,0.1818039473768734,0.17921822901450168,0.15488152885602363,False
207,5,-282.2282643103018,-16.354437055456742,0.15766937485562393,0.1583005987393518,0.12092177412679439,False
207,6,-281.8105853420242,-15.9367580871791,0.06600194305078402,0.04367139268872662,0.040013298584042956,False
207,7,-280.62355542378225,-14.749728168937168,0.10884118272179212,0.06024887361230457,0.05754162871255912,False
207,8,-279.2132779404117,-13.33945068556659,0.22796864806639452,0.04515166078515668,0.04229309558906016,False
207,9,-265.56471245681064,0.3091147980344431,2.2252591137838227,,,True
208,0,-265.8738272548451,0.0,2.3495349175970333,,,True
208,1,-278.32613417399386,-12.452306919148782,0.3246045928454397,0.018564827236370415,0.013875850439632206,False
208,2,-280.4968719183364,-14.623044663491328,0.11847599678471582,0.03272010284398099,0.032309264828039044,False
208,3,-281.30037714610035,-15.426549891255263,0.15840307498820783,0.1385825430436718,0.10661241342825876,False
208,4,-281.8764528534694,-16.00262559862432,0.8404857949671136,0.8313433356087825,0.724650454548472,False
208,5,-282.2313710598762,-16.357543805031128,0.41158591950337586,0.4110574802910505,0.3410108976507874,False
208,6,-281.812749067787,-15.938921812941942,0.10298199155914292,0.07514564660646866,0.0554996586408244,False
208,7,-280.6262464905717,-14.75241923572662,0.10311549373708699,0.0542579109207023,0.05080609704748423,False
208,8,-279.21533688255107,-13.341509627705989,0.22976584375253498,0.04309160139090664,0.04042912723177119,False
208,9,-265.56471245681064,0.3091147980344431,2.2252591137838227,,,True
209,0,-265.8738272548451,0.0,2.3495349175970333,,,True
209,1,-278.32657844204687,-12.452751187201784,0.32441408764281504,0.018603583857365488,0.013970504005973591,False
209,2,-280.4972942389047,-14.623466984059633,0.11859682923531446,0.03280963228932112,0.0323906882679669,False
209,3,-281.30123736829717,-15.427410113452083,0.1320500263476213,0.11173805980655523,0.09383242743611758,False
209,4,-281.89449370508976,-16.020666450244676,0.5851905003183112,0.5754529655719398,0.4983443026289205,False
209,5,-282.23688842013985,-16.363061165294766,0.30881053530517716,0.3082261051677676,0.2494255306198881,False
209,6,-281.81311854261315,-15.939291287768071,0.08888864191846127,0.0582167120422363,0.042589372797399924,False
209,7,-280.626547039554,-14.752719784708916,0.10345596539866844,0.05460852239693856,0.05152674421307157,False
209,8,-279.2156347034287,-13.341807448583609,0.22999612121618832,0.0430351388690416,0.040420212825773634,False
209,9,-265.56471245681064,0.3091147980344431,2.2252591137838227,,,True
210,0,-265.8738272548451,0.0,2.3495349175970333,,,True
210,1,-278.3274839434807,-12.45365668863559,0.32402846584339123,0.018689709719001555,0.014147185970685249,False
210,2,-280.4981456061456,-14.62431835130053,0.11882488844536285,0.032975498995453094,0.032542814489741126,False
210,3,-281.30257641456166,-15.428749159716574,0.08944340909554913,0.07512955038467713,0.07085058302906108,False
210,4,-281.91081077352203,-16.036983518676948,0.19853581019282832,0.18745859102510157,0.15577333152251263,False
210,5,-282.2436981534199,-16.369870898574845,0.14696124095146038,0.14811623329666568,0.13001539233448298,False
210,6,-281.81373553770163,-15.93990828285655,0.06861038943092698,0.039589114787736863,0.036346905778289244,False
210,7,-280.62715615116315,-14.753328896318067,0.10398963932027441,0.05519496813688626,0.0527092702570678,False
210,8,-279.216190941204,-13.342363686358908,0.23046704238935384,0.04295590206182884,0.04042670618673412,False
210,9,-265.56471245681064,0.3091147980344431,2.2252591137838227,,,True
211,0,-265.8738272548451,0.0,2.3495349175970333,,,True
211,1,-278.3289529660554,-12.455125711210314,0.3234106350218935,0.018846929111682183,0.014388890015326247,False
211,2,-280.49950966543867,-14.625682410593583,0.11914037326893612,0.033372705881756705,0.032742140831650446,False
211,3,-281.30404259370704,-15.430215338861956,0.06233662794150316,0.056943498668555706,0.04583384802356068,False
211,4,-281.911275435144,-16.037448180298895,0.21799449788793032,0.21554785067644588,0.20284575453942888,False
211,5,-282.2479840688067,-16.374156813961633,0.18880651090485637,0.18869332553956725,0.16626738479263312,False
211,6,-281.81452231585945,-15.940695061014367,0.06271314849149251,0.03854579417501556,0.03547650509734718,False
211,7,-280.62813534803837,-14.754308093193288,0.10434264393474155,0.05567164404151786,0.05381306904521617,False
211,8,-279.2170093270912,-13.343182072246123,0.23123544478878624,0.04325399882519106,0.0404905552761886,False
211,9,-265.56471245681064,0.3091147980344431,2.2252591137838227,,,True
212,0,-265.8738272548451,0.0,2.3495349175970333,,,True
212,1,-278.3290643820399,-12.455237127194835,0.32336587240952497,0.018861584077339996,0.01439634111969663,False
212,2,-280.4996128275618,-14.625785572716723,0.11914890702215584,0.033370461001802125,0.03274098044425359,False
212,3,-281.3041510737993,-15.430323818954207,0.06244257953301986,0.05554154565573119,0.04572647295497081,False
212,4,-281.91178738247663,-16.03796012763155,0.20796555822108445,0.20538838479378058,0.19256768634534396,False
212,5,-282.2483283372584,-16.374501082413303,0.18571374385383196,0.1856082595096786,0.16233509651450492,False
212,6,-281.8145838566684,-15.940756601823296,0.06252870951817223,0.0384681152142954,0.03540866307310631,False
212,7,-280.6282084183546,-14.754381163509493,0.10422493976248139,0.0555523352213111,0.05369535032477965,False
212,8,-279.21707086465545,-13.343243609810372,0.23129651336787735,0.043287109770336674,0.040503960800665685,False
212,9,-265.56471245681064,0.3091147980344431,2.2252591137838227,,,True
213,0,-265.8738272548451,0.0,2.3495349175970333,,,True
213,1,-278.32928751852353,-12.455460263678447,0.32327622557108776,0.01889094767013318,0.014411587699437895,False
213,2,-280.49981941831356,-14.625992163468482,0.11916606761718966,0.03336586114622654,0.032738496977011027,False
213,3,-281.3043664876189,-15.43053923277381,0.06273942422888092,0.052985549155945555,0.0455110800964268,False
213,4,-281.9127207242783,-16.03889346943322,0.18880844865070423,0.18595327330393133,0.17253166418956042,False
213,5,-282.2490024324181,-16.375175177573,0.17982953568386933,0.1797420607557844,0.15468748433701396,False
213,6,-281.8147060337822,-15.940878778937133,0.062173715263898144,0.03831301909871519,0.03527307798713183,False
213,7,-280.6283546169516,-14.7545273621065,0.10399115350113579,0.0553156321598922,0.05346250506209327,False
213,8,-279.2171940552511,-13.343366800406045,0.23141866334049163,0.043354191692546486,0.040530716561829265,False
213,9,-265.56471245681064,0.3091147980344431,2.2252591137838227,,,True
214,0,-265.8738272548451,0.0,2.3495349175970333,,,True
214,1,-278.32962351604465,-12.455796261199566,0.3231412384965491,0.01893518674883345,0.01443539448180868,False
214,2,-280.5001304581232,-14.626303203278098,0.11919208999788748,0.03335869657931751,0.03273432430927256,False
214,3,-281.30468645358474,-15.430859198739654,0.06336048671739114,0.05388023477786923,0.045897958218786276,False
214,4,-281.91391401981025,-16.040086764965167,0.16262620849288537,0.1593121947231166,0.1438765963820954,False
214,5,-282.24998164443275,-16.37615438958767,0.17176557987888372,0.1717110704864379,0.14378226850838555,False
214,6,-281.81488750889395,-15.941060254048864,0.06167678399862419,0.038080768436459,0.03506969729878067,False
214,7,-280.62857439638367,-14.754747141538587,0.10364430691452631,0.05496515197878138,0.05311960028753612,False
214,8,-279.21737945344546,-13.343552198600378,0.23160221317045732,0.043457145520196,0.040570761029355105,False
214,9,-265.56471245681064,0.3091147980344431,2.2252591137838227,,,True
215,0,-265.8738272548451,0.0,2.3495349175970333,,,True
215,1,-278.33007467107456,-12.456247416229473,0.3229599936550849,0.018994619787961218,0.014468989561808244,False
215,2,-280.5005480127222,-14.626720757877138,0.11922738452506453,0.03334866679096639,0.0327278561860018,False
215,3,-281.30510851330075,-15.43128125845567,0.06442055833441658,0.0549539493256802,0.04757685569346009,False
215,4,-281.91517495538335,-16.041347700538267,0.13340140495120328,0.12942000327642653,0.11065222523930049,False
215,5,-282.2512375693408,-16.377410314495705,0.162426195621636,0.1624248255279624,0.13034153035086365,False
215,6,-281.8151270631282,-15.941299808283134,0.061081371993928525,0.037771525164351546,0.03479820557248666,False
215,7,-280.628868796565,-14.75504154171989,0.10318866362056336,0.05450606347150272,0.052674082350661997,False
215,8,-279.217628295935,-13.343801041089932,0.23184796868507454,0.04359903121933182,0.04062405063878136,False
215,9,-265.56471245681064,0.3091147980344431,2.2252591137838227,,,True
216,0,-265.8738272548451,0.0,2.3495349175970333,,,True
216,1,-278.3306441914854,-12.456816936640337,0.3227312127152308,0.01906969271453909,0.014514034288269268,False
216,2,-280.50107496203304,-14.627247707187962,0.1192725270549463,0.033335392311254916,0.032718224215205476,False
216,3,-281.3056305064209,-15.431803251575843,0.06593882068490949,0.0560764220448783,0.049324653857715964,False
216,4,-281.9163353951042,-16.042508140259145,0.10812883959887482,0.10339689972920829,0.08598637163720108,False
216,5,-282.2527452649115,-16.3789180100664,0.15292693998422835,0.1530016065363254,0.11537154701375003,False
216,6,-281.8154239535095,-15.941596698664398,0.060444906131375584,0.03738563079669933,0.03445825305187962,False
216,7,-280.62923926318183,-14.755412008336748,0.10262989855451579,0.053945262330740054,0.05213591210069132,False
216,8,-279.21794245834326,-13.344115203498177,0.23215710731203162,0.04378400632534006,0.040690530390582895,False
216,9,-265.56471245681064,0.3091147980344431,2.2252591137838227,,,True
217,0,-265.8738272548451,0.0,2.3495349175970333,,,True
217,1,-278.3313348859459,-12.457507631100839,0.3224537870169103,0.01916083398032686,0.014572435424068607,False
217,2,-280.5017137850076,-14.627886530162527,0.1193281585192459,0.03331843719717404,0.03270432611276227,False
217,3,-281.30624999038105,-15.432422735535965,0.06778738708966456,0.05707003280592356,0.050915562442608045,False
217,4,-281.91730917675636,-16.04348192191128,0.09629779711756287,0.09134289624761559,0.07670566698809676,False
217,5,-282.25448808887296,-16.38066083402788,0.14439319272712417,0.14456240082004124,0.10600161874522757,False
217,6,-281.81577767956855,-15.941950424723473,0.061085615194892334,0.036924521642136846,0.03405027017511123,False
217,7,-280.6296867775987,-14.75585952275361,0.10197577662547826,0.05329203579852937,0.051517953360826874,False
217,8,-279.2183238247128,-13.344496569867715,0.23253050665981587,0.04401686413522675,0.04077001862200531,False
217,9,-265.56471245681064,0.3091147980344431,2.2252591137838227,,,True
218,0,-265.8738272548451,0.0,2.3495349175970333,,,True
218,1,-278.3321470443035,-12.458319789458415,0.3221276344044407,0.019268225110649354,0.014645965782951645,False
218,2,-280.50246460310984,-14.62863734826476,0.11939480081327523,0.033297339678414535,0.032684941892989434,False
218,3,-281.3069627964362,-15.433135541591128,0.06970402318636923,0.057728880237805785,0.052110721299246106,False
218,4,-281.9181283799621,-16.044301125117045,0.1012956629672904,0.09704802459505928,0.0786975771556369,False
218,5,-282.25645790760746,-16.382630652762373,0.1376327352058952,0.13789996122857623,0.10866277047428469,False
218,6,-281.8161871208734,-15.942359866028312,0.06206710256066745,0.036391964141754524,0.0335766260348529,False
218,7,-280.63021049327364,-14.756383238428555,0.10123672972288378,0.05255856733807847,0.05083583515128556,False
218,8,-279.2187731671238,-13.344945912278718,0.23296767343350366,0.04430214625743639,0.04086206524997411,False
218,9,-265.56471245681064,0.3091147980344431,2.2252591137838227,,,True
219,0,-265.8738272548451,0.0,2.3495349175970333,,,True
219,1,-278.33318276630973,-12.45935551146465,0.32171182547550314,0.019405761456107836,0.014746365298536374,False
219,2,-280.503421571065,-14.629594316219936,0.11948165316955345,0.03326854575188692,0.03265577245037295,False
219,3,-281.3078517842558,-15.434024529410692,0.07153692028862821,0.05783843382355621,0.052724716187868115,False
219,4,-281.9190172346057,-16.045189979760607,0.13558943936036782,0.12252960286712217,0.09468672740060578,False
219,5,-282.2588970538241,-16.385069798979032,0.13244115950967636,0.13279313689525346,0.11032872253791594,False
219,6,-281.81670193062064,-15.942874675775556,0.06282112715472304,0.035727278184183996,0.03298185262396382,False
219,7,-280.63087449380987,-14.757047238964788,0.10033439447857943,0.0516700722337099,0.0500257184571938,False
219,8,-279.2193481406133,-13.345520885768224,0.23352257969649062,0.04468303553409945,0.04109435970760393,False
219,9,-265.56471245681064,0.3091147980344431,2.2252591137838227,,,True
220,0,-265.8738272548451,0.0,2.3495349175970333,,,True
220,1,-278.334486754477,-12.460659499631902,0.321188568967926,0.01958038010600412,0.01488129014512111,False
220,2,-280.50462563311646,-14.630798378271379,0.11959381688665383,0.0332289547171969,0.03261283233338501,False
220,3,-281.3089440289281,-15.435116774083042,0.07288826566644858,0.05701563058239288,0.0523551545194705,False
220,4,-281.9202233988804,-16.046396144035327,0.15813203393709754,0.14531030985553145,0.11479797647071702,False
220,5,-282.26190341033,-16.388076155484896,0.1288529568993762,0.12923697217368682,0.11026717374282895,False
220,6,-281.8173410033154,-15.943513748470309,0.06298612113679157,0.03491136004709726,0.032246626629530976,False
220,7,-280.6317044467198,-14.75787719187474,0.09924712017825266,0.05061026116414472,0.04907961184849819,False
220,8,-279.22007568021445,-13.346248425369367,0.23421767809565927,0.045188124052465535,0.04158045935894812,False
220,9,-265.56471245681064,0.3091147980344431,2.2252591137838227,,,True
221,0,-265.8738272548451,0.0,2.3495349175970333,,,True
221,1,-278.3361139556948,-12.462286700849745,0.32053613088615734,0.019801364274563967,0.015060040821490438,False
221,2,-280.5061270040949,-14.632299749249796,0.11973801778879371,0.03317404786212698,0.0325507252596012,False
221,3,-281.31026834491195,-15.436441090066864,0.07344351316440204,0.05483814905554649,0.05056989748632123,False
221,4,-281.92202014594545,-16.04819289110037,0.15913510024990124,0.14612258159237385,0.11502888508251242,False
221,5,-282.26558382617077,-16.391756571325686,0.1264236196326069,0.12673864424922848,0.10772703359994223,False
221,6,-281.81812552165417,-15.944298266809085,0.062264526713883404,0.03392278144214684,0.03134886191548613,False
221,7,-280.63273085399214,-14.758903599147061,0.09794498019726079,0.04935726486831368,0.04798310512838265,False
221,8,-279.22098969890646,-13.347162444061382,0.23508062079558695,0.04585579761906026,0.042220266105315846,False
221,9,-265.56471245681064,0.3091147980344431,2.2252591137838227,,,True
222,0,-265.8738272548451,0.0,2.3495349175970333,,,True
222,1,-278.3381374496212,-12.46431019477609,0.3197258487418924,0.020082119132599097,0.01529435705496986,False
222,2,-280.50799233595677,-14.63416508111169,0.1199237945976743,0.03348882171050674,0.03246189488170505,False
222,3,-281.31185614851427,-15.438028893669184,0.07325020772456448,0.050923690729579515,0.046985306714252655,False
222,4,-281.9245061392361,-16.050678884391004,0.13407496234652772,0.12031467216853348,0.09100740387463627,False
222,5,-282.2700330202066,-16.396205765361515,0.1250025714806793,0.1251015506082668,0.10211951222912037,False
222,6,-281.81908020500043,-15.94525295015535,0.060625062411479566,0.032734608359774944,0.030260878362993165,False
222,7,-280.63399308100094,-14.760165826155855,0.09638035292577819,0.047875674142293795,0.046705076164232695,False
222,8,-279.22213614085837,-13.348308886013285,0.23614870232037669,0.04674021815172089,0.04306274319214346,False
222,9,-265.56471245681064,0.3091147980344431,2.2252591137838227,,,True
223,0,-265.8738272548451,0.0,2.3495349175970333,,,True
223,1,-278.3406583280373,-12.466831073192225,0.3187185424806942,0.020442777812151435,0.015599595953782545,False
223,2,-280.51031365352344,-14.636486398678358,0.12016535236350404,0.03390847162142466,0.03233553087071263,False
223,3,-281.3137418160293,-15.439914561184196,0.07302325872380958,0.045078541084805863,0.04141902277722089,False
223,4,-281.92745216053254,-16.053624905687457,0.088197205855561,0.07320277550585776,0.057014495548916314,False
223,5,-282.2753080828565,-16.401480828011415,0.12544874807953324,0.125168184270191,0.09527651986363522,False
223,6,-281.82023544277723,-15.94640818793215,0.06035835309845705,0.03131118023202066,0.028946764984234367,False
223,7,-280.63554390977527,-14.761716654930183,0.09447479396150442,0.04610544935620099,0.04518274528859877,False
223,8,-279.22357996980804,-13.34975271496296,0.23747452730492166,0.04792053077513295,0.044178458762287466,False
223,9,-265.56471245681064,0.3091147980344431,2.2252591137838227,,,True
224,0,-265.8738272548451,0.0,2.3495349175970333,,,True
224,1,-278.3438110017869,-12.469983746941807,0.3174630889706277,0.020913060247116696,0.015995902399050913,False
224,2,-280.5132130840823,-14.639385829237199,0.1204837641050653,0.034448409518880535,0.03215670877310549,False
224,3,-281.3159606383105,-15.442133383465432,0.07411507447832703,0.03753918909430353,0.03416118807174397,False
224,4,-281.93049060120916,-16.056663346364076,0.08512547970200214,0.07871999985231307,0.06284313837115264,False
224,5,-282.2814237500508,-16.407596495205723,0.1283252249020464,0.12755896504471204,0.0906039436838191,False
224,6,-281.82162907745976,-15.947801822614679,0.06140426403113016,0.029608751682691267,0.027363888908475964,False
224,7,-280.6374503556367,-14.76362310079162,0.09210628108966251,0.043951150114411364,0.04330522744522739,False
224,8,-279.2254112184753,-13.351583963630219,0.23912891675453818,0.04951197875335084,0.045668565445214936,False
224,9,-265.56471245681064,0.3091147980344431,2.2252591137838227,,,True
225,0,-265.8738272548451,0.0,2.3495349175970333,,,True
225,1,-278.3477479594781,-12.47392070463303,0.31590349217399316,0.021532987233121952,0.016508716045456583,False
225,2,-280.5168290144411,-14.643001759596018,0.1209077986624814,0.03514648770695711,0.03257151637638707,False
225,3,-281.3185391894272,-15.44471193458213,0.07757327087912096,0.03265685997283358,0.028778667516865874,False
225,4,-281.93371693360166,-16.059889678756576,0.11077298115566231,0.1054610455680806,0.10089392344767852,False
225,5,-282.28837844284124,-16.414551187996153,0.13006229169793762,0.128806121307168,0.10084702034293205,False
225,6,-281.8233013026555,-15.94947404781044,0.06228268703222506,0.027587852452340984,0.025475988788581386,False
225,7,-280.639781753053,-14.765954498207918,0.08911588251720438,0.04128934279531585,0.0409156541837275,False
225,8,-279.22774130712423,-13.353914052279151,0.24118991820483865,0.05167179611210244,0.047668255599785776,False
225,9,-265.56471245681064,0.3091147980344431,2.2252591137838227,,,True
226,0,-265.8738272548451,0.0,2.3495349175970333,,,True
226,1,-278.35263009231755,-12.478802837472472,0.31398392068540754,0.02235473254121286,0.017174364502546908,False
226,2,-280.521307737145,-14.647480482299898,0.12147585746304718,0.03605046403859911,0.03345697738090786,False
226,3,-281.32149238515933,-15.447665130314249,0.08312355906667576,0.031195460714753154,0.029300187629687537,False
226,4,-281.9378174354734,-16.06399018062831,0.11146317135669218,0.10615344901486262,0.1033895526420068,False
226,5,-282.29616204434336,-16.42233478949828,0.12274724392758554,0.12103966449080282,0.09667571122940614,False
226,6,-281.8252875088127,-15.951460253967639,0.06265489907886804,0.025226787928893865,0.023266573584539985,False
226,7,-280.6426015999924,-14.768774345147335,0.08534239613309169,0.038006271369388465,0.03784886649246395,False
226,8,-279.23070389208465,-13.356876637239566,0.2437291123521474,0.054609577453672516,0.05035511069702111,False
226,9,-265.56471245681064,0.3091147980344431,2.2252591137838227,,,True
227,0,-265.8738272548451,0.0,2.3495349175970333,,,True
227,1,-278.35867472751056,-12.484847472665479,0.31163214435801867,0.023456281737122997,0.018059800631316437,False
227,2,-280.5268478413214,-14.653020586476316,0.12225107116224299,0.03723517180775131,0.03459022610413737,False
227,3,-281.32484224199266,-15.451014987147573,0.08998642575876534,0.029886254149937737,0.02572428515443493,False
227,4,-281.9429803196059,-16.069153064760826,0.07341498164664938,0.06621529064520462,0.06014820713423936,False
227,5,-282.304645660014,-16.430818405168907,0.10210594526435465,0.1000494591386889,0.0720833181399438,False
227,6,-281.8276252956051,-15.953798040760034,0.0624433982775766,0.02252208611202122,0.02073823863384406,False
227,7,-280.6459909297269,-14.772163674881824,0.08067072900554237,0.034059797170874,0.03398850451818618,False
227,8,-279.2344938870706,-13.360666632225502,0.24682283317223763,0.05863091376166294,0.053989685690015436,False
227,9,-265.56471245681064,0.3091147980344431,2.2252591137838227,,,True
228,0,-265.8738272548451,0.0,2.3495349175970333,,,True
228,1,-278.366214395782,-12.492387140936899,0.308741565233044,0.024967289604535956,0.01929328056780854,False
228,2,-280.53375546111226,-14.659928206267182,0.12334162839296868,0.03882314806040901,0.03606007825598638,False
228,3,-281.32864290464204,-15.454815649796956,0.09792180516273277,0.028051908386870387,0.021374777436998386,False
228,4,-281.9483642318871,-16.074536977042044,0.09112912446602879,0.07227379080795988,0.05109936063437415,False
228,5,-282.3134896552816,-16.439662400436532,0.07937501943445859,0.07743579331152406,0.059780386008369255,False
228,6,-281.8303712817145,-15.956544026869437,0.062094922362777236,0.01950355533640951,0.017924480104591155,False
228,7,-280.6500726584777,-14.776245403632629,0.07514192605286035,0.034203363166446926,0.02937232267021446,False
228,8,-279.2394276519258,-13.365600397080698,0.25053990392531833,0.06419746295365211,0.05896945321956317,False
228,9,-265.56471245681064,0.3091147980344431,2.2252591137838227,,,True
229,0,-265.8738272548451,0.0,2.3495349175970333,,,True
229,1,-278.37560321232127,-12.501775957476184,0.3052120362308884,0.027084325573179677,0.021066672156501053,False
229,2,-280.54236562472863,-14.66853836988355,0.12486626530868264,0.04268063231305761,0.03832216992646488,False
229,3,-281.3329843278145,-15.45915707296939,0.1058884308659218,0.0332475396133338,0.030501183670169053,False
229,4,-281.9542593611878,-16.0804321063427,0.11528611252385858,0.09750351530926941,0.07847622580010657,False
229,5,-282.32240851169604,-16.448581256850957,0.06632622536217458,0.06458001263779863,0.04988316002755857,False
229,6,-281.83358013337795,-15.959752878532868,0.062481972632204195,0.017921259423083064,0.017080254166554724,False
229,7,-280.654955823916,-14.781128569070916,0.06912069499374635,0.035324429653998304,0.028100219320587594,False
229,8,-279.2459220219894,-13.37209476714429,0.2547129923116257,0.07185681187574865,0.06574653110187914,False
229,9,-265.56471245681064,0.3091147980344431,2.2252591137838227,,,True
230,0,-265.8738272548451,0.0,2.3495349175970333,,,True
230,1,-278.3872169170056,-12.513389662160534,0.300960952392252,0.03012406141692495,0.023654675811343243,False
230,2,-280.55305111633027,-14.679223861485184,0.12689050616932135,0.049757820601657225,0.044383125350070926,False
230,3,-281.3380361521282,-15.464208897283129,0.11190360765892203,0.0354786051711072,0.0313989149993952,False
230,4,-281.96145783074405,-16.08763057589897,0.05657506128005646,0.03515139578257388,0.029212925316162756,False
230,5,-282.33114242892276,-16.457315174077678,0.06785012487469376,0.048637487216110505,0.047007141454373395,False
230,6,-281.8372908996099,-15.963463644764829,0.06385448541522752,0.018670722899067786,0.014361833624556147,False
230,7,-280.6607332007683,-14.786905945923195,0.06320961310549399,0.036664670120505956,0.02736831224513231,False
230,8,-279.25453601392246,-13.380708759077379,0.25847031893705996,0.08200999091720136,0.07456860765113145,False
230,9,-265.56471245681064,0.3091147980344431,2.2252591137838227,,,True
231,0,-265.8738272548451,0.0,2.3495349175970333,,,True
231,1,-278.4017033716577,-12.527876116812592,0.2958705815579512,0.03470443277235766,0.027586030511475096,False
231,2,-280.5664603000213,-14.692633045176194,0.12927371700031892,0.059147770373493724,0.05222568652180583,False
231,3,-281.3440992004163,-15.470271945571199,0.11480523485022924,0.03983976619193323,0.030130949266083843,False
231,4,-281.96869670015917,-16.09486944531409,0.081750802251664,0.07531212714225057,0.07466034879015361,False
231,5,-282.3392151424664,-16.46538788762132,0.0685281838918711,0.04883819880587066,0.04661891656692623,False
231,6,-281.8415937907598,-15.967766535914734,0.06506181060016898,0.01969786898450905,0.01630876932298333,False
231,7,-280.66758454681053,-14.793757291965449,0.058961929722875596,0.03820763974426065,0.028394022078257676,False
231,8,-279.2662073886235,-13.392380133778431,0.2590336079599715,0.09418698180077004,0.08471480572160849,False
231,9,-265.56471245681064,0.3091147980344431,2.2252591137838227,,,True
232,0,-265.8738272548451,0.0,2.3495349175970333,,,True
232,1,-278.41964130598325,-12.545814051138166,0.28994414149016307,0.04187172572466995,0.03375553756297718,False
232,2,-280.58319330175175,-14.709366046906666,0.13077377533083212,0.07060766693226622,0.06125885129161297,False
232,3,-281.35139400858327,-15.477566753738188,0.11233326639733451,0.037391863723606374,0.02622509843017715,False
232,4,-281.9773523289231,-16.103525074077993,0.04716062941200844,0.038347825911874765,0.036932376849983996,False
232,5,-282.3465768445202,-16.472749589675118,0.06870088916337297,0.04198091126000687,0.03845488585877662,False
232,6,-281.84654523727033,-15.972717982425252,0.06486623721716393,0.020850174167367595,0.016713974278779603,False
232,7,-280.6755912596823,-14.801764004837196,0.06112480410319881,0.039891580449663955,0.02946766212564732,False
232,8,-279.2818384727722,-13.40801121792714,0.2476933922069463,0.10370212806649062,0.09102083909845676,False
232,9,-265.56471245681064,0.3091147980344431,2.2252591137838227,,,True
233,0,-265.8738272548451,0.0,2.3495349175970333,,,True
233,1,-278.4421511963187,-12.568323941473636,0.28322536334904314,0.053860612662818746,0.04424780267260848,False
233,2,-280.60416715674415,-14.730339901899072,0.12708841266369597,0.08104563426491754,0.06784836907345262,False
233,3,-281.3601180542339,-15.486290799388826,0.10478345172500371,0.03402621826600503,0.0241846376408519,False
233,4,-281.98634772814637,-16.112520473301288,0.1073698978400069,0.08897090456953967,0.08419332513962313,False
233,5,-282.35307104281935,-16.47924378797427,0.06915735040841935,0.046720652905011976,0.04130779152156505,False
233,6,-281.8522583236544,-15.9784310688093,0.06454966180518742,0.02486808787402231,0.01836409323608105,False
233,7,-280.68492253788463,-14.811095283039549,0.0637152002554484,0.041622230205332345,0.030499510617808763,False
233,8,-279.30192965847266,-13.428102403627577,0.2154393353887195,0.09513234052156903,0.07699627063345159,False
233,9,-265.56471245681064,0.3091147980344431,2.2252591137838227,,,True
234,0,-265.8738272548451,0.0,2.3495349175970333,,,True
234,1,-278.4678928045803,-12.594065549735205,0.2767370177580996,0.07285472236709448,0.06149113920947589,False
234,2,-280.62709752089177,-14.753270266046684,0.11062056060657299,0.08028262130842893,0.06158033828116021,False
234,3,-281.36924532405146,-15.49541806920638,0.09643843713406328,0.02835262929551004,0.024366115877544583,False
234,4,-281.9961155365314,-16.122288281686338,0.050373933572440285,0.024229243605319084,0.022524057482150844,False
234,5,-282.3587174390623,-16.484890184217193,0.06936983087154325,0.052405120214304685,0.04796436299913891,False
234,6,-281.8581824200053,-15.984355165160196,0.06557713121080395,0.020887264417966987,0.01680357664713794,False
234,7,-280.69458705162424,-14.820759796779157,0.06636994360063703,0.04312536594188316,0.03132020291621937,False
234,8,-279.3223721359144,-13.448544881069324,0.18269660549706504,0.11612346378586731,0.10946719967205223,False
234,9,-265.56471245681064,0.3091147980344431,2.2252591137838227,,,True
235,0,-265.8738272548451,0.0,2.3495349175970333,,,True
235,1,-278.49734116195316,-12.623513907108077,0.27131535730257383,0.10548641390119433,0.08993648534657421,False
235,2,-280.64957300712877,-14.775745752283683,0.09604634342797362,0.06529009080826044,0.05568837856502139,False
235,3,-281.37828997937544,-15.504462724530356,0.0899918322927189,0.030638817352493703,0.02944272812305748,False
235,4,-282.00502459131604,-16.13119733647096,0.07816150219782861,0.07245078638322036,0.06331278460986244,False
235,5,-282.3639614663291,-16.49013421148402,0.08276282292861056,0.06919138753430769,0.06784376757297607,False
235,6,-281.8641094544887,-15.990282199643616,0.06508099354115954,0.018716615292997216,0.018288691675962233,False
235,7,-280.70419883303873,-14.830371578193649,0.06882292400385351,0.044305850208511216,0.03191226742474356,False
235,8,-279.34166655715467,-13.467839302309585,0.1671950898126903,0.17572852470494646,0.17328188290562357,False
235,9,-265.56471245681064,0.3091147980344431,2.2252591137838227,,,True
236,0,-265.8738272548451,0.0,2.3495349175970333,,,True
236,1,-278.53298820339796,-12.65916094855288,0.32822324704585737,0.1582713960060076,0.13369562858711512,False
236,2,-280.66941950684765,-14.795592252002564,0.09462300299897258,0.10801858460613006,0.08898332957966623,False
236,3,-281.3871003290326,-15.51327307418751,0.08645384010709954,0.030282664924479914,0.027374117161323902,False
236,4,-282.0143703337385,-16.140543078893415,0.05859644172440743,0.0327630729645624,0.029216250424865975,False
236,5,-282.36944678728696,-16.49561953244188,0.08173886121564962,0.0629921366256299,0.049270534632928256,False
236,6,-281.8699659968295,-15.996138741984396,0.0625579586110067,0.01927269379115171,0.013432386611145933,False
236,7,-280.71368201365317,-14.839854758808087,0.07081466769240935,0.04510863037604122,0.032282698486510185,False
236,8,-279.36304028860553,-13.48921303376045,0.1436807119730978,0.15263740112899907,0.15002631675885336,False
236,9,-265.56471245681064,0.3091147980344431,2.2252591137838227,,,True
237,0,-265.8738272548451,0.0,2.3495349175970333,,,True
237,1,-278.57982612986325,-12.705998875018167,0.40957991378353376,0.23277069260055644,0.19349930765209206,False
237,2,-280.6868075769244,-14.81298032207934,0.10222968014163965,0.12240373140462883,0.1100906970759681,False
237,3,-281.3954598146351,-15.52163255979002,0.08660676213913901,0.02939746637909909,0.022257446512120152,False
237,4,-282.0228865291035,-16.149059274258434,0.08503909611444986,0.06556562641971433,0.06550508033585922,False
237,5,-282.3751677081227,-16.501340453277635,0.08000503024006221,0.06092675298710057,0.042532250759298056,False
237,6,-281.87558472997716,-16.00175747513208,0.060504261906015884,0.015643766512137437,0.012166164579001666,False
237,7,-280.72285960403946,-14.849032349194374,0.07205765954838682,0.04538093138450314,0.03232334001872255,False
237,8,-279.3857596700942,-13.511932415249134,0.13202207443975347,0.08509398307173834,0.06282266563494723,False
237,9,-265.56471245681064,0.3091147980344431,2.2252591137838227,,,True
238,0,-265.8738272548451,0.0,2.3495349175970333,,,True
238,1,-278.6457451873107,-12.771917932465612,0.5035213802729013,0.31555999580897437,0.2649681817194481,False
238,2,-280.70316617141157,-14.829338916566485,0.09107677814208741,0.09060625986437806,0.07615306612857253,False
238,3,-281.40315501200564,-15.529327757160559,0.08774082346012771,0.029298286703151575,0.02146958529125032,False
238,4,-282.0311474933111,-16.157320238466014,0.056065397315137745,0.0397510171047144,0.028697650369929755,False
238,5,-282.3809572342295,-16.507129979384445,0.07543001308718957,0.06116084088527318,0.05464815196045743,False
238,6,-281.8807885043183,-16.006961249473193,0.05904583581040359,0.018239788505841095,0.016137555590774875,False
238,7,-280.73149676432365,-14.85766950947857,0.07233099553142844,0.044903981941636674,0.03186227821484586,False
238,8,-279.4055908057426,-13.531763550897494,0.17445054786165082,0.05780573478111538,0.04717224549174807,False
238,9,-265.56471245681064,0.3091147980344431,2.2252591137838227,,,True
239,0,-265.8738272548451,0.0,2.3495349175970333,,,True
239,1,-278.7403645759141,-12.866537321069018,0.6302553662740834,0.4099561762283048,0.35147117168542896,False
239,2,-280.7179066186953,-14.844079363850199,0.08927508757168044,0.06747969430703377,0.06284478473802335,False
239,3,-281.41003673657997,-15.536209481734886,0.08967753111640334,0.030559941311713933,0.02641715712178662,False
239,4,-282.038387020233,-16.164559765387935,0.06649878156812028,0.05708984803706414,0.03745241037169314,False
239,5,-282.38646114044144,-16.512633885596358,0.0715946122460325,0.05911180764102064,0.04915723204270291,False
239,6,-281.8854530763629,-16.01162582151784,0.05685544034820494,0.018456747306990446,0.014681666540682573,False
239,7,-280.73936971915816,-14.86554246431308,0.07158099185468797,0.04353855623155563,0.03079225292568131,False
239,8,-279.42217241563884,-13.548345160793758,0.19318217236747742,0.05795703278378233,0.05436888309529082,False
239,9,-265.56471245681064,0.3091147980344431,2.2252591137838227,,,True
240,0,-265.8738272548451,0.0,2.3495349175970333,,,True
240,1,-278.8754090087053,-13.001581753860194,0.7413121659072737,0.46250919495283827,0.39241761289605526,False
240,2,-280.7300576034577,-14.856230348612598,0.0878148500990589,0.06234644438656146,0.058244571804598355,False
240,3,-281.41599181861204,-15.54216456376696,0.09153230937949684,0.03071893178396122,0.026170231687359817,False
240,4,-282.04485639490196,-16.171029140056874,0.05337258151864096,0.03223118519177613,0.02142177110264125,False
240,5,-282.39139462304956,-16.51756736820448,0.06596218609314648,0.04849000888303176,0.03329725022079318,False
240,6,-281.889471648326,-16.015644393480898,0.054590546691714745,0.018645592016167865,0.014077409245175705,False
240,7,-280.7462385529413,-14.87241129809621,0.06997623643457865,0.04137705686395795,0.029314946340927895,False
240,8,-279.43650185043083,-13.562674595585747,0.19231670912020685,0.059193295974185135,0.05593885281367073,False
240,9,-265.56471245681064,0.3091147980344431,2.2252591137838227,,,True
241,0,-265.8738272548451,0.0,2.3495349175970333,,,True
241,1,-279.00026886550785,-13.126441610662766,0.3241938018362996,0.36205419920679494,0.25939102082075033,False
241,2,-280.7399276185233,-14.866100363678243,0.08685210617644426,0.057076480223119404,0.05290776008252363,False
241,3,-281.4210758307125,-15.5472485758674,0.09223874747938902,0.029681726266303023,0.02307962813288996,False
241,4,-282.050159896591,-16.176332641745944,0.06533256825275599,0.0468463278724284,0.045539464032599175,False
241,5,-282.3956478381708,-16.521820583325734,0.06340033951649779,0.04552172384992544,0.030897266323581293,False
241,6,-281.8928705085175,-16.019043253672407,0.05361482005346768,0.01921371738116383,0.014336450993554068,False
241,7,-280.75208282555786,-14.878255570712781,0.06782379059206417,0.038683728478603394,0.027535466878070125,False
241,8,-279.4485361774623,-13.57470892261722,0.1769105174228183,0.05685153595781177,0.03941562281448459,False
241,9,-265.56471245681064,0.3091147980344431,2.2252591137838227,,,True
242,0,-265.8738272548451,0.0,2.3495349175970333,,,True
242,1,-279.00187278392013,-13.128045529075052,0.8554750119642885,0.9644668567625366,0.8059702544005614,False
242,2,-280.74990968631414,-14.876082431469058,0.08641332313916673,0.053260091047496225,0.049070599143066385,False
242,3,-281.426276380401,-15.552449125555938,0.09169686719527942,0.029458870201902278,0.02224262078119008,False
242,4,-282.0556547806526,-16.181827525807535,0.04929457811716826,0.030008671083248346,0.020590436235067684,False
242,5,-282.39999823256517,-16.526170977720085,0.06067795778791565,0.04628508055627018,0.03544783675196496,False
242,6,-281.89630742040003,-16.022480165554953,0.05258121980653733,0.019469725723996644,0.014608910099868507,False
242,7,-280.7579829137534,-14.884155658908298,0.06487882151336384,0.035096183232366684,0.025165274256868663,False
242,8,-279.46027207358884,-13.586444818743757,0.1537609398463609,0.04627544967386064,0.04077164043195281,False
242,9,-265.56471245681064,0.3091147980344431,2.2252591137838227,,,True
243,0,-265.8738272548451,0.0,2.3495349175970333,,,True
243,1,-279.08617660475124,-13.212349349906162,0.4603746920920102,0.2410468454555185,0.22293200792185672,False
243,2,-280.7522585000563,-14.878431245211232,0.08674603004836307,0.055439189901239035,0.049897527920519665,False
243,3,-281.4271658937245,-15.553338638879438,0.09056920339346132,0.031122075247224032,0.026667560374887274,False
243,4,-282.0565842761909,-16.18275702134582,0.048859153281584716,0.02951481898249954,0.02006890702086995,False
243,5,-282.40093271404214,-16.52710545919706,0.060614139676871834,0.04274708347344267,0.030145890957233742,False
243,6,-281.8968818464646,-16.02305459161954,0.05300902548007319,0.019163520844395255,0.014619803158193796,False
243,7,-280.7589311912565,-14.88510393641144,0.06459531576110336,0.03457662578090379,0.024848677243834133,False
243,8,-279.46257643442266,-13.588749179577576,0.15165947142267855,0.03829439505085417,0.03408501061518739,False
243,9,-265.56471245681064,0.3091147980344431,2.2252591137838227,,,True
244,0,-265.8738272548451,0.0,2.3495349175970333,,,True
244,1,-279.09238804757274,-13.218560792727658,0.4114068124300633,0.18259181499565516,0.16910791465763378,False
244,2,-280.7527843280717,-14.878957073226616,0.08681073874972028,0.0556262816559141,0.050052348625717016,False
244,3,-281.4273871765362,-15.55355992169109,0.09025850507151406,0.03073333789724559,0.026022637623657228,False
244,4,-282.05681307023247,-16.182985815387383,0.048817123290662956,0.029375313470518714,0.019781969604171678,False
244,5,-282.40115724077936,-16.527329985934273,0.06055869436866433,0.04292571953151125,0.0309670459892294,False
244,6,-281.8970243565932,-16.02319710174811,0.052974725794127354,0.019123113657070572,0.014605687370751855,False
244,7,-280.759165045543,-14.885337790697918,0.06451045603196516,0.03444540559284614,0.024753558497371365,False
244,8,-279.4630473830906,-13.589220128245529,0.15253193862348224,0.03881883408513457,0.03443643763046689,False
244,9,-265.56471245681064,0.3091147980344431,2.2252591137838227,,,True
245,0,-265.8738272548451,0.0,2.3495349175970333,,,True
245,1,-279.1002287604074,-13.226401505562308,0.3233690872528671,0.16423271926325378,0.11517625135394513,False
245,2,-280.7538242175747,-14.879996962729592,0.08694848867935073,0.05598759346688864,0.050358050886143244,False
245,3,-281.4278331589879,-15.554005904142798,0.08968596884870406,0.03014972389805471,0.025000017732504928,False
245,4,-282.05727379197657,-16.183446537131488,0.04872886961343237,0.02912232960917185,0.019259046802234697,False
245,5,-282.401605166908,-16.527777912062902,0.06044913277609588,0.04326759878846973,0.03218586398745036,False
245,6,-281.8973120612907,-16.023484806445595,0.05293125780079641,0.019054083645517805,0.014586686027951967,False
245,7,-280.7596364827908,-14.885809227945742,0.06433529366408364,0.03417883513462211,0.024561665715907722,False
245,8,-279.4639709324619,-13.590143677616823,0.1539280471300989,0.03992947580281401,0.035257442792258384,False
245,9,-265.56471245681064,0.3091147980344431,2.2252591137838227,,,True
246,0,-265.8738272548451,0.0,2.3495349175970333,,,True
246,1,-279.106046475816,-13.232219220970933,0.2746886807643693,0.16343178646293138,0.11180881312874746,False
246,2,-280.755372711323,-14.881545456477909,0.08717991478311879,0.056479010643816316,0.05077708366221162,False
246,3,-281.42851688168855,-15.55468962684347,0.08890791893811714,0.029635769006504675,0.024084640290303036,False
246,4,-282.05797830818284,-16.184151053337757,0.04857224739865009,0.028779755066761163,0.01858943798206377,False
246,5,-282.4022812986874,-16.528454043842316,0.060285026756123676,0.04346365830877715,0.03305999111050928,False
246,6,-281.89775392279114,-16.023926667946057,0.05291171932162101,0.018951086347364705,0.014579416674338971,False
246,7,-280.7603586288096,-14.886531373964544,0.06405629708745399,0.03376539728876657,0.024267414711799964,False
246,8,-279.4653284321101,-13.591501177265002,0.15517463387236474,0.04175504880576479,0.036776406740345005,False
246,9,-265.56471245681064,0.3091147980344431,2.2252591137838227,,,True
247,0,-265.8738272548451,0.0,2.3495349175970333,,,True
247,1,-279.1113101894132,-13.237482934568106,0.30492710003433826,0.1555154292759335,0.11163536494942493,False
247,2,-280.75736899243407,-14.883541737588985,0.08752796832573495,0.05699699669059418,0.05119330333054693,False
247,3,-281.4294291734866,-15.555601918641514,0.08798920671282076,0.029361709040500616,0.02375345829880003,False
247,4,-282.0589137392724,-16.185086484427302,0.048319993208677435,0.028362093416179183,0.01788433485686558,False
247,5,-282.4031653309955,-16.529338076150395,0.06006722683606027,0.04306621380853491,0.032946784388675446,False
247,6,-281.89834408689137,-16.024516832046288,0.05292865091739382,0.01878939844406988,0.014599508879358663,False
247,7,-280.76131952362874,-14.88749226878366,0.06366508451934723,0.03320544336394718,0.02387437635927715,False
247,8,-279.4670542916739,-13.593227036828807,0.15551092525929683,0.04439463472939977,0.0391664351467005,False
247,9,-265.56471245681064,0.3091147980344431,2.2252591137838227,,,True
248,0,-265.8738272548451,0.0,2.3495349175970333,,,True
248,1,-279.1190882158771,-13.245260961032045,0.28816669491326113,0.15583705671096176,0.12313599917448441,False
248,2,-280.75972254512624,-14.885895290281155,0.08801352069965336,0.0574250912627611,0.051455882293963716,False
248,3,-281.4305428716936,-15.556715616848521,0.08700494568779445,0.02934148389642446,0.02411547548453965,False
248,4,-282.0600473786535,-16.186220123808425,0.04796976216467422,0.027882093659518686,0.017207794484545708,False
248,5,-282.4042170472202,-16.530389792375104,0.0597940465311953,0.042118665601043596,0.03182762430244741,False
248,6,-281.89906432681096,-16.025237071965876,0.052960568495101674,0.01856327070212527,0.014650815037729439,False
248,7,-280.7624867605302,-14.888659505685098,0.0631595563115403,0.03250941776481489,0.02339241015719575,False
248,8,-279.46907014206636,-13.595242887221275,0.1545879450518073,0.047911998952484665,0.042449768864278994,False
248,9,-265.56471245681064,0.3091147980344431,2.2252591137838227,,,True
249,0,-265.8738272548451,0.0,2.3495349175970333,,,True
249,1,-279.1290342467593,-13.255206991914235,0.2513455762177016,0.10733174787434144,0.0799706237827764,False
249,2,-280.762392503158,-14.888565248312943,0.08866839733925282,0.05767341637157993,0.051430702404977324,False
249,3,-281.4318492777297,-15.558022022884643,0.0860289496142832,0.02950690764088601,0.024922136172308075,False
249,4,-282.06136379847646,-16.18753654363138,0.0475440408412409,0.027356659137178482,0.01676356347956462,False
249,5,-282.4054118454268,-16.5315845905817,0.05945484090703115,0.0410692575326705,0.030192488329210156,False
249,6,-281.89990728684165,-16.02608003199657,0.052962926632032,0.01829591545584134,0.014727554171759099,False
249,7,-280.7638454012889,-14.890018146443822,0.06253012289379735,0.03167744308914145,0.02282258539069321,False
249,8,-279.471359156291,-13.597531901445905,0.15251486614424414,0.05245031814441327,0.04663808030153784,False
249,9,-265.56471245681064,0.3091147980344431,2.2252591137838227,,,True
250,0,-265.8738272548451,0.0,2.3495349175970333,,,True
250,1,-279.13848930757456,-13.264662052729477,0.2681559001039469,0.07607804569097619,0.054882442256438076,False
250,2,-280.7653931906749,-14.891565935829817,0.08954369436806046,0.05768496999466786,0.05102188057022218,False
250,3,-281.4333665211454,-15.559539266300305,0.08510493215836859,0.029672712960078708,0.02567798524065801,False
250,4,-282.06287162441845,-16.189044369573367,0.04707963825371761,0.02680858150922065,0.016664149506236212,False
250,5,-282.40674746977595,-16.53292021493087,0.059031616015720254,0.040202689295492894,0.028778225470226355,False
250,6,-281.90088119459887,-16.027053939753785,0.05287186409739506,0.018018551016543007,0.014819946760814306,False
250,7,-280.76540497404216,-14.891577719197073,0.06175539513484497,0.03069480783547766,0.02215348224383555,False
250,8,-279.47397898495535,-13.60015173011027,0.14980444797186093,0.058321946231625676,0.05187465174789767,False
250,9,-265.56471245681064,0.3091147980344431,2.2252591137838227,,,True
251,0,-265.8738272548451,0.0,2.3495349175970333,,,True
251,1,-279.1473968330047,-13.273569578159595,0.34891693126070206,0.10282489263709493,0.07990459709933409,False
251,2,-280.76910715667157,-14.895279901826484,0.0908326340097326,0.057444380955967426,0.05015258689091408,False
251,3,-281.435312960572,-15.56148570572691,0.08414135545438073,0.02953046580361989,0.025844173204400016,False
251,4,-282.0647700605708,-16.19094280572574,0.0465643660860512,0.026214631550140505,0.016487915100532394,False
251,5,-282.4083842498815,-16.53455699503644,0.05845492256196513,0.03935331480752834,0.02810927277100665,False
251,6,-281.9021193724709,-16.028292117625824,0.05259446859122714,0.01772703293632925,0.014934280043085052,False
251,7,-280.7673722632246,-14.893545008379533,0.060703566951039026,0.02941380489153164,0.021280166000897303,False
251,8,-279.4773787034826,-13.603551448637518,0.14848759170681924,0.06698245093415335,0.059348956752173665,False
251,9,-265.56471245681064,0.3091147980344431,2.2252591137838227,,,True
252,0,-265.8738272548451,0.0,2.3495349175970333,,,True
252,1,-279.15736220814586,-13.283534953300773,0.3711362280839702,0.12680755438845964,0.09325785401386903,False
252,2,-280.7736030205227,-14.899775765677646,0.09268460644662412,0.05711284959844901,0.049041278501763104,False
252,3,-281.4377705784324,-15.563943323587296,0.0831509312420904,0.028885915162776686,0.02512124110741924,False
252,4,-282.067112106751,-16.1932848519059,0.045999716892799865,0.025612984773102258,0.016200171718219043,False
252,5,-282.4103411999605,-16.536513945115416,0.05771534416878788,0.03843828768658848,0.02803504098114468,False
252,6,-281.9036634329659,-16.02983617812083,0.052078862292515765,0.017430626976391576,0.01508884132917279,False
252,7,-280.7698028865035,-14.895975631658416,0.059298737493059445,0.027763713939388705,0.020146396549283796,False
252,8,-279.48189946747584,-13.60807221263076,0.14967817925168556,0.08019185906046959,0.07067485221973334,False
252,9,-265.56471245681064,0.3091147980344431,2.2252591137838227,,,True
253,0,-265.8738272548451,0.0,2.3495349175970333,,,True
253,1,-279.1696496973409,-13.295822442495819,0.3041935071658277,0.0672677334175325,0.05003289825158836,False
253,2,-280.7789536471356,-14.905126392290526,0.09532806416532887,0.057135953239812104,0.04816794603551863,False
253,3,-281.4408434179906,-15.567016163145524,0.0822334199874296,0.028009714373463727,0.02405061303260127,False
253,4,-282.0699598391998,-16.1961325843547,0.045300306401718934,0.024975170287489863,0.01578027318760669,False
253,5,-282.4126369250626,-16.538809670217518,0.05682740543478466,0.03718423424652626,0.02722939301492214,False
253,6,-281.9055631787271,-16.031735923882025,0.05131942771596388,0.01707740888169909,0.01532031389516755,False
253,7,-280.7727626538298,-14.89893539898469,0.05770467696211107,0.02589272162510732,0.018877816803624936,False
253,8,-279.4882368828356,-13.61440962799054,0.16356894386213233,0.10124823589066169,0.08900038630768906,False
253,9,-265.56471245681064,0.3091147980344431,2.2252591137838227,,,True
254,0,-265.8738272548451,0.0,2.3495349175970333,,,True
254,1,-279.18259238702643,-13.30876513218135,0.2516722136942489,0.08656446285101049,0.06947200486249382,False
254,2,-280.7853223581288,-14.911495103283698,0.09919219756694188,0.058326456322179566,0.04811018603377876,False
254,3,-281.44469595979297,-15.570868704947884,0.08153031203905346,0.027466551922670775,0.023792812512149063,False
254,4,-282.07341254121013,-16.19958528636505,0.0443357196237015,0.0241921594950027,0.015222192979965684,False
254,5,-282.415313358199,-16.54148610335392,0.05580783422414777,0.034850794917772446,0.024285957922667654,False
254,6,-281.90789605496497,-16.034068800119883,0.05029894308477185,0.01656729729718386,0.015651257037978334,False
254,7,-280.7763639070468,-14.902536652201718,0.056201224900974234,0.024025530827353134,0.017640026449256756,False
254,8,-279.4980868520006,-13.624259597155515,0.20656473935661812,0.13669710262877857,0.12033680996954309,False
254,9,-265.56471245681064,0.3091147980344431,2.2252591137838227,,,True
255,0,-265.8738272548451,0.0,2.3495349175970333,,,True
255,1,-279.1964598804993,-13.322632625654194,0.20728340717302032,0.12027163393171962,0.10335979786890005,False
255,2,-280.79292285085256,-14.91909559600748,0.10483971989541552,0.06161950004223503,0.04930202490412543,False
255,3,-281.4494924822766,-15.5756652274315,0.08104780636345428,0.027468957695576997,0.024482296158990575,False
255,4,-282.07755239896994,-16.20372514412486,0.04318697145552506,0.023314089881379525,0.014632568081284724,False
255,5,-282.4183917548379,-16.544564499992816,0.05465727758085565,0.03192248037591181,0.022941965282984332,False
255,6,-281.9107295867493,-16.03690233190423,0.048952725363064595,0.016064588258744794,0.016032020154859244,False
255,7,-280.7807156868429,-14.9068884319978,0.057202597331673107,0.0222930519721196,0.017539698905240535,False
255,8,-279.51558181571716,-13.641754560872073,0.27874359980803787,0.1969230955314185,0.17423916759633948,False
255,9,-265.56471245681064,0.3091147980344431,2.2252591137838227,,,True
256,0,-265.8738272548451,0.0,2.3495349175970333,,,True
256,1,-279.21389707105004,-13.34006981620496,0.22615602949738317,0.0831806265161888,0.05727614861110704,False
256,2,-280.8020441006974,-14.928216845852319,0.11283985747882755,0.06782092260786982,0.05225572815879655,False
256,3,-281.4553894355439,-15.581562180698825,0.08031324335836243,0.02703414759531378,0.02428334961977166,False
256,4,-282.0824406271057,-16.20861337226063,0.04213565666818692,0.02256942638985103,0.014526391180204627,False
256,5,-282.4218834598103,-16.548056204965235,0.05337189025105172,0.02918280964389679,0.022088691032125227,False
256,6,-281.91411622713963,-16.040288972294547,0.04719098965331527,0.01639210181805673,0.016355185840742022,False
256,7,-280.7859279804394,-14.912100725594314,0.0588037681828543,0.02076632919793957,0.019124966851234913,False
256,8,-279.5509357889396,-13.677108534094543,0.38927022514905596,0.28782706199737257,0.25815705848630005,False
256,9,-265.56471245681064,0.3091147980344431,2.2252591137838227,,,True
257,0,-265.8738272548451,0.0,2.3495349175970333,,,True
257,1,-279.233044967918,-13.359217713072894,0.32326832856273713,0.09830981161685151,0.07503797921773514,False
257,2,-280.81320252587443,-14.939375271029348,0.12406093931111319,0.07808886656545437,0.058075737761290366,False
257,3,-281.46261089823827,-15.588783643393185,0.07868873196011368,0.025355396011310285,0.022244758363357674,False
257,4,-282.08817403307745,-16.21434677823237,0.041240224440532845,0.021989946740308228,0.014673813847507095,False
257,5,-282.425841116083,-16.552013861237924,0.05199443275813007,0.031887653186000585,0.0210384770229088,False
257,6,-281.9181295704565,-16.04430231561139,0.045097714446608546,0.01656044792595495,0.016512663650762566,False
257,7,-280.7921804795081,-14.918353224663008,0.061255023066854486,0.021959001789740754,0.021242083059880765,False
257,8,-279.6265904541225,-13.75276319927741,0.5194425475654117,0.38583602476703244,0.3569087869928414,False
257,9,-265.56471245681064,0.3091147980344431,2.2252591137838227,,,True
258,0,-265.8738272548451,0.0,2.3495349175970333,,,True
258,1,-279.25183377400265,-13.378006519157566,0.2874685696901545,0.07106142007513981,0.05844373984693073,False
258,2,-280.82378480036743,-14.949957545522352,0.13676848067808722,0.09058863070615493,0.06537633664396814,False
258,3,-281.4692744270078,-15.595447172162721,0.0772767712733243,0.02438962574555628,0.02138850953019751,False
258,4,-282.0932430930026,-16.219415838157545,0.040501418788290014,0.021453233966795597,0.014177844174459556,False
258,5,-282.4292806646064,-16.5554534097613,0.05093155106612558,0.033949171664477924,0.023002789663799202,False
258,6,-281.92170246142246,-16.047875206577373,0.0434636582662499,0.01644716900610853,0.016392215713955733,False
258,7,-280.79785825644586,-14.924031001600781,0.0638869784095692,0.02406727880897471,0.023479595872346215,False
258,8,-279.74389668166305,-13.870069426817963,0.6473561652363198,0.4696314215207702,0.4399060097172546,False
258,9,-265.56471245681064,0.3091147980344431,2.2252591137838227,,,True
259,0,-265.8738272548451,0.0,2.3495349175970333,,,True
259,1,-279.2686631580377,-13.394835903192643,0.22379380126519097,0.08629757424035361,0.07711471484837952,False
259,2,-280.83333783191955,-14.959510577074468,0.15097685976708208,0.10410024973766041,0.0726393087606062,False
259,3,-281.47493926001596,-15.601112005170876,0.07840754730997494,0.024104721609270963,0.02157822106682757,False
259,4,-282.09738685035904,-16.22355959551396,0.04006227739058158,0.021107844249281787,0.01374203018957973,False
259,5,-282.43209897388533,-16.55827171904025,0.05016394511567979,0.03513877078870345,0.024430536644687764,False
259,6,-281.92463341841307,-16.050806163567984,0.04230076613028119,0.016066064383030616,0.016016217011662427,False
259,7,-280.8026090033725,-14.928781748527399,0.06631177534351551,0.0261454488343079,0.025616216393211676,False
259,8,-279.86658701834205,-13.992759763496963,0.3473145945316017,0.21745615800994325,0.16852889056411186,False
259,9,-265.56471245681064,0.3091147980344431,2.2252591137838227,,,True
260,0,-265.8738272548451,0.0,2.3495349175970333,,,True
260,1,-279.28573176036525,-13.41190450552017,0.24366104379081951,0.10973090497727261,0.10475572315293094,False
260,2,-280.8441046980063,-14.970277443161194,0.17082147272885598,0.12166165880027051,0.0816286947569069,False
260,3,-281.48068082299284,-15.606853568147756,0.07971632685441468,0.023428336995610612,0.02336348610655169,False
260,4,-282.10142338802325,-16.227596133178167,0.03992018748220986,0.021003336621043596,0.01376934528731139,False
260,5,-282.4348905952545,-16.56106334040942,0.049514023330325584,0.03556966167296948,0.025096911327637667,False
260,6,-281.9274937637027,-16.053666508857646,0.04130810737064585,0.015408107975189225,0.015374937057876887,False
260,7,-280.807321172192,-14.933493917346937,0.06883704263270876,0.028553982401490464,0.02801445813330927,False
260,8,-279.8407374279292,-13.966910173084102,0.8918732474912624,0.9530498682007331,0.8238138371999588,False
260,9,-265.56471245681064,0.3091147980344431,2.2252591137838227,,,True
261,0,-265.8738272548451,0.0,2.3495349175970333,,,True
261,1,-279.28801912480617,-13.414191869961087,0.24661375927561763,0.10607537070408588,0.09986453760239093,False
261,2,-280.8453245215769,-14.97149726673183,0.17437803114004188,0.12438390677940535,0.0828659431329451,False
261,3,-281.48115912270487,-15.607331867859784,0.07983797950389031,0.023684401756903138,0.02362419621958702,False
261,4,-282.10171449072743,-16.22788723588235,0.03999111299944339,0.021064918349848787,0.013946042057607567,False
261,5,-282.4351207534388,-16.561293498593727,0.04951255076652579,0.03545737223064056,0.02505816705215476,False
261,6,-281.92771009965475,-16.053882844809664,0.04131162634065864,0.015370859774824433,0.015344628305096381,False
261,7,-280.8076573220061,-14.933830067161011,0.06892335590698076,0.02901362433003257,0.02849011087805426,False
261,8,-279.900826799376,-14.026999544530895,0.29512560660961507,0.39753180150239387,0.33633468376108494,False
261,9,-265.56471245681064,0.3091147980344431,2.2252591137838227,,,True
262,0,-265.8738272548451,0.0,2.3495349175970333,,,True
262,1,-279.2918501701781,-13.41802291533304,0.25462480876486926,0.10829162166222842,0.09483704430556479,False
262,2,-280.84801693140923,-14.974189676564151,0.18229703426977384,0.1306313080945554,0.08596076550622819,False
262,3,-281.48217121947295,-15.608343964627863,0.08013220967331709,0.024185079374010977,0.024127323865279892,False
262,4,-282.1023289086246,-16.228501653779517,0.040094008198942155,0.021151230026750494,0.014160549002061748,False
262,5,-282.43560475668846,-16.56177750184338,0.049503938265090426,0.03519187719120045,0.02491694346891498,False
262,6,-281.928166371512,-16.054339116666938,0.04132350695515591,0.015291048559209422,0.015274775130287025,False
262,7,-280.80837501547,-14.934547760624923,0.06914702466441697,0.02993915964989513,0.029422959405715612,False
262,8,-279.91843059661596,-14.04460334177088,0.3447691444364116,0.19775893433831987,0.16677371471238453,False
262,9,-265.56471245681064,0.3091147980344431,2.2252591137838227,,,True
263,0,-265.8738272548451,0.0,2.3495349175970333,,,True
263,1,-279.2923303636512,-13.418503108806135,0.2558690737221381,0.10931913333643198,0.0961666475641285,False
263,2,-280.8483586722451,-14.974531417400044,0.18333714731911493,0.13150913776906542,0.08646162341769147,False
263,3,-281.48229097261583,-15.608463717770746,0.08017831907767257,0.024232500333787193,0.024173188690378294,False
263,4,-282.10240146758656,-16.228574212741478,0.040089509287618966,0.02114534972057062,0.014133466136637789,False
263,5,-282.4356615848472,-16.561834330002114,0.04950016662174876,0.03515299471201943,0.02488180604456369,False
263,6,-281.92822024081096,-16.054392985965876,0.04132473473496652,0.01528151835675037,0.015265487350990795,False
263,7,-280.80846214630196,-14.93463489145688,0.06918601527314466,0.03002921946767883,0.029506167405124302,False
263,8,-279.91984481310726,-14.046017558262179,0.3290583701227603,0.18026690092490263,0.15208607891349565,False
263,9,-265.56471245681064,0.3091147980344431,2.2252591137838227,,,True
264,0,-265.8738272548451,0.0,2.3495349175970333,,,True
264,1,-279.2932832935662,-13.419456038721137,0.2583926422605853,0.11139329014500458,0.09873386739601073,False
264,2,-280.84905254693456,-14.975225292089476,0.18544516420596896,0.13328255618884155,0.08747081790763803,False
264,3,-281.48253126135614,-15.608704006511061,0.08027106209953529,0.024328269269195773,0.024265993488396607,False
264,4,-282.1025469667334,-16.228719711888346,0.040081872363275275,0.02113519756394346,0.014083425121368868,False
264,5,-282.4357754540503,-16.561948199205233,0.04949238547411069,0.03507540541162267,0.024811907879974112,False
264,6,-281.92832823824006,-16.054500983394973,0.04132657317275124,0.015262506444648483,0.015246941361078558,False
264,7,-280.8086369758813,-14.934809721036231,0.06926527499236947,0.03020972712553779,0.029673080382944462,False
264,8,-279.922217663812,-14.048390408966895,0.2987584536650474,0.14688532998104947,0.12392356950190743,False
264,9,-265.56471245681064,0.3091147980344431,2.2252591137838227,,,True
265,0,-265.8738272548451,0.0,2.3495349175970333,,,True
265,1,-279.2947121420382,-13.420884887193097,0.26226434244382246,0.11455435830009986,0.10235852805112401,False
265,2,-280.8501237459713,-14.97629649112622,0.18868853296964122,0.13599603378836028,0.08900816920863519,False
265,3,-281.48289475265284,-15.609067497807757,0.08041196087737541,0.024474639226017794,0.024408320895188712,False
265,4,-282.10276683071874,-16.228939575873653,0.04007376512191953,0.021123909548817352,0.014018566182856223,False
265,5,-282.43594730343483,-16.562120048589748,0.049480043507884326,0.03495925761785906,0.024707893676636762,False
265,6,-281.928491371338,-16.054664116492916,0.04132772501206718,0.015234028891138987,0.015219118508210755,False
265,7,-280.80890149076134,-14.935074235916261,0.06938798588896908,0.030482201103767006,0.029925517811474782,False
265,8,-279.92484582505904,-14.051018570213955,0.2564863778317812,0.11151097950335526,0.08498806812856292,False
265,9,-265.56471245681064,0.3091147980344431,2.2252591137838227,,,True
266,0,-265.8738272548451,0.0,2.3495349175970333,,,True
266,1,-279.2966502227945,-13.4228229679494,0.26756358961662696,0.11885501788320998,0.10677942173072243,False
266,2,-280.8516137919541,-14.977786537109012,0.19317546341979655,0.13972078598529045,0.09110650831220697,False
266,3,-281.4833856498648,-15.60955839501969,0.08060360576173264,0.024674718576749622,0.024603798907397174,False
266,4,-282.10306330441654,-16.229236049571455,0.04006879694457407,0.021115736574240238,0.013950153914453464,False
266,5,-282.43617861618264,-16.562351361337562,0.04946224608802521,0.03480493892010997,0.024570960156441668,False
266,6,-281.9287112266437,-16.05488397179863,0.04132620488134886,0.015196039127862916,0.015181924032751287,False
266,7,-280.8092589262559,-14.93543167141081,0.0695597233416175,0.030848795538178268,0.030266339052137794,False
266,8,-279.92712053178593,-14.053293276940849,0.2069856693029197,0.1071117230509753,0.07921192011710203,False
266,9,-265.56471245681064,0.3091147980344431,2.2252591137838227,,,True
267,0,-265.8738272548451,0.0,2.3495349175970333,,,True
267,1,-279.29915915821823,-13.425331903373149,0.2743266286159773,0.12433477105387788,0.11167555218111543,False
267,2,-280.85357267754523,-14.979745422700148,0.1990253483878606,0.1445306853197609,0.09427954596995175,False
267,3,-281.48400604498886,-15.610178790143777,0.080848596017952,0.02493026262649112,0.0248547962737486,False
267,4,-282.10343723837326,-16.229609983528178,0.040070604084241165,0.021115066507814036,0.013890141416596053,False
267,5,-282.4364696917893,-16.562642436944202,0.04943789034995135,0.034614234443356734,0.02440379998225078,False
267,6,-281.9289883230158,-16.05516106817072,0.041319547156786256,0.015148548386004133,0.015135308399181181,False
267,7,-280.8097111774001,-14.935883922555035,0.06978798371966155,0.03130920859712482,0.03069664516994326,False
267,8,-279.9288425232236,-14.055015268378497,0.1700633022755897,0.10155029925149299,0.07301654834322457,False
267,9,-265.56471245681064,0.3091147980344431,2.2252591137838227,,,True
268,0,-265.8738272548451,0.0,2.3495349175970333,,,True
268,1,-279.302303577309,-13.428476322463894,0.2825055964478783,0.13100731698548845,0.11673952148288527,False
268,2,-280.8560481023813,-14.982220847536212,0.2063287485247772,0.15047202055530032,0.09917319622568536,False
268,3,-281.4847520895131,-15.610924834668026,0.08114831758219544,0.025239209688372018,0.025159700327239173,False
268,4,-282.1038857950284,-16.230058540183336,0.04008141800533286,0.021124887354994498,0.013846772503916867,False
268,5,-282.436817890649,-16.562990635803942,0.049405929066509646,0.03439119531207086,0.024211060329224387,False
268,6,-281.929320413538,-16.05549315869291,0.04130534126623212,0.015091682519085903,0.015079331197813753,False
268,7,-280.8102559823859,-14.936428727540829,0.07008103448958783,0.031857513253698386,0.03121255968386426,False
268,8,-279.9302847137767,-14.056457458931618,0.179314747698725,0.09412474731908513,0.08087138727701924,False
268,9,-265.56471245681064,0.3091147980344431,2.2252591137838227,,,True
269,0,-265.8738272548451,0.0,2.3495349175970333,,,True
269,1,-279.3061391131615,-13.432311858316439,0.2920054378740718,0.13889779599860438,0.12177354082294002,False
269,2,-280.85909265765554,-14.985265402810455,0.2151593409013063,0.1575749975336626,0.10497238799582911,False
269,3,-281.48561642800337,-15.611789173158286,0.08150379106926649,0.025596424303959874,0.025513434005584857,False
269,4,-282.1044039553484,-16.23057670050332,0.04010123749876799,0.021145874785810793,0.013821312266282247,False
269,5,-282.4372188568707,-16.563391602025604,0.04936540962154368,0.03414108135903178,0.0239981341189537,False
269,6,-281.92970361043905,-16.055876355593966,0.041281619992298256,0.015025380171461695,0.015013874818772501,False
269,7,-280.81088858253474,-14.937061327689662,0.07044807223384959,0.0324839662581286,0.03180644903907068,False
269,8,-279.93190842813283,-14.058081173287746,0.18529364285872724,0.11679690954099053,0.10429837360864003,False
269,9,-265.56471245681064,0.3091147980344431,2.2252591137838227,,,True
270,0,-265.8738272548451,0.0,2.3495349175970333,,,True
270,1,-279.3112661252669,-13.437438870421829,0.3039506411374889,0.14914107080912023,0.12723727102612611,False
270,2,-280.8632186907252,-14.989391435880123,0.22682927833763106,0.16684297078887017,0.1124958435956487,False
270,3,-281.48670417932345,-15.612876924478371,0.08196509807657558,0.026041285208817197,0.0259546832875192,False
270,4,-282.10505372257757,-16.231226467732483,0.04013131983823071,0.0211804683129798,0.01380729833174238,False
270,5,-282.43771983390025,-16.563892579055164,0.049309363158499486,0.03383843886225981,0.023744376595140025,False
270,6,-281.93018346698847,-16.056356212143385,0.04124238343606519,0.014940255074128857,0.014929592463227287,False
270,7,-280.81168684599595,-14.937859591150868,0.0709537405729244,0.033256592971503185,0.03254452497686696,False
270,8,-279.9342359244886,-14.060408669643493,0.1871667832909133,0.1194292047287436,0.10671825567856778,False
270,9,-265.56471245681064,0.3091147980344431,2.2252591137838227,,,True
271,0,-265.8738272548451,0.0,2.3495349175970333,,,True
271,1,-279.31816989030915,-13.444342635464068,0.31875209837948804,0.16248699981497514,0.1332265667004914,False
271,2,-280.8688910698968,-14.995063815051708,0.24225488230579184,0.17890332417586735,0.12226587807994624,False
271,3,-281.4880652352776,-15.614237980432506,0.08256529036029055,0.026586429690777878,0.026495032724400486,False
271,4,-282.1058630830466,-16.232035828201504,0.04016901794204771,0.021227779500561508,0.013790824918162609,False
271,5,-282.43834118472654,-16.564513929881457,0.04923197061951313,0.0334771267698166,0.02344523909987772,False
271,6,-281.93078009645757,-16.056952841612485,0.04118124107766877,0.01482955350408756,0.014819685604640235,False
271,7,-280.8126889659118,-14.938861711066693,0.07165361707162704,0.034195337942257445,0.033446594830915666,False
271,8,-279.937243395301,-14.0634161404559,0.18400931799692577,0.09564628007533618,0.08329726879863171,False
271,9,-265.56471245681064,0.3091147980344431,2.2252591137838227,,,True
272,0,-265.8738272548451,0.0,2.3495349175970333,,,True
272,1,-279.32762539119517,-13.453798136350088,0.3365406529700723,0.17970444596791063,0.13970692512408142,False
272,2,-280.87686887632265,-15.003041621477564,0.26263872849521014,0.1945000707810617,0.1349149970604696,False
272,3,-281.48976507699336,-15.615937822148283,0.08334987041197307,0.02724725444649569,0.027148103349182884,False
272,4,-282.1068681500823,-16.233040895237195,0.040208536368009765,0.021284394247720013,0.013745016826376272,False
272,5,-282.43910896281864,-16.565281707973554,0.04912498064328816,0.03305084878354394,0.023094715560356596,False
272,6,-281.9315192195679,-16.057691964722835,0.04108914582570286,0.014683068917950091,0.014673915564535539,False
272,7,-280.813945733669,-14.940118478823933,0.07262278183815582,0.035320554769782006,0.03452986019277671,False
272,8,-279.94038120873677,-14.066553953891685,0.17636596495225895,0.05046318417607835,0.03798136848083923,False
272,9,-265.56471245681064,0.3091147980344431,2.2252591137838227,,,True
273,0,-265.8738272548451,0.0,2.3495349175970333,,,True
273,1,-279.3407924194144,-13.46696516456933,0.3560015097239474,0.20057023695360246,0.14545994682102908,False
273,2,-280.88838027526793,-15.014553020422852,0.28922197342870176,0.2141595526495968,0.15090713017971594,False
273,3,-281.4918825823073,-15.61805532746223,0.08437555630654812,0.028042997816827064,0.027931082120354563,False
273,4,-282.10811116401135,-16.234283909166265,0.040243456249653156,0.02134702608680802,0.013637188717493077,False
273,5,-282.4400532390632,-16.566225984218136,0.0489774254044045,0.03255502205885222,0.022685310374621678,False
273,6,-281.93243042915833,-16.058603174313248,0.04095331909081716,0.014486468343223466,0.014477940609091126,False
273,7,-280.815520021659,-14.941692766813901,0.07394923159694501,0.0366478915083333,0.03580158264219423,False
273,8,-279.94303989329717,-14.069212638452086,0.20904999740819327,0.050319542253120325,0.036139536981937115,False
273,9,-265.56471245681064,0.3091147980344431,2.2252591137838227,,,True
274,0,-265.8738272548451,0.0,2.3495349175970333,,,True
274,1,-279.3590942430236,-13.485266988178523,0.3709174389811434,0.22054351489107538,0.1448961459969491,False
274,2,-280.90537595495084,-15.031548700105759,0.32241742869307066,0.23723671400354704,0.1697275209804313,False
274,3,-281.4945063795704,-15.620679124725314,0.0857059275390315,0.028998974287888616,0.028868065944390373,False
274,4,-282.10963741512063,-16.23581016027555,0.040273589588720855,0.021419337347468162,0.013450420654593367,False
274,5,-282.4412057345628,-16.567378479717718,0.04877559810736408,0.03198934925468996,0.02220895998527702,False
274,6,-281.9335445544991,-16.05971729965404,0.04075612223320335,0.014430831814547972,0.014212967224678318,False
274,7,-280.81748548591156,-14.943658231066479,0.0757199230890897,0.03818857438110595,0.03726023718224546,False
274,8,-279.9453169438971,-14.071489689052044,0.2492583196435792,0.086629434760045,0.06338897107368047,False
274,9,-265.56471245681064,0.3091147980344431,2.2252591137838227,,,True
275,0,-265.8738272548451,0.0,2.3495349175970333,,,True
275,1,-279.3833404675784,-13.509513212733339,0.3731151504395559,0.22180938539852946,0.14383815237762798,False
275,2,-280.93091124259786,-15.057083987752776,0.35984702533398055,0.2599444204012519,0.18813887404300753,False
275,3,-281.49774257963804,-15.62391532479296,0.08741167405321568,0.030150641731488473,0.029995166154310474,False
275,4,-282.1114984623699,-16.23767120752484,0.040311685967392444,0.0215178163190943,0.01320662263253322,False
275,5,-282.44260238413835,-16.56877512929327,0.04850190539739325,0.031360740013545496,0.021661010381496953,False
275,6,-281.9348954692216,-16.06106821437652,0.04047343110549656,0.014491604873128958,0.013854175693002445,False
275,7,-280.8199339607264,-14.946106705881334,0.07801844165619704,0.03996656255894035,0.03892163357955113,False
275,8,-279.9480318145473,-14.074204559702196,0.25285141507760783,0.08708022039582505,0.06759089713116788,False
275,9,-265.56471245681064,0.3091147980344431,2.2252591137838227,,,True
276,0,-265.8738272548451,0.0,2.3495349175970333,,,True
276,1,-279.4101105523962,-13.536283297551108,0.3197968451645207,0.1569015943954494,0.10293546584497268,False
276,2,-280.96946631061303,-15.095639055767947,0.3920454982870501,0.2716715998254802,0.19639068310497337,False
276,3,-281.5017360086124,-15.627908753767315,0.08957918093913882,0.03154433563436811,0.031360275639976634,False
276,4,-282.1137621982238,-16.239934943378728,0.040381804996904906,0.021667845751709564,0.012964644156708135,False
276,5,-282.4442912118775,-16.570463957032416,0.04813185687115329,0.030688112348012275,0.021151156391823828,False
276,6,-281.9365264982017,-16.062699243356633,0.04007332721570113,0.014570914532231808,0.01336652415400459,False
276,7,-280.82299506084405,-14.949167805998968,0.0809494511670845,0.04203699096631844,0.040855225135342045,False
276,8,-279.9515947097098,-14.077767454864727,0.20913153181097635,0.04568125351254829,0.035434532769495874,False
276,9,-265.56471245681064,0.3091147980344431,2.2252591137838227,,,True
277,0,-265.8738272548451,0.0,2.3495349175970333,,,True
277,1,-279.42459941664725,-13.550772161802172,0.27888818642135343,0.210611430398082,0.176985002830624,False
277,2,-281.025606473617,-15.151779218771935,0.39016097369243574,0.2670748587325012,0.1774889392300903,False
277,3,-281.50669958436595,-15.632872329520865,0.0923247490279133,0.033225788612862954,0.03300637552722167,False
277,4,-282.116525628884,-16.242698374038923,0.04050460536984148,0.021886693629528,0.012769169481030417,False
277,5,-282.4463426170837,-16.57251536223862,0.04762968856914096,0.030008763470921705,0.022440712685745372,False
277,6,-281.938497990716,-16.06467073587089,0.03951762094968829,0.014675196907186923,0.012697991904751946,False
277,7,-280.82686738764926,-14.953040132804176,0.08468641057446857,0.044458743863780494,0.04316263513223409,False
277,8,-279.955231636275,-14.081404381429934,0.1639941270080205,0.049836055247265226,0.03829784075764619,False
277,9,-265.56471245681064,0.3091147980344431,2.2252591137838227,,,True
278,0,-265.8738272548451,0.0,2.3495349175970333,,,True
278,1,-279.4172339191947,-13.543406664349618,0.2802595056308586,0.4558607475994785,0.40010895358951487,False
278,2,-281.0897157567521,-15.215888501907045,0.31120860265373546,0.22196987222823386,0.2198931572348695,False
278,3,-281.51285594934893,-15.63902869450385,0.0957674878685961,0.03514635528191022,0.034867609163727886,False
278,4,-282.1198781998411,-16.246050944996,0.040666551528854754,0.02215311040552571,0.012953674914798085,False
278,5,-282.44882371289776,-16.57499645805268,0.04695810766620819,0.030308356228797816,0.02387903056571876,False
278,6,-281.9408589080943,-16.067031653249217,0.03878055839521538,0.014796207231175666,0.01178320826670388,False
278,7,-280.83178399849663,-14.95795674365155,0.08942705426100042,0.04705508928185967,0.04566024750328829,False
278,8,-279.95902519028243,-14.08519793543735,0.15863834202666255,0.07741199232812118,0.06235814490559236,False
278,9,-265.56471245681064,0.3091147980344431,2.2252591137838227,,,True
279,0,-265.8738272548451,0.0,2.3495349175970333,,,True
279,1,-279.428008773927,-13.554181519081908,0.2789984569543179,0.3818511843486906,0.33387835769381663,False
279,2,-281.1080887690383,-15.234261514193236,0.5746556413273078,0.5796653308459904,0.34958320109329427,False
279,3,-281.5202840892953,-15.646456834450191,0.0999123791630549,0.037075276550998564,0.03669722187356674,False
279,4,-282.123821469477,-16.249994214631897,0.04082871621209967,0.022416003791608904,0.013437332897208247,False
279,5,-282.4517411433418,-16.57791388849671,0.046103180955281306,0.03183457679036498,0.0254581278978508,False
279,6,-281.94359003682894,-16.069762781983854,0.03786657388722884,0.014919305660357624,0.01155770217201342,False
279,7,-280.83788843203024,-14.964061177185158,0.09503685927787908,0.04917471976577433,0.04760228887012603,False
279,8,-279.9638957611576,-14.090068506312491,0.14480949175323266,0.04227055414129855,0.03165869314919221,False
279,9,-265.56471245681064,0.3091147980344431,2.2252591137838227,,,True
280,0,-265.8738272548451,0.0,2.3495349175970333,,,True
280,1,-279.4355228518953,-13.561695597050232,0.23341949266302342,0.3317242972105361,0.2903786923013833,False
280,2,-281.1167468531992,-15.242919598354092,0.44381047951843133,0.45237799898929765,0.2776683559912549,False
280,3,-281.52050899367555,-15.646681738830466,0.09995140153016435,0.03733943306481996,0.03699975883594231,False
280,4,-282.1239394979715,-16.25011224312641,0.0408592106154863,0.02243537698231038,0.013408108716500581,False
280,5,-282.4518316972631,-16.578004442418035,0.04606651282494262,0.03180291882875149,0.025421653053824433,False
280,6,-281.94367161393325,-16.069844359088165,0.03783816685857473,0.01492792225013362,0.011572989567368422,False
280,7,-280.8380876743596,-14.964260419514517,0.09501656601874829,0.04962505678956629,0.04816508036701672,False
280,8,-279.96422203900886,-14.090394784163777,0.1453978285364295,0.03668437446800345,0.02580642694276377,False
280,9,-265.56471245681064,0.3091147980344431,2.2252591137838227,,,True
281,0,-265.8738272548451,0.0,2.3495349175970333,,,True
281,1,-279.4474256895841,-13.57359843473904,0.2098590619106696,0.24522743013340995,0.21553841945409533,False
281,2,-281.1270500841414,-15.253222829296305,0.2363339916850075,0.24170973436850518,0.16191499158927067,False
281,3,-281.52096400853145,-15.647136753686368,0.10004733608521396,0.03783693275188004,0.037554091969012646,False
281,4,-282.124177905097,-16.250350650251903,0.04091482564458549,0.022470330447969068,0.013357470228438263,False
281,5,-282.4520146737199,-16.57818741887479,0.045992640271416176,0.0317514357132772,0.025364705595040327,False
281,6,-281.94383630254833,-16.070009047703252,0.03778188947895066,0.014942995135373583,0.011600581968439437,False
281,7,-280.8384914623623,-14.964664207517217,0.09500764679791958,0.05047290131110142,0.04917782502179023,False
281,8,-279.96476186159515,-14.090934606750068,0.1466101674511587,0.027122246541492777,0.018468560634453443,False
281,9,-265.56471245681064,0.3091147980344431,2.2252591137838227,,,True
282,0,-265.8738272548451,0.0,2.3495349175970333,,,True
282,1,-279.4593731760716,-13.585545921226526,0.20185728478786386,0.14387107788133505,0.12812968029203098,False
282,2,-281.13235403296295,-15.258526778117869,0.15079912083124108,0.1725545078056702,0.1550443954953491,False
282,3,-281.52167147737026,-15.64784422252518,0.1002397315140215,0.03850642028374777,0.03827077663400903,False
282,4,-282.1245475402966,-16.250720285451507,0.040985354906285874,0.022512815658811837,0.013300137093908135,False
282,5,-282.4522985750772,-16.578471320232097,0.04587860643492583,0.03170079775584634,0.025317599224956255,False
282,6,-281.94409140555103,-16.070264150705952,0.037697140951456314,0.014960049617311835,0.01163510013364924,False
282,7,-280.83912141292353,-14.96529415807845,0.09507537006587236,0.05159567714564612,0.05043548122166433,False
282,8,-279.9653916054622,-14.091564350617091,0.1522893843678085,0.017946243621531095,0.01609587601698665,False
282,9,-265.56471245681064,0.3091147980344431,2.2252591137838227,,,True
283,0,-265.8738272548451,0.0,2.3495349175970333,,,True
283,1,-279.46787584014726,-13.594048585302176,0.1923776571580658,0.05443110237418109,0.04752782314469453,False
283,2,-281.13319022747703,-15.259362972631948,0.268023824234906,0.23252635543800165,0.20855289988961945,False
283,3,-281.52266624652617,-15.648838991681089,0.10058699418998206,0.03925161228142524,0.03902935558481953,False
283,4,-282.12506509578486,-16.25123784093978,0.04105608536386518,0.02255031430252795,0.013256448752671594,False
283,5,-282.4526965899016,-16.578869335056538,0.045719850009134005,0.031676413815887795,0.02531937767372171,False
283,6,-281.9444481112603,-16.07062085641519,0.03758214999617842,0.014972355783473144,0.011669314829805896,False
283,7,-280.8400120771423,-14.966184822297237,0.09531409378884674,0.05277891623871469,0.05165555732849457,False
283,8,-279.96609081140764,-14.092263556562557,0.16752583011616703,0.019244886895893498,0.01664917650422797,False
283,9,-265.56471245681064,0.3091147980344431,2.2252591137838227,,,True
284,0,-265.8738272548451,0.0,2.3495349175970333,,,True
284,1,-279.47188935065094,-13.598062095805858,0.21869983204409685,0.060798216906947464,0.046298164873714145,False
284,2,-281.1351036545161,-15.261276399671033,0.3140872158607372,0.2729518620166598,0.20068415803544987,False
284,3,-281.52392778061164,-15.650100525766561,0.10111665564853828,0.03996940349673496,0.03971989108281776,False
284,4,-282.125717733977,-16.25189047913193,0.0411146232888507,0.022573176057434002,0.01324080684631809,False
284,5,-282.45319937478854,-16.579372119943457,0.04552078181215067,0.031693699734782525,0.025387670668859743,False
284,6,-281.9448970854944,-16.07106983064932,0.037440039007800095,0.014975143948782053,0.011697698981914056,False
284,7,-280.84114961359967,-14.967322358754586,0.09577961378451152,0.05379675763724954,0.05259396263743617,False
284,8,-279.9669210782329,-14.09309382338779,0.17851186823907297,0.022827416089058757,0.020909196221742237,False
284,9,-265.56471245681064,0.3091147980344431,2.2252591137838227,,,True
285,0,-265.8738272548451,0.0,2.3495349175970333,,,True
285,1,-279.4730028873241,-13.599175632479046,0.2757479651552145,0.10544816956026787,0.09289277906444249,False
285,2,-281.14039822188676,-15.266570967041673,0.2944664593484436,0.23241610094556436,0.1707135228695412,False
285,3,-281.52542146452237,-15.651594209677285,0.10182572797434515,0.04062246980328656,0.040314027817370535,False
285,4,-282.1264849117329,-16.252657656887834,0.04115997536992559,0.022582029655234766,0.013300064965755157,False
285,5,-282.45379174197757,-16.579964487132486,0.04528801608070204,0.03175199670257383,0.025508048552298362,False
285,6,-281.9454236377244,-16.071596382879306,0.037273818487815816,0.014968947187349653,0.011720558919912725,False
285,7,-280.842506606926,-14.968679352080926,0.09647450827933565,0.05456216704396343,0.05318794568661732,False
285,8,-279.9679279186257,-14.094100663780637,0.18307377850733586,0.0254160667114787,0.024485248920400958,False
285,9,-265.56471245681064,0.3091147980344431,2.2252591137838227,,,True
286,0,-265.8738272548451,0.0,2.3495349175970333,,,True
286,1,-279.4735386177065,-13.599711362861399,0.3119835579213774,0.13109601332600368,0.11585416920307882,False
286,2,-281.14642329472485,-15.272596039879772,0.21484226378857052,0.14890590422779834,0.10621386391801527,False
286,3,-281.5271358066034,-15.6533085517583,0.10270692211663014,0.04121951350516659,0.040843157323975865,False
286,4,-282.1273577210657,-16.25353046622064,0.041199707548957444,0.022584514473300635,0.013388895872101398,False
286,5,-282.45446762177687,-16.58064036693179,0.04502478604193423,0.03184155881155595,0.025648932340866914,False
286,6,-281.94602107199023,-16.07219381714515,0.037083113010510975,0.014957797769460136,0.011742785491079957,False
286,7,-280.8440752089025,-14.970247954057413,0.09738487856419245,0.05507482400738908,0.05350205327883534,False
286,8,-279.9690827792115,-14.095255524366394,0.18065584339874985,0.022653090383767303,0.02175823406005089,False
286,9,-265.56471245681064,0.3091147980344431,2.2252591137838227,,,True
287,0,-265.8738272548451,0.0,2.3495349175970333,,,True
287,1,-279.4754965324295,-13.601669277584392,0.3328289252703056,0.14342324467224696,0.10898307466202287,False
287,2,-281.14989062325037,-15.276063368405289,0.16615847131708797,0.1390933023644582,0.12854782080977228,False
287,3,-281.52929806154805,-15.655470806702965,0.10387825786309661,0.041826393086535595,0.041404249464351235,False
287,4,-282.1284469834224,-16.254619728577325,0.041249468649103074,0.022590564732167525,0.013469878557063966,False
287,5,-282.45531437204295,-16.581487117197867,0.04469923387214986,0.03196142581456342,0.02578709019579336,False
287,6,-281.94676423377075,-16.072936978925668,0.03684052546596656,0.014945939518266858,0.011775296356855511,False
287,7,-280.84606723520255,-14.972239980357472,0.09862769061457,0.05533967712412319,0.05363823731191695,False
287,8,-279.97044564236217,-14.096618387517083,0.17094618632764436,0.0145142919893072,0.012359662010726882,False
287,9,-265.56471245681064,0.3091147980344431,2.2252591137838227,,,True
288,0,-265.8738272548451,0.0,2.3495349175970333,,,True
288,1,-279.47983617465843,-13.606008919813348,0.33876662593556256,0.15280456029827547,0.12358734918422265,False
288,2,-281.15121061897923,-15.277383364134153,0.22659676658975716,0.21654247289673653,0.1838366011024318,False
288,3,-281.5319854311181,-15.658158176272991,0.10538444505365636,0.04238802670146858,0.04197494738047923,False
288,4,-282.1297842280817,-16.255956973236607,0.04131818768412749,0.022605767542808904,0.013514960394473518,False
288,5,-282.45635906792097,-16.58253181307589,0.04430572848744574,0.03210959017279857,0.02589431624520329,False
288,6,-281.94767279938344,-16.073845544538358,0.036535976058201865,0.014938931999812395,0.011828501979338001,False
288,7,-280.84855835170316,-14.97473109685808,0.10024227527962822,0.05517726452692502,0.053529521734308666,False
288,8,-279.9719697831116,-14.098142528266521,0.15645048006162368,0.016175186066752962,0.012033116884411877,False
288,9,-265.56471245681064,0.3091147980344431,2.2252591137838227,,,True
289,0,-265.8738272548451,0.0,2.3495349175970333,,,True
289,1,-279.48665605474116,-13.612828799896079,0.3409064458369823,0.1542084960113253,0.13239247317010955,False
289,2,-281.15617712539984,-15.282349870554754,0.2292704263463679,0.21213905038773445,0.16786215499423587,False
289,3,-281.5352587274133,-15.66143147256821,0.10726077883501686,0.04275808900616587,0.042395948074460274,False
289,4,-282.1313904775834,-16.257563222738327,0.041399587572045815,0.022621554440230736,0.013510455423952144,False
289,5,-282.457621809432,-16.583794554586916,0.04394969647246352,0.03231110221193223,0.02598733151768861,False
289,6,-281.94875850436085,-16.07493124951577,0.036164638137092045,0.01493832758178766,0.011906838888066085,False
289,7,-280.8516041117632,-14.977776856918126,0.10225230576960638,0.054264592049413536,0.05283053986213561,False
289,8,-279.9737008983826,-14.099873643537535,0.15040330069008828,0.019303860192742894,0.014820763682205192,False
289,9,-265.56471245681064,0.3091147980344431,2.2252591137838227,,,True
290,0,-265.8738272548451,0.0,2.3495349175970333,,,True
290,1,-279.49582010809706,-13.621992853251982,0.316214981266003,0.12382240091391106,0.11022633199153196,False
290,2,-281.1642130728063,-15.290385817961237,0.14738517211948743,0.08135229153352351,0.07934425326763522,False
290,3,-281.5392501476591,-15.665422892814036,0.10955387048210762,0.04272140596052688,0.04240918238006255,False
290,4,-282.1333179265806,-16.259490671735534,0.04147060861963436,0.022612281797381704,0.013459089912311945,False
290,5,-282.45914981940393,-16.58532256455885,0.044123532058625826,0.032631604743921155,0.02613806290463574,False
290,6,-281.95005319179927,-16.076225936954188,0.035718459856454735,0.014940705014798735,0.012007498820459393,False
290,7,-280.8553140669612,-14.981486812116145,0.10465687981905593,0.052155253201908516,0.05097960268023951,False
290,8,-279.9757875551681,-14.101960300323015,0.15107878864540414,0.024495447829861614,0.021036338757093296,False
290,9,-265.56471245681064,0.3091147980344431,2.2252591137838227,,,True
291,0,-265.8738272548451,0.0,2.3495349175970333,,,True
291,1,-279.505713191244,-13.63188593639893,0.2238477927540804,0.03530917082111684,0.031671199087993054,False
291,2,-281.1673174251649,-15.293490170319842,0.21319170463221365,0.14786072979251172,0.10936983148879856,False
291,3,-281.54424071494043,-15.670413460095347,0.11226209386521814,0.04202459118338655,0.041719912440417006,False
291,4,-282.13568613774595,-16.261858882900867,0.04148705814754343,0.02252642017986526,0.013410124951594861,False
291,5,-282.46104997301904,-16.58722271817396,0.0444831693047008,0.0331958281287745,0.026488780245746607,False
291,6,-281.9516319971176,-16.07780474227252,0.03517901015763813,0.014937314609125521,0.012116943007133028,False
291,7,-280.859914373073,-14.986087118227942,0.10724261925919622,0.04837404600406831,0.04739166306304024,False
291,8,-279.9783710202084,-14.104543765363303,0.15173958221680348,0.015801718716858083,0.013128950615580247,False
291,9,-265.56471245681064,0.3091147980344431,2.2252591137838227,,,True
292,0,-265.8738272548451,0.0,2.3495349175970333,,,True
292,1,-279.5126245623497,-13.638797307504603,0.20696183897791798,0.1145817056858909,0.09655495870024669,False
292,2,-281.1713754203113,-15.297548165466196,0.21915313812771978,0.17378746435862624,0.1347643645856345,False
292,3,-281.55041981878895,-15.67659256394387,0.11506772390606279,0.04046581995304653,0.040114504666169205,False
292,4,-282.1385713224504,-16.264744067605307,0.0414001589573358,0.022302985163841813,0.013431664117864119,False
292,5,-282.4634019234578,-16.589574668612727,0.04514818536675662,0.034130644910832425,0.027175285010512563,False
292,6,-281.95353740606413,-16.079710151219047,0.03453566367323381,0.014920254862860659,0.012207122618143988,False
292,7,-280.8655078187724,-14.991680563927332,0.1092370462588639,0.04276958364986992,0.041877032483172254,False
292,8,-279.98141795118937,-14.107590696344289,0.16530287415626643,0.011373969490861554,0.0093995108393592,False
292,9,-265.56471245681064,0.3091147980344431,2.2252591137838227,,,True
293,0,-265.8738272548451,0.0,2.3495349175970333,,,True
293,1,-279.5187418941882,-13.644914639343142,0.20337788804326348,0.14882023543807923,0.13375089581235977,False
293,2,-281.1794020063396,-15.305574751494532,0.10716851009322041,0.08366590989792848,0.06217147348248917,False
293,3,-281.55793336719046,-15.684106112345376,0.11741825407786737,0.037998403054703186,0.03758812269293742,False
293,4,-282.14203204252374,-16.268204787678656,0.041202893363500054,0.02190989501840875,0.013347157331820788,False
293,5,-282.46628219758384,-16.592454942738755,0.046226634877832386,0.035488963424452756,0.02822011830013209,False
293,6,-281.9557962689263,-16.08196901408121,0.033774691173324156,0.01489749828111861,0.012267052419424405,False
293,7,-280.8720828123713,-14.998255557526193,0.10941824111787554,0.036504495029788774,0.035099831246271584,False
293,8,-279.9850676380715,-14.111240383226402,0.1770458608578472,0.023870543189678597,0.018988850698532386,False
293,9,-265.56471245681064,0.3091147980344431,2.2252591137838227,,,True
294,0,-265.8738272548451,0.0,2.3495349175970333,,,True
294,1,-279.5295221566988,-13.655694901853735,0.1931105523489492,0.10741172834550516,0.08890558791657323,False
294,2,-281.1842622531905,-15.310434998345443,0.19727575514823284,0.20735871900124486,0.14749495721194567,False
294,3,-281.56702459986457,-15.693197345019485,0.11868447668562646,0.03459400659961104,0.03413060545317646,False
294,4,-282.1461901838378,-16.27236292899272,0.040899476686528095,0.021306302312676554,0.012993429104440481,False
294,5,-282.46984362658134,-16.596016371736255,0.04784719258884702,0.03732663565070946,0.029651426594360975,False
294,6,-281.9584717433705,-16.08464448852544,0.03287460749430175,0.014957261559677287,0.01231452064799868,False
294,7,-280.87960141113547,-15.005774156290386,0.10623128815956666,0.03350048925671931,0.03044313921849647,False
294,8,-279.9895770037781,-14.115749748933013,0.16390738751247366,0.014281637638480874,0.011477515490674054,False
294,9,-265.56471245681064,0.3091147980344431,2.2252591137838227,,,True
295,0,-265.8738272548451,0.0,2.3495349175970333,,,True
295,1,-279.54395284276734,-13.670125587922257,0.17462427892829938,0.06556046593495393,0.05539405855159181,False
295,2,-281.1945125690429,-15.320685314197817,0.13506160481093726,0.05810796694534303,0.054779682669998,False
295,3,-281.5777928739301,-15.703965619085011,0.11855169450927258,0.033954463176626225,0.030200672612015783,False
295,4,-282.1511318695526,-16.277304614707532,0.040372527077348806,0.020354609101841004,0.012351126690010913,False
295,5,-282.474242791295,-16.60041553644993,0.050263088344120535,0.03996818156743716,0.031756302422113136,False
295,6,-281.96159574697526,-16.08776849213018,0.03184792241983235,0.015079194253900556,0.012354311983185784,False
295,7,-280.88773881676923,-15.013911561924147,0.09924880607088558,0.028187261254435374,0.0263267588714855,False
295,8,-279.99492226996335,-14.121095015118271,0.1412640044404591,0.017792706522870072,0.016831765539436223,False
295,9,-265.56471245681064,0.3091147980344431,2.2252591137838227,,,True
296,0,-265.8738272548451,0.0,2.3495349175970333,,,True
296,1,-279.5583040589881,-13.684476804143003,0.20389372105333703,0.11218893160470775,0.10022627241698502,False
296,2,-281.20161440920685,-15.327787154361772,0.2802143476701869,0.22056854239478602,0.15355739839766308,False
296,3,-281.5905441953719,-15.716716940526794,0.11568626135740383,0.03178844376790371,0.029145934146766986,False
296,4,-282.15711290035665,-16.28328564551157,0.03945770287166249,0.0188562414378805,0.011436172234332872,False
296,5,-282.4798786753437,-16.606051420498602,0.053921058990319896,0.04389214033528984,0.03487423010293165,False
296,6,-281.9652969489491,-16.091469694104035,0.030671414169465196,0.01516704923837247,0.01237169816227608,False
296,7,-280.8961368202084,-15.022309565363344,0.08851482526520353,0.0210372932029197,0.018733467297453954,False
296,8,-280.0015299440555,-14.127702689210423,0.1454255827022301,0.01706643188783297,0.015757130395215632,False
296,9,-265.56471245681064,0.3091147980344431,2.2252591137838227,,,True
297,0,-265.8738272548451,0.0,2.3495349175970333,,,True
297,1,-279.5742093764835,-13.700382121638427,0.23008197337425157,0.07913980857978765,0.06197486587742393,False
297,2,-281.2143188317525,-15.340491576907425,0.15190668152065498,0.16782929878177896,0.14955668878165054,False
297,3,-281.6050031262829,-15.731175871437813,0.10909698256581771,0.027203521179245852,0.025422598831361498,False
297,4,-282.1642183147224,-16.290391059877322,0.03819837000840428,0.016842539320281808,0.011242539506665549,False
297,5,-282.4871118670592,-16.613284612214102,0.059075753865542285,0.04926132998550415,0.03886682615855498,False
297,6,-281.96957601083545,-16.09574875599037,0.029328968002688135,0.015124708535090759,0.012237267066046994,False
297,7,-280.90408329713466,-15.03025604228958,0.07720640807170395,0.018861659771479796,0.017272212869661078,False
297,8,-280.00944358364643,-14.135616328801348,0.16332548557170512,0.01859556979484787,0.015741844276079945,False
297,9,-265.56471245681064,0.3091147980344431,2.2252591137838227,,,True
298,0,-265.8738272548451,0.0,2.3495349175970333,,,True
298,1,-279.5928826102513,-13.719055355406226,0.2308611092761057,0.07784309883942644,0.0631225489540327,False
298,2,-281.2290866669663,-15.3552594121212,0.09599258923993524,0.06770218673196128,0.0540777048998841,False
298,3,-281.61962168434513,-15.745794429500052,0.09949029360421702,0.020355263812817447,0.01819426253722885,False
298,4,-282.1719827942668,-16.298155539421714,0.03695380861961731,0.014740319159617436,0.0116868365280342,False
298,5,-282.49590048465166,-16.622073229806574,0.06548651232045617,0.05569133441406008,0.04324887284279828,False
298,6,-281.9740994370219,-16.10027218217681,0.028431233150312374,0.014890448535931942,0.011905048381387739,False
298,7,-280.9108419836474,-15.037014728802319,0.06900605532414665,0.02411831112131438,0.023906667186346046,False
298,8,-280.01825818399345,-14.14443092914837,0.15218572583424633,0.013489166335025886,0.01116904971937877,False
298,9,-265.56471245681064,0.3091147980344431,2.2252591137838227,,,True
299,0,-265.8738272548451,0.0,2.3495349175970333,,,True
299,1,-279.61059366456516,-13.736766409720076,0.15712509257635823,0.10446021480751376,0.0976890318869153,False
299,2,-281.2447016657154,-15.370874410870329,0.15239408988772796,0.10821537117610949,0.084917993216428,False
299,3,-281.6331208367074,-15.759293581862323,0.0911778007728444,0.01838871060075125,0.01616469701385704,False
299,4,-282.179831967721,-16.306004712875904,0.03552831449687681,0.013638169531045956,0.01169112333292131,False
299,5,-282.50607937256376,-16.63225211771868,0.07342390173961048,0.06360173131028317,0.0483983509655159,False
299,6,-281.97850393224587,-16.10467667740079,0.027477907974896427,0.014505886695300254,0.01148530438971002,False
299,7,-280.91668754939997,-15.042860294554885,0.06372374894945206,0.026977501636685226,0.024165540958725515,False
299,8,-280.02734005348054,-14.153512798635461,0.13529174099533758,0.0249851807838141,0.02233267153443895,False
299,9,-265.56471245681064,0.3091147980344431,2.2252591137838227,,,True
300,0,-265.8738272548451,0.0,2.3495349175970333,,,True
300,1,-279.6283054579392,-13.754478203094095,0.14774257698388701,0.08102848398943333,0.07057502204858185,False
300,2,-281.26278953428783,-15.388962279442751,0.14168377586622058,0.15205165745022012,0.13621158305057876,False
300,3,-281.64554130485794,-15.77171405001286,0.08882286297581352,0.026154768765000336,0.022962989421035897,False
300,4,-282.1875702288596,-16.31374297401453,0.03481108620481772,0.013208901140284819,0.011087980104783315,False
300,5,-282.51778830580554,-16.643961050960456,0.08228767064243976,0.07204532934031777,0.05361616495535387,False
300,6,-281.9826745404967,-16.10884728565162,0.0264099159234843,0.013994154289564952,0.010964972635094418,False
300,7,-280.92235110804705,-15.04852385320197,0.05631748070496737,0.03373919995594187,0.02511765425834734,False
300,8,-280.03654291665157,-14.162715661806487,0.13149880398590488,0.04858861325743007,0.03516948790211193,False
300,9,-265.56471245681064,0.3091147980344431,2.2252591137838227,,,True
301,0,-265.8738272548451,0.0,2.3495349175970333,,,True
301,1,-279.64602019788686,-13.772192943041773,0.14811570517711342,0.04950354111408619,0.04749079882325477,False
301,2,-281.28840163976633,-15.414574384921252,0.18364376955391748,0.15184595440778237,0.1057453531332592,False
301,3,-281.6569188860394,-15.783091631194338,0.08890460788276319,0.022175063481175965,0.019871157967727218,False
301,4,-282.19491559818186,-16.321088343336783,0.034020993459181276,0.012257303707711897,0.009884236169022268,False
301,5,-282.5308689349746,-16.65704168012951,0.09284118924902154,0.082057066239119,0.05965767778350091,False
301,6,-281.98647501910955,-16.112647764264466,0.02524670428319386,0.013396560688734691,0.010347194066348812,False
301,7,-280.92804907815577,-15.054221823310684,0.054508783501283825,0.03568506095168883,0.030930230852906946,False
301,8,-280.0451491304267,-14.171321875581611,0.14746505746720545,0.09710824586533452,0.076069750874499,False
301,9,-265.56471245681064,0.3091147980344431,2.2252591137838227,,,True
302,0,-265.8738272548451,0.0,2.3495349175970333,,,True
302,1,-279.6630145790373,-13.789187324192199,0.15341263555689896,0.06859435439572653,0.058769371591425444,False
302,2,-281.32225336325644,-15.448426108411354,0.22696783192682748,0.1939492314454839,0.13289614853426565,False
302,3,-281.66738564285777,-15.793558388012684,0.08947026530167781,0.023352137440587197,0.01953868749719471,False
302,4,-282.2017570534349,-16.32792979858982,0.0338495043856004,0.011214702181088337,0.00986648150630129,False
302,5,-282.54519813280115,-16.671370877956065,0.10393907368999117,0.09217687467237913,0.06563001404167469,False
302,6,-281.9898786545845,-16.116051399739433,0.024115834599130102,0.012861791260994944,0.009844126680726557,False
302,7,-280.9337568549604,-15.05992960011531,0.05459569276544357,0.03425341107221692,0.02758671730867602,False
302,8,-280.0527208896933,-14.178893634848237,0.2167524498186489,0.16128156436438348,0.11231503608967605,False
302,9,-265.56471245681064,0.3091147980344431,2.2252591137838227,,,True
303,0,-265.8738272548451,0.0,2.3495349175970333,,,True
303,1,-279.6804650645463,-13.806637809701215,0.1853960655248624,0.09338264019329356,0.08798069864980253,False
303,2,-281.36350095057503,-15.489673695729948,0.2484866591149371,0.21375408895913842,0.14285622803546774,False
303,3,-281.67660059614127,-15.802773341296188,0.09073540925465849,0.022522043277660882,0.01986125262792192,False
303,4,-282.2078907604456,-16.33406350560051,0.03378636529126818,0.010835233776888708,0.010719301999962624,False
303,5,-282.56006205233996,-16.686234797494876,0.11519579483154267,0.10234054700119916,0.07155245200861099,False
303,6,-281.9928166812664,-16.118989426421308,0.023014686894653684,0.01240648390880924,0.009410911892821663,False
303,7,-280.93917015434477,-15.065342899499683,0.05453857252327756,0.03099135303437966,0.02851359914303376,False
303,8,-280.059862780701,-14.186035525855914,0.22031690390507855,0.21331813503154054,0.16125369879567308,False
303,9,-265.56471245681064,0.3091147980344431,2.2252591137838227,,,True
304,0,-265.8738272548451,0.0,2.3495349175970333,,,True
304,1,-279.6997863576578,-13.825959102812703,0.20208224229345761,0.13408621598767279,0.11275527215407323,False
304,2,-281.4083555314643,-15.534528276619199,0.1984592597968288,0.1503038415314646,0.09533233390909761,False
304,3,-281.684472103766,-15.810644848920901,0.09264525352140972,0.020630165076441314,0.018637427176552278,False
304,4,-282.21334519848955,-16.339517943644466,0.033703077112759945,0.011597576275621958,0.011461829992821785,False
304,5,-282.5750253996274,-16.701198144782325,0.1256765099316869,0.11169503792130443,0.07689533824745924,False
304,6,-281.995335768537,-16.121508513691936,0.021983851147072124,0.012082239953613684,0.009098586488019759,False
304,7,-280.9441522650668,-15.070325010221723,0.05446286564277553,0.02633086137375749,0.023689860522385614,False
304,8,-280.0681128565388,-14.194285601693707,0.2253126813441793,0.1724682158188577,0.11969604276616619,False
304,9,-265.56471245681064,0.3091147980344431,2.2252591137838227,,,True
305,0,-265.8738272548451,0.0,2.3495349175970333,,,True
305,1,-279.7265530210621,-13.85272576621702,0.2842297743775805,0.20783238237493187,0.1825338540552483,False
305,2,-281.43544331631574,-15.561616061470659,0.13702627832785907,0.1360758693752101,0.12892715151376738,False
305,3,-281.69131301005547,-15.817485755210384,0.09532563182991212,0.02212457097624729,0.020527477624622426,False
305,4,-282.2184303889079,-16.344603134062822,0.03380487253216965,0.012262721808819646,0.012100758382367838,False
305,5,-282.59057665893795,-16.716749404092866,0.1352454976121771,0.12006715573768757,0.08182758561873724,False
305,6,-281.9976028600306,-16.12377560518553,0.021020529167832785,0.011908563925050212,0.00894260103091132,False
305,7,-280.9488737444617,-15.075046489616625,0.054633801231610574,0.021406048321490536,0.019357417957139942,False
305,8,-280.07653481604837,-14.202707561203283,0.1282724268434788,0.05459772107686451,0.04465334374675038,False
305,9,-265.56471245681064,0.3091147980344431,2.2252591137838227,,,True
306,0,-265.8738272548451,0.0,2.3495349175970333,,,True
306,1,-279.77331375101153,-13.899486496166446,0.4042671909229946,0.3122494123380684,0.28553323662748664,False
306,2,-281.43923493485306,-15.56540768000798,0.30738923948783026,0.29928987917844846,0.2708799448916011,False
306,3,-281.6972936426648,-15.823466387819735,0.09886644463170313,0.02525133392806404,0.02295006840540046,False
306,4,-282.2234106712615,-16.349583416416408,0.03385829612406163,0.01283550220949058,0.012642451939967096,False
306,5,-282.60727225722303,-16.733445002377948,0.14374859875104515,0.12735950654108444,0.08646720169906341,False
306,6,-281.999747056062,-16.125919801216924,0.02008239560169593,0.01187393759273238,0.008919118931208711,False
306,7,-280.9534596864645,-15.079632431619416,0.055404229736777465,0.017295296218343154,0.01670948756750731,False
306,8,-280.08269256828953,-14.208865313444448,0.12205437107556767,0.08284763929906644,0.06585428529450857,False
306,9,-265.56471245681064,0.3091147980344431,2.2252591137838227,,,True
307,0,-265.8738272548451,0.0,2.3495349175970333,,,True
307,1,-279.8496676574299,-13.975840402584822,0.5184313909621868,0.4000798256234533,0.3697990890824194,False
307,2,-281.4556473999149,-15.581820145069798,0.22702086639582955,0.21464114463957026,0.1922860820909015,False
307,3,-281.7019899376454,-15.828162682800325,0.10235250475077518,0.026717895082953566,0.023533258169127894,False
307,4,-282.22794473744705,-16.354117482601964,0.03379636548769115,0.013246522215624307,0.013017907697383334,False
307,5,-282.62354575640506,-16.749718501559983,0.14966388134187614,0.13214966440241752,0.09047950322933901,False
307,6,-282.00163570923974,-16.127808454394653,0.019236187479950102,0.0119773035368876,0.009015418364378497,False
307,7,-280.95751034118496,-15.083683086339875,0.05567256244048642,0.01697890461461597,0.01480206660756174,False
307,8,-280.08842962673316,-14.214602371888077,0.15966975922849364,0.1033370077734552,0.07261916435555729,False
307,9,-265.56471245681064,0.3091147980344431,2.2252591137838227,,,True
308,0,-265.8738272548451,0.0,2.3495349175970333,,,True
308,1,-279.95894189035914,-14.08511463551406,0.6353982411969886,0.4821703535178246,0.44949154263891516,False
308,2,-281.4753059765368,-15.601478721691706,0.16998695388560622,0.17045282075061458,0.12854404139270828,False
308,3,-281.70534454605894,-15.831517291213856,0.10488250550282482,0.026855133616092833,0.02300401012109362,False
308,4,-282.2317933554514,-16.35796610060629,0.03378212774313487,0.01348897718018503,0.013224257598596646,False
308,5,-282.63802811847154,-16.764200863626456,0.15229000349254757,0.13370297511530968,0.09307054700996235,False
308,6,-282.0031931534445,-16.129365898599417,0.018535974428460368,0.012186552373223976,0.009208499997811835,False
308,7,-280.9608244670329,-15.086997212187839,0.056049194783776866,0.017350304376944573,0.015133014893372439,False
308,8,-280.09372840879746,-14.219901153952378,0.11407175694106542,0.03188622072093369,0.023131256293019972,False
308,9,-265.56471245681064,0.3091147980344431,2.2252591137838227,,,True
309,0,-265.8738272548451,0.0,2.3495349175970333,,,True
309,1,-280.0815398195334,-14.207712564688336,0.41938662481239275,0.2738245746844582,0.23590533975879902,False
309,2,-281.4867811330487,-15.612953878203598,0.12771443940634483,0.12910831070135365,0.10677048568193889,False
309,3,-281.70774305441574,-15.833915799570661,0.10655792380373749,0.026103214743322906,0.022177921815148386,False
309,4,-282.2350986841741,-16.36127142932901,0.0337986811051999,0.013625557017864635,0.013327536789842581,False
309,5,-282.6508084500827,-16.776981195237624,0.1524872585629055,0.13297318116293644,0.09418323483656767,False
309,6,-282.00449884094576,-16.130671586100675,0.017948519820324863,0.012456990218134078,0.00945625638882184,False
309,7,-280.9635680049098,-15.08974075006472,0.05688997663699184,0.017679704015836954,0.015390336913476108,False
309,8,-280.0974480461893,-14.223620791344217,0.12016197396727224,0.07735594021042047,0.061403346325408725,False
309,9,-265.56471245681064,0.3091147980344431,2.2252591137838227,,,True
310,0,-265.8738272548451,0.0,2.3495349175970333,,,True
310,1,-280.0856893650937,-14.211862110248603,0.6662585117693592,0.7350223229199216,0.6507722548045161,False
310,2,-281.496577710774,-15.622750455928895,0.15511433633028157,0.14663999307335823,0.1269654023153996,False
310,3,-281.70965288873026,-15.835825633885179,0.108065554056135,0.024783285699344994,0.021189641370408747,False
310,4,-282.23832127606454,-16.364494021219457,0.033783550030641,0.013712885870963849,0.013383747971626963,False
310,5,-282.6633845440741,-16.789557289229037,0.15049510896310617,0.13016266558273415,0.09349735780971102,False
310,6,-282.0057449439872,-16.131917689142142,0.017387033570685072,0.012800630088028205,0.009768559943271336,False
310,7,-280.96614969087284,-15.092322436027757,0.057901699332607234,0.01800108543860193,0.015789523545768118,False
310,8,-280.1013499823094,-14.227522727464304,0.12091329869192143,0.03225168451458849,0.026363768560962744,False
310,9,-265.56471245681064,0.3091147980344431,2.2252591137838227,,,True
311,0,-265.8738272548451,0.0,2.3495349175970333,,,True
311,1,-280.1076823279361,-14.233855073091036,0.6491029915296637,0.5355726344240558,0.46280158170353114,False
311,2,-281.50708172101906,-15.63325446617398,0.08513325056514018,0.06442584841726035,0.06300554829007933,False
311,3,-281.7097057558494,-15.835878501004345,0.10930282984122894,0.023933970347861155,0.02038171522615194,False
311,4,-282.2394719829683,-16.365644728123243,0.033710105855004543,0.013849799189777752,0.013534195802952283,False
311,5,-282.66818039044165,-16.794353135596566,0.14774839868846926,0.12570214824130102,0.09214049320357105,False
311,6,-282.00617838863127,-16.132351133786187,0.017272522319683153,0.013079223220892765,0.010071191207113571,False
311,7,-280.9670060776274,-15.093178822782306,0.057601838126984974,0.018155289294901296,0.016062794922422945,False
311,8,-280.10188290060796,-14.228055645762879,0.1306142321146048,0.07692672578527157,0.05813207023926462,False
311,9,-265.56471245681064,0.3091147980344431,2.2252591137838227,,,True
312,0,-265.8738272548451,0.0,2.3495349175970333,,,True
312,1,-280.1436205929614,-14.269793338116301,0.4236928753266934,0.28303759068849704,0.24947529254505355,False
312,2,-281.5091041973681,-15.635276942523035,0.08543444247983491,0.05703815764319421,0.05589630560752939,False
312,3,-281.70971821556026,-15.835890960715176,0.10953638786920149,0.023629325178389383,0.019867196679510694,False
312,4,-282.239912693361,-16.366085438515938,0.03371782562973149,0.013855023117569674,0.013537444118497156,False
312,5,-282.6699627240723,-16.796135469227238,0.14782660763283823,0.12625130078789915,0.09039454190377966,False
312,6,-282.0063441719958,-16.132516917150724,0.017183191425935516,0.013135824805523326,0.010095311991604971,False
312,7,-280.9673276759388,-15.093500421093722,0.057784620107184166,0.01821056746166425,0.01604191498733276,False
312,8,-280.1028039422779,-14.228976687432805,0.11645536228741271,0.02511239351023565,0.022457992586894314,False
312,9,-265.56471245681064,0.3091147980344431,2.2252591137838227,,,True
313,0,-265.8738272548451,0.0,2.3495349175970333,,,True
313,1,-280.14999872905247,-14.276171474207388,0.2840599537882925,0.24152542031669125,0.22777090621466728,False
313,2,-281.51265710896314,-15.638829854118057,0.08589309963778168,0.05452492543325195,0.04769547826240929,False
313,3,-281.7097370793407,-15.835909824495616,0.11001975397689695,0.02300847065373136,0.018909140221697956,False
313,4,-282.24083517998184,-16.36700792513676,0.033700899391805726,0.01387014617477454,0.01354946230032544,False
313,5,-282.6736424385709,-16.799815183725798,0.14738653972185642,0.126179730059528,0.08832314462726751,False
313,6,-282.0066899238549,-16.132862669009796,0.017019705076696468,0.013282542271080815,0.010197337091561481,False
313,7,-280.9679940063214,-15.094166751476337,0.05780277808285286,0.018339833397517265,0.01612615957891581,False
313,8,-280.1030541511251,-14.22922689628001,0.12100383208725929,0.07939498595303907,0.06172699346214334,False
313,9,-265.56471245681064,0.3091147980344431,2.2252591137838227,,,True
314,0,-265.8738272548451,0.0,2.3495349175970333,,,True
314,1,-280.15379623972626,-14.27996898488118,0.25689059299135086,0.19797201564467629,0.18568647381677456,False
314,2,-281.5130499817369,-15.63922272689183,0.08587645034562288,0.054415619804248944,0.047747706832982434,False
314,3,-281.70974062300434,-15.835913368159254,0.11007461032537429,0.022934347392516832,0.018844606032528844,False
314,4,-282.24094682125997,-16.367119566414885,0.03369077095610293,0.013875217242442082,0.013554761100053294,False
314,5,-282.6740786579184,-16.800251403073332,0.14701860017536694,0.12563296380921268,0.08858298393956206,False
314,6,-282.006731732051,-16.132904477205898,0.017007199840506797,0.013308118497647535,0.010225231690124082,False
314,7,-280.96807355043586,-15.094246295590779,0.05773022954604533,0.018358217023174018,0.01616538266660301,False
314,8,-280.10348785759663,-14.22966060275155,0.11961791029023432,0.05297478850906542,0.041418250930667165,False
314,9,-265.56471245681064,0.3091147980344431,2.2252591137838227,,,True
315,0,-265.8738272548451,0.0,2.3495349175970333,,,True
315,1,-280.1589471918105,-14.28511993696543,0.20690266700725948,0.12207412462469944,0.1113907345941974,False
315,2,-281.5138147457076,-15.639987490862495,0.08586291270760467,0.05420031672648226,0.04779713607896971,False
315,3,-281.709747097059,-15.835919842213912,0.11018384043109196,0.02278771197863249,0.018713978747183998,False
315,4,-282.24117238124234,-16.367345126397254,0.03367208068652529,0.013884952725589194,0.013564887864749717,False
315,5,-282.6749563487771,-16.80112909393199,0.14639239086644845,0.12470124622613538,0.08900143723095491,False
315,6,-282.0068161317554,-16.132988876910304,0.01698059654708815,0.013358263770802327,0.01027876866118602,False
315,7,-280.9682337463986,-15.094406491553514,0.05760583261554511,0.01839448342183346,0.016236967632591352,False
315,8,-280.10394435139335,-14.23011709654827,0.11728298875170087,0.010650442103005654,0.010620032379216202,False
315,9,-265.56471245681064,0.3091147980344431,2.2252591137838227,,,True
316,0,-265.8738272548451,0.0,2.3495349175970333,,,True
316,1,-280.1625364864689,-14.28870923162384,0.15562995039684036,0.08710555868860159,0.06309947864010543,False
316,2,-281.5149400827907,-15.64111282794562,0.08588186446517419,0.05384941680387425,0.04772439490946999,False
316,3,-281.7097559329452,-15.835928678100117,0.11034855808095663,0.022569257270593814,0.018511342907113634,False
316,4,-282.24152130724303,-16.36769405239795,0.0336476193331695,0.013898692430462833,0.013579055411101843,False
316,5,-282.67630557794973,-16.80247832310465,0.14563895626996928,0.12360760259786263,0.08937386804519043,False
316,6,-282.00694651248216,-16.133119257637077,0.016936025789408265,0.013431891523507414,0.01035441020526442,False
316,7,-280.9684805650048,-15.094653310159742,0.05746785167710999,0.018448660231274852,0.0163294727112058,False
316,8,-280.1041489972644,-14.230321742419335,0.11480346331092799,0.032521473685202945,0.023951201538390723,False
316,9,-265.56471245681064,0.3091147980344431,2.2252591137838227,,,True
317,0,-265.8738272548451,0.0,2.3495349175970333,,,True
317,1,-280.16373707036365,-14.28990981551857,0.23135773695154438,0.10335228323197415,0.08514496957813038,False
317,2,-281.5164162525221,-15.642588997677024,0.08595943140256297,0.0532858886381261,0.04736546047525453,False
317,3,-281.7097669282555,-15.835939673410394,0.1105674273305614,0.022283953662560748,0.018231361212991536,False
317,4,-282.2420020745793,-16.368174819734236,0.03362129311481718,0.013915174388883239,0.013595803726700424,False
317,5,-282.6781497849149,-16.80432253006984,0.14481265538567925,0.1225189046079021,0.08941004638369673,False
317,6,-282.00712580292384,-16.133298548078756,0.016868737429580574,0.013526543065233688,0.010446418859121058,False
317,7,-280.968819264796,-15.094992009950943,0.0573638181215579,0.018520591936631636,0.01642871475399261,False
317,8,-280.10436991405857,-14.230542659213484,0.11323511594969261,0.054521047257222156,0.04091110894978112,False
317,9,-265.56471245681064,0.3091147980344431,2.2252591137838227,,,True
318,0,-265.8738272548451,0.0,2.3495349175970333,,,True
318,1,-280.1644466548737,-14.290619400028618,0.2804139474709867,0.15558515217347701,0.128485401714529,False
318,2,-281.5181706679217,-15.644343413076626,0.08610703321647951,0.052473092305878793,0.046647694805425355,False
318,3,-281.70977946543917,-15.835952210594087,0.11082754541426304,0.021950861478468944,0.017883889501203183,False
318,4,-282.2425983486753,-16.36877109383022,0.03359642862987628,0.013932215361090974,0.013612745843896292,False
318,5,-282.68041467309416,-16.80658741824908,0.1438693292889519,0.12146330067600786,0.08890677495574502,False
318,6,-282.007347589695,-16.13352033484989,0.016778561498381375,0.01363631333832526,0.010546904225650711,False
318,7,-280.96923743917273,-15.095410184327648,0.05731759881639192,0.01860746130364319,0.016524479750027292,False
318,8,-280.10493500950327,-14.231107754658183,0.11287277894351919,0.049171798357491,0.03678288723893762,False
318,9,-265.56471245681064,0.3091147980344431,2.2252591137838227,,,True
319,0,-265.8738272548451,0.0,2.3495349175970333,,,True
319,1,-280.16677034516124,-14.292943090316157,0.29561999113122606,0.17044818212184404,0.13979497927677956,False
319,2,-281.52013436353025,-15.646307108685164,0.08633421858896674,0.05144284141987769,0.045614183945179215,False
319,3,-281.7097926441239,-15.83596538927884,0.11111721708705204,0.02158615110227982,0.017479645053642405,False
319,4,-282.24329425398753,-16.369466999142446,0.03357375089302908,0.013948083035667372,0.013628014842935963,False
319,5,-282.68302485414637,-16.809197599301285,0.14272933320302314,0.12037230060608702,0.08781488017889069,False
319,6,-282.00760562061555,-16.133778365770468,0.016667141176160024,0.013757615461171206,0.01065206211138699,False
319,7,-280.96972265949785,-15.095895404652765,0.057319114361765414,0.01870756107703955,0.016616771009550647,False
319,8,-280.1057095196909,-14.231882264845808,0.11374661150748375,0.022399684782144626,0.016459560599427835,False
319,9,-265.56471245681064,0.3091147980344431,2.2252591137838227,,,True
320,0,-265.8738272548451,0.0,2.3495349175970333,,,True
320,1,-280.17099635863394,-14.29716910378886,0.2758194069695074,0.146886450653733,0.1187320180007662,False
320,2,-281.5222609386178,-15.648433683772737,0.08664800244728624,0.05029348016349526,0.04439972998165745,False
320,3,-281.7098055938536,-15.835978339008534,0.11143002643110471,0.021198746391251296,0.01702489763296211,False
320,4,-282.2440847227238,-16.37025746787873,0.03355179907905626,0.01396181724569417,0.01364058300948397,False
320,5,-282.6859414672221,-16.812114212377026,0.1413242190508209,0.1191477599290224,0.08619977252244912,False
320,6,-282.0078976612266,-16.13407040638151,0.01653590734639695,0.01389044382109488,0.010762811023748585,False
320,7,-280.97026984330967,-15.096442588464583,0.05733735013095607,0.01882171161790525,0.016713810367665734,False
320,8,-280.106395068453,-14.232567813607943,0.11520973979222754,0.016955578291987468,0.015939427730556868,False
320,9,-265.56471245681064,0.3091147980344431,2.2252591137838227,,,True
321,0,-265.8738272548451,0.0,2.3495349175970333,,,True
321,1,-280.1762062907345,-14.30237903588943,0.21717087248342815,0.08290558200100988,0.06319105132912543,False
321,2,-281.5247802667516,-15.650953011906495,0.08708253502483283,0.04905020151528109,0.04308779512922617,False
321,3,-281.7098192290265,-15.835991974181411,0.11180114391409379,0.0207472665019111,0.01646625259603215,False
321,4,-282.2450777437947,-16.371250488949613,0.033524732870618884,0.013974166386328332,0.013650965493091725,False
321,5,-282.6895251446887,-16.81569788984359,0.13933441615945286,0.11743393847084636,0.08397270589579459,False
321,6,-282.0082629767138,-16.134435721868726,0.016368245386187877,0.014054589093137303,0.010897577185418755,False
321,7,-280.97095127904123,-15.097124024196148,0.0573301461753507,0.0189683897901011,0.01684333713318818,False
321,8,-280.10707878264196,-14.233251527796881,0.11660815829998457,0.040306201417111484,0.03352170689563828,False
321,9,-265.56471245681064,0.3091147980344431,2.2252591137838227,,,True
322,0,-265.8738272548451,0.0,2.3495349175970333,,,True
322,1,-280.1802857367451,-14.306458481899995,0.18353846596931145,0.06900724543513675,0.051254176533465645,False
322,2,-281.5277757640881,-15.653948509243037,0.08760901687599605,0.04792251019691601,0.04202483184293457,False
322,3,-281.70983379197304,-15.836006537127957,0.11224308161322151,0.020219977005520397,0.015788199953246745,False
322,4,-282.2463419037098,-16.372514648864694,0.03348530481319913,0.013984674241696991,0.013658560147981096,False
322,5,-282.69394993755066,-16.820122682705573,0.13629817228416133,0.11464763816950913,0.08126109107714201,False
322,6,-282.00872555978634,-16.13489830494126,0.01615544356890825,0.014264711484418479,0.011072661059777776,False
322,7,-280.9718098223017,-15.097982567456597,0.05723970679920944,0.01916193051027618,0.017037200750109484,False
322,8,-280.10816130087244,-14.234334046027357,0.11685559815427964,0.03589354338292519,0.02828752538145125,False
322,9,-265.56471245681064,0.3091147980344431,2.2252591137838227,,,True
323,0,-265.8738272548451,0.0,2.3495349175970333,,,True
323,1,-280.1833832599167,-14.309556005071613,0.21253404594198713,0.12339462803297262,0.10396636410117226,False
323,2,-281.53133075813776,-15.657503503292673,0.08818518724792433,0.047124244191348766,0.04153772418330422,False
323,3,-281.70984910176776,-15.836021846922677,0.11276130024857305,0.019612985388553505,0.01499893600606769,False
323,4,-282.24794657487064,-16.374119320025557,0.03342647655447473,0.013993187763883252,0.01366321418012193,False
323,5,-282.6993366078009,-16.825509352955805,0.13160569191803972,0.11005054826296147,0.07815414077870328,False
323,6,-282.00930874414655,-16.13548148930147,0.015888716865700626,0.014535001834363397,0.011304884299102992,False
323,7,-280.972886278571,-15.099059023725943,0.057052385526082675,0.019414767847543257,0.017319751213903636,False
323,8,-280.10958811822434,-14.235760863379255,0.11555731352521144,0.009487032665104412,0.008158527004286436,False
323,9,-265.56471245681064,0.3091147980344431,2.2252591137838227,,,True
324,0,-265.8738272548451,0.0,2.3495349175970333,,,True
324,1,-280.18837501192274,-14.314547757077662,0.20084472314264565,0.13173941794521296,0.11575650886490327,False
324,2,-281.5354996262181,-15.661672371373015,0.08888148375035523,0.046758937577466506,0.0415710050699353,False
324,3,-281.70986316213276,-15.83603590728768,0.1133449179858322,0.018936492913318184,0.014137094938751494,False
324,4,-282.2499439524545,-16.376116697609405,0.033349114078475316,0.014223240278286293,0.01366514457014686,False
324,5,-282.7056680176297,-16.831840762784623,0.12487223286940057,0.10334692037670838,0.07424827094361118,False
324,6,-282.01002835767383,-16.13620110282875,0.015557926053066752,0.014870385754244164,0.011599148222406127,False
324,7,-280.9742074530086,-15.10038019816352,0.056851134435160204,0.019733359261067958,0.017683663151474023,False
324,8,-280.11105830362715,-14.237231048782064,0.11396674018185451,0.03785056775020133,0.028089725442730532,False
324,9,-265.56471245681064,0.3091147980344431,2.2252591137838227,,,True
325,0,-265.8738272548451,0.0,2.3495349175970333,,,True
325,1,-280.1954340058045,-14.321606750959404,0.1530035356220155,0.0617143112453187,0.047322730004925415,False
325,2,-281.5403865538382,-15.666559298993093,0.08981746488121756,0.046796871142733565,0.0417028567092193,False
325,3,-281.7098758873386,-15.836048632493544,0.11397431509533093,0.01819845353421668,0.013245758259710945,False
325,4,-282.2524197519823,-16.37859249713722,0.03326268458877703,0.01472475550012819,0.013929094157155405,False
325,5,-282.71291042859644,-16.839083173751362,0.11566283455780892,0.09441870604379432,0.06846127912222305,False
325,6,-282.010910757426,-16.137083502580936,0.015143087658680042,0.015272525739437283,0.011953095068787452,False
325,7,-280.9758193716756,-15.101992116830502,0.05716902376205559,0.02012981416619868,0.01810705891516202,False
325,8,-280.11311452982295,-14.239287274977869,0.1137597805972417,0.02391265466647463,0.017600685571458424,False
325,9,-265.56471245681064,0.3091147980344431,2.2252591137838227,,,True
326,0,-265.8738272548451,0.0,2.3495349175970333,,,True
326,1,-280.2017003935679,-14.327873138722794,0.20513211087208347,0.07924305168804782,0.06460999204836701,False
326,2,-281.546234983413,-15.672407728567919,0.09103203035788442,0.04721361394337918,0.04145832174383991,False
326,3,-281.7098922360809,-15.836064981235836,0.11461557146619224,0.017394500118081333,0.012350486340570208,False
326,4,-282.2555430988979,-16.381715844052792,0.03317921589748169,0.015387538119448214,0.014592596466203232,False
326,5,-282.7210577759541,-16.847230521108997,0.10295231417503,0.08261222235283151,0.05921998237280509,False
326,6,-282.01200920431086,-16.138181949465775,0.014608811611134875,0.015746219747264215,0.012365099136057328,False
326,7,-280.97781482271944,-15.103987567874356,0.05761017562710168,0.020635078108308433,0.0185930069845677,False
326,8,-280.1154892018659,-14.241661947020816,0.11470258993564998,0.033656177850491784,0.028460880790128394,False
326,9,-265.56471245681064,0.3091147980344431,2.2252591137838227,,,True
327,0,-265.8738272548451,0.0,2.3495349175970333,,,True
327,1,-280.20944447662185,-14.335617221776772,0.2324393872670965,0.10155510291605369,0.08863240947248689,False
327,2,-281.5532331679984,-15.679405913153346,0.09257913407509456,0.04860259110182051,0.04147148156728361,False
327,3,-281.70991556287817,-15.836088308033084,0.11519100654447816,0.016530727945553398,0.011647115449393668,False
327,4,-282.2594443322863,-16.385617077441225,0.03308707924114388,0.016266789008571637,0.015475019896710258,False
327,5,-282.72974978667503,-16.855922531829947,0.0859540292872069,0.06717158539914238,0.04811530820811704,False
327,6,-282.0133579107005,-16.139530655855424,0.013929208263655622,0.016286206436965992,0.012825503069845633,False
327,7,-280.9802552532484,-15.10642799840332,0.058176672836380255,0.021290706313653138,0.019232733738743533,False
327,8,-280.1185066329398,-14.244679378094702,0.11334425564590672,0.024836162007670814,0.01974215916899059,False
327,9,-265.56471245681064,0.3091147980344431,2.2252591137838227,,,True
328,0,-265.8738272548451,0.0,2.3495349175970333,,,True
328,1,-280.21973702468904,-14.345909769843956,0.17186259855214633,0.04869022469292106,0.040628888532662555,False
328,2,-281.56156065254186,-15.687733397696775,0.09419627574517607,0.05158074702647717,0.04340450150912939,False
328,3,-281.7099589019647,-15.8361316471196,0.11560273621902512,0.015610186399037159,0.011325213544747416,False
328,4,-282.2643143557817,-16.39048710093664,0.03296045205123714,0.01742837264169985,0.016642870937471382,False
328,5,-282.73849560982546,-16.86466835498038,0.06483556651540956,0.04777859693694101,0.03661557707505274,False
328,6,-282.0150052539085,-16.141177999063416,0.013138186312593367,0.016883106669791002,0.013327601714694007,False
328,7,-280.9832305468807,-15.109403292035609,0.0588879088501891,0.0221393901854847,0.02012233946422256,False
328,8,-280.12201997438643,-14.24819271954135,0.11050608474538824,0.039112945741366596,0.02892189967709029,False
328,9,-265.56471245681064,0.3091147980344431,2.2252591137838227,,,True
329,0,-265.8738272548451,0.0,2.3495349175970333,,,True
329,1,-280.2299403043871,-14.356113049542046,0.18710077306690437,0.08986608500675024,0.07549916137142187,False
329,2,-281.5715161464549,-15.6976888916098,0.09585743740164863,0.05562008161434291,0.04701043967130605,False
329,3,-281.7100538657028,-15.836226610857693,0.11573774633847526,0.014621527139488897,0.0109465767387261,False
329,4,-282.2704803083027,-16.396653053457612,0.03281432223271781,0.018928263470874132,0.018152571191925773,False
329,5,-282.74675135189733,-16.87292409705225,0.047457229238778376,0.037929867210511205,0.02926116791571644,False
329,6,-282.01703406477174,-16.143206809926653,0.013266159187887183,0.0175021624589602,0.013846305719443596,False
329,7,-280.986897543409,-15.113070288563904,0.059845014320668105,0.023232840871293146,0.021239296640697253,False
329,8,-280.1265606063009,-14.252733351455845,0.11273144059959585,0.024229443113643008,0.02103400935019991,False
329,9,-265.56471245681064,0.3091147980344431,2.2252591137838227,,,True
330,0,-265.8738272548451,0.0,2.3495349175970333,,,True
330,1,-280.2437103317328,-14.369883076887731,0.15227002334720927,0.06407929820186099,0.05286248218944887,False
330,2,-281.58306930815024,-15.70924205330516,0.09773252155420263,0.05907393764275798,0.047645196131631345,False
330,3,-281.7102451654864,-15.83641791064133,0.11545886562199953,0.013505292693655796,0.010319708760674869,False
330,4,-282.2782188261149,-16.404391571269798,0.03278720680234331,0.020772037112836667,0.020006416561600168,False
330,5,-282.7537742650423,-16.879947010197213,0.039249665779979646,0.033328087036792874,0.029056069782188262,False
330,6,-282.01949044821527,-16.145663193370183,0.013909396872882474,0.018061746723686527,0.014307596325325087,False
330,7,-280.991364216496,-15.117536961650899,0.06113681613672011,0.024657477119860077,0.022640101821512652,False
330,8,-280.13189834720487,-14.258071092359785,0.1115197741700094,0.022387036755488914,0.017777547751111372,False
330,9,-265.56471245681064,0.3091147980344431,2.2252591137838227,,,True
331,0,-265.8738272548451,0.0,2.3495349175970333,,,True
331,1,-280.25922443272475,-14.385397177879668,0.19196203856538496,0.0798705259584141,0.0722951261775978,False
331,2,-281.5959543004732,-15.722127045628099,0.09816662919706795,0.06271134900855901,0.047149748354141444,False
331,3,-281.7106290554965,-15.836801800651415,0.11454101476204503,0.012131396446150494,0.009284424916682984,False
331,4,-282.287800918386,-16.4139736635409,0.03452836410845203,0.02260588837533418,0.021837289598262866,False
331,5,-282.7591769385766,-16.885349683731533,0.04063039374178483,0.04213570960401342,0.03524441880441423,False
331,6,-282.02240159382666,-16.148574338981575,0.016503222000085836,0.019084476368062847,0.014647548465821796,False
331,7,-280.9967126800475,-15.122885425202412,0.06282937863875289,0.026517761921184057,0.024505306938872626,False
331,8,-280.13800150702116,-14.264174252176076,0.11400030556969741,0.05739362658910349,0.04327508920506031,False
331,9,-265.56471245681064,0.3091147980344431,2.2252591137838227,,,True
332,0,-265.8738272548451,0.0,2.3495349175970333,,,True
332,1,-280.2750013944732,-14.401174139628097,0.19243608367074702,0.08391494613338812,0.06955500167698545,False
332,2,-281.6082786668542,-15.734451412009093,0.09483757336621813,0.06440459207075017,0.047427826737102524,False
332,3,-281.71126899373223,-15.83744173888715,0.11292904658551418,0.01077339945679169,0.008290187988232169,False
332,4,-282.2982171776624,-16.42438992281734,0.036177106188674965,0.02360443979038641,0.022800115836256865,False
332,5,-282.7631412314269,-16.889313976581832,0.05967781356517035,0.05865069693959119,0.0483562078319203,False
332,6,-282.02542454363606,-16.15159728879098,0.019209843358128625,0.020693496092993667,0.015409412718623469,False
332,7,-281.00234015189636,-15.12851289705128,0.0648603230836571,0.028631823759163354,0.0266375045273406,False
332,8,-280.1439193923401,-14.270092137494998,0.11141513344491144,0.10540426627370274,0.0814996593195747,False
332,9,-265.56471245681064,0.3091147980344431,2.2252591137838227,,,True
333,0,-265.8738272548451,0.0,2.3495349175970333,,,True
333,1,-280.29138110308656,-14.417553848241482,0.15204010696969625,0.06797027113915911,0.049712126425234586,False
333,2,-281.61970347841077,-15.745876223565688,0.08915895513598499,0.06324456809688984,0.04709501061809696,False
333,3,-281.7122446442738,-15.838417389428741,0.11078257489802636,0.00990903230454561,0.007445036196682164,False
333,4,-282.30937749469535,-16.435550239850272,0.0368756540062676,0.023386343441962942,0.022505440327632895,False
333,5,-282.7669832836568,-16.893156028811745,0.06705459051545351,0.06221778621106688,0.05483008910217619,False
333,6,-282.0285421870841,-16.154714932239017,0.021364955367801555,0.022776191414396015,0.016396376425319444,False
333,7,-281.00821434307716,-15.134387088232074,0.06727148614369345,0.031133051796559227,0.029136471851758747,False
333,8,-280.14943510309496,-14.275607848249876,0.18145882334102964,0.15670970089445493,0.1196725001659362,False
333,9,-265.56471245681064,0.3091147980344431,2.2252591137838227,,,True
334,0,-265.8738272548451,0.0,2.3495349175970333,,,True
334,1,-280.3075712825914,-14.433744027746343,0.1479143018732761,0.08564507829863252,0.06284311876878755,False
334,2,-281.62983573714575,-15.756008482300672,0.08016516938983399,0.06116738103296438,0.04819910255699948,False
334,3,-281.71362650777377,-15.839799252928685,0.10827994728242679,0.009745308985278995,0.008155446261369425,False
334,4,-282.32108684393677,-16.447259589091686,0.038001528601132366,0.022161529229141698,0.02118761627875005,False
334,5,-282.77141991965215,-16.897592664807064,0.06599319817725355,0.057609520474194265,0.053825360223484796,False
334,6,-282.03174362623145,-16.157916371386364,0.024157829872290558,0.02539913012028766,0.01749124037814289,False
334,7,-281.01429609423326,-15.140468839388177,0.07024738380401103,0.03398665837615741,0.032021725139827845,False
334,8,-280.15496596876756,-14.281138713922473,0.18557398394382715,0.20173912594868113,0.15522567360584869,False
334,9,-265.56471245681064,0.3091147980344431,2.2252591137838227,,,True
335,0,-265.8738272548451,0.0,2.3495349175970333,,,True
335,1,-280.3242553117768,-14.450428056931742,0.14387943042123966,0.08894032258879359,0.06834905820219396,False
335,2,-281.6384821102806,-15.764654855435538,0.06957987588352225,0.058518731506787394,0.04797341931984003,False
335,3,-281.71545517107825,-15.841627916233165,0.10546369388269618,0.010248345034492672,0.00755844866208464,False
335,4,-282.33305669973635,-16.459229444891264,0.04047621951941488,0.020625927481550996,0.01989143194344315,False
335,5,-282.77643264403594,-16.902605389190853,0.059231960229283696,0.04868441815699633,0.04639158755157128,False
335,6,-282.0350227026836,-16.16119544783851,0.02785146333407348,0.028480250315307366,0.01865876335426229,False
335,7,-281.020532352431,-15.146705097585937,0.07374419357612838,0.03739885928748873,0.03551185735814388,False
335,8,-280.16063088951137,-14.286803634666285,0.24926629682673293,0.21693825823424973,0.16588801634928332,False
335,9,-265.56471245681064,0.3091147980344431,2.2252591137838227,,,True
336,0,-265.8738272548451,0.0,2.3495349175970333,,,True
336,1,-280.3408271490604,-14.466999894215292,0.1432098743393952,0.08614528528810488,0.06353781467157099,False
336,2,-281.64588963944766,-15.772062384602577,0.059850522370917814,0.05641330815185852,0.04809344349236235,False
336,3,-281.71780966966503,-15.843982414819948,0.10233548626688685,0.010405556034043141,0.008246764929092704,False
336,4,-282.3453074614216,-16.47148020657653,0.043315900269816916,0.01969382033582174,0.019276884786359437,False
336,5,-282.7817491548371,-16.907921899992004,0.051391495827718826,0.039605454816406344,0.03922989456325638,False
336,6,-282.03847499420067,-16.164647739355587,0.03152134676317152,0.03174894809652976,0.019657586549456617,False
336,7,-281.02706668782747,-15.153239432982389,0.07818267938573893,0.04137609540317142,0.0395347329948383,False
336,8,-280.1680491713404,-14.294221916495303,0.2446403209966749,0.236995925257137,0.18076287846143235,False
336,9,-265.56471245681064,0.3091147980344431,2.2252591137838227,,,True
337,0,-265.8738272548451,0.0,2.3495349175970333,,,True
337,1,-280.3572480948244,-14.483420839979317,0.14329549291669616,0.07386734750449872,0.057033819830649535,False
337,2,-281.6522502947074,-15.778423039862332,0.049762012445770006,0.05310287986833309,0.04605283247399858,False
337,3,-281.72070926188854,-15.846882007043462,0.09911080104297602,0.010588346129656393,0.008944363796822091,False
337,4,-282.3576147577163,-16.483787502871223,0.046291103320921595,0.0185488957331363,0.017982507361573266,False
337,5,-282.78692124898714,-16.91309399414206,0.04498754866067029,0.03311965630707958,0.03272293536278241,False
337,6,-282.0421208648324,-16.168293609987302,0.034472724875798916,0.03448483457362585,0.022389476930051513,False
337,7,-281.0339226843793,-15.160095429534238,0.08349658741097868,0.04621686016831491,0.04453773178904238,False
337,8,-280.1749709625751,-14.301143707730034,0.2935855457450618,0.2573382601148081,0.18709481299173802,False
337,9,-265.56471245681064,0.3091147980344431,2.2252591137838227,,,True
338,0,-265.8738272548451,0.0,2.3495349175970333,,,True
338,1,-280.3744127237645,-14.50058546891944,0.13756774970332342,0.056643552173484976,0.03954171071616312,False
338,2,-281.657847071074,-15.78401981622892,0.042636571480616656,0.05216134892200465,0.046138662464828034,False
338,3,-281.72416550973276,-15.850338254887674,0.09594340263893347,0.011245514024400912,0.009396027689829516,False
338,4,-282.3698739157659,-16.496046660920797,0.049143049907691354,0.018079996466767313,0.01743155317823926,False
338,5,-282.79173680032216,-16.917909545477073,0.036683525613741524,0.025935154289855055,0.02381890318420678,False
338,6,-282.045977593545,-16.172150338699907,0.0360492995442249,0.03593241856112048,0.024333635969379194,False
338,7,-281.041206968552,-15.167379713706907,0.09019646561695267,0.0519589010996521,0.05041659364667993,False
338,8,-280.18289080279453,-14.30906354794945,0.29010992773469746,0.28355582732490175,0.21501414560421048,False
338,9,-265.56471245681064,0.3091147980344431,2.2252591137838227,,,True
339,0,-265.8738272548451,0.0,2.3495349175970333,,,True
339,1,-280.3910373720249,-14.517210117179843,0.1417124690119008,0.05396462964462367,0.04380851379704592,False
339,2,-281.6628901483981,-15.789062893553023,0.03866280493273518,0.05107894125797671,0.04598697804874882,False
339,3,-281.72813897459423,-15.854311719749148,0.09288321252936116,0.011416897969246364,0.009835803453457094,False
339,4,-282.3819282284948,-16.508100973649732,0.05161035485100216,0.017785338207354888,0.01699393046802649,False
339,5,-282.79616280117364,-16.922335546328554,0.030030940509072894,0.023909876167618284,0.020977613493537717,False
339,6,-282.04999457117134,-16.176167316326257,0.03596014294455714,0.035722187597493765,0.02498270967026536,False
339,7,-281.0490026028358,-15.175175347990717,0.0982250609686545,0.05870731640919384,0.05736481804458025,False
339,8,-280.1895085832301,-14.31568132838504,0.34257497738259496,0.3102117505935218,0.22588565465563856,False
339,9,-265.56471245681064,0.3091147980344431,2.2252591137838227,,,True
340,0,-265.8738272548451,0.0,2.3495349175970333,,,True
340,1,-280.40799254430374,-14.534165289458656,0.11652931811320312,0.035346263470332526,0.02809340031832037,False
340,2,-281.6675639376591,-15.793736682814028,0.037696939760314095,0.04966948533170457,0.045477217077133765,False
340,3,-281.73260542705896,-15.858778172213874,0.08994664953995828,0.011962426880969036,0.010089964143222115,False
340,4,-282.3937682076053,-16.519940952760237,0.053590793586448596,0.017649406084017275,0.01592793721539599,False
340,5,-282.80031972957784,-16.926492474732754,0.03394588718123578,0.02549017966974153,0.02413118598262391,False
340,6,-282.0541384145924,-16.180311159747305,0.034691298609524385,0.034292691593633705,0.024896109737284813,False
340,7,-281.05747477639704,-15.183647521551961,0.10730162935357529,0.06573835972542523,0.06460060391088127,False
340,8,-280.1976243306018,-14.323797075756715,0.34310403776135173,0.3374678385763813,0.2548375344772834,False
340,9,-265.56471245681064,0.3091147980344431,2.2252591137838227,,,True
341,0,-265.8738272548451,0.0,2.3495349175970333,,,True
341,1,-280.4237970104786,-14.549969755633526,0.12468705721266236,0.045374086994512355,0.03692408385081234,False
341,2,-281.6719298705567,-15.798102615711628,0.03635525669908386,0.04995288554017121,0.046828733998884514,False
341,3,-281.737466546734,-15.863639291888944,0.08727973877832508,0.012532263521817168,0.01021555231415721,False
341,4,-282.4052169657898,-16.531389710944723,0.055113069311840034,0.017250704231730963,0.015038341435476521,False
341,5,-282.80429557626496,-16.93046832141988,0.03816643675818772,0.02782092177919736,0.026278045757927557,False
341,6,-282.05833392541047,-16.184506670565384,0.03331139896257442,0.03273801024696287,0.024958596249571183,False
341,7,-281.0667841073148,-15.192956852469706,0.12078789094303817,0.0766700437638076,0.07575195222528434,False
341,8,-280.20448444680596,-14.330657191960881,0.3786661139644075,0.3492752849633744,0.2549134627164543,False
341,9,-265.56471245681064,0.3091147980344431,2.2252591137838227,,,True
342,0,-265.8738272548451,0.0,2.3495349175970333,,,True
342,1,-280.43969020851955,-14.565862953674468,0.12272964471562138,0.05107901566664947,0.043702199434388155,False
342,2,-281.6760643176308,-15.802237062785707,0.02973802042528573,0.05002984205907286,0.047579801771956705,False
342,3,-281.7426573196301,-15.868830064785016,0.08491511916172331,0.012793243261457544,0.011130645368841303,False
342,4,-282.41622801870756,-16.542400763862474,0.05634442146241047,0.016817339358237267,0.015000434726864072,False
342,5,-282.8081830471549,-16.934355792309816,0.04122385109716462,0.02850068610295069,0.02650692711281536,False
342,6,-282.0625902157557,-16.188762960910594,0.0326720504797206,0.032023278022892086,0.025908915011625615,False
342,7,-281.07749626416046,-15.203669009315377,0.14100108657438815,0.09303423119542693,0.09178903433855017,False
342,8,-280.2147773636343,-14.34095010878923,0.32255476480017786,0.31641916087877114,0.2391852663469126,False
342,9,-265.56471245681064,0.3091147980344431,2.2252591137838227,,,True
343,0,-265.8738272548451,0.0,2.3495349175970333,,,True
343,1,-280.4555224946157,-14.581695239770625,0.13028375228537997,0.04767904635923241,0.04505673381095549,False
343,2,-281.68002059576463,-15.806193340919549,0.02726538549671133,0.04981872663866296,0.04783744140201612,False
343,3,-281.7481070439121,-15.874279789067032,0.08290870520368974,0.013242982968816574,0.0112574464653624,False
343,4,-282.4268057183323,-16.552978463487193,0.05749714693402658,0.016564884225651673,0.015096018800724698,False
343,5,-282.81200058351817,-16.938173328673088,0.04317958296533721,0.029242211714849854,0.02696187127033132,False
343,6,-282.0669600288743,-16.19313277402921,0.0331872410469058,0.032656956445833475,0.02789059077428317,False
343,7,-281.09073821372203,-15.216910958876952,0.1714593082994584,0.11782416211794917,0.11637448255832974,False
343,8,-280.22584402890226,-14.352016774057176,0.22954488395741723,0.1929854623479034,0.13942933587485073,False
343,9,-265.56471245681064,0.3091147980344431,2.2252591137838227,,,True
344,0,-265.8738272548451,0.0,2.3495349175970333,,,True
344,1,-280.4720760703515,-14.598248815506395,0.1378121349990891,0.0540373092923156,0.0530014648535675,False
344,2,-281.6837451029812,-15.809917848136138,0.026719261695546274,0.04959384120711978,0.047873502057936945,False
344,3,-281.7536865134145,-15.879859258569411,0.08197443859283342,0.013548512495130054,0.011648478296685883,False
344,4,-282.4368274317204,-16.563000176875335,0.058703048358559204,0.016619271559816406,0.015416032594812855,False
344,5,-282.8157058805009,-16.941878625655818,0.044527431570407346,0.030497206491745324,0.026773203670605723,False
344,6,-282.0714595502376,-16.19763229539251,0.03472095777674242,0.0344839058216428,0.0304138402272404,False
344,7,-281.1079527938884,-15.234125539043305,0.2073757271689779,0.14560418860996258,0.14441093480910472,False
344,8,-280.2364335571559,-14.362606302310837,0.08713307659863602,0.0517039705743169,0.03890884627933781,False
344,9,-265.56471245681064,0.3091147980344431,2.2252591137838227,,,True
345,0,-265.8738272548451,0.0,2.3495349175970333,,,True
345,1,-280.4888720075785,-14.61504475273341,0.14571087701089866,0.05819399280898959,0.05584977023114645,False
345,2,-281.6871630179706,-15.813335763125508,0.026444355048941024,0.04836936867051476,0.046501906241004407,False
345,3,-281.75919801344276,-15.885370758597674,0.08132856835086977,0.013731806479243536,0.012409275568915917,False
345,4,-282.44611057078043,-16.57228331593535,0.060013110954237885,0.016991889463201362,0.01597206410911588,False
345,5,-282.81923162571286,-16.945404370867777,0.045696093807081443,0.031114192029153165,0.025942059722711294,False
345,6,-282.0760357768394,-16.202208521994294,0.03639816071394132,0.036518516336202955,0.032708009855692485,False
345,7,-281.1302972329638,-15.25646997811873,0.24332289372952465,0.17126542507285544,0.17001772551614508,False
345,8,-280.2446807057072,-14.370853450862114,0.14502014408030175,0.13211761884253567,0.10167128911434063,False
345,9,-265.56471245681064,0.3091147980344431,2.2252591137838227,,,True
346,0,-265.8738272548451,0.0,2.3495349175970333,,,True
346,1,-280.50600365889136,-14.632176404046277,0.15591885495953725,0.06088154260693114,0.056203567787591245,False
346,2,-281.69023165901746,-15.816404404172374,0.024964419450944672,0.046728348612529724,0.04444830225767389,False
346,3,-281.7644888786578,-15.890661623812719,0.08107877589493719,0.013903286540234365,0.01257346136112206,False
346,4,-282.4546614795767,-16.580834224731632,0.06142864434750531,0.01760511530239629,0.01670972385242684,False
346,5,-282.8225357842608,-16.94870852941574,0.04683546633221183,0.031072043607817096,0.024605049128217364,False
346,6,-282.08062246139013,-16.206795206545053,0.037427274747314346,0.03787463260223124,0.03415592411508585,False
346,7,-281.1578603774855,-15.284033122640437,0.27417970975470396,0.19066575447717324,0.18627127239732164,False
346,8,-280.2535964613635,-14.379769206518404,0.19014735848855718,0.15399408544560644,0.11194511287488794,False
346,9,-265.56471245681064,0.3091147980344431,2.2252591137838227,,,True
347,0,-265.8738272548451,0.0,2.3495349175970333,,,True
347,1,-280.5237495870736,-14.649922332228527,0.16570744347864336,0.06524792779851267,0.05696975621514988,False
347,2,-281.692932448246,-15.819105193400901,0.025295361659872086,0.0447138891956304,0.04172321665528402,False
347,3,-281.76951842929856,-15.895691174453475,0.08095413703031545,0.013992997401620145,0.012723451964752686,False
347,4,-282.4626095530952,-16.588782298250123,0.06291923672877778,0.018377213740702354,0.01756564661850968,False
347,5,-282.82566430272664,-16.951837047881554,0.04792762684307852,0.030376842769541838,0.022890769476388222,False
347,6,-282.08518929399054,-16.211362039145456,0.03751911685147528,0.03825387316041601,0.034422739874359926,False
347,7,-281.19197656879675,-15.318149313951665,0.31377040145373436,0.21553393822391947,0.20421904256667506,False
347,8,-280.2642542942734,-14.390427039428346,0.1071548601488901,0.06062624687096058,0.041875683533390815,False
347,9,-265.56471245681064,0.3091147980344431,2.2252591137838227,,,True
348,0,-265.8738272548451,0.0,2.3495349175970333,,,True
348,1,-280.5417835558777,-14.667956301032632,0.17010423803443103,0.06869203443972058,0.05638268465922726,False
348,2,-281.6952464933394,-15.821419238494343,0.026788950319158854,0.042391591751591955,0.03840837903286546,False
348,3,-281.7741705346532,-15.900343279808112,0.0810201157331499,0.014038652466296002,0.013157337865374338,False
348,4,-282.46991717814797,-16.596089923302884,0.0643994856763743,0.019203910817277743,0.01844698712267158,False
348,5,-282.8286249285302,-16.954797673685107,0.048843965455541684,0.02914849425106781,0.021048219776330687,False
348,6,-282.08960638898475,-16.215779134139666,0.03669151277540952,0.03771898261879496,0.0338040074355783,False
348,7,-281.23847378553296,-15.364646530687878,0.38038465699470386,0.2584602035259731,0.2384967262714279,False
348,8,-280.27352524956865,-14.399697994723567,0.14667648573085576,0.1339648861807263,0.10224099897811094,False
348,9,-265.56471245681064,0.3091147980344431,2.2252591137838227,,,True
349,0,-265.8738272548451,0.0,2.3495349175970333,,,True
349,1,-280.5591429998926,-14.68531574504749,0.1668838033993817,0.06670865252257811,0.058746914961803176,False
349,2,-281.6972135823977,-15.823386327552612,0.027938495665860454,0.040357972478799915,0.03535316234217972,False
349,3,-281.7783521830896,-15.904524928244541,0.08131832035476673,0.014044285131313396,0.013411218879305584,False
349,4,-282.4765455543758,-16.602718299530693,0.06577756727692759,0.0199886852596379,0.01926587756132354,False
349,5,-282.83140874017283,-16.95758148532775,0.0494862953503189,0.027606928689279813,0.022464120294832843,False
349,6,-282.09373513750154,-16.219907882656457,0.03518992753886355,0.03657831735853535,0.0328417947273274,False
349,7,-281.30218053152635,-15.428353276681264,0.40034788430085916,0.2673986614697275,0.21905130742788187,False
349,8,-280.2848597346208,-14.411032479775713,0.13883309183247794,0.08737773572514396,0.05897622879024298,False
349,9,-265.56471245681064,0.3091147980344431,2.2252591137838227,,,True
350,0,-265.8738272548451,0.0,2.3495349175970333,,,True
350,1,-280.57527957786647,-14.701452323021385,0.1574307661186867,0.06076654275450204,0.059164440507644515,False
350,2,-281.6988867447243,-15.825059489879209,0.028941045354527285,0.038750931446389886,0.03298508682676498,False
350,3,-281.7820552928458,-15.908228038000743,0.08172463458053932,0.014031092581141696,0.013357076532603289,False
350,4,-282.48253950153673,-16.608712246691653,0.06699983132905597,0.020671921659469766,0.01996998916113321,False
350,5,-282.83405547543373,-16.960228220588647,0.049842779424021176,0.02590059408637239,0.024406233161968206,False
350,6,-282.0975210941506,-16.223693839305497,0.0334913523460025,0.035332167561731874,0.03182697873548983,False
350,7,-281.36185869684346,-15.488031441998373,0.28848954306639396,0.2659971196390659,0.2559760091225802,False
350,8,-280.2956454884845,-14.421818233639442,0.15795787085566534,0.10659065191009191,0.07864128562746128,False
350,9,-265.56471245681064,0.3091147980344431,2.2252591137838227,,,True
351,0,-265.8738272548451,0.0,2.3495349175970333,,,True
351,1,-280.59066038036394,-14.71683312551886,0.1435073848460987,0.05634374251136479,0.05369331041949258,False
351,2,-281.700456222753,-15.826628967907936,0.029953206908083972,0.03851988129799082,0.03105369317757544,False
351,3,-281.7855105017786,-15.911683246933535,0.08219039870537749,0.01475191980078093,0.013730081519861345,False
351,4,-282.4883126004164,-16.614485345571325,0.06809937720963925,0.021253692322035125,0.020565736863062234,False
351,5,-282.8367715886503,-16.96294433380524,0.04995966432619778,0.027290830505802426,0.026313387243647995,False
351,6,-282.10116669339357,-16.227339438548483,0.03172242760772835,0.03407329058207564,0.030708853328967122,False
351,7,-281.37169208273497,-15.497864827889885,0.6426465319713787,0.5938964014282877,0.5142674520461025,False
351,8,-280.309236988717,-14.435409733871893,0.18023945965281,0.12215023449413161,0.08187726628908933,False
351,9,-265.56471245681064,0.3091147980344431,2.2252591137838227,,,True
352,0,-265.8738272548451,0.0,2.3495349175970333,,,True
352,1,-280.60571451081,-14.73188725596492,0.12966164746302816,0.04765365206330025,0.0435913161313087,False
352,2,-281.7020191398741,-15.828191885029014,0.03259058244528053,0.04034438986109688,0.030045409434079646,False
352,3,-281.7889357084732,-15.915108453628136,0.0827748692117747,0.015553022752839221,0.014304729566675702,False
352,4,-282.49425599868874,-16.62042874384366,0.06909052918462413,0.021730049292127802,0.02105362146885775,False
352,5,-282.8397511516007,-16.965923896755612,0.049890424863485244,0.02922400938657185,0.028261704108466703,False
352,6,-282.10486462018616,-16.23103736534108,0.02953900501383977,0.03236586684788191,0.029216100453447368,False
352,7,-281.3742361768898,-15.500408922044699,0.750841264994275,0.6729378207255975,0.5974070217443683,False
352,8,-280.3251347104392,-14.451307455594133,0.2059110219965895,0.14385292292138946,0.09783744869143211,False
352,9,-265.56471245681064,0.3091147980344431,2.2252591137838227,,,True
353,0,-265.8738272548451,0.0,2.3495349175970333,,,True
353,1,-280.6191257698098,-14.745298514964702,0.11851856886859297,0.037362878349879995,0.03105225274335042,False
353,2,-281.70351071044416,-15.829683455599081,0.03584152183700795,0.04224625486619931,0.031882633827368834,False
353,3,-281.7921037349423,-15.918276480097234,0.08347861752925508,0.016388635930238638,0.014899972007256108,False
353,4,-282.5000068659689,-16.626179611123803,0.06984916575006515,0.02202201683484609,0.021359297483126743,False
353,5,-282.84284212453804,-16.969014869692955,0.0496522424976827,0.030786720475655505,0.029815066835129637,False
353,6,-282.1083572820115,-16.234530027166443,0.02863445055646458,0.03029707663642835,0.02738831097785269,False
353,7,-281.3938130955629,-15.519985840717823,0.34524407415776504,0.34190522217045544,0.2590837138856069,False
353,8,-280.3449616184617,-14.471134363616613,0.23132631110599447,0.16362630952416737,0.11224229428855607,False
353,9,-265.56471245681064,0.3091147980344431,2.2252591137838227,,,True
354,0,-265.8738272548451,0.0,2.3495349175970333,,,True
354,1,-280.6314264680011,-14.757599213156027,0.1076590683968669,0.03387046761844195,0.03219936888385642,False
354,2,-281.705060218997,-15.831232964151923,0.03922262393115732,0.044422367993036074,0.03405013137824987,False
354,3,-281.7951566141416,-15.921329359296521,0.08432470047732808,0.01731903346631836,0.015561433218763047,False
354,4,-282.5058700496726,-16.6320427948275,0.07034063201220389,0.02208122279662236,0.02144299966405475,False
354,5,-282.84625201161765,-16.97242475677257,0.0492152077922806,0.031657702895917794,0.030646971228557265,False
354,6,-282.1118213525614,-16.237994097716296,0.029754734212991435,0.0281701889127101,0.02531823514429099,False
354,7,-281.38269682630335,-15.508869571458263,0.5893859860320826,0.5797392292912963,0.43443411413514493,False
354,8,-280.3694398907239,-14.495612635878842,0.25366628907293093,0.17889789219464494,0.12256419313477522,False
354,9,-265.56471245681064,0.3091147980344431,2.2252591137838227,,,True
355,0,-265.8738272548451,0.0,2.3495349175970333,,,True
355,1,-280.6347506912145,-14.76092343636941,0.11905724136801579,0.03378019404795603,0.03285753158622345,False
355,2,-281.705933515611,-15.832106260765897,0.038805208897610924,0.04507509786644672,0.0352779648283771,False
355,3,-281.79544467052506,-15.921617415679975,0.08468669512919128,0.017743730808026235,0.01588558803413329,False
355,4,-282.5072866654234,-16.633459410578325,0.07009986215193872,0.021673283815908658,0.021087573007229687,False
355,5,-282.8476393381842,-16.973812083339112,0.04859744118270283,0.031091085135244993,0.030112399400793834,False
355,6,-282.1126774498349,-16.238850194989823,0.028415555758892198,0.031525679559119404,0.025324410386579906,False
355,7,-281.39133020742145,-15.517502952576365,1.178925989903103,1.1125555065075705,1.0693556850259438,False
355,8,-280.38229268541954,-14.50846543057446,0.2699021453189953,0.23658153718245423,0.17481836748285443,False
355,9,-265.56471245681064,0.3091147980344431,2.2252591137838227,,,True
356,0,-265.8738272548451,0.0,2.3495349175970333,,,True
356,1,-280.63572867659286,-14.76190142174778,0.11614075776791205,0.03283720165329159,0.0316777737384783,False
356,2,-281.7062230003286,-15.832395745483495,0.039311443761908954,0.04540875830390543,0.03499303818841364,False
356,3,-281.79553405227824,-15.92170679743316,0.08490932919928473,0.017837428000211486,0.015941710907283607,False
356,4,-282.5077498834969,-16.633922628651817,0.07009007937355786,0.021616658168829316,0.021017861708132433,False
356,5,-282.8480964172558,-16.974269162410735,0.04834109051623192,0.03100954414239018,0.029992629757809152,False
356,6,-282.11295443507356,-16.23912718022848,0.0278428299715332,0.028535604731859916,0.0252627758258284,False
356,7,-281.46525435320854,-15.591427098363454,0.2387164850172094,0.24321978940166214,0.1888424847983342,False
356,8,-280.38987357549524,-14.516046320650162,0.27219073682632516,0.19146087219980848,0.12622138936321414,False
356,9,-265.56471245681064,0.3091147980344431,2.2252591137838227,,,True
357,0,-265.8738272548451,0.0,2.3495349175970333,,,True
357,1,-280.6359501399211,-14.762122885075996,0.11602875871525406,0.032540607749181154,0.031338722031096014,False
357,2,-281.7062941466206,-15.832466891775539,0.03934774180512048,0.045488382674766396,0.035080170696130925,False
357,3,-281.795555926905,-15.921728672059942,0.08494131511658733,0.017868815452339787,0.01596527051459994,False
357,4,-282.50786546592894,-16.634038211083862,0.07008341003576327,0.021597699344225178,0.02099758972155102,False
357,5,-282.8482108256235,-16.9743835707784,0.04828172142386123,0.030984808026657287,0.029962300552539213,False
357,6,-282.11302539187125,-16.239198137026165,0.027617877349123524,0.028622679147223235,0.025229144948172286,False
357,7,-281.467360706008,-15.593533451162898,0.2211482823535771,0.2268002071996991,0.18339309323323874,False
357,8,-280.3914268091837,-14.51759955433863,0.27270327679968265,0.19172287358178491,0.12641954944605568,False
357,9,-265.56471245681064,0.3091147980344431,2.2252591137838227,,,True
358,0,-265.8738272548451,0.0,2.3495349175970333,,,True
358,1,-280.6363885887788,-14.762561333933718,0.11585793032594932,0.03195247128315932,0.030662357423215884,False
358,2,-281.7064363843553,-15.832609129510217,0.03942068363053067,0.04564768972111613,0.03525164096285406,False
358,3,-281.79559963513714,-15.921772380292055,0.08500746368037537,0.017931716502816913,0.016012613619871253,False
358,4,-282.5080971434975,-16.634269888652398,0.07006924802947032,0.02155903581414575,0.02095650120254472,False
358,5,-282.8484402894411,-16.97461303459602,0.04816303081747322,0.03093328795611206,0.029899830384403567,False
358,6,-282.11316752126595,-16.239340266420868,0.027236807278902007,0.028767419636730896,0.025164038941549716,False
358,7,-281.4710972016724,-15.597269946827339,0.1918732941475583,0.19949654999082536,0.17291329036176015,False
358,8,-280.3943046068756,-14.520477352030525,0.27350450974983226,0.1920153671749473,0.12658542435066183,False
358,9,-265.56471245681064,0.3091147980344431,2.2252591137838227,,,True
359,0,-265.8738272548451,0.0,2.3495349175970333,,,True
359,1,-280.63703749858234,-14.763210243737262,0.11573393317918053,0.031079259539391856,0.02965271360291318,False
359,2,-281.70665028027713,-15.832823025432049,0.03953064833874821,0.0458872176638641,0.035502220533908155,False
359,3,-281.7956651465055,-15.921837891660402,0.08511188767791597,0.018026530720759732,0.016084296053098655,False
359,4,-282.50844631634106,-16.634619061495982,0.07004593071803611,0.021499109056324333,0.02089345666559259,False
359,5,-282.8487864993726,-16.974959244527497,0.04798492765039825,0.03085097667769641,0.029801729342901886,False
359,6,-282.1133815529602,-16.239554298115138,0.026822930841008705,0.028907922690589855,0.02507081657968525,False
359,7,-281.4757704142045,-15.601943159359394,0.1616905897550622,0.17138436426648945,0.15825321917979668,False
359,8,-280.398365457376,-14.524538202530891,0.2741129125073118,0.19179764370547664,0.12619425241640372,False
359,9,-265.56471245681064,0.3091147980344431,2.2252591137838227,,,True
360,0,-265.8738272548451,0.0,2.3495349175970333,,,True
360,1,-280.637887803658,-14.764060548812893,0.1157983790207706,0.029929566250656583,0.02832327218481346,False
360,2,-281.7069365455403,-15.833109290695234,0.03967677001692095,0.04620789908637859,0.035824426195622684,False
360,3,-281.79575216334564,-15.921924908500557,0.08525897326992485,0.01815366541702092,0.01618094807035675,False
360,4,-282.5089138836987,-16.635086628853628,0.07001114908540472,0.021415876425520414,0.020807040454721107,False
360,5,-282.8492508452932,-16.975423590448145,0.04774779966564826,0.030732658120583557,0.029663628691258406,False
360,6,-282.11366796950585,-16.239840714660772,0.026513234488736895,0.028962942720105297,0.024952205344837074,False
360,7,-281.48081310654015,-15.606985851695072,0.14055884814579964,0.15135199164362334,0.14062795764361952,False
360,8,-280.40378355085045,-14.529956296005366,0.2737136914214048,0.19015299879546368,0.12437363140244953,False
360,9,-265.56471245681064,0.3091147980344431,2.2252591137838227,,,True
361,0,-265.8738272548451,0.0,2.3495349175970333,,,True
361,1,-280.63892691404374,-14.765099659198654,0.11619167514976331,0.028516454348959795,0.026703325643728695,False
361,2,-281.7072952684059,-15.833468013560832,0.039855724370810565,0.04661186361400911,0.036210455945992495,False
361,3,-281.7958599458866,-15.922032691041522,0.08545121623965149,0.018313431021314604,0.016303077390847742,False
361,4,-282.50949932910316,-16.635672074258082,0.0699622537059257,0.021307202357371685,0.020695869826790645,False
361,5,-282.8498335337226,-16.97600627887749,0.047452771554794757,0.030573001184115843,0.029481281984131434,False
361,6,-282.11402651334726,-16.240199258502173,0.026400166661269892,0.02886967519019624,0.024807871256519422,False
361,7,-281.4859294838696,-15.612102229024515,0.1293388787766361,0.13849366040027025,0.1213727951036623,False
361,8,-280.4107782577697,-14.536951002924638,0.2710740038405843,0.18584220445984084,0.120479243377179,False
361,9,-265.56471245681064,0.3091147980344431,2.2252591137838227,,,True
362,0,-265.8738272548451,0.0,2.3495349175970333,,,True
362,1,-280.64014209992973,-14.76631484508465,0.11701172859897797,0.0268571856379501,0.024835533395605455,False
362,2,-281.70772681333244,-15.83389955848736,0.040061944553520246,0.047105108960776784,0.03665669443575833,False
362,3,-281.79598769044026,-15.922160435595174,0.08568851887411325,0.018506725028875817,0.016451465977675994,False
362,4,-282.51020282052673,-16.636375565681647,0.06989634218589758,0.021170728838258053,0.020558344012487524,False
362,5,-282.85053571330025,-16.976708458455164,0.04710042391617328,0.030367268545234284,0.029251030824291105,False
362,6,-282.11445752820543,-16.240630273360352,0.02648904057634761,0.028621743252591602,0.02463259912935177,False
362,7,-281.4909249488635,-15.617097694018412,0.12591266798932416,0.12572341738182707,0.10169162948221351,False
362,8,-280.4191923621555,-14.545365107310431,0.26447121129390294,0.17740672370849764,0.11541699234108427,False
362,9,-265.56471245681064,0.3091147980344431,2.2252591137838227,,,True
363,0,-265.8738272548451,0.0,2.3495349175970333,,,True
363,1,-280.6415242393036,-14.767696984458496,0.1182778260088013,0.024978402559112725,0.022773557051482384,False
363,2,-281.7082331461171,-15.834405891272013,0.040288801047376185,0.0476992891038658,0.03716768432981565,False
363,3,-281.79613481357694,-15.922307558731859,0.08596866036286588,0.018735558812959713,0.016627483163381095,False
363,4,-282.51102697003705,-16.63719971519197,0.06981020156028915,0.021003676759192687,0.020392344064593892,False
363,5,-282.85136130817284,-16.97753405332776,0.04668974735647681,0.030112238098321826,0.028970520413348046,False
363,6,-282.1149631257423,-16.24113587089721,0.026689172753511656,0.028277845191860707,0.024416725062412336,False
363,7,-281.4955160759996,-15.621688821154521,0.13755426234576112,0.11342686897394821,0.0826848675405373,False
363,8,-280.42859793575025,-14.554770680905165,0.251742783106026,0.16328654664758113,0.1070235526755708,False
363,9,-265.56471245681064,0.3091147980344431,2.2252591137838227,,,True
364,0,-265.8738272548451,0.0,2.3495349175970333,,,True
364,1,-280.64323813629073,-14.769410881445651,0.12008264001204605,0.022704382115319336,0.02034608726750865,False
364,2,-281.70888323991505,-15.835055985069971,0.040557094734975076,0.04849143280615948,0.03782334843744728,False
364,3,-281.79631910010903,-15.922491845263949,0.08632401421981334,0.01903271324094006,0.01685582459406356,False
364,4,-282.51208176141597,-16.63825450657089,0.0696873043398998,0.020780100960662087,0.02017288627801493,False
364,5,-282.8524229352177,-16.97859568037262,0.04616596038598718,0.0297727410179101,0.02860222071980372,False
364,6,-282.1156118552892,-16.241784600444134,0.02686036855679034,0.027897115151075045,0.024118887861935535,False
364,7,-281.49986070569673,-15.62603345085165,0.17233216060372372,0.11185649762223797,0.08305879360540014,False
364,8,-280.43973248910663,-14.56590523426155,0.22777473306286347,0.1395307494081179,0.09231292759105564,False
364,9,-265.56471245681064,0.3091147980344431,2.2252591137838227,,,True
365,0,-265.8738272548451,0.0,2.3495349175970333,,,True
365,1,-280.645341989444,-14.771514734598895,0.12221202820825204,0.020822119390295296,0.018150724669758853,False
365,2,-281.7097124545828,-15.835885199737731,0.04087373679458396,0.04954886353360741,0.03868537420128294,False
365,3,-281.79654655548086,-15.922719300635777,0.0867672098802067,0.01941647996410393,0.017149454639127506,False
365,4,-282.5134194245518,-16.639592169706702,0.06951243097496732,0.02048266444815132,0.019883617801185034,False
365,5,-282.85377761518896,-16.979950360343878,0.04550238342864313,0.029335304714065633,0.028131620945149437,False
365,6,-282.11643786843956,-16.24261061359448,0.02680029113242925,0.027589667342828566,0.023712845036266427,False
365,7,-281.5040540199443,-15.630226765099223,0.21744006422039047,0.12667063372504395,0.08351635492749022,False
365,8,-280.45214513253313,-14.57831787768805,0.18723489852152747,0.10511776142732242,0.08047668342973077,False
365,9,-265.56471245681064,0.3091147980344431,2.2252591137838227,,,True
366,0,-265.8738272548451,0.0,2.3495349175970333,,,True
366,1,-280.64790233523297,-14.774075080387888,0.12414068702684468,0.021723120898830595,0.018420404297021537,False
366,2,-281.7107631518189,-15.836935896973841,0.0412586121752273,0.05094894597175091,0.039842886960675276,False
366,3,-281.7968226989785,-15.922995444133392,0.0873199020171776,0.01990883317008435,0.01752387161858633,False
366,4,-282.51509981756067,-16.641272562715585,0.06926261625461605,0.020087809353638793,0.019501918140289978,False
366,5,-282.8554933079973,-16.981666053152196,0.04466793540851361,0.0288003907911145,0.02755740837266437,False
366,6,-282.1174815840948,-16.243654329249694,0.02644905506146971,0.027397711847333837,0.023185798740383578,False
366,7,-281.50905243802157,-15.635225183176487,0.24796759272554034,0.14043648796896743,0.1060698840349276,False
366,8,-280.46411011377614,-14.590282858931062,0.13390771226518847,0.10168127980914059,0.09803769053484712,False
366,9,-265.56471245681064,0.3091147980344431,2.2252591137838227,,,True
367,0,-265.8738272548451,0.0,2.3495349175970333,,,True
367,1,-280.6509923344779,-14.777165079632823,0.12510821581450915,0.022782107308994107,0.0189889821917635,False
367,2,-281.7120840301351,-15.838256775290006,0.041744374286464894,0.05276678763650921,0.04139942458784945,False
367,3,-281.7971511725144,-15.923323917669336,0.08801697497072992,0.020534707849897454,0.017997601931508803,False
367,4,-282.5171855396985,-16.643358284853434,0.06890222975104336,0.01956237066263223,0.018995926608494182,False
367,5,-282.8576458597547,-16.98381860490963,0.04363063049245274,0.02820021395459267,0.026910806294798355,False
367,6,-282.118787190253,-16.244959935407906,0.026086888990849433,0.027172627613744414,0.022554314890615917,False
367,7,-281.5158167813703,-15.641989526525208,0.2477034461784398,0.13689355954130925,0.09858621306235546,False
367,8,-280.4740408860878,-14.600213631242696,0.11007762249868588,0.1221027846393535,0.11537610951150044,False
367,9,-265.56471245681064,0.3091147980344431,2.2252591137838227,,,True
368,0,-265.8738272548451,0.0,2.3495349175970333,,,True
368,1,-280.6546806646166,-14.78085340977151,0.12448295161728179,0.024155702518021266,0.019412665474269047,False
368,2,-281.7137261198419,-15.839898864996826,0.04286211666475683,0.055070430198693836,0.043438022049831215,False
368,3,-281.7975316858161,-15.923704430971043,0.08889564186754097,0.021320769287306043,0.018592572198366453,False
368,4,-282.5197304012968,-16.6459031464517,0.06837853091521905,0.018860877708184443,0.018322737405396847,False
368,5,-282.8603096748973,-16.986482420052198,0.04236444971453185,0.027623107410367116,0.026284087425413643,False
368,6,-282.1203957371625,-16.2465684823174,0.02613729608784365,0.026644987319447682,0.02185842923902606,False
368,7,-281.5240703033992,-15.650243048554103,0.21938840267620208,0.1187361807972345,0.08826355693074353,False
368,8,-280.483653842997,-14.609826588151918,0.13420876961133602,0.16877649955916757,0.15128217524937648,False
368,9,-265.56471245681064,0.3091147980344431,2.2252591137838227,,,True
369,0,-265.8738272548451,0.0,2.3495349175970333,,,True
369,1,-280.6590534426425,-14.785226187797434,0.12213500809146552,0.026143440151360824,0.02019231881488118,False
369,2,-281.71575606254476,-15.841928807699674,0.04538687715845009,0.05793887432899259,0.04602671575850848,False
369,3,-281.7979612713491,-15.924134016504013,0.08998342356829825,0.022304131827188683,0.01934088380698696,False
369,4,-282.522793369669,-16.648966114823907,0.06761511348281897,0.01791811469108691,0.017422202110093987,False
369,5,-282.86357740419544,-16.989750149350357,0.04084135851455066,0.027242128015002115,0.025866067540878366,False
369,6,-282.12235482920096,-16.248527574355876,0.02658846546130784,0.02583397473948825,0.0211266560584037,False
369,7,-281.53294500799063,-15.659117753145551,0.18183589005465794,0.09922820560740062,0.06878118649530242,False
369,8,-280.4970648891964,-14.623237634351312,0.11515497676435,0.1466037488330288,0.1300567453361622,False
369,9,-265.56471245681064,0.3091147980344431,2.2252591137838227,,,True
370,0,-265.8738272548451,0.0,2.3495349175970333,,,True
370,1,-280.6642608899898,-14.790433635144723,0.11853781033289533,0.029066538149203756,0.021917097953441614,False
370,2,-281.7182869365556,-15.844459681710532,0.04845773478836646,0.06142762182644338,0.04925782049315935,False
370,3,-281.7984350475924,-15.924607792747338,0.09130647472938147,0.023544654217172688,0.02029221246474371,False
370,4,-282.52646053940407,-16.652633284558988,0.06650521789371928,0.016641994362453665,0.016209957898798907,False
370,5,-282.86759478148053,-16.99376752663545,0.0390129999771739,0.027343139189840354,0.02597480784229924,False
370,6,-282.1247352103097,-16.25090795546464,0.02682111903013334,0.025180573577242453,0.020359064834669288,False
370,7,-281.5417811941011,-15.667953939255995,0.16012066343700368,0.08890941290915902,0.08235588066047472,False
370,8,-280.51569288406836,-14.641865629223275,0.10934103755226286,0.10910650163417013,0.0731062845154381,False
370,9,-265.56471245681064,0.3091147980344431,2.2252591137838227,,,True
371,0,-265.8738272548451,0.0,2.3495349175970333,,,True
371,1,-280.67057252790346,-14.796745273058377,0.1144798266285613,0.03331183826024463,0.02474158213014117,False
371,2,-281.7215303915883,-15.847703136743235,0.05200717028300439,0.0654708579409868,0.05326376280525149,False
371,3,-281.79894484832215,-15.925117593477069,0.09293386262603387,0.02513982296151298,0.021520574254001345,False
371,4,-282.53087355090423,-16.65704629605915,0.06490942318524953,0.014910733657190159,0.014571676285673473,False
371,5,-282.87261651796723,-16.99878926312215,0.03677663860097236,0.02832667085024602,0.02704745321304537,False
371,6,-282.12765418814377,-16.253826933298683,0.026587524473907397,0.02488932481118368,0.019541848099639613,False
371,7,-281.5498770373948,-15.67604978254974,0.16999753109607657,0.10653249491999837,0.08806306078460695,False
371,8,-280.53575153143277,-14.661924276587683,0.11626541445215073,0.09156860468598949,0.08900211634647179,False
371,9,-265.56471245681064,0.3091147980344431,2.2252591137838227,,,True
372,0,-265.8738272548451,0.0,2.3495349175970333,,,True
372,1,-280.67791805247805,-14.804090797632966,0.11043236151135766,0.03904838971322802,0.027996397348330714,False
372,2,-281.72555268996945,-15.851725435124365,0.05560487308540999,0.0695658925139893,0.057721899926998714,False
372,3,-281.79944622088726,-15.92561896604218,0.09486799700479917,0.027091143357603868,0.0230151144337568,False
372,4,-282.53589153856,-16.662064283714926,0.06284184556691708,0.013712591200887437,0.012717024536888034,False
372,5,-282.8786279243343,-17.004800669489214,0.03413057756530212,0.030443556596321537,0.02931175735899786,False
372,6,-282.131047550855,-16.257220296009905,0.02716245410864174,0.02411661826912598,0.018702767585799977,False
372,7,-281.55835710708755,-15.684529852242463,0.15852063587354603,0.10103575297509512,0.08428862896528327,False
372,8,-280.5577312802685,-14.68390402542343,0.13719173861091274,0.11850628543655893,0.10475296798981307,False
372,9,-265.56471245681064,0.3091147980344431,2.2252591137838227,,,True
373,0,-265.8738272548451,0.0,2.3495349175970333,,,True
373,1,-280.68568175622954,-14.81185450138446,0.10879809682291043,0.046124153018602246,0.03174639491380225,False
373,2,-281.7300785313043,-15.856251276459204,0.058930048366447794,0.07328956388848497,0.062155498834208706,False
373,3,-281.7998649170801,-15.92603766223499,0.09688948020828246,0.02923093502393452,0.0246515099069589,False
373,4,-282.54097117683045,-16.66714392198537,0.06062733481641354,0.013524911946935099,0.012506593469850225,False
373,5,-282.8851100481231,-17.011282793278042,0.03130926001103989,0.032930689183031686,0.03191744966295164,False
373,6,-282.13456514720406,-16.260737892358975,0.028015491863038585,0.0233082083576996,0.01789497899742791,False
373,7,-281.5672649265514,-15.693437671706306,0.1385253941491342,0.07665658492773164,0.07497961503852012,False
373,8,-280.58183692961626,-14.708009674771176,0.12489548218172214,0.10453551154650115,0.08351173812471305,False
373,9,-265.56471245681064,0.3091147980344431,2.2252591137838227,,,True
374,0,-265.8738272548451,0.0,2.3495349175970333,,,True
374,1,-280.69401233307036,-14.820185078225279,0.10849021681258404,0.054939793672183476,0.03737519797597404,False
374,2,-281.7352165496033,-15.861389294758226,0.06274079183649349,0.07745438037951,0.06702048783070368,False
374,3,-281.8001861372008,-15.926358882355714,0.0989704885877157,0.031571912762110854,0.026459370501923894,False
374,4,-282.5460658622105,-16.672238607365443,0.05848322966495021,0.013142248782194717,0.012105075420697609,False
374,5,-282.89207987661587,-17.018252621770785,0.028380875375677187,0.03454722057270093,0.033570283862675666,False
374,6,-282.13817710373894,-16.264349848893858,0.028177791219488012,0.02323431045311544,0.01714421964519829,False
374,7,-281.5756089289739,-15.701781674128824,0.1574181948559434,0.06415966629781354,0.05165544524419358,False
374,8,-280.6046993753971,-14.730872120552021,0.13287829274281626,0.10324360022692503,0.09064791355667556,False
374,9,-265.56471245681064,0.3091147980344431,2.2252591137838227,,,True
375,0,-265.8738272548451,0.0,2.3495349175970333,,,True
375,1,-280.70319227361847,-14.829365018773387,0.10821935045118475,0.06617251654325078,0.04530846616358312,False
375,2,-281.7411349407679,-15.86730768592281,0.06751116665029586,0.08251585506811335,0.0727601159967671,False
375,3,-281.8004076672497,-15.926580412404633,0.10113189390318747,0.03412693231328273,0.02844305274086479,False
375,4,-282.55116712717756,-16.67733987233248,0.05662121852316431,0.012506723996590986,0.011452600074927263,False
375,5,-282.89956166986826,-17.02573441502318,0.028958680149708718,0.034643497953454505,0.03359750152863601,False
375,6,-282.14187177147267,-16.268044516627583,0.02912208519501597,0.022824649718594693,0.01648890929428795,False
375,7,-281.58283158130246,-15.709004326457375,0.18821422085105574,0.0754161883900678,0.06956168217920078,False
375,8,-280.62616968366757,-14.752342428822487,0.13741245180991457,0.10729295910146094,0.09216259018251834,False
375,9,-265.56471245681064,0.3091147980344431,2.2252591137838227,,,True
376,0,-265.8738272548451,0.0,2.3495349175970333,,,True
376,1,-280.7135246178167,-14.839697362971606,0.11638865762087276,0.08063786207592816,0.055017951244971205,False
376,2,-281.7479711402176,-15.874143885372519,0.07349504693865995,0.08875418498560855,0.07941382742434995,False
376,3,-281.8005359726343,-15.92670871778921,0.10331152448421331,0.03687583915178895,0.03057370601332823,False
376,4,-282.55621340152163,-16.68238614667655,0.05522458309798739,0.01161915145738422,0.010558148764900094,False
376,5,-282.9074479730188,-17.033620718173722,0.028771210331017334,0.03391187380151129,0.032708678579013814,False
376,6,-282.1455903441976,-16.271763089352532,0.030502594210387746,0.02232096459697913,0.015972086026535007,False
376,7,-281.59027660679186,-15.716449351946778,0.1840729660478964,0.0705846797621952,0.060084407177711775,False
376,8,-280.6478899937603,-14.774062738915234,0.1393697874544337,0.08811057974582805,0.07154370647927964,False
376,9,-265.56471245681064,0.3091147980344431,2.2252591137838227,,,True
377,0,-265.8738272548451,0.0,2.3495349175970333,,,True
377,1,-280.7255242052702,-14.851696950425094,0.13737255125958717,0.0990973315096944,0.06688699522356581,False
377,2,-281.7559422436854,-15.882114988840328,0.08023934294678885,0.09582339718425868,0.08676734983413449,False
377,3,-281.8005814716762,-15.926754216831114,0.1054782417955928,0.03980085645404243,0.032854760343225736,False
377,4,-282.5611405937192,-16.687313338874105,0.05440305188795454,0.010521641549826708,0.009479752450223923,False
377,5,-282.9156035843497,-17.041776329504614,0.029155685526924494,0.03373438819459727,0.032384668315583544,False
377,6,-282.1492662702724,-16.27543901542731,0.0312876270067592,0.022509871871422442,0.01569276783631499,False
377,7,-281.59798076847994,-15.72415351363486,0.16377365667515495,0.06607751462362331,0.04609638602608172,False
377,8,-280.667634898286,-14.793807643440914,0.1371169292842737,0.07803147072492311,0.0659044474977699,False
377,9,-265.56471245681064,0.3091147980344431,2.2252591137838227,,,True
378,0,-265.8738272548451,0.0,2.3495349175970333,,,True
378,1,-280.7401334636758,-14.866306208830736,0.16416472849013503,0.12227034801257246,0.08187668534441445,False
378,2,-281.7653812371319,-15.891553982286837,0.08611968772808129,0.1021744376447886,0.09351834512582743,False
378,3,-281.8005642610669,-15.9267370062218,0.10766183003425199,0.04288869586088854,0.03527921092269535,False
378,4,-282.5659318331617,-16.692104578316616,0.05412034622687659,0.009439405210847905,0.00830140903543178,False
378,5,-282.92398134602433,-17.05015409117925,0.03046192127277514,0.0344408255525082,0.0330658693375849,False
378,6,-282.15287039386385,-16.279043139018768,0.03264720549948257,0.02239606034302114,0.015681430879481914,False
378,7,-281.6053719373956,-15.73154468255052,0.15321366187467522,0.067029645173542,0.0589233194031083,False
378,8,-280.68516968393556,-14.811342429090473,0.1277487851019662,0.07212431897652767,0.06474135348063328,False
378,9,-265.56471245681064,0.3091147980344431,2.2252591137838227,,,True
379,0,-265.8738272548451,0.0,2.3495349175970333,,,True
379,1,-280.75861576067473,-14.884788505829647,0.19643430192252015,0.14962969505737522,0.09988120263837334,False
379,2,-281.77645953367374,-15.902632278828662,0.08788494694818855,0.1044961102571735,0.09675893076209198,False
379,3,-281.8005115405999,-15.926684285754845,0.10983909286549311,0.04608086965212726,0.03777803366503562,False
379,4,-282.57053693148947,-16.69670967664439,0.05423104869716668,0.009354001420779873,0.007119781603898719,False
379,5,-282.93250404578293,-17.058676790937852,0.03201699845893553,0.03535172660003419,0.03404705880527116,False
379,6,-282.15635827496055,-16.28253102011547,0.034319485480460675,0.022124537498338776,0.01589171363057551,False
379,7,-281.6126454066694,-15.738818151824319,0.15305631675889048,0.07828192347016787,0.06640854948089424,False
379,8,-280.7015641879069,-14.827736933061828,0.11047989581920098,0.060867042240522966,0.049800995894782416,False
379,9,-265.56471245681064,0.3091147980344431,2.2252591137838227,,,True
380,0,-265.8738272548451,0.0,2.3495349175970333,,,True
380,1,-280.7825593730738,-14.908732118228727,0.23074043184996607,0.17738704683690382,0.11986017102651031,False
380,2,-281.78886655550286,-15.915039300657781,0.09556705137298803,0.09779738151651392,0.09173353172604293,False
380,3,-281.80045026416985,-15.926623009324771,0.11199960869256358,0.049304094408162795,0.04029181676563967,False
380,4,-282.57489693898503,-16.701069684139952,0.054551786999040806,0.00924104039291455,0.006662647844651829,False
380,5,-282.94108264931293,-17.06725539446785,0.03330609401477932,0.035967666223671556,0.03471835001822079,False
380,6,-282.15968169182145,-16.285854436976365,0.035419214477918924,0.02240053774177631,0.016251250998922304,False
380,7,-281.6204095668231,-15.746582311978045,0.14923535093632806,0.08151531147180185,0.07557694042151314,False
380,8,-280.7146478441765,-14.840820589331429,0.08666776832571145,0.049910547021702445,0.03954338789463106,False
380,9,-265.56471245681064,0.3091147980344431,2.2252591137838227,,,True
381,0,-265.8738272548451,0.0,2.3495349175970333,,,True
381,1,-280.8133165721863,-14.939489317341213,0.2574384355662468,0.19577386811198438,0.13191422327712277,False
381,2,-281.80113418082806,-15.927306925982975,0.09008458229524566,0.09270802726697158,0.0703111917378884,False
381,3,-281.8004070993635,-15.926579844518415,0.11414456051793281,0.052520921635985186,0.042785570032544705,False
381,4,-282.5789773381988,-16.705150083353715,0.05490410326411176,0.009103387284456718,0.00657922903513453,False
381,5,-282.9496393326135,-17.075812077768433,0.03433415869160355,0.036322844625622214,0.0350540610493018,False
381,6,-282.1628118747612,-16.288984619916107,0.03667171846594654,0.02262107807408953,0.016640324772211057,False
381,7,-281.62861646871005,-15.754789213864967,0.15134118432747298,0.08066212310843726,0.07747179075640803,False
381,8,-280.724312465564,-14.850485210718944,0.08267814767078092,0.04385762669632045,0.03732526522966064,False
381,9,-265.56471245681064,0.3091147980344431,2.2252591137838227,,,True
382,0,-265.8738272548451,0.0,2.3495349175970333,,,True
382,1,-280.8501324702577,-14.976305215412594,0.2524528641422416,0.1822731314002494,0.12857544443089114,False
382,2,-281.8101658573018,-15.936338602456715,0.06424165699778465,0.06869580882410056,0.06503056480018975,False
382,3,-281.8004054549224,-15.926578200077302,0.11621358550361746,0.05602185422133355,0.045385592777742755,False
382,4,-282.58277233401833,-16.708945079173247,0.055159641693747014,0.00894188881210501,0.006479570751084992,False
382,5,-282.9581231937037,-17.084295938858645,0.03528314958235352,0.036619930818050046,0.03529147026075313,False
382,6,-282.1657432990218,-16.29191604417673,0.03824139963782771,0.02264272564679932,0.01701139538555972,False
382,7,-281.63711051215887,-15.763283257313788,0.16155727790456498,0.07708274031542897,0.0673334232888836,False
382,8,-280.7316525978977,-14.857825343052639,0.08173189380625086,0.061008280363539676,0.041627614661986584,False
382,9,-265.56471245681064,0.3091147980344431,2.2252591137838227,,,True
383,0,-265.8738272548451,0.0,2.3495349175970333,,,True
383,1,-280.8856522845791,-15.011825029734041,0.17342136518662005,0.10705174072351593,0.09427817782258681,False
383,2,-281.8128939174882,-15.939066662643143,0.11276333566471697,0.0862807808558198,0.0734355447382236,False
383,3,-281.80046836372406,-15.926641108878982,0.11793089478691318,0.05916212119356072,0.0477277622230713,False
383,4,-282.58633594140815,-16.71250868656307,0.055252750615889044,0.008756594427839836,0.006360922762485121,False
383,5,-282.96660911266554,-17.092781857820455,0.0362764524806805,0.03697615713414746,0.03560169221093279,False
383,6,-282.1685184035964,-16.294691148751326,0.039561474605152316,0.022961858665306378,0.017398428595732054,False
383,7,-281.6458522575509,-15.772025002705846,0.17260260438539432,0.07722740522857927,0.05742973587811136,False
383,8,-280.7378244675128,-14.863997212667698,0.08130750327186242,0.0691475218588771,0.047992270005234955,False
383,9,-265.56471245681064,0.3091147980344431,2.2252591137838227,,,True
384,0,-265.8738272548451,0.0,2.3495349175970333,,,True
384,1,-280.9037111201701,-15.029883865325019,0.16090489853295853,0.1882043494436185,0.16412246404264869,False
384,2,-281.81087810551725,-15.937050850672165,0.18474423030032447,0.14985059311675664,0.10980349140884693,False
384,3,-281.8006407881295,-15.926813533284417,0.11930402540250096,0.06213247818708957,0.04991077583517522,False
384,4,-282.5898198354603,-16.715992580615193,0.05516704820784315,0.008543270814995469,0.006212970627441363,False
384,5,-282.9754389256303,-17.101611670785246,0.03744549206463012,0.037486099597328855,0.036075613663945724,False
384,6,-282.1712590395032,-16.2974317846581,0.04083179568821195,0.023457324621004416,0.017820966539327906,False
384,7,-281.6552652625252,-15.781438007680094,0.1759064520277971,0.07711251924840253,0.057508009284215865,False
384,8,-280.7438087088176,-14.869981453972514,0.08158775966620982,0.06120345198093802,0.04409265825601128,False
384,9,-265.56471245681064,0.3091147980344431,2.2252591137838227,,,True
385,0,-265.8738272548451,0.0,2.3495349175970333,,,True
385,1,-280.90701593378697,-15.033188678941883,0.32053788604756644,0.34720552626414314,0.3096112890428005,False
385,2,-281.81015713245466,-15.93632987760958,0.18767971370854092,0.1475361554714491,0.11097426854364258,False
385,3,-281.8010163539278,-15.927189099082739,0.12034432275114323,0.06540105036673373,0.052101329863055344,False
385,4,-282.59340358800546,-16.719576333160376,0.05492672326494835,0.008292358388992685,0.006025569771833019,False
385,5,-282.98506397763833,-17.11123672279325,0.03908352205965747,0.03840073106457203,0.036885707695538304,False
385,6,-282.17411504943766,-16.300287794592577,0.04259805300651804,0.023727376641032406,0.01830388500851022,False
385,7,-281.6657852508737,-15.7919579960286,0.17474049183220647,0.0771754497991356,0.06042958691371916,False
385,8,-280.7495699017211,-14.875742646876006,0.08224707278263996,0.04032922159245868,0.03163530564525879,False
385,9,-265.56471245681064,0.3091147980344431,2.2252591137838227,,,True
386,0,-265.8738272548451,0.0,2.3495349175970333,,,True
386,1,-280.92559953944175,-15.051772284596666,0.21696904737469624,0.23633593515342669,0.20271492760666504,False
386,2,-281.81286699265456,-15.93903973780948,0.1277414496606972,0.09627966178203574,0.08632309193646594,False
386,3,-281.80169159953596,-15.927864344690875,0.12067478827252237,0.06899976485063233,0.05424745012152922,False
386,4,-282.59694367621637,-16.723116421371287,0.054598959623380905,0.008008376731861944,0.005812015357861166,False
386,5,-282.99509131253444,-17.12126405768936,0.04135813435037749,0.03991825920259301,0.03814723247130539,False
386,6,-282.176982366191,-16.303155111345916,0.044394961401957866,0.02408616195600421,0.018908537581437145,False
386,7,-281.67678326798875,-15.802956013143671,0.17124773858734327,0.0754049046452355,0.05695141947399897,False
386,8,-280.7541990531314,-14.880371798286319,0.08236452501392393,0.0284962547258043,0.024640167639233622,False
386,9,-265.56471245681064,0.3091147980344431,2.2252591137838227,,,True
387,0,-265.8738272548451,0.0,2.3495349175970333,,,True
387,1,-280.94800372985696,-15.074176475011882,0.16862672257476943,0.16819983753580658,0.11874936197042553,False
387,2,-281.8160263605713,-15.942199105726218,0.08241323605370028,0.0752570223360227,0.06876240413869947,False
387,3,-281.80273654042765,-15.928909285582563,0.11986617767301824,0.07264286465731325,0.05648918747303373,False
387,4,-282.60025486711766,-16.726427612272573,0.05425663801621646,0.007694785883771813,0.0055936008895058785,False
387,5,-283.0050156437793,-17.13118838893422,0.044134596289830866,0.04194697922710638,0.03973998459563417,False
387,6,-282.1797194475495,-16.30589219270439,0.04568148911303429,0.02484255243251016,0.01967234617700879,False
387,7,-281.6873797299694,-15.813552475124311,0.16523735294669895,0.07428503761287525,0.05294819250405558,False
387,8,-280.75739507745845,-14.883567822613372,0.09162583398174466,0.030345494111008453,0.024286417055583796,False
387,9,-265.56471245681064,0.3091147980344431,2.2252591137838227,,,True
388,0,-265.8738272548451,0.0,2.3495349175970333,,,True
388,1,-280.9613048943246,-15.087477639479516,0.2182153685008209,0.2003025121032371,0.16476001631316387,False
388,2,-281.8173767161172,-15.943549461272141,0.07524485845337567,0.07170266274470333,0.06374808477824603,False
388,3,-281.8042994035244,-15.930472148679314,0.11783137279925388,0.07632158504696591,0.059003238817911655,False
388,4,-282.6034297383766,-16.729602483531494,0.053933290707887896,0.007343208921596136,0.005363834609325576,False
388,5,-283.0151805358621,-17.141353281017018,0.04765075449821276,0.044701843356360696,0.0418535046997999,False
388,6,-282.1824118467328,-16.308584591887723,0.046907511364653834,0.025641335655135985,0.020562147160177194,False
388,7,-281.69772243140784,-15.823895176562758,0.1533948473348784,0.0688701557358632,0.0476820320222938,False
388,8,-280.759602491442,-14.885775236596942,0.10409401893945977,0.03141566230444958,0.021033479447048614,False
388,9,-265.56471245681064,0.3091147980344431,2.2252591137838227,,,True
389,0,-265.8738272548451,0.0,2.3495349175970333,,,True
389,1,-280.97469018569814,-15.100862930853054,0.21472430492723404,0.20733513935244036,0.15434254230583716,False
389,2,-281.8176871220767,-15.943859867231595,0.07747867193463728,0.09634523333919022,0.07347445962154439,False
389,3,-281.80655376485606,-15.93272651001098,0.11502666954774725,0.08019841887679252,0.06147236597807603,False
389,4,-282.6065408709145,-16.732713616069418,0.05364411677737393,0.006960740454290433,0.005107191030539614,False
389,5,-283.0259235318817,-17.152096277036605,0.052851321508848303,0.049100042141201734,0.04535721174594684,False
389,6,-282.1851319282748,-16.31130467342973,0.048546341913736725,0.026140400119393014,0.02148516503730927,False
389,7,-281.70786630738723,-15.834039052542153,0.13771636914651372,0.05904357205158556,0.04434942056949534,False
389,8,-280.7612001305281,-14.887372875683013,0.10875113612176718,0.027607857105601295,0.022767928620723285,False
389,9,-265.56471245681064,0.3091147980344431,2.2252591137838227,,,True
390,0,-265.8738272548451,0.0,2.3495349175970333,,,True
390,1,-280.9935783329869,-15.119751078141803,0.20389600989666964,0.21292511850245993,0.168579377190088,False
390,2,-281.818889410712,-15.945062155866935,0.07976242064171513,0.10244025825448036,0.07329579151697646,False
390,3,-281.80961857178505,-15.93579131693997,0.11215151162180756,0.08446820241058385,0.06384334307544182,False
390,4,-282.60954554539353,-16.735718290548448,0.05340299673773452,0.006557787171165719,0.004829728219343904,False
390,5,-283.0372715217632,-17.163444266918134,0.060711704773848504,0.05610509938262742,0.051192384495672795,False
390,6,-282.1878555247223,-16.314028269877213,0.05013217432658361,0.026705951685257124,0.02240066801133155,False
390,7,-281.71742707410976,-15.843599819264682,0.12143027843808021,0.047340977823830295,0.03315938219894533,False
390,8,-280.7624379882815,-14.888610733436394,0.10690289476755654,0.026293438095567938,0.019846373745877575,False
390,9,-265.56471245681064,0.3091147980344431,2.2252591137838227,,,True
391,0,-265.8738272548451,0.0,2.3495349175970333,,,True
391,1,-281.01101416805096,-15.13718691320588,0.1206050916894769,0.1286795973030296,0.11585377646857413,False
391,2,-281.8211140516444,-15.94728679679929,0.07474150908948173,0.09393847035045615,0.06763286571703601,False
391,3,-281.8136090509107,-15.939781796065631,0.10973640098592514,0.0895142208653358,0.06666527343781521,False
391,4,-282.6123884198643,-16.738561165019235,0.0532200338218562,0.006136209500607623,0.004606182775000947,False
391,5,-283.04927898465724,-17.175451729812153,0.07183432730021887,0.0662999455498574,0.05993520720282632,False
391,6,-282.19054783676506,-16.31672058191998,0.05127554596423821,0.027549941050171424,0.02326771119891651,False
391,7,-281.7259892691781,-15.852162014333032,0.1051455619275275,0.036980208492461523,0.03362869910376612,False
391,8,-280.76362398659955,-14.889796731754473,0.10100418997714214,0.027231611160140112,0.018261394540648977,False
391,9,-265.56471245681064,0.3091147980344431,2.2252591137838227,,,True
392,0,-265.8738272548451,0.0,2.3495349175970333,,,True
392,1,-281.0223008157923,-15.148473560947195,0.1847052988248952,0.20406378005638168,0.17655221080953218,False
392,2,-281.82371815483646,-15.949890899991374,0.07152880164643899,0.06475281183891861,0.058081055446043486,False
392,3,-281.81878530906096,-15.944958054215874,0.10793224092502327,0.09625381106193599,0.07064390758793739,False
392,4,-282.61507211286767,-16.741244858022583,0.053098095058002094,0.005813411215606559,0.004905511729401657,False
392,5,-283.0623528704565,-17.18852561561141,0.08670045422278819,0.08012488259367909,0.07197624906370033,False
392,6,-282.1932287746035,-16.3194015197584,0.05241204483578425,0.0282802678457615,0.023975281701338835,False
392,7,-281.7334620136652,-15.859634758820107,0.0874791783684826,0.03041656151014967,0.029707034467925893,False
392,8,-280.764917788681,-14.891090533835893,0.09367119271152624,0.028806994280647633,0.019953370330261674,False
392,9,-265.56471245681064,0.3091147980344431,2.2252591137838227,,,True
393,0,-265.8738272548451,0.0,2.3495349175970333,,,True
393,1,-281.03415910812896,-15.160331853283878,0.1649477673732243,0.16250649136329656,0.1388639233821098,False
393,2,-281.82654992444463,-15.952722669599552,0.06882945379196082,0.07100256786724604,0.06503375942868167,False
393,3,-281.8254951376932,-15.951667882848142,0.1065831832042825,0.10603464326113834,0.07614049682347022,False
393,4,-282.617585592708,-16.743758337862914,0.05354792199718218,0.006314839935394085,0.005213384955157582,False
393,5,-283.07692922806757,-17.203101973222488,0.10503162759026852,0.0972808191547739,0.08707904524213235,False
393,6,-282.1958993031475,-16.322072048302402,0.053864624376662076,0.02861310186031614,0.02445185182772415,False
393,7,-281.7398707245062,-15.866043469661122,0.06925814129650855,0.033297380850606954,0.025835121848914955,False
393,8,-280.7663649454528,-14.892537690607696,0.08648238259951128,0.025795240618655384,0.019198287757383376,False
393,9,-265.56471245681064,0.3091147980344431,2.2252591137838227,,,True
394,0,-265.8738272548451,0.0,2.3495349175970333,,,True
394,1,-281.04997841015825,-15.176151155313164,0.15172800295763023,0.1375866790106828,0.09890445468433998,False
394,2,-281.8298815865247,-15.956054331679638,0.0672432790172466,0.07739902583919213,0.07142617856868319,False
394,3,-281.83418304947486,-15.960355794629777,0.10540583423441413,0.12040589687587362,0.08421574065238135,False
394,4,-282.6198851906225,-16.7460579357774,0.055459733896843166,0.006847383373027418,0.005535641332316173,False
394,5,-283.0933005355369,-17.21947328069183,0.12364135947508977,0.11461343626419422,0.1026429192778553,False
394,6,-282.1985234035227,-16.324696148677617,0.0551317321991066,0.028890692787084074,0.024772542229966044,False
394,7,-281.7453574821039,-15.871530227258802,0.055511801898534704,0.035841716281294164,0.027538105122588728,False
394,8,-280.76792903647424,-14.89410178162916,0.0828954321062462,0.02328336928834227,0.01778544013464044,False
394,9,-265.56471245681064,0.3091147980344431,2.2252591137838227,,,True
395,0,-265.8738272548451,0.0,2.3495349175970333,,,True
395,1,-281.0660322190554,-15.192204964210305,0.17058946908392644,0.10994034063239166,0.07660736620863576,False
395,2,-281.83430935254444,-15.960482097699355,0.08197794225721217,0.08335404054707211,0.07673612959119132,False
395,3,-281.8455007347103,-15.971673479865217,0.10891358211459398,0.14017245024993638,0.09570584320620266,False
395,4,-282.62194272522106,-16.74811547037598,0.057420420981122426,0.007422914544594385,0.005886705295172822,False
395,5,-283.11149965396896,-17.23767239912388,0.1338589285161463,0.12357847899652881,0.11164286665473702,False
395,6,-282.20107738199545,-16.327250127150364,0.05588847310362278,0.029306864127674883,0.025006046331445677,False
395,7,-281.75024850231466,-15.87642124746958,0.04871274142282108,0.04382257882487685,0.038560878468448835,False
395,8,-280.7695826267845,-14.895755371939401,0.08281500279244386,0.019858248474345346,0.017236152308383997,False
395,9,-265.56471245681064,0.3091147980344431,2.2252591137838227,,,True
396,0,-265.8738272548451,0.0,2.3495349175970333,,,True
396,1,-281.0795423265178,-15.205715071672728,0.19725298531966906,0.13802252680234642,0.1257394904139212,False
396,2,-281.8401443644275,-15.966317109582405,0.07995966210174196,0.08851400248426741,0.08094661921732856,False
396,3,-281.86043514886904,-15.986607894023962,0.13898357979803358,0.16579362235850625,0.11362241090766886,False
396,4,-282.6237607174471,-16.74993346260203,0.05942211887639407,0.00807358873392748,0.006294305208625439,False
396,5,-283.13061103460086,-17.25678377975578,0.12011686829061623,0.10888010187020779,0.10131215524087991,False
396,6,-282.2035688878284,-16.329741632983314,0.05651299181731643,0.029556673095431914,0.025096197867565402,False
396,7,-281.75486090330855,-15.881033648463472,0.0473235172299696,0.0490315571840309,0.046694036772806646,False
396,8,-280.7713602169726,-14.897532962127514,0.08295652167203789,0.015674451083174272,0.014648763185285085,False
396,9,-265.56471245681064,0.3091147980344431,2.2252591137838227,,,True
397,0,-265.8738272548451,0.0,2.3495349175970333,,,True
397,1,-281.09698450176234,-15.223157246917253,0.23339109029783367,0.15946295254700418,0.14289720289998625,False
397,2,-281.8468977424979,-15.97307048765282,0.07568444747678518,0.09238544879368676,0.08415524695030317,False
397,3,-281.8801533904109,-16.006326135565814,0.174049655896116,0.1964243280307222,0.14149288507975535,False
397,4,-282.62535022856633,-16.75152297372125,0.061454275607558326,0.008841140857963429,0.006790811538796872,False
397,5,-283.147872396313,-17.274045141467923,0.1203640619390197,0.11637716985107771,0.1023499638423018,False
397,6,-282.2060045931023,-16.332177338257225,0.05731385196874512,0.029386574511736627,0.02498866650467026,False
397,7,-281.7593233309906,-15.8854960761455,0.04654524908196531,0.049682300933867614,0.048912055544728716,False
397,8,-280.77333162294576,-14.89950436810068,0.08313257168257876,0.01456379224025751,0.013063159378947684,False
397,9,-265.56471245681064,0.3091147980344431,2.2252591137838227,,,True
398,0,-265.8738272548451,0.0,2.3495349175970333,,,True
398,1,-281.12198659805836,-15.248159343213274,0.2784538402474955,0.19663604608744928,0.14778696198734373,False
398,2,-281.8539771641955,-15.980149909350416,0.07744998775978783,0.09428193898620259,0.08604067450298263,False
398,3,-281.90584800168875,-16.03202074684367,0.21017341724672992,0.22852209710582258,0.16996016657737006,False
398,4,-282.62671075024446,-16.752883495399374,0.06349776145377714,0.009774708635682538,0.007411411579766956,False
398,5,-283.16070968188774,-17.286882427042656,0.18310197243558826,0.18367153588381632,0.11758103057232082,False
398,6,-282.2083722798767,-16.334545025031616,0.05798685019711658,0.029051764669027584,0.024764246927538622,False
398,7,-281.763640029337,-15.88981277449193,0.044071569626361544,0.046564166390534095,0.0461950094385062,False
398,8,-280.775559026693,-14.901731771847892,0.08297083306501553,0.01865775241498377,0.016107731504975204,False
398,9,-265.56471245681064,0.3091147980344431,2.2252591137838227,,,True
399,0,-265.8738272548451,0.0,2.3495349175970333,,,True
399,1,-281.1529145971598,-15.27908734231471,0.32837870373832195,0.23750216688984527,0.17685704963804144,False
399,2,-281.86101654422373,-15.987189289378648,0.07691203959516968,0.0937917940183078,0.08610678839325495,False
399,3,-281.9384093682471,-16.064582113402025,0.239008800881451,0.25383432136761097,0.18953016656301078,False
399,4,-282.62784924810796,-16.75402199326288,0.0655502146547999,0.01092655048605551,0.008194431922270148,False
399,5,-283.1709261833971,-17.297098928552032,0.22773965508349922,0.229238835891011,0.1364951859462776,False
399,6,-282.2106682363982,-16.33684098155311,0.05821526983919552,0.02885447046129841,0.024532586373912126,False
399,7,-281.76780513306784,-15.893977878222756,0.04148920590320868,0.043009875433985885,0.042389131491504445,False
399,8,-280.7780703017712,-14.904243046926126,0.08235421500994762,0.022406453528371333,0.017698975183171442,False
399,9,-265.56471245681064,0.3091147980344431,2.2252591137838227,,,True
400,0,-265.8738272548451,0.0,2.3495349175970333,,,True
400,1,-281.1915017860133,-15.317674531168223,0.3724510419924751,0.27204674345540025,0.19945339769296824,False
400,2,-281.86772337080833,-15.993896115963253,0.0741303155612971,0.09109932873882119,0.08418631414545101,False
400,3,-281.97686186082535,-16.10303460598027,0.24504258531637665,0.2568352296364599,0.18604254166245132,False
400,4,-282.62877440250435,-16.754947147659266,0.06761542352490624,0.012306300679061815,0.009153088404330843,False
400,5,-283.1824041020353,-17.30857684719024,0.20660344699595512,0.20748143609751218,0.12657566655281488,False
400,6,-282.2128830607911,-16.339055805946032,0.058129602567207166,0.028763462383740043,0.024302655904887543,False
400,7,-281.77180782666244,-15.897980571817357,0.040243530825067125,0.04134474730099108,0.0403961231167894,False
400,8,-280.7807874758889,-14.906960221043846,0.08152819231496829,0.023123462688227635,0.018490673094290703,False
400,9,-265.56471245681064,0.3091147980344431,2.2252591137838227,,,True
401,0,-265.8738272548451,0.0,2.3495349175970333,,,True
401,1,-281.2393117870975,-15.365484532252424,0.3936146423235625,0.2846613623644778,0.20370087265389375,False
401,2,-281.87398505024845,-16.000157795403368,0.06974926634120449,0.08695562337781831,0.08061811359506658,False
401,3,-282.01621726680554,-16.142390011960458,0.20003027591826547,0.20949816867718288,0.13531303585128512,False
401,4,-282.62949367257943,-16.755666417734346,0.06970792019008225,0.013847516229936623,0.010250719258639102,False
401,5,-283.19517395476004,-17.321346699914955,0.14539885529603847,0.1436377860487713,0.12064006931565939,False
401,6,-282.2150064653423,-16.341179210497216,0.05799601794461095,0.028608871471398237,0.024025669080235377,False
401,7,-281.7756507669337,-15.90182351208864,0.040263610752546454,0.04168190770431025,0.04031348651223496,False
401,8,-280.78362304927214,-14.909795794427055,0.08076140183910757,0.021171801954437096,0.017245276339708834,False
401,9,-265.56471245681064,0.3091147980344431,2.2252591137838227,,,True
402,0,-265.8738272548451,0.0,2.3495349175970333,,,True
402,1,-281.29387124228646,-15.420043987441375,0.3684546372885064,0.2783565104900736,0.20145623819786462,False
402,2,-281.8798915604327,-16.006064305587643,0.06460981079108175,0.08225249701991028,0.07604950390137358,False
402,3,-282.0459132983906,-16.172086043545505,0.1137813348071762,0.12962039752116045,0.10818279271466923,False
402,4,-282.6300207286665,-16.75619347382144,0.07187639565033652,0.015382962332183751,0.011382700584596353,False
402,5,-283.2068631229976,-17.333035868152535,0.13361072206400698,0.12672774235058845,0.11245864717482641,False
402,6,-282.21705817924914,-16.343230924404054,0.05791249788657873,0.02832443252213402,0.02367242391610812,False
402,7,-281.7793873766524,-15.905560121807298,0.040202374351999484,0.042471497254935944,0.04066215980827084,False
402,8,-280.78653667711296,-14.91270942226788,0.08014131632295401,0.01849001025673483,0.016528607903669675,False
402,9,-265.56471245681064,0.3091147980344431,2.2252591137838227,,,True
403,0,-265.8738272548451,0.0,2.3495349175970333,,,True
403,1,-281.34556062527776,-15.471733370432673,0.28431380031939113,0.2176437061344787,0.21211185213881573,False
403,2,-281.88560488221395,-16.011777627368872,0.0593467415318999,0.07762383703655211,0.07112764536763065,False
403,3,-282.0543370602999,-16.18050980545479,0.2334107691746693,0.23568608636464428,0.21407581843348075,False
403,4,-282.63037117626976,-16.75654392142468,0.07421343062315401,0.016595796052689547,0.01234624831615343,False
403,5,-283.2170565667834,-17.34322931193833,0.17852642338520802,0.16935235793060932,0.12047633539095108,False
403,6,-282.21910277047243,-16.34527551562735,0.05780778746045616,0.027977504954802956,0.023248732636899486,False
403,7,-281.7831367468157,-15.909309491970646,0.03851572197049727,0.04201400958081143,0.040181839293903975,False
403,8,-280.7895694939136,-14.915742239068493,0.0796079175429317,0.018598642096312113,0.016735649293992357,False
403,9,-265.56471245681064,0.3091147980344431,2.2252591137838227,,,True
404,0,-265.8738272548451,0.0,2.3495349175970333,,,True
404,1,-281.37338648267894,-15.499559227833856,0.36821777853155907,0.39243028528605767,0.2841674167149789,False
404,2,-281.8912925314794,-16.01746527663431,0.054288077281410885,0.07333775664079278,0.06636055080919123,False
404,3,-282.0458371815556,-16.17200992671053,0.46508480379378453,0.46720654514533333,0.4270779367979232,False
404,4,-282.6305588330192,-16.75673157817414,0.07683818669669819,0.017028431333843116,0.012840401720842075,False
404,5,-283.2273967197433,-17.353569464898214,0.21073511896245714,0.20013598229871005,0.14647174348734193,False
404,6,-282.22124824487173,-16.34742099002665,0.057606127610770864,0.027628483274402798,0.022756475874688976,False
404,7,-281.7870640825628,-15.913236827717697,0.035094473337833595,0.04011121631590827,0.03872437615174353,False
404,8,-280.7928356239155,-14.919008369070411,0.07904988729769688,0.01844738006769688,0.016670963359645824,False
404,9,-265.56471245681064,0.3091147980344431,2.2252591137838227,,,True
405,0,-265.8738272548451,0.0,2.3495349175970333,,,True
405,1,-281.368666770901,-15.49483951605589,0.5730308806372632,0.5291805484871314,0.37351097797355987,False
405,2,-281.8950360290242,-16.021208774179115,0.05447467475310205,0.07389424621386764,0.06435547295792025,False
405,3,-282.0737344810643,-16.19990722621924,0.233075986057675,0.23809496939728766,0.22010641197443168,False
405,4,-282.6299843078806,-16.75615705303551,0.07862402081132802,0.012107975553422192,0.009733768600996909,False
405,5,-283.2376449658532,-17.363817711008096,0.1322944093997109,0.12372611184847955,0.12239580230231625,False
405,6,-282.2223024810081,-16.348475226163032,0.05478931158837486,0.030217109877847422,0.023314086854671817,False
405,7,-281.78951819990186,-15.915690945056781,0.032330993207537996,0.03897746246825163,0.03822651738823665,False
405,8,-280.79513472890443,-14.921307474059347,0.07838071298320562,0.017526291643190108,0.015265788778703094,False
405,9,-265.56471245681064,0.3091147980344431,2.2252591137838227,,,True
406,0,-265.8738272548451,0.0,2.3495349175970333,,,True
406,1,-281.39736522322494,-15.523537968379856,0.20374941062890548,0.17597551815324577,0.11882656559687867,False
406,2,-281.89598982090314,-16.022162566058057,0.05436584839284011,0.07403493854994866,0.06603075316398906,False
406,3,-282.08226085655286,-16.20843360170778,0.13503361300114192,0.1350641821076513,0.1257902210864732,False
406,4,-282.6298572179235,-16.75602996307839,0.07877219769636104,0.012583720965324754,0.009639055073741753,False
406,5,-283.2400247910332,-17.36619753618811,0.12982565122835368,0.11990333554526492,0.11961950973631462,False
406,6,-282.2226172896112,-16.348790034766125,0.057096017691655364,0.02768100543681113,0.02247138895850167,False
406,7,-281.7901757234331,-15.916348468588012,0.03336263829008216,0.04003941474499784,0.03944288489558992,False
406,8,-280.79577418667174,-14.921946931826653,0.07857173886854024,0.017472941894191144,0.015621147112691247,False
406,9,-265.56471245681064,0.3091147980344431,2.2252591137838227,,,True
407,0,-265.8738272548451,0.0,2.3495349175970333,,,True
407,1,-281.3868438014806,-15.513016546635527,0.49566411528766074,0.5217939672965354,0.3433572320341701,False
407,2,-281.89788797673555,-16.024060721890464,0.05470966980380935,0.07439029541248797,0.06764293343500725,False
407,3,-282.0870044384941,-16.21317718364901,0.09474844063107404,0.09614417953240449,0.0738393632837209,False
407,4,-282.6295849473077,-16.755757692462623,0.07909508018698932,0.013378711256337125,0.009544125335637674,False
407,5,-283.2443835471142,-17.3705562922691,0.13430591897299599,0.12271616511869289,0.11519278442615505,False
407,6,-282.22328334660506,-16.349456091759976,0.05857980331421235,0.026234200577192737,0.02202913222818085,False
407,7,-281.79153164829154,-15.917704393446456,0.03404965526585604,0.04092235787722855,0.040479866319010786,False
407,8,-280.7970900107485,-14.923262755903409,0.07852810283975188,0.017253481250538695,0.015589445919225522,False
407,9,-265.56471245681064,0.3091147980344431,2.2252591137838227,,,True
408,0,-265.8738272548451,0.0,2.3495349175970333,,,True
408,1,-281.39445395612745,-15.520626701282367,0.3786646963185215,0.4044245911216993,0.2769042029022876,False
408,2,-281.8981075087157,-16.024280253870643,0.05451942081637259,0.07415485731978012,0.0672771119910984,False
408,3,-282.0876831340389,-16.21385587919383,0.08722617599798387,0.08371933045489274,0.06578459273490875,False
408,4,-282.6295525951017,-16.755725340256618,0.07913293607281455,0.013298551593686491,0.009515095202452986,False
408,5,-283.2448683198743,-17.371041065029203,0.13397341344331087,0.12227840029867239,0.11535902579865746,False
408,6,-282.22336262296494,-16.34953536811986,0.05794219489345735,0.02672455498916593,0.02198747653903215,False
408,7,-281.7916842353879,-15.917856980542808,0.03362622585530642,0.04060009451053177,0.040157300900880336,False
408,8,-280.79724300449936,-14.923415749654282,0.07841223637912408,0.017176057133335414,0.015415350147398896,False
408,9,-265.56471245681064,0.3091147980344431,2.2252591137838227,,,True
409,0,-265.8738272548451,0.0,2.3495349175970333,,,True
409,1,-281.40299409057593,-15.529166835730848,0.201857569444306,0.2114819678104011,0.16548931701143324,False
409,2,-281.89854662920754,-16.024719374362462,0.054252258269686146,0.073781144647606,0.06662565165194628,False
409,3,-282.08881492047965,-16.214987665634567,0.08717591227885976,0.07390402540262471,0.05108774317180252,False
409,4,-282.6294871437359,-16.75565988889082,0.07920977147454521,0.01314422247878265,0.009457588301975916,False
409,5,-283.2458420430994,-17.37201478825432,0.13343583540162043,0.12154716475435075,0.11568066224517363,False
409,6,-282.22352296905547,-16.349695714210384,0.05688399301130408,0.027618012507198083,0.02228189249214504,False
409,7,-281.79199133680083,-15.918164081955751,0.032871836158663126,0.040029801780802496,0.039577223819759734,False
409,8,-280.79754971734656,-14.923722462501473,0.07820822800747701,0.017050524117557087,0.015109466815177445,False
409,9,-265.56471245681064,0.3091147980344431,2.2252591137838227,,,True
410,0,-265.8738272548451,0.0,2.3495349175970333,,,True
410,1,-281.405919522445,-15.532092267599921,0.16047554045599244,0.12420117816624153,0.09746867513160576,False
410,2,-281.89922318820766,-16.025395933362574,0.05402821525545043,0.07338107191997935,0.06583743174063406,False
410,3,-282.09012154268123,-16.21629428783615,0.087159206952103,0.06913453250323888,0.06051377794248031,False
410,4,-282.6293848098983,-16.7555575550532,0.07933044353412734,0.012923894430620485,0.00937078474518851,False
410,5,-283.2473492118685,-17.3735219570234,0.13289159796278002,0.12074830833333142,0.11613942391426509,False
410,6,-282.2237742087147,-16.34994695386962,0.05578643921947018,0.028630609134005915,0.022578004789930887,False
410,7,-281.7924676329734,-15.918640378128316,0.03195105073091399,0.039338457650694714,0.038860355155277054,False
410,8,-280.79802516265204,-14.924197907806956,0.07796278110655684,0.01690995877551024,0.014748967382454362,False
410,9,-265.56471245681064,0.3091147980344431,2.2252591137838227,,,True
411,0,-265.8738272548451,0.0,2.3495349175970333,,,True
411,1,-281.40371813819286,-15.529890883347775,0.2848614361905197,0.2498714524580855,0.19259949122054376,False
411,2,-281.90014279553657,-16.026315540691485,0.05384480059536413,0.07299156442530223,0.06513573551161923,False
411,3,-282.0914443362492,-16.217617081404114,0.08722849008963035,0.07065985853479492,0.06893397559882898,False
411,4,-282.62924383844745,-16.75541658360237,0.07949725898382773,0.012657623209002046,0.009255925423497607,False
411,5,-283.2494039067212,-17.375576651876145,0.1325389577967688,0.12012272219389247,0.11667724260130251,False
411,6,-282.2241223822001,-16.350295127355025,0.055106696413377954,0.029241988079417008,0.02272218919993132,False
411,7,-281.7931168735969,-15.919289618751804,0.03170779706904999,0.03869798130145849,0.03819275819879094,False
411,8,-280.79867765830585,-14.924850403460766,0.07773638944473396,0.016766859553698547,0.014439690472495525,False
411,9,-265.56471245681064,0.3091147980344431,2.2252591137838227,,,True
412,0,-265.8738272548451,0.0,2.3495349175970333,,,True
412,1,-281.4023083579194,-15.528481103074341,0.35638840212588696,0.3099420268899976,0.23121321613128748,False
412,2,-281.9012460135523,-16.0274187587072,0.053590079228596425,0.07256328385414539,0.0646723272534143,False
412,3,-282.0928239531088,-16.21899669826371,0.08738989356709297,0.07330028212947455,0.07260084565133808,False
412,4,-282.62907289086303,-16.755245636017946,0.07969956684921416,0.012377120507093591,0.009120103810724554,False
412,5,-283.25187311286055,-17.37804585801547,0.13242696178776822,0.11975967114448556,0.11718870474130258,False
412,6,-282.22454792469824,-16.35072066985316,0.055013642656533086,0.029184730504362995,0.022652575188998013,False
412,7,-281.79389408744174,-15.92006683259666,0.031620065647356095,0.03821722242269505,0.03770860940421382,False
412,8,-280.79946771324626,-14.925640458401176,0.07756312987488383,0.016613640274387793,0.014237652768066125,False
412,9,-265.56471245681064,0.3091147980344431,2.2252591137838227,,,True
413,0,-265.8738272548451,0.0,2.3495349175970333,,,True
413,1,-281.405344597277,-15.531517342431925,0.3436068362069138,0.29054366324041214,0.21173271407718045,False
413,2,-281.9024943026689,-16.02866704782383,0.05318752761906019,0.07204461565125013,0.06446660180097696,False
413,3,-282.09444172237954,-16.22061446753446,0.0876199451009562,0.07139223105847642,0.07044032053639838,False
413,4,-282.6288776801987,-16.755050425353602,0.07992976439383857,0.012099897891443662,0.008965617118559397,False
413,5,-283.25467416620927,-17.380846911364188,0.13244586426340516,0.1195589098693319,0.11758107919424125,False
413,6,-282.2250383033878,-16.351211048542723,0.05542448615849665,0.028556205371927712,0.022397283525920485,False
413,7,-281.7947686244922,-15.920941369647096,0.03152257727635128,0.037904863171056215,0.0374306051985836,False
413,8,-280.80036785233665,-14.926540597491567,0.07744079842305682,0.016443154196213877,0.014132682818217291,False
413,9,-265.56471245681064,0.3091147980344431,2.2252591137838227,,,True
414,0,-265.8738272548451,0.0,2.3495349175970333,,,True
414,1,-281.4115364905166,-15.537709235671514,0.25545501458576286,0.19796138604994173,0.14092197820922445,False
414,2,-281.90387292919905,-16.03004567435397,0.05266129179863207,0.07143623624294318,0.06444350884945577,False
414,3,-282.0964014494317,-16.222574194586628,0.08788138573067464,0.06364220162972961,0.0628858051299713,False
414,4,-282.6286601149176,-16.754832860072497,0.08018454988807941,0.011831311844233076,0.008789590150818018,False
414,5,-283.25778349324287,-17.383956238397786,0.1324489985626995,0.11936476439051344,0.11777234742120676,False
414,6,-282.22559072689666,-16.351763472051573,0.05610417504762923,0.02767576616799521,0.0220393304037147,False
414,7,-281.7957276204652,-15.921900365620104,0.031413380572536675,0.03770626045805742,0.03729763160630331,False
414,8,-280.80136777998774,-14.92754052514266,0.07734383514985183,0.016255429534682255,0.014072468376575789,False
414,9,-265.56471245681064,0.3091147980344431,2.2252591137838227,,,True
415,0,-265.8738272548451,0.0,2.3495349175970333,,,True
415,1,-281.4167630798279,-15.542935824982806,0.13037886974552226,0.05423681868401038,0.047945205569455286,False
415,2,-281.9055646474354,-16.031737392590344,0.05201141582466406,0.07066977109792592,0.06445297667040678,False
415,3,-282.0989120186348,-16.22508476378971,0.08815614447222735,0.05228419931099338,0.050285876357713165,False
415,4,-282.62839047169234,-16.75456321684726,0.08049724035901361,0.01153758486906025,0.00859423678337724,False
415,5,-283.2616321389105,-17.387804884065417,0.1323098308513709,0.11901163657890668,0.11765367038178971,False
415,6,-282.22628549122334,-16.352458236378254,0.056752641037757,0.026858103034134946,0.021660220758080974,False
415,7,-281.7968945709298,-15.923067316084712,0.03127129729868999,0.03748630652464353,0.03716227317593546,False
415,8,-280.8026040063261,-14.928776751480996,0.07721306057206707,0.016019629920265982,0.013963929091830269,False
415,9,-265.56471245681064,0.3091147980344431,2.2252591137838227,,,True
416,0,-265.8738272548451,0.0,2.3495349175970333,,,True
416,1,-281.41672518431716,-15.542897929472076,0.19279300257215445,0.21033906452682014,0.1429100833988654,False
416,2,-281.9076845432851,-16.033857288440004,0.051191816202488666,0.06960207291465463,0.06415287376028155,False
416,3,-282.10185704908247,-16.228029794237386,0.0883776486895262,0.04641124232988004,0.036529030244007346,False
416,4,-282.62804910322717,-16.754221848382088,0.08088923339437216,0.0111858468669586,0.0085838717497802,False
416,5,-283.266513716484,-17.392686461638903,0.13193480882551087,0.11836553326924977,0.11701356697018267,False
416,6,-282.2271838643525,-16.353356609507443,0.0567337747400795,0.02662979257652594,0.02145413617128688,False
416,7,-281.7983404987966,-15.924513243951537,0.031071164182844863,0.03695008933601343,0.03670051925252914,False
416,8,-280.80416865755046,-14.93034140270538,0.0769492389273759,0.0156963583830685,0.013656477912688484,False
416,9,-265.56471245681064,0.3091147980344431,2.2252591137838227,,,True
417,0,-265.8738272548451,0.0,2.3495349175970333,,,True
417,1,-281.4169406391243,-15.543113384279195,0.2519860472777616,0.2757409988841628,0.18686477190226028,False
417,2,-281.91023915453934,-16.036411899694258,0.05004063172088628,0.06802624756488353,0.06321730272886242,False
417,3,-282.1050205993027,-16.23119334445761,0.08852171497245034,0.04736509775196903,0.036990071772829126,False
417,4,-282.6276330788074,-16.753805823962296,0.08136561342359938,0.010728394855660989,0.00859033794618303,False
417,5,-283.27247906733646,-17.39865181249138,0.13122578415684322,0.11729011482757447,0.11569241268060744,False
417,6,-282.22830446637477,-16.354477211529684,0.05589635460294762,0.02710261987287528,0.021481800987846723,False
417,7,-281.80005780330725,-15.926230548462172,0.03093371074970259,0.03580290452154441,0.03560148282772331,False
417,8,-280.80607290295615,-14.932245648111063,0.07650742280973488,0.015295062229003053,0.013109638166522306,False
417,9,-265.56471245681064,0.3091147980344431,2.2252591137838227,,,True
418,0,-265.8738272548451,0.0,2.3495349175970333,,,True
418,1,-281.4230214896594,-15.549194234814308,0.14571744388852123,0.14804803805367284,0.11475081531452967,False
418,2,-281.9132499495514,-16.03942269470633,0.04846500874137027,0.06583081733914446,0.061530384671053644,False
418,3,-282.1086294656388,-16.234802210793703,0.08864430795919616,0.04877152988113177,0.03542614656749204,False
418,4,-282.62713790949635,-16.753310654651273,0.08193602515444798,0.01041693342780182,0.008615113768434081,False
418,5,-283.27963446991043,-17.40580721506535,0.12995431734010007,0.11551487715628109,0.11357539760228616,False
418,6,-282.2296770920807,-16.35584983723561,0.05478144938103832,0.027838987852759834,0.021584263625639817,False
418,7,-281.8020442734286,-15.928217018583496,0.031084072316843472,0.03391222990382307,0.033732681697333525,False
418,8,-280.80833899292406,-14.934511738078982,0.0759289286938,0.014875929588190132,0.012428779972881726,False
418,9,-265.56471245681064,0.3091147980344431,2.2252591137838227,,,True
419,0,-265.8738272548451,0.0,2.3495349175970333,,,True
419,1,-281.42578669837735,-15.551959443532269,0.20759560886161496,0.11543896434117389,0.08450561875875007,False
419,2,-281.9168435921999,-16.0430163373548,0.04651198568122297,0.06304494211527382,0.05919200002576243,False
419,3,-282.1130576153831,-16.239230360538045,0.08889884040789058,0.04080435269709472,0.038890773513445075,False
419,4,-282.6265446023705,-16.75271734752539,0.08262837803883134,0.010400605565824117,0.00862804003664173,False
419,5,-283.2883913745826,-17.41456411973752,0.12769480928097765,0.11256766606265685,0.11057557769938411,False
419,6,-282.2313966304887,-16.357569375643607,0.05433094601287638,0.027796539682980903,0.021428800179101974,False
419,7,-281.8043605865886,-15.930533331743504,0.03178353111979342,0.031329454837101665,0.031157984838811457,False
419,8,-280.81107679718593,-14.937249542340851,0.0753140324691935,0.014458993999432955,0.01182426587403623,False
419,9,-265.56471245681064,0.3091147980344431,2.2252591137838227,,,True
420,0,-265.8738272548451,0.0,2.3495349175970333,,,True
420,1,-281.4254356727713,-15.551608417926218,0.3093893657695433,0.21987473519791118,0.1470564719692275,False
420,2,-281.92110791728146,-16.04728066243638,0.044107102198415155,0.05973554806610188,0.056714933588387244,False
420,3,-282.11797369634087,-16.244146441495786,0.0894570099515862,0.048090719874648385,0.043287707550281634,False
420,4,-282.6258426041262,-16.752015349281123,0.08344622747740704,0.010309687198305514,0.008544985878956617,False
420,5,-283.299097846628,-17.42527059178292,0.12381265659963393,0.1079404882315504,0.1063709153980072,False
420,6,-282.2335626855123,-16.35973543066723,0.05485998712507619,0.026661756809423176,0.02089490669973264,False
420,7,-281.80703860192796,-15.933211347082874,0.033926280012024364,0.0285149412931993,0.028407532005200062,False
420,8,-280.8143751094743,-14.940547854629244,0.07474787885002818,0.013961954802325696,0.011411073427818282,False
420,9,-265.56471245681064,0.3091147980344431,2.2252591137838227,,,True
421,0,-265.8738272548451,0.0,2.3495349175970333,,,True
421,1,-281.43101865173577,-15.557191396890687,0.16286894906219077,0.05704882242266009,0.039796576775344344,False
421,2,-281.9260089008834,-16.05218164603832,0.04131579528593431,0.056028826874476426,0.05423537355497582,False
421,3,-282.1232100393436,-16.249382784498493,0.09019489656508135,0.05094686273524883,0.04732204187091465,False
421,4,-282.62504332977073,-16.75121607492565,0.08432772564105437,0.010139241277417783,0.00830087649294917,False
421,5,-283.3117376558454,-17.437910401000295,0.11715461163389314,0.10078390641624986,0.09983595290227582,False
421,6,-282.2362299295521,-16.362402674707027,0.05483200728182127,0.02611598762763896,0.020547866104609104,False
421,7,-281.8100340870468,-15.93620683220172,0.03769905502535605,0.025817889946528866,0.02571991634848636,False
421,8,-280.8182425984544,-14.944415343609307,0.07410597645635354,0.013346114882205643,0.010897636211652358,False
421,9,-265.56471245681064,0.3091147980344431,2.2252591137838227,,,True
422,0,-265.8738272548451,0.0,2.3495349175970333,,,True
422,1,-281.42982790353693,-15.55600064869185,0.20568989244510197,0.23231593485375915,0.16571962580165148,False
422,2,-281.93173497709324,-16.05790772224816,0.03820852975944251,0.051799978791973275,0.05081788846630477,False
422,3,-282.1292928225385,-16.25546556769342,0.0907258805522125,0.032568027600883766,0.02901136084653553,False
422,4,-282.62415031528735,-16.75032306044227,0.08514788041601405,0.009784318006502212,0.00788611445786562,False
422,5,-283.3268221489218,-17.45299489407671,0.10542123617390244,0.0890286517113965,0.0886629563039918,False
422,6,-282.2396264264794,-16.365799171634308,0.052826886930624664,0.02749319822304086,0.020960080334602272,False
422,7,-281.8134231622073,-15.939595907362218,0.04247292204716334,0.02653421268068758,0.023639359685997466,False
422,8,-280.8228588769123,-14.949031622067196,0.0731296697618601,0.012644294536721133,0.009920823966764287,False
422,9,-265.56471245681064,0.3091147980344431,2.2252591137838227,,,True
423,0,-265.8738272548451,0.0,2.3495349175970333,,,True
423,1,-281.4354188006358,-15.56159154579069,0.11134995378894426,0.06422234341837667,0.05414350306841782,False
423,2,-281.93812045606956,-16.064293201224473,0.03431574713385261,0.046611171141070856,0.045863257794824565,False
423,3,-282.13554130057884,-16.261714045733754,0.09095384332272505,0.04286340234762172,0.03009496995712275,False
423,4,-282.6232150137249,-16.749387758879834,0.0857625800047578,0.009049939494270525,0.007431288781844925,False
423,5,-283.3436966109208,-17.46986935607572,0.08656658083210232,0.07048977324724774,0.06971647616417637,False
423,6,-282.2438128434468,-16.369985588601708,0.05249497588118724,0.027265847331118562,0.020816227727421317,False
423,7,-281.81710082165586,-15.943273566810774,0.047572411718083206,0.02647565952287055,0.023742723322416587,False
423,8,-280.8281677803309,-14.954340525485804,0.07207956606379473,0.012004905210779633,0.00905166440687181,False
423,9,-265.56471245681064,0.3091147980344431,2.2252591137838227,,,True
424,0,-265.8738272548451,0.0,2.3495349175970333,,,True
424,1,-281.4347590316037,-15.560931776758594,0.3059016654488276,0.2163254649918045,0.1520530143052938,False
424,2,-281.94460060857114,-16.070773353726054,0.029822893826802255,0.041055909135829925,0.040274067312367726,False
424,3,-282.1418543375571,-16.268027082712024,0.09114669830284929,0.03883782459266848,0.027778295546018513,False
424,4,-282.622422515749,-16.748595260903926,0.08595999817461734,0.00787904550215926,0.006874711527942345,False
424,5,-283.360504632301,-17.48667737745592,0.06221171390040516,0.04635157767003028,0.04383025227530688,False
424,6,-282.24863123961967,-16.374803984774587,0.05315671509912914,0.02636223706050263,0.02048491514301611,False
424,7,-281.82075054038626,-15.946923285541175,0.05253551515546449,0.02546618727904587,0.022960291729609693,False
424,8,-280.8337471429512,-14.959919888106128,0.07123416631267088,0.011360414828721674,0.00876447376751191,False
424,9,-265.56471245681064,0.3091147980344431,2.2252591137838227,,,True
425,0,-265.8738272548451,0.0,2.3495349175970333,,,True
425,1,-281.44062957062624,-15.56680231578116,0.12102962580989482,0.05189167760318992,0.04310101447982075,False
425,2,-281.9506614465761,-16.076834191730995,0.02453241351861025,0.035249178420602774,0.03470689723351592,False
425,3,-282.1476421746248,-16.27381491977974,0.09173874994520331,0.030718795387193073,0.02858581333672514,False
425,4,-282.62188470778415,-16.748057452939065,0.08575407059326112,0.007417202334248474,0.006471201243606635,False
425,5,-283.3757295042502,-17.501902249405134,0.04959290547096448,0.04184373357625062,0.037669490759581994,False
425,6,-282.25383012736665,-16.380002872521572,0.050778810591431266,0.02848678132095066,0.02169619393767535,False
425,7,-281.8241614192523,-15.950334164407195,0.05705057143887899,0.024493012568414716,0.02126065636963748,False
425,8,-280.83924496180725,-14.965417706962171,0.07025597307952051,0.01084303462221563,0.007797989098937341,False
425,9,-265.56471245681064,0.3091147980344431,2.2252591137838227,,,True
426,0,-265.8738272548451,0.0,2.3495349175970333,,,True
426,1,-281.4419953482981,-15.568168093453039,0.15244430627500097,0.16840161935761233,0.12022606036512413,False
426,2,-281.9562531831236,-16.082425928278496,0.021877320109954197,0.028471903884282303,0.027551737436907385,False
426,3,-282.15309447697143,-16.27926722212635,0.09299051693604256,0.03664906973122852,0.02683841268728185,False
426,4,-282.6217684646599,-16.747941209814826,0.08491775174145809,0.0075094005023686764,0.006562575690146864,False
426,5,-283.390234228284,-17.516406973438905,0.05069898727250281,0.043618603870844395,0.038416480845300874,False
426,6,-282.2595409547687,-16.3857136999236,0.050771258486673,0.028892830820567036,0.022254240761652264,False
426,7,-281.82737569010374,-15.953548435258654,0.06005065379908017,0.020849865208867738,0.01781129922061416,False
426,8,-280.84465007271876,-14.970822817873682,0.06933401998986449,0.010435664726187075,0.009133047960256466,False
426,9,-265.56471245681064,0.3091147980344431,2.2252591137838227,,,True
427,0,-265.8738272548451,0.0,2.3495349175970333,,,True
427,1,-281.44650623573443,-15.57267898088935,0.2140853499024047,0.12393783216221983,0.09847840375400256,False
427,2,-281.9611772610342,-16.087350006189126,0.020122081957612867,0.02100163281898701,0.018926210801101614,False
427,3,-282.15807984493574,-16.28425259009066,0.09393243040065581,0.027163004853218122,0.021009847141235653,False
427,4,-282.62212283260385,-16.748295577758768,0.08342089950737515,0.00855089898440104,0.007247973249687772,False
427,5,-283.40386706909567,-17.530039814250586,0.05073921113728056,0.04439400712808055,0.03950049331246488,False
427,6,-282.2656805762846,-16.3918533214395,0.05114820900492823,0.029444924181787527,0.022907987998936927,False
427,7,-281.8303610725816,-15.9565338177365,0.06144682467844251,0.018296016112466663,0.013627000235025402,False
427,8,-280.84987763120523,-14.97605037636015,0.06874001236186082,0.009936288257476654,0.006868730344220847,False
427,9,-265.56471245681064,0.3091147980344431,2.2252591137838227,,,True
428,0,-265.8738272548451,0.0,2.3495349175970333,,,True
428,1,-281.45170962126974,-15.57788236642466,0.15216662136064463,0.05776814753972162,0.05547279816783706,False
428,2,-281.9654737519363,-16.091646497091233,0.017679459563835705,0.017278450647223862,0.0152320694309202,False
428,3,-282.16272476396534,-16.28889750912026,0.09427579953406798,0.03533012537758321,0.028368127097409282,False
428,4,-282.62309226342217,-16.749265008577083,0.08130067911343514,0.009588930613123348,0.008249818939360996,False
428,5,-283.4168975537368,-17.543070298891735,0.048706537632980544,0.04308178364069291,0.04069271934867088,False
428,6,-282.2724163703242,-16.398589115479126,0.04925907739564137,0.032168485336380594,0.024949838446735484,False
428,7,-281.8332106045649,-15.959383349719815,0.06156740887705666,0.01562918644117961,0.010245630620446224,False
428,8,-280.8549859999814,-14.981158745136327,0.06811794381623999,0.009714884791685,0.0068130386555355455,False
428,9,-265.56471245681064,0.3091147980344431,2.2252591137838227,,,True
429,0,-265.8738272548451,0.0,2.3495349175970333,,,True
429,1,-281.45518347658106,-15.581356221735973,0.14753209675028417,0.1545365659314056,0.11031147898688166,False
429,2,-281.9691786505962,-16.095351395751095,0.01766570587260532,0.021672341898388955,0.018812049930637415,False
429,3,-282.16708474143604,-16.29325748659096,0.09502636164758893,0.023081711709637895,0.02184700429535106,False
429,4,-282.624819094269,-16.750991839423932,0.07873722973873122,0.010545513733297134,0.009159824200208186,False
429,5,-283.42993616818853,-17.55610891334345,0.04691355488376859,0.04242594104705458,0.03898768259868052,False
429,6,-282.27974831347933,-16.40592105863425,0.051184632831353556,0.03244074943872282,0.02545955714214567,False
429,7,-281.8359712695079,-15.96214401466284,0.060253277454650415,0.012694639661288679,0.011135600619063917,False
429,8,-280.8598891060177,-14.986061851172622,0.06752318791454616,0.009515972251947193,0.007086346347580112,False
429,9,-265.56471245681064,0.3091147980344431,2.2252591137838227,,,True
430,0,-265.8738272548451,0.0,2.3495349175970333,,,True
430,1,-281.4613328580983,-15.587505603253192,0.17713185243124097,0.10378232577025347,0.07539968766630106,False
430,2,-281.9724126615625,-16.098585406717405,0.02215764219180608,0.02561756599946741,0.022687768139414224,False
430,3,-282.1710315737945,-16.29720431894941,0.09580353055098653,0.0240993286782474,0.017844398510949752,False
430,4,-282.6272873882763,-16.75346013343119,0.07583013313864902,0.011384279462911715,0.009947453673986011,False
430,5,-283.4432047446776,-17.569377489832505,0.04437983698546668,0.04389212140548358,0.03816012781203298,False
430,6,-282.2875990449694,-16.413771790124315,0.04961125076298035,0.03537296800665301,0.02775569337514571,False
430,7,-281.8386788484671,-15.96485159362203,0.05764194705849978,0.012857850752315885,0.009537372488310776,False
430,8,-280.8645503059804,-14.990723051135319,0.06734372906234688,0.009392740250375134,0.0065153032028249435,False
430,9,-265.56471245681064,0.3091147980344431,2.2252591137838227,,,True
431,0,-265.8738272548451,0.0,2.3495349175970333,,,True
431,1,-281.4678950622654,-15.594067807420345,0.126517014979851,0.059283994800841525,0.046424002920211926,False
431,2,-281.9753716732082,-16.10154441836312,0.02515420786093845,0.028251252226937366,0.024226151123840075,False
431,3,-282.1746067482271,-16.300779493382038,0.09687873410016794,0.024100146872101404,0.02289432395313089,False
431,4,-282.630604300938,-16.756777046092907,0.07265115608950655,0.012066531158731146,0.010572261617673537,False
431,5,-283.4569664154068,-17.5831391605617,0.040053589915239475,0.04108081768086304,0.03376402369942618,False
431,6,-282.2960485846571,-16.422221329812032,0.05109842543178175,0.03642622940580143,0.02847415143997368,False
431,7,-281.8414033275989,-15.967576072753843,0.054018762358420784,0.012237329881958756,0.009472105828197425,False
431,8,-280.86897540186874,-14.995148147023656,0.0669671024151449,0.009317864210274446,0.006949555416414889,False
431,9,-265.56471245681064,0.3091147980344431,2.2252591137838227,,,True
432,0,-265.8738272548451,0.0,2.3495349175970333,,,True
432,1,-281.4739323682319,-15.600105113386803,0.12733047883201487,0.11988851997218025,0.08233809701225747,False
432,2,-281.97814713777257,-16.104319882927484,0.02726191194438925,0.029957257694410447,0.025207255492671176,False
432,3,-282.177839207278,-16.304011952432916,0.09839128239334752,0.017454860337461735,0.014582657388037223,False
432,4,-282.63478745502243,-16.76096020017735,0.06946370521638512,0.012539244508278887,0.010977553632014194,False
432,5,-283.470957953625,-17.597130698779893,0.045040710581232546,0.04591135463748452,0.0379528598293558,False
432,6,-282.30503520003515,-16.431207945190067,0.05083628950238091,0.03856788164337133,0.030073495245811453,False
432,7,-281.8441383932559,-15.970311138410807,0.04948466746058392,0.012392184047341206,0.009685398056626889,False
432,8,-280.8731089173126,-14.999281662467524,0.06696727293616557,0.009608127476103637,0.006740346115332498,False
432,9,-265.56471245681064,0.3091147980344431,2.2252591137838227,,,True
433,0,-265.8738272548451,0.0,2.3495349175970333,,,True
433,1,-281.4811370917682,-15.607309836923093,0.17806551463793333,0.11803085174289064,0.08705091810668394,False
433,2,-281.9807597061888,-16.10693245134371,0.028225452311427177,0.030572869139188635,0.0249860625881857,False
433,3,-282.18063347126633,-16.30680621642125,0.09945650907573952,0.020988462470938277,0.01688257599682827,False
433,4,-282.63971307196437,-16.765885817119283,0.06634405043888157,0.012794904511559952,0.011166608457085695,False
433,5,-283.4846081835526,-17.610780928707527,0.051263708001906265,0.05198931507941052,0.04320831655372184,False
433,6,-282.31446272236707,-16.440635467521986,0.051996970146316865,0.03990598286782323,0.03083006924369771,False
433,7,-281.84684623790196,-15.973018983056875,0.04436760308945332,0.012200978871176348,0.009883574843616499,False
433,8,-280.8769461788796,-15.003118924034538,0.0669340618670793,0.014004752320954581,0.009426731130917946,False
433,9,-265.56471245681064,0.3091147980344431,2.2252591137838227,,,True
434,0,-265.8738272548451,0.0,2.3495349175970333,,,True
434,1,-281.4894035439308,-15.615576289085709,0.1077305060552826,0.06307927348292136,0.05154052372458823,False
434,2,-281.9832739600608,-16.109446705215703,0.028077133494438244,0.030211570146127804,0.023897095786935503,False
434,3,-282.18321811937335,-16.309390864528268,0.1002403880664631,0.021909874902370386,0.019156094197742356,False
434,4,-282.6453590567738,-16.771531801928745,0.06322725068426709,0.012837173970534068,0.011151028276456948,False
434,5,-283.49802387675123,-17.62419662190615,0.05911518828462626,0.05971233446669894,0.04998399410391579,False
434,6,-282.32442400966727,-16.450596754822186,0.052470199971345444,0.0417062056269488,0.03215008441475435,False
434,7,-281.8495448224701,-15.975717567624997,0.03877882985077492,0.018476484229954473,0.012246590083114971,False
434,8,-280.8805377182478,-15.006710463402726,0.06710725915074661,0.02342697950046041,0.01510354944631853,False
434,9,-265.56471245681064,0.3091147980344431,2.2252591137838227,,,True
435,0,-265.8738272548451,0.0,2.3495349175970333,,,True
435,1,-281.497389741471,-15.623562486625929,0.1067329577486533,0.06530533737475266,0.05253711709821726,False
435,2,-281.98570991732396,-16.111882662478877,0.027100954954049912,0.029047213188839797,0.02275751312303706,False
435,3,-282.1856103120311,-16.311783057186005,0.10094186019137577,0.020207697628813776,0.017703150657595406,False
435,4,-282.65164399224307,-16.777816737397984,0.06023037564813506,0.012829168076460184,0.010927586982068669,False
435,5,-283.5117497911101,-17.637922536265023,0.06903999525130124,0.06951444055088327,0.05876745950112366,False
435,6,-282.33492753796213,-16.461100283117048,0.05344449420205756,0.04359724880672788,0.033669985190749645,False
435,7,-281.8522012451152,-15.978373990270143,0.038390370668004395,0.0380875832226545,0.02428980695803155,False
435,8,-280.88386466484934,-15.010037410004259,0.08500272958648684,0.0454634746868695,0.028433234530515408,False
435,9,-265.56471245681064,0.3091147980344431,2.2252591137838227,,,True
436,0,-265.8738272548451,0.0,2.3495349175970333,,,True
436,1,-281.5047698813277,-15.630942626482636,0.15989630718116157,0.09152904135650286,0.07071873572552563,False
436,2,-281.98802740538434,-16.11420015053926,0.025546318060775987,0.02731685460472094,0.021168884732759907,False
436,3,-282.1879418444985,-16.3141145896534,0.10207323880904803,0.02059571342111157,0.018563116762779195,False
436,4,-282.6583730251216,-16.78454577027651,0.057483281911884856,0.013393342550725208,0.011297339798007986,False
436,5,-283.5263111264107,-17.652483871565607,0.0808878645030208,0.081252147204109,0.06934358849480225,False
436,6,-282.3459122907337,-16.472085035888597,0.05499390498079717,0.04569014996549146,0.035357127367462785,False
436,7,-281.85467727709465,-15.98085002224957,0.07865867011218113,0.07860778384469135,0.049121117983311965,False
436,8,-280.8868355599021,-15.013008305057042,0.09160136373646682,0.0834441828542804,0.05359275212545242,False
436,9,-265.56471245681064,0.3091147980344431,2.2252591137838227,,,True
437,0,-265.8738272548451,0.0,2.3495349175970333,,,True
437,1,-281.51280496129993,-15.638977706454853,0.11009882657072907,0.09864415295135563,0.07613346535235448,False
437,2,-281.99018541279474,-16.116358157949662,0.023764761720501737,0.02536772059756084,0.01941095471097231,False
437,3,-282.1903692270864,-16.31654197224134,0.1028436166118663,0.024121195233903173,0.022306192418380458,False
437,4,-282.6653616207261,-16.791534365881034,0.0549612913892516,0.0136462242425855,0.011341712948400483,False
437,5,-283.5421209993714,-17.668293744526295,0.09329513073286405,0.09357015821110523,0.08017946566539172,False
437,6,-282.3573728174325,-16.483545562587437,0.056745792721916606,0.04800812540245427,0.0372777434752007,False
437,7,-281.85696884628896,-15.983141591443882,0.10988108691339186,0.10983725342647672,0.06854381115112923,False
437,8,-280.889666287698,-15.01583903285291,0.14990469477947077,0.11109104973002634,0.07024051096203589,False
437,9,-265.56471245681064,0.3091147980344431,2.2252591137838227,,,True
438,0,-265.8738272548451,0.0,2.3495349175970333,,,True
438,1,-281.5206020367194,-15.646774781874342,0.10300598374559862,0.057961383846071524,0.047635795377793236,False
438,2,-281.9921776054309,-16.118350350585843,0.021984873321842412,0.023383699624159485,0.017689061182988634,False
438,3,-282.19297908371607,-16.319151828870986,0.1033407339649683,0.026052231575364397,0.0243400741926343,False
438,4,-282.67250875623074,-16.79868150138566,0.052680859128447374,0.013752634465234673,0.011564748305992977,False
438,5,-283.5596120697344,-17.685784814889303,0.10504707787952887,0.10525161967718082,0.09018454391904662,False
438,6,-282.36930874682207,-16.49548149197699,0.05874701271093772,0.0502769690583875,0.03919211766298355,False
438,7,-281.85949782596674,-15.98567057112166,0.1128333188759697,0.11282040078048754,0.0702882954215918,False
438,8,-280.8928554412304,-15.019028186385299,0.10232286853056045,0.09464231297179858,0.06067438322997946,False
438,9,-265.56471245681064,0.3091147980344431,2.2252591137838227,,,True
439,0,-265.8738272548451,0.0,2.3495349175970333,,,True
439,1,-281.5278461995859,-15.654018944740812,0.13932072955994868,0.05835061706165079,0.04904470514071422,False
439,2,-281.99400436463213,-16.12017710978705,0.02031259944536521,0.0214953289512228,0.01602159075833833,False
439,3,-282.1958468119177,-16.322019557072622,0.10357333034583104,0.024492864510689338,0.022980845970501013,False
439,4,-282.67969405722283,-16.80586680237775,0.0507128379663628,0.013788126167004167,0.011716771114919073,False
439,5,-283.57903034700195,-17.705203092156864,0.1159644062454168,0.11611140933795837,0.09921064896396765,False
439,6,-282.38156469505554,-16.507737440210462,0.0608634877463752,0.05212911227365644,0.04079462182102437,False
439,7,-281.8621974587814,-15.988370203936313,0.06887651652535981,0.06884153543657355,0.043773929979573446,False
439,8,-280.8961421313654,-15.02231487652034,0.07664405509229183,0.036240736078428086,0.023739361661596337,False
439,9,-265.56471245681064,0.3091147980344431,2.2252591137838227,,,True
440,0,-265.8738272548451,0.0,2.3495349175970333,,,True
440,1,-281.53490936004334,-15.661082105198261,0.11973572526208884,0.06997430807263454,0.053882299395625,False
440,2,-281.99568871300136,-16.121861458156275,0.01874674547784895,0.019738097037840945,0.014395774206226002,False
440,3,-282.19898649013663,-16.32515923529155,0.10333375813798842,0.022609687868504827,0.02111114353642367,False
440,4,-282.6868569974212,-16.813029742576134,0.04906698678016307,0.013724000789891883,0.01177752403444037,False
440,5,-283.6006566418731,-17.726829387028033,0.12589480474995626,0.12599627598854093,0.10661609584208533,False
440,6,-282.3939652064171,-16.520137951571996,0.06274776424245021,0.0532252265309298,0.0418603211453806,False
440,7,-281.8646945830916,-15.990867328246509,0.011843218548789504,0.01174239861168455,0.010960984116105153,False
440,8,-280.8990796450753,-15.025252390230207,0.07059816629111779,0.030786160993896323,0.020542687929906756,False
440,9,-265.56471245681064,0.3091147980344431,2.2252591137838227,,,True
441,0,-265.8738272548451,0.0,2.3495349175970333,,,True
441,1,-281.54140493237946,-15.667577677534382,0.10368088067770152,0.05344308244404642,0.04208629682898629,False
441,2,-281.9972405080146,-16.12341325316953,0.017216261701340003,0.018063896009798013,0.01282302642440271,False
441,3,-282.20237136606704,-16.32854411122196,0.10288257800226328,0.022570557223174532,0.020938274248599575,False
441,4,-282.69390877203466,-16.82008151718958,0.047682287672795455,0.013551572598642522,0.011901756145820333,False
441,5,-283.624563465979,-17.750736211133926,0.13496522424867322,0.13503731840217711,0.11226092105629322,False
441,6,-282.40622711680516,-16.532399861960073,0.06446276247429086,0.053156279858081724,0.041923724895389,False
441,7,-281.86676110094913,-15.992933846104052,0.05714182154739622,0.05714569456356854,0.03670396013060174,False
441,8,-280.9018407987983,-15.028013543953193,0.07662507674454938,0.0689188001281603,0.04434152147290388,False
441,9,-265.56471245681064,0.3091147980344431,2.2252591137838227,,,True
442,0,-265.8738272548451,0.0,2.3495349175970333,,,True
442,1,-281.54812067992066,-15.674293425075575,0.1106363679136411,0.024383704001190512,0.019858726925781642,False
442,2,-281.9986720101814,-16.124844755336312,0.015637711714199618,0.016407508412469244,0.012845497578776533,False
442,3,-282.20596850195057,-16.332141247105483,0.10243492624844397,0.022878238221850755,0.021143913919875613,False
442,4,-282.70080652514696,-16.826979270301877,0.04648080341091929,0.013344569312533376,0.01250705620653294,False
442,5,-283.6510500618507,-17.777222807005614,0.14437072044069135,0.144428037620126,0.11744141785495331,False
442,6,-282.4181774043573,-16.54435014951224,0.06565122589394995,0.05197287433681177,0.04114520658647832,False
442,7,-281.86882739322493,-15.99500013837985,0.058169578397076864,0.058200060534689256,0.037418530821056055,False
442,8,-280.9049209600231,-15.031093705178023,0.0763013197022057,0.03781983927385948,0.02483164523907648,False
442,9,-265.56471245681064,0.3091147980344431,2.2252591137838227,,,True
443,0,-265.8738272548451,0.0,2.3495349175970333,,,True
443,1,-281.55379120591385,-15.679963951068771,0.13221798931247672,0.05817360538974726,0.0447776419933303,False
443,2,-281.9999932472771,-16.126165992431993,0.014041055853503783,0.014758215913590712,0.013343568148199949,False
443,3,-282.20977019585393,-16.335942941008852,0.1019039696098033,0.02180516471204595,0.020113588768719753,False
443,4,-282.70752120895725,-16.833693954112164,0.0454300921460918,0.013246762372146954,0.013115549701876523,False
443,5,-283.6811084196221,-17.80728116477701,0.15522357848461096,0.1552763358405256,0.1234861924957105,False
443,6,-282.4297713187069,-16.55594406386183,0.06544822493614737,0.05034853650707203,0.04046759289453424,False
443,7,-281.87095134578317,-15.997124090938087,0.013493915938976366,0.012845419739752882,0.01218490890045026,False
443,8,-280.9079105567637,-15.0340833019186,0.07260402164311554,0.02692625861350349,0.018108440516905175,False
443,9,-265.56471245681064,0.3091147980344431,2.2252591137838227,,,True
444,0,-265.8738272548451,0.0,2.3495349175970333,,,True
444,1,-281.5598126914092,-15.685985436564124,0.111942080653918,0.026495556035083787,0.022198748052774386,False
444,2,-282.00120937618476,-16.12738212133968,0.014418321228028124,0.014810962296628693,0.01371627297806384,False
444,3,-282.21372977336387,-16.339902518518784,0.10119978311419557,0.0198872695936047,0.01816533021985339,False
444,4,-282.71401265481046,-16.840185399965378,0.044497202668709865,0.013762008934867264,0.013730349007325058,False
444,5,-283.7161312088898,-17.842303954044723,0.16497177085294865,0.16502526017986716,0.1511475102271564,False
444,6,-282.44100842790897,-16.567181173063886,0.06488260542450149,0.048256249337302645,0.039396544872382894,False
444,7,-281.87274640157864,-15.998919146733556,0.04869355065657887,0.0487416913777509,0.031029367516308196,False
444,8,-280.9108320463803,-15.037004791535196,0.07420794354765221,0.04911274075422534,0.031915868236624484,False
444,9,-265.56471245681064,0.3091147980344431,2.2252591137838227,,,True
445,0,-265.8738272548451,0.0,2.3495349175970333,,,True
445,1,-281.5648995636055,-15.691072308760397,0.10357989483184461,0.048175791772280166,0.03569182709755327,False
445,2,-282.002324504998,-16.12849725015292,0.014826832424646072,0.015235163784844543,0.01394402674380213,False
445,3,-282.21780675489094,-16.34397950004586,0.10029274135444045,0.01841385226443936,0.01647510662685951,False
445,4,-282.7202379749667,-16.84641072012164,0.04364248017313215,0.014386285572129117,0.014353217662774429,False
445,5,-283.7571719343416,-17.88334467949653,0.2065110783895913,0.20540861412173694,0.19066820263747658,False
445,6,-282.4518569350816,-16.57802968023651,0.06417766522578544,0.04585586287527817,0.03795044311405836,False
445,7,-281.87458837741593,-16.00076112257085,0.028467280435541756,0.02864580305397601,0.01934769474430487,False
445,8,-280.9139412129706,-15.040113958125517,0.07568974848185386,0.02503930701402193,0.017766901716107553,False
445,9,-265.56471245681064,0.3091147980344431,2.2252591137838227,,,True
446,0,-265.8738272548451,0.0,2.3495349175970333,,,True
446,1,-281.57007167911775,-15.696244424272663,0.1051195283732685,0.03241877632849813,0.02544542106658425,False
446,2,-282.00334724598133,-16.12951999113625,0.015271638305757222,0.015699949433046142,0.0143942511656648,False
446,3,-282.2219409702582,-16.348113715413092,0.09919251687105693,0.01771329676839921,0.015474244952864027,False
446,4,-282.72618302459693,-16.852355769751853,0.0428226375018605,0.015020452833567906,0.014985969726881206,False
446,5,-283.8026916031122,-17.928864348267098,0.21358508743883467,0.21219660810369537,0.19906919400755568,False
446,6,-282.4622709012457,-16.588443646400606,0.06311096746540132,0.04335474115684634,0.03635843791906409,False
446,7,-281.8762574900396,-16.002430235194538,0.033759072736056536,0.03393317472048705,0.022631843892575196,False
446,8,-280.9168985637974,-15.043071308952335,0.07745933785853382,0.04072136021003587,0.026945702369762077,False
446,9,-265.56471245681064,0.3091147980344431,2.2252591137838227,,,True
447,0,-265.8738272548451,0.0,2.3495349175970333,,,True
447,1,-281.57464600893854,-15.700818754093461,0.11761464412605717,0.041467853900125425,0.03182864069469153,False
447,2,-282.0042946673833,-16.130467412538223,0.01575350403222073,0.01620513914906313,0.01502807538255487,False
447,3,-282.2261309656083,-16.352303710763238,0.09798154818063104,0.01723925287258093,0.01472425129325083,False
447,4,-282.7318929054471,-16.858065650602043,0.04200055456001293,0.015661553001879765,0.015625768079326745,False
447,5,-283.84543459242286,-17.97160733757778,0.26425568074735445,0.2641222414245152,0.1972777801585566,False
447,6,-282.47229215541745,-16.598464900572367,0.06174704913379442,0.040668513219329135,0.034510575445077754,False
447,7,-281.8778749331858,-16.004047678340726,0.02881873430384042,0.02894138080985175,0.018996057874101857,False
447,8,-280.9200238426872,-15.046196587842132,0.07977765589569101,0.030098704429376018,0.02143405582206981,False
447,9,-265.56471245681064,0.3091147980344431,2.2252591137838227,,,True
448,0,-265.8738272548451,0.0,2.3495349175970333,,,True
448,1,-281.5792189928918,-15.705391738046728,0.11587495097743264,0.03615812800798057,0.027303253717584033,False
448,2,-282.0051972499125,-16.131369995067416,0.016243773886756362,0.01672180190072067,0.015569022404224446,False
448,3,-282.2304553866871,-16.356628131842,0.09677566471002938,0.016323438847934055,0.01365686336946133,False
448,4,-282.7375132545984,-16.86368599975333,0.04114116846205013,0.016300612823828997,0.016263205840330846,False
448,5,-283.8778085601169,-18.003981305271793,0.45101084316158474,0.4508398317460715,0.3086611616842598,False
448,6,-282.48215544553636,-16.60832819069128,0.06040317679024405,0.03984152050454419,0.034854757916533176,False
448,7,-281.87943058484666,-16.005603330001577,0.031805257934148796,0.03193813313578742,0.020795107893462565,False
448,8,-280.92314380540233,-15.04931655055725,0.08253773317627938,0.03672640217006504,0.024779521910976113,False
448,9,-265.56471245681064,0.3091147980344431,2.2252591137838227,,,True
449,0,-265.8738272548451,0.0,2.3495349175970333,,,True
449,1,-281.583696604986,-15.709869350140934,0.10294934474899126,0.041707724155544676,0.03434414752482487,False
449,2,-282.00607485108077,-16.132247596235686,0.016721556750159235,0.0172302622575516,0.01598478379330261,False
449,3,-282.23494339273407,-16.361116137888985,0.09564250588918581,0.014875304140964812,0.012158452396684146,False
449,4,-282.743141905112,-16.869314650266915,0.04023625753357706,0.016912485735416215,0.016872295149987206,False
449,5,-283.9108353151489,-18.037008060303833,0.5325389442476003,0.5323662544722598,0.3806559450620488,False
449,6,-282.49202051239615,-16.61819325755107,0.05911782344670917,0.04043660159896258,0.034955802448776906,False
449,7,-281.8810033768931,-16.00717612204801,0.01940392291423759,0.0197233764426944,0.013847793672121092,False
449,8,-280.9265636596915,-15.052736404846428,0.08576029177100361,0.036863336801054275,0.026340925524233026,False
449,9,-265.56471245681064,0.3091147980344431,2.2252591137838227,,,True
450,0,-265.8738272548451,0.0,2.3495349175970333,,,True
450,1,-281.5880744289751,-15.714247174130037,0.0986903273273363,0.0427843125063661,0.030000748821030685,False
450,2,-282.0069177830647,-16.13309052821961,0.017219119516538914,0.01776247758199019,0.016455476549432222,False
450,3,-282.2395077569911,-16.365680502146006,0.09458595555215563,0.01443401661198981,0.012132535081405639,False
450,4,-282.7486862640527,-16.874859009207626,0.03933013067158398,0.017463156059551403,0.017418614335059358,False
450,5,-283.9547578937443,-18.08093063889919,0.35851277869145876,0.3582754895952596,0.2913432018284399,False
450,6,-282.5017253601829,-16.627898105337806,0.05731521201950295,0.041018286725176545,0.034745688497049385,False
450,7,-281.88248166661447,-16.008654411769385,0.03398252516912791,0.03418427976756344,0.022725842694499156,False
450,8,-280.9300586528359,-15.056231397990814,0.08966017649332297,0.040102376864826705,0.028033749733989026,False
450,9,-265.56471245681064,0.3091147980344431,2.2252591137838227,,,True
451,0,-265.8738272548451,0.0,2.3495349175970333,,,True
451,1,-281.59238149884436,-15.718554243999279,0.09870320965353069,0.04676096540222609,0.035002868271464226,False
451,2,-282.00772953018475,-16.133902275339665,0.01775996603054922,0.018341213582599023,0.01712125880887908,False
451,3,-282.2441441746421,-16.370316919797006,0.09353389139129843,0.014545802269935218,0.012288094128106618,False
451,4,-282.7541261927181,-16.88029893787302,0.03847701888217995,0.017951727198877436,0.017901311210185088,False
451,5,-283.98704206982023,-18.11321481497515,0.13277408166344426,0.13281041437198937,0.12277057356790595,False
451,6,-282.5112483803681,-16.63742112552302,0.05434029408428241,0.04134446114792171,0.034363507238961775,False
451,7,-281.88399808021575,-16.010170825370665,0.018112001713676627,0.01357794364894802,0.012596447500783611,False
451,8,-280.9337949143257,-15.059967659480606,0.09454106569594498,0.04527300431505977,0.03191374558090346,False
451,9,-265.56471245681064,0.3091147980344431,2.2252591137838227,,,True
452,0,-265.8738272548451,0.0,2.3495349175970333,,,True
452,1,-281.59686146623,-15.723034211384913,0.1074845365212047,0.049521329061888705,0.03446794898986554,False
452,2,-282.0085548984363,-16.13472764359119,0.018363275027706315,0.018984888811450773,0.01790249865456839,False
452,3,-282.24908796414326,-16.375260709298175,0.09235803275644493,0.014566896357395477,0.012331854678179894,False
452,4,-282.7597156126965,-16.8858883578514,0.03769841901186676,0.018413382573895732,0.018355891115412963,False
452,5,-283.99288281424083,-18.119055559395747,0.25171140585984475,0.25189066560059675,0.21048038479394782,False
452,6,-282.5210451176864,-16.64721786284133,0.05037119598651763,0.04110863681885,0.03394629287155993,False
452,7,-281.8854700151724,-16.011642760327334,0.03314557279507462,0.03333902097252288,0.021664583180409872,False
452,8,-280.9379494775246,-15.064122222679543,0.10097237129106033,0.052497695655194826,0.03765112446662553,False
452,9,-265.56471245681064,0.3091147980344431,2.2252591137838227,,,True
453,0,-265.8738272548451,0.0,2.3495349175970333,,,True
453,1,-281.6016377715371,-15.727810516692045,0.10844891017802163,0.053466791672663466,0.03630008826765506,False
453,2,-282.0094265087527,-16.13559925390763,0.01895717972888231,0.01962221525891504,0.018552583173841966,False
453,3,-282.2544923134507,-16.380665058605643,0.09103359148255015,0.014514582179485442,0.012441191411336414,False
453,4,-282.7656395085389,-16.891812253693843,0.03697091114167076,0.018867643460699746,0.018803010964204205,False
453,5,-283.9867984344268,-18.112971179581734,0.33295300161504693,0.3330598757712075,0.22538784786549895,False
453,6,-282.5313901472815,-16.65756289243643,0.04655724707003187,0.04086366201713385,0.03322068272814452,False
453,7,-281.8871033958775,-16.013276141032406,0.019809673822684094,0.014110807286254674,0.012123391582939597,False
453,8,-280.9428664772814,-15.069039222436345,0.10962872242971658,0.06057667132624804,0.043282561542265334,False
453,9,-265.56471245681064,0.3091147980344431,2.2252591137838227,,,True
454,0,-265.8738272548451,0.0,2.3495349175970333,,,True
454,1,-281.60690520383775,-15.733077948992673,0.09634457801900832,0.058591812377014066,0.038386705579305964,False
454,2,-282.01034110617354,-16.13651385132846,0.0195424910704246,0.020252920713588654,0.01910310720988584,False
454,3,-282.2603067951866,-16.386479540341497,0.08961801037394984,0.014428418570764321,0.01252715367701921,False
454,4,-282.7718377714243,-16.898010516579234,0.03627323540064541,0.01928092437914401,0.019210126155445706,False
454,5,-283.98785105592725,-18.11402380108217,0.303938817981049,0.30396484043313465,0.21982627134863528,False
454,6,-282.5421510345155,-16.668323779670402,0.0440020421060113,0.04103331270551301,0.031959650758782376,False
454,7,-281.88872378205775,-16.01489652721267,0.031160607844865282,0.03137221701499182,0.020823776056835153,False
454,8,-280.94871120670155,-15.074883951856464,0.12129324096439895,0.07036823329238047,0.049641017289468396,False
454,9,-265.56471245681064,0.3091147980344431,2.2252591137838227,,,True
455,0,-265.8738272548451,0.0,2.3495349175970333,,,True
455,1,-281.6124850060235,-15.738657751178437,0.09017545715690076,0.0638808772649032,0.04421607720946656,False
455,2,-282.0112806352844,-16.137453380439297,0.020185104746333674,0.020940453175156897,0.019796491320512106,False
455,3,-282.2663751633795,-16.392547908534425,0.08816965690716759,0.014341120825360702,0.012564126829231673,False
455,4,-282.7781424649253,-16.9043152100802,0.03558906209169702,0.01958821451930372,0.019510733931610034,False
455,5,-283.99783064401635,-18.124003389171264,0.23780123429757705,0.237888210537523,0.16330204335637385,False
455,6,-282.55307155142907,-16.679244296583988,0.04260841575941029,0.04142345215460779,0.03270183645674131,False
455,7,-281.8904315677232,-16.016604312878144,0.021003786495517388,0.014789327538424709,0.012396059693292102,False
455,8,-280.95563204135266,-15.081804786507575,0.13677835832251395,0.08412448133454478,0.05925528972225476,False
455,9,-265.56471245681064,0.3091147980344431,2.2252591137838227,,,True
456,0,-265.8738272548451,0.0,2.3495349175970333,,,True
456,1,-281.6183948623881,-15.74456760754299,0.0916124499392689,0.06844528827493516,0.05086329618529431,False
456,2,-282.01224302180526,-16.13841576696018,0.020919373974816004,0.021715837745208563,0.020732727051415895,False
456,3,-282.27264662924324,-16.39881937439816,0.08670209819462703,0.014333621016910316,0.012525635041626302,False
456,4,-282.7844900175529,-16.91066276270783,0.03490119086275202,0.019722182619701944,0.01963317914539793,False
456,5,-284.00492112700726,-18.131093872162182,0.3236943683132839,0.32352653814460375,0.24470317617838513,False
456,6,-282.56413637946855,-16.690309124623468,0.041245849919498485,0.04115710343165158,0.03553246231224222,False
456,7,-281.8920765348371,-16.018249279992006,0.02847218203218697,0.028697177362036506,0.01836105188084851,False
456,8,-280.9641609882562,-15.090333733411114,0.15714694331765253,0.10305962134643029,0.07299005454338486,False
456,9,-265.56471245681064,0.3091147980344431,2.2252591137838227,,,True
457,0,-265.8738272548451,0.0,2.3495349175970333,,,True
457,1,-281.62481671134844,-15.750989456503362,0.09757305617561984,0.0706546463154241,0.05144721856027305,False
457,2,-282.01323809246935,-16.13941083762427,0.021698091233536422,0.022528652409265475,0.021666689285347516,False
457,3,-282.27914974701025,-16.40532249216517,0.085235121647559,0.014265370443917309,0.012422230183151946,False
457,4,-282.79089860492013,-16.917071350075048,0.03420180977381266,0.019619597899347436,0.01951078189481557,False
457,5,-284.0103177072756,-18.136490452430508,0.3466744196551184,0.3465905077668773,0.2521479429637123,False
457,6,-282.57546993052506,-16.701642675679977,0.042729315904120165,0.039701342766530236,0.03826029215162527,False
457,7,-281.89376796758705,-16.01994071274197,0.021976125392394744,0.015511754238835261,0.012793243393200539,False
457,8,-280.9750440569514,-15.101216802106308,0.18357326220859463,0.12654246089330945,0.08920794388761114,False
457,9,-265.56471245681064,0.3091147980344431,2.2252591137838227,,,True
458,0,-265.8738272548451,0.0,2.3495349175970333,,,True
458,1,-281.6314860274231,-15.757658772577997,0.10013124713524246,0.07167180230122722,0.048869025165272195,False
458,2,-282.0142556781716,-16.14042842332651,0.02243969481287636,0.023296924145498978,0.022403702482545983,False
458,3,-282.28577358577905,-16.411946330933972,0.08384780230412504,0.014153384762869588,0.01228646546825021,False
458,4,-282.79726088132145,-16.923433626476367,0.03352238733254034,0.019243031863776884,0.019106722808946233,False
458,5,-284.024130430657,-18.150303175811928,0.24483084001850755,0.24484083316505004,0.180834531616773,False
458,6,-282.58695276279957,-16.713125507954487,0.04522460670692695,0.041843303038282376,0.040705887930487544,False
458,7,-281.8953961022264,-16.02156884738133,0.022331567225938306,0.022198818327117467,0.015218087424056774,False
458,8,-280.98940547960115,-15.115578224756064,0.2160024807188957,0.15362494737816243,0.10638027042108711,False
458,9,-265.56471245681064,0.3091147980344431,2.2252591137838227,,,True
459,0,-265.8738272548451,0.0,2.3495349175970333,,,True
459,1,-281.6384023707837,-15.764575115938612,0.09867651937969965,0.07200480089808074,0.04867870872194134,False
459,2,-282.01527742368285,-16.141450168837764,0.023198899048917088,0.024075695726684346,0.023093300043341515,False
459,3,-282.292363437321,-16.41853618247592,0.08260823449659857,0.014514835391224525,0.01213179275461351,False
459,4,-282.8034249288846,-16.92959767403954,0.03291991761460598,0.018595367136976775,0.018427152222774402,False
459,5,-284.04453397323493,-18.17070671838985,0.1908623938653932,0.1908519121636203,0.1681314180785258,False
459,6,-282.5983891601328,-16.724561905287715,0.04764212750621081,0.04416243512963133,0.04293188115835581,False
459,7,-281.89696966625115,-16.02314241140607,0.022659038308549644,0.019894588700418075,0.013866340766412941,False
459,8,-281.00833020536,-15.1345029505149,0.2523073939356228,0.18337895454552194,0.12384265349281509,False
459,9,-265.56471245681064,0.3091147980344431,2.2252591137838227,,,True
460,0,-265.8738272548451,0.0,2.3495349175970333,,,True
460,1,-281.6452610874775,-15.771433832632397,0.09731150366618387,0.07037675105158904,0.05171517938420191,False
460,2,-282.01629880779234,-16.142471552947256,0.0240529386257331,0.024943857904443156,0.02397822977479044,False
460,3,-282.29886405942983,-16.42503680458475,0.0815141723276514,0.014886053387966862,0.012679381764493404,False
460,4,-282.8093358335654,-16.935508578720317,0.03244116623471573,0.01951430724284433,0.017501152470977423,False
460,5,-284.06161929308615,-18.18779203824107,0.16910188722943514,0.16893749705135705,0.11865318490850718,False
460,6,-282.60976325296394,-16.735935998118862,0.051389172032389074,0.04709272590294769,0.04525208593017921,False
460,7,-281.8984667285992,-16.02463947375412,0.023033887537474977,0.016211303190642075,0.013030906183879995,False
460,8,-281.03358505717233,-15.159757802327249,0.287938433905502,0.2122804315393042,0.1389562282930623,False
460,9,-265.56471245681064,0.3091147980344431,2.2252591137838227,,,True
461,0,-265.8738272548451,0.0,2.3495349175970333,,,True
461,1,-281.6519986544384,-15.778171399593305,0.09301850249388341,0.06570290350332797,0.05315046942871475,False
461,2,-282.01732670305194,-16.143499448206853,0.024998961818401947,0.02589863372063075,0.025016251726700987,False
461,3,-282.30528853466404,-16.43146127981896,0.08051920229654422,0.015205705390490369,0.013324454636877849,False
461,4,-282.815020041367,-16.941192786521924,0.03209811705723213,0.021021532239379043,0.017780074068418892,False
461,5,-284.074560578341,-18.20073332349591,0.2428886419637548,0.24258082360811173,0.21645540909083538,False
461,6,-282.62118811495714,-16.747360860112053,0.056498758708620714,0.05190837593942064,0.04805976433849707,False
461,7,-281.8998734728327,-16.02604621798764,0.023471707488121125,0.022820390768058495,0.0153059368345063,False
461,8,-281.06667852427046,-15.192851269425375,0.3139585317917011,0.23151257891028892,0.14788919899580064,False
461,9,-265.56471245681064,0.3091147980344431,2.2252591137838227,,,True
462,0,-265.8738272548451,0.0,2.3495349175970333,,,True
462,1,-281.6584177443011,-15.784590489456036,0.08575410598561035,0.05727099255211127,0.0492807306190224,False
462,2,-282.01835696199555,-16.14452970715047,0.025960781947589318,0.02686381068885093,0.02597992346242205,False
462,3,-282.31157960129553,-16.437752346450452,0.07960183420147379,0.015472334014627434,0.013892865080025466,False
462,4,-282.82045498177075,-16.94662772692567,0.031867862000304344,0.0228561637728724,0.019512538848084286,False
462,5,-284.091103764218,-18.217276509372937,0.22108687834515037,0.2207269040203805,0.20148887470560495,False
462,6,-282.6326414059022,-16.758814151057095,0.062081137231906454,0.057207494829327174,0.05153103116228806,False
462,7,-281.9012331574596,-16.027405902614532,0.023931128536107366,0.01621036269272421,0.01316704643855546,False
462,8,-281.1070408661022,-15.2332136112571,0.31463915911659546,0.22824808435843247,0.13794867576268013,False
462,9,-265.56471245681064,0.3091147980344431,2.2252591137838227,,,True
463,0,-265.8738272548451,0.0,2.3495349175970333,,,True
463,1,-281.6642400280907,-15.790412773245635,0.0906194061222457,0.04603262133180274,0.04121755390078913,False
463,2,-282.0193840898854,-16.14555683504034,0.02691626082097357,0.027819299962124875,0.026816142629060315,False
463,3,-282.3176785662545,-16.44385131140939,0.07876458766317393,0.01568494973964289,0.014358157126522747,False
463,4,-282.8256130515163,-16.95178579667123,0.03268340826667352,0.02497606518972303,0.0214898846878273,False
463,5,-284.1095814746386,-18.235754219793535,0.12254851310586098,0.12280621013412225,0.10435763959152655,False
463,6,-282.64409028007026,-16.770263025225177,0.06805542413101208,0.06291273250635106,0.05556466952697882,False
463,7,-281.90247758657347,-16.028650331728386,0.024366659390556804,0.020571445369446648,0.014598449948592303,False
463,8,-281.14969794005896,-15.275870685213874,0.27180227560266323,0.20073106296192625,0.18000356196721404,False
463,9,-265.56471245681064,0.3091147980344431,2.2252591137838227,,,True
464,0,-265.8738272548451,0.0,2.3495349175970333,,,True
464,1,-281.6695455229574,-15.795718268112296,0.08620789119675913,0.03912406076450543,0.03448072497220093,False
464,2,-282.020422759301,-16.146595504455945,0.027949176601180636,0.02885173816678817,0.027691888634156878,False
464,3,-282.32364538024694,-16.449818125401862,0.07801393382768372,0.015847895096323325,0.014741689259398626,False
464,4,-282.83056759021053,-16.956740335365453,0.03504915379450126,0.027362351465870627,0.023705056773354376,False
464,5,-284.1260631225372,-18.252235867692093,0.15025874906305395,0.15025911382793394,0.11988671561115687,False
464,6,-282.65572158200587,-16.781894327160785,0.07443759096548463,0.06901126882038727,0.05993517406807786,False
464,7,-281.90369054488497,-16.029863290039884,0.024738281692309592,0.015563015848665606,0.012905934279718135,False
464,8,-281.18249241251976,-15.308665157674682,0.25588982883363454,0.2537766425483505,0.22689891872113133,False
464,9,-265.56471245681064,0.3091147980344431,2.2252591137838227,,,True
465,0,-265.8738272548451,0.0,2.3495349175970333,,,True
465,1,-281.6743564196999,-15.800529164854822,0.07904642168635229,0.04328519115680462,0.03752585743476974,False
465,2,-282.02150887652806,-16.147681621682977,0.02915431998319733,0.03005840142971526,0.028787400588533622,False
465,3,-282.3296460438132,-16.455818788968145,0.07736031502825881,0.01596795725692359,0.015081332863922568,False
465,4,-282.8354846922118,-16.96165743736674,0.0377304439273254,0.03004911632295381,0.026192413113481382,False
465,5,-284.14171889299024,-18.26789163814516,0.1757758165812503,0.17577600284153103,0.12408220494385078,False
465,6,-282.6679357327175,-16.79410847787244,0.08133010850648456,0.0755714798805988,0.06444714972203361,False
465,7,-281.9048684878385,-16.031041232993402,0.024992252875986817,0.014960724190606286,0.012497804472492222,False
465,8,-281.19341637964715,-15.319589124802064,0.4428663230674832,0.4542099618015086,0.2736834311820275,False
465,9,-265.56471245681064,0.3091147980344431,2.2252591137838227,,,True
466,0,-265.8738272548451,0.0,2.3495349175970333,,,True
466,1,-281.678715252955,-15.804887998109905,0.07667862899181431,0.04985794922484033,0.040118842784001414,False
466,2,-282.0226765501847,-16.14884929533963,0.030575635237928073,0.0314838219422433,0.030119727812330254,False
466,3,-282.3358095032015,-16.461982248356435,0.07682337958059715,0.016049117661304416,0.015390455287769568,False
466,4,-282.84050386530805,-16.96667661046297,0.04076580380687524,0.033070328053799614,0.028972369302804012,False
466,5,-284.15498305712345,-18.281155802278363,0.12962298020990415,0.12962311073712462,0.11392792998094092,False
466,6,-282.6810789562102,-16.80725170136509,0.08878544734934868,0.08261955437425351,0.06896748653764266,False
466,7,-281.90605657775404,-16.03222932290896,0.02505777538080683,0.01907201912854293,0.013501630529691715,False
466,8,-281.19443771214776,-15.320610457302678,0.5547689550829993,0.54200361862968,0.35569071423162424,False
466,9,-265.56471245681064,0.3091147980344431,2.2252591137838227,,,True
467,0,-265.8738272548451,0.0,2.3495349175970333,,,True
467,1,-281.682640996621,-15.808813741775907,0.07623749882456053,0.04848595043691579,0.03773075519377937,False
467,2,-282.02393247184193,-16.15010521699685,0.03221181666877809,0.033127561205105384,0.03161596502011271,False
467,3,-282.34209381297615,-16.468266558131063,0.0764267437003658,0.01608784985860652,0.015638535517287135,False
467,4,-282.8456225920896,-16.971795337244544,0.04409559040855204,0.036358668822560274,0.031966390187241366,False
467,5,-284.16244964924124,-18.288622394396157,0.19334089277444927,0.19345217049352592,0.1692093176079265,False
467,6,-282.69517772876213,-16.82135047391705,0.09687095194470087,0.0901926034813712,0.0733563239357483,False
467,7,-281.9072733021821,-16.03344604733701,0.02485659520222651,0.013293701255687441,0.01102633620085474,False
467,8,-281.20546297628596,-15.331635721440875,0.3612758232158559,0.34631732574878654,0.3139399828626804,False
467,9,-265.56471245681064,0.3091147980344431,2.2252591137838227,,,True
468,0,-265.8738272548451,0.0,2.3495349175970333,,,True
468,1,-281.6861182600437,-15.812291005198631,0.07824218830508872,0.061922962377202594,0.0452865777436336,False
468,2,-282.0252854083176,-16.151458153472504,0.034085210054262856,0.03501523437857726,0.03326313666445913,False
468,3,-282.3484523114769,-16.474625056631794,0.07617157628967457,0.01612946258761863,0.015762144326482565,False
468,4,-282.8508337684847,-16.977006513639594,0.04762340034589921,0.03980503993320195,0.03506182102370525,False
468,5,-284.1644815147718,-18.290654259926725,0.21724549767840476,0.2174108057425482,0.2086108828070118,False
468,6,-282.71029481807864,-16.836467563233555,0.10596209668751419,0.09860909671598374,0.07986588754232248,False
468,7,-281.9084749205026,-16.03464766565753,0.0243357093443947,0.016978384130353453,0.012746210560623755,False
468,8,-281.21981695822876,-15.34598970338368,0.43286188201463227,0.43343506461925574,0.3769279001619222,False
468,9,-265.56471245681064,0.3091147980344431,2.2252591137838227,,,True
469,0,-265.8738272548451,0.0,2.3495349175970333,,,True
469,1,-281.68939689954937,-15.815569644704283,0.08069541978650653,0.08181311560877089,0.059493994383305895,False
469,2,-282.0267637086464,-16.152936453801317,0.036281241765767636,0.037236820432603096,0.03516235557312849,False
469,3,-282.35491363397875,-16.48108637913367,0.07603281717243418,0.016016803788359704,0.01574358726221947,False
469,4,-282.85619678852447,-16.98236953367939,0.05128185784354278,0.04332830983121742,0.038180036283167455,False
469,5,-284.1634653580965,-18.289638103251434,0.1967236943097204,0.196609838513625,0.17705776900300702,False
469,6,-282.7267171818297,-16.85288992698463,0.11658061226201956,0.10831472883501309,0.08857051077211876,False
469,7,-281.90971091073453,-16.03588365588945,0.023513826331267584,0.013817621252295872,0.010854290513806736,False
469,8,-281.2377063426855,-15.363879087840417,0.3930175246539527,0.39878313215682787,0.33562252576172275,False
469,9,-265.56471245681064,0.3091147980344431,2.2252591137838227,,,True
470,0,-265.8738272548451,0.0,2.3495349175970333,,,True
470,1,-281.69286568839857,-15.819038433553487,0.07767028032291767,0.09790564325144871,0.069809681940761,False
470,2,-282.02837701664225,-16.15454976179717,0.03887449642154713,0.03987070940431615,0.03744727188844237,False
470,3,-282.36140228544434,-16.48757503059926,0.07597375498843159,0.015891137117974165,0.015569936091935022,False
470,4,-282.86168805462,-16.98786079977492,0.054961417449453924,0.04680752960507192,0.041216164337372664,False
470,5,-284.1618791320087,-18.28805187716364,0.20994131127378618,0.2099147477161123,0.18863403161855835,False
470,6,-282.74453969212436,-16.87071243727928,0.12896726010059612,0.11948102050180372,0.0987254574162418,False
470,7,-281.91095966369426,-16.037132408849175,0.022480905009174556,0.011513282417903576,0.009880321155556909,False
470,8,-281.26518499495126,-15.391357740106173,0.2499805608057653,0.23238498222975348,0.22310363232877287,False
470,9,-265.56471245681064,0.3091147980344431,2.2252591137838227,,,True
471,0,-265.8738272548451,0.0,2.3495349175970333,,,True
471,1,-281.6968992641035,-15.823072009258397,0.08646778088892594,0.10595816029938707,0.07395903196378557,False
471,2,-282.0301452770591,-16.15631802221401,0.041947918571063406,0.04300302432139875,0.04026379024681695,False
471,3,-282.3678629581721,-16.49403570332703,0.07595057031296254,0.0157230737131028,0.015088215917775274,False
471,4,-282.86730435672314,-16.993477101878057,0.05861971631641952,0.050183889178585454,0.04413966584379015,False
471,5,-284.1641972176204,-18.290369962775344,0.20053436189575607,0.20047640889524604,0.15121995469521796,False
471,6,-282.7640363788338,-16.89020912398871,0.1435478089130886,0.1324394355147371,0.11055214365322441,False
471,7,-281.9122029742749,-16.038375719429837,0.021327188498944463,0.017244200941522098,0.012339706222465455,False
471,8,-281.2833524001234,-15.409525145278337,0.22879265569798946,0.23324357261826068,0.1943243605643842,False
471,9,-265.56471245681064,0.3091147980344431,2.2252591137838227,,,True
472,0,-265.8738272548451,0.0,2.3495349175970333,,,True
472,1,-281.7018249412431,-15.827997686398021,0.08617757008837354,0.10406832541185232,0.07083035211794435,False
472,2,-282.0321289855531,-16.15830173070799,0.04562718479844271,0.04675839180476755,0.043714765787573884,False
472,3,-282.37435982767454,-16.500532572829457,0.07593617981044863,0.015512108653154203,0.014440642957056006,False
472,4,-282.8731500013015,-16.999322746456414,0.06238202558667417,0.05356272215172983,0.04707499356816664,False
472,5,-284.17402060070384,-18.30019334585876,0.1957069962463574,0.19570322649783217,0.1429719940021756,False
472,6,-282.7860451896405,-16.91221793479542,0.1616029299638072,0.1483389831022456,0.12540397333582243,False
472,7,-281.9134908618039,-16.03966360695881,0.02008947290594642,0.012890081806276758,0.010766928272326583,False
472,8,-281.28708035379725,-15.413253098952168,0.48380751323775645,0.49471978442094033,0.3401813478290616,False
472,9,-265.56471245681064,0.3091147980344431,2.2252591137838227,,,True
473,0,-265.8738272548451,0.0,2.3495349175970333,,,True
473,1,-281.7074849627711,-15.833657707926022,0.07559684523122712,0.09300304227651225,0.06095630294437704,False
473,2,-282.0343420966773,-16.160514841832196,0.04993222630946421,0.0511470208026217,0.04774811459991174,False
473,3,-282.3807857687643,-16.506958513919244,0.0759326449591703,0.01527006417103335,0.013740483273245282,False
473,4,-282.8791725306892,-17.005345275844093,0.06636624342543403,0.05705857240803958,0.05015309324586392,False
473,5,-284.18907663325444,-18.315249378409362,0.1610666352591642,0.16153234061968075,0.10661741901898217,False
473,6,-282.8111315478018,-16.937304292956696,0.18452340584155377,0.1685014026387512,0.1452356520908933,False
473,7,-281.91477687017897,-16.040949615333886,0.018782162154713823,0.01343586141733239,0.011066942759082276,False
473,8,-281.305833188801,-15.432005933955907,0.447005709146039,0.460311725305298,0.35909635929499323,False
473,9,-265.56471245681064,0.3091147980344431,2.2252591137838227,,,True
474,0,-265.8738272548451,0.0,2.3495349175970333,,,True
474,1,-281.7133244206158,-15.839497165770695,0.0677870373765491,0.0747606260060318,0.05136540296824762,False
474,2,-282.0367653458774,-16.162938091032345,0.054841201282786495,0.056135268857824785,0.05234931406730077,False
474,3,-282.3869413272985,-16.51311407245339,0.07594299003933001,0.015005776991773247,0.013013499206965496,False
474,4,-282.8852314225385,-17.0114041676934,0.07061358872685675,0.060712274083982276,0.05343872084733325,False
474,5,-284.2041603511948,-18.330333096349705,0.12268789733618797,0.12308569324857892,0.096573692901509,False
474,6,-282.8399270491607,-16.966099794315596,0.212907215976408,0.19348554205072366,0.17115868813703816,False
474,7,-281.9160371342678,-16.042209879422728,0.017405811019723216,0.0148205433647639,0.011647568548635651,False
474,8,-281.3352452326716,-15.4614179778265,0.18242984614094135,0.17155205132227683,0.13982570384546933,False
474,9,-265.56471245681064,0.3091147980344431,2.2252591137838227,,,True
475,0,-265.8738272548451,0.0,2.3495349175970333,,,True
475,1,-281.71896375199947,-15.845136497154385,0.06850610121630538,0.05155418315011732,0.039292136945866425,False
475,2,-282.03947311850214,-16.165645863657062,0.06054990419936749,0.06190816926547705,0.05777139959000052,False
475,3,-282.3928573490559,-16.51903009421079,0.07596776411679128,0.0147116929879952,0.012259827795012848,False
475,4,-282.8914117253544,-17.01758447050929,0.07521508417377563,0.06459269185122844,0.056981912811223306,False
475,5,-284.2168835813928,-18.343056326547696,0.11085453193593868,0.11011619549141916,0.10624177646193378,False
475,6,-282.8746729172607,-17.0008456624156,0.2450011050380753,0.2237869323673616,0.2035011226038464,False
475,7,-281.91729392510297,-16.043466670257885,0.01593277228088788,0.014111380918630609,0.011371134208988144,False
475,8,-281.3520369581855,-15.47820970334044,0.28776357022889093,0.23620288695421562,0.16445702881161622,False
475,9,-265.56471245681064,0.3091147980344431,2.2252591137838227,,,True
476,0,-265.8738272548451,0.0,2.3495349175970333,,,True
476,1,-281.7241463962191,-15.85031914137403,0.06739807537062475,0.0474976496512188,0.040924012786990094,False
476,2,-282.0425787460384,-16.16875149119329,0.06732429854353499,0.06871368806327445,0.06427970311722557,False
476,3,-282.39861632580914,-16.52478907096406,0.07600457869905694,0.014379171111877469,0.012032131619873198,False
476,4,-282.89784751938987,-17.024020264544788,0.08022636559106072,0.06873886048612285,0.0607540482567875,False
476,5,-284.2278135274797,-18.353986272634643,0.1226404457926125,0.12359989845261117,0.11426892801882216,False
476,6,-282.9178709170175,-17.04404366217244,0.297349522554865,0.2717385627211663,0.2433727242877484,False
476,7,-281.91854433244447,-16.044717077599387,0.014443179381972884,0.014240637154684838,0.01139259835354366,False
476,8,-281.3626770206064,-15.488849765761302,0.30315305570932904,0.2871484809953344,0.22031070127965757,False
476,9,-265.56471245681064,0.3091147980344431,2.2252591137838227,,,True
477,0,-265.8738272548451,0.0,2.3495349175970333,,,True
477,1,-281.72866963266836,-15.854842377823275,0.06324329519952938,0.043815316791836444,0.039416590607158374,False
477,2,-282.04615700336024,-16.172329748515153,0.07533898658803523,0.07670075527122416,0.07199766782441162,False
477,3,-282.4041733372976,-16.530346082452525,0.07603203114107666,0.014009529632343656,0.011770580230072438,False
477,4,-282.90453402320776,-17.030706768362677,0.08553078224960937,0.07303784433673788,0.06459148237652987,False
477,5,-284.23758168280693,-18.36375442796185,0.11249651393925186,0.11149373852457031,0.10614831472058649,False
477,6,-282.9682362799599,-17.094409025114828,0.3117897899909243,0.2828171286420452,0.2508060379229267,False
477,7,-281.919801703944,-16.045974449098935,0.014428762715634808,0.014247222861575454,0.01133348539077927,False
477,8,-281.37488875963766,-15.501061504792574,0.28375745322564994,0.283322066458968,0.198811130219075,False
477,9,-265.56471245681064,0.3091147980344431,2.2252591137838227,,,True
478,0,-265.8738272548451,0.0,2.3495349175970333,,,True
478,1,-281.73255625575734,-15.858729000912263,0.05997524927447676,0.03731386390105279,0.034601294743457675,False
478,2,-282.05031804096365,-16.176490786118563,0.0848410715629218,0.08608525242393605,0.08109238258597821,False
478,3,-282.4094964585751,-16.535669203730038,0.07601504815977263,0.013606345588193914,0.011467268038113192,False
478,4,-282.91147545570095,-17.03764820085587,0.09098675300462539,0.07735101978182414,0.06834253601201867,False
478,5,-284.24593273903406,-18.372105484188978,0.10909356141588723,0.10785462521951791,0.1026230896575199,False
478,6,-283.0158056356803,-17.141978380835212,0.21567212002367706,0.209157220210936,0.16889586438240967,False
478,7,-281.9210583519314,-16.047231097086296,0.014306380669603016,0.014141747798292718,0.012074278460970082,False
478,8,-281.3862877623525,-15.512460507507399,0.3135762031617661,0.31985470737596505,0.23622673810399758,False
478,9,-265.56471245681064,0.3091147980344431,2.2252591137838227,,,True
479,0,-265.8738272548451,0.0,2.3495349175970333,,,True
479,1,-281.7360039877385,-15.862176732893431,0.058124064261858614,0.038882384965560235,0.03333357341393038,False
479,2,-282.05528618175543,-16.181458926910352,0.09628930661490459,0.09728599805924164,0.09191135929919282,False
479,3,-282.4146441393214,-16.540816884476328,0.07592077998120883,0.013170002110231713,0.011123360034593816,False
479,4,-282.9187876562968,-17.044960401451704,0.09661950112564333,0.08168834931989212,0.0720366074729074,False
479,5,-284.2530142004603,-18.37918694561523,0.10371116989486905,0.10243267089109936,0.095808442332336,False
479,6,-283.0420160715913,-17.168188816746238,0.39285112966268465,0.3937497670362633,0.3049057740650922,False
479,7,-281.9223193916184,-16.04849213677329,0.014077636745265767,0.013929996659606099,0.013117018460060526,False
479,8,-281.39997016809116,-15.526142913246076,0.306236476059642,0.3110116592718345,0.25892843058220477,False
479,9,-265.56471245681064,0.3091147980344431,2.2252591137838227,,,True
480,0,-265.8738272548451,0.0,2.3495349175970333,,,True
480,1,-281.739215015574,-15.865387760728936,0.06845659562512825,0.046036283887029024,0.03771500020227014,False
480,2,-282.06144350407317,-16.187616249228086,0.11035907029258006,0.1109226436647703,0.10499544339168473,False
480,3,-282.4197277354622,-16.545900480617092,0.07572616945837736,0.012695885362174395,0.010983615817096221,False
480,4,-282.926686521977,-17.052859267131907,0.10279309047939097,0.08637476186518254,0.0760619368937097,False
480,5,-284.2596959001949,-18.38586864534983,0.10137108997454293,0.10265805872260667,0.0909660735147853,False
480,6,-283.04202836216643,-17.16820110732135,0.7059852162563762,0.7046192883429852,0.4773494281991169,False
480,7,-281.9236342605399,-16.049807005694845,0.013737043687380766,0.014633838365430614,0.014187663689667784,False
480,8,-281.41523934354655,-15.541412088701463,0.14580887513971616,0.15406198269341806,0.11885419383739965,False
480,9,-265.56471245681064,0.3091147980344431,2.2252591137838227,,,True
481,0,-265.8738272548451,0.0,2.3495349175970333,,,True
481,1,-281.74229667268526,-15.868469417840174,0.07512233375859433,0.05226592104240802,0.03640458983120376,False
481,2,-282.06926742088893,-16.195440166043852,0.12758586440849046,0.12746188962132132,0.12075742490572937,False
481,3,-282.4248000057847,-16.550972750939593,0.07541753817912655,0.012181265361121013,0.01080354405185759,False
481,4,-282.9353544451362,-17.061527190291145,0.11024444961033072,0.09210365195377501,0.08123653806145562,False
481,5,-284.2664156907442,-18.392588435899142,0.11812765038466129,0.11935559693769997,0.10812766145508948,False
481,6,-283.0468013334499,-17.172974078604796,0.8251471707068084,0.8178967487211384,0.5823539335526562,False
481,7,-281.9250156700093,-16.051188415164233,0.0145734811093991,0.015730849764398005,0.015262432989133145,False
481,8,-281.422640119077,-15.548812864231934,0.1409531158457779,0.13721806581556734,0.13338069836502042,False
481,9,-265.56471245681064,0.3091147980344431,2.2252591137838227,,,True
482,0,-265.8738272548451,0.0,2.3495349175970333,,,True
482,1,-281.74525449741793,-15.87142724257285,0.0776445315796771,0.05471929650901335,0.03832984694576152,False
482,2,-282.07912428626776,-16.205297031422674,0.1476756086126124,0.1465549062438925,0.13888808323846913,False
482,3,-282.429747326059,-16.555920071213905,0.07499617357565647,0.011635299105815296,0.010590019673202486,False
482,4,-282.94475330442083,-17.070926049575746,0.11966431394189835,0.09956254417717868,0.08835213595784243,False
482,5,-284.2731145280254,-18.399287273180335,0.11339627540300941,0.1144721272288211,0.10496642604642742,False
482,6,-283.07967497501613,-17.20584772017105,0.595030526270565,0.5867471645371699,0.4577386718423654,False
482,7,-281.92643164151997,-16.052604386674886,0.015624394938710161,0.016753525770120688,0.016278575111206648,False
482,8,-281.424711504381,-15.550884249535898,0.28072064607389896,0.24801528463355454,0.1948189482352565,False
482,9,-265.56471245681064,0.3091147980344431,2.2252591137838227,,,True
483,0,-265.8738272548451,0.0,2.3495349175970333,,,True
483,1,-281.7481114552537,-15.874284200408624,0.07602291414576197,0.05362651818205435,0.038198570941768574,False
483,2,-282.09138110747654,-16.217553852631454,0.16972194361548448,0.16725664504746265,0.1585758650554532,False
483,3,-282.43444887698837,-16.560621622143287,0.07447673702944392,0.01139574367171909,0.010373706923068597,False
483,4,-282.95485174087185,-17.081024486026763,0.13138321708897885,0.10909477707095222,0.09765460236802836,False
483,5,-284.2802337547707,-18.406406499925595,0.11133183939674889,0.11083301902838612,0.10065928666591029,False
483,6,-283.1122381876178,-17.238410932772695,0.24948780012831734,0.23905010141465538,0.2092820516932683,False
483,7,-281.9278665305194,-16.054039275674313,0.01651572294101532,0.01763168411397107,0.017172919953087947,False
483,8,-281.43306692905395,-15.559239674208868,0.29281793153794416,0.2624895542175672,0.18671796788027273,False
483,9,-265.56471245681064,0.3091147980344431,2.2252591137838227,,,True
484,0,-265.8738272548451,0.0,2.3495349175970333,,,True
484,1,-281.75095591844604,-15.877128663600956,0.07036713183333355,0.04915625662764391,0.03566118727333355,False
484,2,-282.10683354207833,-16.233006287233252,0.19266879315022853,0.18845283385249642,0.1788798902917236,False
484,3,-282.43893281780237,-16.565105562957285,0.07386884796613599,0.011196103041187247,0.010140146142995124,False
484,4,-282.96598268588036,-17.09215543103528,0.14604784212992197,0.12129116217773404,0.10955652663160403,False
484,5,-284.28865788310395,-18.41483062825887,0.11022211628850558,0.10980254459747224,0.09875039591408849,False
484,6,-283.1179278764819,-17.24410062163679,0.3122167586844413,0.31023228852095974,0.3014959291895741,False
484,7,-281.92932797180583,-16.05550071696075,0.01720462918829593,0.018328490548440903,0.017912263017898587,False
484,8,-281.44779725099954,-15.57396999615446,0.17261852020836557,0.170257822006437,0.14053985618087228,False
484,9,-265.56471245681064,0.3091147980344431,2.2252591137838227,,,True
485,0,-265.8738272548451,0.0,2.3495349175970333,,,True
485,1,-281.753841479492,-15.880014224646914,0.06096859850905955,0.04508840391733242,0.03207408108299708,False
485,2,-282.12671250498033,-16.25288525013525,0.21507683521644536,0.20862060738040172,0.1984890700637542,False
485,3,-282.44328709981426,-16.569459844969174,0.07317560513354339,0.01093209608368054,0.009832685098622436,False
485,4,-282.9788194833993,-17.104992228554238,0.16508363103815676,0.13743981316343784,0.12527374401798266,False
485,5,-284.29847257130825,-18.42464531646317,0.10447859481005843,0.1039264248474812,0.08514614155660082,False
485,6,-283.10311004995157,-17.229282795106485,0.4927016040300097,0.4927966170327212,0.4087918855770818,False
485,7,-281.930843576853,-16.05701632200794,0.017660618097643778,0.018808616883200614,0.018463932296796746,False
485,8,-281.45810897866033,-15.584281723815252,0.10928387086911324,0.11421350083077364,0.10995902346512162,False
485,9,-265.56471245681064,0.3091147980344431,2.2252591137838227,,,True
486,0,-265.8738272548451,0.0,2.3495349175970333,,,True
486,1,-281.7567335456337,-15.88290629078864,0.050787673854689436,0.04425383595783233,0.03535988895303199,False
486,2,-282.1523686100085,-16.27854135516344,0.23448389330724673,0.22525318764004462,0.21511224959124983,False
486,3,-282.44755621309406,-16.573728958248978,0.07240620326797438,0.010511950363960769,0.009371836493671744,False
486,4,-282.9942735441529,-17.120446289307836,0.19044778464093456,0.15929469670239843,0.14663554146673374,False
486,5,-284.30868177404466,-18.434854519199575,0.0965641761143144,0.09569563361204113,0.07933105714074037,False
486,6,-283.08355175167844,-17.20972449683336,0.5403225491975405,0.5414288089153395,0.3541542217759854,False
486,7,-281.9324473862742,-16.05862013142911,0.017843777821035765,0.01901932617970135,0.018772425042608294,False
486,8,-281.46128330608224,-15.587456051237154,0.22589770530553355,0.22778371916950144,0.20082389528827574,False
486,9,-265.56471245681064,0.3091147980344431,2.2252591137838227,,,True
487,0,-265.8738272548451,0.0,2.3495349175970333,,,True
487,1,-281.7595134282809,-15.885686173435829,0.04821539312040959,0.040249161410288836,0.036078139520655084,False
487,2,-282.1840181294604,-16.31019087461533,0.23299662145487385,0.22562064784834676,0.21254868990604983,False
487,3,-282.451690002395,-16.577862747549943,0.07159306216302286,0.009868757082249074,0.0086954945446043,False
487,4,-283.01343945525383,-17.13961220040875,0.22419033359360385,0.18864697131677788,0.17569946094216476,False
487,5,-284.318265435866,-18.444438181020928,0.0869313328081627,0.08574708612753884,0.06917937790239875,False
487,6,-283.07249545126945,-17.198668196424364,0.5063199496733019,0.5072245684159821,0.3776269529357511,False
487,7,-281.934121077838,-16.06029382299289,0.01771650807637905,0.018910322144263216,0.018770150885492214,False
487,8,-281.46541230400396,-15.59158504915888,0.226946931129534,0.2314331342517448,0.1807629889932889,False
487,9,-265.56471245681064,0.3091147980344431,2.2252591137838227,,,True
488,0,-265.8738272548451,0.0,2.3495349175970333,,,True
488,1,-281.76203791061073,-15.888210655765647,0.04907706861810899,0.03817740628137771,0.03429585761282487,False
488,2,-282.2158066184069,-16.34197936356179,0.1648005349476373,0.15978779123468342,0.13687235677370585,False
488,3,-282.4555724194512,-16.581745164606104,0.0707963155350308,0.009001355976205954,0.007798479079656419,False
488,4,-283.03765085000975,-17.163823595164672,0.26666186470062636,0.22555693044808103,0.21282679183989256,False
488,5,-284.3268730574565,-18.453045802611427,0.0794406093032335,0.08062325265894711,0.06953312026196337,False
488,6,-283.0789430623873,-17.2051158075422,0.40491470910046234,0.4060252458086642,0.32452934733852895,False
488,7,-281.93581312297965,-16.06198586813457,0.017297917021332942,0.01849281632828406,0.018433050260723803,False
488,8,-281.4728878281059,-15.599060573260829,0.22844151242293048,0.2284046110702884,0.20110390311927395,False
488,9,-265.56471245681064,0.3091147980344431,2.2252591137838227,,,True
489,0,-265.8738272548451,0.0,2.3495349175970333,,,True
489,1,-281.76426380268305,-15.890436547837965,0.04982946488015327,0.039367446251548054,0.031782124171586476,False
489,2,-282.23066903083225,-16.356841775987164,0.18604526608713962,0.1828237510863954,0.15723922174922167,False
489,3,-282.45913397456286,-16.585306719717778,0.07007854074184394,0.008008514460300554,0.0070893515936070566,False
489,4,-283.06886103692614,-17.195033782081055,0.31316950074929456,0.26506074005562763,0.25325568636279,False
489,5,-284.3345555013573,-18.46072824651219,0.07082464565683896,0.0709375381668252,0.06004466696283016,False
489,6,-283.0973182812156,-17.22349102637054,0.32027931774098783,0.3224161346149895,0.2541164486669817,False
489,7,-281.9375036335158,-16.06367637867072,0.016916074984483644,0.018088933950107827,0.018045699353348214,False
489,8,-281.48134676458517,-15.607519509740087,0.2840949308398827,0.27663760996148407,0.17824336966507148,False
489,9,-265.56471245681064,0.3091147980344431,2.2252591137838227,,,True
490,0,-265.8738272548451,0.0,2.3495349175970333,,,True
490,1,-281.76629189576363,-15.892464640918547,0.04833180748967091,0.03997856486624875,0.03699591744157856,False
490,2,-282.21585993041333,-16.342032675568248,0.5329147708973263,0.5050629754658601,0.3406715781156795,False
490,3,-282.46241212861077,-16.588584873765683,0.06948034188911091,0.00914877611722311,0.008050909046893555,False
490,4,-283.10981441900293,-17.235987164157848,0.346853337733808,0.2942207768408901,0.28011873866977893,False
490,5,-284.34134620485975,-18.467518950014664,0.08254941276332557,0.08261210539950997,0.06508164569127144,False
490,6,-283.109569753649,-17.235742498803916,0.31821400986855086,0.31083229669916695,0.2432788696180292,False
490,7,-281.9392128119292,-16.06538555708414,0.016657022605272995,0.017788503031628905,0.017695223991333033,False
490,8,-281.49132526087067,-15.617498006025585,0.2603311939065006,0.24934422316541885,0.2110567603436028,False
490,9,-265.56471245681064,0.3091147980344431,2.2252591137838227,,,True
491,0,-265.8738272548451,0.0,2.3495349175970333,,,True
491,1,-281.7682414079853,-15.89441415314019,0.04564228091832481,0.03759879646894868,0.03582042143323662,False
491,2,-282.1921990575511,-16.318371802705997,0.8083202261818121,0.7582333639558086,0.5388355451079693,False
491,3,-282.46547117767966,-16.591643922834578,0.0690224057702495,0.010124258289723558,0.008811329542054871,False
491,4,-283.16046046401414,-17.286633209169054,0.3619829475964565,0.31180734163570106,0.25845535124480684,False
491,5,-284.3472299212699,-18.473402666424818,0.08807998353410247,0.08824748214075376,0.0695308428500642,False
491,6,-283.10663848463236,-17.232811229787274,0.4302909655522556,0.407289737674492,0.28335539172321433,False
491,7,-281.9409728566725,-16.067145601827406,0.01651850324284387,0.017592287689824588,0.017391058008122497,False
491,8,-281.500519710648,-15.626692455802925,0.1435451088040783,0.1314855129061869,0.12184964969350898,False
491,9,-265.56471245681064,0.3091147980344431,2.2252591137838227,,,True
492,0,-265.8738272548451,0.0,2.3495349175970333,,,True
492,1,-281.7701513759497,-15.896324121104612,0.04403834409003603,0.033123733330293934,0.02945820486212765,False
492,2,-282.1987040055585,-16.32487675071343,0.757748656561755,0.7067198156202202,0.5132842840356467,False
492,3,-282.46828067647664,-16.594453421631556,0.06872950974200454,0.010387300248417292,0.009297368422191733,False
492,4,-283.2079843626518,-17.334157107806732,0.25307811043190803,0.21062001480427736,0.17014808476821336,False
492,5,-284.3525644831165,-18.478737228271427,0.09300928996354794,0.09293697558165279,0.08068937186338845,False
492,6,-283.0987164639771,-17.224889209132016,0.4340557338318905,0.4011650510195422,0.36477974302057203,False
492,7,-281.9427770699976,-16.068949815152507,0.01651417067721041,0.017512843075291006,0.017160605399669134,False
492,8,-281.50540034886444,-15.631573094019359,0.23743982318443763,0.23450778211706383,0.1782319206662849,False
492,9,-265.56471245681064,0.3091147980344431,2.2252591137838227,,,True
493,0,-265.8738272548451,0.0,2.3495349175970333,,,True
493,1,-281.772048566385,-15.898221311539942,0.04330961675886944,0.02994988141229352,0.02770922323325595,False
493,2,-282.2296178250023,-16.35579057015724,0.451883309104318,0.423026549220023,0.31709340314410817,False
493,3,-282.4707857034048,-16.59695844855969,0.0686241227635265,0.010532546478701407,0.010122914004343968,False
493,4,-283.226288350529,-17.352461095683907,0.4222882641088978,0.42700776346807046,0.3331531993919726,False
493,5,-284.3581517723519,-18.48432451750682,0.0955385736711767,0.09529106464462576,0.08916397771039632,False
493,6,-283.1002817443825,-17.226454489537446,0.4101934904440394,0.38057643080589704,0.3461916476602264,False
493,7,-281.94459065712647,-16.070763402281386,0.01664275218165646,0.017546893831217554,0.017020437395089624,False
493,8,-281.5099725357061,-15.636145280861001,0.3106807489074943,0.3082086093921012,0.2258784589313644,False
493,9,-265.56471245681064,0.3091147980344431,2.2252591137838227,,,True
494,0,-265.8738272548451,0.0,2.3495349175970333,,,True
494,1,-281.7740198133887,-15.900192558543608,0.042549247649878844,0.03248228449731405,0.028081947903763886,False
494,2,-282.24892534056266,-16.375098085717582,0.16672461368017066,0.16711968795549217,0.1541526543788643,False
494,3,-282.4730306182449,-16.599203363399795,0.06871777931445433,0.011607968724015405,0.010703000026349661,False
494,4,-283.20764042398207,-17.333813169136988,0.8333281562807742,0.8311518730514931,0.5604435322891878,False
494,5,-284.3647359003267,-18.490908645481625,0.09663397279422038,0.0961744854813383,0.09387389811215124,False
494,6,-283.11460294521544,-17.240775690370356,0.3437750851683684,0.31551448458754155,0.24623710743332602,False
494,7,-281.94643975690815,-16.072612502063066,0.0168942471761021,0.01767885147168133,0.016968291722718406,False
494,8,-281.5200119316512,-15.646184676806115,0.26377547211185115,0.2607786969370566,0.19957427912070785,False
494,9,-265.56471245681064,0.3091147980344431,2.2252591137838227,,,True
495,0,-265.8738272548451,0.0,2.3495349175970333,,,True
495,1,-281.7754104929139,-15.901583238068838,0.044536823893621014,0.029323372510208858,0.024603788386345436,False
495,2,-282.2634349760624,-16.389607721217317,0.13426489069518438,0.1264582424677088,0.0925749309691427,False
495,3,-282.4726748193425,-16.59884756449742,0.06955965694750463,0.01083135725876392,0.010058167053438606,False
495,4,-283.2697514866039,-17.39592423175884,0.29420411679408465,0.25279645432487957,0.21364151708680737,False
495,5,-284.37561383560933,-18.501786580764247,0.08434279962132778,0.0844432281668098,0.0766042556197166,False
495,6,-283.1482686860476,-17.27444143120249,0.19017964397571505,0.178945385320195,0.13736292595697744,False
495,7,-281.9469209807309,-16.073093725885826,0.016628951036272138,0.01726996910356792,0.016539347547611882,False
495,8,-281.5284263921893,-15.654599137344235,0.2641961486710807,0.251575620094854,0.22221498535365403,False
495,9,-265.56471245681064,0.3091147980344431,2.2252591137838227,,,True
496,0,-265.8738272548451,0.0,2.3495349175970333,,,True
496,1,-281.7759170443826,-15.902089789537513,0.04238943549441587,0.02588911119019394,0.021918679951443754,False
496,2,-282.2674208209248,-16.393593566079744,0.10333641460277113,0.09690657737488854,0.06969488705789803,False
496,3,-282.47251525150534,-16.59868799666026,0.06990716037753641,0.010663337323225205,0.009913970153228724,False
496,4,-283.2777810666279,-17.4039538117828,0.1910935647694489,0.1483514603606041,0.12485554126574092,False
496,5,-284.37889420049595,-18.505066945650867,0.07812016062475945,0.07822799552476095,0.06913154031081024,False
496,6,-283.1544441359765,-17.280616881131436,0.11348245875749619,0.10240002194411298,0.08347690490567557,False
496,7,-281.9471425424032,-16.073315287558103,0.016734008110785008,0.01730326492946512,0.01659395738134928,False
496,8,-281.5333133243648,-15.659486069519744,0.0924188808822616,0.05321095537457386,0.05106844314194905,False
496,9,-265.56471245681064,0.3091147980344431,2.2252591137838227,,,True
497,0,-265.8738272548451,0.0,2.3495349175970333,,,True
497,1,-281.776834684546,-15.903007429700892,0.04175038257861799,0.026989880701278175,0.02503752214173791,False
497,2,-282.27091930966174,-16.397092054816653,0.07199838279842262,0.06970890935918937,0.0656821715985778,False
497,3,-282.4721823107101,-16.598355055865,0.0705283953926638,0.0104023775259349,0.009687128295339645,False
497,4,-283.282915065753,-17.40908781090792,0.1914643255061403,0.16936737497309579,0.16033188513732977,False
497,5,-284.3847437808294,-18.510916525984328,0.06707814540573925,0.06719630299519397,0.05510066993195482,False
497,6,-283.1609575051184,-17.28713025027332,0.1854258405744278,0.1789276068217911,0.16170978017677506,False
497,7,-281.9475786461377,-16.073751391292603,0.016801481003603364,0.017231908474381812,0.01653475469092449,False
497,8,-281.53389343300273,-15.66006617815765,0.1859211491389721,0.1894295516956653,0.180807668886004,False
497,9,-265.56471245681064,0.3091147980344431,2.2252591137838227,,,True
498,0,-265.8738272548451,0.0,2.3495349175970333,,,True
498,1,-281.77805556475676,-15.904228309911673,0.04147224961529993,0.020937485780489103,0.016769816255636512,False
498,2,-282.2745424289868,-16.400715174141737,0.08207944945994415,0.07994636095975352,0.0719774807382201,False
498,3,-282.4716758178422,-16.597848562997115,0.07138097284201005,0.010069465031046535,0.009381686229382784,False
498,4,-283.2888202128778,-17.414992958032713,0.2052078518241569,0.19133113123554849,0.1837611157203962,False
498,5,-284.3919535746186,-18.5181263197735,0.05459841277704848,0.05469809103070851,0.04794627175506916,False
498,6,-283.1690044339208,-17.295177179075722,0.18641814214074445,0.18195259612565182,0.1665217732866214,False
498,7,-281.94824253436093,-16.074415279515847,0.01669873546603569,0.016926151057808442,0.016227246098757232,False
498,8,-281.53928035221554,-15.66545309737046,0.12253602456208447,0.11809713885945905,0.08739097302162742,False
498,9,-265.56471245681064,0.3091147980344431,2.2252591137838227,,,True
499,0,-265.8738272548451,0.0,2.3495349175970333,,,True
499,1,-281.7793969891182,-15.905569734273115,0.04260011762251308,0.021286545301516833,0.0149283394300786,False
499,2,-282.278367795617,-16.404540540771904,0.05845935508613856,0.05744212506925475,0.04495035488265987,False
499,3,-282.4709892864183,-16.59716203157319,0.07256115660528575,0.009555566876442679,0.008883658462560683,False
499,4,-283.299048222795,-17.42522096794994,0.12425291198389131,0.10369191033713174,0.0836813145215497,False
499,5,-284.3996094271647,-18.525782172319623,0.052665612719848105,0.052548744849010634,0.04966870034780492,False
499,6,-283.1785032909416,-17.30467603609651,0.08142519928558135,0.07844974517752203,0.057033688666318874,False
499,7,-281.9491008287114,-16.075273573866298,0.01653615727457188,0.016493445282636007,0.015781904368512293,False
499,8,-281.54286283591046,-15.669035581065373,0.1608867770798582,0.14394284261937343,0.13068668047839158,False
499,9,-265.56471245681064,0.3091147980344431,2.2252591137838227,,,True
500,0,-265.8738272548451,0.0,2.3495349175970333,,,True
500,1,-281.78084815036846,-15.907020895523374,0.04177569750208976,0.019624896494062117,0.014118129810423164,False
500,2,-282.28029643125734,-16.40646917641226,0.10583526512807974,0.10644813015188077,0.10573571749721747,False
500,3,-282.4700917447718,-16.59626448992674,0.07410088532424952,0.009415113046392674,0.00824420378596794,False
500,4,-283.30430794517247,-17.430480690327386,0.12781762699561555,0.09876797883705722,0.08800939914636068,False
500,5,-284.4074748878803,-18.53364763303523,0.05663441172791111,0.05683734114563181,0.05200662000965717,False
500,6,-283.18463455045963,-17.310807295614552,0.10261395072192724,0.10257994306388067,0.08730231469411838,False
500,7,-281.9501997199097,-16.076372465064594,0.016537654742849198,0.016159094781807673,0.01544121048604073,False
500,8,-281.54659236566147,-15.672765110816385,0.16039741105693103,0.14541723490393985,0.13564070058356983,False
500,9,-265.56471245681064,0.3091147980344431,2.2252591137838227,,,True
