evaluation_pathway,evaluation_frame_index,path_iteration,image_index,reference_split,soap_reference_frame_index,soap_reference_cr_index,soap_cosine_distance,rmsd_reference_frame_index,rmsd_reference_cr_index,cr_local_species_rmsd_A,exact_global_fingerprint_match,exact_reference_frame_indices,exact_local_fingerprint_match,exact_local_reference_centers
1-6,0,1,1,train,662,80,0.00036302195795756553,,,,False,[],False,[]
1-6,1,1,2,train,1300,80,0.0008563437239770266,,,,False,[],False,[]
1-6,2,1,3,train,546,80,0.003948438695209999,,,,False,[],False,[]
1-6,3,1,4,train,980,80,0.005016696909921681,,,,False,[],False,[]
1-6,4,1,5,train,980,80,0.0073445726743749384,,,,False,[],False,[]
1-6,5,2,1,train,662,80,0.00036302195795756553,,,,False,[],False,[]
1-6,6,2,2,train,1823,80,0.0012158835749527253,,,,False,[],False,[]
1-6,7,2,3,train,546,80,0.004608279543076632,,,,False,[],False,[]
1-6,8,2,4,train,980,80,0.004935161926942877,,,,False,[],False,[]
1-6,9,2,5,train,980,80,0.0073445726743749384,,,,False,[],False,[]
1-6,10,3,1,train,662,80,0.00036302195795756553,,,,False,[],False,[]
1-6,11,3,2,train,546,80,0.0015919637662816788,698,80,2.6112517355408476,False,[],False,[]
1-6,12,3,3,train,546,80,0.004880381861829597,,,,False,[],False,[]
1-6,13,3,4,train,980,80,0.0049079475553956975,,,,False,[],False,[]
1-6,14,3,5,train,980,80,0.0073445726743749384,,,,False,[],False,[]
1-6,15,4,1,train,662,80,0.00036302195795756553,,,,False,[],False,[]
1-6,16,4,2,train,546,80,0.0015738578122401758,698,80,2.611499596756274,False,[],False,[]
1-6,17,4,3,train,546,80,0.004874572273365074,,,,False,[],False,[]
1-6,18,4,4,train,980,80,0.0049101026302219575,,,,False,[],False,[]
1-6,19,4,5,train,980,80,0.0073445726743749384,,,,False,[],False,[]
1-6,20,5,1,train,662,80,0.00036302195795756553,,,,False,[],False,[]
1-6,21,5,2,train,546,80,0.0015825373307343238,698,80,2.6114122323047804,False,[],False,[]
1-6,22,5,3,train,546,80,0.004883510985263628,,,,False,[],False,[]
1-6,23,5,4,train,980,80,0.004910285987004603,,,,False,[],False,[]
1-6,24,5,5,train,980,80,0.0073445726743749384,,,,False,[],False,[]
1-6,25,6,1,train,662,80,0.00036302195795756553,,,,False,[],False,[]
1-6,26,6,2,train,546,80,0.0015834751860912544,698,80,2.6114610465535337,False,[],False,[]
1-6,27,6,3,train,546,80,0.0048949515662072285,,,,False,[],False,[]
1-6,28,6,4,train,980,80,0.004912500795104302,,,,False,[],False,[]
1-6,29,6,5,train,980,80,0.0073445726743749384,,,,False,[],False,[]
1-6,30,7,1,train,662,80,0.00036302195795756553,,,,False,[],False,[]
1-6,31,7,2,train,546,80,0.0015844906057520536,698,80,2.611510408102624,False,[],False,[]
1-6,32,7,3,train,546,80,0.004906248417440695,,,,False,[],False,[]
1-6,33,7,4,train,980,80,0.004914707411945107,,,,False,[],False,[]
1-6,34,7,5,train,980,80,0.0073445726743749384,,,,False,[],False,[]
1-6,35,8,1,train,662,80,0.00036302195795756553,,,,False,[],False,[]
1-6,36,8,2,train,546,80,0.001586644302672191,698,80,2.611609842910988,False,[],False,[]
1-6,37,8,3,train,546,80,0.004928442562311064,,,,False,[],False,[]
1-6,38,8,4,train,980,80,0.00491914809470928,,,,False,[],False,[]
1-6,39,8,5,train,980,80,0.0073445726743749384,,,,False,[],False,[]
1-6,40,9,1,train,662,80,0.00036302195795756553,,,,False,[],False,[]
1-6,41,9,2,train,156,80,0.0015880094400586575,698,80,2.6118719891417896,False,[],False,[]
1-6,42,9,3,train,546,80,0.004980284220351794,,,,False,[],False,[]
1-6,43,9,4,train,980,80,0.004930197670026892,,,,False,[],False,[]
1-6,44,9,5,train,980,80,0.0073445726743749384,,,,False,[],False,[]
1-6,45,10,1,train,662,80,0.00036302195795756553,,,,False,[],False,[]
1-6,46,10,2,train,156,80,0.0015471203970169878,698,80,2.612407433398131,False,[],False,[]
1-6,47,10,3,train,546,80,0.005073211011884404,,,,False,[],False,[]
1-6,48,10,4,train,980,80,0.004952191583074916,,,,False,[],False,[]
1-6,49,10,5,train,980,80,0.0073445726743749384,,,,False,[],False,[]
1-6,50,11,1,train,662,80,0.00036302195795756553,,,,False,[],False,[]
1-6,51,11,2,train,156,80,0.0014998212966679247,698,80,2.6131655007400405,False,[],False,[]
1-6,52,11,3,train,546,80,0.0051886968784199405,,,,False,[],False,[]
1-6,53,11,4,train,980,80,0.004982692889132778,,,,False,[],False,[]
1-6,54,11,5,train,980,80,0.0073445726743749384,,,,False,[],False,[]
1-6,55,12,1,train,662,80,0.00036302195795756553,,,,False,[],False,[]
1-6,56,12,2,train,156,80,0.0014284122976051528,698,80,2.6147248287741247,False,[],False,[]
1-6,57,12,3,train,1612,80,0.0053686477436767355,,,,False,[],False,[]
1-6,58,12,4,train,980,80,0.005045934160283316,,,,False,[],False,[]
1-6,59,12,5,train,980,80,0.0073445726743749384,,,,False,[],False,[]
1-6,60,13,1,train,662,80,0.00036302195795756553,,,,False,[],False,[]
1-6,61,13,2,train,156,80,0.0014144965187012914,698,80,2.6151472019857884,False,[],False,[]
1-6,62,13,3,train,1612,80,0.005382337418324834,,,,False,[],False,[]
1-6,63,13,4,train,980,80,0.005064819808099141,,,,False,[],False,[]
1-6,64,13,5,train,980,80,0.0073445726743749384,,,,False,[],False,[]
1-6,65,14,1,train,662,80,0.00036302195795756553,,,,False,[],False,[]
1-6,66,14,2,train,156,80,0.0014112060350318645,698,80,2.6153124540010393,False,[],False,[]
1-6,67,14,3,train,1612,80,0.005388873661615667,,,,False,[],False,[]
1-6,68,14,4,train,980,80,0.005074611415397667,,,,False,[],False,[]
1-6,69,14,5,train,980,80,0.0073445726743749384,,,,False,[],False,[]
1-6,70,15,1,train,662,80,0.00036302195795756553,,,,False,[],False,[]
1-6,71,15,2,train,156,80,0.0014118189566856287,698,80,2.6153997779060054,False,[],False,[]
1-6,72,15,3,train,1612,80,0.005393980404326593,,,,False,[],False,[]
1-6,73,15,4,train,980,80,0.005082892379401516,,,,False,[],False,[]
1-6,74,15,5,train,980,80,0.0073445726743749384,,,,False,[],False,[]
1-6,75,16,1,train,662,80,0.00036302195795756553,,,,False,[],False,[]
1-6,76,16,2,train,156,80,0.0014153144039275034,698,80,2.615411710078555,False,[],False,[]
1-6,77,16,3,train,1612,80,0.005397196892503953,,,,False,[],False,[]
1-6,78,16,4,train,980,80,0.005088653713430591,,,,False,[],False,[]
1-6,79,16,5,train,980,80,0.0073445726743749384,,,,False,[],False,[]
1-6,80,17,1,train,662,80,0.00036302195795756553,,,,False,[],False,[]
1-6,81,17,2,train,156,80,0.0014345714390622266,698,80,2.6154232392372037,False,[],False,[]
1-6,82,17,3,train,1612,80,0.005411512320769862,,,,False,[],False,[]
1-6,83,17,4,train,980,80,0.005116066282307541,,,,False,[],False,[]
1-6,84,17,5,train,980,80,0.0073445726743749384,,,,False,[],False,[]
1-6,85,18,1,train,662,80,0.00036302195795756553,,,,False,[],False,[]
1-6,86,18,2,train,156,80,0.0014855748542486058,698,80,2.6154212676040465,False,[],False,[]
1-6,87,18,3,train,1612,80,0.005444254125642978,,,,False,[],False,[]
1-6,88,18,4,train,980,80,0.005188447812064956,,,,False,[],False,[]
1-6,89,18,5,train,980,80,0.0073445726743749384,,,,False,[],False,[]
1-6,90,19,1,train,662,80,0.00036302195795756553,,,,False,[],False,[]
1-6,91,19,2,train,156,80,0.001560889420816003,698,80,2.6154116856100362,False,[],False,[]
1-6,92,19,3,train,1612,80,0.005485090617825539,,,,False,[],False,[]
1-6,93,19,4,train,980,80,0.005296239586560447,,,,False,[],False,[]
1-6,94,19,5,train,980,80,0.0073445726743749384,,,,False,[],False,[]
1-6,95,20,1,train,662,80,0.00036302195795756553,,,,False,[],False,[]
1-6,96,20,2,train,156,80,0.0016781200266255958,698,80,2.6154241148695254,False,[],False,[]
1-6,97,20,3,train,1612,80,0.005537913899928082,,,,False,[],False,[]
1-6,98,20,4,train,980,80,0.005470679538038037,,,,False,[],False,[]
1-6,99,20,5,train,980,80,0.0073445726743749384,,,,False,[],False,[]
1-6,100,21,1,train,662,80,0.00036302195795756553,,,,False,[],False,[]
1-6,101,21,2,train,156,80,0.0017016443085231536,698,80,2.615427770017758,False,[],False,[]
1-6,102,21,3,train,1612,80,0.005546795434875906,,,,False,[],False,[]
1-6,103,21,4,train,980,80,0.005506722573931366,,,,False,[],False,[]
1-6,104,21,5,train,980,80,0.0073445726743749384,,,,False,[],False,[]
1-6,105,22,1,train,662,80,0.00036302195795756553,,,,False,[],False,[]
1-6,106,22,2,train,156,80,0.0017107636323681064,698,80,2.6154277622084456,False,[],False,[]
1-6,107,22,3,train,1612,80,0.005549460227380565,,,,False,[],False,[]
1-6,108,22,4,train,980,80,0.005521698857563151,,,,False,[],False,[]
1-6,109,22,5,train,980,80,0.0073445726743749384,,,,False,[],False,[]
1-6,110,23,1,train,662,80,0.00036302195795756553,,,,False,[],False,[]
1-6,111,23,2,train,156,80,0.0017169372737444455,698,80,2.615426897322695,False,[],False,[]
1-6,112,23,3,train,1612,80,0.0055505053525446435,,,,False,[],False,[]
1-6,113,23,4,train,980,80,0.005533050730966549,,,,False,[],False,[]
1-6,114,23,5,train,980,80,0.0073445726743749384,,,,False,[],False,[]
1-6,115,24,1,train,662,80,0.00036302195795756553,,,,False,[],False,[]
1-6,116,24,2,train,156,80,0.0017206954675736963,698,80,2.6154258361517257,False,[],False,[]
1-6,117,24,3,train,1612,80,0.005550302600946244,,,,False,[],False,[]
1-6,118,24,4,train,980,80,0.005541393972491981,,,,False,[],False,[]
1-6,119,24,5,train,980,80,0.0073445726743749384,,,,False,[],False,[]
1-6,120,25,1,train,662,80,0.00036302195795756553,,,,False,[],False,[]
1-6,121,25,2,train,156,80,0.001740227545188544,698,80,2.6154257987959237,False,[],False,[]
1-6,122,25,3,train,1612,80,0.005549166255865545,,,,False,[],False,[]
1-6,123,25,4,train,980,80,0.005587339025103999,,,,False,[],False,[]
1-6,124,25,5,train,980,80,0.0073445726743749384,,,,False,[],False,[]
1-6,125,26,1,train,662,80,0.00036302195795756553,,,,False,[],False,[]
1-6,126,26,2,train,1109,80,0.001784382928221695,698,80,2.615456145823121,False,[],False,[]
1-6,127,26,3,train,1612,80,0.005542891513859227,,,,False,[],False,[]
1-6,128,26,4,train,980,80,0.005700584340718184,,,,False,[],False,[]
1-6,129,26,5,train,980,80,0.0073445726743749384,,,,False,[],False,[]
1-6,130,27,1,train,662,80,0.00036302195795756553,,,,False,[],False,[]
1-6,131,27,2,train,1109,80,0.0018368469546644617,698,80,2.6155439111381487,False,[],False,[]
1-6,132,27,3,train,1612,80,0.00553430752296169,,,,False,[],False,[]
1-6,133,27,4,train,980,80,0.005842586523467919,,,,False,[],False,[]
1-6,134,27,5,train,980,80,0.0073445726743749384,,,,False,[],False,[]
1-6,135,28,1,train,662,80,0.00036302195795756553,,,,False,[],False,[]
1-6,136,28,2,train,1109,80,0.00189562584081715,698,80,2.615701038349249,False,[],False,[]
1-6,137,28,3,train,546,80,0.0054902845070923245,,,,False,[],False,[]
1-6,138,28,4,train,980,80,0.006006192129601962,,,,False,[],False,[]
1-6,139,28,5,train,980,80,0.0073445726743749384,,,,False,[],False,[]
1-6,140,29,1,train,662,80,0.00036302195795756553,,,,False,[],False,[]
1-6,141,29,2,train,1109,80,0.0019024591738219243,698,80,2.615747269414159,False,[],False,[]
1-6,142,29,3,train,546,80,0.005477654961177358,,,,False,[],False,[]
1-6,143,29,4,train,980,80,0.006032139179221074,,,,False,[],False,[]
1-6,144,29,5,train,980,80,0.0073445726743749384,,,,False,[],False,[]
1-6,145,30,1,train,662,80,0.00036302195795756553,,,,False,[],False,[]
1-6,146,30,2,train,1109,80,0.001902718109945134,698,80,2.6157842944779874,False,[],False,[]
1-6,147,30,3,train,546,80,0.00547140701268356,,,,False,[],False,[]
1-6,148,30,4,train,980,80,0.006042423879786263,,,,False,[],False,[]
1-6,149,30,5,train,980,80,0.0073445726743749384,,,,False,[],False,[]
1-6,150,31,1,train,662,80,0.00036302195795756553,,,,False,[],False,[]
1-6,151,31,2,train,1109,80,0.0019002594040343768,698,80,2.615835291339041,False,[],False,[]
1-6,152,31,3,train,546,80,0.00546339587612743,,,,False,[],False,[]
1-6,153,31,4,train,980,80,0.006050907395015681,,,,False,[],False,[]
1-6,154,31,5,train,980,80,0.0073445726743749384,,,,False,[],False,[]
1-6,155,32,1,train,662,80,0.00036302195795756553,,,,False,[],False,[]
1-6,156,32,2,train,1109,80,0.0018948299357368636,698,80,2.61590848524967,False,[],False,[]
1-6,157,32,3,train,546,80,0.0054530586339935905,,,,False,[],False,[]
1-6,158,32,4,train,980,80,0.006059232419565186,,,,False,[],False,[]
1-6,159,32,5,train,980,80,0.0073445726743749384,,,,False,[],False,[]
1-6,160,33,1,train,662,80,0.00036302195795756553,,,,False,[],False,[]
1-6,161,33,2,train,1109,80,0.0018514347726414915,698,80,2.616497635410304,False,[],False,[]
1-6,162,33,3,train,546,80,0.00537266902446043,,,,False,[],False,[]
1-6,163,33,4,train,980,80,0.0061224501258594355,,,,False,[],False,[]
1-6,164,33,5,train,980,80,0.0073445726743749384,,,,False,[],False,[]
1-6,165,34,1,train,662,80,0.00036302195795756553,,,,False,[],False,[]
1-6,166,34,2,train,1109,80,0.0017492563579100118,698,80,2.6180452350264747,False,[],False,[]
1-6,167,34,3,train,546,80,0.005176995280341878,,,,False,[],False,[]
1-6,168,34,4,train,980,80,0.0062804993659349995,,,,False,[],False,[]
1-6,169,34,5,train,980,80,0.0073445726743749384,,,,False,[],False,[]
1-6,170,35,1,train,662,80,0.00036302195795756553,,,,False,[],False,[]
1-6,171,35,2,train,1109,80,0.00165925802258593,,,,False,[],False,[]
1-6,172,35,3,train,546,80,0.005002035953576622,,,,False,[],False,[]
1-6,173,35,4,train,980,80,0.006428602335460942,,,,False,[],False,[]
1-6,174,35,5,train,980,80,0.0073445726743749384,,,,False,[],False,[]
1-6,175,36,1,train,662,80,0.00036302195795756553,,,,False,[],False,[]
1-6,176,36,2,train,1109,80,0.001597192360705324,,,,False,[],False,[]
1-6,177,36,3,train,546,80,0.004878557229707203,,,,False,[],False,[]
1-6,178,36,4,train,980,80,0.006537029336420308,,,,False,[],False,[]
1-6,179,36,5,train,980,80,0.0073445726743749384,,,,False,[],False,[]
1-6,180,37,1,train,662,80,0.00036302195795756553,,,,False,[],False,[]
1-6,181,37,2,train,1109,80,0.001588673782048522,,,,False,[],False,[]
1-6,182,37,3,train,546,80,0.004862880680000847,,,,False,[],False,[]
1-6,183,37,4,train,980,80,0.0065489481954330575,,,,False,[],False,[]
1-6,184,37,5,train,980,80,0.0073445726743749384,,,,False,[],False,[]
1-6,185,38,1,train,662,80,0.00036302195795756553,,,,False,[],False,[]
1-6,186,38,2,train,1109,80,0.0015836276959425577,,,,False,[],False,[]
1-6,187,38,3,train,546,80,0.004854745481842726,,,,False,[],False,[]
1-6,188,38,4,train,980,80,0.006553128874251302,,,,False,[],False,[]
1-6,189,38,5,train,980,80,0.0073445726743749384,,,,False,[],False,[]
1-6,190,39,1,train,662,80,0.00036302195795756553,,,,False,[],False,[]
1-6,191,39,2,train,1109,80,0.0015764894827190457,,,,False,[],False,[]
1-6,192,39,3,train,546,80,0.004844070632939346,,,,False,[],False,[]
1-6,193,39,4,train,980,80,0.0065567342488466185,,,,False,[],False,[]
1-6,194,39,5,train,980,80,0.0073445726743749384,,,,False,[],False,[]
1-6,195,40,1,train,662,80,0.00036302195795756553,,,,False,[],False,[]
1-6,196,40,2,train,1109,80,0.0015628662469364674,,,,False,[],False,[]
1-6,197,40,3,train,546,80,0.004824394512266239,,,,False,[],False,[]
1-6,198,40,4,train,980,80,0.006562104375892774,,,,False,[],False,[]
1-6,199,40,5,train,980,80,0.0073445726743749384,,,,False,[],False,[]
1-6,200,41,1,train,662,80,0.00036302195795756553,,,,False,[],False,[]
1-6,201,41,2,train,1109,80,0.0014092989376377485,,,,False,[],False,[]
1-6,202,41,3,train,546,80,0.004606153375598554,,,,False,[],False,[]
1-6,203,41,4,train,980,80,0.006625732877985291,,,,False,[],False,[]
1-6,204,41,5,train,980,80,0.0073445726743749384,,,,False,[],False,[]
1-6,205,42,1,train,662,80,0.00036302195795756553,,,,False,[],False,[]
1-6,206,42,2,train,156,80,0.0011076823420227422,156,80,2.721682327425824,False,[],False,[]
1-6,207,42,3,train,546,80,0.0042309881612654365,,,,False,[],False,[]
1-6,208,42,4,train,980,80,0.006771806304664674,,,,False,[],False,[]
1-6,209,42,5,train,980,80,0.0073445726743749384,,,,False,[],False,[]
1-6,210,43,1,train,662,80,0.00036302195795756553,,,,False,[],False,[]
1-6,211,43,2,train,156,80,0.0009272166103297952,156,80,2.720004803638364,False,[],False,[]
1-6,212,43,3,train,1514,80,0.004060153587814863,,,,False,[],False,[]
1-6,213,43,4,train,980,80,0.0068816802373643515,,,,False,[],False,[]
1-6,214,43,5,train,980,80,0.0073445726743749384,,,,False,[],False,[]
1-6,215,44,1,train,662,80,0.00036302195795756553,,,,False,[],False,[]
1-6,216,44,2,train,156,80,0.0008516702677163757,156,80,2.719437460868184,False,[],False,[]
1-6,217,44,3,train,1514,80,0.004008578271765151,,,,False,[],False,[]
1-6,218,44,4,train,980,80,0.0069349920073267235,,,,False,[],False,[]
1-6,219,44,5,train,980,80,0.0073445726743749384,,,,False,[],False,[]
1-6,220,45,1,train,662,80,0.00036302195795756553,,,,False,[],False,[]
1-6,221,45,2,train,156,80,0.0008458510355725535,156,80,2.719377992179722,False,[],False,[]
1-6,222,45,3,train,1514,80,0.004005136029555878,,,,False,[],False,[]
1-6,223,45,4,train,980,80,0.006939073184428102,,,,False,[],False,[]
1-6,224,45,5,train,980,80,0.0073445726743749384,,,,False,[],False,[]
1-6,225,46,1,train,662,80,0.00036302195795756553,,,,False,[],False,[]
1-6,226,46,2,train,156,80,0.0008429258025991482,156,80,2.719328401367223,False,[],False,[]
1-6,227,46,3,train,1514,80,0.004003240748146286,,,,False,[],False,[]
1-6,228,46,4,train,980,80,0.006940794797165362,,,,False,[],False,[]
1-6,229,46,5,train,980,80,0.0073445726743749384,,,,False,[],False,[]
1-6,230,47,1,train,662,80,0.00036302195795756553,,,,False,[],False,[]
1-6,231,47,2,train,156,80,0.000837904429006664,156,80,2.7192227276977152,False,[],False,[]
1-6,232,47,3,train,1514,80,0.003999797077594902,,,,False,[],False,[]
1-6,233,47,4,train,980,80,0.0069434949886788555,,,,False,[],False,[]
1-6,234,47,5,train,980,80,0.0073445726743749384,,,,False,[],False,[]
1-6,235,48,1,train,662,80,0.00036302195795756553,,,,False,[],False,[]
1-6,236,48,2,train,156,80,0.0008237580674456124,156,80,2.7189053466379187,False,[],False,[]
1-6,237,48,3,train,1514,80,0.003990108619898791,,,,False,[],False,[]
1-6,238,48,4,train,980,80,0.006950651053952872,,,,False,[],False,[]
1-6,239,48,5,train,980,80,0.0073445726743749384,,,,False,[],False,[]
1-6,240,49,1,train,662,80,0.00036302195795756553,,,,False,[],False,[]
1-6,241,49,2,train,156,80,0.0006469740639556409,156,80,2.714919396926775,False,[],False,[]
1-6,242,49,3,train,1620,80,0.0039143662264435886,,,,False,[],False,[]
1-6,243,49,4,train,980,80,0.00705763191347375,,,,False,[],False,[]
1-6,244,49,5,train,980,80,0.0073445726743749384,,,,False,[],False,[]
1-6,245,50,1,train,662,80,0.00036302195795756553,,,,False,[],False,[]
1-6,246,50,2,train,156,80,0.0005250072076531387,156,80,2.7121783115409417,False,[],False,[]
1-6,247,50,3,train,1620,80,0.003945717252798353,,,,False,[],False,[]
1-6,248,50,4,train,980,80,0.007160044111302888,,,,False,[],False,[]
1-6,249,50,5,train,980,80,0.0073445726743749384,,,,False,[],False,[]
1-6,250,51,1,train,662,80,0.00036302195795756553,,,,False,[],False,[]
1-6,251,51,2,train,156,80,0.0005052827151275086,156,80,2.7117221406084013,False,[],False,[]
1-6,252,51,3,train,1620,80,0.003961951525014662,,,,False,[],False,[]
1-6,253,51,4,train,980,80,0.007181010396007714,,,,False,[],False,[]
1-6,254,51,5,train,980,80,0.0073445726743749384,,,,False,[],False,[]
1-6,255,52,1,train,662,80,0.00036302195795756553,,,,False,[],False,[]
1-6,256,52,2,train,156,80,0.0005009560960047565,156,80,2.7116022964086404,False,[],False,[]
1-6,257,52,3,train,1620,80,0.003963471205449598,,,,False,[],False,[]
1-6,258,52,4,train,980,80,0.007186331221746389,,,,False,[],False,[]
1-6,259,52,5,train,980,80,0.0073445726743749384,,,,False,[],False,[]
1-6,260,53,1,train,662,80,0.00036302195795756553,,,,False,[],False,[]
1-6,261,53,2,train,156,80,0.0005009662178570018,156,80,2.7115802241563434,False,[],False,[]
1-6,262,53,3,train,1620,80,0.003960425057372374,,,,False,[],False,[]
1-6,263,53,4,train,980,80,0.0071868678134561215,,,,False,[],False,[]
1-6,264,53,5,train,980,80,0.0073445726743749384,,,,False,[],False,[]
1-6,265,54,1,train,662,80,0.00036302195795756553,,,,False,[],False,[]
1-6,266,54,2,train,156,80,0.0005023661735262808,156,80,2.711440890592876,False,[],False,[]
1-6,267,54,3,train,1620,80,0.003936481533666436,,,,False,[],False,[]
1-6,268,54,4,train,980,80,0.007189438197352294,,,,False,[],False,[]
1-6,269,54,5,train,980,80,0.0073445726743749384,,,,False,[],False,[]
1-6,270,55,1,train,662,80,0.00036302195795756553,,,,False,[],False,[]
1-6,271,55,2,train,156,80,0.000583634785179532,156,80,2.706402256791313,False,[],False,[]
1-6,272,55,3,train,1514,80,0.0031512037377832147,,,,False,[],False,[]
1-6,273,55,4,train,980,80,0.007328497085643315,,,,False,[],False,[]
1-6,274,55,5,train,980,80,0.0073445726743749384,,,,False,[],False,[]
1-6,275,56,1,train,662,80,0.00036302195795756553,,,,False,[],False,[]
1-6,276,56,2,train,156,80,0.0005528977247214462,156,80,2.7077667713931977,False,[],False,[]
1-6,277,56,3,train,1620,80,0.0033471853758407777,,,,False,[],False,[]
1-6,278,56,4,train,980,80,0.007279924136266325,,,,False,[],False,[]
1-6,279,56,5,train,980,80,0.0073445726743749384,,,,False,[],False,[]
1-6,280,57,1,train,662,80,0.00036302195795756553,,,,False,[],False,[]
1-6,281,57,2,train,156,80,0.0005449610058936294,156,80,2.708148653280973,False,[],False,[]
1-6,282,57,3,train,1620,80,0.0034064754186701185,,,,False,[],False,[]
1-6,283,57,4,train,980,80,0.0072681121459072795,,,,False,[],False,[]
1-6,284,57,5,train,980,80,0.0073445726743749384,,,,False,[],False,[]
1-6,285,58,1,train,662,80,0.00036302195795756553,,,,False,[],False,[]
1-6,286,58,2,train,156,80,0.0005437616759027541,156,80,2.708174331928163,False,[],False,[]
1-6,287,58,3,train,1620,80,0.0034122028642293856,,,,False,[],False,[]
1-6,288,58,4,train,980,80,0.007267350913550574,,,,False,[],False,[]
1-6,289,58,5,train,980,80,0.0073445726743749384,,,,False,[],False,[]
1-6,290,59,1,train,662,80,0.00036302195795756553,,,,False,[],False,[]
1-6,291,59,2,train,156,80,0.0005431630211623073,156,80,2.708165704477053,False,[],False,[]
1-6,292,59,3,train,1620,80,0.0034126506732655715,,,,False,[],False,[]
1-6,293,59,4,train,980,80,0.007267630040517448,,,,False,[],False,[]
1-6,294,59,5,train,980,80,0.0073445726743749384,,,,False,[],False,[]
1-6,295,60,1,train,662,80,0.00036302195795756553,,,,False,[],False,[]
1-6,296,60,2,train,156,80,0.0005177271282119644,156,80,2.707771452850741,False,[],False,[]
1-6,297,60,3,train,1620,80,0.003438366164806528,,,,False,[],False,[]
1-6,298,60,4,train,980,80,0.007281293534379563,,,,False,[],False,[]
1-6,299,60,5,train,980,80,0.0073445726743749384,,,,False,[],False,[]
1-6,300,61,1,train,662,80,0.00036302195795756553,,,,False,[],False,[]
1-6,301,61,2,train,839,80,0.00047886714737988,156,80,2.7072892949117517,False,[],False,[]
1-6,302,61,3,train,1620,80,0.003489850975442188,,,,False,[],False,[]
1-6,303,61,4,train,980,80,0.007308365009321194,,,,False,[],False,[]
1-6,304,61,5,train,980,80,0.0073445726743749384,,,,False,[],False,[]
1-6,305,62,1,train,662,80,0.00036302195795756553,,,,False,[],False,[]
1-6,306,62,2,train,839,80,0.0004736449581824731,156,80,2.707251441436084,False,[],False,[]
1-6,307,62,3,train,1620,80,0.0034940840487771574,,,,False,[],False,[]
1-6,308,62,4,train,980,80,0.007311460781995072,,,,False,[],False,[]
1-6,309,62,5,train,980,80,0.0073445726743749384,,,,False,[],False,[]
1-6,310,63,1,train,662,80,0.00036302195795756553,,,,False,[],False,[]
1-6,311,63,2,train,839,80,0.00045983074291877646,156,80,2.707178840757662,False,[],False,[]
1-6,312,63,3,train,1620,80,0.003509230993008705,,,,False,[],False,[]
1-6,313,63,4,train,980,80,0.00732019032830411,,,,False,[],False,[]
1-6,314,63,5,train,980,80,0.0073445726743749384,,,,False,[],False,[]
1-6,315,64,1,train,662,80,0.00036302195795756553,,,,False,[],False,[]
1-6,316,64,2,train,839,80,0.0004594744128818551,156,80,2.7071677304632975,False,[],False,[]
1-6,317,64,3,train,1620,80,0.003507949662083565,,,,False,[],False,[]
1-6,318,64,4,train,980,80,0.007320684864452254,,,,False,[],False,[]
1-6,319,64,5,train,980,80,0.0073445726743749384,,,,False,[],False,[]
1-6,320,65,1,train,662,80,0.00036302195795756553,,,,False,[],False,[]
1-6,321,65,2,train,839,80,0.0004586267491832885,156,80,2.707116369775565,False,[],False,[]
1-6,322,65,3,train,1620,80,0.0035008510731524556,,,,False,[],False,[]
1-6,323,65,4,train,980,80,0.007322646761082963,,,,False,[],False,[]
1-6,324,65,5,train,980,80,0.0073445726743749384,,,,False,[],False,[]
1-6,325,66,1,train,662,80,0.00036302195795756553,,,,False,[],False,[]
1-6,326,66,2,train,839,80,0.00045771034509523023,156,80,2.707063310891152,False,[],False,[]
1-6,327,66,3,train,1620,80,0.0034934877084369376,,,,False,[],False,[]
1-6,328,66,4,train,980,80,0.007324733656445481,,,,False,[],False,[]
1-6,329,66,5,train,980,80,0.0073445726743749384,,,,False,[],False,[]
1-6,330,67,1,train,662,80,0.00036302195795756553,,,,False,[],False,[]
1-6,331,67,2,train,839,80,0.0004564138570295473,156,80,2.706979002482753,False,[],False,[]
1-6,332,67,3,train,1620,80,0.0034813825667221465,,,,False,[],False,[]
1-6,333,67,4,train,980,80,0.00732807253405654,,,,False,[],False,[]
1-6,334,67,5,train,980,80,0.0073445726743749384,,,,False,[],False,[]
1-6,335,68,1,train,662,80,0.00036302195795756553,,,,False,[],False,[]
1-6,336,68,2,train,839,80,0.00045347165858100613,156,80,2.7067706147636152,False,[],False,[]
1-6,337,68,3,train,1620,80,0.003450346698150586,,,,False,[],False,[]
1-6,338,68,4,train,980,80,0.007336840739921469,,,,False,[],False,[]
1-6,339,68,5,train,980,80,0.0073445726743749384,,,,False,[],False,[]
1-6,340,69,1,train,662,80,0.00036302195795756553,,,,False,[],False,[]
1-6,341,69,2,train,839,80,0.00044847380937262926,156,80,2.7062300801329764,False,[],False,[]
1-6,342,69,3,train,1620,80,0.003359344186089186,,,,False,[],False,[]
1-6,343,69,4,train,980,80,0.007364173873236068,,,,False,[],False,[]
1-6,344,69,5,train,980,80,0.0073445726743749384,,,,False,[],False,[]
1-6,345,70,1,train,662,80,0.00036302195795756553,,,,False,[],False,[]
1-6,346,70,2,train,1097,81,0.00043016235919235424,156,80,2.705917582550922,False,[],False,[]
1-6,347,70,3,train,1620,80,0.003295062618430822,,,,False,[],False,[]
1-6,348,70,4,train,980,80,0.0073853569014412646,,,,False,[],False,[]
1-6,349,70,5,train,980,80,0.0073445726743749384,,,,False,[],False,[]
1-6,350,71,1,train,662,80,0.00036302195795756553,,,,False,[],False,[]
1-6,351,71,2,train,1097,81,0.00041101563193390867,156,80,2.705783899684614,False,[],False,[]
1-6,352,71,3,train,1620,80,0.0032629257453906657,,,,False,[],False,[]
1-6,353,71,4,train,980,80,0.0073967406692099225,,,,False,[],False,[]
1-6,354,71,5,train,980,80,0.0073445726743749384,,,,False,[],False,[]
1-6,355,72,1,train,662,80,0.00036302195795756553,,,,False,[],False,[]
1-6,356,72,2,train,1097,81,0.0004045232664801057,156,80,2.705739557870376,False,[],False,[]
1-6,357,72,3,train,1620,80,0.0032518909043074418,,,,False,[],False,[]
1-6,358,72,4,train,980,80,0.007400951712892678,,,,False,[],False,[]
1-6,359,72,5,train,980,80,0.0073445726743749384,,,,False,[],False,[]
1-6,360,73,1,train,662,80,0.00036302195795756553,,,,False,[],False,[]
1-6,361,73,2,train,1097,81,0.0004026116165095628,156,80,2.7057239955103296,False,[],False,[]
1-6,362,73,3,train,1620,80,0.003248615713657532,,,,False,[],False,[]
1-6,363,73,4,train,980,80,0.00740239909210938,,,,False,[],False,[]
1-6,364,73,5,train,980,80,0.0073445726743749384,,,,False,[],False,[]
1-6,365,74,1,train,662,80,0.00036302195795756553,,,,False,[],False,[]
1-6,366,74,2,train,1097,81,0.0004000364979157567,839,80,2.70596963874738,False,[],False,[]
1-6,367,74,3,train,1620,80,0.003243953684077372,,,,False,[],False,[]
1-6,368,74,4,train,980,80,0.007404587349661318,,,,False,[],False,[]
1-6,369,74,5,train,980,80,0.0073445726743749384,,,,False,[],False,[]
1-6,370,75,1,train,662,80,0.00036302195795756553,,,,False,[],False,[]
1-6,371,75,2,train,1097,81,0.00039475873191308075,839,80,2.7058971605746027,False,[],False,[]
1-6,372,75,3,train,1620,80,0.003234473366868995,,,,False,[],False,[]
1-6,373,75,4,train,980,80,0.0074093799415604344,,,,False,[],False,[]
1-6,374,75,5,train,980,80,0.0073445726743749384,,,,False,[],False,[]
1-6,375,76,1,train,662,80,0.00036302195795756553,,,,False,[],False,[]
1-6,376,76,2,train,1097,81,0.0003787352191074733,839,80,2.7056820825542474,False,[],False,[]
1-6,377,76,3,train,1620,80,0.003205089055193011,,,,False,[],False,[]
1-6,378,76,4,train,980,80,0.007424821209861543,,,,False,[],False,[]
1-6,379,76,5,train,980,80,0.0073445726743749384,,,,False,[],False,[]
1-6,380,77,1,train,662,80,0.00036302195795756553,,,,False,[],False,[]
1-6,381,77,2,train,1097,81,0.00033123851204941435,839,80,2.705140001156494,False,[],False,[]
1-6,382,77,3,train,1620,80,0.003111558469609532,,,,False,[],False,[]
1-6,383,77,4,train,980,80,0.007477981407890799,,,,False,[],False,[]
1-6,384,77,5,train,980,80,0.0073445726743749384,,,,False,[],False,[]
1-6,385,78,1,train,662,80,0.00036302195795756553,,,,False,[],False,[]
1-6,386,78,2,train,1097,81,0.00030319548174273514,,,,False,[],False,[]
1-6,387,78,3,train,1514,80,0.0030490944351335703,,,,False,[],False,[]
1-6,388,78,4,train,980,80,0.007517016213448358,,,,False,[],False,[]
1-6,389,78,5,train,980,80,0.0073445726743749384,,,,False,[],False,[]
1-6,390,79,1,train,662,80,0.00036302195795756553,,,,False,[],False,[]
1-6,391,79,2,train,1097,81,0.00029174276421550793,,,,False,[],False,[]
1-6,392,79,3,train,1514,80,0.0030206876576595043,,,,False,[],False,[]
1-6,393,79,4,train,980,80,0.0075358533683577145,,,,False,[],False,[]
1-6,394,79,5,train,980,80,0.0073445726743749384,,,,False,[],False,[]
1-6,395,80,1,train,662,80,0.00036302195795756553,,,,False,[],False,[]
1-6,396,80,2,train,1097,81,0.00028860230035188117,,,,False,[],False,[]
1-6,397,80,3,train,1514,80,0.0030120880592503507,,,,False,[],False,[]
1-6,398,80,4,train,980,80,0.007541896265061521,,,,False,[],False,[]
1-6,399,80,5,train,980,80,0.0073445726743749384,,,,False,[],False,[]
1-6,400,81,1,train,662,80,0.00036302195795756553,,,,False,[],False,[]
1-6,401,81,2,train,1097,81,0.00028797082839071564,,,,False,[],False,[]
1-6,402,81,3,train,1514,80,0.003009750583473303,,,,False,[],False,[]
1-6,403,81,4,train,980,80,0.007543752805900805,,,,False,[],False,[]
1-6,404,81,5,train,980,80,0.0073445726743749384,,,,False,[],False,[]
1-6,405,82,1,train,662,80,0.00036302195795756553,,,,False,[],False,[]
1-6,406,82,2,train,1097,81,0.00028736674676088647,,,,False,[],False,[]
1-6,407,82,3,train,1514,80,0.0030065043571174677,,,,False,[],False,[]
1-6,408,82,4,train,980,80,0.007546470937529026,,,,False,[],False,[]
1-6,409,82,5,train,980,80,0.0073445726743749384,,,,False,[],False,[]
1-6,410,83,1,train,662,80,0.00036302195795756553,,,,False,[],False,[]
1-6,411,83,2,train,1097,81,0.0002861687701889437,,,,False,[],False,[]
1-6,412,83,3,train,1514,80,0.0029993611595320324,,,,False,[],False,[]
1-6,413,83,4,train,980,80,0.0075528081291925675,,,,False,[],False,[]
1-6,414,83,5,train,980,80,0.0073445726743749384,,,,False,[],False,[]
1-6,415,84,1,train,662,80,0.00036302195795756553,,,,False,[],False,[]
1-6,416,84,2,train,1097,81,0.00028339558351975214,,,,False,[],False,[]
1-6,417,84,3,train,1514,80,0.0029756829447811217,,,,False,[],False,[]
1-6,418,84,4,train,980,80,0.007574511876385692,,,,False,[],False,[]
1-6,419,84,5,train,980,80,0.0073445726743749384,,,,False,[],False,[]
1-6,420,85,1,train,662,80,0.00036302195795756553,,,,False,[],False,[]
1-6,421,85,2,train,1097,81,0.0002792569268363909,,,,False,[],False,[]
1-6,422,85,3,train,1514,80,0.0029018260515192296,,,,False,[],False,[]
1-6,423,85,4,train,980,80,0.007647922249519157,,,,False,[],False,[]
1-6,424,85,5,train,980,80,0.0073445726743749384,,,,False,[],False,[]
1-6,425,86,1,train,662,80,0.00036302195795756553,,,,False,[],False,[]
1-6,426,86,2,train,1097,81,0.0002803614941000454,,,,False,[],False,[]
1-6,427,86,3,train,1514,80,0.0028578249577210224,,,,False,[],False,[]
1-6,428,86,4,train,980,80,0.007696016155296359,,,,False,[],False,[]
1-6,429,86,5,train,980,80,0.0073445726743749384,,,,False,[],False,[]
1-6,430,87,1,train,662,80,0.00036302195795756553,,,,False,[],False,[]
1-6,431,87,2,train,1097,81,0.0002817653481889115,,,,False,[],False,[]
1-6,432,87,3,train,1514,80,0.0028402609242281773,,,,False,[],False,[]
1-6,433,87,4,train,980,80,0.00771588779322796,,,,False,[],False,[]
1-6,434,87,5,train,980,80,0.0073445726743749384,,,,False,[],False,[]
1-6,435,88,1,train,662,80,0.00036302195795756553,,,,False,[],False,[]
1-6,436,88,2,train,1097,81,0.00028246641145612816,,,,False,[],False,[]
1-6,437,88,3,train,1514,80,0.002834899686093073,,,,False,[],False,[]
1-6,438,88,4,train,980,80,0.007721672102654176,,,,False,[],False,[]
1-6,439,88,5,train,980,80,0.0073445726743749384,,,,False,[],False,[]
1-6,440,89,1,train,662,80,0.00036302195795756553,,,,False,[],False,[]
1-6,441,89,2,train,1097,81,0.00028291093782262244,,,,False,[],False,[]
1-6,442,89,3,train,1514,80,0.002832908153881153,,,,False,[],False,[]
1-6,443,89,4,train,980,80,0.007723450268773524,,,,False,[],False,[]
1-6,444,89,5,train,980,80,0.0073445726743749384,,,,False,[],False,[]
1-6,445,90,1,train,662,80,0.00036302195795756553,,,,False,[],False,[]
1-6,446,90,2,train,1097,81,0.00028386140891556444,,,,False,[],False,[]
1-6,447,90,3,train,1514,80,0.002829272455932008,,,,False,[],False,[]
1-6,448,90,4,train,980,80,0.007726345672669055,,,,False,[],False,[]
1-6,449,90,5,train,980,80,0.0073445726743749384,,,,False,[],False,[]
1-6,450,91,1,train,662,80,0.00036302195795756553,,,,False,[],False,[]
1-6,451,91,2,train,1097,81,0.0002866160177448229,,,,False,[],False,[]
1-6,452,91,3,train,1514,80,0.0028195246997233525,,,,False,[],False,[]
1-6,453,91,4,train,980,80,0.007733960374059601,,,,False,[],False,[]
1-6,454,91,5,train,980,80,0.0073445726743749384,,,,False,[],False,[]
1-6,455,92,1,train,662,80,0.00036302195795756553,,,,False,[],False,[]
1-6,456,92,2,train,1097,81,0.0002978348103921391,,,,False,[],False,[]
1-6,457,92,3,train,1514,80,0.002784126139495413,,,,False,[],False,[]
1-6,458,92,4,train,980,80,0.007762519413754054,,,,False,[],False,[]
1-6,459,92,5,train,980,80,0.0073445726743749384,,,,False,[],False,[]
1-6,460,93,1,train,662,80,0.00036302195795756553,,,,False,[],False,[]
1-6,461,93,2,train,1097,81,0.00033983208244348084,,,,False,[],False,[]
1-6,462,93,3,train,1514,80,0.002676096408277928,,,,False,[],False,[]
1-6,463,93,4,train,980,80,0.007861896712765937,,,,False,[],False,[]
1-6,464,93,5,train,980,80,0.0073445726743749384,,,,False,[],False,[]
1-6,465,94,1,train,662,80,0.00036302195795756553,,,,False,[],False,[]
1-6,466,94,2,train,1097,81,0.0003697873985072375,,,,False,[],False,[]
1-6,467,94,3,train,1514,80,0.0026163681566607755,,,,False,[],False,[]
1-6,468,94,4,train,980,80,0.007926344818467546,,,,False,[],False,[]
1-6,469,94,5,train,980,80,0.0073445726743749384,,,,False,[],False,[]
1-6,470,95,1,train,662,80,0.00036302195795756553,,,,False,[],False,[]
1-6,471,95,2,train,1097,81,0.000382033136829274,,,,False,[],False,[]
1-6,472,95,3,train,1514,80,0.0025948097636299128,,,,False,[],False,[]
1-6,473,95,4,train,980,80,0.007951733459629517,,,,False,[],False,[]
1-6,474,95,5,train,980,80,0.0073445726743749384,,,,False,[],False,[]
1-6,475,96,1,train,662,80,0.00036302195795756553,,,,False,[],False,[]
1-6,476,96,2,train,1097,81,0.00038550705800510787,,,,False,[],False,[]
1-6,477,96,3,train,1514,80,0.0025889995041079583,,,,False,[],False,[]
1-6,478,96,4,train,980,80,0.00795894609889114,,,,False,[],False,[]
1-6,479,96,5,train,980,80,0.0073445726743749384,,,,False,[],False,[]
1-6,480,97,1,train,662,80,0.00036302195795756553,,,,False,[],False,[]
1-6,481,97,2,train,1097,81,0.00038665181889485645,,,,False,[],False,[]
1-6,482,97,3,train,1514,80,0.00258716400582526,,,,False,[],False,[]
1-6,483,97,4,train,980,80,0.007961418008765264,,,,False,[],False,[]
1-6,484,97,5,train,980,80,0.0073445726743749384,,,,False,[],False,[]
1-6,485,98,1,train,662,80,0.00036302195795756553,,,,False,[],False,[]
1-6,486,98,2,train,1097,81,0.0003886191326493149,,,,False,[],False,[]
1-6,487,98,3,train,1514,80,0.0025840147919733436,,,,False,[],False,[]
1-6,488,98,4,train,980,80,0.007965711441316303,,,,False,[],False,[]
1-6,489,98,5,train,980,80,0.0073445726743749384,,,,False,[],False,[]
1-6,490,99,1,train,662,80,0.00036302195795756553,,,,False,[],False,[]
1-6,491,99,2,train,1097,81,0.0003939766739465833,,,,False,[],False,[]
1-6,492,99,3,train,1514,80,0.0025755017611310826,,,,False,[],False,[]
1-6,493,99,4,train,980,80,0.0079775042193595,,,,False,[],False,[]
1-6,494,99,5,train,980,80,0.0073445726743749384,,,,False,[],False,[]
1-6,495,100,1,train,662,80,0.00036302195795756553,,,,False,[],False,[]
1-6,496,100,2,train,1097,81,0.00041550324608197187,,,,False,[],False,[]
1-6,497,100,3,train,1514,80,0.0025431497103769463,,,,False,[],False,[]
1-6,498,100,4,train,980,80,0.008024564809919976,,,,False,[],False,[]
1-6,499,100,5,train,980,80,0.0073445726743749384,,,,False,[],False,[]
1-6,500,101,1,train,662,80,0.00036302195795756553,,,,False,[],False,[]
1-6,501,101,2,train,983,81,0.00048743310501286885,,,,False,[],False,[]
1-6,502,101,3,train,1514,80,0.0024493022504314954,,,,False,[],False,[]
1-6,503,101,4,train,980,80,0.00817803438439868,,,,False,[],False,[]
1-6,504,101,5,train,980,80,0.0073445726743749384,,,,False,[],False,[]
1-6,505,102,1,train,662,80,0.00036302195795756553,,,,False,[],False,[]
1-6,506,102,2,train,983,81,0.0005327003112242101,,,,False,[],False,[]
1-6,507,102,3,train,1514,80,0.0023993817124216,,,,False,[],False,[]
1-6,508,102,4,train,980,80,0.008271652536220864,,,,False,[],False,[]
1-6,509,102,5,train,980,80,0.0073445726743749384,,,,False,[],False,[]
1-6,510,103,1,train,662,80,0.00036302195795756553,,,,False,[],False,[]
1-6,511,103,2,train,983,81,0.0005497462133674524,,,,False,[],False,[]
1-6,512,103,3,train,1514,80,0.002382067473774563,,,,False,[],False,[]
1-6,513,103,4,train,980,80,0.008306849598468613,,,,False,[],False,[]
1-6,514,103,5,train,980,80,0.0073445726743749384,,,,False,[],False,[]
1-6,515,104,1,train,662,80,0.00036302195795756553,,,,False,[],False,[]
1-6,516,104,2,train,983,81,0.0005540695699959297,,,,False,[],False,[]
1-6,517,104,3,train,1514,80,0.002377693307158979,,,,False,[],False,[]
1-6,518,104,4,train,980,80,0.008316192455767535,,,,False,[],False,[]
1-6,519,104,5,train,980,80,0.0073445726743749384,,,,False,[],False,[]
1-6,520,105,1,train,662,80,0.00036302195795756553,,,,False,[],False,[]
1-6,521,105,2,train,983,81,0.0005553953516694854,,,,False,[],False,[]
1-6,522,105,3,train,1514,80,0.0023762919084810985,,,,False,[],False,[]
1-6,523,105,4,train,980,80,0.008319522355998532,,,,False,[],False,[]
1-6,524,105,5,train,980,80,0.0073445726743749384,,,,False,[],False,[]
1-6,525,106,1,train,662,80,0.00036302195795756553,,,,False,[],False,[]
1-6,526,106,2,train,983,81,0.0005576154721856907,,,,False,[],False,[]
1-6,527,106,3,train,1514,80,0.002373857256465439,,,,False,[],False,[]
1-6,528,106,4,train,980,80,0.008325388732061123,,,,False,[],False,[]
1-6,529,106,5,train,980,80,0.0073445726743749384,,,,False,[],False,[]
1-6,530,107,1,train,662,80,0.00036302195795756553,,,,False,[],False,[]
1-6,531,107,2,train,983,81,0.0005638519250589225,,,,False,[],False,[]
1-6,532,107,3,train,1514,80,0.002366895423287385,,,,False,[],False,[]
1-6,533,107,4,train,980,80,0.008342753393833058,,,,False,[],False,[]
1-6,534,107,5,train,980,80,0.0073445726743749384,,,,False,[],False,[]
1-6,535,108,1,train,662,80,0.00036302195795756553,,,,False,[],False,[]
1-6,536,108,2,train,983,81,0.0005893451454864751,,,,False,[],False,[]
1-6,537,108,3,train,1514,80,0.002339378243154888,,,,False,[],False,[]
1-6,538,108,4,train,980,80,0.008414204481493215,,,,False,[],False,[]
1-6,539,108,5,train,980,80,0.0073445726743749384,,,,False,[],False,[]
1-6,540,109,1,train,662,80,0.00036302195795756553,,,,False,[],False,[]
1-6,541,109,2,train,983,81,0.0006625945489259211,,,,False,[],False,[]
1-6,542,109,3,train,546,80,0.002266927294404919,,,,False,[],False,[]
1-6,543,109,4,train,980,80,0.008618330850243772,,,,False,[],False,[]
1-6,544,109,5,train,980,80,0.0073445726743749384,,,,False,[],False,[]
1-7,0,1,1,train,662,80,0.0003529844242131652,,,,False,[],False,[]
1-7,1,1,2,train,1625,80,0.0008289127410834318,,,,False,[],False,[]
1-7,2,1,3,train,546,80,0.004755037710453713,,,,False,[],False,[]
1-7,3,1,4,train,980,80,0.004873691550649761,,,,False,[],False,[]
1-7,4,1,5,train,980,80,0.007597765986701366,,,,False,[],False,[]
1-7,5,2,1,train,662,80,0.0003529844242131652,,,,False,[],False,[]
1-7,6,2,2,train,839,80,0.0010255851423740525,553,80,1.248727476044936,False,[],False,[]
1-7,7,2,3,train,546,80,0.004810864051906338,,,,False,[],False,[]
1-7,8,2,4,train,980,80,0.004869216483686989,,,,False,[],False,[]
1-7,9,2,5,train,980,80,0.007597765986701366,,,,False,[],False,[]
1-7,10,3,1,train,662,80,0.0003529844242131652,,,,False,[],False,[]
1-7,11,3,2,train,156,80,0.0013696156168723217,490,80,2.0581670396700438,False,[],False,[]
1-7,12,3,3,train,546,80,0.004880161546246153,,,,False,[],False,[]
1-7,13,3,4,train,980,80,0.004871416961162667,,,,False,[],False,[]
1-7,14,3,5,train,980,80,0.007597765986701366,,,,False,[],False,[]
1-7,15,4,1,train,662,80,0.0003529844242131652,,,,False,[],False,[]
1-7,16,4,2,train,156,80,0.0012759668056241402,490,80,2.0602459812186513,False,[],False,[]
1-7,17,4,3,train,546,80,0.0048648664215908966,,,,False,[],False,[]
1-7,18,4,4,train,980,80,0.004870697390863099,,,,False,[],False,[]
1-7,19,4,5,train,980,80,0.007597765986701366,,,,False,[],False,[]
1-7,20,5,1,train,662,80,0.0003529844242131652,,,,False,[],False,[]
1-7,21,5,2,train,156,80,0.0012844672074582286,490,80,2.0600225341049065,False,[],False,[]
1-7,22,5,3,train,546,80,0.0048665316497082944,,,,False,[],False,[]
1-7,23,5,4,train,980,80,0.004871176195671234,,,,False,[],False,[]
1-7,24,5,5,train,980,80,0.007597765986701366,,,,False,[],False,[]
1-7,25,6,1,train,662,80,0.0003529844242131652,,,,False,[],False,[]
1-7,26,6,2,train,156,80,0.0012837029005176026,490,80,2.0600357271889003,False,[],False,[]
1-7,27,6,3,train,546,80,0.004866613016023313,,,,False,[],False,[]
1-7,28,6,4,train,980,80,0.00487161100164446,,,,False,[],False,[]
1-7,29,6,5,train,980,80,0.007597765986701366,,,,False,[],False,[]
1-7,30,7,1,train,662,80,0.0003529844242131652,,,,False,[],False,[]
1-7,31,7,2,train,156,80,0.0012619665601476537,490,80,2.060441612986333,False,[],False,[]
1-7,32,7,3,train,546,80,0.0048683256205898084,,,,False,[],False,[]
1-7,33,7,4,train,980,80,0.004885699358476714,,,,False,[],False,[]
1-7,34,7,5,train,980,80,0.007597765986701366,,,,False,[],False,[]
1-7,35,8,1,train,662,80,0.0003529844242131652,,,,False,[],False,[]
1-7,36,8,2,train,156,80,0.0011630099686599227,553,80,1.21487870113953,False,[],False,[]
1-7,37,8,3,train,1109,80,0.004770890999932997,,,,False,[],False,[]
1-7,38,8,4,train,980,80,0.005145232837789893,,,,False,[],False,[]
1-7,39,8,5,train,980,80,0.007597765986701366,,,,False,[],False,[]
1-7,40,9,1,train,662,80,0.0003529844242131652,,,,False,[],False,[]
1-7,41,9,2,train,156,80,0.001163291239549391,553,80,1.2150410885602043,False,[],False,[]
1-7,42,9,3,train,1109,80,0.004772268698461146,,,,False,[],False,[]
1-7,43,9,4,train,980,80,0.0051451384098430974,,,,False,[],False,[]
1-7,44,9,5,train,980,80,0.007597765986701366,,,,False,[],False,[]
1-7,45,10,1,train,662,80,0.0003529844242131652,,,,False,[],False,[]
1-7,46,10,2,train,156,80,0.0011619876358709424,553,80,1.2166122632063638,False,[],False,[]
1-7,47,10,3,train,1109,80,0.004778103378999754,,,,False,[],False,[]
1-7,48,10,4,train,980,80,0.005133321745383057,,,,False,[],False,[]
1-7,49,10,5,train,980,80,0.007597765986701366,,,,False,[],False,[]
1-7,50,11,1,train,662,80,0.0003529844242131652,,,,False,[],False,[]
1-7,51,11,2,train,156,80,0.0013070204069145497,490,80,2.0589582568433076,False,[],False,[]
1-7,52,11,3,train,546,80,0.004871601310089568,,,,False,[],False,[]
1-7,53,11,4,train,980,80,0.004872059256064043,,,,False,[],False,[]
1-7,54,11,5,train,980,80,0.007597765986701366,,,,False,[],False,[]
1-7,55,12,1,train,662,80,0.0003529844242131652,,,,False,[],False,[]
1-7,56,12,2,train,156,80,0.0012896664126369473,490,80,2.059234773471353,False,[],False,[]
1-7,57,12,3,train,546,80,0.00487201167219764,,,,False,[],False,[]
1-7,58,12,4,train,980,80,0.004882407229715446,,,,False,[],False,[]
1-7,59,12,5,train,980,80,0.007597765986701366,,,,False,[],False,[]
1-7,60,13,1,train,662,80,0.0003529844242131652,,,,False,[],False,[]
1-7,61,13,2,train,156,80,0.0012892178682621935,490,80,2.059248082191678,False,[],False,[]
1-7,62,13,3,train,546,80,0.004872898312871743,,,,False,[],False,[]
1-7,63,13,4,train,980,80,0.004883073573577645,,,,False,[],False,[]
1-7,64,13,5,train,980,80,0.007597765986701366,,,,False,[],False,[]
1-7,65,14,1,train,662,80,0.0003529844242131652,,,,False,[],False,[]
1-7,66,14,2,train,156,80,0.0012465022725662855,,,,False,[],False,[]
1-7,67,14,3,train,546,80,0.005011306506074287,,,,False,[],False,[]
1-7,68,14,4,train,980,80,0.005044285638656554,,,,False,[],False,[]
1-7,69,14,5,train,980,80,0.007597765986701366,,,,False,[],False,[]
1-7,70,15,1,train,662,80,0.0003529844242131652,,,,False,[],False,[]
1-7,71,15,2,train,156,80,0.0012489339468245708,553,80,1.2447866295971661,False,[],False,[]
1-7,72,15,3,train,546,80,0.005020718972809313,,,,False,[],False,[]
1-7,73,15,4,train,980,80,0.0050649491866221474,,,,False,[],False,[]
1-7,74,15,5,train,980,80,0.007597765986701366,,,,False,[],False,[]
1-7,75,16,1,train,662,80,0.0003529844242131652,,,,False,[],False,[]
1-7,76,16,2,train,156,80,0.0012519477627920272,553,80,1.2443473275473607,False,[],False,[]
1-7,77,16,3,train,546,80,0.005022191053043246,,,,False,[],False,[]
1-7,78,16,4,train,980,80,0.005072087575288986,,,,False,[],False,[]
1-7,79,16,5,train,980,80,0.007597765986701366,,,,False,[],False,[]
1-7,80,17,1,train,662,80,0.0003529844242131652,,,,False,[],False,[]
1-7,81,17,2,train,156,80,0.0012557064467693113,553,80,1.2444039411967254,False,[],False,[]
1-7,82,17,3,train,546,80,0.005021654809307163,,,,False,[],False,[]
1-7,83,17,4,train,980,80,0.005076655876175673,,,,False,[],False,[]
1-7,84,17,5,train,980,80,0.007597765986701366,,,,False,[],False,[]
1-7,85,18,1,train,662,80,0.0003529844242131652,,,,False,[],False,[]
1-7,86,18,2,train,156,80,0.0012588884082584961,553,80,1.2447461966799718,False,[],False,[]
1-7,87,18,3,train,546,80,0.00502007597913201,,,,False,[],False,[]
1-7,88,18,4,train,980,80,0.005078420880435974,,,,False,[],False,[]
1-7,89,18,5,train,980,80,0.007597765986701366,,,,False,[],False,[]
1-7,90,19,1,train,662,80,0.0003529844242131652,,,,False,[],False,[]
1-7,91,19,2,train,156,80,0.0013473231451390788,,,,False,[],False,[]
1-7,92,19,3,train,546,80,0.004979313977948596,,,,False,[],False,[]
1-7,93,19,4,train,980,80,0.005125985375185493,,,,False,[],False,[]
1-7,94,19,5,train,980,80,0.007597765986701366,,,,False,[],False,[]
1-7,95,20,1,train,662,80,0.0003529844242131652,,,,False,[],False,[]
1-7,96,20,2,train,1109,80,0.0020950398645801505,490,80,2.058519397957922,False,[],False,[]
1-7,97,20,3,train,546,80,0.004726812394946767,,,,False,[],False,[]
1-7,98,20,4,train,980,80,0.005502347905265381,,,,False,[],False,[]
1-7,99,20,5,train,980,80,0.007597765986701366,,,,False,[],False,[]
1-7,100,21,1,train,662,80,0.0003529844242131652,,,,False,[],False,[]
1-7,101,21,2,train,1109,80,0.0017739704137692547,490,80,2.057408556210503,False,[],False,[]
1-7,102,21,3,train,546,80,0.0048195340207009,,,,False,[],False,[]
1-7,103,21,4,train,980,80,0.005345753331840508,,,,False,[],False,[]
1-7,104,21,5,train,980,80,0.007597765986701366,,,,False,[],False,[]
1-7,105,22,1,train,662,80,0.0003529844242131652,,,,False,[],False,[]
1-7,106,22,2,train,1109,80,0.0016214789148858433,490,80,2.0580135948991263,False,[],False,[]
1-7,107,22,3,train,546,80,0.004868988128415186,,,,False,[],False,[]
1-7,108,22,4,train,980,80,0.005269509242139314,,,,False,[],False,[]
1-7,109,22,5,train,980,80,0.007597765986701366,,,,False,[],False,[]
1-7,110,23,1,train,662,80,0.0003529844242131652,,,,False,[],False,[]
1-7,111,23,2,train,1109,80,0.0016220691784685215,490,80,2.0580108934844747,False,[],False,[]
1-7,112,23,3,train,546,80,0.004867711592902557,,,,False,[],False,[]
1-7,113,23,4,train,980,80,0.005270075850873024,,,,False,[],False,[]
1-7,114,23,5,train,980,80,0.007597765986701366,,,,False,[],False,[]
1-7,115,24,1,train,662,80,0.0003529844242131652,,,,False,[],False,[]
1-7,116,24,2,train,1109,80,0.001620360712558666,490,80,2.058024204223228,False,[],False,[]
1-7,117,24,3,train,546,80,0.004865763828227454,,,,False,[],False,[]
1-7,118,24,4,train,980,80,0.005269854180225186,,,,False,[],False,[]
1-7,119,24,5,train,980,80,0.007597765986701366,,,,False,[],False,[]
1-7,120,25,1,train,662,80,0.0003529844242131652,,,,False,[],False,[]
1-7,121,25,2,train,1109,80,0.001618734673111799,490,80,2.0580372604072985,False,[],False,[]
1-7,122,25,3,train,546,80,0.004863729345176981,,,,False,[],False,[]
1-7,123,25,4,train,980,80,0.005269706924343476,,,,False,[],False,[]
1-7,124,25,5,train,980,80,0.007597765986701366,,,,False,[],False,[]
1-7,125,26,1,train,662,80,0.0003529844242131652,,,,False,[],False,[]
1-7,126,26,2,train,1109,80,0.0016154505000380848,490,80,2.0580642755793814,False,[],False,[]
1-7,127,26,3,train,546,80,0.004859709810733248,,,,False,[],False,[]
1-7,128,26,4,train,980,80,0.005269388178343881,,,,False,[],False,[]
1-7,129,26,5,train,980,80,0.007597765986701366,,,,False,[],False,[]
1-7,130,27,1,train,662,80,0.0003529844242131652,,,,False,[],False,[]
1-7,131,27,2,train,1109,80,0.0016054167230818983,490,80,2.058152980844479,False,[],False,[]
1-7,132,27,3,train,546,80,0.004847110072275007,,,,False,[],False,[]
1-7,133,27,4,train,980,80,0.005268432829841574,,,,False,[],False,[]
1-7,134,27,5,train,980,80,0.007597765986701366,,,,False,[],False,[]
1-7,135,28,1,train,662,80,0.0003529844242131652,,,,False,[],False,[]
1-7,136,28,2,train,1109,80,0.001589775367580759,490,80,2.058309129524388,False,[],False,[]
1-7,137,28,3,train,546,80,0.004826473178361379,,,,False,[],False,[]
1-7,138,28,4,train,980,80,0.005267077190586722,,,,False,[],False,[]
1-7,139,28,5,train,980,80,0.007597765986701366,,,,False,[],False,[]
1-7,140,29,1,train,662,80,0.0003529844242131652,,,,False,[],False,[]
1-7,141,29,2,train,1109,80,0.001572111974921797,490,80,2.0585130610536773,False,[],False,[]
1-7,142,29,3,train,546,80,0.0048016111055037,,,,False,[],False,[]
1-7,143,29,4,train,980,80,0.005265779684934024,,,,False,[],False,[]
1-7,144,29,5,train,980,80,0.007597765986701366,,,,False,[],False,[]
1-7,145,30,1,train,662,80,0.0003529844242131652,,,,False,[],False,[]
1-7,146,30,2,train,1109,80,0.0015428564170725245,490,80,2.0589132236228536,False,[],False,[]
1-7,147,30,3,train,546,80,0.0047565510276492695,,,,False,[],False,[]
1-7,148,30,4,train,980,80,0.005264734649804037,,,,False,[],False,[]
1-7,149,30,5,train,980,80,0.007597765986701366,,,,False,[],False,[]
1-7,150,31,1,train,662,80,0.0003529844242131652,,,,False,[],False,[]
1-7,151,31,2,train,1109,80,0.0015369162882850063,490,80,2.059009817387077,False,[],False,[]
1-7,152,31,3,train,546,80,0.004744998561680092,,,,False,[],False,[]
1-7,153,31,4,train,980,80,0.005265328188221452,,,,False,[],False,[]
1-7,154,31,5,train,980,80,0.007597765986701366,,,,False,[],False,[]
1-7,155,32,1,train,662,80,0.0003529844242131652,,,,False,[],False,[]
1-7,156,32,2,train,1109,80,0.0015340988835004232,490,80,2.0590590229643913,False,[],False,[]
1-7,157,32,3,train,546,80,0.004737557454128738,,,,False,[],False,[]
1-7,158,32,4,train,980,80,0.005266504129657346,,,,False,[],False,[]
1-7,159,32,5,train,980,80,0.007597765986701366,,,,False,[],False,[]
1-7,160,33,1,train,662,80,0.0003529844242131652,,,,False,[],False,[]
1-7,161,33,2,train,1109,80,0.0015323518104825018,490,80,2.059092270226768,False,[],False,[]
1-7,162,33,3,train,546,80,0.004730510440957514,,,,False,[],False,[]
1-7,163,33,4,train,980,80,0.005268361491093554,,,,False,[],False,[]
1-7,164,33,5,train,980,80,0.007597765986701366,,,,False,[],False,[]
1-7,165,34,1,train,662,80,0.0003529844242131652,,,,False,[],False,[]
1-7,166,34,2,train,1109,80,0.0015318595957037884,490,80,2.0591046140875835,False,[],False,[]
1-7,167,34,3,train,546,80,0.004725233012282226,,,,False,[],False,[]
1-7,168,34,4,train,980,80,0.005270437152006036,,,,False,[],False,[]
1-7,169,34,5,train,980,80,0.007597765986701366,,,,False,[],False,[]
1-7,170,35,1,train,662,80,0.0003529844242131652,,,,False,[],False,[]
1-7,171,35,2,train,1109,80,0.0015299932347343503,490,80,2.0591586215415383,False,[],False,[]
1-7,172,35,3,train,546,80,0.004697393741345701,,,,False,[],False,[]
1-7,173,35,4,train,980,80,0.005282065777777012,,,,False,[],False,[]
1-7,174,35,5,train,980,80,0.007597765986701366,,,,False,[],False,[]
1-7,175,36,1,train,662,80,0.0003529844242131652,,,,False,[],False,[]
1-7,176,36,2,train,156,80,0.0015267716831899314,490,80,2.0592619419713682,False,[],False,[]
1-7,177,36,3,train,546,80,0.0046397093160281955,,,,False,[],False,[]
1-7,178,36,4,train,980,80,0.005307113055566304,,,,False,[],False,[]
1-7,179,36,5,train,980,80,0.007597765986701366,,,,False,[],False,[]
1-7,180,37,1,train,662,80,0.0003529844242131652,,,,False,[],False,[]
1-7,181,37,2,train,156,80,0.0015228841339841592,,,,False,[],False,[]
1-7,182,37,3,train,546,80,0.004560902733897532,,,,False,[],False,[]
1-7,183,37,4,train,980,80,0.005342753580652615,,,,False,[],False,[]
1-7,184,37,5,train,980,80,0.007597765986701366,,,,False,[],False,[]
1-7,185,38,1,train,662,80,0.0003529844242131652,,,,False,[],False,[]
1-7,186,38,2,train,156,80,0.0015182588377008477,,,,False,[],False,[]
1-7,187,38,3,train,546,80,0.004435698502704977,,,,False,[],False,[]
1-7,188,38,4,train,980,80,0.0054020810364092675,,,,False,[],False,[]
1-7,189,38,5,train,980,80,0.007597765986701366,,,,False,[],False,[]
1-7,190,39,1,train,662,80,0.0003529844242131652,,,,False,[],False,[]
1-7,191,39,2,train,156,80,0.0015171090729590997,,,,False,[],False,[]
1-7,192,39,3,train,546,80,0.004411302664664829,,,,False,[],False,[]
1-7,193,39,4,train,980,80,0.0054143867756877295,,,,False,[],False,[]
1-7,194,39,5,train,980,80,0.007597765986701366,,,,False,[],False,[]
1-7,195,40,1,train,662,80,0.0003529844242131652,,,,False,[],False,[]
1-7,196,40,2,train,156,80,0.0015162910958861353,,,,False,[],False,[]
1-7,197,40,3,train,546,80,0.004399105905982026,,,,False,[],False,[]
1-7,198,40,4,train,980,80,0.00542096862027075,,,,False,[],False,[]
1-7,199,40,5,train,980,80,0.007597765986701366,,,,False,[],False,[]
1-7,200,41,1,train,662,80,0.0003529844242131652,,,,False,[],False,[]
1-7,201,41,2,train,156,80,0.0015153710577651136,,,,False,[],False,[]
1-7,202,41,3,train,546,80,0.004389694621581786,,,,False,[],False,[]
1-7,203,41,4,train,980,80,0.005426435774101956,,,,False,[],False,[]
1-7,204,41,5,train,980,80,0.007597765986701366,,,,False,[],False,[]
1-7,205,42,1,train,662,80,0.0003529844242131652,,,,False,[],False,[]
1-7,206,42,2,train,156,80,0.0015144556597163072,,,,False,[],False,[]
1-7,207,42,3,train,546,80,0.004383257723511003,,,,False,[],False,[]
1-7,208,42,4,train,980,80,0.005430528357807773,,,,False,[],False,[]
1-7,209,42,5,train,980,80,0.007597765986701366,,,,False,[],False,[]
1-7,210,43,1,train,662,80,0.0003529844242131652,,,,False,[],False,[]
1-7,211,43,2,train,156,80,0.0015107382364656363,,,,False,[],False,[]
1-7,212,43,3,train,546,80,0.004356856265277598,,,,False,[],False,[]
1-7,213,43,4,train,980,80,0.00544771879090844,,,,False,[],False,[]
1-7,214,43,5,train,980,80,0.007597765986701366,,,,False,[],False,[]
1-7,215,44,1,train,662,80,0.0003529844242131652,,,,False,[],False,[]
1-7,216,44,2,train,156,80,0.0015008760933099552,,,,False,[],False,[]
1-7,217,44,3,train,546,80,0.004290332152210752,,,,False,[],False,[]
1-7,218,44,4,train,980,80,0.0054920298518610355,,,,False,[],False,[]
1-7,219,44,5,train,980,80,0.007597765986701366,,,,False,[],False,[]
1-7,220,45,1,train,662,80,0.0003529844242131652,,,,False,[],False,[]
1-7,221,45,2,train,156,80,0.0014873344197043892,,,,False,[],False,[]
1-7,222,45,3,train,546,80,0.004201688176249774,,,,False,[],False,[]
1-7,223,45,4,train,980,80,0.005553172275740037,,,,False,[],False,[]
1-7,224,45,5,train,980,80,0.007597765986701366,,,,False,[],False,[]
1-7,225,46,1,train,662,80,0.0003529844242131652,,,,False,[],False,[]
1-7,226,46,2,train,156,80,0.0014672159458131162,,,,False,[],False,[]
1-7,227,46,3,train,546,80,0.004073289709800476,,,,False,[],False,[]
1-7,228,46,4,train,980,80,0.005645980746557422,,,,False,[],False,[]
1-7,229,46,5,train,980,80,0.007597765986701366,,,,False,[],False,[]
1-7,230,47,1,train,662,80,0.0003529844242131652,,,,False,[],False,[]
1-7,231,47,2,train,156,80,0.0014617933891927226,,,,False,[],False,[]
1-7,232,47,3,train,546,80,0.004042862066668262,,,,False,[],False,[]
1-7,233,47,4,train,980,80,0.005668453462110645,,,,False,[],False,[]
1-7,234,47,5,train,980,80,0.007597765986701366,,,,False,[],False,[]
1-7,235,48,1,train,662,80,0.0003529844242131652,,,,False,[],False,[]
1-7,236,48,2,train,156,80,0.0014589379261157331,,,,False,[],False,[]
1-7,237,48,3,train,546,80,0.004030573662281767,,,,False,[],False,[]
1-7,238,48,4,train,980,80,0.005677269837655485,,,,False,[],False,[]
1-7,239,48,5,train,980,80,0.007597765986701366,,,,False,[],False,[]
1-7,240,49,1,train,662,80,0.0003529844242131652,,,,False,[],False,[]
1-7,241,49,2,train,156,80,0.0014560611751661678,,,,False,[],False,[]
1-7,242,49,3,train,546,80,0.0040209577271272945,,,,False,[],False,[]
1-7,243,49,4,train,980,80,0.005683836254861019,,,,False,[],False,[]
1-7,244,49,5,train,980,80,0.007597765986701366,,,,False,[],False,[]
1-7,245,50,1,train,662,80,0.0003529844242131652,,,,False,[],False,[]
1-7,246,50,2,train,156,80,0.0014536817338423047,,,,False,[],False,[]
1-7,247,50,3,train,546,80,0.004014296749995094,,,,False,[],False,[]
1-7,248,50,4,train,980,80,0.005688058908547955,,,,False,[],False,[]
1-7,249,50,5,train,980,80,0.007597765986701366,,,,False,[],False,[]
1-7,250,51,1,train,662,80,0.0003529844242131652,,,,False,[],False,[]
1-7,251,51,2,train,156,80,0.0014417573755911572,,,,False,[],False,[]
1-7,252,51,3,train,546,80,0.003983041704209156,,,,False,[],False,[]
1-7,253,51,4,train,980,80,0.005707647820678119,,,,False,[],False,[]
1-7,254,51,5,train,980,80,0.007597765986701366,,,,False,[],False,[]
1-7,255,52,1,train,662,80,0.0003529844242131652,,,,False,[],False,[]
1-7,256,52,2,train,156,80,0.001402757442785063,,,,False,[],False,[]
1-7,257,52,3,train,546,80,0.0038832625883498118,,,,False,[],False,[]
1-7,258,52,4,train,980,80,0.005773039599465957,,,,False,[],False,[]
1-7,259,52,5,train,980,80,0.007597765986701366,,,,False,[],False,[]
1-7,260,53,1,train,662,80,0.0003529844242131652,,,,False,[],False,[]
1-7,261,53,2,train,156,80,0.0013493092556836617,,,,False,[],False,[]
1-7,262,53,3,train,546,80,0.003746462522253191,,,,False,[],False,[]
1-7,263,53,4,train,980,80,0.005870236519432637,,,,False,[],False,[]
1-7,264,53,5,train,980,80,0.007597765986701366,,,,False,[],False,[]
1-7,265,54,1,train,662,80,0.0003529844242131652,,,,False,[],False,[]
1-7,266,54,2,train,156,80,0.001267713222696587,,,,False,[],False,[]
1-7,267,54,3,train,546,80,0.0035398399952334403,,,,False,[],False,[]
1-7,268,54,4,train,980,80,0.006034840857695789,,,,False,[],False,[]
1-7,269,54,5,train,980,80,0.007597765986701366,,,,False,[],False,[]
1-7,270,55,1,train,662,80,0.0003529844242131652,,,,False,[],False,[]
1-7,271,55,2,train,156,80,0.001250583003956307,,,,False,[],False,[]
1-7,272,55,3,train,546,80,0.003498130564980162,,,,False,[],False,[]
1-7,273,55,4,train,980,80,0.006070968213054195,,,,False,[],False,[]
1-7,274,55,5,train,980,80,0.007597765986701366,,,,False,[],False,[]
1-7,275,56,1,train,662,80,0.0003529844242131652,,,,False,[],False,[]
1-7,276,56,2,train,156,80,0.00124472432428413,,,,False,[],False,[]
1-7,277,56,3,train,546,80,0.003485037897189902,,,,False,[],False,[]
1-7,278,56,4,train,980,80,0.0060819605309350155,,,,False,[],False,[]
1-7,279,56,5,train,980,80,0.007597765986701366,,,,False,[],False,[]
1-7,280,57,1,train,662,80,0.0003529844242131652,,,,False,[],False,[]
1-7,281,57,2,train,156,80,0.0012398166092658647,,,,False,[],False,[]
1-7,282,57,3,train,546,80,0.0034750788851498626,,,,False,[],False,[]
1-7,283,57,4,train,980,80,0.006089797944791475,,,,False,[],False,[]
1-7,284,57,5,train,980,80,0.007597765986701366,,,,False,[],False,[]
1-7,285,58,1,train,662,80,0.0003529844242131652,,,,False,[],False,[]
1-7,286,58,2,train,156,80,0.0012359471662755084,,,,False,[],False,[]
1-7,287,58,3,train,546,80,0.0034680617641098532,,,,False,[],False,[]
1-7,288,58,4,train,980,80,0.006094769891711538,,,,False,[],False,[]
1-7,289,58,5,train,980,80,0.007597765986701366,,,,False,[],False,[]
1-7,290,59,1,train,662,80,0.0003529844242131652,,,,False,[],False,[]
1-7,291,59,2,train,156,80,0.0012180755218667016,,,,False,[],False,[]
1-7,292,59,3,train,546,80,0.0034354298303111985,,,,False,[],False,[]
1-7,293,59,4,train,980,80,0.006117809167354826,,,,False,[],False,[]
1-7,294,59,5,train,980,80,0.007597765986701366,,,,False,[],False,[]
1-7,295,60,1,train,662,80,0.0003529844242131652,,,,False,[],False,[]
1-7,296,60,2,train,156,80,0.0011539549965038365,,,,False,[],False,[]
1-7,297,60,3,train,546,80,0.0033197687749431104,,,,False,[],False,[]
1-7,298,60,4,train,980,80,0.006205283629403757,,,,False,[],False,[]
1-7,299,60,5,train,980,80,0.007597765986701366,,,,False,[],False,[]
1-7,300,61,1,train,662,80,0.0003529844242131652,,,,False,[],False,[]
1-7,301,61,2,train,156,80,0.001072908667438477,,,,False,[],False,[]
1-7,302,61,3,train,546,80,0.003179770641348112,,,,False,[],False,[]
1-7,303,61,4,train,980,80,0.006327305727531929,,,,False,[],False,[]
1-7,304,61,5,train,980,80,0.007597765986701366,,,,False,[],False,[]
1-7,305,62,1,train,662,80,0.0003529844242131652,,,,False,[],False,[]
1-7,306,62,2,train,156,80,0.0009828149149924137,,,,False,[],False,[]
1-7,307,62,3,train,546,80,0.0030345775519732276,,,,False,[],False,[]
1-7,308,62,4,train,980,80,0.00648222261787923,,,,False,[],False,[]
1-7,309,62,5,train,980,80,0.007597765986701366,,,,False,[],False,[]
1-7,310,63,1,train,662,80,0.0003529844242131652,,,,False,[],False,[]
1-7,311,63,2,train,156,80,0.0009666595494659536,,,,False,[],False,[]
1-7,312,63,3,train,546,80,0.003009709994572285,,,,False,[],False,[]
1-7,313,63,4,train,980,80,0.006511982082491818,,,,False,[],False,[]
1-7,314,63,5,train,980,80,0.007597765986701366,,,,False,[],False,[]
1-7,315,64,1,train,662,80,0.0003529844242131652,,,,False,[],False,[]
1-7,316,64,2,train,156,80,0.0009621618328310433,,,,False,[],False,[]
1-7,317,64,3,train,546,80,0.003002797051775863,,,,False,[],False,[]
1-7,318,64,4,train,980,80,0.006519320741227741,,,,False,[],False,[]
1-7,319,64,5,train,980,80,0.007597765986701366,,,,False,[],False,[]
1-7,320,65,1,train,662,80,0.0003529844242131652,,,,False,[],False,[]
1-7,321,65,2,train,156,80,0.0009584449695416719,,,,False,[],False,[]
1-7,322,65,3,train,546,80,0.0029970530906233694,,,,False,[],False,[]
1-7,323,65,4,train,980,80,0.006524346336127085,,,,False,[],False,[]
1-7,324,65,5,train,980,80,0.007597765986701366,,,,False,[],False,[]
1-7,325,66,1,train,662,80,0.0003529844242131652,,,,False,[],False,[]
1-7,326,66,2,train,156,80,0.0009548429401978753,,,,False,[],False,[]
1-7,327,66,3,train,546,80,0.002991465309834185,,,,False,[],False,[]
1-7,328,66,4,train,980,80,0.00652818917609832,,,,False,[],False,[]
1-7,329,66,5,train,980,80,0.007597765986701366,,,,False,[],False,[]
1-7,330,67,1,train,662,80,0.0003529844242131652,,,,False,[],False,[]
1-7,331,67,2,train,156,80,0.0009367706563446765,,,,False,[],False,[]
1-7,332,67,3,train,546,80,0.002962932001723373,,,,False,[],False,[]
1-7,333,67,4,train,980,80,0.006547869778239623,,,,False,[],False,[]
1-7,334,67,5,train,980,80,0.007597765986701366,,,,False,[],False,[]
1-7,335,68,1,train,662,80,0.0003529844242131652,,,,False,[],False,[]
1-7,336,68,2,train,156,80,0.000840315001230274,1025,80,1.2299999011145615,False,[],False,[]
1-7,337,68,3,train,546,80,0.0028451562481448534,,,,False,[],False,[]
1-7,338,68,4,train,980,80,0.006661916660386513,,,,False,[],False,[]
1-7,339,68,5,train,980,80,0.007597765986701366,,,,False,[],False,[]
1-7,340,69,1,train,662,80,0.0003529844242131652,,,,False,[],False,[]
1-7,341,69,2,train,156,80,0.0007382804835782686,1025,80,1.2187158657598363,False,[],False,[]
1-7,342,69,3,train,1514,80,0.0028081549161538266,,,,False,[],False,[]
1-7,343,69,4,train,980,80,0.006808216320190463,,,,False,[],False,[]
1-7,344,69,5,train,980,80,0.007597765986701366,,,,False,[],False,[]
1-7,345,70,1,train,662,80,0.0003529844242131652,,,,False,[],False,[]
1-7,346,70,2,train,156,80,0.0006715240596565364,1025,80,1.2107234221432663,False,[],False,[]
1-7,347,70,3,train,1514,80,0.002859801671886486,,,,False,[],False,[]
1-7,348,70,4,train,980,80,0.006925604983045952,,,,False,[],False,[]
1-7,349,70,5,train,980,80,0.007597765986701366,,,,False,[],False,[]
1-7,350,71,1,train,662,80,0.0003529844242131652,,,,False,[],False,[]
1-7,351,71,2,train,156,80,0.0006637048680896429,1025,80,1.2097386977521507,False,[],False,[]
1-7,352,71,3,train,1514,80,0.0028719348248884558,,,,False,[],False,[]
1-7,353,71,4,train,980,80,0.006940358814141567,,,,False,[],False,[]
1-7,354,71,5,train,980,80,0.007597765986701366,,,,False,[],False,[]
1-7,355,72,1,train,662,80,0.0003529844242131652,,,,False,[],False,[]
1-7,356,72,2,train,156,80,0.0006624540139956725,1025,80,1.2095710687848984,False,[],False,[]
1-7,357,72,3,train,1514,80,0.0028738999256714415,,,,False,[],False,[]
1-7,358,72,4,train,980,80,0.006942204575997257,,,,False,[],False,[]
1-7,359,72,5,train,980,80,0.007597765986701366,,,,False,[],False,[]
1-7,360,73,1,train,662,80,0.0003529844242131652,,,,False,[],False,[]
1-7,361,73,2,train,156,80,0.0006613238762223084,1025,80,1.209409576508129,False,[],False,[]
1-7,362,73,3,train,1514,80,0.0028755472733630327,,,,False,[],False,[]
1-7,363,73,4,train,980,80,0.006943168995906968,,,,False,[],False,[]
1-7,364,73,5,train,980,80,0.007597765986701366,,,,False,[],False,[]
1-7,365,74,1,train,662,80,0.0003529844242131652,,,,False,[],False,[]
1-7,366,74,2,train,156,80,0.0006593347396296467,1025,80,1.2091045055023328,False,[],False,[]
1-7,367,74,3,train,1514,80,0.002878456184444711,,,,False,[],False,[]
1-7,368,74,4,train,980,80,0.0069442568096413915,,,,False,[],False,[]
1-7,369,74,5,train,980,80,0.007597765986701366,,,,False,[],False,[]
1-7,370,75,1,train,662,80,0.0003529844242131652,,,,False,[],False,[]
1-7,371,75,2,train,156,80,0.0006171735213210683,1025,80,1.201883049214955,False,[],False,[]
1-7,372,75,3,train,1620,80,0.002960499651270765,,,,False,[],False,[]
1-7,373,75,4,train,980,80,0.006974596338221839,,,,False,[],False,[]
1-7,374,75,5,train,980,80,0.007597765986701366,,,,False,[],False,[]
1-7,375,76,1,train,662,80,0.0003529844242131652,,,,False,[],False,[]
1-7,376,76,2,train,156,80,0.0005907852223900889,1025,80,1.1952302768224845,False,[],False,[]
1-7,377,76,3,train,1620,80,0.0030836012204935592,,,,False,[],False,[]
1-7,378,76,4,train,980,80,0.0070186964287127784,,,,False,[],False,[]
1-7,379,76,5,train,980,80,0.007597765986701366,,,,False,[],False,[]
1-7,380,77,1,train,662,80,0.0003529844242131652,,,,False,[],False,[]
1-7,381,77,2,train,156,80,0.0005895166726661571,1025,80,1.1945722741542124,False,[],False,[]
1-7,382,77,3,train,1620,80,0.003098585165572043,,,,False,[],False,[]
1-7,383,77,4,train,980,80,0.007024793904993332,,,,False,[],False,[]
1-7,384,77,5,train,980,80,0.007597765986701366,,,,False,[],False,[]
1-7,385,78,1,train,662,80,0.0003529844242131652,,,,False,[],False,[]
1-7,386,78,2,train,156,80,0.0005893995336762048,1025,80,1.194442661257567,False,[],False,[]
1-7,387,78,3,train,1620,80,0.0030995930888251255,,,,False,[],False,[]
1-7,388,78,4,train,980,80,0.0070262126143549875,,,,False,[],False,[]
1-7,389,78,5,train,980,80,0.007597765986701366,,,,False,[],False,[]
1-7,390,79,1,train,662,80,0.0003529844242131652,,,,False,[],False,[]
1-7,391,79,2,train,156,80,0.0005894813731014414,1025,80,1.19443129092788,False,[],False,[]
1-7,392,79,3,train,1620,80,0.0030975651028231077,,,,False,[],False,[]
1-7,393,79,4,train,980,80,0.007026500098437638,,,,False,[],False,[]
1-7,394,79,5,train,980,80,0.007597765986701366,,,,False,[],False,[]
1-7,395,80,1,train,662,80,0.0003529844242131652,,,,False,[],False,[]
1-7,396,80,2,train,156,80,0.0005913738921435874,1625,80,1.1999833704571858,False,[],False,[]
1-7,397,80,3,train,1620,80,0.0030615187471640937,,,,False,[],False,[]
1-7,398,80,4,train,980,80,0.007030874715726831,,,,False,[],False,[]
1-7,399,80,5,train,980,80,0.007597765986701366,,,,False,[],False,[]
1-7,400,81,1,train,662,80,0.0003529844242131652,,,,False,[],False,[]
1-7,401,81,2,train,1097,81,0.0005505956153591951,839,80,1.2031578604899467,False,[],False,[]
1-7,402,81,3,train,1514,80,0.002563030531963051,,,,False,[],False,[]
1-7,403,81,4,train,980,80,0.00711111834648237,,,,False,[],False,[]
1-7,404,81,5,train,980,80,0.007597765986701366,,,,False,[],False,[]
1-7,405,82,1,train,662,80,0.0003529844242131652,,,,False,[],False,[]
1-7,406,82,2,train,1097,81,0.0006071609542205314,1625,80,1.1982555735337024,False,[],False,[]
1-7,407,82,3,train,1514,80,0.0027011988180618562,,,,False,[],False,[]
1-7,408,82,4,train,980,80,0.007084090275391475,,,,False,[],False,[]
1-7,409,82,5,train,980,80,0.007597765986701366,,,,False,[],False,[]
1-7,410,83,1,train,662,80,0.0003529844242131652,,,,False,[],False,[]
1-7,411,83,2,train,156,80,0.000614212543158521,1625,80,1.1985569489492913,False,[],False,[]
1-7,412,83,3,train,1620,80,0.0027985667945258363,,,,False,[],False,[]
1-7,413,83,4,train,980,80,0.00706814720827964,,,,False,[],False,[]
1-7,414,83,5,train,980,80,0.007597765986701366,,,,False,[],False,[]
1-7,415,84,1,train,662,80,0.0003529844242131652,,,,False,[],False,[]
1-7,416,84,2,train,156,80,0.0006144560294421009,1625,80,1.1984979275846792,False,[],False,[]
1-7,417,84,3,train,1620,80,0.0027961141434975634,,,,False,[],False,[]
1-7,418,84,4,train,980,80,0.007068699435202275,,,,False,[],False,[]
1-7,419,84,5,train,980,80,0.007597765986701366,,,,False,[],False,[]
1-7,420,85,1,train,662,80,0.0003529844242131652,,,,False,[],False,[]
1-7,421,85,2,train,156,80,0.0006143142885461916,1625,80,1.1984371434453667,False,[],False,[]
1-7,422,85,3,train,1620,80,0.002796399737393318,,,,False,[],False,[]
1-7,423,85,4,train,980,80,0.007068816680926515,,,,False,[],False,[]
1-7,424,85,5,train,980,80,0.007597765986701366,,,,False,[],False,[]
1-7,425,86,1,train,662,80,0.0003529844242131652,,,,False,[],False,[]
1-7,426,86,2,train,156,80,0.0006141968789666885,1625,80,1.1983751784211605,False,[],False,[]
1-7,427,86,3,train,1620,80,0.002796659951502578,,,,False,[],False,[]
1-7,428,86,4,train,980,80,0.007068979809186304,,,,False,[],False,[]
1-7,429,86,5,train,980,80,0.007597765986701366,,,,False,[],False,[]
1-7,430,87,1,train,662,80,0.0003529844242131652,,,,False,[],False,[]
1-7,431,87,2,train,156,80,0.0006139663646631544,1625,80,1.1982542278273383,False,[],False,[]
1-7,432,87,3,train,1620,80,0.0027972372320428374,,,,False,[],False,[]
1-7,433,87,4,train,980,80,0.007069285896388222,,,,False,[],False,[]
1-7,434,87,5,train,980,80,0.007597765986701366,,,,False,[],False,[]
1-7,435,88,1,train,662,80,0.0003529844242131652,,,,False,[],False,[]
1-7,436,88,2,train,839,80,0.0006127823406139044,1625,80,1.1978945783867228,False,[],False,[]
1-7,437,88,3,train,1620,80,0.0027989616760040192,,,,False,[],False,[]
1-7,438,88,4,train,980,80,0.007070215639312094,,,,False,[],False,[]
1-7,439,88,5,train,980,80,0.007597765986701366,,,,False,[],False,[]
1-7,440,89,1,train,662,80,0.0003529844242131652,,,,False,[],False,[]
1-7,441,89,2,train,1097,81,0.0006064682291045953,1625,80,1.1967680427522012,False,[],False,[]
1-7,442,89,3,train,1620,80,0.002804464254598016,,,,False,[],False,[]
1-7,443,89,4,train,980,80,0.00707322620080908,,,,False,[],False,[]
1-7,444,89,5,train,980,80,0.007597765986701366,,,,False,[],False,[]
1-7,445,90,1,train,662,80,0.0003529844242131652,,,,False,[],False,[]
1-7,446,90,2,train,1097,81,0.0005633529922361991,1625,80,1.1946322012544441,False,[],False,[]
1-7,447,90,3,train,1620,80,0.0028154252958203507,,,,False,[],False,[]
1-7,448,90,4,train,980,80,0.0070793932297191775,,,,False,[],False,[]
1-7,449,90,5,train,980,80,0.007597765986701366,,,,False,[],False,[]
1-7,450,91,1,train,662,80,0.0003529844242131652,,,,False,[],False,[]
1-7,451,91,2,train,1097,81,0.0002881718463041416,,,,False,[],False,[]
1-7,452,91,3,train,1620,80,0.0029158974251701775,,,,False,[],False,[]
1-7,453,91,4,train,980,80,0.007144716119202421,,,,False,[],False,[]
1-7,454,91,5,train,980,80,0.007597765986701366,,,,False,[],False,[]
1-7,455,92,1,train,662,80,0.0003529844242131652,,,,False,[],False,[]
1-7,456,92,2,train,1097,81,0.0002917800822277439,,,,False,[],False,[]
1-7,457,92,3,train,1620,80,0.0029118588744969642,,,,False,[],False,[]
1-7,458,92,4,train,980,80,0.007143150756594552,,,,False,[],False,[]
1-7,459,92,5,train,980,80,0.007597765986701366,,,,False,[],False,[]
1-7,460,93,1,train,662,80,0.0003529844242131652,,,,False,[],False,[]
1-7,461,93,2,train,1097,81,0.00029262759306247776,,,,False,[],False,[]
1-7,462,93,3,train,1620,80,0.002908938500951308,,,,False,[],False,[]
1-7,463,93,4,train,980,80,0.00714263827366135,,,,False,[],False,[]
1-7,464,93,5,train,980,80,0.007597765986701366,,,,False,[],False,[]
1-7,465,94,1,train,662,80,0.0003529844242131652,,,,False,[],False,[]
1-7,466,94,2,train,1097,81,0.0002940942660398793,,,,False,[],False,[]
1-7,467,94,3,train,1620,80,0.0029002599617509173,,,,False,[],False,[]
1-7,468,94,4,train,980,80,0.007141430370575019,,,,False,[],False,[]
1-7,469,94,5,train,980,80,0.007597765986701366,,,,False,[],False,[]
1-7,470,95,1,train,662,80,0.0003529844242131652,,,,False,[],False,[]
1-7,471,95,2,train,1097,81,0.00030356740955328476,,,,False,[],False,[]
1-7,472,95,3,train,1620,80,0.0028457349954849054,,,,False,[],False,[]
1-7,473,95,4,train,980,80,0.007134213036439241,,,,False,[],False,[]
1-7,474,95,5,train,980,80,0.007597765986701366,,,,False,[],False,[]
1-7,475,96,1,train,662,80,0.0003529844242131652,,,,False,[],False,[]
1-7,476,96,2,train,1097,81,0.00034120717032992687,,,,False,[],False,[]
1-7,477,96,3,train,1514,80,0.0026757853230798823,,,,False,[],False,[]
1-7,478,96,4,train,980,80,0.007110934625994547,,,,False,[],False,[]
1-7,479,96,5,train,980,80,0.007597765986701366,,,,False,[],False,[]
1-7,480,97,1,train,662,80,0.0003529844242131652,,,,False,[],False,[]
1-7,481,97,2,train,1097,81,0.00034877719693704456,,,,False,[],False,[]
1-7,482,97,3,train,1514,80,0.002647451791281785,,,,False,[],False,[]
1-7,483,97,4,train,980,80,0.007107305594093116,,,,False,[],False,[]
1-7,484,97,5,train,980,80,0.007597765986701366,,,,False,[],False,[]
1-7,485,98,1,train,662,80,0.0003529844242131652,,,,False,[],False,[]
1-7,486,98,2,train,1097,81,0.0003546056806700282,,,,False,[],False,[]
1-7,487,98,3,train,1514,80,0.0026263774593946465,,,,False,[],False,[]
1-7,488,98,4,train,980,80,0.007104942742081288,,,,False,[],False,[]
1-7,489,98,5,train,980,80,0.007597765986701366,,,,False,[],False,[]
1-7,490,99,1,train,662,80,0.0003529844242131652,,,,False,[],False,[]
1-7,491,99,2,train,1097,81,0.00035517548294083934,,,,False,[],False,[]
1-7,492,99,3,train,1514,80,0.0026238526339104062,,,,False,[],False,[]
1-7,493,99,4,train,980,80,0.007105014661025644,,,,False,[],False,[]
1-7,494,99,5,train,980,80,0.007597765986701366,,,,False,[],False,[]
1-7,495,100,1,train,662,80,0.0003529844242131652,,,,False,[],False,[]
1-7,496,100,2,train,1097,81,0.00035527225694331754,,,,False,[],False,[]
1-7,497,100,3,train,1514,80,0.0026227736652126854,,,,False,[],False,[]
1-7,498,100,4,train,980,80,0.007105434979966296,,,,False,[],False,[]
1-7,499,100,5,train,980,80,0.007597765986701366,,,,False,[],False,[]
1-7,500,101,1,train,662,80,0.0003529844242131652,,,,False,[],False,[]
1-7,501,101,2,train,1097,81,0.00035936492834920397,,,,False,[],False,[]
1-7,502,101,3,train,1514,80,0.002580103072991946,,,,False,[],False,[]
1-7,503,101,4,train,980,80,0.007125591596155001,,,,False,[],False,[]
1-7,504,101,5,train,980,80,0.007597765986701366,,,,False,[],False,[]
1-7,505,102,1,train,662,80,0.0003529844242131652,,,,False,[],False,[]
1-7,506,102,2,train,1097,81,0.0004501357777078052,,,,False,[],False,[]
1-7,507,102,3,train,1514,80,0.0022932368291154193,,,,False,[],False,[]
1-7,508,102,4,train,980,80,0.007323687725944827,,,,False,[],False,[]
1-7,509,102,5,train,980,80,0.007597765986701366,,,,False,[],False,[]
1-7,510,103,1,train,662,80,0.0003529844242131652,,,,False,[],False,[]
1-7,511,103,2,train,1097,81,0.000665764707225458,,,,False,[],False,[]
1-7,512,103,3,train,1514,80,0.002047089030035254,,,,False,[],False,[]
1-7,513,103,4,train,980,80,0.007627759510811183,,,,False,[],False,[]
1-7,514,103,5,train,980,80,0.007597765986701366,,,,False,[],False,[]
1-7,515,104,1,train,662,80,0.0003529844242131652,,,,False,[],False,[]
1-7,516,104,2,train,983,81,0.0008707974524395645,,,,False,[],False,[]
1-7,517,104,3,train,1514,80,0.0019206808826062183,,,,False,[],False,[]
1-7,518,104,4,train,980,80,0.007873144542634325,,,,False,[],False,[]
1-7,519,104,5,train,980,80,0.007597765986701366,,,,False,[],False,[]
1-7,520,105,1,train,662,80,0.0003529844242131652,,,,False,[],False,[]
1-7,521,105,2,train,983,81,0.0008694585044388692,,,,False,[],False,[]
1-7,522,105,3,train,1514,80,0.0019221974535201802,,,,False,[],False,[]
1-7,523,105,4,train,980,80,0.007868101876091105,,,,False,[],False,[]
1-7,524,105,5,train,980,80,0.007597765986701366,,,,False,[],False,[]
1-7,525,106,1,train,662,80,0.0003529844242131652,,,,False,[],False,[]
1-7,526,106,2,train,983,81,0.0008694342447589376,,,,False,[],False,[]
1-7,527,106,3,train,1514,80,0.0019239461239726197,,,,False,[],False,[]
1-7,528,106,4,train,980,80,0.007861160719907279,,,,False,[],False,[]
1-7,529,106,5,train,980,80,0.007597765986701366,,,,False,[],False,[]
1-7,530,107,1,train,662,80,0.0003529844242131652,,,,False,[],False,[]
1-7,531,107,2,train,983,81,0.0008712455961388255,,,,False,[],False,[]
1-7,532,107,3,train,1514,80,0.001985607338739759,,,,False,[],False,[]
1-7,533,107,4,train,980,80,0.007669410257320153,,,,False,[],False,[]
1-7,534,107,5,train,980,80,0.007597765986701366,,,,False,[],False,[]
1-7,535,108,1,train,662,80,0.0003529844242131652,,,,False,[],False,[]
1-7,536,108,2,train,983,81,0.0008739588411361687,,,,False,[],False,[]
1-7,537,108,3,train,1514,80,0.002048553506991735,,,,False,[],False,[]
1-7,538,108,4,train,980,80,0.007561147860479123,,,,False,[],False,[]
1-7,539,108,5,train,980,80,0.007597765986701366,,,,False,[],False,[]
1-7,540,109,1,train,662,80,0.0003529844242131652,,,,False,[],False,[]
1-7,541,109,2,train,983,81,0.0008749063244359867,,,,False,[],False,[]
1-7,542,109,3,train,1514,80,0.002065309771348778,,,,False,[],False,[]
1-7,543,109,4,train,980,80,0.007542919957580718,,,,False,[],False,[]
1-7,544,109,5,train,980,80,0.007597765986701366,,,,False,[],False,[]
1-7,545,110,1,train,662,80,0.0003529844242131652,,,,False,[],False,[]
1-7,546,110,2,train,983,81,0.0008750475145696823,,,,False,[],False,[]
1-7,547,110,3,train,1514,80,0.0020653138569544094,,,,False,[],False,[]
1-7,548,110,4,train,980,80,0.007543036526508007,,,,False,[],False,[]
1-7,549,110,5,train,980,80,0.007597765986701366,,,,False,[],False,[]
1-7,550,111,1,train,662,80,0.0003529844242131652,,,,False,[],False,[]
1-7,551,111,2,train,983,81,0.0008757384580680982,,,,False,[],False,[]
1-7,552,111,3,train,1514,80,0.002063883629048968,,,,False,[],False,[]
1-7,553,111,4,train,980,80,0.007545139412580504,,,,False,[],False,[]
1-7,554,111,5,train,980,80,0.007597765986701366,,,,False,[],False,[]
1-7,555,112,1,train,662,80,0.0003529844242131652,,,,False,[],False,[]
1-7,556,112,2,train,983,81,0.0009366494407058168,,,,False,[],False,[]
1-7,557,112,3,train,546,80,0.001945643568675104,,,,False,[],False,[]
1-7,558,112,4,train,980,80,0.007980488853228107,,,,False,[],False,[]
1-7,559,112,5,train,980,80,0.007597765986701366,,,,False,[],False,[]
1-7,560,113,1,train,662,80,0.0003529844242131652,,,,False,[],False,[]
1-7,561,113,2,train,983,81,0.0009181833255805794,,,,False,[],False,[]
1-7,562,113,3,train,1514,80,0.0019808438424598895,,,,False,[],False,[]
1-7,563,113,4,train,980,80,0.007797459193202183,,,,False,[],False,[]
1-7,564,113,5,train,980,80,0.007597765986701366,,,,False,[],False,[]
1-6,0,1,1,valid,80,80,0.00038841676783463175,71,81,0.6290848018076751,False,[],False,[]
1-6,1,1,2,valid,85,80,0.0010308389077611224,109,80,0.641001145384962,False,[],False,[]
1-6,2,1,3,valid,144,80,0.004903451121473279,,,,False,[],False,[]
1-6,3,1,4,valid,34,81,0.005905200644315101,,,,False,[],False,[]
1-6,4,1,5,valid,161,80,0.007990736021444622,,,,False,[],False,[]
1-6,5,2,1,valid,80,80,0.00038841676783463175,71,81,0.6290848018076751,False,[],False,[]
1-6,6,2,2,valid,127,80,0.0013494921294592288,150,80,2.6232020141854147,False,[],False,[]
1-6,7,2,3,valid,144,80,0.005346514639501865,,,,False,[],False,[]
1-6,8,2,4,valid,34,81,0.005845029284273995,,,,False,[],False,[]
1-6,9,2,5,valid,161,80,0.007990736021444622,,,,False,[],False,[]
1-6,10,3,1,valid,80,80,0.00038841676783463175,71,81,0.6290848018076751,False,[],False,[]
1-6,11,3,2,valid,127,80,0.00166809106252086,150,80,2.61599737845531,False,[],False,[]
1-6,12,3,3,valid,144,80,0.005536288813243639,,,,False,[],False,[]
1-6,13,3,4,valid,161,80,0.0057972279064302246,,,,False,[],False,[]
1-6,14,3,5,valid,161,80,0.007990736021444622,,,,False,[],False,[]
1-6,15,4,1,valid,80,80,0.00038841676783463175,71,81,0.6290848018076751,False,[],False,[]
1-6,16,4,2,valid,127,80,0.0016492633075543273,150,80,2.6162653604937267,False,[],False,[]
1-6,17,4,3,valid,144,80,0.005535277820701401,,,,False,[],False,[]
1-6,18,4,4,valid,161,80,0.005799223534862286,,,,False,[],False,[]
1-6,19,4,5,valid,161,80,0.007990736021444622,,,,False,[],False,[]
1-6,20,5,1,valid,80,80,0.00038841676783463175,71,81,0.6290848018076751,False,[],False,[]
1-6,21,5,2,valid,127,80,0.0016549161234842291,150,80,2.616170441207554,False,[],False,[]
1-6,22,5,3,valid,144,80,0.005543666697977123,,,,False,[],False,[]
1-6,23,5,4,valid,161,80,0.005798362519582656,,,,False,[],False,[]
1-6,24,5,5,valid,161,80,0.007990736021444622,,,,False,[],False,[]
1-6,25,6,1,valid,80,80,0.00038841676783463175,71,81,0.6290848018076751,False,[],False,[]
1-6,26,6,2,valid,127,80,0.0016497280865896968,150,80,2.61622218468609,False,[],False,[]
1-6,27,6,3,valid,144,80,0.005558093289389721,,,,False,[],False,[]
1-6,28,6,4,valid,161,80,0.005798619855708509,,,,False,[],False,[]
1-6,29,6,5,valid,161,80,0.007990736021444622,,,,False,[],False,[]
1-6,30,7,1,valid,80,80,0.00038841676783463175,71,81,0.6290848018076751,False,[],False,[]
1-6,31,7,2,valid,127,80,0.0016446622981083348,150,80,2.616274460225687,False,[],False,[]
1-6,32,7,3,valid,144,80,0.005572359052401277,,,,False,[],False,[]
1-6,33,7,4,valid,161,80,0.005798811506357859,,,,False,[],False,[]
1-6,34,7,5,valid,161,80,0.007990736021444622,,,,False,[],False,[]
1-6,35,8,1,valid,80,80,0.00038841676783463175,71,81,0.6290848018076751,False,[],False,[]
1-6,36,8,2,valid,127,80,0.0016348365810215926,150,80,2.6163796188060573,False,[],False,[]
1-6,37,8,3,valid,144,80,0.0056004180218462984,,,,False,[],False,[]
1-6,38,8,4,valid,161,80,0.005799274418896494,,,,False,[],False,[]
1-6,39,8,5,valid,161,80,0.007990736021444622,,,,False,[],False,[]
1-6,40,9,1,valid,80,80,0.00038841676783463175,71,81,0.6290848018076751,False,[],False,[]
1-6,41,9,2,valid,127,80,0.0016111752957030934,150,80,2.616656382474643,False,[],False,[]
1-6,42,9,3,valid,144,80,0.005666484823572238,,,,False,[],False,[]
1-6,43,9,4,valid,161,80,0.005800869682031418,,,,False,[],False,[]
1-6,44,9,5,valid,161,80,0.007990736021444622,,,,False,[],False,[]
1-6,45,10,1,valid,80,80,0.00038841676783463175,71,81,0.6290848018076751,False,[],False,[]
1-6,46,10,2,valid,127,80,0.0015693865179621236,150,80,2.617218973863152,False,[],False,[]
1-6,47,10,3,valid,144,80,0.0057860727757717,,,,False,[],False,[]
1-6,48,10,4,valid,161,80,0.005805346805623612,,,,False,[],False,[]
1-6,49,10,5,valid,161,80,0.007990736021444622,,,,False,[],False,[]
1-6,50,11,1,valid,80,80,0.00038841676783463175,71,81,0.6290848018076751,False,[],False,[]
1-6,51,11,2,valid,127,80,0.0015209876722099835,150,80,2.6180108633551074,False,[],False,[]
1-6,52,11,3,valid,144,80,0.005935428606636539,,,,False,[],False,[]
1-6,53,11,4,valid,161,80,0.005813840106237422,,,,False,[],False,[]
1-6,54,11,5,valid,161,80,0.007990736021444622,,,,False,[],False,[]
1-6,55,12,1,valid,80,80,0.00038841676783463175,71,81,0.6290848018076751,False,[],False,[]
1-6,56,12,2,valid,127,80,0.001447798684933943,150,80,2.6196286654457603,False,[],False,[]
1-6,57,12,3,valid,144,80,0.006192515588501646,,,,False,[],False,[]
1-6,58,12,4,valid,161,80,0.005837248467521983,,,,False,[],False,[]
1-6,59,12,5,valid,161,80,0.007990736021444622,,,,False,[],False,[]
1-6,60,13,1,valid,80,80,0.00038841676783463175,71,81,0.6290848018076751,False,[],False,[]
1-6,61,13,2,valid,127,80,0.0014335796927855693,150,80,2.6200646018231444,False,[],False,[]
1-6,62,13,3,valid,144,80,0.006256216412398263,,,,False,[],False,[]
1-6,63,13,4,valid,161,80,0.005845307551839318,,,,False,[],False,[]
1-6,64,13,5,valid,161,80,0.007990736021444622,,,,False,[],False,[]
1-6,65,14,1,valid,80,80,0.00038841676783463175,71,81,0.6290848018076751,False,[],False,[]
1-6,66,14,2,valid,127,80,0.0014303097884169613,150,80,2.620234385235809,False,[],False,[]
1-6,67,14,3,valid,144,80,0.006283033051439069,,,,False,[],False,[]
1-6,68,14,4,valid,161,80,0.005849494557281787,,,,False,[],False,[]
1-6,69,14,5,valid,161,80,0.007990736021444622,,,,False,[],False,[]
1-6,70,15,1,valid,80,80,0.00038841676783463175,71,81,0.6290848018076751,False,[],False,[]
1-6,71,15,2,valid,127,80,0.001431104839154096,150,80,2.6203232743487397,False,[],False,[]
1-6,72,15,3,valid,144,80,0.006300409539584106,,,,False,[],False,[]
1-6,73,15,4,valid,161,80,0.005852964201742861,,,,False,[],False,[]
1-6,74,15,5,valid,161,80,0.007990736021444622,,,,False,[],False,[]
1-6,75,16,1,valid,80,80,0.00038841676783463175,71,81,0.6290848018076751,False,[],False,[]
1-6,76,16,2,valid,127,80,0.001434880561380858,150,80,2.620334210963165,False,[],False,[]
1-6,77,16,3,valid,144,80,0.006307787168035928,,,,False,[],False,[]
1-6,78,16,4,valid,161,80,0.005855265591527159,,,,False,[],False,[]
1-6,79,16,5,valid,161,80,0.007990736021444622,,,,False,[],False,[]
1-6,80,17,1,valid,80,80,0.00038841676783463175,71,81,0.6290848018076751,False,[],False,[]
1-6,81,17,2,valid,127,80,0.001455566954557841,150,80,2.6203392428866317,False,[],False,[]
1-6,82,17,3,valid,144,80,0.006336834925534496,,,,False,[],False,[]
1-6,83,17,4,valid,161,80,0.005866749569774288,,,,False,[],False,[]
1-6,84,17,5,valid,161,80,0.007990736021444622,,,,False,[],False,[]
1-6,85,18,1,valid,80,80,0.00038841676783463175,71,81,0.6290848018076751,False,[],False,[]
1-6,86,18,2,valid,127,80,0.0015100747314044094,150,80,2.6203202142146744,False,[],False,[]
1-6,87,18,3,valid,144,80,0.006400250739211688,,,,False,[],False,[]
1-6,88,18,4,valid,161,80,0.005901752694103424,,,,False,[],False,[]
1-6,89,18,5,valid,161,80,0.007990736021444622,,,,False,[],False,[]
1-6,90,19,1,valid,80,80,0.00038841676783463175,71,81,0.6290848018076751,False,[],False,[]
1-6,91,19,2,valid,127,80,0.0015900819107740327,150,80,2.620286913913838,False,[],False,[]
1-6,92,19,3,valid,144,80,0.006475938944167092,,,,False,[],False,[]
1-6,93,19,4,valid,161,80,0.005962144593089969,,,,False,[],False,[]
1-6,94,19,5,valid,161,80,0.007990736021444622,,,,False,[],False,[]
1-6,95,20,1,valid,80,80,0.00038841676783463175,71,81,0.6290848018076751,False,[],False,[]
1-6,96,20,2,valid,144,80,0.0017128128597290182,150,80,2.620265744764254,False,[],False,[]
1-6,97,20,3,valid,34,81,0.006511847128944481,,,,False,[],False,[]
1-6,98,20,4,valid,161,80,0.006073104144461494,,,,False,[],False,[]
1-6,99,20,5,valid,161,80,0.007990736021444622,,,,False,[],False,[]
1-6,100,21,1,valid,80,80,0.00038841676783463175,71,81,0.6290848018076751,False,[],False,[]
1-6,101,21,2,valid,144,80,0.001735691801536543,150,80,2.62026232347942,False,[],False,[]
1-6,102,21,3,valid,34,81,0.006508903555603629,,,,False,[],False,[]
1-6,103,21,4,valid,118,80,0.0060972314101359615,,,,False,[],False,[]
1-6,104,21,5,valid,161,80,0.007990736021444622,,,,False,[],False,[]
1-6,105,22,1,valid,80,80,0.00038841676783463175,71,81,0.6290848018076751,False,[],False,[]
1-6,106,22,2,valid,144,80,0.001744517728036854,150,80,2.6202587960240797,False,[],False,[]
1-6,107,22,3,valid,34,81,0.006507346251139801,,,,False,[],False,[]
1-6,108,22,4,valid,118,80,0.006107101698817452,,,,False,[],False,[]
1-6,109,22,5,valid,161,80,0.007990736021444622,,,,False,[],False,[]
1-6,110,23,1,valid,80,80,0.00038841676783463175,71,81,0.6290848018076751,False,[],False,[]
1-6,111,23,2,valid,144,80,0.0017504433356516635,150,80,2.620254689563001,False,[],False,[]
1-6,112,23,3,valid,34,81,0.006505732558952038,,,,False,[],False,[]
1-6,113,23,4,valid,118,80,0.006114690626772612,,,,False,[],False,[]
1-6,114,23,5,valid,161,80,0.007990736021444622,,,,False,[],False,[]
1-6,115,24,1,valid,80,80,0.00038841676783463175,71,81,0.6290848018076751,False,[],False,[]
1-6,116,24,2,valid,144,80,0.0017539943077624631,150,80,2.620250679897193,False,[],False,[]
1-6,117,24,3,valid,34,81,0.006504097253578589,,,,False,[],False,[]
1-6,118,24,4,valid,118,80,0.006120363918612037,,,,False,[],False,[]
1-6,119,24,5,valid,161,80,0.007990736021444622,,,,False,[],False,[]
1-6,120,25,1,valid,80,80,0.00038841676783463175,71,81,0.6290848018076751,False,[],False,[]
1-6,121,25,2,valid,144,80,0.0017723895675203494,150,80,2.62023428400738,False,[],False,[]
1-6,122,25,3,valid,34,81,0.006495211873245754,,,,False,[],False,[]
1-6,123,25,4,valid,118,80,0.006152174434907898,,,,False,[],False,[]
1-6,124,25,5,valid,161,80,0.007990736021444622,,,,False,[],False,[]
1-6,125,26,1,valid,80,80,0.00038841676783463175,71,81,0.6290848018076751,False,[],False,[]
1-6,126,26,2,valid,144,80,0.0018157324139199682,150,80,2.6202262728863683,False,[],False,[]
1-6,127,26,3,valid,34,81,0.006472530827134726,,,,False,[],False,[]
1-6,128,26,4,valid,118,80,0.0062335620509832435,,,,False,[],False,[]
1-6,129,26,5,valid,161,80,0.007990736021444622,,,,False,[],False,[]
1-6,130,27,1,valid,80,80,0.00038841676783463175,71,81,0.6290848018076751,False,[],False,[]
1-6,131,27,2,valid,144,80,0.0018676102199750577,150,80,2.6202694099749975,False,[],False,[]
1-6,132,27,3,valid,34,81,0.006445186847849893,,,,False,[],False,[]
1-6,133,27,4,valid,118,80,0.006340451623120247,,,,False,[],False,[]
1-6,134,27,5,valid,161,80,0.007990736021444622,,,,False,[],False,[]
1-6,135,28,1,valid,80,80,0.00038841676783463175,71,81,0.6290848018076751,False,[],False,[]
1-6,136,28,2,valid,144,80,0.001925748394574267,150,80,2.6203788893516777,False,[],False,[]
1-6,137,28,3,valid,144,80,0.006408816813675333,,,,False,[],False,[]
1-6,138,28,4,valid,118,80,0.006468871440240331,,,,False,[],False,[]
1-6,139,28,5,valid,161,80,0.007990736021444622,,,,False,[],False,[]
1-6,140,29,1,valid,80,80,0.00038841676783463175,71,81,0.6290848018076751,False,[],False,[]
1-6,141,29,2,valid,144,80,0.001932497960423829,150,80,2.620418458839119,False,[],False,[]
1-6,142,29,3,valid,144,80,0.0063981976314836375,,,,False,[],False,[]
1-6,143,29,4,valid,118,80,0.0064901344613723655,,,,False,[],False,[]
1-6,144,29,5,valid,161,80,0.007990736021444622,,,,False,[],False,[]
1-6,145,30,1,valid,80,80,0.00038841676783463175,71,81,0.6290848018076751,False,[],False,[]
1-6,146,30,2,valid,144,80,0.0019327392577765945,150,80,2.620453534379174,False,[],False,[]
1-6,147,30,3,valid,144,80,0.006393567562441804,,,,False,[],False,[]
1-6,148,30,4,valid,118,80,0.006499106137925814,,,,False,[],False,[]
1-6,149,30,5,valid,161,80,0.007990736021444622,,,,False,[],False,[]
1-6,150,31,1,valid,80,80,0.00038841676783463175,71,81,0.6290848018076751,False,[],False,[]
1-6,151,31,2,valid,144,80,0.001930283123459331,150,80,2.620503671019742,False,[],False,[]
1-6,152,31,3,valid,144,80,0.0063878281353508815,,,,False,[],False,[]
1-6,153,31,4,valid,118,80,0.006507088801730676,,,,False,[],False,[]
1-6,154,31,5,valid,161,80,0.007990736021444622,,,,False,[],False,[]
1-6,155,32,1,valid,80,80,0.00038841676783463175,71,81,0.6290848018076751,False,[],False,[]
1-6,156,32,2,valid,144,80,0.0019248757147726225,150,80,2.62057686267296,False,[],False,[]
1-6,157,32,3,valid,144,80,0.006380759607237607,,,,False,[],False,[]
1-6,158,32,4,valid,118,80,0.006515581798803627,,,,False,[],False,[]
1-6,159,32,5,valid,161,80,0.007990736021444622,,,,False,[],False,[]
1-6,160,33,1,valid,80,80,0.00038841676783463175,71,81,0.6290848018076751,False,[],False,[]
1-6,161,33,2,valid,144,80,0.0018816636318947921,150,80,2.6211668344660772,False,[],False,[]
1-6,162,33,3,valid,144,80,0.006326464675807664,,,,False,[],False,[]
1-6,163,33,4,valid,118,80,0.006581017459484695,,,,False,[],False,[]
1-6,164,33,5,valid,161,80,0.007990736021444622,,,,False,[],False,[]
1-6,165,34,1,valid,80,80,0.00038841676783463175,71,81,0.6290848018076751,False,[],False,[]
1-6,166,34,2,valid,144,80,0.0017799226001804502,150,80,2.6227168933423304,False,[],False,[]
1-6,167,34,3,valid,144,80,0.006197431129124298,,,,False,[],False,[]
1-6,168,34,4,valid,118,80,0.006746175153049205,,,,False,[],False,[]
1-6,169,34,5,valid,161,80,0.007990736021444622,,,,False,[],False,[]
1-6,170,35,1,valid,80,80,0.00038841676783463175,71,81,0.6290848018076751,False,[],False,[]
1-6,171,35,2,valid,144,80,0.0016903193724562282,,,,False,[],False,[]
1-6,172,35,3,valid,144,80,0.006087868486179593,,,,False,[],False,[]
1-6,173,35,4,valid,118,80,0.006904082929162336,,,,False,[],False,[]
1-6,174,35,5,valid,161,80,0.007990736021444622,,,,False,[],False,[]
1-6,175,36,1,valid,80,80,0.00038841676783463175,71,81,0.6290848018076751,False,[],False,[]
1-6,176,36,2,valid,144,80,0.0016285287168638085,,,,False,[],False,[]
1-6,177,36,3,valid,144,80,0.006014828223282809,,,,False,[],False,[]
1-6,178,36,4,valid,118,80,0.007021135808845669,,,,False,[],False,[]
1-6,179,36,5,valid,161,80,0.007990736021444622,,,,False,[],False,[]
1-6,180,37,1,valid,80,80,0.00038841676783463175,71,81,0.6290848018076751,False,[],False,[]
1-6,181,37,2,valid,144,80,0.0016200523949860823,,,,False,[],False,[]
1-6,182,37,3,valid,144,80,0.006006539747774653,,,,False,[],False,[]
1-6,183,37,4,valid,118,80,0.007034446393107352,,,,False,[],False,[]
1-6,184,37,5,valid,161,80,0.007990736021444622,,,,False,[],False,[]
1-6,185,38,1,valid,80,80,0.00038841676783463175,71,81,0.6290848018076751,False,[],False,[]
1-6,186,38,2,valid,144,80,0.0016150347551897593,,,,False,[],False,[]
1-6,187,38,3,valid,144,80,0.006002926647692419,,,,False,[],False,[]
1-6,188,38,4,valid,118,80,0.007039530720399645,,,,False,[],False,[]
1-6,189,38,5,valid,161,80,0.007990736021444622,,,,False,[],False,[]
1-6,190,39,1,valid,80,80,0.00038841676783463175,71,81,0.6290848018076751,False,[],False,[]
1-6,191,39,2,valid,144,80,0.0016079391686116828,,,,False,[],False,[]
1-6,192,39,3,valid,161,80,0.005996794860541277,,,,False,[],False,[]
1-6,193,39,4,valid,118,80,0.007044537572687082,,,,False,[],False,[]
1-6,194,39,5,valid,161,80,0.007990736021444622,,,,False,[],False,[]
1-6,195,40,1,valid,80,80,0.00038841676783463175,71,81,0.6290848018076751,False,[],False,[]
1-6,196,40,2,valid,144,80,0.0015943992385206718,,,,False,[],False,[]
1-6,197,40,3,valid,161,80,0.005977232678468392,,,,False,[],False,[]
1-6,198,40,4,valid,118,80,0.007052597861537224,,,,False,[],False,[]
1-6,199,40,5,valid,161,80,0.007990736021444622,,,,False,[],False,[]
1-6,200,41,1,valid,80,80,0.00038841676783463175,71,81,0.6290848018076751,False,[],False,[]
1-6,201,41,2,valid,144,80,0.0014417991959548848,,,,False,[],False,[]
1-6,202,41,3,valid,161,80,0.005761314231616188,,,,False,[],False,[]
1-6,203,41,4,valid,118,80,0.007147844717617091,,,,False,[],False,[]
1-6,204,41,5,valid,161,80,0.007990736021444622,,,,False,[],False,[]
1-6,205,42,1,valid,80,80,0.00038841676783463175,71,81,0.6290848018076751,False,[],False,[]
1-6,206,42,2,valid,127,80,0.0011363290734345277,67,81,1.1952848544219619,False,[],False,[]
1-6,207,42,3,valid,161,80,0.005395530500381551,,,,False,[],False,[]
1-6,208,42,4,valid,118,80,0.007363094352754507,,,,False,[],False,[]
1-6,209,42,5,valid,161,80,0.007990736021444622,,,,False,[],False,[]
1-6,210,43,1,valid,80,80,0.00038841676783463175,71,81,0.6290848018076751,False,[],False,[]
1-6,211,43,2,valid,127,80,0.0009465562267225724,67,81,1.1854602987496197,False,[],False,[]
1-6,212,43,3,valid,161,80,0.005233476360893663,,,,False,[],False,[]
1-6,213,43,4,valid,118,80,0.007522173080123595,,,,False,[],False,[]
1-6,214,43,5,valid,161,80,0.007990736021444622,,,,False,[],False,[]
1-6,215,44,1,valid,80,80,0.00038841676783463175,71,81,0.6290848018076751,False,[],False,[]
1-6,216,44,2,valid,127,80,0.0008666771642419357,67,81,1.1813742009812422,False,[],False,[]
1-6,217,44,3,valid,118,80,0.00518338483618741,,,,False,[],False,[]
1-6,218,44,4,valid,118,80,0.0075985202205939295,,,,False,[],False,[]
1-6,219,44,5,valid,161,80,0.007990736021444622,,,,False,[],False,[]
1-6,220,45,1,valid,80,80,0.00038841676783463175,71,81,0.6290848018076751,False,[],False,[]
1-6,221,45,2,valid,127,80,0.00086057469509071,67,81,1.1810559318722083,False,[],False,[]
1-6,222,45,3,valid,118,80,0.0051802485565268785,,,,False,[],False,[]
1-6,223,45,4,valid,118,80,0.007604242157659646,,,,False,[],False,[]
1-6,224,45,5,valid,161,80,0.007990736021444622,,,,False,[],False,[]
1-6,225,46,1,valid,80,80,0.00038841676783463175,71,81,0.6290848018076751,False,[],False,[]
1-6,226,46,2,valid,127,80,0.0008575694174051129,67,81,1.18089120877146,False,[],False,[]
1-6,227,46,3,valid,118,80,0.005178860007560959,,,,False,[],False,[]
1-6,228,46,4,valid,118,80,0.007606552822882806,,,,False,[],False,[]
1-6,229,46,5,valid,161,80,0.007990736021444622,,,,False,[],False,[]
1-6,230,47,1,valid,80,80,0.00038841676783463175,71,81,0.6290848018076751,False,[],False,[]
1-6,231,47,2,valid,127,80,0.000852474111015411,67,81,1.1806021025105526,False,[],False,[]
1-6,232,47,3,valid,118,80,0.005176675444176659,,,,False,[],False,[]
1-6,233,47,4,valid,118,80,0.007610032466188299,,,,False,[],False,[]
1-6,234,47,5,valid,161,80,0.007990736021444622,,,,False,[],False,[]
1-6,235,48,1,valid,80,80,0.00038841676783463175,71,81,0.6290848018076751,False,[],False,[]
1-6,236,48,2,valid,127,80,0.0008381770545704548,67,81,1.1797819207652942,False,[],False,[]
1-6,237,48,3,valid,118,80,0.005170972771365356,,,,False,[],False,[]
1-6,238,48,4,valid,118,80,0.007619134441898101,,,,False,[],False,[]
1-6,239,48,5,valid,161,80,0.007990736021444622,,,,False,[],False,[]
1-6,240,49,1,valid,80,80,0.00038841676783463175,71,81,0.6290848018076751,False,[],False,[]
1-6,241,49,2,valid,127,80,0.0006594207505878913,67,81,1.1693239119721768,False,[],False,[]
1-6,242,49,3,valid,118,80,0.005149856702489242,,,,False,[],False,[]
1-6,243,49,4,valid,118,80,0.007754258529547808,,,,False,[],False,[]
1-6,244,49,5,valid,161,80,0.007990736021444622,,,,False,[],False,[]
1-6,245,50,1,valid,80,80,0.00038841676783463175,71,81,0.6290848018076751,False,[],False,[]
1-6,246,50,2,valid,127,80,0.000535929574232985,67,81,1.1618374501881583,False,[],False,[]
1-6,247,50,3,valid,118,80,0.005230905033926647,,,,False,[],False,[]
1-6,248,50,4,valid,118,80,0.007882210662556233,,,,False,[],False,[]
1-6,249,50,5,valid,161,80,0.007990736021444622,,,,False,[],False,[]
1-6,250,51,1,valid,80,80,0.00038841676783463175,71,81,0.6290848018076751,False,[],False,[]
1-6,251,51,2,valid,127,80,0.0005159056584285171,67,81,1.160574009094261,False,[],False,[]
1-6,252,51,3,valid,118,80,0.005257322510769602,,,,False,[],False,[]
1-6,253,51,4,valid,118,80,0.007908432343126548,,,,False,[],False,[]
1-6,254,51,5,valid,161,80,0.007990736021444622,,,,False,[],False,[]
1-6,255,52,1,valid,80,80,0.00038841676783463175,71,81,0.6290848018076751,False,[],False,[]
1-6,256,52,2,valid,127,80,0.0005114718899830173,67,81,1.1602657755427406,False,[],False,[]
1-6,257,52,3,valid,118,80,0.005263136716033734,,,,False,[],False,[]
1-6,258,52,4,valid,118,80,0.007915282910230248,,,,False,[],False,[]
1-6,259,52,5,valid,161,80,0.007990736021444622,,,,False,[],False,[]
1-6,260,53,1,valid,80,80,0.00038841676783463175,71,81,0.6290848018076751,False,[],False,[]
1-6,261,53,2,valid,127,80,0.0005114374403476507,67,81,1.160233304145921,False,[],False,[]
1-6,262,53,3,valid,118,80,0.005262313051367151,,,,False,[],False,[]
1-6,263,53,4,valid,118,80,0.007916171104054293,,,,False,[],False,[]
1-6,264,53,5,valid,161,80,0.007990736021444622,,,,False,[],False,[]
1-6,265,54,1,valid,80,80,0.00038841676783463175,71,81,0.6290848018076751,False,[],False,[]
1-6,266,54,2,valid,127,80,0.000512580195493717,67,81,1.1600692593982234,False,[],False,[]
1-6,267,54,3,valid,118,80,0.005254758094878298,,,,False,[],False,[]
1-6,268,54,4,valid,118,80,0.007920985448806817,,,,False,[],False,[]
1-6,269,54,5,valid,161,80,0.007990736021444622,,,,False,[],False,[]
1-6,270,55,1,valid,80,80,0.00038841676783463175,71,81,0.6290848018076751,False,[],False,[]
1-6,271,55,2,valid,127,80,0.0005834317023214464,67,81,1.1550006570373168,False,[],False,[]
1-6,272,55,3,valid,144,80,0.004976745816373196,,,,False,[],False,[]
1-6,273,55,4,valid,161,80,0.00815049381745414,,,,False,[],False,[]
1-6,274,55,5,valid,161,80,0.007990736021444622,,,,False,[],False,[]
1-6,275,56,1,valid,80,80,0.00038841676783463175,71,81,0.6290848018076751,False,[],False,[]
1-6,276,56,2,valid,127,80,0.0005555555799682255,67,81,1.1561137992166242,False,[],False,[]
1-6,277,56,3,valid,118,80,0.005093047742676493,,,,False,[],False,[]
1-6,278,56,4,valid,118,80,0.008077229235117889,,,,False,[],False,[]
1-6,279,56,5,valid,161,80,0.007990736021444622,,,,False,[],False,[]
1-6,280,57,1,valid,80,80,0.00038841676783463175,71,81,0.6290848018076751,False,[],False,[]
1-6,281,57,2,valid,127,80,0.0005482834560466276,67,81,1.15643142470502,False,[],False,[]
1-6,282,57,3,valid,118,80,0.005105596532586465,,,,False,[],False,[]
1-6,283,57,4,valid,118,80,0.008057992890149523,,,,False,[],False,[]
1-6,284,57,5,valid,161,80,0.007990736021444622,,,,False,[],False,[]
1-6,285,58,1,valid,80,80,0.00038841676783463175,71,81,0.6290848018076751,False,[],False,[]
1-6,286,58,2,valid,127,80,0.0005470081391072412,67,81,1.156421510784676,False,[],False,[]
1-6,287,58,3,valid,118,80,0.005106664026944929,,,,False,[],False,[]
1-6,288,58,4,valid,118,80,0.008056792217898678,,,,False,[],False,[]
1-6,289,58,5,valid,161,80,0.007990736021444622,,,,False,[],False,[]
1-6,290,59,1,valid,80,80,0.00038841676783463175,71,81,0.6290848018076751,False,[],False,[]
1-6,291,59,2,valid,127,80,0.0005462483582384658,67,81,1.156376488283237,False,[],False,[]
1-6,292,59,3,valid,118,80,0.005106534732658541,,,,False,[],False,[]
1-6,293,59,4,valid,118,80,0.00805730407111116,,,,False,[],False,[]
1-6,294,59,5,valid,161,80,0.007990736021444622,,,,False,[],False,[]
1-6,295,60,1,valid,80,80,0.00038841676783463175,71,81,0.6290848018076751,False,[],False,[]
1-6,296,60,2,valid,127,80,0.0005134101334567376,67,81,1.1543175787692728,False,[],False,[]
1-6,297,60,3,valid,118,80,0.0051017228216097,,,,False,[],False,[]
1-6,298,60,4,valid,118,80,0.008082338275223866,,,,False,[],False,[]
1-6,299,60,5,valid,161,80,0.007990736021444622,,,,False,[],False,[]
1-6,300,61,1,valid,80,80,0.00038841676783463175,71,81,0.6290848018076751,False,[],False,[]
1-6,301,61,2,valid,127,80,0.00046878890334589585,67,81,1.1510388464524912,False,[],False,[]
1-6,302,61,3,valid,118,80,0.005095677160312784,,,,False,[],False,[]
1-6,303,61,4,valid,161,80,0.008130870769019971,,,,False,[],False,[]
1-6,304,61,5,valid,161,80,0.007990736021444622,,,,False,[],False,[]
1-6,305,62,1,valid,80,80,0.00038841676783463175,71,81,0.6290848018076751,False,[],False,[]
1-6,306,62,2,valid,127,80,0.00046540866148125914,67,81,1.1507371532592987,False,[],False,[]
1-6,307,62,3,valid,118,80,0.0050953119773702316,,,,False,[],False,[]
1-6,308,62,4,valid,161,80,0.008136258551639575,,,,False,[],False,[]
1-6,309,62,5,valid,161,80,0.007990736021444622,,,,False,[],False,[]
1-6,310,63,1,valid,80,80,0.00038841676783463175,71,81,0.6290848018076751,False,[],False,[]
1-6,311,63,2,valid,127,80,0.0004570125803113889,67,81,1.1499258597171462,False,[],False,[]
1-6,312,63,3,valid,118,80,0.005094398513630249,,,,False,[],False,[]
1-6,313,63,4,valid,161,80,0.008151493217856909,,,,False,[],False,[]
1-6,314,63,5,valid,161,80,0.007990736021444622,,,,False,[],False,[]
1-6,315,64,1,valid,80,80,0.00038841676783463175,71,81,0.6290848018076751,False,[],False,[]
1-6,316,64,2,valid,127,80,0.00045678474276611425,67,81,1.1498936005444778,False,[],False,[]
1-6,317,64,3,valid,118,80,0.005094398971021263,,,,False,[],False,[]
1-6,318,64,4,valid,161,80,0.00815232069098848,,,,False,[],False,[]
1-6,319,64,5,valid,161,80,0.007990736021444622,,,,False,[],False,[]
1-6,320,65,1,valid,80,80,0.00038841676783463175,71,81,0.6290848018076751,False,[],False,[]
1-6,321,65,2,valid,127,80,0.0004562384819344345,67,81,1.149780098947512,False,[],False,[]
1-6,322,65,3,valid,118,80,0.005094459285036823,,,,False,[],False,[]
1-6,323,65,4,valid,161,80,0.008155519331000338,,,,False,[],False,[]
1-6,324,65,5,valid,161,80,0.007990736021444622,,,,False,[],False,[]
1-6,325,66,1,valid,80,80,0.00038841676783463175,71,81,0.6290848018076751,False,[],False,[]
1-6,326,66,2,valid,127,80,0.0004556587723918426,67,81,1.1496608092737526,False,[],False,[]
1-6,327,66,3,valid,118,80,0.0050945350040342285,,,,False,[],False,[]
1-6,328,66,4,valid,161,80,0.00815892835325549,,,,False,[],False,[]
1-6,329,66,5,valid,161,80,0.007990736021444622,,,,False,[],False,[]
1-6,330,67,1,valid,80,80,0.00038841676783463175,71,81,0.6290848018076751,False,[],False,[]
1-6,331,67,2,valid,127,80,0.00045485662158439855,67,81,1.1494780610034059,False,[],False,[]
1-6,332,67,3,valid,118,80,0.0050947029641421615,,,,False,[],False,[]
1-6,333,67,4,valid,161,80,0.008164298748664867,,,,False,[],False,[]
1-6,334,67,5,valid,161,80,0.007990736021444622,,,,False,[],False,[]
1-6,335,68,1,valid,80,80,0.00038841676783463175,71,81,0.6290848018076751,False,[],False,[]
1-6,336,68,2,valid,127,80,0.000453192517721579,67,81,1.1490283299232782,False,[],False,[]
1-6,337,68,3,valid,118,80,0.005095359947736577,,,,False,[],False,[]
1-6,338,68,4,valid,161,80,0.008178415022832786,,,,False,[],False,[]
1-6,339,68,5,valid,161,80,0.007990736021444622,,,,False,[],False,[]
1-6,340,69,1,valid,80,80,0.00038841676783463175,71,81,0.6290848018076751,False,[],False,[]
1-6,341,69,2,valid,127,80,0.00045191849322034905,67,81,1.147895687316108,False,[],False,[]
1-6,342,69,3,valid,118,80,0.00509930830811145,,,,False,[],False,[]
1-6,343,69,4,valid,161,80,0.008221978493423321,,,,False,[],False,[]
1-6,344,69,5,valid,161,80,0.007990736021444622,,,,False,[],False,[]
1-6,345,70,1,valid,80,80,0.00038841676783463175,71,81,0.6290848018076751,False,[],False,[]
1-6,346,70,2,valid,127,80,0.000454588569332115,67,81,1.1472691222795317,False,[],False,[]
1-6,347,70,3,valid,118,80,0.00510408938531326,,,,False,[],False,[]
1-6,348,70,4,valid,161,80,0.008255334852230956,,,,False,[],False,[]
1-6,349,70,5,valid,161,80,0.007990736021444622,,,,False,[],False,[]
1-6,350,71,1,valid,80,80,0.00038841676783463175,71,81,0.6290848018076751,False,[],False,[]
1-6,351,71,2,valid,127,80,0.0004572986893924824,67,81,1.147016132618416,False,[],False,[]
1-6,352,71,3,valid,118,80,0.005107111632565942,,,,False,[],False,[]
1-6,353,71,4,valid,161,80,0.00827317171755626,,,,False,[],False,[]
1-6,354,71,5,valid,161,80,0.007990736021444622,,,,False,[],False,[]
1-6,355,72,1,valid,80,80,0.00038841676783463175,71,81,0.6290848018076751,False,[],False,[]
1-6,356,72,2,valid,127,80,0.00045861654764278725,67,81,1.1469381647866905,False,[],False,[]
1-6,357,72,3,valid,118,80,0.0051081834432766815,,,,False,[],False,[]
1-6,358,72,4,valid,161,80,0.00827979910918708,,,,False,[],False,[]
1-6,359,72,5,valid,161,80,0.007990736021444622,,,,False,[],False,[]
1-6,360,73,1,valid,80,80,0.00038841676783463175,71,81,0.6290848018076751,False,[],False,[]
1-6,361,73,2,valid,127,80,0.00045922621719873824,67,81,1.146914443117374,False,[],False,[]
1-6,362,73,3,valid,118,80,0.005108425745757428,,,,False,[],False,[]
1-6,363,73,4,valid,161,80,0.008281985070590858,,,,False,[],False,[]
1-6,364,73,5,valid,161,80,0.007990736021444622,,,,False,[],False,[]
1-6,365,74,1,valid,80,80,0.00038841676783463175,71,81,0.6290848018076751,False,[],False,[]
1-6,366,74,2,valid,127,80,0.0004602821469144036,67,81,1.1468814824868823,False,[],False,[]
1-6,367,74,3,valid,118,80,0.005108734329641762,,,,False,[],False,[]
1-6,368,74,4,valid,161,80,0.00828547990402917,,,,False,[],False,[]
1-6,369,74,5,valid,161,80,0.007990736021444622,,,,False,[],False,[]
1-6,370,75,1,valid,80,80,0.00038841676783463175,71,81,0.6290848018076751,False,[],False,[]
1-6,371,75,2,valid,127,80,0.00046276615123352904,67,81,1.1468152694349378,False,[],False,[]
1-6,372,75,3,valid,118,80,0.005109244529377999,,,,False,[],False,[]
1-6,373,75,4,valid,161,80,0.008293077006181537,,,,False,[],False,[]
1-6,374,75,5,valid,161,80,0.007990736021444622,,,,False,[],False,[]
1-6,375,76,1,valid,80,80,0.00038841676783463175,71,81,0.6290848018076751,False,[],False,[]
1-6,376,76,2,valid,127,80,0.00047130097452452446,67,81,1.1466431584144883,False,[],False,[]
1-6,377,76,3,valid,118,80,0.005110956373746367,,,,False,[],False,[]
1-6,378,76,4,valid,161,80,0.008317643871352365,,,,False,[],False,[]
1-6,379,76,5,valid,161,80,0.007990736021444622,,,,False,[],False,[]
1-6,380,77,1,valid,80,80,0.00038841676783463175,71,81,0.6290848018076751,False,[],False,[]
1-6,381,77,2,valid,0,81,0.00048600413024479927,67,81,1.1464835009780394,False,[],False,[]
1-6,382,77,3,valid,144,80,0.005094110410062136,,,,False,[],False,[]
1-6,383,77,4,valid,161,80,0.008401380279936532,,,,False,[],False,[]
1-6,384,77,5,valid,161,80,0.007990736021444622,,,,False,[],False,[]
1-6,385,78,1,valid,80,80,0.00038841676783463175,71,81,0.6290848018076751,False,[],False,[]
1-6,386,78,2,valid,0,81,0.00045156758816045084,67,81,1.1467501345320958,False,[],False,[]
1-6,387,78,3,valid,144,80,0.004967607582060829,,,,False,[],False,[]
1-6,388,78,4,valid,161,80,0.008462111654442106,,,,False,[],False,[]
1-6,389,78,5,valid,161,80,0.007990736021444622,,,,False,[],False,[]
1-6,390,79,1,valid,80,80,0.00038841676783463175,71,81,0.6290848018076751,False,[],False,[]
1-6,391,79,2,valid,0,81,0.0004372263047566216,67,81,1.1469808261766556,False,[],False,[]
1-6,392,79,3,valid,144,80,0.0049097077096014186,,,,False,[],False,[]
1-6,393,79,4,valid,161,80,0.008491296637445744,,,,False,[],False,[]
1-6,394,79,5,valid,161,80,0.007990736021444622,,,,False,[],False,[]
1-6,395,80,1,valid,80,80,0.00038841676783463175,71,81,0.6290848018076751,False,[],False,[]
1-6,396,80,2,valid,0,81,0.0004332491677705441,67,81,1.1470649970989948,False,[],False,[]
1-6,397,80,3,valid,144,80,0.004892267283327811,,,,False,[],False,[]
1-6,398,80,4,valid,161,80,0.008500751415313812,,,,False,[],False,[]
1-6,399,80,5,valid,161,80,0.007990736021444622,,,,False,[],False,[]
1-6,400,81,1,valid,80,80,0.00038841676783463175,71,81,0.6290848018076751,False,[],False,[]
1-6,401,81,2,valid,0,81,0.0004324377424480552,67,81,1.1470886740413297,False,[],False,[]
1-6,402,81,3,valid,144,80,0.004887765525967591,,,,False,[],False,[]
1-6,403,81,4,valid,161,80,0.00850377745119879,,,,False,[],False,[]
1-6,404,81,5,valid,161,80,0.007990736021444622,,,,False,[],False,[]
1-6,405,82,1,valid,80,80,0.00038841676783463175,71,81,0.6290848018076751,False,[],False,[]
1-6,406,82,2,valid,0,81,0.00043164600360356964,67,81,1.1471208459993214,False,[],False,[]
1-6,407,82,3,valid,144,80,0.0048818869940133736,,,,False,[],False,[]
1-6,408,82,4,valid,161,80,0.008508319903527406,,,,False,[],False,[]
1-6,409,82,5,valid,161,80,0.007990736021444622,,,,False,[],False,[]
1-6,410,83,1,valid,80,80,0.00038841676783463175,71,81,0.6290848018076751,False,[],False,[]
1-6,411,83,2,valid,0,81,0.00043004644651722934,67,81,1.1471956511246018,False,[],False,[]
1-6,412,83,3,valid,144,80,0.004869161168105318,,,,False,[],False,[]
1-6,413,83,4,valid,161,80,0.008518999752605727,,,,False,[],False,[]
1-6,414,83,5,valid,161,80,0.007990736021444622,,,,False,[],False,[]
1-6,415,84,1,valid,80,80,0.00038841676783463175,71,81,0.6290848018076751,False,[],False,[]
1-6,416,84,2,valid,0,81,0.0004261715294955337,67,81,1.1474812517769248,False,[],False,[]
1-6,417,84,3,valid,144,80,0.004827013024185645,,,,False,[],False,[]
1-6,418,84,4,valid,161,80,0.00855550614434275,,,,False,[],False,[]
1-6,419,84,5,valid,161,80,0.007990736021444622,,,,False,[],False,[]
1-6,420,85,1,valid,80,80,0.00038841676783463175,71,81,0.6290848018076751,False,[],False,[]
1-6,421,85,2,valid,0,81,0.0004187549365013421,67,81,1.148780718816244,False,[],False,[]
1-6,422,85,3,valid,144,80,0.004693188097280476,,,,False,[],False,[]
1-6,423,85,4,valid,161,80,0.008676882258097596,,,,False,[],False,[]
1-6,424,85,5,valid,161,80,0.007990736021444622,,,,False,[],False,[]
1-6,425,86,1,valid,80,80,0.00038841676783463175,71,81,0.6290848018076751,False,[],False,[]
1-6,426,86,2,valid,0,81,0.0004180547087894171,67,81,1.1498741121445155,False,[],False,[]
1-6,427,86,3,valid,144,80,0.004611516105208269,,,,False,[],False,[]
1-6,428,86,4,valid,161,80,0.008754876356113384,,,,False,[],False,[]
1-6,429,86,5,valid,161,80,0.007990736021444622,,,,False,[],False,[]
1-6,430,87,1,valid,80,80,0.00038841676783463175,71,81,0.6290848018076751,False,[],False,[]
1-6,431,87,2,valid,0,81,0.0004188474580998358,67,81,1.1503743618393807,False,[],False,[]
1-6,432,87,3,valid,144,80,0.00457847458570404,,,,False,[],False,[]
1-6,433,87,4,valid,161,80,0.00878685844264715,,,,False,[],False,[]
1-6,434,87,5,valid,161,80,0.007990736021444622,,,,False,[],False,[]
1-6,435,88,1,valid,80,80,0.00038841676783463175,71,81,0.6290848018076751,False,[],False,[]
1-6,436,88,2,valid,0,81,0.0004194569834548023,67,81,1.1505246850996986,False,[],False,[]
1-6,437,88,3,valid,144,80,0.004568337424223912,,,,False,[],False,[]
1-6,438,88,4,valid,161,80,0.008796221224111056,,,,False,[],False,[]
1-6,439,88,5,valid,161,80,0.007990736021444622,,,,False,[],False,[]
1-6,440,89,1,valid,80,80,0.00038841676783463175,71,81,0.6290848018076751,False,[],False,[]
1-6,441,89,2,valid,0,81,0.00041995586336629476,67,81,1.1505711290578755,False,[],False,[]
1-6,442,89,3,valid,144,80,0.0045645664715308065,,,,False,[],False,[]
1-6,443,89,4,valid,161,80,0.008799180555088992,,,,False,[],False,[]
1-6,444,89,5,valid,161,80,0.007990736021444622,,,,False,[],False,[]
1-6,445,90,1,valid,80,80,0.00038841676783463175,71,81,0.6290848018076751,False,[],False,[]
1-6,446,90,2,valid,0,81,0.0004210770675661113,67,81,1.1506465871595946,False,[],False,[]
1-6,447,90,3,valid,144,80,0.004557719512997993,,,,False,[],False,[]
1-6,448,90,4,valid,161,80,0.008803942322896496,,,,False,[],False,[]
1-6,449,90,5,valid,161,80,0.007990736021444622,,,,False,[],False,[]
1-6,450,91,1,valid,80,80,0.00038841676783463175,71,81,0.6290848018076751,False,[],False,[]
1-6,451,91,2,valid,0,81,0.0004243628973502611,67,81,1.1508469995517103,False,[],False,[]
1-6,452,91,3,valid,144,80,0.004539285856360875,,,,False,[],False,[]
1-6,453,91,4,valid,161,80,0.00881636951017184,,,,False,[],False,[]
1-6,454,91,5,valid,161,80,0.007990736021444622,,,,False,[],False,[]
1-6,455,92,1,valid,80,80,0.00038841676783463175,71,81,0.6290848018076751,False,[],False,[]
1-6,456,92,2,valid,0,81,0.0004377169558207328,67,81,1.151624801896883,False,[],False,[]
1-6,457,92,3,valid,144,80,0.0044716639600272945,,,,False,[],False,[]
1-6,458,92,4,valid,161,80,0.008862959472779375,,,,False,[],False,[]
1-6,459,92,5,valid,161,80,0.007990736021444622,,,,False,[],False,[]
1-6,460,93,1,valid,80,80,0.00038841676783463175,71,81,0.6290848018076751,False,[],False,[]
1-6,461,93,2,valid,0,81,0.00048661512119518857,67,81,1.1546101730595695,False,[],False,[]
1-6,462,93,3,valid,144,80,0.004257911660884073,,,,False,[],False,[]
1-6,463,93,4,valid,161,80,0.009020912963707883,,,,False,[],False,[]
1-6,464,93,5,valid,161,80,0.007990736021444622,,,,False,[],False,[]
1-6,465,94,1,valid,80,80,0.00038841676783463175,71,81,0.6290848018076751,False,[],False,[]
1-6,466,94,2,valid,0,81,0.0005208901326259063,67,81,1.1567311266268143,False,[],False,[]
1-6,467,94,3,valid,144,80,0.00413425199857298,,,,False,[],False,[]
1-6,468,94,4,valid,161,80,0.009120517364313296,,,,False,[],False,[]
1-6,469,94,5,valid,161,80,0.007990736021444622,,,,False,[],False,[]
1-6,470,95,1,valid,80,80,0.00038841676783463175,71,81,0.6290848018076751,False,[],False,[]
1-6,471,95,2,valid,0,81,0.0005348238987115117,67,81,1.1575919131696601,False,[],False,[]
1-6,472,95,3,valid,144,80,0.004088626526508543,,,,False,[],False,[]
1-6,473,95,4,valid,161,80,0.009159268037032708,,,,False,[],False,[]
1-6,474,95,5,valid,161,80,0.007990736021444622,,,,False,[],False,[]
1-6,475,96,1,valid,80,80,0.00038841676783463175,71,81,0.6290848018076751,False,[],False,[]
1-6,476,96,2,valid,0,81,0.0005387942160787196,67,81,1.1578309010145393,False,[],False,[]
1-6,477,96,3,valid,144,80,0.004076367321762753,,,,False,[],False,[]
1-6,478,96,4,valid,161,80,0.009170254981500925,,,,False,[],False,[]
1-6,479,96,5,valid,161,80,0.007990736021444622,,,,False,[],False,[]
1-6,480,97,1,valid,80,80,0.00038841676783463175,71,81,0.6290848018076751,False,[],False,[]
1-6,481,97,2,valid,0,81,0.0005401282771951843,67,81,1.1579044668342489,False,[],False,[]
1-6,482,97,3,valid,144,80,0.004072639602362704,,,,False,[],False,[]
1-6,483,97,4,valid,161,80,0.009174044220490618,,,,False,[],False,[]
1-6,484,97,5,valid,161,80,0.007990736021444622,,,,False,[],False,[]
1-6,485,98,1,valid,80,80,0.00038841676783463175,71,81,0.6290848018076751,False,[],False,[]
1-6,486,98,2,valid,0,81,0.0005424422651341132,67,81,1.15802663442989,False,[],False,[]
1-6,487,98,3,valid,144,80,0.00406644508060694,,,,False,[],False,[]
1-6,488,98,4,valid,161,80,0.00918052890341381,,,,False,[],False,[]
1-6,489,98,5,valid,161,80,0.007990736021444622,,,,False,[],False,[]
1-6,490,99,1,valid,80,80,0.00038841676783463175,71,81,0.6290848018076751,False,[],False,[]
1-6,491,99,2,valid,0,81,0.0005487543992905852,67,81,1.1583566115656643,False,[],False,[]
1-6,492,99,3,valid,144,80,0.0040498672776280165,,,,False,[],False,[]
1-6,493,99,4,valid,161,80,0.009198192195483235,,,,False,[],False,[]
1-6,494,99,5,valid,161,80,0.007990736021444622,,,,False,[],False,[]
1-6,495,100,1,valid,80,80,0.00038841676783463175,71,81,0.6290848018076751,False,[],False,[]
1-6,496,100,2,valid,0,81,0.0005740291673907993,67,81,1.1596776151709927,False,[],False,[]
1-6,497,100,3,valid,144,80,0.0039863354900816494,,,,False,[],False,[]
1-6,498,100,4,valid,161,80,0.009268477144484533,,,,False,[],False,[]
1-6,499,100,5,valid,161,80,0.007990736021444622,,,,False,[],False,[]
1-6,500,101,1,valid,80,80,0.00038841676783463175,71,81,0.6290848018076751,False,[],False,[]
1-6,501,101,2,valid,0,81,0.0006578587714961559,67,81,1.1641212923621844,False,[],False,[]
1-6,502,101,3,valid,144,80,0.0037967931925293463,,,,False,[],False,[]
1-6,503,101,4,valid,161,80,0.009492796066345566,,,,False,[],False,[]
1-6,504,101,5,valid,161,80,0.007990736021444622,,,,False,[],False,[]
1-6,505,102,1,valid,80,80,0.00038841676783463175,71,81,0.6290848018076751,False,[],False,[]
1-6,506,102,2,valid,0,81,0.0007099382887634231,67,81,1.166907905813486,False,[],False,[]
1-6,507,102,3,valid,144,80,0.003692404533809257,,,,False,[],False,[]
1-6,508,102,4,valid,34,81,0.009625857241650326,,,,False,[],False,[]
1-6,509,102,5,valid,161,80,0.007990736021444622,,,,False,[],False,[]
1-6,510,103,1,valid,80,80,0.00038841676783463175,71,81,0.6290848018076751,False,[],False,[]
1-6,511,103,2,valid,0,81,0.0007294286132338845,67,81,1.1679562175016263,False,[],False,[]
1-6,512,103,3,valid,144,80,0.0036556794697976125,,,,False,[],False,[]
1-6,513,103,4,valid,34,81,0.00965702228650589,,,,False,[],False,[]
1-6,514,103,5,valid,161,80,0.007990736021444622,,,,False,[],False,[]
1-6,515,104,1,valid,80,80,0.00038841676783463175,71,81,0.6290848018076751,False,[],False,[]
1-6,516,104,2,valid,0,81,0.0007343455646305896,67,81,1.1682222945754395,False,[],False,[]
1-6,517,104,3,valid,144,80,0.0036464850693919137,,,,False,[],False,[]
1-6,518,104,4,valid,34,81,0.009665214674368872,,,,False,[],False,[]
1-6,519,104,5,valid,161,80,0.007990736021444622,,,,False,[],False,[]
1-6,520,105,1,valid,80,80,0.00038841676783463175,71,81,0.6290848018076751,False,[],False,[]
1-6,521,105,2,valid,0,81,0.0007358335474478839,67,81,1.1683041785972867,False,[],False,[]
1-6,522,105,3,valid,144,80,0.003643681532467191,,,,False,[],False,[]
1-6,523,105,4,valid,34,81,0.009668053116026476,,,,False,[],False,[]
1-6,524,105,5,valid,161,80,0.007990736021444622,,,,False,[],False,[]
1-6,525,106,1,valid,80,80,0.00038841676783463175,71,81,0.6290848018076751,False,[],False,[]
1-6,526,106,2,valid,0,81,0.0007383035410601924,67,81,1.1684423611437689,False,[],False,[]
1-6,527,106,3,valid,144,80,0.0036389742454294716,,,,False,[],False,[]
1-6,528,106,4,valid,34,81,0.009673010404564697,,,,False,[],False,[]
1-6,529,106,5,valid,161,80,0.007990736021444622,,,,False,[],False,[]
1-6,530,107,1,valid,80,80,0.00038841676783463175,71,81,0.6290848018076751,False,[],False,[]
1-6,531,107,2,valid,0,81,0.0007452110842010029,67,81,1.168833151479682,False,[],False,[]
1-6,532,107,3,valid,144,80,0.0036257571112841003,,,,False,[],False,[]
1-6,533,107,4,valid,34,81,0.009687598247317575,,,,False,[],False,[]
1-6,534,107,5,valid,161,80,0.007990736021444622,,,,False,[],False,[]
1-6,535,108,1,valid,80,80,0.00038841676783463175,71,81,0.6290848018076751,False,[],False,[]
1-6,536,108,2,valid,0,81,0.000773378022842941,67,81,1.1704298714342671,False,[],False,[]
1-6,537,108,3,valid,144,80,0.0035732267625659953,,,,False,[],False,[]
1-6,538,108,4,valid,34,81,0.009747712890070148,,,,False,[],False,[]
1-6,539,108,5,valid,161,80,0.007990736021444622,,,,False,[],False,[]
1-6,540,109,1,valid,80,80,0.00038841676783463175,71,81,0.6290848018076751,False,[],False,[]
1-6,541,109,2,valid,0,81,0.0008538964155908602,67,81,1.1750127111676272,False,[],False,[]
1-6,542,109,3,valid,144,80,0.0034335960528195653,,,,False,[],False,[]
1-6,543,109,4,valid,34,81,0.009920765510983975,,,,False,[],False,[]
1-6,544,109,5,valid,161,80,0.007990736021444622,,,,False,[],False,[]
1-7,0,1,1,valid,80,80,0.00037094776342350144,71,81,0.6260175886439601,False,[],False,[]
1-7,1,1,2,valid,127,80,0.0009126393311064129,,,,False,[],False,[]
1-7,2,1,3,valid,144,80,0.004961577454076105,,,,False,[],False,[]
1-7,3,1,4,valid,118,80,0.005450557215713192,,,,False,[],False,[]
1-7,4,1,5,valid,118,80,0.008121664204114976,,,,False,[],False,[]
1-7,5,2,1,valid,80,80,0.00037094776342350144,71,81,0.6260175886439601,False,[],False,[]
1-7,6,2,2,valid,127,80,0.0010233288409939867,127,80,1.2881004721091487,False,[],False,[]
1-7,7,2,3,valid,144,80,0.004975256860382915,,,,False,[],False,[]
1-7,8,2,4,valid,118,80,0.005417274547828144,,,,False,[],False,[]
1-7,9,2,5,valid,118,80,0.008121664204114976,,,,False,[],False,[]
1-7,10,3,1,valid,80,80,0.00037094776342350144,71,81,0.6260175886439601,False,[],False,[]
1-7,11,3,2,valid,127,80,0.0014002891670307216,150,80,2.0604544190885825,False,[],False,[]
1-7,12,3,3,valid,144,80,0.0049941667256793165,,,,False,[],False,[]
1-7,13,3,4,valid,118,80,0.005384801231517078,,,,False,[],False,[]
1-7,14,3,5,valid,118,80,0.008121664204114976,,,,False,[],False,[]
1-7,15,4,1,valid,80,80,0.00037094776342350144,71,81,0.6260175886439601,False,[],False,[]
1-7,16,4,2,valid,127,80,0.0012948394696712384,150,80,2.0627261697844017,False,[],False,[]
1-7,17,4,3,valid,144,80,0.004989199471060246,,,,False,[],False,[]
1-7,18,4,4,valid,118,80,0.005391142855102338,,,,False,[],False,[]
1-7,19,4,5,valid,118,80,0.008121664204114976,,,,False,[],False,[]
1-7,20,5,1,valid,80,80,0.00037094776342350144,71,81,0.6260175886439601,False,[],False,[]
1-7,21,5,2,valid,127,80,0.001304546371709292,150,80,2.062482871065596,False,[],False,[]
1-7,22,5,3,valid,144,80,0.00498915071906203,,,,False,[],False,[]
1-7,23,5,4,valid,118,80,0.005390383037781166,,,,False,[],False,[]
1-7,24,5,5,valid,118,80,0.008121664204114976,,,,False,[],False,[]
1-7,25,6,1,valid,80,80,0.00037094776342350144,71,81,0.6260175886439601,False,[],False,[]
1-7,26,6,2,valid,127,80,0.0013037534556699093,150,80,2.0624964185414076,False,[],False,[]
1-7,27,6,3,valid,144,80,0.00498857037591216,,,,False,[],False,[]
1-7,28,6,4,valid,118,80,0.005390298533627935,,,,False,[],False,[]
1-7,29,6,5,valid,118,80,0.008121664204114976,,,,False,[],False,[]
1-7,30,7,1,valid,80,80,0.00037094776342350144,71,81,0.6260175886439601,False,[],False,[]
1-7,31,7,2,valid,127,80,0.0012812326698772303,150,80,2.0629110539751006,False,[],False,[]
1-7,32,7,3,valid,144,80,0.0049712808022150945,,,,False,[],False,[]
1-7,33,7,4,valid,118,80,0.0053892984176204806,,,,False,[],False,[]
1-7,34,7,5,valid,118,80,0.008121664204114976,,,,False,[],False,[]
1-7,35,8,1,valid,80,80,0.00037094776342350144,71,81,0.6260175886439601,False,[],False,[]
1-7,36,8,2,valid,127,80,0.001172295564585868,127,80,1.2492242230502677,False,[],False,[]
1-7,37,8,3,valid,144,80,0.004783162785368611,,,,False,[],False,[]
1-7,38,8,4,valid,118,80,0.005461489179898749,,,,False,[],False,[]
1-7,39,8,5,valid,118,80,0.008121664204114976,,,,False,[],False,[]
1-7,40,9,1,valid,80,80,0.00037094776342350144,71,81,0.6260175886439601,False,[],False,[]
1-7,41,9,2,valid,127,80,0.0011727750581251861,127,80,1.2494070629789853,False,[],False,[]
1-7,42,9,3,valid,144,80,0.004784505345660661,,,,False,[],False,[]
1-7,43,9,4,valid,118,80,0.0054612745310163024,,,,False,[],False,[]
1-7,44,9,5,valid,118,80,0.008121664204114976,,,,False,[],False,[]
1-7,45,10,1,valid,80,80,0.00037094776342350144,71,81,0.6260175886439601,False,[],False,[]
1-7,46,10,2,valid,127,80,0.0011718436609691185,127,80,1.2512170323832612,False,[],False,[]
1-7,47,10,3,valid,144,80,0.004790212192723797,,,,False,[],False,[]
1-7,48,10,4,valid,118,80,0.005455891361282328,,,,False,[],False,[]
1-7,49,10,5,valid,118,80,0.008121664204114976,,,,False,[],False,[]
1-7,50,11,1,valid,80,80,0.00037094776342350144,71,81,0.6260175886439601,False,[],False,[]
1-7,51,11,2,valid,127,80,0.0013328330198449923,150,80,2.0612971051394835,False,[],False,[]
1-7,52,11,3,valid,144,80,0.005033727199387661,,,,False,[],False,[]
1-7,53,11,4,valid,118,80,0.005378819744960683,,,,False,[],False,[]
1-7,54,11,5,valid,118,80,0.008121664204114976,,,,False,[],False,[]
1-7,55,12,1,valid,80,80,0.00037094776342350144,71,81,0.6260175886439601,False,[],False,[]
1-7,56,12,2,valid,127,80,0.0013146165510110608,150,80,2.0615866110766317,False,[],False,[]
1-7,57,12,3,valid,144,80,0.005018331865474068,,,,False,[],False,[]
1-7,58,12,4,valid,118,80,0.005378999482726687,,,,False,[],False,[]
1-7,59,12,5,valid,118,80,0.008121664204114976,,,,False,[],False,[]
1-7,60,13,1,valid,80,80,0.00037094776342350144,71,81,0.6260175886439601,False,[],False,[]
1-7,61,13,2,valid,127,80,0.001314136613294048,150,80,2.0616003830969443,False,[],False,[]
1-7,62,13,3,valid,144,80,0.005019747457806201,,,,False,[],False,[]
1-7,63,13,4,valid,118,80,0.005379168643467325,,,,False,[],False,[]
1-7,64,13,5,valid,118,80,0.008121664204114976,,,,False,[],False,[]
1-7,65,14,1,valid,80,80,0.00037094776342350144,71,81,0.6260175886439601,False,[],False,[]
1-7,66,14,2,valid,127,80,0.0012653939314131168,,,,False,[],False,[]
1-7,67,14,3,valid,144,80,0.005269431092993382,,,,False,[],False,[]
1-7,68,14,4,valid,118,80,0.0054416536978388885,,,,False,[],False,[]
1-7,69,14,5,valid,118,80,0.008121664204114976,,,,False,[],False,[]
1-7,70,15,1,valid,80,80,0.00037094776342350144,71,81,0.6260175886439601,False,[],False,[]
1-7,71,15,2,valid,127,80,0.0012674155656922093,127,80,1.2829679803502472,False,[],False,[]
1-7,72,15,3,valid,144,80,0.005290186398285046,,,,False,[],False,[]
1-7,73,15,4,valid,118,80,0.005451959039346144,,,,False,[],False,[]
1-7,74,15,5,valid,118,80,0.008121664204114976,,,,False,[],False,[]
1-7,75,16,1,valid,80,80,0.00037094776342350144,71,81,0.6260175886439601,False,[],False,[]
1-7,76,16,2,valid,127,80,0.001270526106504244,127,80,1.2824769898180692,False,[],False,[]
1-7,77,16,3,valid,144,80,0.005294319678039061,,,,False,[],False,[]
1-7,78,16,4,valid,118,80,0.0054558217985138935,,,,False,[],False,[]
1-7,79,16,5,valid,118,80,0.008121664204114976,,,,False,[],False,[]
1-7,80,17,1,valid,80,80,0.00037094776342350144,71,81,0.6260175886439601,False,[],False,[]
1-7,81,17,2,valid,127,80,0.001274557122801112,127,80,1.282534693949565,False,[],False,[]
1-7,82,17,3,valid,144,80,0.005294352064844521,,,,False,[],False,[]
1-7,83,17,4,valid,118,80,0.005458523988360553,,,,False,[],False,[]
1-7,84,17,5,valid,118,80,0.008121664204114976,,,,False,[],False,[]
1-7,85,18,1,valid,80,80,0.00037094776342350144,71,81,0.6260175886439601,False,[],False,[]
1-7,86,18,2,valid,127,80,0.0012780453600923503,127,80,1.282909709298285,False,[],False,[]
1-7,87,18,3,valid,144,80,0.005291920364334346,,,,False,[],False,[]
1-7,88,18,4,valid,118,80,0.00545977458575897,,,,False,[],False,[]
1-7,89,18,5,valid,118,80,0.008121664204114976,,,,False,[],False,[]
1-7,90,19,1,valid,80,80,0.00037094776342350144,71,81,0.6260175886439601,False,[],False,[]
1-7,91,19,2,valid,127,80,0.0013746025127333583,,,,False,[],False,[]
1-7,92,19,3,valid,144,80,0.005229157200743684,,,,False,[],False,[]
1-7,93,19,4,valid,118,80,0.005494786882654257,,,,False,[],False,[]
1-7,94,19,5,valid,118,80,0.008121664204114976,,,,False,[],False,[]
1-7,95,20,1,valid,80,80,0.00037094776342350144,71,81,0.6260175886439601,False,[],False,[]
1-7,96,20,2,valid,144,80,0.0021185913559453873,150,80,2.059946169429047,False,[],False,[]
1-7,97,20,3,valid,144,80,0.004828270535094603,,,,False,[],False,[]
1-7,98,20,4,valid,118,80,0.005794743171888439,,,,False,[],False,[]
1-7,99,20,5,valid,118,80,0.008121664204114976,,,,False,[],False,[]
1-7,100,21,1,valid,80,80,0.00037094776342350144,71,81,0.6260175886439601,False,[],False,[]
1-7,101,21,2,valid,144,80,0.0018020184166378517,150,80,2.0591789706247803,False,[],False,[]
1-7,102,21,3,valid,144,80,0.004979788254236395,,,,False,[],False,[]
1-7,103,21,4,valid,118,80,0.005665826146422748,,,,False,[],False,[]
1-7,104,21,5,valid,118,80,0.008121664204114976,,,,False,[],False,[]
1-7,105,22,1,valid,80,80,0.00037094776342350144,71,81,0.6260175886439601,False,[],False,[]
1-7,106,22,2,valid,144,80,0.0016517086643987877,150,80,2.059961671593927,False,[],False,[]
1-7,107,22,3,valid,144,80,0.005060220307476104,,,,False,[],False,[]
1-7,108,22,4,valid,118,80,0.005604995916981603,,,,False,[],False,[]
1-7,109,22,5,valid,118,80,0.008121664204114976,,,,False,[],False,[]
1-7,110,23,1,valid,80,80,0.00037094776342350144,71,81,0.6260175886439601,False,[],False,[]
1-7,111,23,2,valid,144,80,0.0016523000878196914,150,80,2.0599576747314874,False,[],False,[]
1-7,112,23,3,valid,144,80,0.0050592476780921825,,,,False,[],False,[]
1-7,113,23,4,valid,118,80,0.005605543464705098,,,,False,[],False,[]
1-7,114,23,5,valid,118,80,0.008121664204114976,,,,False,[],False,[]
1-7,115,24,1,valid,80,80,0.00037094776342350144,71,81,0.6260175886439601,False,[],False,[]
1-7,116,24,2,valid,144,80,0.0016506372812452597,150,80,2.0599716504937327,False,[],False,[]
1-7,117,24,3,valid,144,80,0.0050586853801315446,,,,False,[],False,[]
1-7,118,24,4,valid,118,80,0.005605616286937121,,,,False,[],False,[]
1-7,119,24,5,valid,118,80,0.008121664204114976,,,,False,[],False,[]
1-7,120,25,1,valid,80,80,0.00037094776342350144,71,81,0.6260175886439601,False,[],False,[]
1-7,121,25,2,valid,144,80,0.0016490550304163465,150,80,2.059985251994735,False,[],False,[]
1-7,122,25,3,valid,144,80,0.005058031654722739,,,,False,[],False,[]
1-7,123,25,4,valid,118,80,0.005605743475921021,,,,False,[],False,[]
1-7,124,25,5,valid,118,80,0.008121664204114976,,,,False,[],False,[]
1-7,125,26,1,valid,80,80,0.00037094776342350144,71,81,0.6260175886439601,False,[],False,[]
1-7,126,26,2,valid,144,80,0.0016458590987236121,150,80,2.0600134319569126,False,[],False,[]
1-7,127,26,3,valid,144,80,0.005056748410724343,,,,False,[],False,[]
1-7,128,26,4,valid,118,80,0.005605981006612137,,,,False,[],False,[]
1-7,129,26,5,valid,118,80,0.008121664204114976,,,,False,[],False,[]
1-7,130,27,1,valid,80,80,0.00037094776342350144,71,81,0.6260175886439601,False,[],False,[]
1-7,131,27,2,valid,144,80,0.001636099457643203,150,80,2.0601057044349202,False,[],False,[]
1-7,132,27,3,valid,144,80,0.005052665558890723,,,,False,[],False,[]
1-7,133,27,4,valid,118,80,0.005606762029981782,,,,False,[],False,[]
1-7,134,27,5,valid,118,80,0.008121664204114976,,,,False,[],False,[]
1-7,135,28,1,valid,80,80,0.00037094776342350144,71,81,0.6260175886439601,False,[],False,[]
1-7,136,28,2,valid,144,80,0.0016208956643040118,150,80,2.0602673924787727,False,[],False,[]
1-7,137,28,3,valid,144,80,0.00504574116915002,,,,False,[],False,[]
1-7,138,28,4,valid,118,80,0.005608198965421529,,,,False,[],False,[]
1-7,139,28,5,valid,118,80,0.008121664204114976,,,,False,[],False,[]
1-7,140,29,1,valid,80,80,0.00037094776342350144,71,81,0.6260175886439601,False,[],False,[]
1-7,141,29,2,valid,144,80,0.0016037419360108718,150,80,2.0604775422101875,False,[],False,[]
1-7,142,29,3,valid,144,80,0.005037040044660879,,,,False,[],False,[]
1-7,143,29,4,valid,118,80,0.005610191314311286,,,,False,[],False,[]
1-7,144,29,5,valid,118,80,0.008121664204114976,,,,False,[],False,[]
1-7,145,30,1,valid,80,80,0.00037094776342350144,71,81,0.6260175886439601,False,[],False,[]
1-7,146,30,2,valid,144,80,0.0015753616037658125,150,80,2.0608872538514293,False,[],False,[]
1-7,147,30,3,valid,144,80,0.0050200300343336,,,,False,[],False,[]
1-7,148,30,4,valid,118,80,0.005614888624243086,,,,False,[],False,[]
1-7,149,30,5,valid,118,80,0.008121664204114976,,,,False,[],False,[]
1-7,150,31,1,valid,80,80,0.00037094776342350144,71,81,0.6260175886439601,False,[],False,[]
1-7,151,31,2,valid,144,80,0.0015696152778272854,150,80,2.06098518589269,False,[],False,[]
1-7,152,31,3,valid,144,80,0.005014854396659274,,,,False,[],False,[]
1-7,153,31,4,valid,118,80,0.005616849391043788,,,,False,[],False,[]
1-7,154,31,5,valid,118,80,0.008121664204114976,,,,False,[],False,[]
1-7,155,32,1,valid,80,80,0.00037094776342350144,71,81,0.6260175886439601,False,[],False,[]
1-7,156,32,2,valid,144,80,0.001566898575219522,150,80,2.061034227753299,False,[],False,[]
1-7,157,32,3,valid,144,80,0.005010760711027129,,,,False,[],False,[]
1-7,158,32,4,valid,118,80,0.005618832330509971,,,,False,[],False,[]
1-7,159,32,5,valid,118,80,0.008121664204114976,,,,False,[],False,[]
1-7,160,33,1,valid,80,80,0.00037094776342350144,71,81,0.6260175886439601,False,[],False,[]
1-7,161,33,2,valid,144,80,0.0015652239597174766,150,80,2.061066370132561,False,[],False,[]
1-7,162,33,3,valid,144,80,0.0050061745114554634,,,,False,[],False,[]
1-7,163,33,4,valid,118,80,0.005621375831419861,,,,False,[],False,[]
1-7,164,33,5,valid,118,80,0.008121664204114976,,,,False,[],False,[]
1-7,165,34,1,valid,80,80,0.00037094776342350144,71,81,0.6260175886439601,False,[],False,[]
1-7,166,34,2,valid,144,80,0.0015647651502037618,150,80,2.0610770101750506,False,[],False,[]
1-7,167,34,3,valid,144,80,0.005002086211703505,,,,False,[],False,[]
1-7,168,34,4,valid,118,80,0.005623902609035003,,,,False,[],False,[]
1-7,169,34,5,valid,118,80,0.008121664204114976,,,,False,[],False,[]
1-7,170,35,1,valid,80,80,0.00037094776342350144,71,81,0.6260175886439601,False,[],False,[]
1-7,171,35,2,valid,144,80,0.0015630561426280831,150,80,2.061121276516306,False,[],False,[]
1-7,172,35,3,valid,144,80,0.004980006347666932,,,,False,[],False,[]
1-7,173,35,4,valid,118,80,0.005637881237649189,,,,False,[],False,[]
1-7,174,35,5,valid,118,80,0.008121664204114976,,,,False,[],False,[]
1-7,175,36,1,valid,80,80,0.00037094776342350144,71,81,0.6260175886439601,False,[],False,[]
1-7,176,36,2,valid,144,80,0.0015602495044277909,150,80,2.061203802152816,False,[],False,[]
1-7,177,36,3,valid,144,80,0.0049340213391551035,,,,False,[],False,[]
1-7,178,36,4,valid,118,80,0.005667901102012429,,,,False,[],False,[]
1-7,179,36,5,valid,118,80,0.008121664204114976,,,,False,[],False,[]
1-7,180,37,1,valid,80,80,0.00037094776342350144,71,81,0.6260175886439601,False,[],False,[]
1-7,181,37,2,valid,144,80,0.0015570453946210927,,,,False,[],False,[]
1-7,182,37,3,valid,144,80,0.004871397922508569,,,,False,[],False,[]
1-7,183,37,4,valid,118,80,0.005710626328973234,,,,False,[],False,[]
1-7,184,37,5,valid,118,80,0.008121664204114976,,,,False,[],False,[]
1-7,185,38,1,valid,80,80,0.00037094776342350144,71,81,0.6260175886439601,False,[],False,[]
1-7,186,38,2,valid,144,80,0.0015534336286221473,,,,False,[],False,[]
1-7,187,38,3,valid,144,80,0.004773165585830519,,,,False,[],False,[]
1-7,188,38,4,valid,118,80,0.0057819722639398385,,,,False,[],False,[]
1-7,189,38,5,valid,118,80,0.008121664204114976,,,,False,[],False,[]
1-7,190,39,1,valid,80,80,0.00037094776342350144,71,81,0.6260175886439601,False,[],False,[]
1-7,191,39,2,valid,144,80,0.0015524609343506857,,,,False,[],False,[]
1-7,192,39,3,valid,144,80,0.0047540805226411464,,,,False,[],False,[]
1-7,193,39,4,valid,118,80,0.005796802169163229,,,,False,[],False,[]
1-7,194,39,5,valid,118,80,0.008121664204114976,,,,False,[],False,[]
1-7,195,40,1,valid,80,80,0.00037094776342350144,71,81,0.6260175886439601,False,[],False,[]
1-7,196,40,2,valid,144,80,0.0015517096722034163,,,,False,[],False,[]
1-7,197,40,3,valid,144,80,0.004744406393188405,,,,False,[],False,[]
1-7,198,40,4,valid,118,80,0.0058047455808312165,,,,False,[],False,[]
1-7,199,40,5,valid,118,80,0.008121664204114976,,,,False,[],False,[]
1-7,200,41,1,valid,80,80,0.00037094776342350144,71,81,0.6260175886439601,False,[],False,[]
1-7,201,41,2,valid,144,80,0.0015508212395523024,,,,False,[],False,[]
1-7,202,41,3,valid,144,80,0.004736810375041589,,,,False,[],False,[]
1-7,203,41,4,valid,118,80,0.005811345763637843,,,,False,[],False,[]
1-7,204,41,5,valid,118,80,0.008121664204114976,,,,False,[],False,[]
1-7,205,42,1,valid,80,80,0.00037094776342350144,71,81,0.6260175886439601,False,[],False,[]
1-7,206,42,2,valid,144,80,0.0015499091759192396,,,,False,[],False,[]
1-7,207,42,3,valid,144,80,0.004731494441438944,,,,False,[],False,[]
1-7,208,42,4,valid,118,80,0.00581629340183154,,,,False,[],False,[]
1-7,209,42,5,valid,118,80,0.008121664204114976,,,,False,[],False,[]
1-7,210,43,1,valid,80,80,0.00037094776342350144,71,81,0.6260175886439601,False,[],False,[]
1-7,211,43,2,valid,144,80,0.001546184186683952,,,,False,[],False,[]
1-7,212,43,3,valid,144,80,0.004709750376431288,,,,False,[],False,[]
1-7,213,43,4,valid,118,80,0.0058371146171257715,,,,False,[],False,[]
1-7,214,43,5,valid,118,80,0.008121664204114976,,,,False,[],False,[]
1-7,215,44,1,valid,80,80,0.00037094776342350144,71,81,0.6260175886439601,False,[],False,[]
1-7,216,44,2,valid,144,80,0.001536300661231671,,,,False,[],False,[]
1-7,217,44,3,valid,144,80,0.004655106752404992,,,,False,[],False,[]
1-7,218,44,4,valid,118,80,0.005890908687263163,,,,False,[],False,[]
1-7,219,44,5,valid,118,80,0.008121664204114976,,,,False,[],False,[]
1-7,220,45,1,valid,80,80,0.00037094776342350144,71,81,0.6260175886439601,False,[],False,[]
1-7,221,45,2,valid,144,80,0.0015227339054775246,,,,False,[],False,[]
1-7,222,45,3,valid,144,80,0.004583224840328803,,,,False,[],False,[]
1-7,223,45,4,valid,118,80,0.005965393018567244,,,,False,[],False,[]
1-7,224,45,5,valid,118,80,0.008121664204114976,,,,False,[],False,[]
1-7,225,46,1,valid,80,80,0.00037094776342350144,71,81,0.6260175886439601,False,[],False,[]
1-7,226,46,2,valid,144,80,0.001502595681556751,,,,False,[],False,[]
1-7,227,46,3,valid,144,80,0.0044811300405567245,,,,False,[],False,[]
1-7,228,46,4,valid,118,80,0.006078906466996381,,,,False,[],False,[]
1-7,229,46,5,valid,118,80,0.008121664204114976,,,,False,[],False,[]
1-7,230,47,1,valid,80,80,0.00037094776342350144,71,81,0.6260175886439601,False,[],False,[]
1-7,231,47,2,valid,144,80,0.0014972026372159775,,,,False,[],False,[]
1-7,232,47,3,valid,144,80,0.004457629446116718,,,,False,[],False,[]
1-7,233,47,4,valid,118,80,0.006106626763640932,,,,False,[],False,[]
1-7,234,47,5,valid,118,80,0.008121664204114976,,,,False,[],False,[]
1-7,235,48,1,valid,80,80,0.00037094776342350144,71,81,0.6260175886439601,False,[],False,[]
1-7,236,48,2,valid,144,80,0.0014943965381628566,,,,False,[],False,[]
1-7,237,48,3,valid,144,80,0.0044485606755571006,,,,False,[],False,[]
1-7,238,48,4,valid,118,80,0.006117687000305794,,,,False,[],False,[]
1-7,239,48,5,valid,118,80,0.008121664204114976,,,,False,[],False,[]
1-7,240,49,1,valid,80,80,0.00037094776342350144,71,81,0.6260175886439601,False,[],False,[]
1-7,241,49,2,valid,144,80,0.0014915956177015133,,,,False,[],False,[]
1-7,242,49,3,valid,144,80,0.004441854899480457,,,,False,[],False,[]
1-7,243,49,4,valid,118,80,0.006126113620968043,,,,False,[],False,[]
1-7,244,49,5,valid,118,80,0.008121664204114976,,,,False,[],False,[]
1-7,245,50,1,valid,80,80,0.00037094776342350144,71,81,0.6260175886439601,False,[],False,[]
1-7,246,50,2,valid,144,80,0.0014892969571452808,,,,False,[],False,[]
1-7,247,50,3,valid,144,80,0.004437570542647484,,,,False,[],False,[]
1-7,248,50,4,valid,118,80,0.006131717120586688,,,,False,[],False,[]
1-7,249,50,5,valid,118,80,0.008121664204114976,,,,False,[],False,[]
1-7,250,51,1,valid,80,80,0.00037094776342350144,71,81,0.6260175886439601,False,[],False,[]
1-7,251,51,2,valid,144,80,0.0014777909619341223,,,,False,[],False,[]
1-7,252,51,3,valid,144,80,0.004417902906158844,,,,False,[],False,[]
1-7,253,51,4,valid,118,80,0.00615793904867834,,,,False,[],False,[]
1-7,254,51,5,valid,118,80,0.008121664204114976,,,,False,[],False,[]
1-7,255,52,1,valid,80,80,0.00037094776342350144,71,81,0.6260175886439601,False,[],False,[]
1-7,256,52,2,valid,144,80,0.0014401946908810803,,,,False,[],False,[]
1-7,257,52,3,valid,144,80,0.004356947018267943,,,,False,[],False,[]
1-7,258,52,4,valid,118,80,0.0062452695450132545,,,,False,[],False,[]
1-7,259,52,5,valid,118,80,0.008121664204114976,,,,False,[],False,[]
1-7,260,53,1,valid,80,80,0.00037094776342350144,71,81,0.6260175886439601,False,[],False,[]
1-7,261,53,2,valid,127,80,0.0013870034557230682,,,,False,[],False,[]
1-7,262,53,3,valid,144,80,0.004276851544423588,,,,False,[],False,[]
1-7,263,53,4,valid,118,80,0.0063732785021003435,,,,False,[],False,[]
1-7,264,53,5,valid,118,80,0.008121664204114976,,,,False,[],False,[]
1-7,265,54,1,valid,80,80,0.00037094776342350144,71,81,0.6260175886439601,False,[],False,[]
1-7,266,54,2,valid,127,80,0.0013017279552869354,,,,False,[],False,[]
1-7,267,54,3,valid,144,80,0.0041657105763730495,,,,False,[],False,[]
1-7,268,54,4,valid,118,80,0.006589843032242193,,,,False,[],False,[]
1-7,269,54,5,valid,118,80,0.008121664204114976,,,,False,[],False,[]
1-7,270,55,1,valid,80,80,0.00037094776342350144,71,81,0.6260175886439601,False,[],False,[]
1-7,271,55,2,valid,127,80,0.0012837808289003494,,,,False,[],False,[]
1-7,272,55,3,valid,144,80,0.004145227272030816,,,,False,[],False,[]
1-7,273,55,4,valid,118,80,0.006637115437009067,,,,False,[],False,[]
1-7,274,55,5,valid,118,80,0.008121664204114976,,,,False,[],False,[]
1-7,275,56,1,valid,80,80,0.00037094776342350144,71,81,0.6260175886439601,False,[],False,[]
1-7,276,56,2,valid,127,80,0.0012776247703480959,,,,False,[],False,[]
1-7,277,56,3,valid,144,80,0.004139166375898395,,,,False,[],False,[]
1-7,278,56,4,valid,118,80,0.0066515115848344575,,,,False,[],False,[]
1-7,279,56,5,valid,118,80,0.008121664204114976,,,,False,[],False,[]
1-7,280,57,1,valid,80,80,0.00037094776342350144,71,81,0.6260175886439601,False,[],False,[]
1-7,281,57,2,valid,127,80,0.0012724534234257456,,,,False,[],False,[]
1-7,282,57,3,valid,144,80,0.0041348173946541555,,,,False,[],False,[]
1-7,283,57,4,valid,118,80,0.006661793155504303,,,,False,[],False,[]
1-7,284,57,5,valid,118,80,0.008121664204114976,,,,False,[],False,[]
1-7,285,58,1,valid,80,80,0.00037094776342350144,71,81,0.6260175886439601,False,[],False,[]
1-7,286,58,2,valid,127,80,0.0012683639751720488,,,,False,[],False,[]
1-7,287,58,3,valid,144,80,0.0041319848639991275,,,,False,[],False,[]
1-7,288,58,4,valid,118,80,0.006668336576838185,,,,False,[],False,[]
1-7,289,58,5,valid,118,80,0.008121664204114976,,,,False,[],False,[]
1-7,290,59,1,valid,80,80,0.00037094776342350144,71,81,0.6260175886439601,False,[],False,[]
1-7,291,59,2,valid,127,80,0.0012494605455951602,,,,False,[],False,[]
1-7,292,59,3,valid,144,80,0.004119292497535176,,,,False,[],False,[]
1-7,293,59,4,valid,118,80,0.006698608641336756,,,,False,[],False,[]
1-7,294,59,5,valid,118,80,0.008121664204114976,,,,False,[],False,[]
1-7,295,60,1,valid,80,80,0.00037094776342350144,71,81,0.6260175886439601,False,[],False,[]
1-7,296,60,2,valid,127,80,0.0011815083299629991,,,,False,[],False,[]
1-7,297,60,3,valid,144,80,0.004079056988876006,,,,False,[],False,[]
1-7,298,60,4,valid,118,80,0.0068127682764222985,,,,False,[],False,[]
1-7,299,60,5,valid,118,80,0.008121664204114976,,,,False,[],False,[]
1-7,300,61,1,valid,80,80,0.00037094776342350144,71,81,0.6260175886439601,False,[],False,[]
1-7,301,61,2,valid,127,80,0.0010953050871940206,,,,False,[],False,[]
1-7,302,61,3,valid,144,80,0.004042871273599591,,,,False,[],False,[]
1-7,303,61,4,valid,118,80,0.006970219548608658,,,,False,[],False,[]
1-7,304,61,5,valid,118,80,0.008121664204114976,,,,False,[],False,[]
1-7,305,62,1,valid,80,80,0.00037094776342350144,71,81,0.6260175886439601,False,[],False,[]
1-7,306,62,2,valid,127,80,0.0009989897841176099,,,,False,[],False,[]
1-7,307,62,3,valid,144,80,0.004028372360199706,,,,False,[],False,[]
1-7,308,62,4,valid,118,80,0.007167638774211227,,,,False,[],False,[]
1-7,309,62,5,valid,118,80,0.008121664204114976,,,,False,[],False,[]
1-7,310,63,1,valid,80,80,0.00037094776342350144,71,81,0.6260175886439601,False,[],False,[]
1-7,311,63,2,valid,127,80,0.0009816935076554234,,,,False,[],False,[]
1-7,312,63,3,valid,144,80,0.004029876007777711,,,,False,[],False,[]
1-7,313,63,4,valid,118,80,0.007205279751069549,,,,False,[],False,[]
1-7,314,63,5,valid,118,80,0.008121664204114976,,,,False,[],False,[]
1-7,315,64,1,valid,80,80,0.00037094776342350144,71,81,0.6260175886439601,False,[],False,[]
1-7,316,64,2,valid,127,80,0.0009769163051553953,,,,False,[],False,[]
1-7,317,64,3,valid,144,80,0.004031198486497245,,,,False,[],False,[]
1-7,318,64,4,valid,118,80,0.007214548417316724,,,,False,[],False,[]
1-7,319,64,5,valid,118,80,0.008121664204114976,,,,False,[],False,[]
1-7,320,65,1,valid,80,80,0.00037094776342350144,71,81,0.6260175886439601,False,[],False,[]
1-7,321,65,2,valid,127,80,0.0009730082879930713,,,,False,[],False,[]
1-7,322,65,3,valid,144,80,0.004033044607745007,,,,False,[],False,[]
1-7,323,65,4,valid,118,80,0.0072208953227232975,,,,False,[],False,[]
1-7,324,65,5,valid,118,80,0.008121664204114976,,,,False,[],False,[]
1-7,325,66,1,valid,80,80,0.00037094776342350144,71,81,0.6260175886439601,False,[],False,[]
1-7,326,66,2,valid,127,80,0.0009692599820640968,,,,False,[],False,[]
1-7,327,66,3,valid,144,80,0.004035567455117017,,,,False,[],False,[]
1-7,328,66,4,valid,118,80,0.007225741007902409,,,,False,[],False,[]
1-7,329,66,5,valid,118,80,0.008121664204114976,,,,False,[],False,[]
1-7,330,67,1,valid,80,80,0.00037094776342350144,71,81,0.6260175886439601,False,[],False,[]
1-7,331,67,2,valid,127,80,0.0009505034517176547,,,,False,[],False,[]
1-7,332,67,3,valid,144,80,0.004051054613457006,,,,False,[],False,[]
1-7,333,67,4,valid,118,80,0.007250491145829208,,,,False,[],False,[]
1-7,334,67,5,valid,118,80,0.008121664204114976,,,,False,[],False,[]
1-7,335,68,1,valid,80,80,0.00037094776342350144,71,81,0.6260175886439601,False,[],False,[]
1-7,336,68,2,valid,127,80,0.0008501166394605519,127,80,1.254192920855821,False,[],False,[]
1-7,337,68,3,valid,144,80,0.0041893083224784355,,,,False,[],False,[]
1-7,338,68,4,valid,118,80,0.007393282761952169,,,,False,[],False,[]
1-7,339,68,5,valid,118,80,0.008121664204114976,,,,False,[],False,[]
1-7,340,69,1,valid,80,80,0.00037094776342350144,71,81,0.6260175886439601,False,[],False,[]
1-7,341,69,2,valid,127,80,0.0007432558375322085,127,80,1.2415427498520142,False,[],False,[]
1-7,342,69,3,valid,144,80,0.004478927153506174,,,,False,[],False,[]
1-7,343,69,4,valid,118,80,0.007574887418964726,,,,False,[],False,[]
1-7,344,69,5,valid,118,80,0.008121664204114976,,,,False,[],False,[]
1-7,345,70,1,valid,80,80,0.00037094776342350144,71,81,0.6260175886439601,False,[],False,[]
1-7,346,70,2,valid,127,80,0.0006727949281138956,127,80,1.232466210867159,False,[],False,[]
1-7,347,70,3,valid,144,80,0.004796278942343912,,,,False,[],False,[]
1-7,348,70,4,valid,118,80,0.007719638103770077,,,,False,[],False,[]
1-7,349,70,5,valid,118,80,0.008121664204114976,,,,False,[],False,[]
1-7,350,71,1,valid,80,80,0.00037094776342350144,71,81,0.6260175886439601,False,[],False,[]
1-7,351,71,2,valid,127,80,0.0006645093451795869,127,80,1.2313374216849835,False,[],False,[]
1-7,352,71,3,valid,144,80,0.004842215275182582,,,,False,[],False,[]
1-7,353,71,4,valid,118,80,0.007738068086444727,,,,False,[],False,[]
1-7,354,71,5,valid,118,80,0.008121664204114976,,,,False,[],False,[]
1-7,355,72,1,valid,80,80,0.00037094776342350144,71,81,0.6260175886439601,False,[],False,[]
1-7,356,72,2,valid,127,80,0.0006631887732476693,127,80,1.2311424801462845,False,[],False,[]
1-7,357,72,3,valid,144,80,0.0048491380801134465,,,,False,[],False,[]
1-7,358,72,4,valid,118,80,0.007740696560401661,,,,False,[],False,[]
1-7,359,72,5,valid,118,80,0.008121664204114976,,,,False,[],False,[]
1-7,360,73,1,valid,80,80,0.00037094776342350144,71,81,0.6260175886439601,False,[],False,[]
1-7,361,73,2,valid,127,80,0.0006620017617344764,127,80,1.2309517448893437,False,[],False,[]
1-7,362,73,3,valid,144,80,0.004854643549811577,,,,False,[],False,[]
1-7,363,73,4,valid,118,80,0.0077425189005301265,,,,False,[],False,[]
1-7,364,73,5,valid,118,80,0.008121664204114976,,,,False,[],False,[]
1-7,365,74,1,valid,80,80,0.00037094776342350144,71,81,0.6260175886439601,False,[],False,[]
1-7,366,74,2,valid,127,80,0.0006599398299814707,127,80,1.2305868557218749,False,[],False,[]
1-7,367,74,3,valid,144,80,0.004863986517415375,,,,False,[],False,[]
1-7,368,74,4,valid,118,80,0.007745463059102731,,,,False,[],False,[]
1-7,369,74,5,valid,118,80,0.008121664204114976,,,,False,[],False,[]
1-7,370,75,1,valid,80,80,0.00037094776342350144,71,81,0.6260175886439601,False,[],False,[]
1-7,371,75,2,valid,127,80,0.0006158793900080672,127,80,1.2217758437213602,False,[],False,[]
1-7,372,75,3,valid,235,80,0.0051108730303996985,,,,False,[],False,[]
1-7,373,75,4,valid,118,80,0.00782503450505967,,,,False,[],False,[]
1-7,374,75,5,valid,118,80,0.008121664204114976,,,,False,[],False,[]
1-7,375,76,1,valid,80,80,0.00037094776342350144,71,81,0.6260175886439601,False,[],False,[]
1-7,376,76,2,valid,127,80,0.0005877114332561995,127,80,1.213154495044468,False,[],False,[]
1-7,377,76,3,valid,118,80,0.005161273599743943,,,,False,[],False,[]
1-7,378,76,4,valid,161,80,0.00792547727536752,,,,False,[],False,[]
1-7,379,76,5,valid,118,80,0.008121664204114976,,,,False,[],False,[]
1-7,380,77,1,valid,80,80,0.00037094776342350144,71,81,0.6260175886439601,False,[],False,[]
1-7,381,77,2,valid,127,80,0.0005862030532023388,127,80,1.2122509211529757,False,[],False,[]
1-7,382,77,3,valid,118,80,0.005166882117439875,,,,False,[],False,[]
1-7,383,77,4,valid,161,80,0.007938224466584431,,,,False,[],False,[]
1-7,384,77,5,valid,118,80,0.008121664204114976,,,,False,[],False,[]
1-7,385,78,1,valid,80,80,0.00037094776342350144,71,81,0.6260175886439601,False,[],False,[]
1-7,386,78,2,valid,127,80,0.0005859768760305695,127,80,1.2120696172939964,False,[],False,[]
1-7,387,78,3,valid,118,80,0.0051676016036055206,,,,False,[],False,[]
1-7,388,78,4,valid,161,80,0.007941002189700841,,,,False,[],False,[]
1-7,389,78,5,valid,118,80,0.008121664204114976,,,,False,[],False,[]
1-7,390,79,1,valid,80,80,0.00037094776342350144,71,81,0.6260175886439601,False,[],False,[]
1-7,391,79,2,valid,127,80,0.0005859859541097467,127,80,1.2120520837791835,False,[],False,[]
1-7,392,79,3,valid,118,80,0.005167188725657024,,,,False,[],False,[]
1-7,393,79,4,valid,161,80,0.007941396940164713,,,,False,[],False,[]
1-7,394,79,5,valid,118,80,0.008121664204114976,,,,False,[],False,[]
1-7,395,80,1,valid,80,80,0.00037094776342350144,71,81,0.6260175886439601,False,[],False,[]
1-7,396,80,2,valid,127,80,0.0005866752012544385,127,80,1.2118169555324112,False,[],False,[]
1-7,397,80,3,valid,118,80,0.0051602583806913405,,,,False,[],False,[]
1-7,398,80,4,valid,161,80,0.007947294282172113,,,,False,[],False,[]
1-7,399,80,5,valid,118,80,0.008121664204114976,,,,False,[],False,[]
1-7,400,81,1,valid,80,80,0.00037094776342350144,71,81,0.6260175886439601,False,[],False,[]
1-7,401,81,2,valid,127,80,0.0006318246679750672,127,80,1.2087366788064515,False,[],False,[]
1-7,402,81,3,valid,144,80,0.004175474570916271,,,,False,[],False,[]
1-7,403,81,4,valid,161,80,0.008056139744405999,,,,False,[],False,[]
1-7,404,81,5,valid,118,80,0.008121664204114976,,,,False,[],False,[]
1-7,405,82,1,valid,80,80,0.00037094776342350144,71,81,0.6260175886439601,False,[],False,[]
1-7,406,82,2,valid,127,80,0.0006096125758896509,127,80,1.2094373927461968,False,[],False,[]
1-7,407,82,3,valid,144,80,0.004553827111188458,,,,False,[],False,[]
1-7,408,82,4,valid,161,80,0.00802003026173348,,,,False,[],False,[]
1-7,409,82,5,valid,118,80,0.008121664204114976,,,,False,[],False,[]
1-7,410,83,1,valid,80,80,0.00037094776342350144,71,81,0.6260175886439601,False,[],False,[]
1-7,411,83,2,valid,127,80,0.0005992929835870742,127,80,1.2099227226122478,False,[],False,[]
1-7,412,83,3,valid,144,80,0.004795752414073151,,,,False,[],False,[]
1-7,413,83,4,valid,161,80,0.007999017104828754,,,,False,[],False,[]
1-7,414,83,5,valid,118,80,0.008121664204114976,,,,False,[],False,[]
1-7,415,84,1,valid,80,80,0.00037094776342350144,71,81,0.6260175886439601,False,[],False,[]
1-7,416,84,2,valid,127,80,0.0005993402860530184,127,80,1.2098527155922874,False,[],False,[]
1-7,417,84,3,valid,144,80,0.0047894749139174575,,,,False,[],False,[]
1-7,418,84,4,valid,161,80,0.008000059736326781,,,,False,[],False,[]
1-7,419,84,5,valid,118,80,0.008121664204114976,,,,False,[],False,[]
1-7,420,85,1,valid,80,80,0.00037094776342350144,71,81,0.6260175886439601,False,[],False,[]
1-7,421,85,2,valid,127,80,0.0005990943283482597,127,80,1.2097845646119767,False,[],False,[]
1-7,422,85,3,valid,144,80,0.004789993133693771,,,,False,[],False,[]
1-7,423,85,4,valid,161,80,0.00800056795657611,,,,False,[],False,[]
1-7,424,85,5,valid,118,80,0.008121664204114976,,,,False,[],False,[]
1-7,425,86,1,valid,80,80,0.00037094776342350144,71,81,0.6260175886439601,False,[],False,[]
1-7,426,86,2,valid,127,80,0.0005988717357962026,127,80,1.209714952550587,False,[],False,[]
1-7,427,86,3,valid,144,80,0.004790355311526051,,,,False,[],False,[]
1-7,428,86,4,valid,161,80,0.008001159220504928,,,,False,[],False,[]
1-7,429,86,5,valid,118,80,0.008121664204114976,,,,False,[],False,[]
1-7,430,87,1,valid,80,80,0.00037094776342350144,71,81,0.6260175886439601,False,[],False,[]
1-7,431,87,2,valid,127,80,0.00059843903572665,127,80,1.2095791189058398,False,[],False,[]
1-7,432,87,3,valid,144,80,0.0047912296152747835,,,,False,[],False,[]
1-7,433,87,4,valid,161,80,0.008002305716224734,,,,False,[],False,[]
1-7,434,87,5,valid,118,80,0.008121664204114976,,,,False,[],False,[]
1-7,435,88,1,valid,80,80,0.00037094776342350144,71,81,0.6260175886439601,False,[],False,[]
1-7,436,88,2,valid,127,80,0.0005971653067843308,127,80,1.2091749458969878,False,[],False,[]
1-7,437,88,3,valid,144,80,0.004793831375526025,,,,False,[],False,[]
1-7,438,88,4,valid,161,80,0.008005744923192726,,,,False,[],False,[]
1-7,439,88,5,valid,118,80,0.008121664204114976,,,,False,[],False,[]
1-7,440,89,1,valid,80,80,0.00037094776342350144,71,81,0.6260175886439601,False,[],False,[]
1-7,441,89,2,valid,127,80,0.0005935197887959598,127,80,1.2079063116971516,False,[],False,[]
1-7,442,89,3,valid,144,80,0.004802073887330893,,,,False,[],False,[]
1-7,443,89,4,valid,161,80,0.00801676394473072,,,,False,[],False,[]
1-7,444,89,5,valid,118,80,0.008121664204114976,,,,False,[],False,[]
1-7,445,90,1,valid,80,80,0.00037094776342350144,71,81,0.6260175886439601,False,[],False,[]
1-7,446,90,2,valid,127,80,0.0005881401446776735,127,80,1.205489271257152,False,[],False,[]
1-7,447,90,3,valid,144,80,0.004818306166192277,,,,False,[],False,[]
1-7,448,90,4,valid,161,80,0.008038737142647245,,,,False,[],False,[]
1-7,449,90,5,valid,118,80,0.008121664204114976,,,,False,[],False,[]
1-7,450,91,1,valid,80,80,0.00037094776342350144,71,81,0.6260175886439601,False,[],False,[]
1-7,451,91,2,valid,0,81,0.0004348219694314537,127,80,1.18947111184644,False,[],False,[]
1-7,452,91,3,valid,144,80,0.004958785784351494,,,,False,[],False,[]
1-7,453,91,4,valid,161,80,0.008237929886933615,,,,False,[],False,[]
1-7,454,91,5,valid,118,80,0.008121664204114976,,,,False,[],False,[]
1-7,455,92,1,valid,80,80,0.00037094776342350144,71,81,0.6260175886439601,False,[],False,[]
1-7,456,92,2,valid,0,81,0.00043980811364474626,127,80,1.1897212121113883,False,[],False,[]
1-7,457,92,3,valid,144,80,0.004952408581643586,,,,False,[],False,[]
1-7,458,92,4,valid,161,80,0.008234071330003534,,,,False,[],False,[]
1-7,459,92,5,valid,118,80,0.008121664204114976,,,,False,[],False,[]
1-7,460,93,1,valid,80,80,0.00037094776342350144,71,81,0.6260175886439601,False,[],False,[]
1-7,461,93,2,valid,0,81,0.0004410761620023962,127,80,1.1898059113026986,False,[],False,[]
1-7,462,93,3,valid,144,80,0.004947348493433812,,,,False,[],False,[]
1-7,463,93,4,valid,161,80,0.008233170980010085,,,,False,[],False,[]
1-7,464,93,5,valid,118,80,0.008121664204114976,,,,False,[],False,[]
1-7,465,94,1,valid,80,80,0.00037094776342350144,71,81,0.6260175886439601,False,[],False,[]
1-7,466,94,2,valid,0,81,0.00044343979573913117,127,80,1.1899990458969303,False,[],False,[]
1-7,467,94,3,valid,144,80,0.0049321702997274786,,,,False,[],False,[]
1-7,468,94,4,valid,161,80,0.008231519675859222,,,,False,[],False,[]
1-7,469,94,5,valid,118,80,0.008121664204114976,,,,False,[],False,[]
1-7,470,95,1,valid,80,80,0.00037094776342350144,71,81,0.6260175886439601,False,[],False,[]
1-7,471,95,2,valid,0,81,0.0004585457941983506,127,80,1.1912221192304029,False,[],False,[]
1-7,472,95,3,valid,144,80,0.004835129265551963,,,,False,[],False,[]
1-7,473,95,4,valid,161,80,0.008222194179513531,,,,False,[],False,[]
1-7,474,95,5,valid,118,80,0.008121664204114976,,,,False,[],False,[]
1-7,475,96,1,valid,80,80,0.00037094776342350144,71,81,0.6260175886439601,False,[],False,[]
1-7,476,96,2,valid,0,81,0.0005151434754165907,127,80,1.1956764672339715,False,[],False,[]
1-7,477,96,3,valid,144,80,0.004518773086490069,,,,False,[],False,[]
1-7,478,96,4,valid,161,80,0.008192360213793215,,,,False,[],False,[]
1-7,479,96,5,valid,118,80,0.008121664204114976,,,,False,[],False,[]
1-7,480,97,1,valid,80,80,0.00037094776342350144,71,81,0.6260175886439601,False,[],False,[]
1-7,481,97,2,valid,0,81,0.0005260122563102154,127,80,1.1964958359706723,False,[],False,[]
1-7,482,97,3,valid,144,80,0.004465088990896371,,,,False,[],False,[]
1-7,483,97,4,valid,161,80,0.008188019281283765,,,,False,[],False,[]
1-7,484,97,5,valid,118,80,0.008121664204114976,,,,False,[],False,[]
1-7,485,98,1,valid,80,80,0.00037094776342350144,71,81,0.6260175886439601,False,[],False,[]
1-7,486,98,2,valid,0,81,0.0005342766467277826,127,80,1.1971122816011972,False,[],False,[]
1-7,487,98,3,valid,144,80,0.004424646157192735,,,,False,[],False,[]
1-7,488,98,4,valid,161,80,0.008185557057603154,,,,False,[],False,[]
1-7,489,98,5,valid,118,80,0.008121664204114976,,,,False,[],False,[]
1-7,490,99,1,valid,80,80,0.00037094776342350144,71,81,0.6260175886439601,False,[],False,[]
1-7,491,99,2,valid,0,81,0.0005350602402736104,127,80,1.1971697907858438,False,[],False,[]
1-7,492,99,3,valid,144,80,0.004419801217498631,,,,False,[],False,[]
1-7,493,99,4,valid,161,80,0.00818605407724371,,,,False,[],False,[]
1-7,494,99,5,valid,118,80,0.008121664204114976,,,,False,[],False,[]
1-7,495,100,1,valid,80,80,0.00037094776342350144,71,81,0.6260175886439601,False,[],False,[]
1-7,496,100,2,valid,0,81,0.0005351630730263679,127,80,1.1971736137276274,False,[],False,[]
1-7,497,100,3,valid,144,80,0.004417814813528764,,,,False,[],False,[]
1-7,498,100,4,valid,161,80,0.008187116609297274,,,,False,[],False,[]
1-7,499,100,5,valid,118,80,0.008121664204114976,,,,False,[],False,[]
1-7,500,101,1,valid,80,80,0.00037094776342350144,71,81,0.6260175886439601,False,[],False,[]
1-7,501,101,2,valid,0,81,0.0005391639800620407,127,80,1.1973152995717553,False,[],False,[]
1-7,502,101,3,valid,144,80,0.004337940830141385,,,,False,[],False,[]
1-7,503,101,4,valid,161,80,0.00823566733534209,,,,False,[],False,[]
1-7,504,101,5,valid,118,80,0.008121664204114976,,,,False,[],False,[]
1-7,505,102,1,valid,80,80,0.00037094776342350144,71,81,0.6260175886439601,False,[],False,[]
1-7,506,102,2,valid,0,81,0.0006313224516767413,127,80,1.2030018292442164,False,[],False,[]
1-7,507,102,3,valid,144,80,0.0037717456789564396,,,,False,[],False,[]
1-7,508,102,4,valid,161,80,0.00864744897914016,,,,False,[],False,[]
1-7,509,102,5,valid,118,80,0.008121664204114976,,,,False,[],False,[]
1-7,510,103,1,valid,80,80,0.00037094776342350144,71,81,0.6260175886439601,False,[],False,[]
1-7,511,103,2,valid,0,81,0.0008521912596943793,,,,False,[],False,[]
1-7,512,103,3,valid,144,80,0.0032261786522826963,,,,False,[],False,[]
1-7,513,103,4,valid,34,81,0.00902030219080352,,,,False,[],False,[]
1-7,514,103,5,valid,118,80,0.008121664204114976,,,,False,[],False,[]
1-7,515,104,1,valid,80,80,0.00037094776342350144,71,81,0.6260175886439601,False,[],False,[]
1-7,516,104,2,valid,0,81,0.0010623233693005663,,,,False,[],False,[]
1-7,517,104,3,valid,0,81,0.002901075049880797,,,,False,[],False,[]
1-7,518,104,4,valid,34,81,0.009288709892218971,,,,False,[],False,[]
1-7,519,104,5,valid,118,80,0.008121664204114976,,,,False,[],False,[]
1-7,520,105,1,valid,80,80,0.00037094776342350144,71,81,0.6260175886439601,False,[],False,[]
1-7,521,105,2,valid,0,81,0.001060961571301866,,,,False,[],False,[]
1-7,522,105,3,valid,0,81,0.0029062100781815925,,,,False,[],False,[]
1-7,523,105,4,valid,34,81,0.009279783847042422,,,,False,[],False,[]
1-7,524,105,5,valid,118,80,0.008121664204114976,,,,False,[],False,[]
1-7,525,106,1,valid,80,80,0.00037094776342350144,71,81,0.6260175886439601,False,[],False,[]
1-7,526,106,2,valid,0,81,0.001060963251889202,,,,False,[],False,[]
1-7,527,106,3,valid,0,81,0.002912614876670605,,,,False,[],False,[]
1-7,528,106,4,valid,34,81,0.009265379963904419,,,,False,[],False,[]
1-7,529,106,5,valid,118,80,0.008121664204114976,,,,False,[],False,[]
1-7,530,107,1,valid,80,80,0.00037094776342350144,71,81,0.6260175886439601,False,[],False,[]
1-7,531,107,2,valid,0,81,0.001063708596534152,,,,False,[],False,[]
1-7,532,107,3,valid,144,80,0.003104155877389103,,,,False,[],False,[]
1-7,533,107,4,valid,34,81,0.00882799514245447,,,,False,[],False,[]
1-7,534,107,5,valid,118,80,0.008121664204114976,,,,False,[],False,[]
1-7,535,108,1,valid,80,80,0.00037094776342350144,71,81,0.6260175886439601,False,[],False,[]
1-7,536,108,2,valid,0,81,0.0010671983935847118,,,,False,[],False,[]
1-7,537,108,3,valid,144,80,0.003274068185076473,,,,False,[],False,[]
1-7,538,108,4,valid,34,81,0.008506675412293996,,,,False,[],False,[]
1-7,539,108,5,valid,118,80,0.008121664204114976,,,,False,[],False,[]
1-7,540,109,1,valid,80,80,0.00037094776342350144,71,81,0.6260175886439601,False,[],False,[]
1-7,541,109,2,valid,0,81,0.0010683286227115563,,,,False,[],False,[]
1-7,542,109,3,valid,144,80,0.003317145331266036,,,,False,[],False,[]
1-7,543,109,4,valid,34,81,0.008436845223253164,,,,False,[],False,[]
1-7,544,109,5,valid,118,80,0.008121664204114976,,,,False,[],False,[]
1-7,545,110,1,valid,80,80,0.00037094776342350144,71,81,0.6260175886439601,False,[],False,[]
1-7,546,110,2,valid,0,81,0.001068466399112733,,,,False,[],False,[]
1-7,547,110,3,valid,144,80,0.0033174595588135736,,,,False,[],False,[]
1-7,548,110,4,valid,34,81,0.008437267498215384,,,,False,[],False,[]
1-7,549,110,5,valid,118,80,0.008121664204114976,,,,False,[],False,[]
1-7,550,111,1,valid,80,80,0.00037094776342350144,71,81,0.6260175886439601,False,[],False,[]
1-7,551,111,2,valid,0,81,0.0010691180360220542,,,,False,[],False,[]
1-7,552,111,3,valid,144,80,0.0033154566850654987,,,,False,[],False,[]
1-7,553,111,4,valid,34,81,0.008445622585697032,,,,False,[],False,[]
1-7,554,111,5,valid,118,80,0.008121664204114976,,,,False,[],False,[]
1-7,555,112,1,valid,80,80,0.00037094776342350144,71,81,0.6260175886439601,False,[],False,[]
1-7,556,112,2,valid,0,81,0.0011260364681279222,,,,False,[],False,[]
1-7,557,112,3,valid,0,81,0.003135458309308836,,,,False,[],False,[]
1-7,558,112,4,valid,34,81,0.009375054118674786,,,,False,[],False,[]
1-7,559,112,5,valid,118,80,0.008121664204114976,,,,False,[],False,[]
1-7,560,113,1,valid,80,80,0.00037094776342350144,71,81,0.6260175886439601,False,[],False,[]
1-7,561,113,2,valid,0,81,0.0011089401193394854,,,,False,[],False,[]
1-7,562,113,3,valid,144,80,0.0031975314662215926,,,,False,[],False,[]
1-7,563,113,4,valid,34,81,0.009050084211926768,,,,False,[],False,[]
1-7,564,113,5,valid,118,80,0.008121664204114976,,,,False,[],False,[]
1-6,0,1,1,test,92,80,0.0005459068504557463,201,81,0.593473605457071,False,[],False,[]
1-6,1,1,2,test,143,80,0.0008768234540951214,198,81,0.9854221692425578,False,[],False,[]
1-6,2,1,3,test,26,80,0.003941051616613178,,,,False,[],False,[]
1-6,3,1,4,test,170,80,0.004980774405717536,,,,False,[],False,[]
1-6,4,1,5,test,170,80,0.007196773339277263,,,,False,[],False,[]
1-6,5,2,1,test,92,80,0.0005459068504557463,201,81,0.593473605457071,False,[],False,[]
1-6,6,2,2,test,143,80,0.0012010623538016851,,,,False,[],False,[]
1-6,7,2,3,test,26,80,0.004601161549499189,,,,False,[],False,[]
1-6,8,2,4,test,170,80,0.0048962518774140484,,,,False,[],False,[]
1-6,9,2,5,test,170,80,0.007196773339277263,,,,False,[],False,[]
1-6,10,3,1,test,92,80,0.0005459068504557463,201,81,0.593473605457071,False,[],False,[]
1-6,11,3,2,test,26,80,0.001583046978210545,,,,False,[],False,[]
1-6,12,3,3,test,26,80,0.004873395719940055,,,,False,[],False,[]
1-6,13,3,4,test,170,80,0.004867677478322507,,,,False,[],False,[]
1-6,14,3,5,test,170,80,0.007196773339277263,,,,False,[],False,[]
1-6,15,4,1,test,92,80,0.0005459068504557463,201,81,0.593473605457071,False,[],False,[]
1-6,16,4,2,test,26,80,0.00156458858355224,,,,False,[],False,[]
1-6,17,4,3,test,26,80,0.004867606003818192,,,,False,[],False,[]
1-6,18,4,4,test,170,80,0.004869729709415016,,,,False,[],False,[]
1-6,19,4,5,test,170,80,0.007196773339277263,,,,False,[],False,[]
1-6,20,5,1,test,92,80,0.0005459068504557463,201,81,0.593473605457071,False,[],False,[]
1-6,21,5,2,test,26,80,0.0015733587481654432,,,,False,[],False,[]
1-6,22,5,3,test,26,80,0.0048765663843259865,,,,False,[],False,[]
1-6,23,5,4,test,170,80,0.004869784696190038,,,,False,[],False,[]
1-6,24,5,5,test,170,80,0.007196773339277263,,,,False,[],False,[]
1-6,25,6,1,test,92,80,0.0005459068504557463,201,81,0.593473605457071,False,[],False,[]
1-6,26,6,2,test,26,80,0.0015741676803939786,,,,False,[],False,[]
1-6,27,6,3,test,26,80,0.004888062866260201,,,,False,[],False,[]
1-6,28,6,4,test,170,80,0.00487169201163562,,,,False,[],False,[]
1-6,29,6,5,test,170,80,0.007196773339277263,,,,False,[],False,[]
1-6,30,7,1,test,92,80,0.0005459068504557463,201,81,0.593473605457071,False,[],False,[]
1-6,31,7,2,test,26,80,0.0015750535410876676,,,,False,[],False,[]
1-6,32,7,3,test,26,80,0.004899414822214121,,,,False,[],False,[]
1-6,33,7,4,test,170,80,0.00487358172087804,,,,False,[],False,[]
1-6,34,7,5,test,170,80,0.007196773339277263,,,,False,[],False,[]
1-6,35,8,1,test,92,80,0.0005459068504557463,201,81,0.593473605457071,False,[],False,[]
1-6,36,8,2,test,26,80,0.0015769505220857294,,,,False,[],False,[]
1-6,37,8,3,test,26,80,0.004921717768480827,,,,False,[],False,[]
1-6,38,8,4,test,170,80,0.004877394828304182,,,,False,[],False,[]
1-6,39,8,5,test,170,80,0.007196773339277263,,,,False,[],False,[]
1-6,40,9,1,test,92,80,0.0005459068504557463,201,81,0.593473605457071,False,[],False,[]
1-6,41,9,2,test,26,80,0.0015809815719282083,,,,False,[],False,[]
1-6,42,9,3,test,26,80,0.004973820434901022,,,,False,[],False,[]
1-6,43,9,4,test,170,80,0.004886942588698373,,,,False,[],False,[]
1-6,44,9,5,test,170,80,0.007196773339277263,,,,False,[],False,[]
1-6,45,10,1,test,92,80,0.0005459068504557463,201,81,0.593473605457071,False,[],False,[]
1-6,46,10,2,test,26,80,0.0015900336484030442,,,,False,[],False,[]
1-6,47,10,3,test,26,80,0.005067247768097416,,,,False,[],False,[]
1-6,48,10,4,test,170,80,0.004906130709277479,,,,False,[],False,[]
1-6,49,10,5,test,170,80,0.007196773339277263,,,,False,[],False,[]
1-6,50,11,1,test,92,80,0.0005459068504557463,201,81,0.593473605457071,False,[],False,[]
1-6,51,11,2,test,26,80,0.001604666590096837,,,,False,[],False,[]
1-6,52,11,3,test,26,80,0.005183367895920221,,,,False,[],False,[]
1-6,53,11,4,test,170,80,0.004933064474903381,,,,False,[],False,[]
1-6,54,11,5,test,170,80,0.007196773339277263,,,,False,[],False,[]
1-6,55,12,1,test,92,80,0.0005459068504557463,201,81,0.593473605457071,False,[],False,[]
1-6,56,12,2,test,26,80,0.0016411423549425042,,,,False,[],False,[]
1-6,57,12,3,test,26,80,0.005380565825070516,,,,False,[],False,[]
1-6,58,12,4,test,170,80,0.004989781021601303,,,,False,[],False,[]
1-6,59,12,5,test,170,80,0.007196773339277263,,,,False,[],False,[]
1-6,60,13,1,test,92,80,0.0005459068504557463,201,81,0.593473605457071,False,[],False,[]
1-6,61,13,2,test,26,80,0.001654800570241477,,,,False,[],False,[]
1-6,62,13,3,test,26,80,0.0054290045513539775,,,,False,[],False,[]
1-6,63,13,4,test,170,80,0.005006834639301849,,,,False,[],False,[]
1-6,64,13,5,test,170,80,0.007196773339277263,,,,False,[],False,[]
1-6,65,14,1,test,92,80,0.0005459068504557463,201,81,0.593473605457071,False,[],False,[]
1-6,66,14,2,test,26,80,0.001663965942891532,,,,False,[],False,[]
1-6,67,14,3,test,26,80,0.0054494706851420105,,,,False,[],False,[]
1-6,68,14,4,test,170,80,0.005015656688862724,,,,False,[],False,[]
1-6,69,14,5,test,170,80,0.007196773339277263,,,,False,[],False,[]
1-6,70,15,1,test,92,80,0.0005459068504557463,201,81,0.593473605457071,False,[],False,[]
1-6,71,15,2,test,26,80,0.0016736100837381196,,,,False,[],False,[]
1-6,72,15,3,test,26,80,0.00546287132499057,,,,False,[],False,[]
1-6,73,15,4,test,170,80,0.00502308733360457,,,,False,[],False,[]
1-6,74,15,5,test,170,80,0.007196773339277263,,,,False,[],False,[]
1-6,75,16,1,test,92,80,0.0005459068504557463,201,81,0.593473605457071,False,[],False,[]
1-6,76,16,2,test,26,80,0.0016820962230807979,,,,False,[],False,[]
1-6,77,16,3,test,26,80,0.005468752820350531,,,,False,[],False,[]
1-6,78,16,4,test,170,80,0.005028221539080557,,,,False,[],False,[]
1-6,79,16,5,test,170,80,0.007196773339277263,,,,False,[],False,[]
1-6,80,17,1,test,92,80,0.0005459068504557463,201,81,0.593473605457071,False,[],False,[]
1-6,81,17,2,test,26,80,0.001723123034104379,,,,False,[],False,[]
1-6,82,17,3,test,26,80,0.005492163414840157,,,,False,[],False,[]
1-6,83,17,4,test,170,80,0.005052720350652962,,,,False,[],False,[]
1-6,84,17,5,test,170,80,0.007196773339277263,,,,False,[],False,[]
1-6,85,18,1,test,92,80,0.0005459068504557463,201,81,0.593473605457071,False,[],False,[]
1-6,86,18,2,test,26,80,0.0018244949270348476,,,,False,[],False,[]
1-6,87,18,3,test,170,80,0.005526901152481778,,,,False,[],False,[]
1-6,88,18,4,test,170,80,0.005118225625426853,,,,False,[],False,[]
1-6,89,18,5,test,170,80,0.007196773339277263,,,,False,[],False,[]
1-6,90,19,1,test,92,80,0.0005459068504557463,201,81,0.593473605457071,False,[],False,[]
1-6,91,19,2,test,26,80,0.001964860803123747,,,,False,[],False,[]
1-6,92,19,3,test,170,80,0.005568377218613696,,,,False,[],False,[]
1-6,93,19,4,test,170,80,0.005217021510494524,,,,False,[],False,[]
1-6,94,19,5,test,170,80,0.007196773339277263,,,,False,[],False,[]
1-6,95,20,1,test,92,80,0.0005459068504557463,201,81,0.593473605457071,False,[],False,[]
1-6,96,20,2,test,26,80,0.00217105093951131,,,,False,[],False,[]
1-6,97,20,3,test,170,80,0.005621832688435635,,,,False,[],False,[]
1-6,98,20,4,test,170,80,0.005379178397748374,,,,False,[],False,[]
1-6,99,20,5,test,170,80,0.007196773339277263,,,,False,[],False,[]
1-6,100,21,1,test,92,80,0.0005459068504557463,201,81,0.593473605457071,False,[],False,[]
1-6,101,21,2,test,26,80,0.0022112523505436465,,,,False,[],False,[]
1-6,102,21,3,test,170,80,0.005630785679442196,,,,False,[],False,[]
1-6,103,21,4,test,170,80,0.005412873869012902,,,,False,[],False,[]
1-6,104,21,5,test,170,80,0.007196773339277263,,,,False,[],False,[]
1-6,105,22,1,test,92,80,0.0005459068504557463,201,81,0.593473605457071,False,[],False,[]
1-6,106,22,2,test,26,80,0.002227030220497195,,,,False,[],False,[]
1-6,107,22,3,test,170,80,0.005633441593279831,,,,False,[],False,[]
1-6,108,22,4,test,170,80,0.00542686190923225,,,,False,[],False,[]
1-6,109,22,5,test,170,80,0.007196773339277263,,,,False,[],False,[]
1-6,110,23,1,test,92,80,0.0005459068504557463,201,81,0.593473605457071,False,[],False,[]
1-6,111,23,2,test,26,80,0.0022380768705594356,,,,False,[],False,[]
1-6,112,23,3,test,170,80,0.005634443624295327,,,,False,[],False,[]
1-6,113,23,4,test,170,80,0.005437440573855978,,,,False,[],False,[]
1-6,114,23,5,test,170,80,0.007196773339277263,,,,False,[],False,[]
1-6,115,24,1,test,92,80,0.0005459068504557463,201,81,0.593473605457071,False,[],False,[]
1-6,116,24,2,test,26,80,0.002245282290992634,,,,False,[],False,[]
1-6,117,24,3,test,170,80,0.005634172131418036,,,,False,[],False,[]
1-6,118,24,4,test,170,80,0.005445187387107309,,,,False,[],False,[]
1-6,119,24,5,test,170,80,0.007196773339277263,,,,False,[],False,[]
1-6,120,25,1,test,92,80,0.0005459068504557463,201,81,0.593473605457071,False,[],False,[]
1-6,121,25,2,test,26,80,0.0022833691038947057,,,,False,[],False,[]
1-6,122,25,3,test,170,80,0.005632635500118055,,,,False,[],False,[]
1-6,123,25,4,test,170,80,0.005487895518294872,,,,False,[],False,[]
1-6,124,25,5,test,170,80,0.007196773339277263,,,,False,[],False,[]
1-6,125,26,1,test,92,80,0.0005459068504557463,201,81,0.593473605457071,False,[],False,[]
1-6,126,26,2,test,26,80,0.002372890447400744,,,,False,[],False,[]
1-6,127,26,3,test,26,80,0.005613988428961658,,,,False,[],False,[]
1-6,128,26,4,test,170,80,0.005593631916011588,,,,False,[],False,[]
1-6,129,26,5,test,170,80,0.007196773339277263,,,,False,[],False,[]
1-6,130,27,1,test,92,80,0.0005459068504557463,201,81,0.593473605457071,False,[],False,[]
1-6,131,27,2,test,26,80,0.0024791178185329388,,,,False,[],False,[]
1-6,132,27,3,test,26,80,0.005554428009439394,,,,False,[],False,[]
1-6,133,27,4,test,170,80,0.005726989736753119,,,,False,[],False,[]
1-6,134,27,5,test,170,80,0.007196773339277263,,,,False,[],False,[]
1-6,135,28,1,test,92,80,0.0005459068504557463,201,81,0.593473605457071,False,[],False,[]
1-6,136,28,2,test,26,80,0.0025965393100740863,,,,False,[],False,[]
1-6,137,28,3,test,26,80,0.005486223430680948,,,,False,[],False,[]
1-6,138,28,4,test,170,80,0.005881450446782566,,,,False,[],False,[]
1-6,139,28,5,test,170,80,0.007196773339277263,,,,False,[],False,[]
1-6,140,29,1,test,92,80,0.0005459068504557463,201,81,0.593473605457071,False,[],False,[]
1-6,141,29,2,test,26,80,0.002612984249704464,,,,False,[],False,[]
1-6,142,29,3,test,26,80,0.0054736417212137845,,,,False,[],False,[]
1-6,143,29,4,test,170,80,0.005906017669856989,,,,False,[],False,[]
1-6,144,29,5,test,170,80,0.007196773339277263,,,,False,[],False,[]
1-6,145,30,1,test,92,80,0.0005459068504557463,201,81,0.593473605457071,False,[],False,[]
1-6,146,30,2,test,26,80,0.0026176668918443946,,,,False,[],False,[]
1-6,147,30,3,test,26,80,0.005467439749276215,,,,False,[],False,[]
1-6,148,30,4,test,170,80,0.005915766038090742,,,,False,[],False,[]
1-6,149,30,5,test,170,80,0.007196773339277263,,,,False,[],False,[]
1-6,150,31,1,test,92,80,0.0005459068504557463,201,81,0.593473605457071,False,[],False,[]
1-6,151,31,2,test,26,80,0.0026195412830050113,,,,False,[],False,[]
1-6,152,31,3,test,26,80,0.005459504460915143,,,,False,[],False,[]
1-6,153,31,4,test,170,80,0.0059238161844225035,,,,False,[],False,[]
1-6,154,31,5,test,170,80,0.007196773339277263,,,,False,[],False,[]
1-6,155,32,1,test,92,80,0.0005459068504557463,201,81,0.593473605457071,False,[],False,[]
1-6,156,32,2,test,26,80,0.0026191190855844315,,,,False,[],False,[]
1-6,157,32,3,test,26,80,0.005449280046618377,,,,False,[],False,[]
1-6,158,32,4,test,170,80,0.005931726861050368,,,,False,[],False,[]
1-6,159,32,5,test,170,80,0.007196773339277263,,,,False,[],False,[]
1-6,160,33,1,test,92,80,0.0005459068504557463,201,81,0.593473605457071,False,[],False,[]
1-6,161,33,2,test,26,80,0.002613867194546482,,,,False,[],False,[]
1-6,162,33,3,test,26,80,0.005369784930581711,,,,False,[],False,[]
1-6,163,33,4,test,170,80,0.005991874110230722,,,,False,[],False,[]
1-6,164,33,5,test,170,80,0.007196773339277263,,,,False,[],False,[]
1-6,165,34,1,test,92,80,0.0005459068504557463,201,81,0.593473605457071,False,[],False,[]
1-6,166,34,2,test,143,80,0.0026011660435314443,,,,False,[],False,[]
1-6,167,34,3,test,26,80,0.005176340767132581,,,,False,[],False,[]
1-6,168,34,4,test,170,80,0.006142751320061812,,,,False,[],False,[]
1-6,169,34,5,test,170,80,0.007196773339277263,,,,False,[],False,[]
1-6,170,35,1,test,92,80,0.0005459068504557463,201,81,0.593473605457071,False,[],False,[]
1-6,171,35,2,test,143,80,0.0025897033326629515,,,,False,[],False,[]
1-6,172,35,3,test,26,80,0.0050034827852143415,,,,False,[],False,[]
1-6,173,35,4,test,170,80,0.006284574903736795,,,,False,[],False,[]
1-6,174,35,5,test,170,80,0.007196773339277263,,,,False,[],False,[]
1-6,175,36,1,test,92,80,0.0005459068504557463,201,81,0.593473605457071,False,[],False,[]
1-6,176,36,2,test,143,80,0.0025824169272575803,,,,False,[],False,[]
1-6,177,36,3,test,26,80,0.004881574064236505,,,,False,[],False,[]
1-6,178,36,4,test,170,80,0.00638867032115642,,,,False,[],False,[]
1-6,179,36,5,test,170,80,0.007196773339277263,,,,False,[],False,[]
1-6,180,37,1,test,92,80,0.0005459068504557463,201,81,0.593473605457071,False,[],False,[]
1-6,181,37,2,test,143,80,0.0025802022825371917,,,,False,[],False,[]
1-6,182,37,3,test,26,80,0.004866121758460684,,,,False,[],False,[]
1-6,183,37,4,test,170,80,0.006400146548041108,,,,False,[],False,[]
1-6,184,37,5,test,170,80,0.007196773339277263,,,,False,[],False,[]
1-6,185,38,1,test,92,80,0.0005459068504557463,201,81,0.593473605457071,False,[],False,[]
1-6,186,38,2,test,143,80,0.002577818898617412,,,,False,[],False,[]
1-6,187,38,3,test,26,80,0.004858121565769591,,,,False,[],False,[]
1-6,188,38,4,test,170,80,0.006404196299154563,,,,False,[],False,[]
1-6,189,38,5,test,170,80,0.007196773339277263,,,,False,[],False,[]
1-6,190,39,1,test,92,80,0.0005459068504557463,201,81,0.593473605457071,False,[],False,[]
1-6,191,39,2,test,143,80,0.0025736974684010816,,,,False,[],False,[]
1-6,192,39,3,test,26,80,0.004847639186786656,,,,False,[],False,[]
1-6,193,39,4,test,170,80,0.006407730783750232,,,,False,[],False,[]
1-6,194,39,5,test,170,80,0.007196773339277263,,,,False,[],False,[]
1-6,195,40,1,test,92,80,0.0005459068504557463,201,81,0.593473605457071,False,[],False,[]
1-6,196,40,2,test,143,80,0.002565202977815595,,,,False,[],False,[]
1-6,197,40,3,test,26,80,0.004828333562847842,,,,False,[],False,[]
1-6,198,40,4,test,170,80,0.006413033287607117,,,,False,[],False,[]
1-6,199,40,5,test,170,80,0.007196773339277263,,,,False,[],False,[]
1-6,200,41,1,test,92,80,0.0005459068504557463,201,81,0.593473605457071,False,[],False,[]
1-6,201,41,2,test,143,80,0.0024693765345302765,,,,False,[],False,[]
1-6,202,41,3,test,26,80,0.004614505978077776,,,,False,[],False,[]
1-6,203,41,4,test,170,80,0.006475877739254843,,,,False,[],False,[]
1-6,204,41,5,test,170,80,0.007196773339277263,,,,False,[],False,[]
1-6,205,42,1,test,92,80,0.0005459068504557463,201,81,0.593473605457071,False,[],False,[]
1-6,206,42,2,test,143,80,0.0022852838944286136,4,80,2.8294283507958906,False,[],False,[]
1-6,207,42,3,test,26,80,0.004249183956302693,,,,False,[],False,[]
1-6,208,42,4,test,170,80,0.006620284170540058,,,,False,[],False,[]
1-6,209,42,5,test,170,80,0.007196773339277263,,,,False,[],False,[]
1-6,210,43,1,test,92,80,0.0005459068504557463,201,81,0.593473605457071,False,[],False,[]
1-6,211,43,2,test,143,80,0.0021756508263142127,4,80,2.824263147622479,False,[],False,[]
1-6,212,43,3,test,26,80,0.0040897563333194276,,,,False,[],False,[]
1-6,213,43,4,test,170,80,0.006728993622050039,,,,False,[],False,[]
1-6,214,43,5,test,170,80,0.007196773339277263,,,,False,[],False,[]
1-6,215,44,1,test,92,80,0.0005459068504557463,201,81,0.593473605457071,False,[],False,[]
1-6,216,44,2,test,143,80,0.0021299934630821804,4,80,2.822062465111407,False,[],False,[]
1-6,217,44,3,test,26,80,0.004046324172688021,,,,False,[],False,[]
1-6,218,44,4,test,170,80,0.006781756733041822,,,,False,[],False,[]
1-6,219,44,5,test,170,80,0.007196773339277263,,,,False,[],False,[]
1-6,220,45,1,test,92,80,0.0005459068504557463,201,81,0.593473605457071,False,[],False,[]
1-6,221,45,2,test,143,80,0.002126822183733834,4,80,2.8218847209681095,False,[],False,[]
1-6,222,45,3,test,26,80,0.004043499700231434,,,,False,[],False,[]
1-6,223,45,4,test,170,80,0.006785788443053664,,,,False,[],False,[]
1-6,224,45,5,test,170,80,0.007196773339277263,,,,False,[],False,[]
1-6,225,46,1,test,92,80,0.0005459068504557463,201,81,0.593473605457071,False,[],False,[]
1-6,226,46,2,test,143,80,0.0021255704692015875,4,80,2.821788136484935,False,[],False,[]
1-6,227,46,3,test,26,80,0.004041880567177802,,,,False,[],False,[]
1-6,228,46,4,test,170,80,0.0067874835726944305,,,,False,[],False,[]
1-6,229,46,5,test,170,80,0.007196773339277263,,,,False,[],False,[]
1-6,230,47,1,test,92,80,0.0005459068504557463,201,81,0.593473605457071,False,[],False,[]
1-6,231,47,2,test,143,80,0.002123791275914333,4,80,2.8216140450582836,False,[],False,[]
1-6,232,47,3,test,26,80,0.004038876239232159,,,,False,[],False,[]
1-6,233,47,4,test,170,80,0.006790130041869125,,,,False,[],False,[]
1-6,234,47,5,test,170,80,0.007196773339277263,,,,False,[],False,[]
1-6,235,48,1,test,92,80,0.0005459068504557463,201,81,0.593473605457071,False,[],False,[]
1-6,236,48,2,test,143,80,0.0021191509729210356,4,80,2.821115049310961,False,[],False,[]
1-6,237,48,3,test,26,80,0.004030396015763715,,,,False,[],False,[]
1-6,238,48,4,test,170,80,0.0067971333542078405,,,,False,[],False,[]
1-6,239,48,5,test,170,80,0.007196773339277263,,,,False,[],False,[]
1-6,240,49,1,test,92,80,0.0005459068504557463,201,81,0.593473605457071,False,[],False,[]
1-6,241,49,2,test,176,81,0.001931662013633817,4,80,2.8145387138688625,False,[],False,[]
1-6,242,49,3,test,26,80,0.003973735572558423,,,,False,[],False,[]
1-6,243,49,4,test,170,80,0.0069019083832699835,,,,False,[],False,[]
1-6,244,49,5,test,170,80,0.007196773339277263,,,,False,[],False,[]
1-6,245,50,1,test,92,80,0.0005459068504557463,201,81,0.593473605457071,False,[],False,[]
1-6,246,50,2,test,176,81,0.0017360192186280932,4,80,2.809437398878945,False,[],False,[]
1-6,247,50,3,test,26,80,0.0040319179636418845,,,,False,[],False,[]
1-6,248,50,4,test,170,80,0.007002317372207023,,,,False,[],False,[]
1-6,249,50,5,test,170,80,0.007196773339277263,,,,False,[],False,[]
1-6,250,51,1,test,92,80,0.0005459068504557463,201,81,0.593473605457071,False,[],False,[]
1-6,251,51,2,test,176,81,0.0017010274424622551,4,80,2.808526429401029,False,[],False,[]
1-6,252,51,3,test,26,80,0.004053199551133924,,,,False,[],False,[]
1-6,253,51,4,test,170,80,0.007022906756011693,,,,False,[],False,[]
1-6,254,51,5,test,170,80,0.007196773339277263,,,,False,[],False,[]
1-6,255,52,1,test,92,80,0.0005459068504557463,201,81,0.593473605457071,False,[],False,[]
1-6,256,52,2,test,176,81,0.001692321722161716,4,80,2.8083096565512364,False,[],False,[]
1-6,257,52,3,test,26,80,0.004055744446989751,,,,False,[],False,[]
1-6,258,52,4,test,170,80,0.007028156442156708,,,,False,[],False,[]
1-6,259,52,5,test,170,80,0.007196773339277263,,,,False,[],False,[]
1-6,260,53,1,test,92,80,0.0005459068504557463,201,81,0.593473605457071,False,[],False,[]
1-6,261,53,2,test,176,81,0.0016913644311207232,4,80,2.8082956133420165,False,[],False,[]
1-6,262,53,3,test,26,80,0.004052558338504708,,,,False,[],False,[]
1-6,263,53,4,test,170,80,0.007028709872570871,,,,False,[],False,[]
1-6,264,53,5,test,170,80,0.007196773339277263,,,,False,[],False,[]
1-6,265,54,1,test,92,80,0.0005459068504557463,201,81,0.593473605457071,False,[],False,[]
1-6,266,54,2,test,176,81,0.00168716769771049,4,80,2.8082448029556333,False,[],False,[]
1-6,267,54,3,test,26,80,0.0040272271578554175,,,,False,[],False,[]
1-6,268,54,4,test,170,80,0.007031426833448151,,,,False,[],False,[]
1-6,269,54,5,test,170,80,0.007196773339277263,,,,False,[],False,[]
1-6,270,55,1,test,92,80,0.0005459068504557463,201,81,0.593473605457071,False,[],False,[]
1-6,271,55,2,test,176,81,0.0015381853970807269,4,80,2.8068759521627595,False,[],False,[]
1-6,272,55,3,test,26,80,0.0031906147687078557,,,,False,[],False,[]
1-6,273,55,4,test,170,80,0.0071765218999441105,,,,False,[],False,[]
1-6,274,55,5,test,170,80,0.007196773339277263,,,,False,[],False,[]
1-6,275,56,1,test,92,80,0.0005459068504557463,201,81,0.593473605457071,False,[],False,[]
1-6,276,56,2,test,176,81,0.0015738154679548755,4,80,2.8071069756866645,False,[],False,[]
1-6,277,56,3,test,26,80,0.003399113209257676,,,,False,[],False,[]
1-6,278,56,4,test,170,80,0.007126122760360731,,,,False,[],False,[]
1-6,279,56,5,test,170,80,0.007196773339277263,,,,False,[],False,[]
1-6,280,57,1,test,92,80,0.0005459068504557463,201,81,0.593473605457071,False,[],False,[]
1-6,281,57,2,test,176,81,0.0015822049904468116,4,80,2.8071722518674385,False,[],False,[]
1-6,282,57,3,test,26,80,0.003462979444947445,,,,False,[],False,[]
1-6,283,57,4,test,170,80,0.007113812788566376,,,,False,[],False,[]
1-6,284,57,5,test,170,80,0.007196773339277263,,,,False,[],False,[]
1-6,285,58,1,test,92,80,0.0005459068504557463,201,81,0.593473605457071,False,[],False,[]
1-6,286,58,2,test,176,81,0.0015806143931529348,4,80,2.8071576240371985,False,[],False,[]
1-6,287,58,3,test,26,80,0.0034691926356589242,,,,False,[],False,[]
1-6,288,58,4,test,170,80,0.007113002831113491,,,,False,[],False,[]
1-6,289,58,5,test,170,80,0.007196773339277263,,,,False,[],False,[]
1-6,290,59,1,test,92,80,0.0005459068504557463,201,81,0.593473605457071,False,[],False,[]
1-6,291,59,2,test,176,81,0.0015778628110724169,4,80,2.8071335858310174,False,[],False,[]
1-6,292,59,3,test,26,80,0.0034697350556207596,,,,False,[],False,[]
1-6,293,59,4,test,170,80,0.007113276506316435,,,,False,[],False,[]
1-6,294,59,5,test,170,80,0.007196773339277263,,,,False,[],False,[]
1-6,295,60,1,test,92,80,0.0005459068504557463,201,81,0.593473605457071,False,[],False,[]
1-6,296,60,2,test,176,81,0.0014521902749209392,4,80,2.80599139125477,False,[],False,[]
1-6,297,60,3,test,26,80,0.0035001781418754208,,,,False,[],False,[]
1-6,298,60,4,test,170,80,0.00712664155076892,,,,False,[],False,[]
1-6,299,60,5,test,170,80,0.007196773339277263,,,,False,[],False,[]
1-6,300,61,1,test,92,80,0.0005459068504557463,201,81,0.593473605457071,False,[],False,[]
1-6,301,61,2,test,176,81,0.0012295599518543643,4,80,2.8040775175919848,False,[],False,[]
1-6,302,61,3,test,26,80,0.0035605142065979756,,,,False,[],False,[]
1-6,303,61,4,test,170,80,0.007153146758227091,,,,False,[],False,[]
1-6,304,61,5,test,170,80,0.007196773339277263,,,,False,[],False,[]
1-6,305,62,1,test,92,80,0.0005459068504557463,201,81,0.593473605457071,False,[],False,[]
1-6,306,62,2,test,176,81,0.001207580713292078,4,80,2.803886686320783,False,[],False,[]
1-6,307,62,3,test,26,80,0.0035655419534907917,,,,False,[],False,[]
1-6,308,62,4,test,170,80,0.007156196049387775,,,,False,[],False,[]
1-6,309,62,5,test,170,80,0.007196773339277263,,,,False,[],False,[]
1-6,310,63,1,test,92,80,0.0005459068504557463,201,81,0.593473605457071,False,[],False,[]
1-6,311,63,2,test,176,81,0.0011449543420248842,4,80,2.8033723533210204,False,[],False,[]
1-6,312,63,3,test,26,80,0.0035832310428631775,,,,False,[],False,[]
1-6,313,63,4,test,170,80,0.007164765459409139,,,,False,[],False,[]
1-6,314,63,5,test,170,80,0.007196773339277263,,,,False,[],False,[]
1-6,315,64,1,test,92,80,0.0005459068504557463,201,81,0.593473605457071,False,[],False,[]
1-6,316,64,2,test,176,81,0.0011430343735794324,4,80,2.8033445995654733,False,[],False,[]
1-6,317,64,3,test,26,80,0.0035818739385293785,,,,False,[],False,[]
1-6,318,64,4,test,170,80,0.007165271557030506,,,,False,[],False,[]
1-6,319,64,5,test,170,80,0.007196773339277263,,,,False,[],False,[]
1-6,320,65,1,test,92,80,0.0005459068504557463,201,81,0.593473605457071,False,[],False,[]
1-6,321,65,2,test,176,81,0.001137519062482495,4,80,2.8032363142638297,False,[],False,[]
1-6,322,65,3,test,26,80,0.0035742744975804097,,,,False,[],False,[]
1-6,323,65,4,test,170,80,0.007167295190670497,,,,False,[],False,[]
1-6,324,65,5,test,170,80,0.007196773339277263,,,,False,[],False,[]
1-6,325,66,1,test,92,80,0.0005459068504557463,201,81,0.593473605457071,False,[],False,[]
1-6,326,66,2,test,176,81,0.0011315096799155988,4,80,2.803122273082572,False,[],False,[]
1-6,327,66,3,test,26,80,0.0035663922417751293,,,,False,[],False,[]
1-6,328,66,4,test,170,80,0.007169446835199711,,,,False,[],False,[]
1-6,329,66,5,test,170,80,0.007196773339277263,,,,False,[],False,[]
1-6,330,67,1,test,92,80,0.0005459068504557463,201,81,0.593473605457071,False,[],False,[]
1-6,331,67,2,test,176,81,0.0011223860647633366,4,80,2.802942888266162,False,[],False,[]
1-6,332,67,3,test,26,80,0.003553415314524244,,,,False,[],False,[]
1-6,333,67,4,test,170,80,0.007172887330511468,,,,False,[],False,[]
1-6,334,67,5,test,170,80,0.007196773339277263,,,,False,[],False,[]
1-6,335,68,1,test,92,80,0.0005459068504557463,201,81,0.593473605457071,False,[],False,[]
1-6,336,68,2,test,176,81,0.0010991120842196445,4,80,2.8024870581332673,False,[],False,[]
1-6,337,68,3,test,26,80,0.0035201218742569873,,,,False,[],False,[]
1-6,338,68,4,test,170,80,0.00718192466057721,,,,False,[],False,[]
1-6,339,68,5,test,170,80,0.007196773339277263,,,,False,[],False,[]
1-6,340,69,1,test,92,80,0.0005459068504557463,201,81,0.593473605457071,False,[],False,[]
1-6,341,69,2,test,176,81,0.0010332640218919664,4,80,2.8012012271865774,False,[],False,[]
1-6,342,69,3,test,26,80,0.0034222631790142843,,,,False,[],False,[]
1-6,343,69,4,test,170,80,0.007210076848252367,,,,False,[],False,[]
1-6,344,69,5,test,170,80,0.007196773339277263,,,,False,[],False,[]
1-6,345,70,1,test,92,80,0.0005459068504557463,201,81,0.593473605457071,False,[],False,[]
1-6,346,70,2,test,176,81,0.000988148890714191,4,80,2.800332595250886,False,[],False,[]
1-6,347,70,3,test,26,80,0.0033529354304453474,,,,False,[],False,[]
1-6,348,70,4,test,170,80,0.007231866141871546,,,,False,[],False,[]
1-6,349,70,5,test,170,80,0.007196773339277263,,,,False,[],False,[]
1-6,350,71,1,test,92,80,0.0005459068504557463,201,81,0.593473605457071,False,[],False,[]
1-6,351,71,2,test,176,81,0.0009660579390555757,4,80,2.7996404708889258,False,[],False,[]
1-6,352,71,3,test,26,80,0.003318219476340034,,,,False,[],False,[]
1-6,353,71,4,test,170,80,0.0072435618643516,,,,False,[],False,[]
1-6,354,71,5,test,170,80,0.007196773339277263,,,,False,[],False,[]
1-6,355,72,1,test,92,80,0.0005459068504557463,201,81,0.593473605457071,False,[],False,[]
1-6,356,72,2,test,176,81,0.0009585460397308898,4,80,2.799377507905047,False,[],False,[]
1-6,357,72,3,test,26,80,0.003306308557563531,,,,False,[],False,[]
1-6,358,72,4,test,170,80,0.007247879661921086,,,,False,[],False,[]
1-6,359,72,5,test,170,80,0.007196773339277263,,,,False,[],False,[]
1-6,360,73,1,test,92,80,0.0005459068504557463,201,81,0.593473605457071,False,[],False,[]
1-6,361,73,2,test,176,81,0.0009563125472269451,4,80,2.799291968928974,False,[],False,[]
1-6,362,73,3,test,26,80,0.003302795388293922,,,,False,[],False,[]
1-6,363,73,4,test,170,80,0.007249343043346124,,,,False,[],False,[]
1-6,364,73,5,test,170,80,0.007196773339277263,,,,False,[],False,[]
1-6,365,74,1,test,92,80,0.0005459068504557463,201,81,0.593473605457071,False,[],False,[]
1-6,366,74,2,test,176,81,0.0009532815807206108,4,80,2.799168040136982,False,[],False,[]
1-6,367,74,3,test,26,80,0.003297825314873659,,,,False,[],False,[]
1-6,368,74,4,test,170,80,0.007251563117084192,,,,False,[],False,[]
1-6,369,74,5,test,170,80,0.007196773339277263,,,,False,[],False,[]
1-6,370,75,1,test,92,80,0.0005459068504557463,201,81,0.593473605457071,False,[],False,[]
1-6,371,75,2,test,176,81,0.0009470394185941977,4,80,2.7989034500090604,False,[],False,[]
1-6,372,75,3,test,26,80,0.003287743393217024,,,,False,[],False,[]
1-6,373,75,4,test,170,80,0.007256412965334302,,,,False,[],False,[]
1-6,374,75,5,test,170,80,0.007196773339277263,,,,False,[],False,[]
1-6,375,76,1,test,92,80,0.0005459068504557463,201,81,0.593473605457071,False,[],False,[]
1-6,376,76,2,test,176,81,0.0009280430168183695,4,80,2.798078862673633,False,[],False,[]
1-6,377,76,3,test,26,80,0.0032565032919118497,,,,False,[],False,[]
1-6,378,76,4,test,170,80,0.007272038436090922,,,,False,[],False,[]
1-6,379,76,5,test,170,80,0.007196773339277263,,,,False,[],False,[]
1-6,380,77,1,test,92,80,0.0005459068504557463,201,81,0.593473605457071,False,[],False,[]
1-6,381,77,2,test,176,81,0.0008715894159181392,4,80,2.7955014069865123,False,[],False,[]
1-6,382,77,3,test,26,80,0.003156899049683637,,,,False,[],False,[]
1-6,383,77,4,test,170,80,0.007325805245380845,,,,False,[],False,[]
1-6,384,77,5,test,170,80,0.007196773339277263,,,,False,[],False,[]
1-6,385,78,1,test,92,80,0.0005459068504557463,201,81,0.593473605457071,False,[],False,[]
1-6,386,78,2,test,176,81,0.0008381151710736834,4,80,2.793842199317833,False,[],False,[]
1-6,387,78,3,test,26,80,0.003090850921078858,,,,False,[],False,[]
1-6,388,78,4,test,170,80,0.007365260710691546,,,,False,[],False,[]
1-6,389,78,5,test,170,80,0.007196773339277263,,,,False,[],False,[]
1-6,390,79,1,test,92,80,0.0005459068504557463,201,81,0.593473605457071,False,[],False,[]
1-6,391,79,2,test,176,81,0.0008243778797550894,4,80,2.7931063741125075,False,[],False,[]
1-6,392,79,3,test,26,80,0.0030611402523209597,,,,False,[],False,[]
1-6,393,79,4,test,170,80,0.007384296668514478,,,,False,[],False,[]
1-6,394,79,5,test,170,80,0.007196773339277263,,,,False,[],False,[]
1-6,395,80,1,test,92,80,0.0005459068504557463,201,81,0.593473605457071,False,[],False,[]
1-6,396,80,2,test,176,81,0.0008205718746732149,4,80,2.792879636786175,False,[],False,[]
1-6,397,80,3,test,26,80,0.0030521569643975344,,,,False,[],False,[]
1-6,398,80,4,test,170,80,0.007390405401791145,,,,False,[],False,[]
1-6,399,80,5,test,170,80,0.007196773339277263,,,,False,[],False,[]
1-6,400,81,1,test,92,80,0.0005459068504557463,201,81,0.593473605457071,False,[],False,[]
1-6,401,81,2,test,176,81,0.0008197719430158568,4,80,2.7928115246314387,False,[],False,[]
1-6,402,81,3,test,26,80,0.0030497299470672035,,,,False,[],False,[]
1-6,403,81,4,test,170,80,0.007392285607487947,,,,False,[],False,[]
1-6,404,81,5,test,170,80,0.007196773339277263,,,,False,[],False,[]
1-6,405,82,1,test,92,80,0.0005459068504557463,201,81,0.593473605457071,False,[],False,[]
1-6,406,82,2,test,176,81,0.0008189570190424433,4,80,2.79271336380786,False,[],False,[]
1-6,407,82,3,test,26,80,0.0030463751889102664,,,,False,[],False,[]
1-6,408,82,4,test,170,80,0.007395041841578132,,,,False,[],False,[]
1-6,409,82,5,test,170,80,0.007196773339277263,,,,False,[],False,[]
1-6,410,83,1,test,92,80,0.0005459068504557463,201,81,0.593473605457071,False,[],False,[]
1-6,411,83,2,test,176,81,0.0008172311563481305,4,80,2.792488310283042,False,[],False,[]
1-6,412,83,3,test,26,80,0.003039010240014517,,,,False,[],False,[]
1-6,413,83,4,test,170,80,0.007401470409141964,,,,False,[],False,[]
1-6,414,83,5,test,170,80,0.007196773339277263,,,,False,[],False,[]
1-6,415,84,1,test,92,80,0.0005459068504557463,201,81,0.593473605457071,False,[],False,[]
1-6,416,84,2,test,176,81,0.0008131176564624143,4,80,2.791744203686627,False,[],False,[]
1-6,417,84,3,test,26,80,0.0030146056367377216,,,,False,[],False,[]
1-6,418,84,4,test,170,80,0.007423487143187968,,,,False,[],False,[]
1-6,419,84,5,test,170,80,0.007196773339277263,,,,False,[],False,[]
1-6,420,85,1,test,92,80,0.0005459068504557463,201,81,0.593473605457071,False,[],False,[]
1-6,421,85,2,test,176,81,0.000805681222321164,4,80,2.7895005327819122,False,[],False,[]
1-6,422,85,3,test,26,80,0.0029384254381444874,,,,False,[],False,[]
1-6,423,85,4,test,170,80,0.0074978979651920685,,,,False,[],False,[]
1-6,424,85,5,test,170,80,0.007196773339277263,,,,False,[],False,[]
1-6,425,86,1,test,92,80,0.0005459068504557463,201,81,0.593473605457071,False,[],False,[]
1-6,426,86,2,test,176,81,0.000805576592995294,4,80,2.788229277903946,False,[],False,[]
1-6,427,86,3,test,26,80,0.0028929832205382144,,,,False,[],False,[]
1-6,428,86,4,test,170,80,0.007546610749917804,,,,False,[],False,[]
1-6,429,86,5,test,170,80,0.007196773339277263,,,,False,[],False,[]
1-6,430,87,1,test,92,80,0.0005459068504557463,201,81,0.593473605457071,False,[],False,[]
1-6,431,87,2,test,176,81,0.0008068036723718475,4,80,2.787742815982093,False,[],False,[]
1-6,432,87,3,test,26,80,0.0028748171415843293,,,,False,[],False,[]
1-6,433,87,4,test,170,80,0.007566743698409706,,,,False,[],False,[]
1-6,434,87,5,test,170,80,0.007196773339277263,,,,False,[],False,[]
1-6,435,88,1,test,92,80,0.0005459068504557463,201,81,0.593473605457071,False,[],False,[]
1-6,436,88,2,test,176,81,0.0008076367671412399,4,80,2.7876035028255775,False,[],False,[]
1-6,437,88,3,test,26,80,0.002869253264981775,,,,False,[],False,[]
1-6,438,88,4,test,170,80,0.007572619604172326,,,,False,[],False,[]
1-6,439,88,5,test,170,80,0.007196773339277263,,,,False,[],False,[]
1-6,440,89,1,test,92,80,0.0005459068504557463,201,81,0.593473605457071,False,[],False,[]
1-6,441,89,2,test,176,81,0.0008082923379916229,4,80,2.7875590291597767,False,[],False,[]
1-6,442,89,3,test,26,80,0.0028671702816644995,,,,False,[],False,[]
1-6,443,89,4,test,170,80,0.007574442472777609,,,,False,[],False,[]
1-6,444,89,5,test,170,80,0.007196773339277263,,,,False,[],False,[]
1-6,445,90,1,test,92,80,0.0005459068504557463,201,81,0.593473605457071,False,[],False,[]
1-6,446,90,2,test,176,81,0.0008097560498450118,4,80,2.787485166371443,False,[],False,[]
1-6,447,90,3,test,26,80,0.002863354813469665,,,,False,[],False,[]
1-6,448,90,4,test,170,80,0.007577413927333798,,,,False,[],False,[]
1-6,449,90,5,test,170,80,0.007196773339277263,,,,False,[],False,[]
1-6,450,91,1,test,92,80,0.0005459068504557463,201,81,0.593473605457071,False,[],False,[]
1-6,451,91,2,test,176,81,0.0008140347980702956,4,80,2.7872917138048825,False,[],False,[]
1-6,452,91,3,test,26,80,0.0028531116920988975,,,,False,[],False,[]
1-6,453,91,4,test,170,80,0.007585228301564273,,,,False,[],False,[]
1-6,454,91,5,test,170,80,0.007196773339277263,,,,False,[],False,[]
1-6,455,92,1,test,92,80,0.0005459068504557463,201,81,0.593473605457071,False,[],False,[]
1-6,456,92,2,test,176,81,0.0008312757168285057,4,80,2.786598641737319,False,[],False,[]
1-6,457,92,3,test,26,80,0.0028158792555181833,,,,False,[],False,[]
1-6,458,92,4,test,170,80,0.007614561120434904,,,,False,[],False,[]
1-6,459,92,5,test,170,80,0.007196773339277263,,,,False,[],False,[]
1-6,460,93,1,test,92,80,0.0005459068504557463,201,81,0.593473605457071,False,[],False,[]
1-6,461,93,2,test,176,81,0.0008934162351279529,4,80,2.7844776052910167,False,[],False,[]
1-6,462,93,3,test,26,80,0.0027019639859440225,,,,False,[],False,[]
1-6,463,93,4,test,170,80,0.007716425971119323,,,,False,[],False,[]
1-6,464,93,5,test,170,80,0.007196773339277263,,,,False,[],False,[]
1-6,465,94,1,test,92,80,0.0005459068504557463,201,81,0.593473605457071,False,[],False,[]
1-6,466,94,2,test,176,81,0.0009362633876888182,4,80,2.7827661692367087,False,[],False,[]
1-6,467,94,3,test,26,80,0.0026387754379784134,,,,False,[],False,[]
1-6,468,94,4,test,170,80,0.007782349020906576,,,,False,[],False,[]
1-6,469,94,5,test,170,80,0.007196773339277263,,,,False,[],False,[]
1-6,470,95,1,test,92,80,0.0005459068504557463,201,81,0.593473605457071,False,[],False,[]
1-6,471,95,2,test,176,81,0.000953583787700496,4,80,2.7821498168595227,False,[],False,[]
1-6,472,95,3,test,26,80,0.002615940589019372,,,,False,[],False,[]
1-6,473,95,4,test,170,80,0.007808297683081555,,,,False,[],False,[]
1-6,474,95,5,test,170,80,0.007196773339277263,,,,False,[],False,[]
1-6,475,96,1,test,92,80,0.0005459068504557463,201,81,0.593473605457071,False,[],False,[]
1-6,476,96,2,test,176,81,0.0009585369285189937,4,80,2.7819843706334515,False,[],False,[]
1-6,477,96,3,test,26,80,0.0026097992872849973,,,,False,[],False,[]
1-6,478,96,4,test,170,80,0.0078156713499693,,,,False,[],False,[]
1-6,479,96,5,test,170,80,0.007196773339277263,,,,False,[],False,[]
1-6,480,97,1,test,92,80,0.0005459068504557463,201,81,0.593473605457071,False,[],False,[]
1-6,481,97,2,test,176,81,0.0009602266760215805,4,80,2.78193277974075,False,[],False,[]
1-6,482,97,3,test,26,80,0.002607876793437547,,,,False,[],False,[]
1-6,483,97,4,test,170,80,0.007818202521538753,,,,False,[],False,[]
1-6,484,97,5,test,170,80,0.007196773339277263,,,,False,[],False,[]
1-6,485,98,1,test,92,80,0.0005459068504557463,201,81,0.593473605457071,False,[],False,[]
1-6,486,98,2,test,176,81,0.0009631804341525552,4,80,2.781846177128987,False,[],False,[]
1-6,487,98,3,test,26,80,0.0026045974808106553,,,,False,[],False,[]
1-6,488,98,4,test,170,80,0.00782258907547484,,,,False,[],False,[]
1-6,489,98,5,test,170,80,0.007196773339277263,,,,False,[],False,[]
1-6,490,99,1,test,92,80,0.0005459068504557463,201,81,0.593473605457071,False,[],False,[]
1-6,491,99,2,test,176,81,0.0009712491130350331,4,80,2.7816138197117195,False,[],False,[]
1-6,492,99,3,test,26,80,0.002595750238369332,,,,False,[],False,[]
1-6,493,99,4,test,170,80,0.007834626179175408,,,,False,[],False,[]
1-6,494,99,5,test,170,80,0.007196773339277263,,,,False,[],False,[]
1-6,495,100,1,test,92,80,0.0005459068504557463,201,81,0.593473605457071,False,[],False,[]
1-6,496,100,2,test,176,81,0.0010034379704031426,4,80,2.7807322421944254,False,[],False,[]
1-6,497,100,3,test,26,80,0.002562125500173984,,,,False,[],False,[]
1-6,498,100,4,test,170,80,0.00788267051080549,,,,False,[],False,[]
1-6,499,100,5,test,170,80,0.007196773339277263,,,,False,[],False,[]
1-6,500,101,1,test,92,80,0.0005459068504557463,201,81,0.593473605457071,False,[],False,[]
1-6,501,101,2,test,176,81,0.0011091610297166987,4,80,2.7782289747092954,False,[],False,[]
1-6,502,101,3,test,26,80,0.0024644461632481462,,,,False,[],False,[]
1-6,503,101,4,test,170,80,0.00803910356959514,,,,False,[],False,[]
1-6,504,101,5,test,170,80,0.007196773339277263,,,,False,[],False,[]
1-6,505,102,1,test,92,80,0.0005459068504557463,201,81,0.593473605457071,False,[],False,[]
1-6,506,102,2,test,176,81,0.0011738667277068071,4,80,2.776932883396606,False,[],False,[]
1-6,507,102,3,test,26,80,0.0024123928441297515,,,,False,[],False,[]
1-6,508,102,4,test,170,80,0.008134382064818091,,,,False,[],False,[]
1-6,509,102,5,test,170,80,0.007196773339277263,,,,False,[],False,[]
1-6,510,103,1,test,92,80,0.0005459068504557463,201,81,0.593473605457071,False,[],False,[]
1-6,511,103,2,test,176,81,0.0011978958860644484,4,80,2.7764849527859434,False,[],False,[]
1-6,512,103,3,test,26,80,0.0023943204992089573,,,,False,[],False,[]
1-6,513,103,4,test,170,80,0.00817018458876273,,,,False,[],False,[]
1-6,514,103,5,test,170,80,0.007196773339277263,,,,False,[],False,[]
1-6,515,104,1,test,92,80,0.0005459068504557463,201,81,0.593473605457071,False,[],False,[]
1-6,516,104,2,test,176,81,0.0012038875221804801,4,80,2.77637021729986,False,[],False,[]
1-6,517,104,3,test,26,80,0.002389763318919491,,,,False,[],False,[]
1-6,518,104,4,test,170,80,0.00817969243854988,,,,False,[],False,[]
1-6,519,104,5,test,170,80,0.007196773339277263,,,,False,[],False,[]
1-6,520,105,1,test,92,80,0.0005459068504557463,201,81,0.593473605457071,False,[],False,[]
1-6,521,105,2,test,176,81,0.001205636682040212,4,80,2.7763305843830706,False,[],False,[]
1-6,522,105,3,test,26,80,0.002388311376091634,,,,False,[],False,[]
1-6,523,105,4,test,170,80,0.008183086915186322,,,,False,[],False,[]
1-6,524,105,5,test,170,80,0.007196773339277263,,,,False,[],False,[]
1-6,525,106,1,test,92,80,0.0005459068504557463,201,81,0.593473605457071,False,[],False,[]
1-6,526,106,2,test,176,81,0.0012084737519317823,4,80,2.776259068941726,False,[],False,[]
1-6,527,106,3,test,26,80,0.002385798179642906,,,,False,[],False,[]
1-6,528,106,4,test,170,80,0.0081890641051936,,,,False,[],False,[]
1-6,529,106,5,test,170,80,0.007196773339277263,,,,False,[],False,[]
1-6,530,107,1,test,92,80,0.0005459068504557463,201,81,0.593473605457071,False,[],False,[]
1-6,531,107,2,test,176,81,0.0012163302725414216,4,80,2.7760531230921432,False,[],False,[]
1-6,532,107,3,test,26,80,0.0023786260999838493,,,,False,[],False,[]
1-6,533,107,4,test,170,80,0.00820676780534979,,,,False,[],False,[]
1-6,534,107,5,test,170,80,0.007196773339277263,,,,False,[],False,[]
1-6,535,108,1,test,92,80,0.0005459068504557463,201,81,0.593473605457071,False,[],False,[]
1-6,536,108,2,test,176,81,0.001248274467565258,4,80,2.775241056113306,False,[],False,[]
1-6,537,108,3,test,26,80,0.002350271589949271,,,,False,[],False,[]
1-6,538,108,4,test,170,80,0.008279584083968006,,,,False,[],False,[]
1-6,539,108,5,test,170,80,0.007196773339277263,,,,False,[],False,[]
1-6,540,109,1,test,92,80,0.0005459068504557463,201,81,0.593473605457071,False,[],False,[]
1-6,541,109,2,test,176,81,0.00133935534264773,4,80,2.773169385619701,False,[],False,[]
1-6,542,109,3,test,26,80,0.002276116846938847,,,,False,[],False,[]
1-6,543,109,4,test,170,80,0.008487360492976936,,,,False,[],False,[]
1-6,544,109,5,test,170,80,0.007196773339277263,,,,False,[],False,[]
1-7,0,1,1,test,92,80,0.0005089493884451457,201,81,0.5909955886422615,False,[],False,[]
1-7,1,1,2,test,143,80,0.0011321287783361278,214,80,1.6513162511679569,False,[],False,[]
1-7,2,1,3,test,26,80,0.004739477640043677,,,,False,[],False,[]
1-7,3,1,4,test,170,80,0.004805179674598259,,,,False,[],False,[]
1-7,4,1,5,test,170,80,0.007434304827038107,,,,False,[],False,[]
1-7,5,2,1,test,92,80,0.0005089493884451457,201,81,0.5909955886422615,False,[],False,[]
1-7,6,2,2,test,143,80,0.0013422259213613508,4,80,1.6430428616630448,False,[],False,[]
1-7,7,2,3,test,26,80,0.0047935090980069095,,,,False,[],False,[]
1-7,8,2,4,test,170,80,0.004800029815568485,,,,False,[],False,[]
1-7,9,2,5,test,170,80,0.007434304827038107,,,,False,[],False,[]
1-7,10,3,1,test,92,80,0.0005089493884451457,201,81,0.5909955886422615,False,[],False,[]
1-7,11,3,2,test,143,80,0.0018404267719347445,,,,False,[],False,[]
1-7,12,3,3,test,26,80,0.004860683523775111,,,,False,[],False,[]
1-7,13,3,4,test,170,80,0.004801323495556176,,,,False,[],False,[]
1-7,14,3,5,test,170,80,0.007434304827038107,,,,False,[],False,[]
1-7,15,4,1,test,92,80,0.0005089493884451457,201,81,0.5909955886422615,False,[],False,[]
1-7,16,4,2,test,143,80,0.0017103579672488323,,,,False,[],False,[]
1-7,17,4,3,test,26,80,0.0048458345370929745,,,,False,[],False,[]
1-7,18,4,4,test,170,80,0.004800749196695264,,,,False,[],False,[]
1-7,19,4,5,test,170,80,0.007434304827038107,,,,False,[],False,[]
1-7,20,5,1,test,92,80,0.0005089493884451457,201,81,0.5909955886422615,False,[],False,[]
1-7,21,5,2,test,143,80,0.0017242256290995739,,,,False,[],False,[]
1-7,22,5,3,test,26,80,0.004847438409033122,,,,False,[],False,[]
1-7,23,5,4,test,170,80,0.00480115592113628,,,,False,[],False,[]
1-7,24,5,5,test,170,80,0.007434304827038107,,,,False,[],False,[]
1-7,25,6,1,test,92,80,0.0005089493884451457,201,81,0.5909955886422615,False,[],False,[]
1-7,26,6,2,test,143,80,0.0017250660546099805,,,,False,[],False,[]
1-7,27,6,3,test,26,80,0.0048475043055268285,,,,False,[],False,[]
1-7,28,6,4,test,170,80,0.004801531269493564,,,,False,[],False,[]
1-7,29,6,5,test,170,80,0.007434304827038107,,,,False,[],False,[]
1-7,30,7,1,test,92,80,0.0005089493884451457,201,81,0.5909955886422615,False,[],False,[]
1-7,31,7,2,test,143,80,0.001749634609219508,,,,False,[],False,[]
1-7,32,7,3,test,26,80,0.004848770269377356,,,,False,[],False,[]
1-7,33,7,4,test,170,80,0.004813950793638,,,,False,[],False,[]
1-7,34,7,5,test,170,80,0.007434304827038107,,,,False,[],False,[]
1-7,35,8,1,test,92,80,0.0005089493884451457,201,81,0.5909955886422615,False,[],False,[]
1-7,36,8,2,test,143,80,0.0021667176553288314,4,80,1.6237206258072725,False,[],False,[]
1-7,37,8,3,test,26,80,0.0048938856078413195,,,,False,[],False,[]
1-7,38,8,4,test,170,80,0.005052193387273696,,,,False,[],False,[]
1-7,39,8,5,test,170,80,0.007434304827038107,,,,False,[],False,[]
1-7,40,9,1,test,92,80,0.0005089493884451457,201,81,0.5909955886422615,False,[],False,[]
1-7,41,9,2,test,143,80,0.0021676807568367096,4,80,1.6237539631517584,False,[],False,[]
1-7,42,9,3,test,26,80,0.004893726422928957,,,,False,[],False,[]
1-7,43,9,4,test,170,80,0.0050520614694473664,,,,False,[],False,[]
1-7,44,9,5,test,170,80,0.007434304827038107,,,,False,[],False,[]
1-7,45,10,1,test,92,80,0.0005089493884451457,201,81,0.5909955886422615,False,[],False,[]
1-7,46,10,2,test,143,80,0.002150759131685165,4,80,1.6243327117979154,False,[],False,[]
1-7,47,10,3,test,26,80,0.004891286913040194,,,,False,[],False,[]
1-7,48,10,4,test,170,80,0.0050409768609736005,,,,False,[],False,[]
1-7,49,10,5,test,170,80,0.007434304827038107,,,,False,[],False,[]
1-7,50,11,1,test,92,80,0.0005089493884451457,201,81,0.5909955886422615,False,[],False,[]
1-7,51,11,2,test,143,80,0.0017822423288645917,,,,False,[],False,[]
1-7,52,11,3,test,26,80,0.004853367657348784,,,,False,[],False,[]
1-7,53,11,4,test,170,80,0.00479993696680181,,,,False,[],False,[]
1-7,54,11,5,test,170,80,0.007434304827038107,,,,False,[],False,[]
1-7,55,12,1,test,92,80,0.0005089493884451457,201,81,0.5909955886422615,False,[],False,[]
1-7,56,12,2,test,143,80,0.0017967673727532496,,,,False,[],False,[]
1-7,57,12,3,test,26,80,0.004853405247982612,,,,False,[],False,[]
1-7,58,12,4,test,170,80,0.004809162098579511,,,,False,[],False,[]
1-7,59,12,5,test,170,80,0.007434304827038107,,,,False,[],False,[]
1-7,60,13,1,test,92,80,0.0005089493884451457,201,81,0.5909955886422615,False,[],False,[]
1-7,61,13,2,test,143,80,0.001797701404754326,,,,False,[],False,[]
1-7,62,13,3,test,26,80,0.0048542984739423645,,,,False,[],False,[]
1-7,63,13,4,test,170,80,0.004809761142478219,,,,False,[],False,[]
1-7,64,13,5,test,170,80,0.007434304827038107,,,,False,[],False,[]
1-7,65,14,1,test,92,80,0.0005089493884451457,201,81,0.5909955886422615,False,[],False,[]
1-7,66,14,2,test,143,80,0.0020183375719267094,,,,False,[],False,[]
1-7,67,14,3,test,26,80,0.004994125521522674,,,,False,[],False,[]
1-7,68,14,4,test,170,80,0.004957519111571607,,,,False,[],False,[]
1-7,69,14,5,test,170,80,0.007434304827038107,,,,False,[],False,[]
1-7,70,15,1,test,92,80,0.0005089493884451457,201,81,0.5909955886422615,False,[],False,[]
1-7,71,15,2,test,143,80,0.002046458962657427,4,80,1.6355803270273876,False,[],False,[]
1-7,72,15,3,test,26,80,0.005003677694907949,,,,False,[],False,[]
1-7,73,15,4,test,170,80,0.0049767152441553275,,,,False,[],False,[]
1-7,74,15,5,test,170,80,0.007434304827038107,,,,False,[],False,[]
1-7,75,16,1,test,92,80,0.0005089493884451457,201,81,0.5909955886422615,False,[],False,[]
1-7,76,16,2,test,143,80,0.002057040587027492,4,80,1.6353565412869973,False,[],False,[]
1-7,77,16,3,test,26,80,0.005005170669174497,,,,False,[],False,[]
1-7,78,16,4,test,170,80,0.004983337862694448,,,,False,[],False,[]
1-7,79,16,5,test,170,80,0.007434304827038107,,,,False,[],False,[]
1-7,80,17,1,test,92,80,0.0005089493884451457,201,81,0.5909955886422615,False,[],False,[]
1-7,81,17,2,test,143,80,0.0020646534972461605,4,80,1.6353488006958352,False,[],False,[]
1-7,82,17,3,test,26,80,0.005004623945146003,,,,False,[],False,[]
1-7,83,17,4,test,170,80,0.004987560573119665,,,,False,[],False,[]
1-7,84,17,5,test,170,80,0.007434304827038107,,,,False,[],False,[]
1-7,85,18,1,test,92,80,0.0005089493884451457,201,81,0.5909955886422615,False,[],False,[]
1-7,86,18,2,test,143,80,0.002068413213918263,4,80,1.6354742093731192,False,[],False,[]
1-7,87,18,3,test,26,80,0.005003018413311189,,,,False,[],False,[]
1-7,88,18,4,test,170,80,0.004989175457039252,,,,False,[],False,[]
1-7,89,18,5,test,170,80,0.007434304827038107,,,,False,[],False,[]
1-7,90,19,1,test,92,80,0.0005089493884451457,201,81,0.5909955886422615,False,[],False,[]
1-7,91,19,2,test,143,80,0.0021709568441654614,,,,False,[],False,[]
1-7,92,19,3,test,26,80,0.004961559303540475,,,,False,[],False,[]
1-7,93,19,4,test,170,80,0.0050329261184218765,,,,False,[],False,[]
1-7,94,19,5,test,170,80,0.007434304827038107,,,,False,[],False,[]
1-7,95,20,1,test,92,80,0.0005089493884451457,201,81,0.5909955886422615,False,[],False,[]
1-7,96,20,2,test,26,80,0.002995051092209655,,,,False,[],False,[]
1-7,97,20,3,test,26,80,0.004704439180457154,,,,False,[],False,[]
1-7,98,20,4,test,170,80,0.005384264228085689,,,,False,[],False,[]
1-7,99,20,5,test,170,80,0.007434304827038107,,,,False,[],False,[]
1-7,100,21,1,test,92,80,0.0005089493884451457,201,81,0.5909955886422615,False,[],False,[]
1-7,101,21,2,test,26,80,0.00265372442206413,,,,False,[],False,[]
1-7,102,21,3,test,26,80,0.004798954970349545,,,,False,[],False,[]
1-7,103,21,4,test,170,80,0.0052371979222284315,,,,False,[],False,[]
1-7,104,21,5,test,170,80,0.007434304827038107,,,,False,[],False,[]
1-7,105,22,1,test,92,80,0.0005089493884451457,201,81,0.5909955886422615,False,[],False,[]
1-7,106,22,2,test,143,80,0.0024849462603165895,,,,False,[],False,[]
1-7,107,22,3,test,26,80,0.00484936253144852,,,,False,[],False,[]
1-7,108,22,4,test,170,80,0.005165954629232861,,,,False,[],False,[]
1-7,109,22,5,test,170,80,0.007434304827038107,,,,False,[],False,[]
1-7,110,23,1,test,92,80,0.0005089493884451457,201,81,0.5909955886422615,False,[],False,[]
1-7,111,23,2,test,143,80,0.0024863959178066386,,,,False,[],False,[]
1-7,112,23,3,test,26,80,0.004848090593033816,,,,False,[],False,[]
1-7,113,23,4,test,170,80,0.005166452706716784,,,,False,[],False,[]
1-7,114,23,5,test,170,80,0.007434304827038107,,,,False,[],False,[]
1-7,115,24,1,test,92,80,0.0005089493884451457,201,81,0.5909955886422615,False,[],False,[]
1-7,116,24,2,test,143,80,0.0024862135117459383,,,,False,[],False,[]
1-7,117,24,3,test,26,80,0.004846173289999589,,,,False,[],False,[]
1-7,118,24,4,test,170,80,0.005166182224056515,,,,False,[],False,[]
1-7,119,24,5,test,170,80,0.007434304827038107,,,,False,[],False,[]
1-7,120,25,1,test,92,80,0.0005089493884451457,201,81,0.5909955886422615,False,[],False,[]
1-7,121,25,2,test,143,80,0.0024861502300568272,,,,False,[],False,[]
1-7,122,25,3,test,26,80,0.004844168749714273,,,,False,[],False,[]
1-7,123,25,4,test,170,80,0.00516598071669272,,,,False,[],False,[]
1-7,124,25,5,test,170,80,0.007434304827038107,,,,False,[],False,[]
1-7,125,26,1,test,92,80,0.0005089493884451457,201,81,0.5909955886422615,False,[],False,[]
1-7,126,26,2,test,143,80,0.002485959951189165,,,,False,[],False,[]
1-7,127,26,3,test,26,80,0.004840209246236293,,,,False,[],False,[]
1-7,128,26,4,test,170,80,0.0051655561942076655,,,,False,[],False,[]
1-7,129,26,5,test,170,80,0.007434304827038107,,,,False,[],False,[]
1-7,130,27,1,test,92,80,0.0005089493884451457,201,81,0.5909955886422615,False,[],False,[]
1-7,131,27,2,test,143,80,0.0024855087159730838,,,,False,[],False,[]
1-7,132,27,3,test,26,80,0.004827796231934189,,,,False,[],False,[]
1-7,133,27,4,test,170,80,0.0051642690307758254,,,,False,[],False,[]
1-7,134,27,5,test,170,80,0.007434304827038107,,,,False,[],False,[]
1-7,135,28,1,test,92,80,0.0005089493884451457,201,81,0.5909955886422615,False,[],False,[]
1-7,136,28,2,test,143,80,0.002485123260148825,,,,False,[],False,[]
1-7,137,28,3,test,26,80,0.004807459791157265,,,,False,[],False,[]
1-7,138,28,4,test,170,80,0.005162373182881708,,,,False,[],False,[]
1-7,139,28,5,test,170,80,0.007434304827038107,,,,False,[],False,[]
1-7,140,29,1,test,92,80,0.0005089493884451457,201,81,0.5909955886422615,False,[],False,[]
1-7,141,29,2,test,143,80,0.002485143462683026,,,,False,[],False,[]
1-7,142,29,3,test,26,80,0.004782951617456566,,,,False,[],False,[]
1-7,143,29,4,test,170,80,0.005160430811867345,,,,False,[],False,[]
1-7,144,29,5,test,170,80,0.007434304827038107,,,,False,[],False,[]
1-7,145,30,1,test,92,80,0.0005089493884451457,201,81,0.5909955886422615,False,[],False,[]
1-7,146,30,2,test,143,80,0.0024860258763832466,,,,False,[],False,[]
1-7,147,30,3,test,26,80,0.004738505130314263,,,,False,[],False,[]
1-7,148,30,4,test,170,80,0.005158216616045541,,,,False,[],False,[]
1-7,149,30,5,test,170,80,0.007434304827038107,,,,False,[],False,[]
1-7,150,31,1,test,92,80,0.0005089493884451457,201,81,0.5909955886422615,False,[],False,[]
1-7,151,31,2,test,143,80,0.002487102755257875,,,,False,[],False,[]
1-7,152,31,3,test,26,80,0.00472709261184856,,,,False,[],False,[]
1-7,153,31,4,test,170,80,0.005158495069397362,,,,False,[],False,[]
1-7,154,31,5,test,170,80,0.007434304827038107,,,,False,[],False,[]
1-7,155,32,1,test,92,80,0.0005089493884451457,201,81,0.5909955886422615,False,[],False,[]
1-7,156,32,2,test,143,80,0.002488322770564544,,,,False,[],False,[]
1-7,157,32,3,test,26,80,0.004719725575766054,,,,False,[],False,[]
1-7,158,32,4,test,170,80,0.005159448039258718,,,,False,[],False,[]
1-7,159,32,5,test,170,80,0.007434304827038107,,,,False,[],False,[]
1-7,160,33,1,test,92,80,0.0005089493884451457,201,81,0.5909955886422615,False,[],False,[]
1-7,161,33,2,test,143,80,0.0024899366197215222,,,,False,[],False,[]
1-7,162,33,3,test,26,80,0.004712733982481732,,,,False,[],False,[]
1-7,163,33,4,test,170,80,0.005161077611459786,,,,False,[],False,[]
1-7,164,33,5,test,170,80,0.007434304827038107,,,,False,[],False,[]
1-7,165,34,1,test,92,80,0.0005089493884451457,201,81,0.5909955886422615,False,[],False,[]
1-7,166,34,2,test,143,80,0.0024915552879527514,,,,False,[],False,[]
1-7,167,34,3,test,26,80,0.004707484602709311,,,,False,[],False,[]
1-7,168,34,4,test,170,80,0.005162966350645726,,,,False,[],False,[]
1-7,169,34,5,test,170,80,0.007434304827038107,,,,False,[],False,[]
1-7,170,35,1,test,92,80,0.0005089493884451457,201,81,0.5909955886422615,False,[],False,[]
1-7,171,35,2,test,143,80,0.00250041628856823,,,,False,[],False,[]
1-7,172,35,3,test,26,80,0.004679781692452201,,,,False,[],False,[]
1-7,173,35,4,test,170,80,0.005173599493440761,,,,False,[],False,[]
1-7,174,35,5,test,170,80,0.007434304827038107,,,,False,[],False,[]
1-7,175,36,1,test,92,80,0.0005089493884451457,201,81,0.5909955886422615,False,[],False,[]
1-7,176,36,2,test,143,80,0.0025190240756010063,,,,False,[],False,[]
1-7,177,36,3,test,26,80,0.004622373543048397,,,,False,[],False,[]
1-7,178,36,4,test,170,80,0.005196594821824885,,,,False,[],False,[]
1-7,179,36,5,test,170,80,0.007434304827038107,,,,False,[],False,[]
1-7,180,37,1,test,92,80,0.0005089493884451457,201,81,0.5909955886422615,False,[],False,[]
1-7,181,37,2,test,143,80,0.0025444983511974106,,,,False,[],False,[]
1-7,182,37,3,test,26,80,0.004543945648909364,,,,False,[],False,[]
1-7,183,37,4,test,170,80,0.005229464115971694,,,,False,[],False,[]
1-7,184,37,5,test,170,80,0.007434304827038107,,,,False,[],False,[]
1-7,185,38,1,test,92,80,0.0005089493884451457,201,81,0.5909955886422615,False,[],False,[]
1-7,186,38,2,test,143,80,0.0025857464364954508,,,,False,[],False,[]
1-7,187,38,3,test,26,80,0.004419361942001432,,,,False,[],False,[]
1-7,188,38,4,test,170,80,0.005284466920189801,,,,False,[],False,[]
1-7,189,38,5,test,170,80,0.007434304827038107,,,,False,[],False,[]
1-7,190,39,1,test,92,80,0.0005089493884451457,201,81,0.5909955886422615,False,[],False,[]
1-7,191,39,2,test,143,80,0.0025931968850652076,,,,False,[],False,[]
1-7,192,39,3,test,26,80,0.0043950872952809306,,,,False,[],False,[]
1-7,193,39,4,test,170,80,0.005295940202504235,,,,False,[],False,[]
1-7,194,39,5,test,170,80,0.007434304827038107,,,,False,[],False,[]
1-7,195,40,1,test,92,80,0.0005089493884451457,201,81,0.5909955886422615,False,[],False,[]
1-7,196,40,2,test,143,80,0.002596383818240011,,,,False,[],False,[]
1-7,197,40,3,test,26,80,0.004382948745900173,,,,False,[],False,[]
1-7,198,40,4,test,170,80,0.005302108106117975,,,,False,[],False,[]
1-7,199,40,5,test,170,80,0.007434304827038107,,,,False,[],False,[]
1-7,200,41,1,test,92,80,0.0005089493884451457,201,81,0.5909955886422615,False,[],False,[]
1-7,201,41,2,test,143,80,0.002598271009496944,,,,False,[],False,[]
1-7,202,41,3,test,26,80,0.004373580008357747,,,,False,[],False,[]
1-7,203,41,4,test,170,80,0.005307257777061647,,,,False,[],False,[]
1-7,204,41,5,test,170,80,0.007434304827038107,,,,False,[],False,[]
1-7,205,42,1,test,92,80,0.0005089493884451457,201,81,0.5909955886422615,False,[],False,[]
1-7,206,42,2,test,143,80,0.002599001581494731,,,,False,[],False,[]
1-7,207,42,3,test,26,80,0.004367170025589839,,,,False,[],False,[]
1-7,208,42,4,test,170,80,0.005311135748958362,,,,False,[],False,[]
1-7,209,42,5,test,170,80,0.007434304827038107,,,,False,[],False,[]
1-7,210,43,1,test,92,80,0.0005089493884451457,201,81,0.5909955886422615,False,[],False,[]
1-7,211,43,2,test,143,80,0.00260157599155475,,,,False,[],False,[]
1-7,212,43,3,test,26,80,0.004340878614189525,,,,False,[],False,[]
1-7,213,43,4,test,170,80,0.005327448751929698,,,,False,[],False,[]
1-7,214,43,5,test,170,80,0.007434304827038107,,,,False,[],False,[]
1-7,215,44,1,test,92,80,0.0005089493884451457,201,81,0.5909955886422615,False,[],False,[]
1-7,216,44,2,test,143,80,0.0026074833160705246,,,,False,[],False,[]
1-7,217,44,3,test,26,80,0.004274639197559105,,,,False,[],False,[]
1-7,218,44,4,test,170,80,0.005369572649556842,,,,False,[],False,[]
1-7,219,44,5,test,170,80,0.007434304827038107,,,,False,[],False,[]
1-7,220,45,1,test,92,80,0.0005089493884451457,201,81,0.5909955886422615,False,[],False,[]
1-7,221,45,2,test,143,80,0.0026148879276087778,,,,False,[],False,[]
1-7,222,45,3,test,26,80,0.004186392424117891,,,,False,[],False,[]
1-7,223,45,4,test,170,80,0.005427836385908158,,,,False,[],False,[]
1-7,224,45,5,test,170,80,0.007434304827038107,,,,False,[],False,[]
1-7,225,46,1,test,92,80,0.0005089493884451457,201,81,0.5909955886422615,False,[],False,[]
1-7,226,46,2,test,143,80,0.0026252522912222354,,,,False,[],False,[]
1-7,227,46,3,test,26,80,0.004058606797478159,,,,False,[],False,[]
1-7,228,46,4,test,170,80,0.005516536755506007,,,,False,[],False,[]
1-7,229,46,5,test,170,80,0.007434304827038107,,,,False,[],False,[]
1-7,230,47,1,test,92,80,0.0005089493884451457,201,81,0.5909955886422615,False,[],False,[]
1-7,231,47,2,test,143,80,0.0026270202422562505,,,,False,[],False,[]
1-7,232,47,3,test,26,80,0.004028339364128608,,,,False,[],False,[]
1-7,233,47,4,test,170,80,0.005538061553019946,,,,False,[],False,[]
1-7,234,47,5,test,170,80,0.007434304827038107,,,,False,[],False,[]
1-7,235,48,1,test,92,80,0.0005089493884451457,201,81,0.5909955886422615,False,[],False,[]
1-7,236,48,2,test,143,80,0.0026269919540145015,,,,False,[],False,[]
1-7,237,48,3,test,26,80,0.004016125892743583,,,,False,[],False,[]
1-7,238,48,4,test,170,80,0.005546515481594239,,,,False,[],False,[]
1-7,239,48,5,test,170,80,0.007434304827038107,,,,False,[],False,[]
1-7,240,49,1,test,92,80,0.0005089493884451457,201,81,0.5909955886422615,False,[],False,[]
1-7,241,49,2,test,143,80,0.002626242241491328,,,,False,[],False,[]
1-7,242,49,3,test,26,80,0.004006578411840378,,,,False,[],False,[]
1-7,243,49,4,test,170,80,0.0055528184156159455,,,,False,[],False,[]
1-7,244,49,5,test,170,80,0.007434304827038107,,,,False,[],False,[]
1-7,245,50,1,test,92,80,0.0005089493884451457,201,81,0.5909955886422615,False,[],False,[]
1-7,246,50,2,test,143,80,0.0026251952779616783,,,,False,[],False,[]
1-7,247,50,3,test,26,80,0.0039999739321081584,,,,False,[],False,[]
1-7,248,50,4,test,170,80,0.005556877434188201,,,,False,[],False,[]
1-7,249,50,5,test,170,80,0.007434304827038107,,,,False,[],False,[]
1-7,250,51,1,test,92,80,0.0005089493884451457,201,81,0.5909955886422615,False,[],False,[]
1-7,251,51,2,test,143,80,0.002619573861692759,,,,False,[],False,[]
1-7,252,51,3,test,26,80,0.003968994726509467,,,,False,[],False,[]
1-7,253,51,4,test,170,80,0.005575754910557507,,,,False,[],False,[]
1-7,254,51,5,test,170,80,0.007434304827038107,,,,False,[],False,[]
1-7,255,52,1,test,92,80,0.0005089493884451457,201,81,0.5909955886422615,False,[],False,[]
1-7,256,52,2,test,143,80,0.002600802618144882,,,,False,[],False,[]
1-7,257,52,3,test,26,80,0.003870130413892059,,,,False,[],False,[]
1-7,258,52,4,test,170,80,0.005638860491298026,,,,False,[],False,[]
1-7,259,52,5,test,170,80,0.007434304827038107,,,,False,[],False,[]
1-7,260,53,1,test,92,80,0.0005089493884451457,201,81,0.5909955886422615,False,[],False,[]
1-7,261,53,2,test,143,80,0.0025750330324103565,,,,False,[],False,[]
1-7,262,53,3,test,26,80,0.003734656206769049,,,,False,[],False,[]
1-7,263,53,4,test,170,80,0.005732962994881907,,,,False,[],False,[]
1-7,264,53,5,test,170,80,0.007434304827038107,,,,False,[],False,[]
1-7,265,54,1,test,92,80,0.0005089493884451457,201,81,0.5909955886422615,False,[],False,[]
1-7,266,54,2,test,143,80,0.0025360651576086246,,,,False,[],False,[]
1-7,267,54,3,test,26,80,0.0035302239372041466,,,,False,[],False,[]
1-7,268,54,4,test,170,80,0.005892832670471915,,,,False,[],False,[]
1-7,269,54,5,test,170,80,0.007434304827038107,,,,False,[],False,[]
1-7,270,55,1,test,92,80,0.0005089493884451457,201,81,0.5909955886422615,False,[],False,[]
1-7,271,55,2,test,143,80,0.002527634442561544,,,,False,[],False,[]
1-7,272,55,3,test,26,80,0.003488997545082473,,,,False,[],False,[]
1-7,273,55,4,test,170,80,0.005928012956653461,,,,False,[],False,[]
1-7,274,55,5,test,170,80,0.007434304827038107,,,,False,[],False,[]
1-7,275,56,1,test,92,80,0.0005089493884451457,201,81,0.5909955886422615,False,[],False,[]
1-7,276,56,2,test,143,80,0.002524409216063006,,,,False,[],False,[]
1-7,277,56,3,test,26,80,0.0034760677769516413,,,,False,[],False,[]
1-7,278,56,4,test,170,80,0.005938733946464048,,,,False,[],False,[]
1-7,279,56,5,test,170,80,0.007434304827038107,,,,False,[],False,[]
1-7,280,57,1,test,92,80,0.0005089493884451457,201,81,0.5909955886422615,False,[],False,[]
1-7,281,57,2,test,143,80,0.0025213913990178582,,,,False,[],False,[]
1-7,282,57,3,test,26,80,0.0034662421136737454,,,,False,[],False,[]
1-7,283,57,4,test,170,80,0.005946390934410961,,,,False,[],False,[]
1-7,284,57,5,test,170,80,0.007434304827038107,,,,False,[],False,[]
1-7,285,58,1,test,92,80,0.0005089493884451457,201,81,0.5909955886422615,False,[],False,[]
1-7,286,58,2,test,143,80,0.0025187502505863435,,,,False,[],False,[]
1-7,287,58,3,test,26,80,0.003459327443115945,,,,False,[],False,[]
1-7,288,58,4,test,170,80,0.00595126145179159,,,,False,[],False,[]
1-7,289,58,5,test,170,80,0.007434304827038107,,,,False,[],False,[]
1-7,290,59,1,test,92,80,0.0005089493884451457,201,81,0.5909955886422615,False,[],False,[]
1-7,291,59,2,test,143,80,0.0025065924638076886,,,,False,[],False,[]
1-7,292,59,3,test,26,80,0.003427185419793477,,,,False,[],False,[]
1-7,293,59,4,test,170,80,0.005973848731727571,,,,False,[],False,[]
1-7,294,59,5,test,170,80,0.007434304827038107,,,,False,[],False,[]
1-7,295,60,1,test,92,80,0.0005089493884451457,201,81,0.5909955886422615,False,[],False,[]
1-7,296,60,2,test,143,80,0.0024627419595895095,,,,False,[],False,[]
1-7,297,60,3,test,26,80,0.003313364217386594,,,,False,[],False,[]
1-7,298,60,4,test,170,80,0.006059684900849516,,,,False,[],False,[]
1-7,299,60,5,test,170,80,0.007434304827038107,,,,False,[],False,[]
1-7,300,61,1,test,92,80,0.0005089493884451457,201,81,0.5909955886422615,False,[],False,[]
1-7,301,61,2,test,143,80,0.002406866519934603,,,,False,[],False,[]
1-7,302,61,3,test,26,80,0.0031758612132457564,,,,False,[],False,[]
1-7,303,61,4,test,170,80,0.006179582692838803,,,,False,[],False,[]
1-7,304,61,5,test,170,80,0.007434304827038107,,,,False,[],False,[]
1-7,305,62,1,test,92,80,0.0005089493884451457,201,81,0.5909955886422615,False,[],False,[]
1-7,306,62,2,test,176,81,0.002297919756981237,,,,False,[],False,[]
1-7,307,62,3,test,26,80,0.0030337598840810553,,,,False,[],False,[]
1-7,308,62,4,test,170,80,0.006332020282275863,,,,False,[],False,[]
1-7,309,62,5,test,170,80,0.007434304827038107,,,,False,[],False,[]
1-7,310,63,1,test,92,80,0.0005089493884451457,201,81,0.5909955886422615,False,[],False,[]
1-7,311,63,2,test,176,81,0.0022675287214686257,,,,False,[],False,[]
1-7,312,63,3,test,26,80,0.0030095164441733546,,,,False,[],False,[]
1-7,313,63,4,test,170,80,0.006361332807655273,,,,False,[],False,[]
1-7,314,63,5,test,170,80,0.007434304827038107,,,,False,[],False,[]
1-7,315,64,1,test,92,80,0.0005089493884451457,201,81,0.5909955886422615,False,[],False,[]
1-7,316,64,2,test,176,81,0.0022594097006902736,,,,False,[],False,[]
1-7,317,64,3,test,26,80,0.003002806257506485,,,,False,[],False,[]
1-7,318,64,4,test,170,80,0.006368569321195006,,,,False,[],False,[]
1-7,319,64,5,test,170,80,0.007434304827038107,,,,False,[],False,[]
1-7,320,65,1,test,92,80,0.0005089493884451457,201,81,0.5909955886422615,False,[],False,[]
1-7,321,65,2,test,176,81,0.002253067108944129,,,,False,[],False,[]
1-7,322,65,3,test,26,80,0.0029972560368400902,,,,False,[],False,[]
1-7,323,65,4,test,170,80,0.006373532610910226,,,,False,[],False,[]
1-7,324,65,5,test,170,80,0.007434304827038107,,,,False,[],False,[]
1-7,325,66,1,test,92,80,0.0005089493884451457,201,81,0.5909955886422615,False,[],False,[]
1-7,326,66,2,test,176,81,0.002247281831826098,,,,False,[],False,[]
1-7,327,66,3,test,26,80,0.0029918814280696093,,,,False,[],False,[]
1-7,328,66,4,test,170,80,0.0063773388347103666,,,,False,[],False,[]
1-7,329,66,5,test,170,80,0.007434304827038107,,,,False,[],False,[]
1-7,330,67,1,test,92,80,0.0005089493884451457,201,81,0.5909955886422615,False,[],False,[]
1-7,331,67,2,test,176,81,0.0022186864445324916,,,,False,[],False,[]
1-7,332,67,3,test,26,80,0.002964507689120377,,,,False,[],False,[]
1-7,333,67,4,test,170,80,0.006396835103998022,,,,False,[],False,[]
1-7,334,67,5,test,170,80,0.007434304827038107,,,,False,[],False,[]
1-7,335,68,1,test,92,80,0.0005089493884451457,201,81,0.5909955886422615,False,[],False,[]
1-7,336,68,2,test,176,81,0.00206059768082667,4,80,1.6156990668353142,False,[],False,[]
1-7,337,68,3,test,26,80,0.002853418866859858,,,,False,[],False,[]
1-7,338,68,4,test,170,80,0.0065098447853715324,,,,False,[],False,[]
1-7,339,68,5,test,170,80,0.007434304827038107,,,,False,[],False,[]
1-7,340,69,1,test,92,80,0.0005089493884451457,201,81,0.5909955886422615,False,[],False,[]
1-7,341,69,2,test,176,81,0.001880147646869057,4,80,1.610008775963071,False,[],False,[]
1-7,342,69,3,test,26,80,0.002826689462794185,,,,False,[],False,[]
1-7,343,69,4,test,170,80,0.006654864835403895,,,,False,[],False,[]
1-7,344,69,5,test,170,80,0.007434304827038107,,,,False,[],False,[]
1-7,345,70,1,test,92,80,0.0005089493884451457,201,81,0.5909955886422615,False,[],False,[]
1-7,346,70,2,test,176,81,0.0017509591940930713,4,80,1.6061845565741741,False,[],False,[]
1-7,347,70,3,test,26,80,0.002893819432177147,,,,False,[],False,[]
1-7,348,70,4,test,170,80,0.006771264033536117,,,,False,[],False,[]
1-7,349,70,5,test,170,80,0.007434304827038107,,,,False,[],False,[]
1-7,350,71,1,test,92,80,0.0005089493884451457,201,81,0.5909955886422615,False,[],False,[]
1-7,351,71,2,test,176,81,0.0017348958133022174,4,80,1.6057188537851916,False,[],False,[]
1-7,352,71,3,test,26,80,0.0029079112291693354,,,,False,[],False,[]
1-7,353,71,4,test,170,80,0.006785904280131705,,,,False,[],False,[]
1-7,354,71,5,test,170,80,0.007434304827038107,,,,False,[],False,[]
1-7,355,72,1,test,92,80,0.0005089493884451457,201,81,0.5909955886422615,False,[],False,[]
1-7,356,72,2,test,176,81,0.0017321487237786926,4,80,1.6056308172028848,False,[],False,[]
1-7,357,72,3,test,26,80,0.0029101702405447405,,,,False,[],False,[]
1-7,358,72,4,test,170,80,0.006787745160497405,,,,False,[],False,[]
1-7,359,72,5,test,170,80,0.007434304827038107,,,,False,[],False,[]
1-7,360,73,1,test,92,80,0.0005089493884451457,201,81,0.5909955886422615,False,[],False,[]
1-7,361,73,2,test,176,81,0.0017294720640130823,4,80,1.6055360782556565,False,[],False,[]
1-7,362,73,3,test,26,80,0.0029120562160720453,,,,False,[],False,[]
1-7,363,73,4,test,170,80,0.006788718257814463,,,,False,[],False,[]
1-7,364,73,5,test,170,80,0.007434304827038107,,,,False,[],False,[]
1-7,365,74,1,test,92,80,0.0005089493884451457,201,81,0.5909955886422615,False,[],False,[]
1-7,366,74,2,test,176,81,0.0017246687068822597,4,80,1.6053438368742405,False,[],False,[]
1-7,367,74,3,test,26,80,0.002915376885108123,,,,False,[],False,[]
1-7,368,74,4,test,170,80,0.006789838207413523,,,,False,[],False,[]
1-7,369,74,5,test,170,80,0.007434304827038107,,,,False,[],False,[]
1-7,370,75,1,test,92,80,0.0005089493884451457,201,81,0.5909955886422615,False,[],False,[]
1-7,371,75,2,test,176,81,0.0016067895383806707,4,80,1.6009051247282415,False,[],False,[]
1-7,372,75,3,test,26,80,0.0030122115783127734,,,,False,[],False,[]
1-7,373,75,4,test,170,80,0.006821057297360378,,,,False,[],False,[]
1-7,374,75,5,test,170,80,0.007434304827038107,,,,False,[],False,[]
1-7,375,76,1,test,92,80,0.0005089493884451457,201,81,0.5909955886422615,False,[],False,[]
1-7,376,76,2,test,176,81,0.0014910884545026315,4,80,1.5971129647030233,False,[],False,[]
1-7,377,76,3,test,26,80,0.0031554053144933203,,,,False,[],False,[]
1-7,378,76,4,test,170,80,0.006866151677207721,,,,False,[],False,[]
1-7,379,76,5,test,170,80,0.007434304827038107,,,,False,[],False,[]
1-7,380,77,1,test,92,80,0.0005089493884451457,201,81,0.5909955886422615,False,[],False,[]
1-7,381,77,2,test,176,81,0.0014781263613004025,4,80,1.5967625384237971,False,[],False,[]
1-7,382,77,3,test,26,80,0.003172597437908653,,,,False,[],False,[]
1-7,383,77,4,test,170,80,0.00687238398020118,,,,False,[],False,[]
1-7,384,77,5,test,170,80,0.007434304827038107,,,,False,[],False,[]
1-7,385,78,1,test,92,80,0.0005089493884451457,201,81,0.5909955886422615,False,[],False,[]
1-7,386,78,2,test,176,81,0.001474705914341068,4,80,1.596690363358102,False,[],False,[]
1-7,387,78,3,test,26,80,0.0031738456374800217,,,,False,[],False,[]
1-7,388,78,4,test,170,80,0.006873849560650402,,,,False,[],False,[]
1-7,389,78,5,test,170,80,0.007434304827038107,,,,False,[],False,[]
1-7,390,79,1,test,92,80,0.0005089493884451457,201,81,0.5909955886422615,False,[],False,[]
1-7,391,79,2,test,176,81,0.0014735440264385113,4,80,1.596680018446016,False,[],False,[]
1-7,392,79,3,test,26,80,0.003171628363976775,,,,False,[],False,[]
1-7,393,79,4,test,170,80,0.006874160246368444,,,,False,[],False,[]
1-7,394,79,5,test,170,80,0.007434304827038107,,,,False,[],False,[]
1-7,395,80,1,test,92,80,0.0005089493884451457,201,81,0.5909955886422615,False,[],False,[]
1-7,396,80,2,test,176,81,0.0014552970728465286,4,80,1.5965289586784894,False,[],False,[]
1-7,397,80,3,test,26,80,0.0031321732524549617,,,,False,[],False,[]
1-7,398,80,4,test,170,80,0.0068789282566327214,,,,False,[],False,[]
1-7,399,80,5,test,170,80,0.007434304827038107,,,,False,[],False,[]
1-7,400,81,1,test,92,80,0.0005089493884451457,201,81,0.5909955886422615,False,[],False,[]
1-7,401,81,2,test,176,81,0.0011648337917461449,4,80,1.5947573410501479,False,[],False,[]
1-7,402,81,3,test,26,80,0.002584509015004066,,,,False,[],False,[]
1-7,403,81,4,test,170,80,0.006966175044279543,,,,False,[],False,[]
1-7,404,81,5,test,170,80,0.007434304827038107,,,,False,[],False,[]
1-7,405,82,1,test,92,80,0.0005089493884451457,201,81,0.5909955886422615,False,[],False,[]
1-7,406,82,2,test,176,81,0.001251958132244324,4,80,1.5951310006511181,False,[],False,[]
1-7,407,82,3,test,26,80,0.002734937444286323,,,,False,[],False,[]
1-7,408,82,4,test,170,80,0.006936830015705775,,,,False,[],False,[]
1-7,409,82,5,test,170,80,0.007434304827038107,,,,False,[],False,[]
1-7,410,83,1,test,92,80,0.0005089493884451457,201,81,0.5909955886422615,False,[],False,[]
1-7,411,83,2,test,176,81,0.0013065278494933663,4,80,1.595435220512137,False,[],False,[]
1-7,412,83,3,test,26,80,0.0028414668335747795,,,,False,[],False,[]
1-7,413,83,4,test,170,80,0.006919496486744503,,,,False,[],False,[]
1-7,414,83,5,test,170,80,0.007434304827038107,,,,False,[],False,[]
1-7,415,84,1,test,92,80,0.0005089493884451457,201,81,0.5909955886422615,False,[],False,[]
1-7,416,84,2,test,176,81,0.001303557517733922,4,80,1.595412275499828,False,[],False,[]
1-7,417,84,3,test,26,80,0.0028387385120350883,,,,False,[],False,[]
1-7,418,84,4,test,170,80,0.006920092109226728,,,,False,[],False,[]
1-7,419,84,5,test,170,80,0.007434304827038107,,,,False,[],False,[]
1-7,420,85,1,test,92,80,0.0005089493884451457,201,81,0.5909955886422615,False,[],False,[]
1-7,421,85,2,test,176,81,0.0013017801315157174,4,80,1.595395402696578,False,[],False,[]
1-7,422,85,3,test,26,80,0.002839084976694606,,,,False,[],False,[]
1-7,423,85,4,test,170,80,0.006920213581368184,,,,False,[],False,[]
1-7,424,85,5,test,170,80,0.007434304827038107,,,,False,[],False,[]
1-7,425,86,1,test,92,80,0.0005089493884451457,201,81,0.5909955886422615,False,[],False,[]
1-7,426,86,2,test,176,81,0.0013000030030627663,4,80,1.5953782142389554,False,[],False,[]
1-7,427,86,3,test,26,80,0.0028393972508878873,,,,False,[],False,[]
1-7,428,86,4,test,170,80,0.006920383214027326,,,,False,[],False,[]
1-7,429,86,5,test,170,80,0.007434304827038107,,,,False,[],False,[]
1-7,430,87,1,test,92,80,0.0005089493884451457,201,81,0.5909955886422615,False,[],False,[]
1-7,431,87,2,test,176,81,0.0012965814801825237,4,80,1.595344971638722,False,[],False,[]
1-7,432,87,3,test,26,80,0.0028400839739401995,,,,False,[],False,[]
1-7,433,87,4,test,170,80,0.006920701813131869,,,,False,[],False,[]
1-7,434,87,5,test,170,80,0.007434304827038107,,,,False,[],False,[]
1-7,435,88,1,test,92,80,0.0005089493884451457,201,81,0.5909955886422615,False,[],False,[]
1-7,436,88,2,test,176,81,0.0012863134190296277,4,80,1.5952467832055501,False,[],False,[]
1-7,437,88,3,test,26,80,0.002842133125284585,,,,False,[],False,[]
1-7,438,88,4,test,170,80,0.006921668531132408,,,,False,[],False,[]
1-7,439,88,5,test,170,80,0.007434304827038107,,,,False,[],False,[]
1-7,440,89,1,test,92,80,0.0005089493884451457,201,81,0.5909955886422615,False,[],False,[]
1-7,441,89,2,test,176,81,0.0012540286966293834,4,80,1.5949480488153445,False,[],False,[]
1-7,442,89,3,test,26,80,0.002848666337238015,,,,False,[],False,[]
1-7,443,89,4,test,170,80,0.00692479742385399,,,,False,[],False,[]
1-7,444,89,5,test,170,80,0.007434304827038107,,,,False,[],False,[]
1-7,445,90,1,test,92,80,0.0005089493884451457,201,81,0.5909955886422615,False,[],False,[]
1-7,446,90,2,test,176,81,0.0011922447077905574,4,80,1.5944215875807697,False,[],False,[]
1-7,447,90,3,test,26,80,0.0028616443776829925,,,,False,[],False,[]
1-7,448,90,4,test,170,80,0.006931194959734821,,,,False,[],False,[]
1-7,449,90,5,test,170,80,0.007434304827038107,,,,False,[],False,[]
1-7,450,91,1,test,92,80,0.0005089493884451457,201,81,0.5909955886422615,False,[],False,[]
1-7,451,91,2,test,176,81,0.0007676010929076327,4,80,1.5931974389311003,False,[],False,[]
1-7,452,91,3,test,26,80,0.0029786423354235536,,,,False,[],False,[]
1-7,453,91,4,test,170,80,0.006998245375143708,,,,False,[],False,[]
1-7,454,91,5,test,170,80,0.007434304827038107,,,,False,[],False,[]
1-7,455,92,1,test,92,80,0.0005089493884451457,201,81,0.5909955886422615,False,[],False,[]
1-7,456,92,2,test,176,81,0.0007743062820602109,4,80,1.5931777463286985,False,[],False,[]
1-7,457,92,3,test,26,80,0.002974096951905869,,,,False,[],False,[]
1-7,458,92,4,test,170,80,0.006996698104380861,,,,False,[],False,[]
1-7,459,92,5,test,170,80,0.007434304827038107,,,,False,[],False,[]
1-7,460,93,1,test,92,80,0.0005089493884451457,201,81,0.5909955886422615,False,[],False,[]
1-7,461,93,2,test,176,81,0.0007763715225492795,4,80,1.5931811879739297,False,[],False,[]
1-7,462,93,3,test,26,80,0.002970855995510613,,,,False,[],False,[]
1-7,463,93,4,test,170,80,0.006996233746148439,,,,False,[],False,[]
1-7,464,93,5,test,170,80,0.007434304827038107,,,,False,[],False,[]
1-7,465,94,1,test,92,80,0.0005089493884451457,201,81,0.5909955886422615,False,[],False,[]
1-7,466,94,2,test,176,81,0.0007808118125236518,4,80,1.593201044787625,False,[],False,[]
1-7,467,94,3,test,26,80,0.0029612787411426034,,,,False,[],False,[]
1-7,468,94,4,test,170,80,0.006995186545014409,,,,False,[],False,[]
1-7,469,94,5,test,170,80,0.007434304827038107,,,,False,[],False,[]
1-7,470,95,1,test,92,80,0.0005089493884451457,201,81,0.5909955886422615,False,[],False,[]
1-7,471,95,2,test,176,81,0.0008092211940180505,4,80,1.5933561273716519,False,[],False,[]
1-7,472,95,3,test,26,80,0.002900961069312147,,,,False,[],False,[]
1-7,473,95,4,test,170,80,0.006989022109582632,,,,False,[],False,[]
1-7,474,95,5,test,170,80,0.007434304827038107,,,,False,[],False,[]
1-7,475,96,1,test,92,80,0.0005089493884451457,201,81,0.5909955886422615,False,[],False,[]
1-7,476,96,2,test,176,81,0.0009112205145749286,4,80,1.594120858302923,False,[],False,[]
1-7,477,96,3,test,26,80,0.0027125123161715337,,,,False,[],False,[]
1-7,478,96,4,test,170,80,0.006969317122776708,,,,False,[],False,[]
1-7,479,96,5,test,170,80,0.007434304827038107,,,,False,[],False,[]
1-7,480,97,1,test,92,80,0.0005089493884451457,201,81,0.5909955886422615,False,[],False,[]
1-7,481,97,2,test,176,81,0.00093002693557942,4,80,1.5942959605473637,False,[],False,[]
1-7,482,97,3,test,26,80,0.0026818924501497143,,,,False,[],False,[]
1-7,483,97,4,test,170,80,0.006966318883336764,,,,False,[],False,[]
1-7,484,97,5,test,170,80,0.007434304827038107,,,,False,[],False,[]
1-7,485,98,1,test,92,80,0.0005089493884451457,201,81,0.5909955886422615,False,[],False,[]
1-7,486,98,2,test,176,81,0.0009441722554094367,4,80,1.5944391468451984,False,[],False,[]
1-7,487,98,3,test,26,80,0.002659113142924885,,,,False,[],False,[]
1-7,488,98,4,test,170,80,0.006964436586848088,,,,False,[],False,[]
1-7,489,98,5,test,170,80,0.007434304827038107,,,,False,[],False,[]
1-7,490,99,1,test,92,80,0.0005089493884451457,201,81,0.5909955886422615,False,[],False,[]
1-7,491,99,2,test,176,81,0.0009454858137778466,4,80,1.5944590757139692,False,[],False,[]
1-7,492,99,3,test,26,80,0.0026564156569068853,,,,False,[],False,[]
1-7,493,99,4,test,170,80,0.006964567488072171,,,,False,[],False,[]
1-7,494,99,5,test,170,80,0.007434304827038107,,,,False,[],False,[]
1-7,495,100,1,test,92,80,0.0005089493884451457,201,81,0.5909955886422615,False,[],False,[]
1-7,496,100,2,test,176,81,0.0009456209311927699,4,80,1.5944702201195344,False,[],False,[]
1-7,497,100,3,test,26,80,0.0026553070103710885,,,,False,[],False,[]
1-7,498,100,4,test,170,80,0.006965008642569992,,,,False,[],False,[]
1-7,499,100,5,test,170,80,0.007434304827038107,,,,False,[],False,[]
1-7,500,101,1,test,92,80,0.0005089493884451457,201,81,0.5909955886422615,False,[],False,[]
1-7,501,101,2,test,176,81,0.0009502718177502034,4,80,1.5949942905089582,False,[],False,[]
1-7,502,101,3,test,26,80,0.0026115131579245165,,,,False,[],False,[]
1-7,503,101,4,test,170,80,0.006986031180662211,,,,False,[],False,[]
1-7,504,101,5,test,170,80,0.007434304827038107,,,,False,[],False,[]
1-7,505,102,1,test,92,80,0.0005089493884451457,201,81,0.5909955886422615,False,[],False,[]
1-7,506,102,2,test,176,81,0.001055533872515113,4,80,1.6023924119361765,False,[],False,[]
1-7,507,102,3,test,26,80,0.0023167593965067734,,,,False,[],False,[]
1-7,508,102,4,test,170,80,0.0071901947276954425,,,,False,[],False,[]
1-7,509,102,5,test,170,80,0.007434304827038107,,,,False,[],False,[]
1-7,510,103,1,test,92,80,0.0005089493884451457,201,81,0.5909955886422615,False,[],False,[]
1-7,511,103,2,test,176,81,0.0013057339367288368,,,,False,[],False,[]
1-7,512,103,3,test,26,80,0.002062940584989126,,,,False,[],False,[]
1-7,513,103,4,test,170,80,0.007499986869040853,,,,False,[],False,[]
1-7,514,103,5,test,170,80,0.007434304827038107,,,,False,[],False,[]
1-7,515,104,1,test,92,80,0.0005089493884451457,201,81,0.5909955886422615,False,[],False,[]
1-7,516,104,2,test,176,81,0.001542042540202626,,,,False,[],False,[]
1-7,517,104,3,test,26,80,0.0019320285806534443,,,,False,[],False,[]
1-7,518,104,4,test,170,80,0.007748818371380084,,,,False,[],False,[]
1-7,519,104,5,test,170,80,0.007434304827038107,,,,False,[],False,[]
1-7,520,105,1,test,92,80,0.0005089493884451457,201,81,0.5909955886422615,False,[],False,[]
1-7,521,105,2,test,176,81,0.0015406709329960355,,,,False,[],False,[]
1-7,522,105,3,test,26,80,0.001933641428292221,,,,False,[],False,[]
1-7,523,105,4,test,170,80,0.0077439438188340315,,,,False,[],False,[]
1-7,524,105,5,test,170,80,0.007434304827038107,,,,False,[],False,[]
1-7,525,106,1,test,92,80,0.0005089493884451457,201,81,0.5909955886422615,False,[],False,[]
1-7,526,106,2,test,176,81,0.0015409600734619389,,,,False,[],False,[]
1-7,527,106,3,test,26,80,0.0019355332105687184,,,,False,[],False,[]
1-7,528,106,4,test,170,80,0.00773737767675331,,,,False,[],False,[]
1-7,529,106,5,test,170,80,0.007434304827038107,,,,False,[],False,[]
1-7,530,107,1,test,92,80,0.0005089493884451457,201,81,0.5909955886422615,False,[],False,[]
1-7,531,107,2,test,176,81,0.0015538418428869827,,,,False,[],False,[]
1-7,532,107,3,test,26,80,0.002001851459738302,,,,False,[],False,[]
1-7,533,107,4,test,170,80,0.007557830401235033,,,,False,[],False,[]
1-7,534,107,5,test,170,80,0.007434304827038107,,,,False,[],False,[]
1-7,535,108,1,test,92,80,0.0005089493884451457,201,81,0.5909955886422615,False,[],False,[]
1-7,536,108,2,test,176,81,0.0015661605100363296,,,,False,[],False,[]
1-7,537,108,3,test,26,80,0.0020688989575327055,,,,False,[],False,[]
1-7,538,108,4,test,170,80,0.007459920262806952,,,,False,[],False,[]
1-7,539,108,5,test,170,80,0.007434304827038107,,,,False,[],False,[]
1-7,540,109,1,test,92,80,0.0005089493884451457,201,81,0.5909955886422615,False,[],False,[]
1-7,541,109,2,test,176,81,0.0015694563657115967,,,,False,[],False,[]
1-7,542,109,3,test,26,80,0.002086656951615029,,,,False,[],False,[]
1-7,543,109,4,test,170,80,0.007444191153827218,,,,False,[],False,[]
1-7,544,109,5,test,170,80,0.007434304827038107,,,,False,[],False,[]
1-7,545,110,1,test,92,80,0.0005089493884451457,201,81,0.5909955886422615,False,[],False,[]
1-7,546,110,2,test,176,81,0.001569600612946087,,,,False,[],False,[]
1-7,547,110,3,test,26,80,0.0020866500209474337,,,,False,[],False,[]
1-7,548,110,4,test,170,80,0.007444317411470225,,,,False,[],False,[]
1-7,549,110,5,test,170,80,0.007434304827038107,,,,False,[],False,[]
1-7,550,111,1,test,92,80,0.0005089493884451457,201,81,0.5909955886422615,False,[],False,[]
1-7,551,111,2,test,176,81,0.001570090649227751,,,,False,[],False,[]
1-7,552,111,3,test,26,80,0.0020850703550192584,,,,False,[],False,[]
1-7,553,111,4,test,170,80,0.00744624859453924,,,,False,[],False,[]
1-7,554,111,5,test,170,80,0.007434304827038107,,,,False,[],False,[]
1-7,555,112,1,test,92,80,0.0005089493884451457,201,81,0.5909955886422615,False,[],False,[]
1-7,556,112,2,test,176,81,0.0016122578596622361,,,,False,[],False,[]
1-7,557,112,3,test,26,80,0.001954102385522072,,,,False,[],False,[]
1-7,558,112,4,test,170,80,0.007864950985804864,,,,False,[],False,[]
1-7,559,112,5,test,170,80,0.007434304827038107,,,,False,[],False,[]
1-7,560,113,1,test,92,80,0.0005089493884451457,201,81,0.5909955886422615,False,[],False,[]
1-7,561,113,2,test,176,81,0.001599826569910423,,,,False,[],False,[]
1-7,562,113,3,test,26,80,0.001992961980261665,,,,False,[],False,[]
1-7,563,113,4,test,170,80,0.007687459345650072,,,,False,[],False,[]
1-7,564,113,5,test,170,80,0.007434304827038107,,,,False,[],False,[]
