task_id,system,site,site_num,arm,status,scientific_success,converged,energy,force,disp,steps,initial_force,min_dist,wall_s
epmlff_0424_Cr@Bi2Te3_unique_020_base,Cr@Bi2Te3,sb2te3_4x2x1::victor::unique_020,20,base,completed,True,True,-298.41760150962403,0.02073196721897292,0.5112137088973466,53,0.9008102728287438,2.649243616333819,13.336249113082886
epmlff_0425_Cr@Bi2Te3_unique_020_perturb_a_dx020,Cr@Bi2Te3,sb2te3_4x2x1::victor::unique_020,20,perturb_a_dx020,completed,True,True,-298.41563002256265,0.024048186657897538,0.546808746185898,52,1.5195582045810887,2.6507210821930927,16.04185700416565
epmlff_0426_Cr@Bi2Te3_unique_020_perturb_b_tilt020,Cr@Bi2Te3,sb2te3_4x2x1::victor::unique_020,20,perturb_b_tilt020,completed,True,True,-298.41711220577355,0.028049027468346265,0.626833365863572,53,1.631969195538097,2.648246790244237,16.25263214111328
epmlff_0427_Cr@Bi2Te3_unique_031_base,Cr@Bi2Te3,sb2te3_4x2x1::victor::unique_031,31,base,completed,True,True,-301.2876680061603,0.018336175259670004,0.40990575834069765,54,0.9257109287397746,2.7152507230177942,16.219074487686157
epmlff_0428_Cr@Bi2Te3_unique_031_perturb_a_dx020,Cr@Bi2Te3,sb2te3_4x2x1::victor::unique_031,31,perturb_a_dx020,completed,True,True,-301.26233615173356,0.028536573977908843,0.35732470487485984,48,1.530272675116912,2.7150024705980456,15.214857339859009
epmlff_0429_Cr@Bi2Te3_unique_031_perturb_b_tilt020,Cr@Bi2Te3,sb2te3_4x2x1::victor::unique_031,31,perturb_b_tilt020,completed,True,True,-301.2593574186593,0.029869684904151816,0.3568655088214994,47,1.0869779487717335,2.7157413470828287,13.436858415603638
epmlff_0430_Cr@Bi2Te3_unique_039_base,Cr@Bi2Te3,sb2te3_4x2x1::victor::unique_039,39,base,completed,True,True,-299.67474105113837,0.028903812407046727,2.104326828854338,117,1.3771862713411787,2.6710013767701817,23.259145498275757
epmlff_0431_Cr@Bi2Te3_unique_039_perturb_a_dx020,Cr@Bi2Te3,sb2te3_4x2x1::victor::unique_039,39,perturb_a_dx020,completed,True,True,-299.6747358401393,0.02891616955544651,2.105246113543931,117,1.9054422364477075,2.6710029943330227,200.33356547355652
epmlff_0432_Cr@Bi2Te3_unique_039_perturb_b_tilt020,Cr@Bi2Te3,sb2te3_4x2x1::victor::unique_039,39,perturb_b_tilt020,completed,True,True,-299.6738578107939,0.02991897011231031,2.1018442781348874,117,2.2831940301943527,2.6710642132001587,26.733680963516235
epmlff_0433_Cr@Bi2Te3_unique_041_base,Cr@Bi2Te3,sb2te3_4x2x1::joshitha::unique_041,41,base,completed,True,True,-299.5095251201267,0.025947870890054618,2.2287582152952545,69,1.9325306442755805,2.6578485983381803,19.41102910041809
epmlff_0434_Cr@Bi2Te3_unique_041_perturb_a_dx020,Cr@Bi2Te3,sb2te3_4x2x1::joshitha::unique_041,41,perturb_a_dx020,completed,True,True,-299.50963144723454,0.026457117011108287,2.2309137164703428,69,1.9272868660688975,2.6578481598958623,19.60966658592224
epmlff_0435_Cr@Bi2Te3_unique_041_perturb_b_tilt020,Cr@Bi2Te3,sb2te3_4x2x1::joshitha::unique_041,41,perturb_b_tilt020,completed,True,True,-299.509287862068,0.027300890727314994,2.226848826653589,69,1.936091047655057,2.6577133236167394,19.480234622955322
epmlff_0436_Cr@Bi2Te3_unique_042_base,Cr@Bi2Te3,sb2te3_4x2x1::joshitha::unique_042,42,base,completed,True,True,-301.36419889142593,0.02191353440822902,0.4733295408391808,53,0.9341922585411481,2.710516453733952,14.20993447303772
epmlff_0437_Cr@Bi2Te3_unique_042_perturb_a_dx020,Cr@Bi2Te3,sb2te3_4x2x1::joshitha::unique_042,42,perturb_a_dx020,completed,True,True,-301.3638464319219,0.023536201298946458,0.5704997636102732,53,1.4264694387376857,2.709287764851011,39.788530588150024
epmlff_0438_Cr@Bi2Te3_unique_042_perturb_b_tilt020,Cr@Bi2Te3,sb2te3_4x2x1::joshitha::unique_042,42,perturb_b_tilt020,completed,True,True,-301.3639954150858,0.0261655224297096,0.5625827717171905,53,1.5978579742689132,2.7116482653483245,13.527939558029175
epmlff_0439_Cr@Bi2Te3_unique_043_base,Cr@Bi2Te3,sb2te3_4x2x1::joshitha::unique_043,43,base,completed,True,True,-300.8534166321582,0.019573371317687945,0.47923391368154905,55,1.0197600221229677,2.671558634216951,34.37983012199402
epmlff_0440_Cr@Bi2Te3_unique_043_perturb_a_dx020,Cr@Bi2Te3,sb2te3_4x2x1::joshitha::unique_043,43,perturb_a_dx020,completed,True,True,-300.8533083257078,0.019819258339306638,0.4887390594287338,55,1.5461414006972634,2.671752054995574,16.84322428703308
epmlff_0441_Cr@Bi2Te3_unique_043_perturb_b_tilt020,Cr@Bi2Te3,sb2te3_4x2x1::joshitha::unique_043,43,perturb_b_tilt020,completed,True,True,-300.8487693863541,0.02291553878871459,0.47129304103594316,54,1.0171168757191242,2.6736549515279537,16.75725483894348
epmlff_0442_Cr@Bi2Te3_unique_044_base,Cr@Bi2Te3,sb2te3_4x2x1::joshitha::unique_044,44,base,completed,True,True,-300.8348571120479,0.01571100331075723,1.3466232892523682,68,1.5967784685775226,2.6707587913438955,18.82255506515503
epmlff_0443_Cr@Bi2Te3_unique_044_perturb_a_dx020,Cr@Bi2Te3,sb2te3_4x2x1::joshitha::unique_044,44,perturb_a_dx020,completed,True,True,-300.8227176388948,0.02439165867098484,1.3203400964394663,69,2.4198326897479454,2.670427575795144,19.03775691986084
epmlff_0444_Cr@Bi2Te3_unique_044_perturb_b_tilt020,Cr@Bi2Te3,sb2te3_4x2x1::joshitha::unique_044,44,perturb_b_tilt020,completed,True,True,-300.8342451796973,0.017671908487153918,1.3424936371156444,68,1.5215520747635078,2.67077598924594,18.24863290786743
epmlff_0445_Cr@Bi2Te3_unique_051_base,Cr@Bi2Te3,sb2te3_4x2x1::victor::unique_051,51,base,completed,True,True,-301.3611451345022,0.029480580560017747,0.44688716667649303,51,0.8502038863106405,2.7087050215121606,195.03584551811218
epmlff_0446_Cr@Bi2Te3_unique_051_perturb_a_dx020,Cr@Bi2Te3,sb2te3_4x2x1::victor::unique_051,51,perturb_a_dx020,completed,True,True,-301.36060974692555,0.02993567427478232,0.5276539941256414,51,1.3356882677011594,2.7074918209488295,13.123796224594116
epmlff_0447_Cr@Bi2Te3_unique_051_perturb_b_tilt020,Cr@Bi2Te3,sb2te3_4x2x1::victor::unique_051,51,perturb_b_tilt020,completed,True,True,-301.3661618047614,0.01273833866775239,0.5327369849914422,54,0.9200132837588937,2.708452672360382,16.52791690826416
epmlff_0448_Cr@Bi2Te3_unique_052_base,Cr@Bi2Te3,sb2te3_4x2x1::victor::unique_052,52,base,completed,True,True,-298.6119310542482,0.029792092443786344,0.4455372307235748,53,0.8328891489422254,2.648536686815125,16.14438009262085
epmlff_0449_Cr@Bi2Te3_unique_052_perturb_a_dx020,Cr@Bi2Te3,sb2te3_4x2x1::victor::unique_052,52,perturb_a_dx020,completed,True,True,-298.623775921915,0.028673374614289187,0.47605152515182464,57,1.4550318700146043,2.657221249919999,17.009127855300903
epmlff_0450_Cr@Bi2Te3_unique_052_perturb_b_tilt020,Cr@Bi2Te3,sb2te3_4x2x1::victor::unique_052,52,perturb_b_tilt020,completed,True,True,-298.58664204384263,0.029302624642248244,0.3858172434719841,52,1.1870036183287809,2.641824084419118,16.161335229873657
epmlff_0451_Cr@Bi2Te3_unique_056_base,Cr@Bi2Te3,sb2te3_4x2x1::victor::unique_056,56,base,completed,True,True,-299.160203937694,0.01649628176861016,0.5038513795700791,55,1.9192004421907451,2.7554491180679404,15.467312335968018
epmlff_0452_Cr@Bi2Te3_unique_056_perturb_a_dx020,Cr@Bi2Te3,sb2te3_4x2x1::victor::unique_056,56,perturb_a_dx020,completed,True,True,-299.16053799454625,0.016950373267218353,0.5028205120684841,55,1.916852202872349,2.755185350787883,41.77571153640747
epmlff_0453_Cr@Bi2Te3_unique_056_perturb_b_tilt020,Cr@Bi2Te3,sb2te3_4x2x1::victor::unique_056,56,perturb_b_tilt020,completed,True,True,-299.1601356155548,0.015944311467339232,0.506322074047179,55,1.919483117183079,2.755644042304185,14.154829263687134
epmlff_0454_Cr@Bi2Te3_unique_057_base,Cr@Bi2Te3,sb2te3_4x2x1::victor::unique_057,57,base,completed,True,True,-301.3390774701385,0.028552965775388708,0.3593464122797399,47,0.8508327280535661,2.7002936232293506,32.28941488265991
epmlff_0455_Cr@Bi2Te3_unique_057_perturb_a_dx020,Cr@Bi2Te3,sb2te3_4x2x1::victor::unique_057,57,perturb_a_dx020,completed,True,True,-301.3451097929577,0.029265439781004425,0.4085727032809971,48,1.4372083027348521,2.700462935918145,15.44326114654541
epmlff_0456_Cr@Bi2Te3_unique_057_perturb_b_tilt020,Cr@Bi2Te3,sb2te3_4x2x1::victor::unique_057,57,perturb_b_tilt020,completed,True,True,-301.33905356709454,0.026078920792667225,0.4656189717004113,47,0.9474150693823032,2.699446630172114,15.210328102111816
epmlff_0457_Cr@Bi2Te3_unique_065_base,Cr@Bi2Te3,sb2te3_4x2x1::victor::unique_065,65,base,completed,True,True,-298.6370207534413,0.017887513799743595,0.48795815126320696,59,1.6148801708865836,2.7443788778425517,16.996641159057617
epmlff_0458_Cr@Bi2Te3_unique_065_perturb_a_dx020,Cr@Bi2Te3,sb2te3_4x2x1::victor::unique_065,65,perturb_a_dx020,completed,True,True,-298.63729382884253,0.01680249804214137,0.48754349561218546,59,1.6121266426197467,2.7442264396450566,16.648077726364136
epmlff_0459_Cr@Bi2Te3_unique_065_perturb_b_tilt020,Cr@Bi2Te3,sb2te3_4x2x1::victor::unique_065,65,perturb_b_tilt020,completed,True,True,-298.6369724905836,0.018386225085518945,0.4843124001768683,59,1.6964327494743578,2.744610887890268,16.009276390075684
epmlff_0460_Cr@Bi2Te3_unique_066_base,Cr@Bi2Te3,sb2te3_4x2x1::joshitha::unique_066,66,base,completed,True,True,-300.43934314292517,0.022222051027038565,0.4613204670679852,54,2.0524905593305833,2.678071926238613,13.082075119018555
epmlff_0461_Cr@Bi2Te3_unique_066_perturb_a_dx020,Cr@Bi2Te3,sb2te3_4x2x1::joshitha::unique_066,66,perturb_a_dx020,completed,True,True,-300.4465185324213,0.029050697601705817,0.6096928457007936,55,3.0478314721493613,2.677937543673819,16.702642679214478
epmlff_0462_Cr@Bi2Te3_unique_066_perturb_b_tilt020,Cr@Bi2Te3,sb2te3_4x2x1::joshitha::unique_066,66,perturb_b_tilt020,completed,True,True,-300.40632244902577,0.029607573449265255,0.43471037267241786,48,1.7085959266446653,2.6782203091294643,15.329491138458252
epmlff_0463_Cr@Bi2Te3_unique_067_base,Cr@Bi2Te3,sb2te3_4x2x1::joshitha::unique_067,67,base,completed,True,True,-300.4380932314666,0.022955487105738033,1.821806245133065,66,1.8285466273771485,2.6773215452498897,18.408171892166138
epmlff_0464_Cr@Bi2Te3_unique_067_perturb_a_dx020,Cr@Bi2Te3,sb2te3_4x2x1::joshitha::unique_067,67,perturb_a_dx020,completed,True,True,-300.66077997255945,0.02375503040442693,2.034822778571276,111,2.2934042626551157,2.7448051914063902,24.98843550682068
epmlff_0465_Cr@Bi2Te3_unique_067_perturb_b_tilt020,Cr@Bi2Te3,sb2te3_4x2x1::joshitha::unique_067,67,perturb_b_tilt020,completed,True,True,-300.662065832979,0.027288041690414152,1.8650438758945043,101,0.9792207655931557,2.7439762675126964,22.472450494766235
epmlff_0466_Cr@Bi2Te3_unique_068_base,Cr@Bi2Te3,sb2te3_4x2x1::joshitha::unique_068,68,base,completed,True,True,-301.36545323343773,0.022830861704946512,0.4846282826497846,53,0.8987550762930929,2.706061032638784,28.330766201019287
epmlff_0467_Cr@Bi2Te3_unique_068_perturb_a_dx020,Cr@Bi2Te3,sb2te3_4x2x1::joshitha::unique_068,68,perturb_a_dx020,completed,True,True,-301.36282762620976,0.025003272959877573,0.6078710112405449,53,1.4877884122708398,2.7083829597286946,34.609490394592285
epmlff_0468_Cr@Bi2Te3_unique_068_perturb_b_tilt020,Cr@Bi2Te3,sb2te3_4x2x1::joshitha::unique_068,68,perturb_b_tilt020,completed,True,True,-301.3654073292353,0.023304982039160954,0.5421150481230442,53,1.1522107991372776,2.7048016542704816,13.403292894363403
epmlff_0469_Cr@Bi2Te3_unique_069_base,Cr@Bi2Te3,sb2te3_4x2x1::joshitha::unique_069,69,base,completed,True,True,-301.0363391117634,0.021722703497154664,2.684500702320782,90,1.9568538995694016,2.7584598816078953,23.107787132263184
epmlff_0470_Cr@Bi2Te3_unique_069_perturb_a_dx020,Cr@Bi2Te3,sb2te3_4x2x1::joshitha::unique_069,69,perturb_a_dx020,completed,True,True,-301.03050072048364,0.025907580405792743,2.652105050212889,89,2.6070727639961917,2.7582504447590646,23.263837099075317
epmlff_0471_Cr@Bi2Te3_unique_069_perturb_b_tilt020,Cr@Bi2Te3,sb2te3_4x2x1::joshitha::unique_069,69,perturb_b_tilt020,completed,True,True,-301.02839687975217,0.025424762878784746,2.6442932097691956,89,2.7168379416027664,2.758362421651117,22.072529792785645
epmlff_0472_Cr@Bi2Te3_unique_070_base,Cr@Bi2Te3,sb2te3_4x2x1::joshitha::unique_070,70,base,completed,True,True,-300.22301770847173,0.02763046637603789,1.1622658676597024,64,1.14505125994562,2.671850424555156,18.387707471847534
epmlff_0473_Cr@Bi2Te3_unique_070_perturb_a_dx020,Cr@Bi2Te3,sb2te3_4x2x1::joshitha::unique_070,70,perturb_a_dx020,completed,True,True,-300.3173854303672,0.024808609052554755,1.2246496368703763,78,1.0859188757546336,2.6670859496165042,19.802325963974
epmlff_0474_Cr@Bi2Te3_unique_070_perturb_b_tilt020,Cr@Bi2Te3,sb2te3_4x2x1::joshitha::unique_070,70,perturb_b_tilt020,completed,True,True,-300.2214172460815,0.026490802399762023,1.1045155240187075,64,1.2828149896052508,2.6688905894633055,14.796170473098755
epmlff_0475_Cr@Bi2Te3_unique_071_base,Cr@Bi2Te3,sb2te3_4x2x1::joshitha::unique_071,71,base,completed,True,True,-300.1574718757169,0.019110418831543213,0.44950577629640315,54,1.8862553073453532,2.7549445908454753,46.14661645889282
epmlff_0476_Cr@Bi2Te3_unique_071_perturb_a_dx020,Cr@Bi2Te3,sb2te3_4x2x1::joshitha::unique_071,71,perturb_a_dx020,completed,True,True,-300.1572353362145,0.018778191360398173,0.451316685737467,54,1.9357403415641394,2.7540307522443466,16.175511121749878
epmlff_0477_Cr@Bi2Te3_unique_071_perturb_b_tilt020,Cr@Bi2Te3,sb2te3_4x2x1::joshitha::unique_071,71,perturb_b_tilt020,completed,True,True,-300.157367778656,0.020770714071304312,0.4472472465176597,54,1.86970147514612,2.754377210613782,16.352829217910767
epmlff_0478_Cr@Bi2Te3_unique_072_base,Cr@Bi2Te3,sb2te3_4x2x1::joshitha::unique_072,72,base,completed,True,True,-301.2494313005236,0.02776946308375352,0.41025388804725355,51,3.0745801051010204,2.6852754762303337,15.94089412689209
epmlff_0479_Cr@Bi2Te3_unique_072_perturb_a_dx020,Cr@Bi2Te3,sb2te3_4x2x1::joshitha::unique_072,72,perturb_a_dx020,completed,True,True,-301.2553302932805,0.0220756204068741,0.4079192717293847,53,1.5654534625352305,2.682009489451551,15.696325778961182
epmlff_0480_Cr@Bi2Te3_unique_072_perturb_b_tilt020,Cr@Bi2Te3,sb2te3_4x2x1::joshitha::unique_072,72,perturb_b_tilt020,completed,True,True,-301.232078734239,0.029787777470300487,0.459762810062652,55,7.146078879377308,2.6854913589421128,14.615951299667358
epmlff_0481_Cr@Bi2Te3_unique_073_base,Cr@Bi2Te3,sb2te3_4x2x1::joshitha::unique_073,73,base,completed,True,True,-301.26240529152614,0.017374167157785232,1.9040522785287737,77,1.017985812142942,2.681489218621914,51.687031507492065
epmlff_0482_Cr@Bi2Te3_unique_073_perturb_a_dx020,Cr@Bi2Te3,sb2te3_4x2x1::joshitha::unique_073,73,perturb_a_dx020,completed,True,True,-301.25936169236775,0.026812426739693574,1.7680983151144107,74,1.3805253218999756,2.6773669077598212,16.863116025924683
epmlff_0483_Cr@Bi2Te3_unique_073_perturb_b_tilt020,Cr@Bi2Te3,sb2te3_4x2x1::joshitha::unique_073,73,perturb_b_tilt020,completed,True,True,-301.2602853216684,0.026495082096100346,1.8022300087766023,72,1.6653790120585503,2.6776126163221234,134.4538996219635
epmlff_0484_Cr@Bi2Te3_unique_077_base,Cr@Bi2Te3,sb2te3_4x2x1::joshitha::unique_077,77,base,completed,True,True,-301.220776692521,0.026130399506250592,0.34007986292449194,47,0.9423022685872012,2.685881980656405,15.24022126197815
epmlff_0485_Cr@Bi2Te3_unique_077_perturb_a_dx020,Cr@Bi2Te3,sb2te3_4x2x1::joshitha::unique_077,77,perturb_a_dx020,completed,True,True,-301.22034542593946,0.0262674277878957,0.36399209573765773,47,1.380782245142639,2.6840559522622605,15.186607599258423
epmlff_0486_Cr@Bi2Te3_unique_077_perturb_b_tilt020,Cr@Bi2Te3,sb2te3_4x2x1::joshitha::unique_077,77,perturb_b_tilt020,completed,True,True,-301.2487028383576,0.029785820219522623,0.414763796091231,51,1.2084676334517086,2.6812422286828634,15.872803926467896
epmlff_0487_Cr@Bi2Te3_unique_078_base,Cr@Bi2Te3,sb2te3_4x2x1::joshitha::unique_078,78,base,completed,True,True,-301.46694137985895,0.021571683354203043,0.46009315778930304,54,0.8379099215469406,2.648222764140986,16.149373769760132
epmlff_0488_Cr@Bi2Te3_unique_078_perturb_a_dx020,Cr@Bi2Te3,sb2te3_4x2x1::joshitha::unique_078,78,perturb_a_dx020,completed,True,True,-301.438466063923,0.02604325853781876,0.3885533541038911,49,1.414003401715783,2.6411719203891555,14.556708812713623
epmlff_0489_Cr@Bi2Te3_unique_078_perturb_b_tilt020,Cr@Bi2Te3,sb2te3_4x2x1::joshitha::unique_078,78,perturb_b_tilt020,completed,True,True,-301.4611611195341,0.02436955788986884,0.44301754373294305,53,1.325538450857588,2.6416446674561858,13.385871648788452
epmlff_0490_Cr@Bi2Te3_unique_080_base,Cr@Bi2Te3,sb2te3_4x2x1::joshitha::unique_080,80,base,completed,True,True,-300.7853504222821,0.02875843881785996,2.025121814462503,73,1.9650495653080522,2.6798306419730724,57.39170598983765
epmlff_0491_Cr@Bi2Te3_unique_080_perturb_a_dx020,Cr@Bi2Te3,sb2te3_4x2x1::joshitha::unique_080,80,perturb_a_dx020,completed,True,True,-300.78626689643283,0.02880168638283475,2.028665189664933,73,2.3394670456715945,2.6790212210712694,19.69706964492798
epmlff_0492_Cr@Bi2Te3_unique_080_perturb_b_tilt020,Cr@Bi2Te3,sb2te3_4x2x1::joshitha::unique_080,80,perturb_b_tilt020,completed,True,True,-300.7889294714329,0.028248151758068614,2.029039383363186,74,1.9755906508053371,2.6791208957713954,19.630189180374146
epmlff_0493_Cr@Bi2Te3_unique_093_base,Cr@Bi2Te3,sb2te3_4x2x1::joshitha::unique_093,93,base,completed,True,True,-301.22085712467646,0.029100095139793527,0.3218214562939597,47,0.8543088666894105,2.6853854788332336,14.951960325241089
epmlff_0494_Cr@Bi2Te3_unique_093_perturb_a_dx020,Cr@Bi2Te3,sb2te3_4x2x1::joshitha::unique_093,93,perturb_a_dx020,completed,True,True,-301.2545637076079,0.02856308249935587,0.4121540734353507,53,1.5875315022140444,2.686038388716057,15.64907193183899
epmlff_0495_Cr@Bi2Te3_unique_093_perturb_b_tilt020,Cr@Bi2Te3,sb2te3_4x2x1::joshitha::unique_093,93,perturb_b_tilt020,completed,True,True,-301.2611207102893,0.023286379571519456,0.4319496591958818,54,0.9584119548291259,2.6808586328220136,15.995367288589478
epmlff_0496_Cr@Bi2Te3_unique_096_base,Cr@Bi2Te3,sb2te3_4x2x1::joshitha::unique_096,96,base,completed,True,True,-299.97493273627344,0.025783395574629376,2.9393897865662075,164,1.221918438400134,2.699776207788707,564.2488484382629
epmlff_0497_Cr@Bi2Te3_unique_096_perturb_a_dx020,Cr@Bi2Te3,sb2te3_4x2x1::joshitha::unique_096,96,perturb_a_dx020,completed,True,True,-299.98386535891143,0.024301781616186395,2.8924400354896176,172,1.2198106745961128,2.7015506920988126,107.98498129844666
epmlff_0498_Cr@Bi2Te3_unique_096_perturb_b_tilt020,Cr@Bi2Te3,sb2te3_4x2x1::joshitha::unique_096,96,perturb_b_tilt020,completed,True,True,-299.9816395977153,0.029063299558145933,2.8984453730633715,162,1.2240831763698161,2.701673351051045,30.79811382293701
epmlff_0499_Cr@Bi2Te3_unique_097_base,Cr@Bi2Te3,sb2te3_4x2x1::joshitha::unique_097,97,base,completed,True,True,-301.68848318995714,0.028874344727912907,2.5804459545981597,68,0.986547446264181,2.781440415737037,18.863166570663452
epmlff_0500_Cr@Bi2Te3_unique_097_perturb_a_dx020,Cr@Bi2Te3,sb2te3_4x2x1::joshitha::unique_097,97,perturb_a_dx020,completed,True,True,-301.6883169891951,0.02996273698686775,2.5831112498682494,68,0.9752185813536887,2.781504606623956,18.909531116485596
epmlff_0501_Cr@Bi2Te3_unique_097_perturb_b_tilt020,Cr@Bi2Te3,sb2te3_4x2x1::joshitha::unique_097,97,perturb_b_tilt020,completed,True,True,-301.6883228339965,0.029395326159008296,2.5773223468270974,68,1.1230505286533277,2.7813737898294786,18.790982961654663
epmlff_0502_Cr@Bi2Te3_unique_098_base,Cr@Bi2Te3,sb2te3_4x2x1::joshitha::unique_098,98,base,completed,True,True,-301.46173337671996,0.024560891882126516,0.41598569503529365,53,0.8855970774501083,2.6438308546729528,15.96880578994751
epmlff_0503_Cr@Bi2Te3_unique_098_perturb_a_dx020,Cr@Bi2Te3,sb2te3_4x2x1::joshitha::unique_098,98,perturb_a_dx020,completed,True,True,-301.4619199982567,0.02181871228211591,0.41321181123637196,53,0.8566915350008344,2.64559125231312,14.93555736541748
epmlff_0504_Cr@Bi2Te3_unique_098_perturb_b_tilt020,Cr@Bi2Te3,sb2te3_4x2x1::joshitha::unique_098,98,perturb_b_tilt020,completed,True,True,-301.4674426340635,0.020868521169534485,0.4339586731571405,54,1.4839511741481737,2.649413540007066,34.44589924812317
epmlff_0505_Cr@Bi2Te3_unique_100_base,Cr@Bi2Te3,sb2te3_4x2x1::joshitha::unique_100,100,base,completed,True,True,-296.83021093634466,0.028248512692125107,1.41416060610062,56,1.2533417345539135,2.6324089229641485,16.80934166908264
epmlff_0506_Cr@Bi2Te3_unique_100_perturb_a_dx020,Cr@Bi2Te3,sb2te3_4x2x1::joshitha::unique_100,100,perturb_a_dx020,completed,True,True,-296.83164783964367,0.027023480929801644,1.411433567392398,59,2.485707892934873,2.6303934022256428,17.05853772163391
epmlff_0507_Cr@Bi2Te3_unique_100_perturb_b_tilt020,Cr@Bi2Te3,sb2te3_4x2x1::joshitha::unique_100,100,perturb_b_tilt020,completed,True,True,-296.83165501285094,0.029811477080869682,1.420408277648608,56,0.8603548885029035,2.6306235544812977,16.74709415435791
epmlff_0508_Cr@Bi2Te3_unique_102_base,Cr@Bi2Te3,sb2te3_4x2x1::victor::unique_102,102,base,completed,True,True,-301.7943837234861,0.029949778902199575,0.329515971717995,49,0.8540500716088738,2.8465125719630566,15.524565935134888
epmlff_0509_Cr@Bi2Te3_unique_102_perturb_a_dx020,Cr@Bi2Te3,sb2te3_4x2x1::victor::unique_102,102,perturb_a_dx020,completed,True,True,-301.7949452271968,0.023216777120035365,0.3778164412537036,50,1.139428488684632,2.8492104432244347,13.895860433578491
epmlff_0510_Cr@Bi2Te3_unique_102_perturb_b_tilt020,Cr@Bi2Te3,sb2te3_4x2x1::victor::unique_102,102,perturb_b_tilt020,completed,True,True,-301.79531630168003,0.023936885008870038,0.3292944945119354,50,0.9090211469119247,2.8480140711210145,13.185389041900635
epmlff_0511_Cr@Bi2Te3_unique_104_base,Cr@Bi2Te3,sb2te3_4x2x1::victor::unique_104,104,base,completed,True,True,-301.78498612606063,0.027791509029225527,0.2999310210980837,46,0.8530058228295102,2.8430836371462513,12.334048748016357
epmlff_0512_Cr@Bi2Te3_unique_104_perturb_a_dx020,Cr@Bi2Te3,sb2te3_4x2x1::victor::unique_104,104,perturb_a_dx020,completed,True,True,-301.784977971683,0.02727104693842496,0.3011960658124118,46,0.8520603267587836,2.8402644235647325,14.559070587158203
epmlff_0513_Cr@Bi2Te3_unique_104_perturb_b_tilt020,Cr@Bi2Te3,sb2te3_4x2x1::victor::unique_104,104,perturb_b_tilt020,completed,True,True,-301.78497790848985,0.02807538598861017,0.30224818938314524,46,1.1337021213891292,2.8431163268854087,173.31836032867432
epmlff_0514_Cr@Bi2Te3_unique_109_base,Cr@Bi2Te3,sb2te3_4x2x1::victor::unique_109,109,base,completed,True,True,-299.31988115674204,0.029566052592351975,0.32687862631003284,48,0.9402791655890593,2.702600868331669,14.155251264572144
epmlff_0515_Cr@Bi2Te3_unique_109_perturb_a_dx020,Cr@Bi2Te3,sb2te3_4x2x1::victor::unique_109,109,perturb_a_dx020,completed,True,True,-299.37082176479055,0.029179671425792367,0.41193392492535796,66,1.1594448520076304,2.702511466005232,16.697243213653564
epmlff_0516_Cr@Bi2Te3_unique_109_perturb_b_tilt020,Cr@Bi2Te3,sb2te3_4x2x1::victor::unique_109,109,perturb_b_tilt020,completed,True,True,-299.32005155117866,0.02955931584897003,0.3277285111353447,48,0.9401970718912969,2.703657556721555,14.06848430633545
epmlff_0517_Cr@Bi2Te3_unique_110_base,Cr@Bi2Te3,sb2te3_4x2x1::victor::unique_110,110,base,completed,True,True,-300.8225776309486,0.015404945688450937,0.3489811345736882,52,0.8799730953793562,2.730840322510189,17.60260581970215
epmlff_0518_Cr@Bi2Te3_unique_110_perturb_a_dx020,Cr@Bi2Te3,sb2te3_4x2x1::victor::unique_110,110,perturb_a_dx020,completed,True,True,-300.82163315663223,0.029563955784634874,0.3513613532388885,51,0.9209570368392057,2.731968139503529,13.566017389297485
epmlff_0519_Cr@Bi2Te3_unique_110_perturb_b_tilt020,Cr@Bi2Te3,sb2te3_4x2x1::victor::unique_110,110,perturb_b_tilt020,completed,True,True,-300.8226053510173,0.01581369860327117,0.34599938533247376,52,0.882126897592217,2.731529925962629,13.37068772315979
epmlff_0520_Cr@Bi2Te3_unique_115_base,Cr@Bi2Te3,sb2te3_4x2x1::victor::unique_115,115,base,completed,True,True,-301.7926796371107,0.024212086107501248,0.3158514904915801,47,0.8794564907590815,2.846806332980289,16.544254064559937
epmlff_0521_Cr@Bi2Te3_unique_115_perturb_a_dx020,Cr@Bi2Te3,sb2te3_4x2x1::victor::unique_115,115,perturb_a_dx020,completed,True,True,-301.7981185503082,0.02629229028427899,0.35079169195999615,50,0.8762010566177176,2.8519541427509996,14.4272620677948
epmlff_0522_Cr@Bi2Te3_unique_115_perturb_b_tilt020,Cr@Bi2Te3,sb2te3_4x2x1::victor::unique_115,115,perturb_b_tilt020,completed,True,True,-301.79250664565456,0.029045021829185117,0.3162056437355569,47,0.8819777158413825,2.8475119009152694,13.854969263076782
epmlff_0523_Cr@Bi2Te3_unique_116_base,Cr@Bi2Te3,sb2te3_4x2x1::victor::unique_116,116,base,completed,True,True,-299.9817494130909,0.023795758927985005,2.0688117522675933,85,0.8512878125661505,2.719114842585195,19.30903458595276
epmlff_0524_Cr@Bi2Te3_unique_116_perturb_a_dx020,Cr@Bi2Te3,sb2te3_4x2x1::victor::unique_116,116,perturb_a_dx020,completed,True,True,-300.02975270614303,0.027610790853424588,2.0040346489981293,93,1.5073931447810403,2.743354326839561,64.46565437316895
epmlff_0525_Cr@Bi2Te3_unique_116_perturb_b_tilt020,Cr@Bi2Te3,sb2te3_4x2x1::victor::unique_116,116,perturb_b_tilt020,completed,True,True,-299.9769376144792,0.02893447144807083,2.09228008463273,90,0.8697606019877558,2.7200683865884283,24.444753885269165
epmlff_0526_Cr@Bi2Te3_unique_125_base,Cr@Bi2Te3,sb2te3_4x2x1::victor::unique_125,125,base,completed,True,True,-300.0135507826572,0.02635493620151887,1.8668717378401127,79,0.8908761928794612,2.7337370495043003,17.343562602996826
epmlff_0527_Cr@Bi2Te3_unique_125_perturb_a_dx020,Cr@Bi2Te3,sb2te3_4x2x1::victor::unique_125,125,perturb_a_dx020,completed,True,True,-300.0134534592571,0.028941260461593094,1.8677236817987923,79,1.5763370375051737,2.7335002254857304,17.329402208328247
epmlff_0528_Cr@Bi2Te3_unique_125_perturb_b_tilt020,Cr@Bi2Te3,sb2te3_4x2x1::victor::unique_125,125,perturb_b_tilt020,completed,True,True,-300.0134591637707,0.027588416725676128,1.865719399156696,79,0.8910464438037138,2.733707879869682,38.95255780220032
epmlff_0529_Cr@Bi2Te3_unique_126_base,Cr@Bi2Te3,sb2te3_4x2x1::joshitha::unique_126,126,base,completed,True,True,-301.7938228513058,0.01941464572824548,2.885359572097403,117,2.8128531341423413,2.836065990931337,26.82440972328186
epmlff_0530_Cr@Bi2Te3_unique_126_perturb_a_dx020,Cr@Bi2Te3,sb2te3_4x2x1::joshitha::unique_126,126,perturb_a_dx020,completed,True,True,-301.7453716536284,0.02734543421849543,2.8964284482419704,123,3.9158991029160206,2.825767972297103,27.26690125465393
epmlff_0531_Cr@Bi2Te3_unique_126_perturb_b_tilt020,Cr@Bi2Te3,sb2te3_4x2x1::joshitha::unique_126,126,perturb_b_tilt020,completed,True,True,-301.7807600099244,0.029883059248248557,2.898265515641026,114,2.4755554239322604,2.8309329300057535,26.193503618240356
epmlff_0532_Cr@Bi2Te3_unique_129_base,Cr@Bi2Te3,sb2te3_4x2x1::joshitha::unique_129,129,base,completed,True,True,-301.46185997855474,0.027744572906466276,0.401023694358106,53,1.0721061796844302,2.6423818761041837,16.984331130981445
epmlff_0533_Cr@Bi2Te3_unique_129_perturb_a_dx020,Cr@Bi2Te3,sb2te3_4x2x1::joshitha::unique_129,129,perturb_a_dx020,completed,True,True,-301.4665142998074,0.021597216160437478,0.4203638924388886,54,1.7465294624431262,2.6499726094111744,14.387091636657715
epmlff_0534_Cr@Bi2Te3_unique_129_perturb_b_tilt020,Cr@Bi2Te3,sb2te3_4x2x1::joshitha::unique_129,129,perturb_b_tilt020,completed,True,True,-301.4616274329237,0.024226783330383896,0.39946579051203474,53,1.6638983276372,2.642860294054592,13.53236174583435
epmlff_0535_Cr@Bi2Te3_unique_143_base,Cr@Bi2Te3,sb2te3_4x2x1::joshitha::unique_143,143,base,completed,True,True,-299.89234599936077,0.02226446094976714,0.557868227817562,69,0.9572902891987854,2.720813079472438,17.98302149772644
epmlff_0536_Cr@Bi2Te3_unique_143_perturb_a_dx020,Cr@Bi2Te3,sb2te3_4x2x1::joshitha::unique_143,143,perturb_a_dx020,completed,True,True,-299.8923778648892,0.023341645544058424,0.5594541591669254,69,1.1059595731616183,2.7208225695647745,17.44554853439331
epmlff_0537_Cr@Bi2Te3_unique_143_perturb_b_tilt020,Cr@Bi2Te3,sb2te3_4x2x1::joshitha::unique_143,143,perturb_b_tilt020,completed,True,True,-299.9050467944882,0.026812891846723426,0.6142302772844217,68,0.9809712845331183,2.7263744755421637,17.554983377456665
epmlff_0538_Cr@Bi2Te3_unique_145_base,Cr@Bi2Te3,sb2te3_4x2x1::joshitha::unique_145,145,base,completed,True,True,-301.2139514598307,0.02844156146797767,0.34558456211440625,46,0.8618735575493434,2.688357494728833,14.21263074874878
epmlff_0539_Cr@Bi2Te3_unique_145_perturb_a_dx020,Cr@Bi2Te3,sb2te3_4x2x1::joshitha::unique_145,145,perturb_a_dx020,completed,True,True,-301.2050977164345,0.027833826448434792,0.3344911367523047,45,1.4779900987555044,2.6867248642346264,13.008646011352539
epmlff_0540_Cr@Bi2Te3_unique_145_perturb_b_tilt020,Cr@Bi2Te3,sb2te3_4x2x1::joshitha::unique_145,145,perturb_b_tilt020,completed,True,True,-301.2603946878252,0.029010776826258335,0.442994323330717,54,0.9095722515254328,2.681359874883619,13.717129230499268
epmlff_0541_Cr@Bi2Te3_unique_149_base,Cr@Bi2Te3,sb2te3_4x2x1::joshitha::unique_149,149,base,completed,True,True,-300.17417555017084,0.02507513040763952,0.4758451582588605,57,1.227792786393539,2.605191581528945,15.908180236816406
epmlff_0542_Cr@Bi2Te3_unique_149_perturb_a_dx020,Cr@Bi2Te3,sb2te3_4x2x1::joshitha::unique_149,149,perturb_a_dx020,completed,True,True,-300.1735491663407,0.028165371664706472,0.4792127510862794,57,2.123209752203389,2.603486043121638,15.759255170822144
epmlff_0543_Cr@Bi2Te3_unique_149_perturb_b_tilt020,Cr@Bi2Te3,sb2te3_4x2x1::joshitha::unique_149,149,perturb_b_tilt020,completed,True,True,-300.16637638118243,0.02466370440576489,0.43146195771976653,51,1.257644310136421,2.601340316246508,14.800329208374023
epmlff_0544_Cr@Bi2Te3_unique_151_base,Cr@Bi2Te3,sb2te3_4x2x1::joshitha::unique_151,151,base,completed,True,True,-299.8539976440199,0.029271805033890087,3.132361823540155,187,0.9982747369259002,2.6169860116130073,34.786526679992676
epmlff_0545_Cr@Bi2Te3_unique_151_perturb_a_dx020,Cr@Bi2Te3,sb2te3_4x2x1::joshitha::unique_151,151,perturb_a_dx020,completed,True,True,-299.85729999681456,0.026735212061716866,3.1325009800262937,164,0.9980824271267301,2.618085879824065,71.25004529953003
epmlff_0546_Cr@Bi2Te3_unique_151_perturb_b_tilt020,Cr@Bi2Te3,sb2te3_4x2x1::joshitha::unique_151,151,perturb_b_tilt020,completed,True,True,-299.8528470552655,0.0247317146079599,3.131313027706017,188,0.9977546375492912,2.6165494559011178,45.86886143684387
epmlff_0547_Cr@Bi2Te3_unique_153_base,Cr@Bi2Te3,sb2te3_4x2x1::joshitha::unique_153,153,base,completed,True,True,-297.4883228508092,0.02982629900004361,0.42738151894089355,52,1.0730571588246651,2.645629041301505,13.290584325790405
epmlff_0548_Cr@Bi2Te3_unique_153_perturb_a_dx020,Cr@Bi2Te3,sb2te3_4x2x1::joshitha::unique_153,153,perturb_a_dx020,completed,True,True,-297.48924548282434,0.02152869680497783,0.43109932977476295,53,1.0708853862058783,2.64479284687257,13.326054334640503
epmlff_0549_Cr@Bi2Te3_unique_153_perturb_b_tilt020,Cr@Bi2Te3,sb2te3_4x2x1::joshitha::unique_153,153,perturb_b_tilt020,completed,True,True,-297.4914259453102,0.028822309072676897,0.450588854003811,53,1.0736864731550861,2.6465944614814445,64.12901592254639
epmlff_0550_Cr@Bi2Te3_unique_154_base,Cr@Bi2Te3,sb2te3_4x2x1::joshitha::unique_154,154,base,completed,True,True,-301.20473973100366,0.02949528969682164,0.298687186619397,45,0.9173682349624135,2.687620469800096,13.441835641860962
epmlff_0551_Cr@Bi2Te3_unique_154_perturb_a_dx020,Cr@Bi2Te3,sb2te3_4x2x1::joshitha::unique_154,154,perturb_a_dx020,completed,True,True,-301.2047409343225,0.028938017801005075,0.2942247448810236,45,1.0061737615507163,2.6846069577386857,13.347841024398804
epmlff_0552_Cr@Bi2Te3_unique_154_perturb_b_tilt020,Cr@Bi2Te3,sb2te3_4x2x1::joshitha::unique_154,154,perturb_b_tilt020,completed,True,True,-301.20523076176636,0.029979877082186152,0.3382247927494992,45,1.0321444624458125,2.6890782612351187,347.19250559806824
epmlff_0553_Cr@Bi2Te3_unique_200_base,Cr@Bi2Te3,sb2te3_4x2x1::victor::unique_200,200,base,completed,True,True,-301.2759485909231,0.025669792657996182,0.4092936499606178,56,0.7937477140497428,2.713376907944293,14.237491369247437
epmlff_0554_Cr@Bi2Te3_unique_200_perturb_a_dx020,Cr@Bi2Te3,sb2te3_4x2x1::victor::unique_200,200,perturb_a_dx020,completed,True,True,-301.2760067515724,0.02447552658765887,0.4070952062480543,56,1.088361964287953,2.7138566009474268,13.458476543426514
epmlff_0555_Cr@Bi2Te3_unique_200_perturb_b_tilt020,Cr@Bi2Te3,sb2te3_4x2x1::victor::unique_200,200,perturb_b_tilt020,completed,True,True,-301.275749333232,0.02634770498919358,0.4114240920986868,56,1.5889130631274213,2.7120794510600734,15.81015920639038
epmlff_0556_Cr@Bi2Te3_unique_204_base,Cr@Bi2Te3,sb2te3_4x2x1::victor::unique_204,204,base,completed,True,True,-301.27403765666344,0.028983440080156273,0.401852641320737,55,0.7909313710408966,2.7130593794185414,15.54685378074646
epmlff_0557_Cr@Bi2Te3_unique_204_perturb_a_dx020,Cr@Bi2Te3,sb2te3_4x2x1::victor::unique_204,204,perturb_a_dx020,completed,True,True,-301.27254732565154,0.028500937243480785,0.40711524586136105,54,1.088410691159566,2.713579840599079,15.464026689529419
epmlff_0558_Cr@Bi2Te3_unique_204_perturb_b_tilt020,Cr@Bi2Te3,sb2te3_4x2x1::victor::unique_204,204,perturb_b_tilt020,completed,True,True,-301.27662022472333,0.029903687936999535,0.40311444075106806,56,1.373356210493318,2.711527976130429,19.280455112457275
epmlff_0559_Cr@Bi2Te3_unique_229_base,Cr@Bi2Te3,sb2te3_4x2x1::joshitha::unique_229,229,base,completed,True,True,-299.6278531757662,0.029328135634984227,0.31980170544947245,46,1.1787475553720956,2.6352127452286127,12.458802461624146
epmlff_0560_Cr@Bi2Te3_unique_229_perturb_a_dx020,Cr@Bi2Te3,sb2te3_4x2x1::joshitha::unique_229,229,perturb_a_dx020,completed,True,True,-299.65963647043947,0.019833334048699962,0.4310851743120468,53,1.6597645103575156,2.642401457342227,13.379276037216187
epmlff_0561_Cr@Bi2Te3_unique_229_perturb_b_tilt020,Cr@Bi2Te3,sb2te3_4x2x1::joshitha::unique_229,229,perturb_b_tilt020,completed,True,True,-299.62838007933675,0.029593936423033408,0.3203101703446668,46,1.0413012560557904,2.633797532890157,13.891215324401855
epmlff_0562_Cr@Bi2Te3_unique_230_base,Cr@Bi2Te3,sb2te3_4x2x1::joshitha::unique_230,230,base,completed,True,True,-300.0053483763584,0.02323789583616386,1.154049602352261,72,0.8785167021887397,2.7127057788820457,18.00753927230835
epmlff_0563_Cr@Bi2Te3_unique_230_perturb_a_dx020,Cr@Bi2Te3,sb2te3_4x2x1::joshitha::unique_230,230,perturb_a_dx020,completed,True,True,-300.0092023034088,0.02661197844593412,1.2537349648472194,66,1.5852218142765464,2.711784751345918,17.176788091659546
epmlff_0564_Cr@Bi2Te3_unique_230_perturb_b_tilt020,Cr@Bi2Te3,sb2te3_4x2x1::joshitha::unique_230,230,perturb_b_tilt020,completed,True,True,-300.0055017413193,0.020540159460418077,1.15127709828118,72,0.8532080321653237,2.7125165040825157,46.712632179260254
epmlff_0001_Cr@Sb2Te3_unique_020_base,Cr@Sb2Te3,sb2te3_4x2x1::victor::unique_020,20,base,completed,True,True,-298.1904053319234,0.026574526921286142,0.021486342294584942,10,0.07581524431526888,2.656259721004173,8.188164710998535
epmlff_0002_Cr@Sb2Te3_unique_020_perturb_a_dx020,Cr@Sb2Te3,sb2te3_4x2x1::victor::unique_020,20,perturb_a_dx020,completed,True,True,-298.19423888577364,0.028008252267636907,0.18766356030587844,29,1.2647934822828037,2.656815370424941,9.852118730545044
epmlff_0003_Cr@Sb2Te3_unique_020_perturb_b_tilt020,Cr@Sb2Te3,sb2te3_4x2x1::victor::unique_020,20,perturb_b_tilt020,completed,True,True,-298.1906866260795,0.026264623187766536,0.1945346968047082,35,1.424507156092227,2.6566970750312238,47.05888652801514
epmlff_0004_Cr@Sb2Te3_unique_031_base,Cr@Sb2Te3,sb2te3_4x2x1::victor::unique_031,31,base,completed,True,True,-300.35185916391254,0.027322740961111633,0.006865176349831354,4,0.07957528565195779,2.6489411569037995,22.42894721031189
epmlff_0005_Cr@Sb2Te3_unique_031_perturb_a_dx020,Cr@Sb2Te3,sb2te3_4x2x1::victor::unique_031,31,perturb_a_dx020,completed,True,True,-300.35464983116503,0.02952710333138134,0.20050716102531055,29,0.8808716372618829,2.650111568763108,12.27579665184021
epmlff_0006_Cr@Sb2Te3_unique_031_perturb_b_tilt020,Cr@Sb2Te3,sb2te3_4x2x1::victor::unique_031,31,perturb_b_tilt020,completed,True,True,-300.35391568655314,0.02549812589739823,0.17350409524861776,27,1.0087846829263756,2.6468172801707697,11.986391305923462
epmlff_0007_Cr@Sb2Te3_unique_039_base,Cr@Sb2Te3,sb2te3_4x2x1::victor::unique_039,39,base,completed,True,True,-297.896124755767,0.02886648856836712,0.025324864802133824,10,0.07827817292942928,2.632355090482327,7.6770923137664795
epmlff_0008_Cr@Sb2Te3_unique_039_perturb_a_dx020,Cr@Sb2Te3,sb2te3_4x2x1::victor::unique_039,39,perturb_a_dx020,completed,True,True,-297.8978304169734,0.02547076565180457,0.18499593458133368,34,1.5781526949642228,2.631210741943428,11.964595556259155
epmlff_0009_Cr@Sb2Te3_unique_039_perturb_b_tilt020,Cr@Sb2Te3,sb2te3_4x2x1::victor::unique_039,39,perturb_b_tilt020,completed,True,True,-297.91214413145235,0.010915736578658243,0.19721092941585036,36,1.4705096551955297,2.6293245928163964,12.07936143875122
epmlff_0010_Cr@Sb2Te3_unique_041_base,Cr@Sb2Te3,sb2te3_4x2x1::joshitha::unique_041,41,base,completed,True,True,-297.87164327733217,0.026363612877455266,0.03687940217843795,13,0.09675345851493812,2.679781613871435,54.66145181655884
epmlff_0011_Cr@Sb2Te3_unique_041_perturb_a_dx020,Cr@Sb2Te3,sb2te3_4x2x1::joshitha::unique_041,41,perturb_a_dx020,completed,True,True,-297.8861973008739,0.029082097222605605,0.142103625150446,34,0.59835316109999,2.6913893633285344,29.775822401046753
epmlff_0012_Cr@Sb2Te3_unique_041_perturb_b_tilt020,Cr@Sb2Te3,sb2te3_4x2x1::joshitha::unique_041,41,perturb_b_tilt020,completed,True,True,-297.8814865051853,0.021830523213005725,0.3064342176532647,31,0.8375481509740237,2.6822958478050083,9.820291996002197
epmlff_0013_Cr@Sb2Te3_unique_042_base,Cr@Sb2Te3,sb2te3_4x2x1::joshitha::unique_042,42,base,completed,True,True,-300.4116070060634,0.02842209041314379,0.011199343321672156,5,0.08552550373077006,2.6344894158791186,6.0570337772369385
epmlff_0014_Cr@Sb2Te3_unique_042_perturb_a_dx020,Cr@Sb2Te3,sb2te3_4x2x1::joshitha::unique_042,42,perturb_a_dx020,completed,True,True,-300.41978277623986,0.028725608761605913,0.2157929404137515,32,0.9422307000302144,2.6395654037254928,11.585713148117065
epmlff_0015_Cr@Sb2Te3_unique_042_perturb_b_tilt020,Cr@Sb2Te3,sb2te3_4x2x1::joshitha::unique_042,42,perturb_b_tilt020,completed,True,True,-300.4171250546622,0.023734330334416864,0.21318197075927275,25,1.0073749928543512,2.6451026629330974,10.329609870910645
epmlff_0016_Cr@Sb2Te3_unique_043_base,Cr@Sb2Te3,sb2te3_4x2x1::joshitha::unique_043,43,base,completed,True,True,-299.67096789770926,0.026321867956172244,0.031449479713989925,11,0.07834528526379668,2.651835487798598,7.770321607589722
epmlff_0017_Cr@Sb2Te3_unique_043_perturb_a_dx020,Cr@Sb2Te3,sb2te3_4x2x1::joshitha::unique_043,43,perturb_a_dx020,completed,True,True,-299.6895044028674,0.02840570772207422,0.2789302073954972,34,1.0636832353061456,2.671852982922456,11.672714471817017
epmlff_0018_Cr@Sb2Te3_unique_043_perturb_b_tilt020,Cr@Sb2Te3,sb2te3_4x2x1::joshitha::unique_043,43,perturb_b_tilt020,completed,True,True,-299.69596742920703,0.022606477151718866,0.29387685520818263,37,0.8236738103926907,2.657648739092549,12.122538566589355
epmlff_0019_Cr@Sb2Te3_unique_044_base,Cr@Sb2Te3,sb2te3_4x2x1::joshitha::unique_044,44,base,completed,True,True,-299.67870027789934,0.02199297520208598,1.2113530621814628,48,0.0798527576537655,2.6569918169009754,12.667312622070312
epmlff_0020_Cr@Sb2Te3_unique_044_perturb_a_dx020,Cr@Sb2Te3,sb2te3_4x2x1::joshitha::unique_044,44,perturb_a_dx020,completed,True,True,-299.6709400618928,0.029999696478104673,1.1636660141494843,56,1.984523446301769,2.651836360158641,13.953190088272095
epmlff_0021_Cr@Sb2Te3_unique_044_perturb_b_tilt020,Cr@Sb2Te3,sb2te3_4x2x1::joshitha::unique_044,44,perturb_b_tilt020,completed,True,True,-299.6773341083613,0.01869364920387128,1.1094690643084424,58,1.655132104398093,2.6560316745433328,165.6265745162964
epmlff_0022_Cr@Sb2Te3_unique_051_base,Cr@Sb2Te3,sb2te3_4x2x1::victor::unique_051,51,base,completed,True,True,-300.4111555901188,0.0237838365103059,0.009525194370005197,5,0.08007148077083998,2.6345388090703183,6.511925220489502
epmlff_0023_Cr@Sb2Te3_unique_051_perturb_a_dx020,Cr@Sb2Te3,sb2te3_4x2x1::victor::unique_051,51,perturb_a_dx020,completed,True,True,-300.4208215024423,0.027672785563864096,0.20539314333959305,31,0.9195553243933305,2.6403382204357175,10.789554595947266
epmlff_0024_Cr@Sb2Te3_unique_051_perturb_b_tilt020,Cr@Sb2Te3,sb2te3_4x2x1::victor::unique_051,51,perturb_b_tilt020,completed,True,True,-300.417100918194,0.026533501684088173,0.22161883628788973,25,1.0433412397275663,2.644774766610176,9.849266529083252
epmlff_0025_Cr@Sb2Te3_unique_052_base,Cr@Sb2Te3,sb2te3_4x2x1::victor::unique_052,52,base,completed,True,True,-298.30432607300986,0.026154645630768157,0.008623241354250341,5,0.0750530353989919,2.6409727302293557,6.499191045761108
epmlff_0026_Cr@Sb2Te3_unique_052_perturb_a_dx020,Cr@Sb2Te3,sb2te3_4x2x1::victor::unique_052,52,perturb_a_dx020,completed,True,True,-298.3069415588491,0.027730210868720292,0.19012113266295405,27,1.280556299867479,2.6432392948796424,9.642997741699219
epmlff_0027_Cr@Sb2Te3_unique_052_perturb_b_tilt020,Cr@Sb2Te3,sb2te3_4x2x1::victor::unique_052,52,perturb_b_tilt020,completed,True,True,-298.30832832258636,0.026216728009543076,0.14688890699944882,21,1.021618777031216,2.6497038231605083,18.549986362457275
epmlff_0028_Cr@Sb2Te3_unique_056_base,Cr@Sb2Te3,sb2te3_4x2x1::victor::unique_056,56,base,completed,True,True,-298.7271262408465,0.027603134990549807,0.006336934460488283,4,0.0746495947481436,2.7520075732409364,29.857545614242554
epmlff_0029_Cr@Sb2Te3_unique_056_perturb_a_dx020,Cr@Sb2Te3,sb2te3_4x2x1::victor::unique_056,56,perturb_a_dx020,completed,True,True,-298.73153765662954,0.029011429248934805,0.1814892918868111,23,1.0378827371470238,2.752044009980373,19.90964150428772
epmlff_0030_Cr@Sb2Te3_unique_056_perturb_b_tilt020,Cr@Sb2Te3,sb2te3_4x2x1::victor::unique_056,56,perturb_b_tilt020,completed,True,True,-298.73239736036294,0.026958422987645912,0.1818558669185914,24,1.0682168416716955,2.7463385934637383,9.050522089004517
epmlff_0031_Cr@Sb2Te3_unique_057_base,Cr@Sb2Te3,sb2te3_4x2x1::victor::unique_057,57,base,completed,True,True,-300.4185392473268,0.028398933723301944,0.0207847408059422,10,0.07859096191870206,2.638470823075312,6.8589699268341064
epmlff_0032_Cr@Sb2Te3_unique_057_perturb_a_dx020,Cr@Sb2Te3,sb2te3_4x2x1::victor::unique_057,57,perturb_a_dx020,completed,True,True,-300.4203096666223,0.029906250102363544,0.18857597924257302,26,0.9707395747161054,2.6358633063579613,10.646382331848145
epmlff_0033_Cr@Sb2Te3_unique_057_perturb_b_tilt020,Cr@Sb2Te3,sb2te3_4x2x1::victor::unique_057,57,perturb_b_tilt020,completed,True,True,-300.4206102066742,0.022014759790307713,0.22591696604708716,25,1.0428248036492447,2.644436496702718,10.501940488815308
epmlff_0034_Cr@Sb2Te3_unique_065_base,Cr@Sb2Te3,sb2te3_4x2x1::victor::unique_065,65,base,completed,True,True,-298.22637725818555,0.027372337198347002,0.03633568330087024,13,0.08798208518300786,2.745730321689859,8.185713291168213
epmlff_0035_Cr@Sb2Te3_unique_065_perturb_a_dx020,Cr@Sb2Te3,sb2te3_4x2x1::victor::unique_065,65,perturb_a_dx020,completed,True,True,-298.2302570557862,0.021973268430295675,0.21630326408296255,28,1.0720904351303557,2.740919651126383,10.955344915390015
epmlff_0036_Cr@Sb2Te3_unique_065_perturb_b_tilt020,Cr@Sb2Te3,sb2te3_4x2x1::victor::unique_065,65,perturb_b_tilt020,completed,True,True,-298.23482522003303,0.028974435009762465,0.16284284002209282,33,1.2143873258643794,2.743202339491248,10.832134485244751
epmlff_0037_Cr@Sb2Te3_unique_066_base,Cr@Sb2Te3,sb2te3_4x2x1::joshitha::unique_066,66,base,completed,True,True,-299.7018628382949,0.024575064099614314,0.10137141324512765,17,0.0854813673075403,2.7004979349485145,14.568026304244995
epmlff_0038_Cr@Sb2Te3_unique_066_perturb_a_dx020,Cr@Sb2Te3,sb2te3_4x2x1::joshitha::unique_066,66,perturb_a_dx020,completed,True,True,-299.70459137509283,0.027837283126863788,0.2254704515538804,31,1.006899402802034,2.7090624922225004,10.000272750854492
epmlff_0039_Cr@Sb2Te3_unique_066_perturb_b_tilt020,Cr@Sb2Te3,sb2te3_4x2x1::joshitha::unique_066,66,perturb_b_tilt020,completed,True,True,-299.70840460546316,0.023566235240955104,0.18814104548420935,33,0.9744095833886474,2.708434366109476,10.34116268157959
epmlff_0040_Cr@Sb2Te3_unique_067_base,Cr@Sb2Te3,sb2te3_4x2x1::joshitha::unique_067,67,base,completed,True,True,-299.69655032095386,0.026058932810432783,1.4916231346640576,62,0.07637528911981703,2.721951018827575,17.174562692642212
epmlff_0041_Cr@Sb2Te3_unique_067_perturb_a_dx020,Cr@Sb2Te3,sb2te3_4x2x1::joshitha::unique_067,67,perturb_a_dx020,completed,True,True,-299.6942353736258,0.028581416866164902,1.6545846078170263,79,0.7917332778609627,2.718747303866105,19.8157320022583
epmlff_0042_Cr@Sb2Te3_unique_067_perturb_b_tilt020,Cr@Sb2Te3,sb2te3_4x2x1::joshitha::unique_067,67,perturb_b_tilt020,completed,True,True,-299.6971730637491,0.023525090584651468,1.4871152360523936,75,1.3766629001449802,2.722500470908236,19.345645666122437
epmlff_0043_Cr@Sb2Te3_unique_068_base,Cr@Sb2Te3,sb2te3_4x2x1::joshitha::unique_068,68,base,completed,True,True,-300.4151184658481,0.029465171889298234,0.021025304674028078,9,0.08380430883202951,2.6378097936612654,7.480072259902954
epmlff_0044_Cr@Sb2Te3_unique_068_perturb_a_dx020,Cr@Sb2Te3,sb2te3_4x2x1::joshitha::unique_068,68,perturb_a_dx020,completed,True,True,-300.4188721074595,0.02315340870805288,0.1781729741473583,30,0.8996908145603756,2.6389104654599085,10.762389421463013
epmlff_0045_Cr@Sb2Te3_unique_068_perturb_b_tilt020,Cr@Sb2Te3,sb2te3_4x2x1::joshitha::unique_068,68,perturb_b_tilt020,completed,True,True,-300.4182817481187,0.022523377379546256,0.2191831761093619,30,1.0301878339902042,2.642965015118493,120.33436417579651
epmlff_0046_Cr@Sb2Te3_unique_069_base,Cr@Sb2Te3,sb2te3_4x2x1::joshitha::unique_069,69,base,completed,True,True,-298.8052387423294,0.02526921741030598,0.15746719502118917,20,0.10885902790923262,2.7117515746336536,16.315006494522095
epmlff_0047_Cr@Sb2Te3_unique_069_perturb_a_dx020,Cr@Sb2Te3,sb2te3_4x2x1::joshitha::unique_069,69,perturb_a_dx020,completed,True,True,-298.8320538616772,0.015235208435640475,0.4536808733727296,40,1.0896346876829341,2.701170900503873,11.263949632644653
epmlff_0048_Cr@Sb2Te3_unique_069_perturb_b_tilt020,Cr@Sb2Te3,sb2te3_4x2x1::joshitha::unique_069,69,perturb_b_tilt020,completed,True,True,-298.80151508926974,0.02943829134945629,0.20653235924956634,31,1.0111864701051116,2.708988439220459,10.021705150604248
epmlff_0049_Cr@Sb2Te3_unique_070_base,Cr@Sb2Te3,sb2te3_4x2x1::joshitha::unique_070,70,base,completed,True,True,-298.868701248678,0.0293494281389858,0.016772351077615835,9,0.079961082960196,2.690709188770007,7.316025495529175
epmlff_0050_Cr@Sb2Te3_unique_070_perturb_a_dx020,Cr@Sb2Te3,sb2te3_4x2x1::joshitha::unique_070,70,perturb_a_dx020,completed,True,True,-298.871704170754,0.024829479095032164,0.17218810924090894,22,1.3111344917519674,2.6855541616816785,9.506771087646484
epmlff_0051_Cr@Sb2Te3_unique_070_perturb_b_tilt020,Cr@Sb2Te3,sb2te3_4x2x1::joshitha::unique_070,70,perturb_b_tilt020,completed,True,True,-298.8686534715298,0.029811219506679455,0.1876404931771268,21,1.2282223827479846,2.6881541376763822,9.359032392501831
epmlff_0052_Cr@Sb2Te3_unique_071_base,Cr@Sb2Te3,sb2te3_4x2x1::joshitha::unique_071,71,base,completed,True,True,-299.55093708694153,0.02772359708327615,0.02432732277381581,10,0.09161169432226943,2.7202501153581293,7.449502468109131
epmlff_0053_Cr@Sb2Te3_unique_071_perturb_a_dx020,Cr@Sb2Te3,sb2te3_4x2x1::joshitha::unique_071,71,perturb_a_dx020,completed,True,True,-299.5591873862435,0.028601290042407933,0.19687055377218884,31,1.1099265505533968,2.7297341488064046,10.994792699813843
epmlff_0054_Cr@Sb2Te3_unique_071_perturb_b_tilt020,Cr@Sb2Te3,sb2te3_4x2x1::joshitha::unique_071,71,perturb_b_tilt020,completed,True,True,-299.5526283397198,0.02276660898174509,0.18762753001650206,23,0.9779665264896398,2.717224923739796,21.601455450057983
epmlff_0055_Cr@Sb2Te3_unique_072_base,Cr@Sb2Te3,sb2te3_4x2x1::joshitha::unique_072,72,base,completed,True,True,-300.2710548618684,0.02741357314070332,0.011428771390694353,5,0.09686991845260295,2.67513859789906,6.134773015975952
epmlff_0056_Cr@Sb2Te3_unique_072_perturb_a_dx020,Cr@Sb2Te3,sb2te3_4x2x1::joshitha::unique_072,72,perturb_a_dx020,completed,True,True,-300.27545968597246,0.028600760759355272,0.13695570127866905,21,0.9457783508886003,2.679364922889296,8.51371455192566
epmlff_0057_Cr@Sb2Te3_unique_072_perturb_b_tilt020,Cr@Sb2Te3,sb2te3_4x2x1::joshitha::unique_072,72,perturb_b_tilt020,completed,True,True,-300.2856533252119,0.020904555211624227,0.20840046812168475,30,1.3307002918083362,2.6743815876388033,11.295179843902588
epmlff_0058_Cr@Sb2Te3_unique_073_base,Cr@Sb2Te3,sb2te3_4x2x1::joshitha::unique_073,73,base,completed,True,True,-299.398539238191,0.029730262749805163,0.03439319714346967,10,0.07896472934740302,2.6090736405285275,7.523652076721191
epmlff_0059_Cr@Sb2Te3_unique_073_perturb_a_dx020,Cr@Sb2Te3,sb2te3_4x2x1::joshitha::unique_073,73,perturb_a_dx020,completed,True,True,-299.421316054459,0.027936695610660475,0.15055024106524784,30,0.9754817206138758,2.608350374438222,11.045226812362671
epmlff_0060_Cr@Sb2Te3_unique_073_perturb_b_tilt020,Cr@Sb2Te3,sb2te3_4x2x1::joshitha::unique_073,73,perturb_b_tilt020,completed,True,True,-299.42489782148766,0.028783455283239234,0.2829193054582619,31,1.1878412623254075,2.6065272085287745,11.282094478607178
epmlff_0061_Cr@Sb2Te3_unique_077_base,Cr@Sb2Te3,sb2te3_4x2x1::joshitha::unique_077,77,base,completed,True,True,-300.2936019917387,0.02469216701639171,0.029690704378911935,10,0.0978692847349396,2.6720604477502135,7.281924247741699
epmlff_0062_Cr@Sb2Te3_unique_077_perturb_a_dx020,Cr@Sb2Te3,sb2te3_4x2x1::joshitha::unique_077,77,perturb_a_dx020,completed,True,True,-300.29390592979826,0.028547374188754162,0.14542848684210213,21,1.0325516700385162,2.673081695612086,18.378727674484253
epmlff_0063_Cr@Sb2Te3_unique_077_perturb_b_tilt020,Cr@Sb2Te3,sb2te3_4x2x1::joshitha::unique_077,77,perturb_b_tilt020,completed,True,True,-300.2965579573947,0.028677237408110963,0.18652660794125253,26,1.1761054843051733,2.6730262826606386,9.32492184638977
epmlff_0064_Cr@Sb2Te3_unique_078_base,Cr@Sb2Te3,sb2te3_4x2x1::joshitha::unique_078,78,base,completed,True,True,-300.25483548355714,0.028973587974169872,0.030104114471718988,11,0.07785623757536951,2.6075354660127843,7.018257141113281
epmlff_0065_Cr@Sb2Te3_unique_078_perturb_a_dx020,Cr@Sb2Te3,sb2te3_4x2x1::joshitha::unique_078,78,perturb_a_dx020,completed,True,True,-300.260006438829,0.013434851565077727,0.18951414251612123,39,1.391019485744642,2.614580039946776,12.60530972480774
epmlff_0066_Cr@Sb2Te3_unique_078_perturb_b_tilt020,Cr@Sb2Te3,sb2te3_4x2x1::joshitha::unique_078,78,perturb_b_tilt020,completed,True,True,-300.26052190078974,0.022624533041502075,0.23671500425557765,30,1.2844132097148326,2.617135105174187,11.264156103134155
epmlff_0067_Cr@Sb2Te3_unique_080_base,Cr@Sb2Te3,sb2te3_4x2x1::joshitha::unique_080,80,base,completed,True,True,-298.51752521432024,0.027006301347366108,0.02865565201114969,11,0.10055112314821309,2.654344263447641,7.720098257064819
epmlff_0068_Cr@Sb2Te3_unique_080_perturb_a_dx020,Cr@Sb2Te3,sb2te3_4x2x1::joshitha::unique_080,80,perturb_a_dx020,completed,True,True,-298.5170323454794,0.028240303520001613,0.14970709219482214,27,1.3763473574031895,2.6513972955113547,10.624942779541016
epmlff_0069_Cr@Sb2Te3_unique_080_perturb_b_tilt020,Cr@Sb2Te3,sb2te3_4x2x1::joshitha::unique_080,80,perturb_b_tilt020,completed,True,True,-298.5211490358531,0.02393536718689953,0.2239174722692838,31,1.2647127199522776,2.650674622687684,10.630927085876465
epmlff_0070_Cr@Sb2Te3_unique_093_base,Cr@Sb2Te3,sb2te3_4x2x1::joshitha::unique_093,93,base,completed,True,True,-300.291134145547,0.028558898542836865,0.021481419621250587,9,0.08650757642327299,2.6735827482435117,11.094938278198242
epmlff_0071_Cr@Sb2Te3_unique_093_perturb_a_dx020,Cr@Sb2Te3,sb2te3_4x2x1::joshitha::unique_093,93,perturb_a_dx020,completed,True,True,-300.2969918335753,0.016542120805848524,0.23326383932722106,26,1.097828765636379,2.6787287545997525,9.491484642028809
epmlff_0072_Cr@Sb2Te3_unique_093_perturb_b_tilt020,Cr@Sb2Te3,sb2te3_4x2x1::joshitha::unique_093,93,perturb_b_tilt020,completed,True,True,-300.2969399296003,0.025924302947586565,0.17365043114172662,26,1.1127298299827195,2.6730348330496363,9.377918243408203
epmlff_0073_Cr@Sb2Te3_unique_096_base,Cr@Sb2Te3,sb2te3_4x2x1::joshitha::unique_096,96,base,completed,True,True,-297.8323989595076,0.02996993992947821,0.024647404758215787,9,0.07571915701484767,2.6652375557061756,9.125441551208496
epmlff_0074_Cr@Sb2Te3_unique_096_perturb_a_dx020,Cr@Sb2Te3,sb2te3_4x2x1::joshitha::unique_096,96,perturb_a_dx020,completed,True,True,-297.8363565985878,0.023557284714368642,0.19693125089292055,24,1.0538487835801706,2.665692247697565,10.393358707427979
epmlff_0075_Cr@Sb2Te3_unique_096_perturb_b_tilt020,Cr@Sb2Te3,sb2te3_4x2x1::joshitha::unique_096,96,perturb_b_tilt020,completed,True,True,-297.83527878567384,0.025405968969149897,0.19119566827199871,24,0.8801154056231538,2.6645261633413346,10.08787989616394
epmlff_0076_Cr@Sb2Te3_unique_097_base,Cr@Sb2Te3,sb2te3_4x2x1::joshitha::unique_097,97,base,completed,True,True,-300.54538439653356,0.02904702844341883,2.303903246506978,68,0.0865367934971477,2.7425399022491788,17.921839952468872
epmlff_0077_Cr@Sb2Te3_unique_097_perturb_a_dx020,Cr@Sb2Te3,sb2te3_4x2x1::joshitha::unique_097,97,perturb_a_dx020,completed,True,True,-300.54657403054455,0.026515945477338095,2.3094710334722466,80,1.281945759392154,2.7423134355887013,19.100386381149292
epmlff_0078_Cr@Sb2Te3_unique_097_perturb_b_tilt020,Cr@Sb2Te3,sb2te3_4x2x1::joshitha::unique_097,97,perturb_b_tilt020,completed,True,True,-300.5464064075618,0.026342531463100945,2.3064302954799936,80,1.3302479212156448,2.742090830065959,18.31761622428894
epmlff_0079_Cr@Sb2Te3_unique_098_base,Cr@Sb2Te3,sb2te3_4x2x1::joshitha::unique_098,98,base,completed,True,True,-300.2567027404661,0.026746236866472508,0.022491136903134958,10,0.08562189099438483,2.6160631855749754,44.6131432056427
epmlff_0080_Cr@Sb2Te3_unique_098_perturb_a_dx020,Cr@Sb2Te3,sb2te3_4x2x1::joshitha::unique_098,98,perturb_a_dx020,completed,True,True,-300.2578795854106,0.029968323375857607,0.14254087597051668,33,1.362480207926424,2.616035046761995,25.377336263656616
epmlff_0081_Cr@Sb2Te3_unique_098_perturb_b_tilt020,Cr@Sb2Te3,sb2te3_4x2x1::joshitha::unique_098,98,perturb_b_tilt020,completed,True,True,-300.25760782302075,0.023410130554658484,0.15921929117963676,34,1.2718470502571497,2.6112943546079586,10.745267152786255
epmlff_0082_Cr@Sb2Te3_unique_100_base,Cr@Sb2Te3,sb2te3_4x2x1::joshitha::unique_100,100,base,completed,True,True,-296.11086834820804,0.02749547226892248,0.03216492242772327,10,0.09049569515524979,2.625229916026181,6.88527250289917
epmlff_0083_Cr@Sb2Te3_unique_100_perturb_a_dx020,Cr@Sb2Te3,sb2te3_4x2x1::joshitha::unique_100,100,perturb_a_dx020,completed,True,True,-296.11268394732764,0.026013345153946113,0.17686485810680366,34,1.4770832881212717,2.621458424396756,12.992141246795654
epmlff_0084_Cr@Sb2Te3_unique_100_perturb_b_tilt020,Cr@Sb2Te3,sb2te3_4x2x1::joshitha::unique_100,100,perturb_b_tilt020,completed,True,True,-296.8591651315498,0.026654118087675125,1.6440766001935578,69,1.776043966173519,2.6438870742250584,17.038421630859375
epmlff_0085_Cr@Sb2Te3_unique_102_base,Cr@Sb2Te3,sb2te3_4x2x1::victor::unique_102,102,base,completed,True,True,-300.7517659593974,0.027286848587434624,0.026321743129431585,10,0.0978533431833848,2.8007676020005547,7.632882118225098
epmlff_0086_Cr@Sb2Te3_unique_102_perturb_a_dx020,Cr@Sb2Te3,sb2te3_4x2x1::victor::unique_102,102,perturb_a_dx020,completed,True,True,-300.7530518054978,0.029097513874639783,0.19624315193156433,25,0.8133902861169603,2.79728981945904,10.359637260437012
epmlff_0087_Cr@Sb2Te3_unique_102_perturb_b_tilt020,Cr@Sb2Te3,sb2te3_4x2x1::victor::unique_102,102,perturb_b_tilt020,completed,True,True,-300.7532457415614,0.02756026623083008,0.2024267164043737,26,0.7754127422395358,2.801878608879338,10.389625787734985
epmlff_0088_Cr@Sb2Te3_unique_104_base,Cr@Sb2Te3,sb2te3_4x2x1::victor::unique_104,104,base,completed,True,True,-300.7490348138041,0.02412652175188827,0.009313868281730827,5,0.07865406714261874,2.8025203275408352,6.325951814651489
epmlff_0089_Cr@Sb2Te3_unique_104_perturb_a_dx020,Cr@Sb2Te3,sb2te3_4x2x1::victor::unique_104,104,perturb_a_dx020,completed,True,True,-300.7513750922785,0.01909336321793149,0.17771208058692106,32,0.8232938650412774,2.7987391277774107,23.65476894378662
epmlff_0090_Cr@Sb2Te3_unique_104_perturb_b_tilt020,Cr@Sb2Te3,sb2te3_4x2x1::victor::unique_104,104,perturb_b_tilt020,completed,True,True,-300.75123986406095,0.02624545161305628,0.17839611815705783,22,0.8056754078305001,2.801520847363009,8.696919679641724
epmlff_0091_Cr@Sb2Te3_unique_109_base,Cr@Sb2Te3,sb2te3_4x2x1::victor::unique_109,109,base,completed,True,True,-298.3664891740473,0.026735694199447022,0.06658736848666048,14,0.07990389531969012,2.671099125163187,7.441993236541748
epmlff_0092_Cr@Sb2Te3_unique_109_perturb_a_dx020,Cr@Sb2Te3,sb2te3_4x2x1::victor::unique_109,109,perturb_a_dx020,completed,True,True,-298.38424030280527,0.02967872820147879,0.2077046616849597,31,1.0064162448895853,2.6687322855712083,25.00969958305359
epmlff_0093_Cr@Sb2Te3_unique_109_perturb_b_tilt020,Cr@Sb2Te3,sb2te3_4x2x1::victor::unique_109,109,perturb_b_tilt020,completed,True,True,-298.407193777867,0.02701712283041301,0.24433542281772633,35,1.041277682808663,2.656363286875133,11.789953470230103
epmlff_0094_Cr@Sb2Te3_unique_110_base,Cr@Sb2Te3,sb2te3_4x2x1::victor::unique_110,110,base,completed,True,True,-300.05941873362576,0.026719893782474895,0.006950704620032615,4,0.0808119161133645,2.702055367486768,6.421983480453491
epmlff_0095_Cr@Sb2Te3_unique_110_perturb_a_dx020,Cr@Sb2Te3,sb2te3_4x2x1::victor::unique_110,110,perturb_a_dx020,completed,True,True,-300.06944530658143,0.022390123532800166,0.2158678636906589,30,0.8454462527941023,2.703590639270571,11.004713535308838
epmlff_0096_Cr@Sb2Te3_unique_110_perturb_b_tilt020,Cr@Sb2Te3,sb2te3_4x2x1::victor::unique_110,110,perturb_b_tilt020,completed,True,True,-300.0652266299438,0.0291354821692718,0.1871563089163083,25,0.8261770128000014,2.6990350441356337,10.25026273727417
epmlff_0097_Cr@Sb2Te3_unique_115_base,Cr@Sb2Te3,sb2te3_4x2x1::victor::unique_115,115,base,completed,True,True,-300.74566760631063,0.028378771630461076,0.008416672814787368,4,0.09644461309187737,2.7995359881288606,6.254579782485962
epmlff_0098_Cr@Sb2Te3_unique_115_perturb_a_dx020,Cr@Sb2Te3,sb2te3_4x2x1::victor::unique_115,115,perturb_a_dx020,completed,True,True,-300.7507238826533,0.02985860784230395,0.2088929811038856,26,0.841042416932805,2.7953115780460163,98.15240907669067
epmlff_0099_Cr@Sb2Te3_unique_115_perturb_b_tilt020,Cr@Sb2Te3,sb2te3_4x2x1::victor::unique_115,115,perturb_b_tilt020,completed,True,True,-300.7494761023718,0.02447802166569448,0.18615559295403294,23,0.8172447861717548,2.8014221057899724,20.46491527557373
epmlff_0100_Cr@Sb2Te3_unique_116_base,Cr@Sb2Te3,sb2te3_4x2x1::victor::unique_116,116,base,completed,True,True,-298.1810255963328,0.029575992555481184,0.024610021776069923,10,0.08692002037053807,2.6459443944905057,6.826569318771362
epmlff_0101_Cr@Sb2Te3_unique_116_perturb_a_dx020,Cr@Sb2Te3,sb2te3_4x2x1::victor::unique_116,116,perturb_a_dx020,completed,True,True,-298.22982004233825,0.025818403670108875,0.23290111628457152,30,1.6627263157120706,2.6455789700205563,9.90555477142334
epmlff_0102_Cr@Sb2Te3_unique_116_perturb_b_tilt020,Cr@Sb2Te3,sb2te3_4x2x1::victor::unique_116,116,perturb_b_tilt020,completed,True,True,-298.22971494749584,0.029659796035067514,0.1536161250809299,32,0.7846911797896617,2.6484252731227875,17.625998497009277
epmlff_0103_Cr@Sb2Te3_unique_125_base,Cr@Sb2Te3,sb2te3_4x2x1::victor::unique_125,125,base,completed,True,True,-298.2492699005791,0.027903576324733576,0.0058458164816746925,4,0.0654581118843232,2.642677272746089,6.301501035690308
epmlff_0104_Cr@Sb2Te3_unique_125_perturb_a_dx020,Cr@Sb2Te3,sb2te3_4x2x1::victor::unique_125,125,perturb_a_dx020,completed,True,True,-298.27496637135494,0.025635762762666835,0.19254818815286767,30,1.5961981532814693,2.64498304260645,10.639986038208008
epmlff_0105_Cr@Sb2Te3_unique_125_perturb_b_tilt020,Cr@Sb2Te3,sb2te3_4x2x1::victor::unique_125,125,perturb_b_tilt020,completed,True,True,-298.25438394414937,0.02878968222587935,0.17777125788020273,22,0.857791262114131,2.6466185208819866,9.368755578994751
epmlff_0106_Cr@Sb2Te3_unique_126_base,Cr@Sb2Te3,sb2te3_4x2x1::joshitha::unique_126,126,base,completed,True,True,-298.9911467802797,0.02587945319059022,0.02707407554657348,11,0.089796687386634,2.6833749010270074,7.630786657333374
epmlff_0107_Cr@Sb2Te3_unique_126_perturb_a_dx020,Cr@Sb2Te3,sb2te3_4x2x1::joshitha::unique_126,126,perturb_a_dx020,completed,True,True,-298.99146041096924,0.02640576083096844,0.1736652309980598,23,0.9622875604648351,2.686221293999054,9.284770965576172
epmlff_0108_Cr@Sb2Te3_unique_126_perturb_b_tilt020,Cr@Sb2Te3,sb2te3_4x2x1::joshitha::unique_126,126,perturb_b_tilt020,completed,True,True,-298.9924010553199,0.026062788198461962,0.17304043361530105,24,0.9978138199521933,2.6846634205028375,20.418935537338257
epmlff_0109_Cr@Sb2Te3_unique_129_base,Cr@Sb2Te3,sb2te3_4x2x1::joshitha::unique_129,129,base,completed,True,True,-300.25909952296195,0.02220523781485413,0.018783686782323162,10,0.08089453974917338,2.6085113999851295,6.889605760574341
epmlff_0110_Cr@Sb2Te3_unique_129_perturb_a_dx020,Cr@Sb2Te3,sb2te3_4x2x1::joshitha::unique_129,129,perturb_a_dx020,completed,True,True,-300.2633746526012,0.02874230620424941,0.22931189824689238,30,1.3869520954399577,2.611761289984647,9.875474452972412
epmlff_0111_Cr@Sb2Te3_unique_129_perturb_b_tilt020,Cr@Sb2Te3,sb2te3_4x2x1::joshitha::unique_129,129,perturb_b_tilt020,completed,True,True,-300.25951064105055,0.026987502115059698,0.1682678287408493,35,1.2368688604045395,2.6142348029401967,35.268290996551514
epmlff_0112_Cr@Sb2Te3_unique_143_base,Cr@Sb2Te3,sb2te3_4x2x1::joshitha::unique_143,143,base,completed,True,True,-299.5601562700125,0.029797275001140194,0.034617751893123876,12,0.09002965020560906,2.676009004718389,7.7848992347717285
epmlff_0113_Cr@Sb2Te3_unique_143_perturb_a_dx020,Cr@Sb2Te3,sb2te3_4x2x1::joshitha::unique_143,143,perturb_a_dx020,completed,True,True,-299.56051984861284,0.02284495035545398,0.18779799113476153,24,1.1060379738976736,2.674721607090847,9.843140602111816
epmlff_0114_Cr@Sb2Te3_unique_143_perturb_b_tilt020,Cr@Sb2Te3,sb2te3_4x2x1::joshitha::unique_143,143,perturb_b_tilt020,completed,True,True,-299.56054767196326,0.0280305179052108,0.18077664377833014,23,1.1105466784170601,2.677485905466949,9.646082878112793
epmlff_0115_Cr@Sb2Te3_unique_145_base,Cr@Sb2Te3,sb2te3_4x2x1::joshitha::unique_145,145,base,completed,True,True,-300.2969582583947,0.02891693681532909,0.009995625456877415,5,0.08408102288111206,2.677785774736439,6.473440885543823
epmlff_0116_Cr@Sb2Te3_unique_145_perturb_a_dx020,Cr@Sb2Te3,sb2te3_4x2x1::joshitha::unique_145,145,perturb_a_dx020,completed,True,True,-300.29963728512183,0.018790493865247903,0.20829636220185524,26,1.0756460029416606,2.6781558289992065,9.69028377532959
epmlff_0117_Cr@Sb2Te3_unique_145_perturb_b_tilt020,Cr@Sb2Te3,sb2te3_4x2x1::joshitha::unique_145,145,perturb_b_tilt020,completed,True,True,-300.2986291383561,0.02797535822823796,0.14893931389127874,21,1.0083375763893463,2.672314443288273,17.86129641532898
epmlff_0118_Cr@Sb2Te3_unique_149_base,Cr@Sb2Te3,sb2te3_4x2x1::joshitha::unique_149,149,base,completed,True,True,-299.5300307890731,0.027802003975280737,0.02129357469736639,10,0.09087589883141622,2.628560965424805,6.994369745254517
epmlff_0119_Cr@Sb2Te3_unique_149_perturb_a_dx020,Cr@Sb2Te3,sb2te3_4x2x1::joshitha::unique_149,149,perturb_a_dx020,completed,True,True,-299.5320154161574,0.028971070194337468,0.1843779342148229,35,1.471095514438202,2.632026632359988,10.777549266815186
epmlff_0120_Cr@Sb2Te3_unique_149_perturb_b_tilt020,Cr@Sb2Te3,sb2te3_4x2x1::joshitha::unique_149,149,perturb_b_tilt020,completed,True,True,-299.5308134786976,0.027664721444079065,0.18387850586353607,34,1.51581161289519,2.628444855775314,11.403518199920654
epmlff_0121_Cr@Sb2Te3_unique_151_base,Cr@Sb2Te3,sb2te3_4x2x1::joshitha::unique_151,151,base,completed,True,True,-296.4379039770129,0.023316973234684693,0.0076731401161569965,4,0.09047917991792835,2.630838144054179,6.329318046569824
epmlff_0122_Cr@Sb2Te3_unique_151_perturb_a_dx020,Cr@Sb2Te3,sb2te3_4x2x1::joshitha::unique_151,151,perturb_a_dx020,completed,True,True,-296.4460593751416,0.016923672649051688,0.2025569442844195,31,1.3339640339765138,2.6307942223295493,11.134835720062256
epmlff_0123_Cr@Sb2Te3_unique_151_perturb_b_tilt020,Cr@Sb2Te3,sb2te3_4x2x1::joshitha::unique_151,151,perturb_b_tilt020,completed,True,True,-296.4437657319176,0.028448655296426057,0.19241447966351122,24,0.9539044684406319,2.625537786787738,9.817571878433228
epmlff_0124_Cr@Sb2Te3_unique_153_base,Cr@Sb2Te3,sb2te3_4x2x1::joshitha::unique_153,153,base,completed,True,True,-297.48929865181276,0.020349752232921552,0.3176679022826307,24,0.07819135725400009,2.622569740984357,9.609386205673218
epmlff_0125_Cr@Sb2Te3_unique_153_perturb_a_dx020,Cr@Sb2Te3,sb2te3_4x2x1::joshitha::unique_153,153,perturb_a_dx020,completed,True,True,-297.4893024905966,0.02710504285024673,0.3178337215064932,36,1.3842316700885828,2.6217428909798213,27.39502787590027
epmlff_0126_Cr@Sb2Te3_unique_153_perturb_b_tilt020,Cr@Sb2Te3,sb2te3_4x2x1::joshitha::unique_153,153,perturb_b_tilt020,completed,True,True,-297.4891769841428,0.023447545367205124,0.33205962444626963,35,1.6663624229768057,2.6192470667360284,10.659189462661743
epmlff_0127_Cr@Sb2Te3_unique_154_base,Cr@Sb2Te3,sb2te3_4x2x1::joshitha::unique_154,154,base,completed,True,True,-300.29651451366107,0.02608439484028286,0.011582323442011338,5,0.10145002944507713,2.674853779057205,6.131258487701416
epmlff_0128_Cr@Sb2Te3_unique_154_perturb_a_dx020,Cr@Sb2Te3,sb2te3_4x2x1::joshitha::unique_154,154,perturb_a_dx020,completed,True,True,-300.2997550871337,0.022113116148515986,0.2003021041172846,26,1.1043801366872188,2.678713801267873,42.96152591705322
epmlff_0129_Cr@Sb2Te3_unique_154_perturb_b_tilt020,Cr@Sb2Te3,sb2te3_4x2x1::joshitha::unique_154,154,perturb_b_tilt020,completed,True,True,-300.29921528772434,0.02770297003803843,0.2057934273098445,25,1.0169848100523955,2.686126195913849,10.259284257888794
epmlff_0130_Cr@Sb2Te3_unique_200_base,Cr@Sb2Te3,sb2te3_4x2x1::victor::unique_200,200,base,completed,True,True,-300.34934148435104,0.026582767939176223,0.010431334210308944,5,0.081424767811228,2.6497368187864736,6.619620084762573
epmlff_0131_Cr@Sb2Te3_unique_200_perturb_a_dx020,Cr@Sb2Te3,sb2te3_4x2x1::victor::unique_200,200,perturb_a_dx020,completed,True,True,-300.3533571448967,0.029317590202802443,0.18358046752406992,24,0.8800590763084118,2.649160604464541,9.877354145050049
epmlff_0132_Cr@Sb2Te3_unique_200_perturb_b_tilt020,Cr@Sb2Te3,sb2te3_4x2x1::victor::unique_200,200,perturb_b_tilt020,completed,True,True,-300.35396988285277,0.02407135528367815,0.20095364542898125,25,0.9836129256124706,2.654950409430598,10.22316026687622
epmlff_0133_Cr@Sb2Te3_unique_204_base,Cr@Sb2Te3,sb2te3_4x2x1::victor::unique_204,204,base,completed,True,True,-300.3524406326455,0.024734059608448853,0.00656404127062193,4,0.07584329547936655,2.6504802163291004,6.240700006484985
epmlff_0134_Cr@Sb2Te3_unique_204_perturb_a_dx020,Cr@Sb2Te3,sb2te3_4x2x1::victor::unique_204,204,perturb_a_dx020,completed,True,True,-300.35452792332535,0.02976367344313454,0.18092842991737038,24,0.8783813151550822,2.648681688510863,107.87354803085327
epmlff_0135_Cr@Sb2Te3_unique_204_perturb_b_tilt020,Cr@Sb2Te3,sb2te3_4x2x1::victor::unique_204,204,perturb_b_tilt020,completed,True,True,-300.354223035789,0.029134321303985543,0.1835865362134479,27,0.9706693687454468,2.6540270633941043,21.699745178222656
epmlff_0136_Cr@Sb2Te3_unique_229_base,Cr@Sb2Te3,sb2te3_4x2x1::joshitha::unique_229,229,base,completed,True,True,-299.3082495598504,0.02718726635114542,0.049578392321928164,13,0.06856287601226985,2.6249442093023236,7.270124912261963
epmlff_0137_Cr@Sb2Te3_unique_229_perturb_a_dx020,Cr@Sb2Te3,sb2te3_4x2x1::joshitha::unique_229,229,perturb_a_dx020,completed,True,True,-299.3094174776388,0.02734366561179044,0.17209420798752353,25,1.3354350066688596,2.6208365132441616,9.109412908554077
epmlff_0138_Cr@Sb2Te3_unique_229_perturb_b_tilt020,Cr@Sb2Te3,sb2te3_4x2x1::joshitha::unique_229,229,perturb_b_tilt020,completed,True,True,-299.3075856838782,0.02899574655886212,0.17171652416901878,28,1.1745741627429156,2.630831729464764,10.890377759933472
epmlff_0139_Cr@Sb2Te3_unique_230_base,Cr@Sb2Te3,sb2te3_4x2x1::joshitha::unique_230,230,base,completed,True,True,-299.86916347360614,0.028898186391000516,1.0076621481926344,38,0.10485280918136769,2.7275885174623284,12.873367309570312
epmlff_0140_Cr@Sb2Te3_unique_230_perturb_a_dx020,Cr@Sb2Te3,sb2te3_4x2x1::joshitha::unique_230,230,perturb_a_dx020,completed,True,True,-299.8692295602889,0.02727082491781288,1.0040555850838926,50,1.238728222696951,2.7275676684734256,14.986661434173584
epmlff_0141_Cr@Sb2Te3_unique_230_perturb_b_tilt020,Cr@Sb2Te3,sb2te3_4x2x1::joshitha::unique_230,230,perturb_b_tilt020,completed,True,True,-299.8692266030853,0.026580945805505723,1.0002002110091825,50,1.3201534727401425,2.7282990730961214,14.949066877365112
epmlff_0706_Mn@Bi2Te3_unique_020_base,Mn@Bi2Te3,sb2te3_4x2x1::victor::unique_020,20,base,completed,True,True,-298.12091278901374,0.021306955894135546,0.5218151459333008,53,0.894949643342242,2.6373288373424892,16.228238105773926
epmlff_0707_Mn@Bi2Te3_unique_020_perturb_a_dx020,Mn@Bi2Te3,sb2te3_4x2x1::victor::unique_020,20,perturb_a_dx020,completed,True,True,-298.11868600917785,0.02591374158831012,0.5733416305509564,52,1.4059992931065721,2.638023942195171,15.983146667480469
epmlff_0708_Mn@Bi2Te3_unique_020_perturb_b_tilt020,Mn@Bi2Te3,sb2te3_4x2x1::victor::unique_020,20,perturb_b_tilt020,completed,True,True,-298.1196252469676,0.02426110618851471,0.6014226667073841,53,1.5095211050597448,2.638312447067672,16.1141414642334
epmlff_0709_Mn@Bi2Te3_unique_031_base,Mn@Bi2Te3,sb2te3_4x2x1::victor::unique_031,31,base,completed,True,True,-301.0830013081496,0.0258968886213254,0.4170940733219058,52,0.8843931508631704,2.693522158151824,15.531360387802124
epmlff_0710_Mn@Bi2Te3_unique_031_perturb_a_dx020,Mn@Bi2Te3,sb2te3_4x2x1::victor::unique_031,31,perturb_a_dx020,completed,True,True,-301.08966646138407,0.029404432871168642,0.4481670810314041,54,1.317164444871142,2.689774876787461,16.950426816940308
epmlff_0711_Mn@Bi2Te3_unique_031_perturb_b_tilt020,Mn@Bi2Te3,sb2te3_4x2x1::victor::unique_031,31,perturb_b_tilt020,completed,True,True,-301.0689301067733,0.027521704590098516,0.4330610416129435,47,1.0378804109495894,2.6948175833174415,12.640890121459961
epmlff_0712_Mn@Bi2Te3_unique_039_base,Mn@Bi2Te3,sb2te3_4x2x1::victor::unique_039,39,base,completed,True,True,-299.32773882282015,0.028339227115966245,2.091530029207193,104,1.342685394610003,2.6661711352632094,20.89591383934021
epmlff_0713_Mn@Bi2Te3_unique_039_perturb_a_dx020,Mn@Bi2Te3,sb2te3_4x2x1::victor::unique_039,39,perturb_a_dx020,completed,True,True,-299.33282153536595,0.02526521130845347,2.0877163460309296,109,1.8365787978223946,2.668803848555978,26.163034915924072
epmlff_0714_Mn@Bi2Te3_unique_039_perturb_b_tilt020,Mn@Bi2Te3,sb2te3_4x2x1::victor::unique_039,39,perturb_b_tilt020,completed,True,True,-299.3332181712717,0.02889080293774913,2.08347660777608,105,2.1492461679379202,2.6686591382850944,25.444352865219116
epmlff_0715_Mn@Bi2Te3_unique_041_base,Mn@Bi2Te3,sb2te3_4x2x1::joshitha::unique_041,41,base,completed,True,True,-299.24927870086674,0.02848555673932719,2.2387065585065056,69,1.9862561414631676,2.653979887530413,19.372392654418945
epmlff_0716_Mn@Bi2Te3_unique_041_perturb_a_dx020,Mn@Bi2Te3,sb2te3_4x2x1::joshitha::unique_041,41,perturb_a_dx020,completed,True,True,-299.24929804511936,0.028892760297500736,2.241100513313729,69,1.9966250099138352,2.6540199636703714,19.176427125930786
epmlff_0717_Mn@Bi2Te3_unique_041_perturb_b_tilt020,Mn@Bi2Te3,sb2te3_4x2x1::joshitha::unique_041,41,perturb_b_tilt020,completed,True,True,-299.24913646881583,0.029225485291367887,2.236369306176048,69,1.9748326906401061,2.6538109523568605,47.16621136665344
epmlff_0718_Mn@Bi2Te3_unique_042_base,Mn@Bi2Te3,sb2te3_4x2x1::joshitha::unique_042,42,base,completed,True,True,-301.11731824251444,0.029547620796451554,0.49638411612226524,47,0.8672722785058169,2.7062985692841988,15.133956909179688
epmlff_0719_Mn@Bi2Te3_unique_042_perturb_a_dx020,Mn@Bi2Te3,sb2te3_4x2x1::joshitha::unique_042,42,perturb_a_dx020,completed,True,True,-301.1327971961797,0.029355700120968355,0.6315922717296001,49,1.1611618560019503,2.7067614881122974,13.142119407653809
epmlff_0720_Mn@Bi2Te3_unique_042_perturb_b_tilt020,Mn@Bi2Te3,sb2te3_4x2x1::joshitha::unique_042,42,perturb_b_tilt020,completed,True,True,-301.14482294163014,0.0298199179660184,0.6817302712583031,51,1.3414744243905363,2.7000845217019753,12.78221869468689
epmlff_0721_Mn@Bi2Te3_unique_043_base,Mn@Bi2Te3,sb2te3_4x2x1::joshitha::unique_043,43,base,completed,True,True,-300.70772224317324,0.022586836583426806,0.47522760013171755,54,1.0853743174569603,2.6654731485228322,16.54488706588745
epmlff_0722_Mn@Bi2Te3_unique_043_perturb_a_dx020,Mn@Bi2Te3,sb2te3_4x2x1::joshitha::unique_043,43,perturb_a_dx020,completed,True,True,-300.7076213776554,0.02222864149522131,0.6036017165232463,54,1.373902300806649,2.6650533768971636,16.368722677230835
epmlff_0723_Mn@Bi2Te3_unique_043_perturb_b_tilt020,Mn@Bi2Te3,sb2te3_4x2x1::joshitha::unique_043,43,perturb_b_tilt020,completed,True,True,-300.7071315461718,0.021108606509661815,0.4779707696635774,54,1.0951187652875902,2.6656417674614685,16.12947177886963
epmlff_0724_Mn@Bi2Te3_unique_044_base,Mn@Bi2Te3,sb2te3_4x2x1::joshitha::unique_044,44,base,completed,True,True,-300.69186242577905,0.019192799210947374,1.3819485757138692,69,1.6549489665413817,2.664103913314035,18.53900384902954
epmlff_0725_Mn@Bi2Te3_unique_044_perturb_a_dx020,Mn@Bi2Te3,sb2te3_4x2x1::joshitha::unique_044,44,perturb_a_dx020,completed,True,True,-300.68616520300435,0.016264893768720486,1.3716390841770243,73,2.2635133202610045,2.666465113518317,17.979830980300903
epmlff_0726_Mn@Bi2Te3_unique_044_perturb_b_tilt020,Mn@Bi2Te3,sb2te3_4x2x1::joshitha::unique_044,44,perturb_b_tilt020,completed,True,True,-300.69103530308826,0.019092488899616084,1.3774799497226227,69,1.589166079318574,2.664211595228688,16.192585229873657
epmlff_0727_Mn@Bi2Te3_unique_051_base,Mn@Bi2Te3,sb2te3_4x2x1::victor::unique_051,51,base,completed,True,True,-301.144472024326,0.02930466418118005,0.6222654308930671,51,0.849622540616475,2.7001847343986123,12.925310134887695
epmlff_0728_Mn@Bi2Te3_unique_051_perturb_a_dx020,Mn@Bi2Te3,sb2te3_4x2x1::victor::unique_051,51,perturb_a_dx020,completed,True,True,-301.14850332950385,0.022532061484852695,0.6989260290340867,53,1.1202763170500212,2.69825431318295,16.077704668045044
epmlff_0729_Mn@Bi2Te3_unique_051_perturb_b_tilt020,Mn@Bi2Te3,sb2te3_4x2x1::victor::unique_051,51,perturb_b_tilt020,completed,True,True,-301.1489002470225,0.028114184240986922,0.7018865631690573,53,0.8495286820354517,2.7024363853599227,16.10194206237793
epmlff_0730_Mn@Bi2Te3_unique_052_base,Mn@Bi2Te3,sb2te3_4x2x1::victor::unique_052,52,base,completed,True,True,-298.35293777388654,0.02629379002426094,0.41707990269294654,54,0.8330929187402168,2.631412192491924,16.36939287185669
epmlff_0731_Mn@Bi2Te3_unique_052_perturb_a_dx020,Mn@Bi2Te3,sb2te3_4x2x1::victor::unique_052,52,perturb_a_dx020,completed,True,True,-298.35870155373755,0.029622100246386566,0.43256737412417745,53,1.2831858916119305,2.6434602186693463,16.2709538936615
epmlff_0732_Mn@Bi2Te3_unique_052_perturb_b_tilt020,Mn@Bi2Te3,sb2te3_4x2x1::victor::unique_052,52,perturb_b_tilt020,completed,True,True,-298.34937579939,0.02740746836110433,0.41990317733879867,54,1.1681438099656152,2.632094111544426,40.19261455535889
epmlff_0733_Mn@Bi2Te3_unique_056_base,Mn@Bi2Te3,sb2te3_4x2x1::victor::unique_056,56,base,completed,True,True,-298.67460227192464,0.01780755371049003,0.48714890260480104,55,1.915485473554152,2.788582697469083,14.277001857757568
epmlff_0734_Mn@Bi2Te3_unique_056_perturb_a_dx020,Mn@Bi2Te3,sb2te3_4x2x1::victor::unique_056,56,perturb_a_dx020,completed,True,True,-298.67489294956107,0.017405909369122376,0.48563392971709274,55,1.9123839222455181,2.790087791630543,13.776262521743774
epmlff_0735_Mn@Bi2Te3_unique_056_perturb_b_tilt020,Mn@Bi2Te3,sb2te3_4x2x1::victor::unique_056,56,perturb_b_tilt020,completed,True,True,-298.66785340382614,0.024994829750704047,0.47530977546115954,54,1.9128186204381006,2.7872665764759934,13.486272096633911
epmlff_0736_Mn@Bi2Te3_unique_057_base,Mn@Bi2Te3,sb2te3_4x2x1::victor::unique_057,57,base,completed,True,True,-301.1208168860369,0.02757228373590756,0.49917580951464213,47,0.8522277039334765,2.710505552470734,15.072162389755249
epmlff_0737_Mn@Bi2Te3_unique_057_perturb_a_dx020,Mn@Bi2Te3,sb2te3_4x2x1::victor::unique_057,57,perturb_a_dx020,completed,True,True,-301.1201922040876,0.028977684988522694,0.5275444511097548,47,1.2653511365616883,2.7085823664374713,15.026640892028809
epmlff_0738_Mn@Bi2Te3_unique_057_perturb_b_tilt020,Mn@Bi2Te3,sb2te3_4x2x1::victor::unique_057,57,perturb_b_tilt020,completed,True,True,-301.1207318391224,0.02823399878315919,0.6031545270337539,47,0.8523959945011919,2.710924909700589,14.89884328842163
epmlff_0739_Mn@Bi2Te3_unique_065_base,Mn@Bi2Te3,sb2te3_4x2x1::victor::unique_065,65,base,completed,True,True,-298.0862341006669,0.027970678548663024,0.4614708689376385,55,1.5920336679872216,2.7583232462982474,16.200336456298828
epmlff_0740_Mn@Bi2Te3_unique_065_perturb_a_dx020,Mn@Bi2Te3,sb2te3_4x2x1::victor::unique_065,65,perturb_a_dx020,completed,True,True,-298.0865793009056,0.027440171871598112,0.4605153011272782,55,1.5735023827412253,2.757698737338752,17.288618326187134
epmlff_0741_Mn@Bi2Te3_unique_065_perturb_b_tilt020,Mn@Bi2Te3,sb2te3_4x2x1::victor::unique_065,65,perturb_b_tilt020,completed,True,True,-298.086140852105,0.02828713664491875,0.4617981267310588,55,1.6826120353700023,2.758855410896428,499.33848571777344
epmlff_0742_Mn@Bi2Te3_unique_066_base,Mn@Bi2Te3,sb2te3_4x2x1::joshitha::unique_066,66,base,completed,True,True,-300.0004391227268,0.028992378224563915,0.5701887041758271,58,1.8072286068664931,2.7103956458025245,14.034820079803467
epmlff_0743_Mn@Bi2Te3_unique_066_perturb_a_dx020,Mn@Bi2Te3,sb2te3_4x2x1::joshitha::unique_066,66,perturb_a_dx020,completed,True,True,-300.0418578961996,0.02932455538953907,0.766222350518173,79,2.6329429565125086,2.7250169532672617,17.451274394989014
epmlff_0744_Mn@Bi2Te3_unique_066_perturb_b_tilt020,Mn@Bi2Te3,sb2te3_4x2x1::joshitha::unique_066,66,perturb_b_tilt020,completed,True,True,-300.05981314131304,0.028257277146862193,0.7999332030659634,71,1.6807209267683323,2.732856780087307,19.797913551330566
epmlff_0745_Mn@Bi2Te3_unique_067_base,Mn@Bi2Te3,sb2te3_4x2x1::joshitha::unique_067,67,base,completed,True,True,-299.9895009064303,0.028824236654571896,2.0404614425067757,67,1.698680313902369,2.709293589627917,18.97826623916626
epmlff_0746_Mn@Bi2Te3_unique_067_perturb_a_dx020,Mn@Bi2Te3,sb2te3_4x2x1::joshitha::unique_067,67,perturb_a_dx020,completed,True,True,-299.9878899268909,0.029028269408681077,2.1715877827582903,82,2.0675082991395906,2.7106153598804434,21.304703950881958
epmlff_0747_Mn@Bi2Te3_unique_067_perturb_b_tilt020,Mn@Bi2Te3,sb2te3_4x2x1::joshitha::unique_067,67,perturb_b_tilt020,completed,True,True,-300.00896045255627,0.025831077884164187,2.045175713457503,87,0.9608379405982062,2.712636784393922,22.21096920967102
epmlff_0748_Mn@Bi2Te3_unique_068_base,Mn@Bi2Te3,sb2te3_4x2x1::joshitha::unique_068,68,base,completed,True,True,-301.1486232922243,0.022886546503459386,0.6487552857170338,53,0.9146480215586041,2.699965944175754,37.249900579452515
epmlff_0749_Mn@Bi2Te3_unique_068_perturb_a_dx020,Mn@Bi2Te3,sb2te3_4x2x1::joshitha::unique_068,68,perturb_a_dx020,completed,True,True,-301.1449773664732,0.02453413224706698,0.7605380613913599,53,1.199277368683787,2.7002074701185923,18.022398948669434
epmlff_0750_Mn@Bi2Te3_unique_068_perturb_b_tilt020,Mn@Bi2Te3,sb2te3_4x2x1::joshitha::unique_068,68,perturb_b_tilt020,completed,True,True,-301.1485796953947,0.02349668757131919,0.7190869927020316,53,0.9586168142979453,2.700337948418227,13.722623586654663
epmlff_0751_Mn@Bi2Te3_unique_069_base,Mn@Bi2Te3,sb2te3_4x2x1::joshitha::unique_069,69,base,completed,True,True,-300.9466084525143,0.028880328327843846,2.9767628158767243,114,1.5848108612781895,2.8317277015331563,22.242636919021606
epmlff_0752_Mn@Bi2Te3_unique_069_perturb_a_dx020,Mn@Bi2Te3,sb2te3_4x2x1::joshitha::unique_069,69,perturb_a_dx020,completed,True,True,-300.81067214253136,0.025687795361384335,2.9485156549133276,97,2.4398761837917817,2.8451271175478325,23.879022121429443
epmlff_0753_Mn@Bi2Te3_unique_069_perturb_b_tilt020,Mn@Bi2Te3,sb2te3_4x2x1::joshitha::unique_069,69,perturb_b_tilt020,completed,True,True,-300.9449478744011,0.028511299436849387,2.9762413445660156,114,2.276798506161108,2.831979532723722,26.48551034927368
epmlff_0754_Mn@Bi2Te3_unique_070_base,Mn@Bi2Te3,sb2te3_4x2x1::joshitha::unique_070,70,base,completed,True,True,-299.55985815792354,0.026519074971870015,1.378629325421878,72,1.136522953382418,2.69687513482544,19.796950817108154
epmlff_0755_Mn@Bi2Te3_unique_070_perturb_a_dx020,Mn@Bi2Te3,sb2te3_4x2x1::joshitha::unique_070,70,perturb_a_dx020,completed,True,True,-299.5612295969141,0.027600196592137905,1.3794293810227334,72,1.126186032153464,2.6979954302039326,19.847004175186157
epmlff_0756_Mn@Bi2Te3_unique_070_perturb_b_tilt020,Mn@Bi2Te3,sb2te3_4x2x1::joshitha::unique_070,70,perturb_b_tilt020,completed,True,True,-299.57266855429225,0.029324466899694042,1.2854327660667497,78,1.144034851429479,2.6897694810169224,20.25748038291931
epmlff_0757_Mn@Bi2Te3_unique_071_base,Mn@Bi2Te3,sb2te3_4x2x1::joshitha::unique_071,71,base,completed,True,True,-299.64363457992636,0.020111024165335514,0.5244373785790438,54,1.8104662457619498,2.807173865016755,14.513608694076538
epmlff_0758_Mn@Bi2Te3_unique_071_perturb_a_dx020,Mn@Bi2Te3,sb2te3_4x2x1::joshitha::unique_071,71,perturb_a_dx020,completed,True,True,-299.6436016140118,0.01960766878389954,0.5281522899911718,54,1.8351811024483806,2.8083549245719226,13.447856903076172
epmlff_0759_Mn@Bi2Te3_unique_071_perturb_b_tilt020,Mn@Bi2Te3,sb2te3_4x2x1::joshitha::unique_071,71,perturb_b_tilt020,completed,True,True,-299.64353309282706,0.019754886220654518,0.5215677284594277,54,1.8030668423217526,2.8075169601926606,16.449907064437866
epmlff_0760_Mn@Bi2Te3_unique_072_base,Mn@Bi2Te3,sb2te3_4x2x1::joshitha::unique_072,72,base,completed,True,True,-301.03691568468616,0.027671717909887133,0.4154625152559246,51,2.912988626876866,2.6710677951991886,15.609975099563599
epmlff_0761_Mn@Bi2Te3_unique_072_perturb_a_dx020,Mn@Bi2Te3,sb2te3_4x2x1::joshitha::unique_072,72,perturb_a_dx020,completed,True,True,-301.0489159961945,0.02024919021952147,0.4112192791282548,54,1.519402477133797,2.6640783898929707,16.328393936157227
epmlff_0762_Mn@Bi2Te3_unique_072_perturb_b_tilt020,Mn@Bi2Te3,sb2te3_4x2x1::joshitha::unique_072,72,perturb_b_tilt020,completed,True,True,-301.0411362325922,0.02680137795368674,0.4635639915504898,65,6.58942451703404,2.6653653794412566,17.88437271118164
epmlff_0763_Mn@Bi2Te3_unique_073_base,Mn@Bi2Te3,sb2te3_4x2x1::joshitha::unique_073,73,base,completed,True,True,-301.144454998872,0.026691810701233967,1.8932390317621355,60,1.0487823823595974,2.7039263464356846,42.75010013580322
epmlff_0764_Mn@Bi2Te3_unique_073_perturb_a_dx020,Mn@Bi2Te3,sb2te3_4x2x1::joshitha::unique_073,73,perturb_a_dx020,completed,True,True,-301.1431189722157,0.023885512911395634,1.7664074896090316,58,1.3680635063170574,2.703835126134803,18.289823293685913
epmlff_0765_Mn@Bi2Te3_unique_073_perturb_b_tilt020,Mn@Bi2Te3,sb2te3_4x2x1::joshitha::unique_073,73,perturb_b_tilt020,completed,True,True,-301.1441899867972,0.025084970571806333,2.080742559137464,60,1.4965764053247805,2.702883624333298,14.770135641098022
epmlff_0766_Mn@Bi2Te3_unique_077_base,Mn@Bi2Te3,sb2te3_4x2x1::joshitha::unique_077,77,base,completed,True,True,-301.0035992789048,0.02703171101751759,0.3458686166909087,47,0.8774096160817809,2.668170857493812,12.323521375656128
epmlff_0767_Mn@Bi2Te3_unique_077_perturb_a_dx020,Mn@Bi2Te3,sb2te3_4x2x1::joshitha::unique_077,77,perturb_a_dx020,completed,True,True,-301.0193004272113,0.029777615788707943,0.37471533617573616,49,1.245901766027667,2.6727455782016483,15.46650743484497
epmlff_0768_Mn@Bi2Te3_unique_077_perturb_b_tilt020,Mn@Bi2Te3,sb2te3_4x2x1::joshitha::unique_077,77,perturb_b_tilt020,completed,True,True,-301.0514714208207,0.027625986746983834,0.44127918876447964,54,1.130580734193419,2.6706582041914424,16.26020860671997
epmlff_0769_Mn@Bi2Te3_unique_078_base,Mn@Bi2Te3,sb2te3_4x2x1::joshitha::unique_078,78,base,completed,True,True,-301.2993873722398,0.02845692107325298,0.4336549621974741,45,0.8389480174993154,2.6621837420691055,14.68757963180542
epmlff_0770_Mn@Bi2Te3_unique_078_perturb_a_dx020,Mn@Bi2Te3,sb2te3_4x2x1::joshitha::unique_078,78,perturb_a_dx020,completed,True,True,-301.3334735665746,0.025545118015406425,0.45618675042730006,53,1.2306920579842409,2.663748359479812,15.943266153335571
epmlff_0771_Mn@Bi2Te3_unique_078_perturb_b_tilt020,Mn@Bi2Te3,sb2te3_4x2x1::joshitha::unique_078,78,perturb_b_tilt020,completed,True,True,-301.32346257369034,0.015389896645778896,0.4373246533350292,52,1.276044695552901,2.663910663175916,15.336449146270752
epmlff_0772_Mn@Bi2Te3_unique_080_base,Mn@Bi2Te3,sb2te3_4x2x1::joshitha::unique_080,80,base,completed,True,True,-300.6417652421895,0.024863361479521482,2.1825622366462496,75,1.989726221443638,2.670453510134965,17.013534545898438
epmlff_0773_Mn@Bi2Te3_unique_080_perturb_a_dx020,Mn@Bi2Te3,sb2te3_4x2x1::joshitha::unique_080,80,perturb_a_dx020,completed,True,True,-300.64364699894924,0.026538107339373996,2.187379721868943,76,2.156885636687939,2.6707048513298366,16.796011209487915
epmlff_0774_Mn@Bi2Te3_unique_080_perturb_b_tilt020,Mn@Bi2Te3,sb2te3_4x2x1::joshitha::unique_080,80,perturb_b_tilt020,completed,True,True,-300.6416864484421,0.024851035716797806,2.178523665762349,75,2.0001833607669197,2.67033060963854,140.45618104934692
epmlff_0775_Mn@Bi2Te3_unique_093_base,Mn@Bi2Te3,sb2te3_4x2x1::joshitha::unique_093,93,base,completed,True,True,-301.05038683448635,0.028124919142079118,0.4062483747421439,53,0.8548296604975659,2.6728730131909906,16.1086585521698
epmlff_0776_Mn@Bi2Te3_unique_093_perturb_a_dx020,Mn@Bi2Te3,sb2te3_4x2x1::joshitha::unique_093,93,perturb_a_dx020,completed,True,True,-301.0510526107049,0.02062055215234429,0.42635940448728016,54,1.4830907993147608,2.6637534857232716,15.762604236602783
epmlff_0777_Mn@Bi2Te3_unique_093_perturb_b_tilt020,Mn@Bi2Te3,sb2te3_4x2x1::joshitha::unique_093,93,perturb_b_tilt020,completed,True,True,-301.0547571545821,0.020477621277905634,0.4343133268861518,55,0.8724985332944939,2.6679476715457193,16.718928813934326
epmlff_0778_Mn@Bi2Te3_unique_096_base,Mn@Bi2Te3,sb2te3_4x2x1::joshitha::unique_096,96,base,completed,True,True,-299.190635523883,0.029265301956280392,2.6131712352839673,159,1.2198666116942443,2.692513926404154,31.812737464904785
epmlff_0779_Mn@Bi2Te3_unique_096_perturb_a_dx020,Mn@Bi2Te3,sb2te3_4x2x1::joshitha::unique_096,96,perturb_a_dx020,completed,True,True,-299.62401938188145,0.024708774843584577,2.877579280198727,180,1.2196129676167184,2.7073568970860644,115.31528615951538
epmlff_0780_Mn@Bi2Te3_unique_096_perturb_b_tilt020,Mn@Bi2Te3,sb2te3_4x2x1::joshitha::unique_096,96,perturb_b_tilt020,completed,True,True,-298.0037985775632,0.029865595205591643,0.5320385767273441,48,1.2207469774163777,2.682422264137212,16.05037260055542
epmlff_0781_Mn@Bi2Te3_unique_097_base,Mn@Bi2Te3,sb2te3_4x2x1::joshitha::unique_097,97,base,completed,True,True,-301.10116112156913,0.02390761313142169,2.5815952170545455,68,1.0110679544387777,2.8779083051613865,16.24094271659851
epmlff_0782_Mn@Bi2Te3_unique_097_perturb_a_dx020,Mn@Bi2Te3,sb2te3_4x2x1::joshitha::unique_097,97,perturb_a_dx020,completed,True,True,-301.1010641997634,0.023549193642148664,2.5845196973522087,68,1.0096805025639857,2.8777407538015938,15.792628765106201
epmlff_0783_Mn@Bi2Te3_unique_097_perturb_b_tilt020,Mn@Bi2Te3,sb2te3_4x2x1::joshitha::unique_097,97,perturb_b_tilt020,completed,True,True,-301.100914539422,0.02403468084049454,2.578796998390382,68,0.9825204813753486,2.877957758142412,18.519421815872192
epmlff_0784_Mn@Bi2Te3_unique_098_base,Mn@Bi2Te3,sb2te3_4x2x1::joshitha::unique_098,98,base,completed,True,True,-301.33872492065734,0.029316540050725558,0.4571562768729102,53,0.8909937835129804,2.66198555934429,15.926328897476196
epmlff_0785_Mn@Bi2Te3_unique_098_perturb_a_dx020,Mn@Bi2Te3,sb2te3_4x2x1::joshitha::unique_098,98,perturb_a_dx020,completed,True,True,-301.3471436840067,0.012345744254268768,0.4956522568623038,56,0.8584549369638014,2.6702972611203046,16.186367511749268
epmlff_0786_Mn@Bi2Te3_unique_098_perturb_b_tilt020,Mn@Bi2Te3,sb2te3_4x2x1::joshitha::unique_098,98,perturb_b_tilt020,completed,True,True,-301.34699859404236,0.014199099347343338,0.49209151189066486,56,1.310663751378351,2.670475999482971,16.39565658569336
epmlff_0787_Mn@Bi2Te3_unique_100_base,Mn@Bi2Te3,sb2te3_4x2x1::joshitha::unique_100,100,base,completed,True,True,-296.6206859864953,0.02499163714320217,1.4157074769865337,58,1.0433764974791992,2.6164786379016123,16.615972757339478
epmlff_0788_Mn@Bi2Te3_unique_100_perturb_a_dx020,Mn@Bi2Te3,sb2te3_4x2x1::joshitha::unique_100,100,perturb_a_dx020,completed,True,True,-296.6233418159162,0.02743963055261192,1.406725007135894,73,2.132510084862192,2.6152780032702205,16.414901971817017
epmlff_0789_Mn@Bi2Te3_unique_100_perturb_b_tilt020,Mn@Bi2Te3,sb2te3_4x2x1::joshitha::unique_100,100,perturb_b_tilt020,completed,True,True,-296.62097929663804,0.028612911104205767,1.4157396119217855,58,0.8693770293321795,2.617431621873934,14.061652660369873
epmlff_0790_Mn@Bi2Te3_unique_102_base,Mn@Bi2Te3,sb2te3_4x2x1::victor::unique_102,102,base,completed,True,True,-301.4461983438667,0.029061363552863442,0.3097941446832814,46,0.8533865851649265,2.8955641076795504,14.954175472259521
epmlff_0791_Mn@Bi2Te3_unique_102_perturb_a_dx020,Mn@Bi2Te3,sb2te3_4x2x1::victor::unique_102,102,perturb_a_dx020,completed,True,True,-301.4714796094998,0.027503463673981866,0.38330624620526205,51,1.004338431435167,2.9126051889128517,15.744590759277344
epmlff_0792_Mn@Bi2Te3_unique_102_perturb_b_tilt020,Mn@Bi2Te3,sb2te3_4x2x1::victor::unique_102,102,perturb_b_tilt020,completed,True,True,-301.4733859485202,0.024250983687925273,0.37203703321468534,51,0.85540325449335,2.9087094881591873,15.593255996704102
epmlff_0793_Mn@Bi2Te3_unique_104_base,Mn@Bi2Te3,sb2te3_4x2x1::victor::unique_104,104,base,completed,True,True,-301.46867278520045,0.0290461840163326,0.35678498934914077,49,0.853654910156184,2.910049482702865,15.29316234588623
epmlff_0794_Mn@Bi2Te3_unique_104_perturb_a_dx020,Mn@Bi2Te3,sb2te3_4x2x1::victor::unique_104,104,perturb_a_dx020,completed,True,True,-301.4686101497043,0.028982216821164405,0.35808355221201127,49,0.8530909867890692,2.9098493680812765,15.152103900909424
epmlff_0795_Mn@Bi2Te3_unique_104_perturb_b_tilt020,Mn@Bi2Te3,sb2te3_4x2x1::victor::unique_104,104,perturb_b_tilt020,completed,True,True,-301.4686769560376,0.02848068819837315,0.3563285934986761,49,0.9358462436422925,2.910025348446814,12.798914909362793
epmlff_0796_Mn@Bi2Te3_unique_109_base,Mn@Bi2Te3,sb2te3_4x2x1::victor::unique_109,109,base,completed,True,True,-300.7501602006265,0.028966568934757388,2.8468853915466172,118,0.9447275903019702,2.753363551077691,23.055811166763306
epmlff_0797_Mn@Bi2Te3_unique_109_perturb_a_dx020,Mn@Bi2Te3,sb2te3_4x2x1::victor::unique_109,109,perturb_a_dx020,completed,True,True,-300.75022275113434,0.029084351883012772,2.8445325527011103,118,1.028767294649349,2.753353520773001,26.384271144866943
epmlff_0798_Mn@Bi2Te3_unique_109_perturb_b_tilt020,Mn@Bi2Te3,sb2te3_4x2x1::victor::unique_109,109,perturb_b_tilt020,completed,True,True,-300.7504904613883,0.029541976533037487,2.8485611791653587,118,0.9459569845235322,2.753162019034624,26.429768800735474
epmlff_0799_Mn@Bi2Te3_unique_110_base,Mn@Bi2Te3,sb2te3_4x2x1::victor::unique_110,110,base,completed,True,True,-300.4492300810825,0.028809029356898126,0.3440708653542107,56,0.8798905796832981,2.7442332708608164,16.584577798843384
epmlff_0800_Mn@Bi2Te3_unique_110_perturb_a_dx020,Mn@Bi2Te3,sb2te3_4x2x1::victor::unique_110,110,perturb_a_dx020,completed,True,True,-300.4489153546096,0.029000796876603438,0.35569591731004374,56,0.8753573481773541,2.7444491521727232,16.638939380645752
epmlff_0801_Mn@Bi2Te3_unique_110_perturb_b_tilt020,Mn@Bi2Te3,sb2te3_4x2x1::victor::unique_110,110,perturb_b_tilt020,completed,True,True,-300.4347137554475,0.02975445300472468,0.2935420139845577,47,0.879071224920785,2.747949375393964,15.333887577056885
epmlff_0802_Mn@Bi2Te3_unique_115_base,Mn@Bi2Te3,sb2te3_4x2x1::victor::unique_115,115,base,completed,True,True,-301.46672248397107,0.023052608261543452,0.3532817446973243,47,0.8803209447419867,2.9043394147175263,12.609190702438354
epmlff_0803_Mn@Bi2Te3_unique_115_perturb_a_dx020,Mn@Bi2Te3,sb2te3_4x2x1::victor::unique_115,115,perturb_a_dx020,completed,True,True,-301.46600009329205,0.02975076038091911,0.3511352120667214,46,0.8772190499943004,2.902031439537249,11.970229864120483
epmlff_0804_Mn@Bi2Te3_unique_115_perturb_b_tilt020,Mn@Bi2Te3,sb2te3_4x2x1::victor::unique_115,115,perturb_b_tilt020,completed,True,True,-301.4666802394904,0.023478534366553602,0.3548550934397367,47,0.8845150393841963,2.9043998137934035,14.994534969329834
epmlff_0805_Mn@Bi2Te3_unique_116_base,Mn@Bi2Te3,sb2te3_4x2x1::victor::unique_116,116,base,completed,True,True,-299.376302069257,0.02727730162682039,1.8928981963714544,63,0.8483243343716045,2.6745090713535578,17.910415410995483
epmlff_0806_Mn@Bi2Te3_unique_116_perturb_a_dx020,Mn@Bi2Te3,sb2te3_4x2x1::victor::unique_116,116,perturb_a_dx020,completed,True,True,-299.39531678311795,0.024269872655928868,1.8334606852617428,68,1.330409536381114,2.681866020831844,18.53467893600464
epmlff_0807_Mn@Bi2Te3_unique_116_perturb_b_tilt020,Mn@Bi2Te3,sb2te3_4x2x1::victor::unique_116,116,perturb_b_tilt020,completed,True,True,-299.3769990017232,0.026680783616977958,1.894180339792282,63,0.8501493593927677,2.6734527379355244,17.02928900718689
epmlff_0808_Mn@Bi2Te3_unique_125_base,Mn@Bi2Te3,sb2te3_4x2x1::victor::unique_125,125,base,completed,True,True,-299.37887657315224,0.027202732632604733,1.7966617193761212,59,0.8890791916070235,2.6725658885046273,46.35438513755798
epmlff_0809_Mn@Bi2Te3_unique_125_perturb_a_dx020,Mn@Bi2Te3,sb2te3_4x2x1::victor::unique_125,125,perturb_a_dx020,completed,True,True,-299.3689295186963,0.02648116374161617,1.7925457170958632,57,1.3729776667918971,2.673552674301365,18.76036787033081
epmlff_0810_Mn@Bi2Te3_unique_125_perturb_b_tilt020,Mn@Bi2Te3,sb2te3_4x2x1::victor::unique_125,125,perturb_b_tilt020,completed,True,True,-299.3701369071413,0.028387694890296994,1.7957853401185893,57,0.8974770946033729,2.67132339386458,14.53572964668274
epmlff_0811_Mn@Bi2Te3_unique_126_base,Mn@Bi2Te3,sb2te3_4x2x1::joshitha::unique_126,126,base,completed,True,True,-301.41127295475894,0.026755806319331967,2.8722064504471154,95,2.6823268510426956,2.864116299108038,19.861876964569092
epmlff_0812_Mn@Bi2Te3_unique_126_perturb_a_dx020,Mn@Bi2Te3,sb2te3_4x2x1::joshitha::unique_126,126,perturb_a_dx020,completed,True,True,-301.4274962427201,0.018101715562784088,2.9041215962609432,106,3.5582293103087013,2.8645449615811964,30.725030422210693
epmlff_0813_Mn@Bi2Te3_unique_126_perturb_b_tilt020,Mn@Bi2Te3,sb2te3_4x2x1::joshitha::unique_126,126,perturb_b_tilt020,completed,True,True,-301.4138177557058,0.02746598440720806,2.8783976816529564,96,2.162476579392731,2.8635155609791916,22.862547397613525
epmlff_0814_Mn@Bi2Te3_unique_129_base,Mn@Bi2Te3,sb2te3_4x2x1::joshitha::unique_129,129,base,completed,True,True,-301.3469758292245,0.014241341015823665,0.480735686441138,56,1.1053375974396593,2.670442898603791,16.566630363464355
epmlff_0815_Mn@Bi2Te3_unique_129_perturb_a_dx020,Mn@Bi2Te3,sb2te3_4x2x1::joshitha::unique_129,129,perturb_a_dx020,completed,True,True,-301.3213274459185,0.02257751871164101,0.4241495786317317,51,1.5659794513066694,2.662295823446559,15.681777477264404
epmlff_0816_Mn@Bi2Te3_unique_129_perturb_b_tilt020,Mn@Bi2Te3,sb2te3_4x2x1::joshitha::unique_129,129,perturb_b_tilt020,completed,True,True,-301.3219962039441,0.02408234319438765,0.41448536854290996,51,1.457290761151576,2.6619661999485538,15.786541938781738
epmlff_0817_Mn@Bi2Te3_unique_143_base,Mn@Bi2Te3,sb2te3_4x2x1::joshitha::unique_143,143,base,completed,True,True,-299.3866998573038,0.02981991029261012,0.508612241752194,69,0.9567695362754851,2.742866290509499,20.05693507194519
epmlff_0818_Mn@Bi2Te3_unique_143_perturb_a_dx020,Mn@Bi2Te3,sb2te3_4x2x1::joshitha::unique_143,143,perturb_a_dx020,completed,True,True,-299.38705173371756,0.02318977554220683,0.5110408455953175,70,0.9356191652986703,2.7491586738458995,15.798939943313599
epmlff_0819_Mn@Bi2Te3_unique_143_perturb_b_tilt020,Mn@Bi2Te3,sb2te3_4x2x1::joshitha::unique_143,143,perturb_b_tilt020,completed,True,True,-299.37696559513773,0.025760463480559884,0.556235843896847,65,0.9803166029562231,2.752611516632565,15.138813018798828
epmlff_0820_Mn@Bi2Te3_unique_145_base,Mn@Bi2Te3,sb2te3_4x2x1::joshitha::unique_145,145,base,completed,True,True,-300.9967604229504,0.027921381578900117,0.3504442800287432,46,0.8746255444953919,2.6721362824804897,14.8630952835083
epmlff_0821_Mn@Bi2Te3_unique_145_perturb_a_dx020,Mn@Bi2Te3,sb2te3_4x2x1::joshitha::unique_145,145,perturb_a_dx020,completed,True,True,-300.9698316599715,0.029508758799502717,0.3116791054308711,43,1.3223616944794465,2.671037357474985,14.146623373031616
epmlff_0822_Mn@Bi2Te3_unique_145_perturb_b_tilt020,Mn@Bi2Te3,sb2te3_4x2x1::joshitha::unique_145,145,perturb_b_tilt020,completed,True,True,-300.9883429844999,0.028710686807644208,0.33321390138273904,45,0.8793617466199974,2.6704681400598393,14.528985977172852
epmlff_0823_Mn@Bi2Te3_unique_149_base,Mn@Bi2Te3,sb2te3_4x2x1::joshitha::unique_149,149,base,completed,True,True,-299.94706681400584,0.016195035286311086,0.3662870449298127,51,1.0945301712823892,2.5577380524052478,15.63025164604187
epmlff_0824_Mn@Bi2Te3_unique_149_perturb_a_dx020,Mn@Bi2Te3,sb2te3_4x2x1::joshitha::unique_149,149,perturb_a_dx020,completed,True,True,-299.9463765169629,0.019672290151244422,0.3620418208958225,51,1.8777965740166793,2.558496616483409,38.6031551361084
epmlff_0825_Mn@Bi2Te3_unique_149_perturb_b_tilt020,Mn@Bi2Te3,sb2te3_4x2x1::joshitha::unique_149,149,perturb_b_tilt020,completed,True,True,-299.94715358630657,0.016628645392570827,0.36932209192427323,51,1.1456997074816606,2.5576618485223315,16.16917085647583
epmlff_0826_Mn@Bi2Te3_unique_151_base,Mn@Bi2Te3,sb2te3_4x2x1::joshitha::unique_151,151,base,completed,True,True,-298.901295808804,0.029101033557014457,3.2284137815679936,123,0.9970091851974738,2.7082538805898686,25.319088220596313
epmlff_0827_Mn@Bi2Te3_unique_151_perturb_a_dx020,Mn@Bi2Te3,sb2te3_4x2x1::joshitha::unique_151,151,perturb_a_dx020,completed,True,True,-298.37176446806046,0.023356436802708654,3.1200090162390564,112,0.9965608924696644,2.653300313431929,22.7266788482666
epmlff_0828_Mn@Bi2Te3_unique_151_perturb_b_tilt020,Mn@Bi2Te3,sb2te3_4x2x1::joshitha::unique_151,151,perturb_b_tilt020,completed,True,True,-298.90450735592026,0.029079628841890345,3.221043515605802,125,0.9957648694434127,2.7073959777721,31.381086826324463
epmlff_0829_Mn@Bi2Te3_unique_153_base,Mn@Bi2Te3,sb2te3_4x2x1::joshitha::unique_153,153,base,completed,True,True,-297.1671881652407,0.02988739141784359,0.4214575589539572,52,1.07013378401073,2.636479919987937,15.721965312957764
epmlff_0830_Mn@Bi2Te3_unique_153_perturb_a_dx020,Mn@Bi2Te3,sb2te3_4x2x1::joshitha::unique_153,153,perturb_a_dx020,completed,True,True,-297.16725028424287,0.02848833467828925,0.42336226959225637,52,1.0690013873610371,2.6361288671791567,15.69682788848877
epmlff_0831_Mn@Bi2Te3_unique_153_perturb_b_tilt020,Mn@Bi2Te3,sb2te3_4x2x1::joshitha::unique_153,153,perturb_b_tilt020,completed,True,True,-297.16913664682045,0.027764999149639858,0.44263760071641534,53,1.0701317551178655,2.6401644891443636,15.812068939208984
epmlff_0832_Mn@Bi2Te3_unique_154_base,Mn@Bi2Te3,sb2te3_4x2x1::joshitha::unique_154,154,base,completed,True,True,-300.97012036674414,0.02886873767496423,0.287330729960553,43,0.9117418238550554,2.670006432364492,14.17510437965393
epmlff_0833_Mn@Bi2Te3_unique_154_perturb_a_dx020,Mn@Bi2Te3,sb2te3_4x2x1::joshitha::unique_154,154,perturb_a_dx020,completed,True,True,-300.9700495334297,0.029727648406053995,0.28417221243062835,43,0.9507033278104475,2.668110811104453,13.08436632156372
epmlff_0834_Mn@Bi2Te3_unique_154_perturb_b_tilt020,Mn@Bi2Te3,sb2te3_4x2x1::joshitha::unique_154,154,perturb_b_tilt020,completed,True,True,-301.0505758381756,0.020085964012792095,0.37517216059898595,54,1.009507605647589,2.6696404963659215,13.512402296066284
epmlff_0835_Mn@Bi2Te3_unique_200_base,Mn@Bi2Te3,sb2te3_4x2x1::victor::unique_200,200,base,completed,True,True,-301.09447671267685,0.018610481991678814,0.463082277888117,54,0.7850499866323774,2.6934244832718366,13.47098422050476
epmlff_0836_Mn@Bi2Te3_unique_200_perturb_a_dx020,Mn@Bi2Te3,sb2te3_4x2x1::victor::unique_200,200,perturb_a_dx020,completed,True,True,-301.06095401719074,0.029894400896545766,0.43395091245776646,46,0.9907828014191631,2.696013839981558,14.740145683288574
epmlff_0837_Mn@Bi2Te3_unique_200_perturb_b_tilt020,Mn@Bi2Te3,sb2te3_4x2x1::victor::unique_200,200,perturb_b_tilt020,completed,True,True,-301.09077802103315,0.02689302118441461,0.4778071800594538,53,1.3398723506752914,2.691868671014048,16.0204439163208
epmlff_0838_Mn@Bi2Te3_unique_204_base,Mn@Bi2Te3,sb2te3_4x2x1::victor::unique_204,204,base,completed,True,True,-301.0784094190446,0.02696074963315761,0.38635495196316966,49,0.7809341522846712,2.697949436357113,15.359228610992432
epmlff_0839_Mn@Bi2Te3_unique_204_perturb_a_dx020,Mn@Bi2Te3,sb2te3_4x2x1::victor::unique_204,204,perturb_a_dx020,completed,True,True,-301.074175307205,0.029477611010631274,0.4756541071834246,48,0.9464258823699626,2.696630823568874,15.01319432258606
epmlff_0840_Mn@Bi2Te3_unique_204_perturb_b_tilt020,Mn@Bi2Te3,sb2te3_4x2x1::victor::unique_204,204,perturb_b_tilt020,completed,True,True,-301.0781308984462,0.02891322576146357,0.4766410113066993,49,1.1615450243883398,2.699061257445876,33.380502223968506
epmlff_0841_Mn@Bi2Te3_unique_229_base,Mn@Bi2Te3,sb2te3_4x2x1::joshitha::unique_229,229,base,completed,True,True,-299.3300339128381,0.029518636611308786,0.34649128125216117,46,1.1358770515437624,2.6325533912491252,14.508460521697998
epmlff_0842_Mn@Bi2Te3_unique_229_perturb_a_dx020,Mn@Bi2Te3,sb2te3_4x2x1::joshitha::unique_229,229,perturb_a_dx020,completed,True,True,-299.3611534315044,0.0185540951966256,0.4778898688728243,53,1.5748842371857612,2.6355088968599603,13.572970867156982
epmlff_0843_Mn@Bi2Te3_unique_229_perturb_b_tilt020,Mn@Bi2Te3,sb2te3_4x2x1::joshitha::unique_229,229,perturb_b_tilt020,completed,True,True,-299.3305984483861,0.02870784020817476,0.3191978981844094,46,0.9691775946985762,2.6301222193185514,12.362817764282227
epmlff_0844_Mn@Bi2Te3_unique_230_base,Mn@Bi2Te3,sb2te3_4x2x1::joshitha::unique_230,230,base,completed,True,True,-299.5033385375617,0.025152298276078854,1.18180094479406,66,0.8599120363513569,2.721336443869478,33.048799991607666
epmlff_0845_Mn@Bi2Te3_unique_230_perturb_a_dx020,Mn@Bi2Te3,sb2te3_4x2x1::joshitha::unique_230,230,perturb_a_dx020,completed,True,True,-299.50311367195826,0.027946147301677323,1.1742635304178053,66,1.270386852264084,2.7228203195832803,16.17181706428528
epmlff_0846_Mn@Bi2Te3_unique_230_perturb_b_tilt020,Mn@Bi2Te3,sb2te3_4x2x1::joshitha::unique_230,230,perturb_b_tilt020,completed,True,True,-299.50210287059303,0.02889174408281106,1.1238298801233435,73,0.8436603696234599,2.7285500965459373,17.048189163208008
epmlff_0283_Mn@Sb2Te3_unique_020_base,Mn@Sb2Te3,sb2te3_4x2x1::victor::unique_020,20,base,completed,True,True,-297.9580160004209,0.02635880828748448,0.8303840404996208,61,0.1768295418336414,2.543088575123594,16.961021184921265
epmlff_0284_Mn@Sb2Te3_unique_020_perturb_a_dx020,Mn@Sb2Te3,sb2te3_4x2x1::victor::unique_020,20,perturb_a_dx020,completed,True,True,-297.95786495150145,0.029793515872969512,0.845332627879286,71,1.0903884194066813,2.54364238774112,18.190079927444458
epmlff_0285_Mn@Sb2Te3_unique_020_perturb_b_tilt020,Mn@Sb2Te3,sb2te3_4x2x1::victor::unique_020,20,perturb_b_tilt020,completed,True,True,-297.94695438420047,0.02798573781246923,0.7562208603934082,55,1.2415784083820898,2.5491965090033046,15.871612310409546
epmlff_0286_Mn@Sb2Te3_unique_031_base,Mn@Sb2Te3,sb2te3_4x2x1::victor::unique_031,31,base,completed,True,True,-300.0238855593749,0.024224197456287424,0.051998267200326624,14,0.1672854602519008,2.6297372828630725,8.319674253463745
epmlff_0287_Mn@Sb2Te3_unique_031_perturb_a_dx020,Mn@Sb2Te3,sb2te3_4x2x1::victor::unique_031,31,perturb_a_dx020,completed,True,True,-300.0250286532404,0.029261535074757258,0.223974354365542,28,0.7155462172776527,2.6401465709929983,10.081790447235107
epmlff_0288_Mn@Sb2Te3_unique_031_perturb_b_tilt020,Mn@Sb2Te3,sb2te3_4x2x1::victor::unique_031,31,perturb_b_tilt020,completed,True,True,-300.0241452435506,0.02476678791758203,0.1646506683284425,25,0.8910609192021012,2.632701872087208,71.70626163482666
epmlff_0289_Mn@Sb2Te3_unique_039_base,Mn@Sb2Te3,sb2te3_4x2x1::victor::unique_039,39,base,completed,True,True,-297.4788215966214,0.027885931680864007,0.1398131767112828,19,0.19341408745589586,2.62482610958749,8.268937110900879
epmlff_0290_Mn@Sb2Te3_unique_039_perturb_a_dx020,Mn@Sb2Te3,sb2te3_4x2x1::victor::unique_039,39,perturb_a_dx020,completed,True,True,-297.4815154730344,0.021432335846674918,0.22570002813509665,34,1.3422403771694313,2.6238638778146552,10.51817774772644
epmlff_0291_Mn@Sb2Te3_unique_039_perturb_b_tilt020,Mn@Sb2Te3,sb2te3_4x2x1::victor::unique_039,39,perturb_b_tilt020,completed,True,True,-297.4824916266641,0.02994450094902753,0.25454071445533055,33,1.195710611757521,2.6220098578394726,12.42307162284851
epmlff_0292_Mn@Sb2Te3_unique_041_base,Mn@Sb2Te3,sb2te3_4x2x1::joshitha::unique_041,41,base,completed,True,True,-298.82159928651913,0.02492108882404946,2.066184873726644,71,0.21147583719677296,2.646054677510728,19.313722848892212
epmlff_0293_Mn@Sb2Te3_unique_041_perturb_a_dx020,Mn@Sb2Te3,sb2te3_4x2x1::joshitha::unique_041,41,perturb_a_dx020,completed,True,True,-298.82272584602435,0.02412426997358746,2.074510937753985,89,0.5603913510755681,2.6446522151334078,22.15324640274048
epmlff_0294_Mn@Sb2Te3_unique_041_perturb_b_tilt020,Mn@Sb2Te3,sb2te3_4x2x1::joshitha::unique_041,41,perturb_b_tilt020,completed,True,True,-298.82366347330105,0.023621301641864927,2.074618980793574,86,0.8489608450620528,2.6420169452009015,21.990907430648804
epmlff_0295_Mn@Sb2Te3_unique_042_base,Mn@Sb2Te3,sb2te3_4x2x1::joshitha::unique_042,42,base,completed,True,True,-300.0726844521607,0.02255081507598989,0.08535587941084209,19,0.15587955873315412,2.630385391141677,8.63432002067566
epmlff_0296_Mn@Sb2Te3_unique_042_perturb_a_dx020,Mn@Sb2Te3,sb2te3_4x2x1::joshitha::unique_042,42,perturb_a_dx020,completed,True,True,-300.07405666574556,0.025479046431095446,0.2407689348303232,32,0.6904064581023047,2.6388928731810553,27.420532941818237
epmlff_0297_Mn@Sb2Te3_unique_042_perturb_b_tilt020,Mn@Sb2Te3,sb2te3_4x2x1::joshitha::unique_042,42,perturb_b_tilt020,completed,True,True,-300.07424536987264,0.022861203565689964,0.27537010877111934,34,0.7065016913001235,2.6431512920759657,10.474984407424927
epmlff_0298_Mn@Sb2Te3_unique_043_base,Mn@Sb2Te3,sb2te3_4x2x1::joshitha::unique_043,43,base,completed,True,True,-299.4435367734228,0.0264730341888797,0.31633809446451916,20,0.14677373945559175,2.656671216047269,8.365178346633911
epmlff_0299_Mn@Sb2Te3_unique_043_perturb_a_dx020,Mn@Sb2Te3,sb2te3_4x2x1::joshitha::unique_043,43,perturb_a_dx020,completed,True,True,-299.444552905068,0.028435683349393084,0.4259217533780297,35,1.0002267862231815,2.6567497386372745,12.701285362243652
epmlff_0300_Mn@Sb2Te3_unique_043_perturb_b_tilt020,Mn@Sb2Te3,sb2te3_4x2x1::joshitha::unique_043,43,perturb_b_tilt020,completed,True,True,-299.4468566865041,0.02749983282341556,0.271186558989734,33,0.5969580835560264,2.6540685080825597,12.281099796295166
epmlff_0301_Mn@Sb2Te3_unique_044_base,Mn@Sb2Te3,sb2te3_4x2x1::joshitha::unique_044,44,base,completed,True,True,-299.4459549725012,0.02618613182108579,1.4119830264802524,52,0.1848660267765295,2.6560428110708396,15.442768096923828
epmlff_0302_Mn@Sb2Te3_unique_044_perturb_a_dx020,Mn@Sb2Te3,sb2te3_4x2x1::joshitha::unique_044,44,perturb_a_dx020,completed,True,True,-299.4529027878989,0.028008052562942348,1.4668423309746,78,1.8432024354752554,2.6431061677917995,19.58001470565796
epmlff_0303_Mn@Sb2Te3_unique_044_perturb_b_tilt020,Mn@Sb2Te3,sb2te3_4x2x1::joshitha::unique_044,44,perturb_b_tilt020,completed,True,True,-299.4522540155664,0.02884652550323073,1.3827265151021735,73,1.5400768241969565,2.6478031443649352,18.02332639694214
epmlff_0304_Mn@Sb2Te3_unique_051_base,Mn@Sb2Te3,sb2te3_4x2x1::victor::unique_051,51,base,completed,True,True,-300.07268246513524,0.019732588813179932,0.09384091333079178,19,0.15527914664487816,2.6309884279944376,11.317155361175537
epmlff_0305_Mn@Sb2Te3_unique_051_perturb_a_dx020,Mn@Sb2Te3,sb2te3_4x2x1::victor::unique_051,51,perturb_a_dx020,completed,True,True,-300.07385564507456,0.02616324719291192,0.23714577507645626,32,0.6809919415468788,2.6401932945436224,10.256039142608643
epmlff_0306_Mn@Sb2Te3_unique_051_perturb_b_tilt020,Mn@Sb2Te3,sb2te3_4x2x1::victor::unique_051,51,perturb_b_tilt020,completed,True,True,-300.074246951927,0.02383624358652087,0.28555061346701255,34,0.7361165566758836,2.643904971544948,10.518521070480347
epmlff_0307_Mn@Sb2Te3_unique_052_base,Mn@Sb2Te3,sb2te3_4x2x1::victor::unique_052,52,base,completed,True,True,-297.9661213241834,0.02803084619751373,0.15426030964320567,22,0.17530288564114227,2.633962242621948,63.995466232299805
epmlff_0308_Mn@Sb2Te3_unique_052_perturb_a_dx020,Mn@Sb2Te3,sb2te3_4x2x1::victor::unique_052,52,perturb_a_dx020,completed,True,True,-297.96578052248765,0.028923474754326606,0.2724272707381379,35,1.1466318908168198,2.627581704058367,12.305590867996216
epmlff_0309_Mn@Sb2Te3_unique_052_perturb_b_tilt020,Mn@Sb2Te3,sb2te3_4x2x1::victor::unique_052,52,perturb_b_tilt020,completed,True,True,-297.97052834423687,0.023981651102453316,0.16885947768843068,33,0.71911134532264,2.645574243473172,11.937556743621826
epmlff_0310_Mn@Sb2Te3_unique_056_base,Mn@Sb2Te3,sb2te3_4x2x1::victor::unique_056,56,base,completed,True,True,-298.2722666719293,0.027980184840169404,0.09003739179880692,19,0.20372493488715868,2.80072113977717,9.292655944824219
epmlff_0311_Mn@Sb2Te3_unique_056_perturb_a_dx020,Mn@Sb2Te3,sb2te3_4x2x1::victor::unique_056,56,perturb_a_dx020,completed,True,True,-298.27925565703214,0.029098650448246867,0.18111303479735885,31,0.8198944381522596,2.794700694105996,11.43562388420105
epmlff_0312_Mn@Sb2Te3_unique_056_perturb_b_tilt020,Mn@Sb2Te3,sb2te3_4x2x1::victor::unique_056,56,perturb_b_tilt020,completed,True,True,-298.28302751082913,0.02642075428415633,0.20240605901363246,33,0.8535439154403792,2.7919103350195957,11.146349906921387
epmlff_0313_Mn@Sb2Te3_unique_057_base,Mn@Sb2Te3,sb2te3_4x2x1::victor::unique_057,57,base,completed,True,True,-300.07430764526293,0.021029620584167817,0.0994532438045337,18,0.20043723147458603,2.626756139058021,16.458436250686646
epmlff_0314_Mn@Sb2Te3_unique_057_perturb_a_dx020,Mn@Sb2Te3,sb2te3_4x2x1::victor::unique_057,57,perturb_a_dx020,completed,True,True,-300.07523948447607,0.027703397802987167,0.22609039932912903,30,0.7242595332739691,2.6375635533341626,9.734632968902588
epmlff_0315_Mn@Sb2Te3_unique_057_perturb_b_tilt020,Mn@Sb2Te3,sb2te3_4x2x1::victor::unique_057,57,perturb_b_tilt020,completed,True,True,-300.07544539448656,0.02881174672937498,0.28001747335223603,31,0.7256371943151311,2.6365870271363634,10.051851034164429
epmlff_0316_Mn@Sb2Te3_unique_065_base,Mn@Sb2Te3,sb2te3_4x2x1::victor::unique_065,65,base,completed,True,True,-297.7366692126279,0.027129629227909804,0.15555201545138192,21,0.1727705389596449,2.75543374892334,9.822715997695923
epmlff_0317_Mn@Sb2Te3_unique_065_perturb_a_dx020,Mn@Sb2Te3,sb2te3_4x2x1::victor::unique_065,65,perturb_a_dx020,completed,True,True,-297.72921586422945,0.02781988895346727,0.18787939969926823,25,0.8415148128979828,2.756927945837419,10.347705125808716
epmlff_0318_Mn@Sb2Te3_unique_065_perturb_b_tilt020,Mn@Sb2Te3,sb2te3_4x2x1::victor::unique_065,65,perturb_b_tilt020,completed,True,True,-297.7380777348336,0.023028935712314666,0.2160213338647428,33,0.9762581519704743,2.7627995481735503,11.812595844268799
epmlff_0319_Mn@Sb2Te3_unique_066_base,Mn@Sb2Te3,sb2te3_4x2x1::joshitha::unique_066,66,base,completed,True,True,-299.27253770955633,0.024867439654113012,0.13638255493986798,30,0.2414916132149796,2.7538459972594906,11.421957731246948
epmlff_0320_Mn@Sb2Te3_unique_066_perturb_a_dx020,Mn@Sb2Te3,sb2te3_4x2x1::joshitha::unique_066,66,perturb_a_dx020,completed,True,True,-299.27771589359463,0.027263662972346267,0.29185595693867916,36,0.8338590061625895,2.757664982687885,11.08038067817688
epmlff_0321_Mn@Sb2Te3_unique_066_perturb_b_tilt020,Mn@Sb2Te3,sb2te3_4x2x1::joshitha::unique_066,66,perturb_b_tilt020,completed,True,True,-299.279287233732,0.016704395966563475,0.2549181149528141,38,0.8214072782016627,2.759325598917765,29.84112548828125
epmlff_0322_Mn@Sb2Te3_unique_067_base,Mn@Sb2Te3,sb2te3_4x2x1::joshitha::unique_067,67,base,completed,True,True,-298.29106658851265,0.02911598742967476,0.32786483510399167,23,0.15609065735086503,2.6544413357547874,8.737476110458374
epmlff_0323_Mn@Sb2Te3_unique_067_perturb_a_dx020,Mn@Sb2Te3,sb2te3_4x2x1::joshitha::unique_067,67,perturb_a_dx020,completed,True,True,-298.2902931735571,0.029091239545066077,0.5416643000022664,35,0.6629452350156693,2.658780521549293,10.614834547042847
epmlff_0324_Mn@Sb2Te3_unique_067_perturb_b_tilt020,Mn@Sb2Te3,sb2te3_4x2x1::joshitha::unique_067,67,perturb_b_tilt020,completed,True,True,-298.2904181832678,0.028555584562273365,0.2687113491519209,31,1.0845789876032468,2.655928718240429,11.764090061187744
epmlff_0325_Mn@Sb2Te3_unique_068_base,Mn@Sb2Te3,sb2te3_4x2x1::joshitha::unique_068,68,base,completed,True,True,-300.0731476934903,0.021805595833221926,0.09721882663361314,19,0.19488919220213327,2.6308482510134117,9.572869300842285
epmlff_0326_Mn@Sb2Te3_unique_068_perturb_a_dx020,Mn@Sb2Te3,sb2te3_4x2x1::joshitha::unique_068,68,perturb_a_dx020,completed,True,True,-300.07283829139135,0.028792515166394198,0.19740883444337462,27,0.6605745643044434,2.6367874940775855,10.964073419570923
epmlff_0327_Mn@Sb2Te3_unique_068_perturb_b_tilt020,Mn@Sb2Te3,sb2te3_4x2x1::joshitha::unique_068,68,perturb_b_tilt020,completed,True,True,-300.07450870710636,0.02362077237911399,0.29187180907527155,34,0.7168228155036892,2.6429463564687707,12.119663715362549
epmlff_0328_Mn@Sb2Te3_unique_069_base,Mn@Sb2Te3,sb2te3_4x2x1::joshitha::unique_069,69,base,completed,True,True,-299.46085153725494,0.02864342325089343,2.67054497707641,140,0.2157523044711023,2.7527492123302952,30.005428075790405
epmlff_0329_Mn@Sb2Te3_unique_069_perturb_a_dx020,Mn@Sb2Te3,sb2te3_4x2x1::joshitha::unique_069,69,perturb_a_dx020,completed,True,True,-298.49493433495616,0.027363252904584263,0.9721978066548405,44,0.7913150394242665,2.762407201045024,190.1729085445404
epmlff_0330_Mn@Sb2Te3_unique_069_perturb_b_tilt020,Mn@Sb2Te3,sb2te3_4x2x1::joshitha::unique_069,69,perturb_b_tilt020,completed,True,True,-298.50862033555995,0.029784511407238614,0.9381771326209626,55,0.8521957374910881,2.7557258863676166,13.415834188461304
epmlff_0331_Mn@Sb2Te3_unique_070_base,Mn@Sb2Te3,sb2te3_4x2x1::joshitha::unique_070,70,base,completed,True,True,-298.2238270200253,0.029563214325225864,0.12227390095263564,19,0.19014965050079202,2.736355671536174,8.279513835906982
epmlff_0332_Mn@Sb2Te3_unique_070_perturb_a_dx020,Mn@Sb2Te3,sb2te3_4x2x1::joshitha::unique_070,70,perturb_a_dx020,completed,True,True,-298.22795270222787,0.02374549909321103,0.19552579073851872,33,1.0260243773418996,2.7410732691008564,28.161149263381958
epmlff_0333_Mn@Sb2Te3_unique_070_perturb_b_tilt020,Mn@Sb2Te3,sb2te3_4x2x1::joshitha::unique_070,70,perturb_b_tilt020,completed,True,True,-298.2264146809851,0.028392743557729017,0.22073392412433876,33,0.9486774073467672,2.7412415636213057,11.911542177200317
epmlff_0334_Mn@Sb2Te3_unique_071_base,Mn@Sb2Te3,sb2te3_4x2x1::joshitha::unique_071,71,base,completed,True,True,-299.0535811504598,0.028750872013683534,0.12062589996054447,20,0.2505574738185223,2.7842762246086465,9.535645723342896
epmlff_0335_Mn@Sb2Te3_unique_071_perturb_a_dx020,Mn@Sb2Te3,sb2te3_4x2x1::joshitha::unique_071,71,perturb_a_dx020,completed,True,True,-299.05672590286963,0.02896033910400582,0.19669965712981483,33,0.8523047197630641,2.77955024473293,11.949650526046753
epmlff_0336_Mn@Sb2Te3_unique_071_perturb_b_tilt020,Mn@Sb2Te3,sb2te3_4x2x1::joshitha::unique_071,71,perturb_b_tilt020,completed,True,True,-299.06138311365993,0.02987933002108172,0.2736134838054846,34,0.7244354155717408,2.7859594025538796,11.975045680999756
epmlff_0337_Mn@Sb2Te3_unique_072_base,Mn@Sb2Te3,sb2te3_4x2x1::joshitha::unique_072,72,base,completed,True,True,-299.9718054296077,0.02719931692154375,0.03958588759274685,17,0.19263471047650652,2.6530273276451215,15.034449338912964
epmlff_0338_Mn@Sb2Te3_unique_072_perturb_a_dx020,Mn@Sb2Te3,sb2te3_4x2x1::joshitha::unique_072,72,perturb_a_dx020,completed,True,True,-299.9832603907742,0.026240292399555165,0.1443128419591596,28,0.7688929589092045,2.6478582236459807,10.379765510559082
epmlff_0339_Mn@Sb2Te3_unique_072_perturb_b_tilt020,Mn@Sb2Te3,sb2te3_4x2x1::joshitha::unique_072,72,perturb_b_tilt020,completed,True,True,-299.99143730329865,0.02517780427010531,0.2312808559018605,32,1.1072906338998876,2.6508076575841235,26.640941858291626
epmlff_0340_Mn@Sb2Te3_unique_073_base,Mn@Sb2Te3,sb2te3_4x2x1::joshitha::unique_073,73,base,completed,True,True,-299.18481394136126,0.026585607012747463,0.1943782843683788,19,0.12475656984721069,2.601357347170876,8.166183233261108
epmlff_0341_Mn@Sb2Te3_unique_073_perturb_a_dx020,Mn@Sb2Te3,sb2te3_4x2x1::joshitha::unique_073,73,perturb_a_dx020,completed,True,True,-300.05997032525875,0.026178196653877297,1.3455760250378312,59,0.9434704864186927,2.6418785337272013,14.210819959640503
epmlff_0342_Mn@Sb2Te3_unique_073_perturb_b_tilt020,Mn@Sb2Te3,sb2te3_4x2x1::joshitha::unique_073,73,perturb_b_tilt020,completed,True,True,-299.178174438028,0.028106009469797858,0.2498429207995684,28,0.9566213583356983,2.5992993145035945,43.9898521900177
epmlff_0343_Mn@Sb2Te3_unique_077_base,Mn@Sb2Te3,sb2te3_4x2x1::joshitha::unique_077,77,base,completed,True,True,-300.00058043843296,0.029821504088333627,0.0782611356243264,19,0.22698146395868912,2.634274753096837,9.411377906799316
epmlff_0344_Mn@Sb2Te3_unique_077_perturb_a_dx020,Mn@Sb2Te3,sb2te3_4x2x1::joshitha::unique_077,77,perturb_a_dx020,completed,True,True,-300.0006560485303,0.029792914463480185,0.14457773567970122,30,0.8230523851413338,2.635602509182498,11.239002466201782
epmlff_0345_Mn@Sb2Te3_unique_077_perturb_b_tilt020,Mn@Sb2Te3,sb2te3_4x2x1::joshitha::unique_077,77,perturb_b_tilt020,completed,True,True,-300.00118013170567,0.029289649769557034,0.1865335752547978,29,0.9565055263810975,2.6373932135102462,11.043042659759521
epmlff_0346_Mn@Sb2Te3_unique_078_base,Mn@Sb2Te3,sb2te3_4x2x1::joshitha::unique_078,78,base,completed,True,True,-300.129273279366,0.025578080196055945,0.1671315708898016,23,0.25632567604627055,2.6264088433293726,10.09396481513977
epmlff_0347_Mn@Sb2Te3_unique_078_perturb_a_dx020,Mn@Sb2Te3,sb2te3_4x2x1::joshitha::unique_078,78,perturb_a_dx020,completed,True,True,-300.1269289402088,0.022146319843295032,0.22666856722000475,34,1.3016244458139572,2.629826912040309,11.511907815933228
epmlff_0348_Mn@Sb2Te3_unique_078_perturb_b_tilt020,Mn@Sb2Te3,sb2te3_4x2x1::joshitha::unique_078,78,perturb_b_tilt020,completed,True,True,-300.13137037861986,0.02367861850210143,0.1975035831647258,39,1.1953035856850398,2.627072151622627,26.70253872871399
epmlff_0349_Mn@Sb2Te3_unique_080_base,Mn@Sb2Te3,sb2te3_4x2x1::joshitha::unique_080,80,base,completed,True,True,-298.2223216031232,0.028832339473136227,0.09847003655265431,20,0.2100869761508594,2.617644212985193,8.45882534980774
epmlff_0350_Mn@Sb2Te3_unique_080_perturb_a_dx020,Mn@Sb2Te3,sb2te3_4x2x1::joshitha::unique_080,80,perturb_a_dx020,completed,True,True,-298.223688321526,0.028013936035471778,0.228276858931038,32,1.1560692710470188,2.6160757442374627,10.249672174453735
epmlff_0351_Mn@Sb2Te3_unique_080_perturb_b_tilt020,Mn@Sb2Te3,sb2te3_4x2x1::joshitha::unique_080,80,perturb_b_tilt020,completed,True,True,-298.22385256695543,0.029175074755767867,0.13051200263519847,28,0.9956738823070115,2.6133111430899723,11.087347269058228
epmlff_0352_Mn@Sb2Te3_unique_093_base,Mn@Sb2Te3,sb2te3_4x2x1::joshitha::unique_093,93,base,completed,True,True,-300.0001525745482,0.027167618434206887,0.06586028504423072,18,0.15730512671240413,2.6341280195911017,9.007457971572876
epmlff_0353_Mn@Sb2Te3_unique_093_perturb_a_dx020,Mn@Sb2Te3,sb2te3_4x2x1::joshitha::unique_093,93,perturb_a_dx020,completed,True,True,-300.0015363407125,0.029719049069506905,0.21608446837759235,27,0.8581802931412756,2.639873882466164,10.756503105163574
epmlff_0354_Mn@Sb2Te3_unique_093_perturb_b_tilt020,Mn@Sb2Te3,sb2te3_4x2x1::joshitha::unique_093,93,perturb_b_tilt020,completed,True,True,-300.0004022545901,0.027287630032460545,0.14947783155936786,29,0.9034536920923648,2.6385635397486076,11.150821685791016
epmlff_0355_Mn@Sb2Te3_unique_096_base,Mn@Sb2Te3,sb2te3_4x2x1::joshitha::unique_096,96,base,completed,True,True,-297.4661000084394,0.027009384762230543,0.2717771763654251,26,0.18568537965141912,2.6726152035138133,10.349013566970825
epmlff_0356_Mn@Sb2Te3_unique_096_perturb_a_dx020,Mn@Sb2Te3,sb2te3_4x2x1::joshitha::unique_096,96,perturb_a_dx020,completed,True,True,-297.436268265094,0.027300998130524945,0.19312030643302772,24,0.8791298706503521,2.6760122074241677,21.80088973045349
epmlff_0357_Mn@Sb2Te3_unique_096_perturb_b_tilt020,Mn@Sb2Te3,sb2te3_4x2x1::joshitha::unique_096,96,perturb_b_tilt020,completed,True,True,-297.437178406337,0.02576893728905227,0.2320599837411974,25,0.8002652917764752,2.6697188633704543,73.97460341453552
epmlff_0358_Mn@Sb2Te3_unique_097_base,Mn@Sb2Te3,sb2te3_4x2x1::joshitha::unique_097,97,base,completed,True,True,-299.98307560981397,0.028630275835444613,2.285891459306881,66,0.1582934649226717,2.8313559129330774,18.36718511581421
epmlff_0359_Mn@Sb2Te3_unique_097_perturb_a_dx020,Mn@Sb2Te3,sb2te3_4x2x1::joshitha::unique_097,97,perturb_a_dx020,completed,True,True,-299.9830446470071,0.023853445104802404,2.2837875618644654,78,0.9573440921189824,2.830923631578175,20.34309148788452
epmlff_0360_Mn@Sb2Te3_unique_097_perturb_b_tilt020,Mn@Sb2Te3,sb2te3_4x2x1::joshitha::unique_097,97,perturb_b_tilt020,completed,True,True,-299.9828833527432,0.02409448272377398,2.2798504012761964,78,1.1202440566800609,2.830738273296268,20.221795558929443
epmlff_0361_Mn@Sb2Te3_unique_098_base,Mn@Sb2Te3,sb2te3_4x2x1::joshitha::unique_098,98,base,completed,True,True,-300.1303851822329,0.023171242004689657,0.17827513211632445,23,0.27843307914327325,2.6271572934596517,10.309536933898926
epmlff_0362_Mn@Sb2Te3_unique_098_perturb_a_dx020,Mn@Sb2Te3,sb2te3_4x2x1::joshitha::unique_098,98,perturb_a_dx020,completed,True,True,-300.12760385522614,0.01841769736779572,0.22249538273634176,34,1.2835344010131233,2.6291861694820557,11.861562252044678
epmlff_0363_Mn@Sb2Te3_unique_098_perturb_b_tilt020,Mn@Sb2Te3,sb2te3_4x2x1::joshitha::unique_098,98,perturb_b_tilt020,completed,True,True,-300.124730769002,0.02605450405698548,0.19876220438010586,31,1.1885104671660671,2.626789448286955,13.46408200263977
epmlff_0364_Mn@Sb2Te3_unique_100_base,Mn@Sb2Te3,sb2te3_4x2x1::joshitha::unique_100,100,base,completed,True,True,-296.58378584585796,0.028455352485984655,1.5962812116845022,44,0.2578526809280063,2.5953958652363975,15.1131112575531
epmlff_0365_Mn@Sb2Te3_unique_100_perturb_a_dx020,Mn@Sb2Te3,sb2te3_4x2x1::joshitha::unique_100,100,perturb_a_dx020,completed,True,True,-296.5909488657611,0.024568321390182044,1.6179591840869232,61,1.1500566086978725,2.593983147944841,50.80280804634094
epmlff_0366_Mn@Sb2Te3_unique_100_perturb_b_tilt020,Mn@Sb2Te3,sb2te3_4x2x1::joshitha::unique_100,100,perturb_b_tilt020,completed,True,True,-296.5882592577351,0.020221331215819677,1.6234856674085865,58,1.6820069627027965,2.595777430893489,15.209398984909058
epmlff_0367_Mn@Sb2Te3_unique_102_base,Mn@Sb2Te3,sb2te3_4x2x1::victor::unique_102,102,base,completed,True,True,-300.40993352299006,0.029892206865429507,0.042506650839608154,14,0.1333291101625684,2.8364407753825582,10.337892293930054
epmlff_0368_Mn@Sb2Te3_unique_102_perturb_a_dx020,Mn@Sb2Te3,sb2te3_4x2x1::victor::unique_102,102,perturb_a_dx020,completed,True,True,-300.4129907818676,0.016048487893523287,0.1892933859164137,25,0.6435124327659195,2.831805239126307,10.463793516159058
epmlff_0369_Mn@Sb2Te3_unique_102_perturb_b_tilt020,Mn@Sb2Te3,sb2te3_4x2x1::victor::unique_102,102,perturb_b_tilt020,completed,True,True,-300.41295390063203,0.025735480846826572,0.18294072292377367,25,0.6207772540122386,2.8344789685578777,10.376932382583618
epmlff_0370_Mn@Sb2Te3_unique_104_base,Mn@Sb2Te3,sb2te3_4x2x1::victor::unique_104,104,base,completed,True,True,-300.4096694474897,0.029395309117070972,0.04345592593624134,16,0.12882344039140547,2.8355585393011866,8.780365228652954
epmlff_0371_Mn@Sb2Te3_unique_104_perturb_a_dx020,Mn@Sb2Te3,sb2te3_4x2x1::victor::unique_104,104,perturb_a_dx020,completed,True,True,-300.4115596982904,0.018614707174816652,0.1886490177016729,25,0.6534356017892581,2.832388861222633,10.408349990844727
epmlff_0372_Mn@Sb2Te3_unique_104_perturb_b_tilt020,Mn@Sb2Te3,sb2te3_4x2x1::victor::unique_104,104,perturb_b_tilt020,completed,True,True,-300.4115434191812,0.02741076542166349,0.18278410819913155,25,0.6424687811636124,2.832954075053651,10.54918122291565
epmlff_0373_Mn@Sb2Te3_unique_109_base,Mn@Sb2Te3,sb2te3_4x2x1::victor::unique_109,109,base,completed,True,True,-298.20763498874356,0.025012901597914697,0.579192331895237,28,0.1902632984367444,2.6510120771450616,9.677505254745483
epmlff_0374_Mn@Sb2Te3_unique_109_perturb_a_dx020,Mn@Sb2Te3,sb2te3_4x2x1::victor::unique_109,109,perturb_a_dx020,completed,True,True,-298.1769203066864,0.027663714915241423,0.3378873526981098,35,0.9489595779466533,2.6664426120796194,62.692302942276
epmlff_0375_Mn@Sb2Te3_unique_109_perturb_b_tilt020,Mn@Sb2Te3,sb2te3_4x2x1::victor::unique_109,109,perturb_b_tilt020,completed,True,True,-298.1775596867642,0.027518744749049032,0.34397236011184545,35,0.9249732671234725,2.6601833122660112,12.283278703689575
epmlff_0376_Mn@Sb2Te3_unique_110_base,Mn@Sb2Te3,sb2te3_4x2x1::victor::unique_110,110,base,completed,True,True,-299.71966705371653,0.027341248587473423,0.14620181564315304,28,0.1819831118884563,2.7216072693146978,11.100178956985474
epmlff_0377_Mn@Sb2Te3_unique_110_perturb_a_dx020,Mn@Sb2Te3,sb2te3_4x2x1::victor::unique_110,110,perturb_a_dx020,completed,True,True,-299.72387425197974,0.028411420124944693,0.271058978635052,32,0.690207265196179,2.7208202127964185,11.775228023529053
epmlff_0378_Mn@Sb2Te3_unique_110_perturb_b_tilt020,Mn@Sb2Te3,sb2te3_4x2x1::victor::unique_110,110,perturb_b_tilt020,completed,True,True,-299.71590105991856,0.028132955409527483,0.20531423459416412,26,0.736468046080675,2.7280794070460215,10.717325687408447
epmlff_0379_Mn@Sb2Te3_unique_115_base,Mn@Sb2Te3,sb2te3_4x2x1::victor::unique_115,115,base,completed,True,True,-300.4060269993277,0.028580236688161686,0.045965610657847315,16,0.13517133859101715,2.8380620329609982,8.402145624160767
epmlff_0380_Mn@Sb2Te3_unique_115_perturb_a_dx020,Mn@Sb2Te3,sb2te3_4x2x1::victor::unique_115,115,perturb_a_dx020,completed,True,True,-300.4087300418168,0.018837539627382313,0.1919957643833981,25,0.6616158896302492,2.832714358118685,23.356375217437744
epmlff_0381_Mn@Sb2Te3_unique_115_perturb_b_tilt020,Mn@Sb2Te3,sb2te3_4x2x1::victor::unique_115,115,perturb_b_tilt020,completed,True,True,-300.4085340184059,0.02861125847306638,0.18188424851952922,25,0.6508493955953287,2.8290326399581613,9.246599197387695
epmlff_0382_Mn@Sb2Te3_unique_116_base,Mn@Sb2Te3,sb2te3_4x2x1::victor::unique_116,116,base,completed,True,True,-298.05917935837726,0.019568961752533264,0.6393756327585203,30,0.1579842960906125,2.665933455718611,19.28618574142456
epmlff_0383_Mn@Sb2Te3_unique_116_perturb_a_dx020,Mn@Sb2Te3,sb2te3_4x2x1::victor::unique_116,116,perturb_a_dx020,completed,True,True,-298.1002319783947,0.029801915086716767,0.7620895316383305,46,1.4032937247047408,2.6697826182574813,14.790807962417603
epmlff_0384_Mn@Sb2Te3_unique_116_perturb_b_tilt020,Mn@Sb2Te3,sb2te3_4x2x1::victor::unique_116,116,perturb_b_tilt020,completed,True,True,-298.1023832517021,0.026841125719376774,0.7305732961748818,48,0.6696540877710592,2.672586564654834,14.974916458129883
epmlff_0385_Mn@Sb2Te3_unique_125_base,Mn@Sb2Te3,sb2te3_4x2x1::victor::unique_125,125,base,completed,True,True,-298.10612067401314,0.019189146712416106,0.4392260277816652,30,0.1562758022930409,2.6765518033613582,11.813449621200562
epmlff_0386_Mn@Sb2Te3_unique_125_perturb_a_dx020,Mn@Sb2Te3,sb2te3_4x2x1::victor::unique_125,125,perturb_a_dx020,completed,True,True,-298.14916652397125,0.022686575440506288,0.4928086158785994,47,1.3477474048119453,2.68159781653788,14.847308874130249
epmlff_0387_Mn@Sb2Te3_unique_125_perturb_b_tilt020,Mn@Sb2Te3,sb2te3_4x2x1::victor::unique_125,125,perturb_b_tilt020,completed,True,True,-298.14995598345155,0.02690058805021109,0.476576895605395,46,0.7404012666294645,2.6825599541905953,13.597231388092041
epmlff_0388_Mn@Sb2Te3_unique_126_base,Mn@Sb2Te3,sb2te3_4x2x1::joshitha::unique_126,126,base,completed,True,True,-298.6799000372597,0.029736825720749517,0.10314988071339498,19,0.2702777594249956,2.668869525041104,75.96703958511353
epmlff_0389_Mn@Sb2Te3_unique_126_perturb_a_dx020,Mn@Sb2Te3,sb2te3_4x2x1::joshitha::unique_126,126,perturb_a_dx020,completed,True,True,-298.6812055298208,0.028499754734168815,0.21389799766826834,27,0.8572612401800129,2.667374887760782,21.749558210372925
epmlff_0390_Mn@Sb2Te3_unique_126_perturb_b_tilt020,Mn@Sb2Te3,sb2te3_4x2x1::joshitha::unique_126,126,perturb_b_tilt020,completed,True,True,-298.68295759387024,0.029798341519882983,0.15438730481846413,28,0.8231918873697229,2.6713634841332636,9.658653974533081
epmlff_0391_Mn@Sb2Te3_unique_129_base,Mn@Sb2Te3,sb2te3_4x2x1::joshitha::unique_129,129,base,completed,True,True,-300.12869185987904,0.02696801039506766,0.1318510081385053,22,0.28534244444253115,2.6271491061692114,50.9344379901886
epmlff_0392_Mn@Sb2Te3_unique_129_perturb_a_dx020,Mn@Sb2Te3,sb2te3_4x2x1::joshitha::unique_129,129,perturb_a_dx020,completed,True,True,-300.12753397337343,0.02238999484505598,0.2455671975877184,34,1.278628659589934,2.6296927116204376,11.981635332107544
epmlff_0393_Mn@Sb2Te3_unique_129_perturb_b_tilt020,Mn@Sb2Te3,sb2te3_4x2x1::joshitha::unique_129,129,perturb_b_tilt020,completed,True,True,-300.1251465975736,0.024993699772192478,0.2890169947923015,31,1.125415193546437,2.6263539480158133,11.467872142791748
epmlff_0394_Mn@Sb2Te3_unique_143_base,Mn@Sb2Te3,sb2te3_4x2x1::joshitha::unique_143,143,base,completed,True,True,-299.0213395361417,0.02807404080431676,0.10800315286125732,20,0.2028539659578441,2.7033303083392153,9.48698377609253
epmlff_0395_Mn@Sb2Te3_unique_143_perturb_a_dx020,Mn@Sb2Te3,sb2te3_4x2x1::joshitha::unique_143,143,perturb_a_dx020,completed,True,True,-299.02132786737343,0.029059119973308078,0.1835911440046106,26,0.9307281091071059,2.699294761543038,10.502795457839966
epmlff_0396_Mn@Sb2Te3_unique_143_perturb_b_tilt020,Mn@Sb2Te3,sb2te3_4x2x1::joshitha::unique_143,143,perturb_b_tilt020,completed,True,True,-299.02147625247073,0.022027105249606466,0.18079636677928215,23,0.9387010000049719,2.695702873254993,9.765635251998901
epmlff_0397_Mn@Sb2Te3_unique_145_base,Mn@Sb2Te3,sb2te3_4x2x1::joshitha::unique_145,145,base,completed,True,True,-300.00054659966946,0.024651062453472972,0.04096095299336079,18,0.1751312302564102,2.648024333211712,17.199479579925537
epmlff_0398_Mn@Sb2Te3_unique_145_perturb_a_dx020,Mn@Sb2Te3,sb2te3_4x2x1::joshitha::unique_145,145,perturb_a_dx020,completed,True,True,-300.00185177894525,0.028001255928747686,0.18025203282142976,31,0.8469120849617877,2.6462921078515147,10.524901866912842
epmlff_0399_Mn@Sb2Te3_unique_145_perturb_b_tilt020,Mn@Sb2Te3,sb2te3_4x2x1::joshitha::unique_145,145,perturb_b_tilt020,completed,True,True,-300.00290690860834,0.02617129079633094,0.15502810806150974,30,0.8024004409771024,2.6409040764650653,60.869089126586914
epmlff_0400_Mn@Sb2Te3_unique_149_base,Mn@Sb2Te3,sb2te3_4x2x1::joshitha::unique_149,149,base,completed,True,True,-299.34356352428404,0.028300357506500017,0.10300771562244064,26,0.27715115268033735,2.56537512708258,10.665819644927979
epmlff_0401_Mn@Sb2Te3_unique_149_perturb_a_dx020,Mn@Sb2Te3,sb2te3_4x2x1::joshitha::unique_149,149,perturb_a_dx020,completed,True,True,-299.34207295828946,0.02835008752406356,0.23133681841739542,36,1.2658298492874436,2.5703777628883744,12.209105253219604
epmlff_0402_Mn@Sb2Te3_unique_149_perturb_b_tilt020,Mn@Sb2Te3,sb2te3_4x2x1::joshitha::unique_149,149,perturb_b_tilt020,completed,True,True,-299.34921395504335,0.025187346386534998,0.188435255796585,32,1.2308179474722605,2.566374168230747,11.458637475967407
epmlff_0403_Mn@Sb2Te3_unique_151_base,Mn@Sb2Te3,sb2te3_4x2x1::joshitha::unique_151,151,base,completed,True,True,-296.1563572031504,0.027838559111891755,0.05717405234229623,15,0.10805278140252828,2.6178642861486847,8.50083875656128
epmlff_0404_Mn@Sb2Te3_unique_151_perturb_a_dx020,Mn@Sb2Te3,sb2te3_4x2x1::joshitha::unique_151,151,perturb_a_dx020,completed,True,True,-296.1569340231277,0.023925780779264407,0.14711136825597365,26,1.053527885717503,2.621205303285654,9.914890766143799
epmlff_0405_Mn@Sb2Te3_unique_151_perturb_b_tilt020,Mn@Sb2Te3,sb2te3_4x2x1::joshitha::unique_151,151,perturb_b_tilt020,completed,True,True,-296.1541615511843,0.02885634698377572,0.20859635502812918,25,0.8027946340470439,2.6137352884626206,22.19951343536377
epmlff_0406_Mn@Sb2Te3_unique_153_base,Mn@Sb2Te3,sb2te3_4x2x1::joshitha::unique_153,153,base,completed,True,True,-297.18646208867665,0.023303241737315513,0.35840373227356087,24,0.22916154824644652,2.604137773556534,9.353072166442871
epmlff_0407_Mn@Sb2Te3_unique_153_perturb_a_dx020,Mn@Sb2Te3,sb2te3_4x2x1::joshitha::unique_153,153,perturb_a_dx020,completed,True,True,-297.1882653164971,0.027557582178150564,0.3752460793595001,38,1.2207648427675457,2.6027508354342554,22.21170139312744
epmlff_0408_Mn@Sb2Te3_unique_153_perturb_b_tilt020,Mn@Sb2Te3,sb2te3_4x2x1::joshitha::unique_153,153,perturb_b_tilt020,completed,True,True,-297.18817517888834,0.028757586794096658,0.36399649935880607,39,1.446591221874817,2.602027988374096,12.820675134658813
epmlff_0409_Mn@Sb2Te3_unique_154_base,Mn@Sb2Te3,sb2te3_4x2x1::joshitha::unique_154,154,base,completed,True,True,-300.0030099783476,0.027769930475204856,0.08268244104837094,19,0.14935007925920069,2.639158048199587,9.532311201095581
epmlff_0410_Mn@Sb2Te3_unique_154_perturb_a_dx020,Mn@Sb2Te3,sb2te3_4x2x1::joshitha::unique_154,154,perturb_a_dx020,completed,True,True,-300.00209472428435,0.027859645480187236,0.17469718071200088,31,0.8666260221040195,2.6464152087056467,11.698537111282349
epmlff_0411_Mn@Sb2Te3_unique_154_perturb_b_tilt020,Mn@Sb2Te3,sb2te3_4x2x1::joshitha::unique_154,154,perturb_b_tilt020,completed,True,True,-300.0032996260103,0.021173558928365886,0.21511522514438364,27,0.7918240448252262,2.6473201608606893,11.03004503250122
epmlff_0412_Mn@Sb2Te3_unique_200_base,Mn@Sb2Te3,sb2te3_4x2x1::victor::unique_200,200,base,completed,True,True,-300.02462644829416,0.024142080774164406,0.0682790581767856,19,0.16673623058823497,2.636141521927995,8.918723583221436
epmlff_0413_Mn@Sb2Te3_unique_200_perturb_a_dx020,Mn@Sb2Te3,sb2te3_4x2x1::victor::unique_200,200,perturb_a_dx020,completed,True,True,-300.02484730503716,0.028408685387364064,0.19039193935783746,28,0.6892568521425131,2.6432147898504246,104.92317390441895
epmlff_0414_Mn@Sb2Te3_unique_200_perturb_b_tilt020,Mn@Sb2Te3,sb2te3_4x2x1::victor::unique_200,200,perturb_b_tilt020,completed,True,True,-300.02457779847674,0.029978672335911137,0.2185433191759627,31,0.6852484001963843,2.6349124053623556,19.934686422348022
epmlff_0415_Mn@Sb2Te3_unique_204_base,Mn@Sb2Te3,sb2te3_4x2x1::victor::unique_204,204,base,completed,True,True,-300.0247926659125,0.027197409429583156,0.0663454127773494,18,0.18967487227608956,2.6334171788005665,7.947497129440308
epmlff_0416_Mn@Sb2Te3_unique_204_perturb_a_dx020,Mn@Sb2Te3,sb2te3_4x2x1::victor::unique_204,204,perturb_a_dx020,completed,True,True,-300.02552188792043,0.027529063082753248,0.18925020165228115,30,0.6927683441273521,2.64131198148061,75.2322428226471
epmlff_0417_Mn@Sb2Te3_unique_204_perturb_b_tilt020,Mn@Sb2Te3,sb2te3_4x2x1::victor::unique_204,204,perturb_b_tilt020,completed,True,True,-300.02497571939216,0.02914299204662549,0.22024298716717267,31,0.6706921901741529,2.6352172222823596,11.522384405136108
epmlff_0418_Mn@Sb2Te3_unique_229_base,Mn@Sb2Te3,sb2te3_4x2x1::joshitha::unique_229,229,base,completed,True,True,-299.0192171822339,0.027938076070285367,0.14996174548663385,19,0.17836603427308964,2.6282453217814816,9.231305599212646
epmlff_0419_Mn@Sb2Te3_unique_229_perturb_a_dx020,Mn@Sb2Te3,sb2te3_4x2x1::joshitha::unique_229,229,perturb_a_dx020,completed,True,True,-299.0188331099035,0.022561771778398305,0.23497556976874334,31,1.2523353223186924,2.6288225848902513,11.494581460952759
epmlff_0420_Mn@Sb2Te3_unique_229_perturb_b_tilt020,Mn@Sb2Te3,sb2te3_4x2x1::joshitha::unique_229,229,perturb_b_tilt020,completed,True,True,-299.0195035851532,0.027504908899014982,0.13512136791325668,30,1.0087439014366846,2.6283199137382907,11.37626576423645
epmlff_0421_Mn@Sb2Te3_unique_230_base,Mn@Sb2Te3,sb2te3_4x2x1::joshitha::unique_230,230,base,completed,True,True,-299.342165682192,0.02883151127024718,0.9966662241335698,52,0.22133006174849554,2.7803358983620594,15.626585960388184
epmlff_0422_Mn@Sb2Te3_unique_230_perturb_a_dx020,Mn@Sb2Te3,sb2te3_4x2x1::joshitha::unique_230,230,perturb_a_dx020,completed,True,True,-299.34334928147973,0.022977264460196357,1.003468666457246,51,0.9891537444037657,2.7801523384225386,35.81618785858154
epmlff_0423_Mn@Sb2Te3_unique_230_perturb_b_tilt020,Mn@Sb2Te3,sb2te3_4x2x1::joshitha::unique_230,230,perturb_b_tilt020,completed,True,True,-299.34331758586427,0.023343893760464432,1.0003065539824996,51,1.1091824457790125,2.7804967446700957,39.683791160583496
epmlff_0565_V@Bi2Te3_unique_020_base,V@Bi2Te3,sb2te3_4x2x1::victor::unique_020,20,base,completed,True,True,-298.25061299771073,0.02338235443003289,0.5731796053495579,53,0.9368939036100301,2.613665443500137,16.552922010421753
epmlff_0566_V@Bi2Te3_unique_020_perturb_a_dx020,V@Bi2Te3,sb2te3_4x2x1::victor::unique_020,20,perturb_a_dx020,completed,True,True,-298.24814511238884,0.024819388172650166,0.6036672249730823,52,1.8111812273098342,2.6144462030978075,12.783707618713379
epmlff_0567_V@Bi2Te3_unique_020_perturb_b_tilt020,V@Bi2Te3,sb2te3_4x2x1::victor::unique_020,20,perturb_b_tilt020,completed,True,True,-298.24993266768803,0.019326316870399356,0.6282562257845268,57,1.9236936899795394,2.6105351944018174,13.880980730056763
epmlff_0568_V@Bi2Te3_unique_031_base,V@Bi2Te3,sb2te3_4x2x1::victor::unique_031,31,base,completed,True,True,-301.07674660276905,0.029808121524187308,0.35301579837535946,48,1.003345630996754,2.665944630301663,35.586992263793945
epmlff_0569_V@Bi2Te3_unique_031_perturb_a_dx020,V@Bi2Te3,sb2te3_4x2x1::victor::unique_031,31,perturb_a_dx020,completed,True,True,-301.0957203494529,0.02125895239356522,0.40152940857800484,53,1.6535318025719452,2.665293754808488,15.146589756011963
epmlff_0570_V@Bi2Te3_unique_031_perturb_b_tilt020,V@Bi2Te3,sb2te3_4x2x1::victor::unique_031,31,perturb_b_tilt020,completed,True,True,-301.09945276630083,0.01904964945151338,0.40484241099175494,54,1.2097621399032732,2.6636637820766778,15.266721248626709
epmlff_0571_V@Bi2Te3_unique_039_base,V@Bi2Te3,sb2te3_4x2x1::victor::unique_039,39,base,completed,True,True,-299.4993413567257,0.026008229807080976,2.09877988144874,120,1.3093889176046765,2.645245712346059,24.964674472808838
epmlff_0572_V@Bi2Te3_unique_039_perturb_a_dx020,V@Bi2Te3,sb2te3_4x2x1::victor::unique_039,39,perturb_a_dx020,completed,True,True,-299.4989079722229,0.025845915549357428,2.0994664322908405,112,1.976881108422363,2.6449674618070493,29.01445960998535
epmlff_0573_V@Bi2Te3_unique_039_perturb_b_tilt020,V@Bi2Te3,sb2te3_4x2x1::victor::unique_039,39,perturb_b_tilt020,completed,True,True,-299.4989822315164,0.02553940290761318,2.096783419343633,112,2.3800718508915666,2.6449209491209125,22.461166858673096
epmlff_0574_V@Bi2Te3_unique_041_base,V@Bi2Te3,sb2te3_4x2x1::joshitha::unique_041,41,base,completed,True,True,-299.2885719293755,0.024458134417280643,2.2317722327838956,67,1.9552655480260834,2.616846532391127,15.485044002532959
epmlff_0575_V@Bi2Te3_unique_041_perturb_a_dx020,V@Bi2Te3,sb2te3_4x2x1::joshitha::unique_041,41,perturb_a_dx020,completed,True,True,-299.2894219351736,0.023622317935797776,2.240298739852689,69,1.9599963943713299,2.617835719683644,17.8429536819458
epmlff_0576_V@Bi2Te3_unique_041_perturb_b_tilt020,V@Bi2Te3,sb2te3_4x2x1::joshitha::unique_041,41,perturb_b_tilt020,completed,True,True,-299.2892277069991,0.023429659701143773,2.2356060956718116,69,1.942914727579514,2.6180813810336017,17.639682054519653
epmlff_0577_V@Bi2Te3_unique_042_base,V@Bi2Te3,sb2te3_4x2x1::joshitha::unique_042,42,base,completed,True,True,-301.16991524970626,0.02285354672794774,0.5533176568787859,53,0.9988766492244257,2.6647185374828153,15.22463345527649
epmlff_0578_V@Bi2Te3_unique_042_perturb_a_dx020,V@Bi2Te3,sb2te3_4x2x1::joshitha::unique_042,42,perturb_a_dx020,completed,True,True,-301.1717406180941,0.02743214660182513,0.6279637302909793,53,1.6609718155479911,2.6669943271617225,38.170034885406494
epmlff_0579_V@Bi2Te3_unique_042_perturb_b_tilt020,V@Bi2Te3,sb2te3_4x2x1::joshitha::unique_042,42,perturb_b_tilt020,completed,True,True,-301.1695233612715,0.028590812458884462,0.6434461216891696,53,1.922282346788358,2.665585963114475,14.195661067962646
epmlff_0580_V@Bi2Te3_unique_043_base,V@Bi2Te3,sb2te3_4x2x1::joshitha::unique_043,43,base,completed,True,True,-300.69282441660204,0.025572693198985353,0.4949746798441631,54,1.1641005589520685,2.610116600712069,13.601731300354004
epmlff_0581_V@Bi2Te3_unique_043_perturb_a_dx020,V@Bi2Te3,sb2te3_4x2x1::joshitha::unique_043,43,perturb_a_dx020,completed,True,True,-300.692725106314,0.026324545994393156,0.4985585466866254,54,1.5793578563281043,2.6104904761366705,17.709014654159546
epmlff_0582_V@Bi2Te3_unique_043_perturb_b_tilt020,V@Bi2Te3,sb2te3_4x2x1::joshitha::unique_043,43,perturb_b_tilt020,completed,True,True,-300.691916419701,0.024778740547113473,0.49846024309246684,54,1.1859209371081352,2.6125976001741447,15.370606422424316
epmlff_0583_V@Bi2Te3_unique_044_base,V@Bi2Te3,sb2te3_4x2x1::joshitha::unique_044,44,base,completed,True,True,-300.69079827465475,0.029930603519455038,1.418787149594381,75,1.604136215091322,2.6117859304865934,18.892443895339966
epmlff_0584_V@Bi2Te3_unique_044_perturb_a_dx020,V@Bi2Te3,sb2te3_4x2x1::joshitha::unique_044,44,perturb_a_dx020,completed,True,True,-300.6918765546616,0.0283035079439065,1.4234982015830797,78,2.676453409537541,2.6121357769447795,19.38136124610901
epmlff_0585_V@Bi2Te3_unique_044_perturb_b_tilt020,V@Bi2Te3,sb2te3_4x2x1::joshitha::unique_044,44,perturb_b_tilt020,completed,True,True,-300.686653104585,0.026345496901518783,1.4014972952697005,77,1.519781991226879,2.612468610852893,22.744971752166748
epmlff_0586_V@Bi2Te3_unique_051_base,V@Bi2Te3,sb2te3_4x2x1::victor::unique_051,51,base,completed,True,True,-301.17133402977674,0.02897553068614201,0.5376515989925694,53,0.8502636829342376,2.6663906555822385,13.863289833068848
epmlff_0587_V@Bi2Te3_unique_051_perturb_a_dx020,V@Bi2Te3,sb2te3_4x2x1::victor::unique_051,51,perturb_a_dx020,completed,True,True,-301.171575413047,0.02524751757767757,0.6102736480290859,53,1.5794063472917703,2.6664050350785016,13.298735857009888
epmlff_0588_V@Bi2Te3_unique_051_perturb_b_tilt020,V@Bi2Te3,sb2te3_4x2x1::victor::unique_051,51,perturb_b_tilt020,completed,True,True,-301.17180047584077,0.024946850152673488,0.6243641859941569,53,1.1874121910635842,2.665195229939282,30.70188307762146
epmlff_0589_V@Bi2Te3_unique_052_base,V@Bi2Te3,sb2te3_4x2x1::victor::unique_052,52,base,completed,True,True,-298.4449651446215,0.029455169821047355,0.5539204756344215,61,0.8575081656422167,2.616739758973104,16.698380947113037
epmlff_0590_V@Bi2Te3_unique_052_perturb_a_dx020,V@Bi2Te3,sb2te3_4x2x1::victor::unique_052,52,perturb_a_dx020,completed,True,True,-298.4411995283898,0.029928431733645296,0.535679680776874,60,1.4274694430363704,2.6158064589731636,16.343520879745483
epmlff_0591_V@Bi2Te3_unique_052_perturb_b_tilt020,V@Bi2Te3,sb2te3_4x2x1::victor::unique_052,52,perturb_b_tilt020,completed,True,True,-298.44422415598024,0.026841049016321516,0.5514545493414689,61,1.5304144521547591,2.6146726692898152,16.36652398109436
epmlff_0592_V@Bi2Te3_unique_056_base,V@Bi2Te3,sb2te3_4x2x1::victor::unique_056,56,base,completed,True,True,-298.72629215257575,0.023195901900142417,0.47349412246001454,54,1.9090100173599132,2.7745468943277847,34.1464319229126
epmlff_0593_V@Bi2Te3_unique_056_perturb_a_dx020,V@Bi2Te3,sb2te3_4x2x1::victor::unique_056,56,perturb_a_dx020,completed,True,True,-298.72657838014106,0.021917784558684105,0.47255407972640273,54,1.9069943118919945,2.775327857385529,17.815629720687866
epmlff_0594_V@Bi2Te3_unique_056_perturb_b_tilt020,V@Bi2Te3,sb2te3_4x2x1::victor::unique_056,56,perturb_b_tilt020,completed,True,True,-298.72625475676716,0.02532338929221088,0.475926574196878,54,1.9069460316165805,2.7744071117645914,12.993051767349243
epmlff_0595_V@Bi2Te3_unique_057_base,V@Bi2Te3,sb2te3_4x2x1::victor::unique_057,57,base,completed,True,True,-301.14913603999554,0.028895549739692543,0.452652716823017,48,0.8504272870694899,2.6703212148161906,12.543033599853516
epmlff_0596_V@Bi2Te3_unique_057_perturb_a_dx020,V@Bi2Te3,sb2te3_4x2x1::victor::unique_057,57,perturb_a_dx020,completed,True,True,-301.17182126870114,0.024413438002429226,0.5565525106203961,53,1.700109195080725,2.667672507931365,15.147677421569824
epmlff_0597_V@Bi2Te3_unique_057_perturb_b_tilt020,V@Bi2Te3,sb2te3_4x2x1::victor::unique_057,57,perturb_b_tilt020,completed,True,True,-301.16725752467005,0.023200282156229653,0.6215737027206801,51,1.164190494343904,2.667882925728056,14.499637365341187
epmlff_0598_V@Bi2Te3_unique_065_base,V@Bi2Te3,sb2te3_4x2x1::victor::unique_065,65,base,completed,True,True,-298.1604480849604,0.021742516102427036,0.43096637584953973,54,1.662038680695819,2.7718684634302027,15.169628143310547
epmlff_0599_V@Bi2Te3_unique_065_perturb_a_dx020,V@Bi2Te3,sb2te3_4x2x1::victor::unique_065,65,perturb_a_dx020,completed,True,True,-298.16071601210774,0.021122779325161056,0.4324128155774532,54,1.6657917430057134,2.7718688801998663,17.595293760299683
epmlff_0600_V@Bi2Te3_unique_065_perturb_b_tilt020,V@Bi2Te3,sb2te3_4x2x1::victor::unique_065,65,perturb_b_tilt020,completed,True,True,-298.16053478064816,0.021568673690084514,0.4304513145769873,54,1.7538782774399415,2.772251573088801,13.738008975982666
epmlff_0601_V@Bi2Te3_unique_066_base,V@Bi2Te3,sb2te3_4x2x1::joshitha::unique_066,66,base,completed,True,True,-300.245579832002,0.0232693450057758,0.983266308803121,67,1.8527485676312874,2.7669005112605456,15.410059690475464
epmlff_0602_V@Bi2Te3_unique_066_perturb_a_dx020,V@Bi2Te3,sb2te3_4x2x1::joshitha::unique_066,66,perturb_a_dx020,completed,True,True,-300.24428140067255,0.02848849979830579,0.9823158665931898,67,2.992194761541221,2.765285320536137,69.71331906318665
epmlff_0603_V@Bi2Te3_unique_066_perturb_b_tilt020,V@Bi2Te3,sb2te3_4x2x1::joshitha::unique_066,66,perturb_b_tilt020,completed,True,True,-300.2430217294067,0.026635239742895625,0.974576639855817,65,1.6549021671139426,2.7656068564206158,17.398916721343994
epmlff_0604_V@Bi2Te3_unique_067_base,V@Bi2Te3,sb2te3_4x2x1::joshitha::unique_067,67,base,completed,True,True,-300.25102446095036,0.02515128253138469,1.942892702970491,109,2.307042383871143,2.765056129884744,23.878196716308594
epmlff_0605_V@Bi2Te3_unique_067_perturb_a_dx020,V@Bi2Te3,sb2te3_4x2x1::joshitha::unique_067,67,perturb_a_dx020,completed,True,True,-300.2477460806927,0.02711748932305437,2.0976652046409976,108,2.784115127345719,2.762596793711974,24.272624492645264
epmlff_0606_V@Bi2Te3_unique_067_perturb_b_tilt020,V@Bi2Te3,sb2te3_4x2x1::joshitha::unique_067,67,perturb_b_tilt020,completed,True,True,-300.25175975886566,0.026214271042035032,1.9255839328309774,107,1.2337413720809076,2.7657470289170756,67.9503562450409
epmlff_0607_V@Bi2Te3_unique_068_base,V@Bi2Te3,sb2te3_4x2x1::joshitha::unique_068,68,base,completed,True,True,-301.171539718542,0.023749213173308276,0.5654721795078201,53,1.0257202616033279,2.667100326059395,16.86885929107666
epmlff_0608_V@Bi2Te3_unique_068_perturb_a_dx020,V@Bi2Te3,sb2te3_4x2x1::joshitha::unique_068,68,perturb_a_dx020,completed,True,True,-301.1580807332891,0.028835251209460424,0.651419686622121,52,1.668523359833028,2.667419673844261,13.571290731430054
epmlff_0609_V@Bi2Te3_unique_068_perturb_b_tilt020,V@Bi2Te3,sb2te3_4x2x1::joshitha::unique_068,68,perturb_b_tilt020,completed,True,True,-301.1721483828761,0.01907212652685892,0.6355787161207026,53,1.3569602969182684,2.6655096552442576,13.352046728134155
epmlff_0610_V@Bi2Te3_unique_069_base,V@Bi2Te3,sb2te3_4x2x1::joshitha::unique_069,69,base,completed,True,True,-301.2673200835227,0.0275775419774874,3.245675340947143,107,2.0731975796972866,2.7843694867906987,24.35111403465271
epmlff_0611_V@Bi2Te3_unique_069_perturb_a_dx020,V@Bi2Te3,sb2te3_4x2x1::joshitha::unique_069,69,perturb_a_dx020,completed,True,True,-301.27580226189184,0.02567441329075066,3.2125879988004775,100,2.7140802136065783,2.7855133428674232,23.450804710388184
epmlff_0612_V@Bi2Te3_unique_069_perturb_b_tilt020,V@Bi2Te3,sb2te3_4x2x1::joshitha::unique_069,69,perturb_b_tilt020,completed,True,True,-300.33536819538676,0.028787988582850643,2.581457393049019,94,2.5520503925111306,2.757355149145169,22.399051189422607
epmlff_0613_V@Bi2Te3_unique_070_base,V@Bi2Te3,sb2te3_4x2x1::joshitha::unique_070,70,base,completed,True,True,-299.80494064050544,0.02965847184138244,1.2458098326345786,66,1.076002789846391,2.6407572155502383,19.659807682037354
epmlff_0614_V@Bi2Te3_unique_070_perturb_a_dx020,V@Bi2Te3,sb2te3_4x2x1::joshitha::unique_070,70,perturb_a_dx020,completed,True,True,-299.82695240526004,0.023822918544605953,1.3562601113720478,71,1.0642683559460582,2.6465771661722894,17.08143663406372
epmlff_0615_V@Bi2Te3_unique_070_perturb_b_tilt020,V@Bi2Te3,sb2te3_4x2x1::joshitha::unique_070,70,perturb_b_tilt020,completed,True,True,-299.8036995550327,0.027023873690274862,1.2385548130497404,66,1.0824396841440724,2.6407666789512785,15.41682767868042
epmlff_0616_V@Bi2Te3_unique_071_base,V@Bi2Te3,sb2te3_4x2x1::joshitha::unique_071,71,base,completed,True,True,-299.7300397098335,0.019288336571544693,0.45937413325968923,54,1.8436480573550091,2.7817984370943276,15.285485982894897
epmlff_0617_V@Bi2Te3_unique_071_perturb_a_dx020,V@Bi2Te3,sb2te3_4x2x1::joshitha::unique_071,71,perturb_a_dx020,completed,True,True,-299.729943350807,0.019983390218630086,0.46124927990166814,54,1.8871390032718132,2.7814302568961624,15.296403408050537
epmlff_0618_V@Bi2Te3_unique_071_perturb_b_tilt020,V@Bi2Te3,sb2te3_4x2x1::joshitha::unique_071,71,perturb_b_tilt020,completed,True,True,-299.73000164521136,0.018742375055896404,0.45694344346885674,54,1.8340075859811917,2.7811826888128697,15.253406047821045
epmlff_0619_V@Bi2Te3_unique_072_base,V@Bi2Te3,sb2te3_4x2x1::joshitha::unique_072,72,base,completed,True,True,-300.98148997599264,0.02361140452926996,0.409344734347343,52,3.1044700025800513,2.6381705037886034,16.457293033599854
epmlff_0620_V@Bi2Te3_unique_072_perturb_a_dx020,V@Bi2Te3,sb2te3_4x2x1::joshitha::unique_072,72,perturb_a_dx020,completed,True,True,-300.95865493834253,0.029067624060039654,0.3687365992274969,45,1.5288491954656664,2.6370279335318454,12.328437805175781
epmlff_0621_V@Bi2Te3_unique_072_perturb_b_tilt020,V@Bi2Te3,sb2te3_4x2x1::joshitha::unique_072,72,perturb_b_tilt020,completed,True,True,-300.9584347805944,0.0260463280596648,0.45142447630385807,57,7.592050044454499,2.6413099304226355,14.05140233039856
epmlff_0622_V@Bi2Te3_unique_073_base,V@Bi2Te3,sb2te3_4x2x1::joshitha::unique_073,73,base,completed,True,True,-299.9199578667458,0.023692303828373302,0.5304702847493988,54,0.9733961992852034,2.614784852180677,28.675766229629517
epmlff_0623_V@Bi2Te3_unique_073_perturb_a_dx020,V@Bi2Te3,sb2te3_4x2x1::joshitha::unique_073,73,perturb_a_dx020,completed,True,True,-299.9200805874933,0.023213243621162543,0.5270796005668533,54,1.4203203186362208,2.614731950736356,16.244381189346313
epmlff_0624_V@Bi2Te3_unique_073_perturb_b_tilt020,V@Bi2Te3,sb2te3_4x2x1::joshitha::unique_073,73,perturb_b_tilt020,completed,True,True,-299.9220575110992,0.024296806209154597,0.5542939701745897,58,1.8169831574339814,2.614495965470033,16.577799081802368
epmlff_0625_V@Bi2Te3_unique_077_base,V@Bi2Te3,sb2te3_4x2x1::joshitha::unique_077,77,base,completed,True,True,-300.9484884543489,0.02500036650421779,0.35042848996908876,47,1.1209993888091552,2.639026468659661,14.889209508895874
epmlff_0626_V@Bi2Te3_unique_077_perturb_a_dx020,V@Bi2Te3,sb2te3_4x2x1::joshitha::unique_077,77,perturb_a_dx020,completed,True,True,-300.94817672764884,0.025733103176236078,0.43173201837020425,47,1.6262241357309946,2.6390246878708323,15.064749956130981
epmlff_0627_V@Bi2Te3_unique_077_perturb_b_tilt020,V@Bi2Te3,sb2te3_4x2x1::joshitha::unique_077,77,perturb_b_tilt020,completed,True,True,-300.94637824945016,0.026714307732714177,0.3808837335639194,50,1.178584717020911,2.635431856537658,38.67388725280762
epmlff_0628_V@Bi2Te3_unique_078_base,V@Bi2Te3,sb2te3_4x2x1::joshitha::unique_078,78,base,completed,True,True,-301.1819708698861,0.028811518724961724,0.4311774161873432,51,0.8392709365063875,2.6025440309136285,16.87742805480957
epmlff_0629_V@Bi2Te3_unique_078_perturb_a_dx020,V@Bi2Te3,sb2te3_4x2x1::joshitha::unique_078,78,perturb_a_dx020,completed,True,True,-301.1680097270573,0.02980454023402941,0.37435124550422266,48,1.5101800143587685,2.6069509140519087,13.074693202972412
epmlff_0630_V@Bi2Te3_unique_078_perturb_b_tilt020,V@Bi2Te3,sb2te3_4x2x1::joshitha::unique_078,78,perturb_b_tilt020,completed,True,True,-301.18489715583314,0.024726004371212258,0.4364900559928841,53,1.4127977772803328,2.6033943105102466,13.229623079299927
epmlff_0631_V@Bi2Te3_unique_080_base,V@Bi2Te3,sb2te3_4x2x1::joshitha::unique_080,80,base,completed,True,True,-300.5936920871443,0.027998985905313162,2.0648137840234195,77,1.9935989072226312,2.6151560679772983,20.510883569717407
epmlff_0632_V@Bi2Te3_unique_080_perturb_a_dx020,V@Bi2Te3,sb2te3_4x2x1::joshitha::unique_080,80,perturb_a_dx020,completed,True,True,-300.60545652516794,0.023743951490701905,2.110778795402152,80,2.5458151138564613,2.6116133712061256,20.4503071308136
epmlff_0633_V@Bi2Te3_unique_080_perturb_b_tilt020,V@Bi2Te3,sb2te3_4x2x1::joshitha::unique_080,80,perturb_b_tilt020,completed,True,True,-300.58143489519,0.027881743151281686,2.0444240543316385,74,2.0041153835459378,2.6148665267642732,19.977492094039917
epmlff_0634_V@Bi2Te3_unique_093_base,V@Bi2Te3,sb2te3_4x2x1::joshitha::unique_093,93,base,completed,True,True,-300.9491467577102,0.028450252727594067,0.33197663966343477,47,0.853825220109408,2.6387479994093948,14.989145994186401
epmlff_0635_V@Bi2Te3_unique_093_perturb_a_dx020,V@Bi2Te3,sb2te3_4x2x1::joshitha::unique_093,93,perturb_a_dx020,completed,True,True,-300.9485726193319,0.029336003979246916,0.32848147765703056,47,1.8800796395738808,2.638847739056876,46.6647891998291
epmlff_0636_V@Bi2Te3_unique_093_perturb_b_tilt020,V@Bi2Te3,sb2te3_4x2x1::joshitha::unique_093,93,perturb_b_tilt020,completed,True,True,-300.9520320330746,0.028608289546165136,0.34491694439452225,48,0.9506600756827591,2.637742648969131,16.435731410980225
epmlff_0637_V@Bi2Te3_unique_096_base,V@Bi2Te3,sb2te3_4x2x1::joshitha::unique_096,96,base,completed,True,True,-298.12068028753316,0.028073688392982146,0.5589534536684247,46,1.2112237519241398,2.634535584633702,397.8345546722412
epmlff_0638_V@Bi2Te3_unique_096_perturb_a_dx020,V@Bi2Te3,sb2te3_4x2x1::joshitha::unique_096,96,perturb_a_dx020,completed,True,True,-300.60864616845026,0.027433916938014634,4.210850256449938,133,1.2074625162783788,2.761834045863828,26.56449794769287
epmlff_0639_V@Bi2Te3_unique_096_perturb_b_tilt020,V@Bi2Te3,sb2te3_4x2x1::joshitha::unique_096,96,perturb_b_tilt020,completed,True,True,-300.6107728224666,0.022586494047438697,4.222555511990266,135,1.2140402907476975,2.7632164968237043,25.526059865951538
epmlff_0640_V@Bi2Te3_unique_097_base,V@Bi2Te3,sb2te3_4x2x1::joshitha::unique_097,97,base,completed,True,True,-301.2844827042994,0.029973104185517626,2.588180944380305,71,0.9987707815663539,2.7981246131714554,19.33098816871643
epmlff_0641_V@Bi2Te3_unique_097_perturb_a_dx020,V@Bi2Te3,sb2te3_4x2x1::joshitha::unique_097,97,perturb_a_dx020,completed,True,True,-301.27854676428734,0.026657836526932672,2.578118233718839,64,0.992039556610068,2.7970609121469523,18.28307795524597
epmlff_0642_V@Bi2Te3_unique_097_perturb_b_tilt020,V@Bi2Te3,sb2te3_4x2x1::joshitha::unique_097,97,perturb_b_tilt020,completed,True,True,-301.27862885835077,0.02596158431070079,2.57198038944032,64,0.9281587572480523,2.797045749708223,18.195565700531006
epmlff_0643_V@Bi2Te3_unique_098_base,V@Bi2Te3,sb2te3_4x2x1::joshitha::unique_098,98,base,completed,True,True,-301.1838383875805,0.028944111639122725,0.40173345786219933,55,1.0544560751649512,2.6036781706713263,16.501903772354126
epmlff_0644_V@Bi2Te3_unique_098_perturb_a_dx020,V@Bi2Te3,sb2te3_4x2x1::joshitha::unique_098,98,perturb_a_dx020,completed,True,True,-301.17790124396583,0.023667811381833173,0.3917909690012329,52,0.9266269864431825,2.6035300678367164,37.88129377365112
epmlff_0645_V@Bi2Te3_unique_098_perturb_b_tilt020,V@Bi2Te3,sb2te3_4x2x1::joshitha::unique_098,98,perturb_b_tilt020,completed,True,True,-301.18485999811463,0.022573757489448888,0.4164248637345169,53,1.553965782976465,2.6011983113344357,17.746347427368164
epmlff_0646_V@Bi2Te3_unique_100_base,V@Bi2Te3,sb2te3_4x2x1::joshitha::unique_100,100,base,completed,True,True,-296.76413930788146,0.02046770163858212,2.9545501000991767,127,1.512689571243726,2.558224733764026,24.61350393295288
epmlff_0647_V@Bi2Te3_unique_100_perturb_a_dx020,V@Bi2Te3,sb2te3_4x2x1::joshitha::unique_100,100,perturb_a_dx020,completed,True,True,-296.7683747049009,0.021011277115580027,3.0019600752658127,134,2.695862799034848,2.557665660841562,24.55430817604065
epmlff_0648_V@Bi2Te3_unique_100_perturb_b_tilt020,V@Bi2Te3,sb2te3_4x2x1::joshitha::unique_100,100,perturb_b_tilt020,completed,True,True,-296.76762939497854,0.02559887394196924,2.99212739641088,133,0.9061852339573299,2.556612692901205,506.6135311126709
epmlff_0649_V@Bi2Te3_unique_102_base,V@Bi2Te3,sb2te3_4x2x1::victor::unique_102,102,base,completed,True,True,-301.60100103459365,0.026852069105996062,0.293948841913614,45,0.9358755063316846,2.851064014283275,14.659212589263916
epmlff_0650_V@Bi2Te3_unique_102_perturb_a_dx020,V@Bi2Te3,sb2te3_4x2x1::victor::unique_102,102,perturb_a_dx020,completed,True,True,-301.62430163823683,0.01955656840421734,0.37235532870620036,52,1.3103649076611823,2.8647165508124623,15.298115730285645
epmlff_0651_V@Bi2Te3_unique_102_perturb_b_tilt020,V@Bi2Te3,sb2te3_4x2x1::victor::unique_102,102,perturb_b_tilt020,completed,True,True,-301.60112214480876,0.02731826902461652,0.29607661272429153,45,1.0763660577985064,2.8504504935737285,14.58397388458252
epmlff_0652_V@Bi2Te3_unique_104_base,V@Bi2Te3,sb2te3_4x2x1::victor::unique_104,104,base,completed,True,True,-301.6080984034747,0.02712396317601544,0.30128642114442816,46,0.8533546251135026,2.851098781403873,14.41579556465149
epmlff_0653_V@Bi2Te3_unique_104_perturb_a_dx020,V@Bi2Te3,sb2te3_4x2x1::victor::unique_104,104,perturb_a_dx020,completed,True,True,-301.60808777765,0.02679309257633917,0.3038271442825941,46,0.8510909532264572,2.8487516791567087,15.440996885299683
epmlff_0654_V@Bi2Te3_unique_104_perturb_b_tilt020,V@Bi2Te3,sb2te3_4x2x1::victor::unique_104,104,perturb_b_tilt020,completed,True,True,-301.6080666445871,0.027611952540051873,0.3029411452451459,46,1.1442796681139564,2.851505541914054,12.582733392715454
epmlff_0655_V@Bi2Te3_unique_109_base,V@Bi2Te3,sb2te3_4x2x1::victor::unique_109,109,base,completed,True,True,-299.0364723198798,0.028464631361007985,0.572178668402641,55,0.9358988872959539,2.6587321697919184,13.573768138885498
epmlff_0656_V@Bi2Te3_unique_109_perturb_a_dx020,V@Bi2Te3,sb2te3_4x2x1::victor::unique_109,109,perturb_a_dx020,completed,True,True,-299.03597257290687,0.02967052689370033,0.5691128577309209,55,1.1968509954452513,2.658653226694189,16.25624442100525
epmlff_0657_V@Bi2Te3_unique_109_perturb_b_tilt020,V@Bi2Te3,sb2te3_4x2x1::victor::unique_109,109,perturb_b_tilt020,completed,True,True,-299.03640607223304,0.028295499933998873,0.5721663258501768,55,0.9365189453527435,2.6589975145775204,16.425750017166138
epmlff_0658_V@Bi2Te3_unique_110_base,V@Bi2Te3,sb2te3_4x2x1::victor::unique_110,110,base,completed,True,True,-300.52136817525184,0.017440509334626347,0.3398632203314338,52,0.8748888274654839,2.7042180449576416,15.722314834594727
epmlff_0659_V@Bi2Te3_unique_110_perturb_a_dx020,V@Bi2Te3,sb2te3_4x2x1::victor::unique_110,110,perturb_a_dx020,completed,True,True,-300.5212757896234,0.018265418227594466,0.3418392142222382,52,0.8756411216827591,2.704124853373697,15.727656841278076
epmlff_0660_V@Bi2Te3_unique_110_perturb_b_tilt020,V@Bi2Te3,sb2te3_4x2x1::victor::unique_110,110,perturb_b_tilt020,completed,True,True,-300.52141159288186,0.01601709131364899,0.3367748860817695,52,0.8764928497987902,2.7050203412507554,39.325533390045166
epmlff_0661_V@Bi2Te3_unique_115_base,V@Bi2Te3,sb2te3_4x2x1::victor::unique_115,115,base,completed,True,True,-301.6162646225123,0.026228801050761943,0.3190063797766872,47,0.8827529536005964,2.854429067189235,16.215723037719727
epmlff_0662_V@Bi2Te3_unique_115_perturb_a_dx020,V@Bi2Te3,sb2te3_4x2x1::victor::unique_115,115,perturb_a_dx020,completed,True,True,-301.6250792122404,0.020088683910478033,0.37189089070522063,52,0.8809092702645933,2.8657536244641637,13.553812265396118
epmlff_0663_V@Bi2Te3_unique_115_perturb_b_tilt020,V@Bi2Te3,sb2te3_4x2x1::victor::unique_115,115,perturb_b_tilt020,completed,True,True,-301.62469857119163,0.026085203028974744,0.34877088964490155,49,0.8895130744523408,2.8587853346651295,12.67255163192749
epmlff_0664_V@Bi2Te3_unique_116_base,V@Bi2Te3,sb2te3_4x2x1::victor::unique_116,116,base,completed,True,True,-299.2543214916104,0.027491293106981684,1.553937543772656,62,0.847053180392317,2.6643521774645653,17.97403860092163
epmlff_0665_V@Bi2Te3_unique_116_perturb_a_dx020,V@Bi2Te3,sb2te3_4x2x1::victor::unique_116,116,perturb_a_dx020,completed,True,True,-299.17550538953,0.02742684959591754,1.4900273457833626,66,1.5629131474964724,2.6689615844934824,18.558387279510498
epmlff_0666_V@Bi2Te3_unique_116_perturb_b_tilt020,V@Bi2Te3,sb2te3_4x2x1::victor::unique_116,116,perturb_b_tilt020,completed,True,True,-299.13017469726867,0.02642683487325321,1.5139985587071856,62,0.8485267327991648,2.6622788991197,18.130256175994873
epmlff_0667_V@Bi2Te3_unique_125_base,V@Bi2Te3,sb2te3_4x2x1::victor::unique_125,125,base,completed,True,True,-299.2751335250439,0.028229126229570946,1.4296343094478603,65,0.8952922531688877,2.665110577111365,18.012649297714233
epmlff_0668_V@Bi2Te3_unique_125_perturb_a_dx020,V@Bi2Te3,sb2te3_4x2x1::victor::unique_125,125,perturb_a_dx020,completed,True,True,-299.2744043825178,0.02927682817811571,1.4346170527053175,65,1.6794107517916643,2.665901487362368,17.389578342437744
epmlff_0669_V@Bi2Te3_unique_125_perturb_b_tilt020,V@Bi2Te3,sb2te3_4x2x1::victor::unique_125,125,perturb_b_tilt020,completed,True,True,-299.28319590103916,0.02821959120035545,1.4226599644637568,67,0.896745298998081,2.671297080102344,15.906633377075195
epmlff_0670_V@Bi2Te3_unique_126_base,V@Bi2Te3,sb2te3_4x2x1::joshitha::unique_126,126,base,completed,True,True,-301.61277874147027,0.026381642369074927,2.9017282836013045,114,2.8383517847924304,2.846721309182767,22.18009352684021
epmlff_0671_V@Bi2Te3_unique_126_perturb_a_dx020,V@Bi2Te3,sb2te3_4x2x1::joshitha::unique_126,126,perturb_a_dx020,completed,True,True,-301.6231149894763,0.025330659341832124,2.8947864741976272,117,4.370452857927201,2.853462417859244,26.243369102478027
epmlff_0672_V@Bi2Te3_unique_126_perturb_b_tilt020,V@Bi2Te3,sb2te3_4x2x1::joshitha::unique_126,126,perturb_b_tilt020,completed,True,True,-301.6234676807659,0.016951977636061797,2.8889919717263752,116,2.417873350730511,2.852653819686518,26.892549514770508
epmlff_0673_V@Bi2Te3_unique_129_base,V@Bi2Te3,sb2te3_4x2x1::joshitha::unique_129,129,base,completed,True,True,-301.1849290465095,0.02514727143709024,0.39584850256452253,53,1.2474359922294513,2.6025142377625117,16.089696884155273
epmlff_0674_V@Bi2Te3_unique_129_perturb_a_dx020,V@Bi2Te3,sb2te3_4x2x1::joshitha::unique_129,129,perturb_a_dx020,completed,True,True,-301.17934154357624,0.0251149494429457,0.3805104550250001,56,1.9313251523224508,2.6065820293937296,16.77302622795105
epmlff_0675_V@Bi2Te3_unique_129_perturb_b_tilt020,V@Bi2Te3,sb2te3_4x2x1::joshitha::unique_129,129,perturb_b_tilt020,completed,True,True,-301.1721761322608,0.02401323999879294,0.3500826443740139,51,1.7403402970422996,2.6076567198952363,30.175270080566406
epmlff_0676_V@Bi2Te3_unique_143_base,V@Bi2Te3,sb2te3_4x2x1::joshitha::unique_143,143,base,completed,True,True,-299.4291407619185,0.020738494766540966,0.37457580229860793,54,0.9289134964494137,2.651772488573882,15.27177906036377
epmlff_0677_V@Bi2Te3_unique_143_perturb_a_dx020,V@Bi2Te3,sb2te3_4x2x1::joshitha::unique_143,143,perturb_a_dx020,completed,True,True,-299.4290020829038,0.020690078872465267,0.377674260802681,54,0.9351403926514581,2.652058283870603,13.734589576721191
epmlff_0678_V@Bi2Te3_unique_143_perturb_b_tilt020,V@Bi2Te3,sb2te3_4x2x1::joshitha::unique_143,143,perturb_b_tilt020,completed,True,True,-299.4287595033986,0.029250416706443412,0.3751218538864631,53,0.990217651294441,2.6544249864475264,13.248355627059937
epmlff_0679_V@Bi2Te3_unique_145_base,V@Bi2Te3,sb2te3_4x2x1::joshitha::unique_145,145,base,completed,True,True,-300.94191676499986,0.027146838040069475,0.33895300630738606,45,0.8602405650956363,2.641781724443583,14.680295467376709
epmlff_0680_V@Bi2Te3_unique_145_perturb_a_dx020,V@Bi2Te3,sb2te3_4x2x1::joshitha::unique_145,145,perturb_a_dx020,completed,True,True,-300.999541094183,0.021259940496339565,0.4318672506766724,55,1.6744092750410506,2.639036456269049,16.465197801589966
epmlff_0681_V@Bi2Te3_unique_145_perturb_b_tilt020,V@Bi2Te3,sb2te3_4x2x1::joshitha::unique_145,145,perturb_b_tilt020,completed,True,True,-300.9668512870687,0.02536630117470216,0.38506577543728765,58,1.1176657995000057,2.64259919832547,16.886350393295288
epmlff_0682_V@Bi2Te3_unique_149_base,V@Bi2Te3,sb2te3_4x2x1::joshitha::unique_149,149,base,completed,True,True,-299.90743130841423,0.019782471769923374,0.4460638756651741,55,1.3432767983577005,2.604620634855634,16.348984718322754
epmlff_0683_V@Bi2Te3_unique_149_perturb_a_dx020,V@Bi2Te3,sb2te3_4x2x1::joshitha::unique_149,149,perturb_a_dx020,completed,True,True,-299.90495745835517,0.0286254206210489,0.5271668961436852,54,2.2916596208289053,2.601438292046835,16.44625449180603
epmlff_0684_V@Bi2Te3_unique_149_perturb_b_tilt020,V@Bi2Te3,sb2te3_4x2x1::joshitha::unique_149,149,perturb_b_tilt020,completed,True,True,-299.9076045272834,0.022650982066496073,0.5055427701014275,55,1.4019451593622072,2.604566364466563,13.850569248199463
epmlff_0685_V@Bi2Te3_unique_151_base,V@Bi2Te3,sb2te3_4x2x1::joshitha::unique_151,151,base,completed,True,True,-298.94460411449865,0.029143969431724745,3.1865232827612173,214,0.9948860074761109,2.5208569520613056,37.04256892204285
epmlff_0686_V@Bi2Te3_unique_151_perturb_a_dx020,V@Bi2Te3,sb2te3_4x2x1::joshitha::unique_151,151,perturb_a_dx020,completed,True,True,-298.9507893728114,0.027927927570116293,3.17592105320902,212,0.9948075120014002,2.5240102094382975,43.88343000411987
epmlff_0687_V@Bi2Te3_unique_151_perturb_b_tilt020,V@Bi2Te3,sb2te3_4x2x1::joshitha::unique_151,151,perturb_b_tilt020,completed,True,True,-299.53027786240057,0.028113596519333033,3.4988797675993375,239,1.0598131605208616,2.5291356022955407,48.01124691963196
epmlff_0688_V@Bi2Te3_unique_153_base,V@Bi2Te3,sb2te3_4x2x1::joshitha::unique_153,153,base,completed,True,True,-297.31831354044175,0.029389419238056942,0.3858185340115245,51,1.0687861701356605,2.614178416336364,15.613465070724487
epmlff_0689_V@Bi2Te3_unique_153_perturb_a_dx020,V@Bi2Te3,sb2te3_4x2x1::joshitha::unique_153,153,perturb_a_dx020,completed,True,True,-297.31713406902065,0.029419280346536267,0.39707888434957295,51,1.0684938333684288,2.614177595972273,14.987011671066284
epmlff_0690_V@Bi2Te3_unique_153_perturb_b_tilt020,V@Bi2Te3,sb2te3_4x2x1::joshitha::unique_153,153,perturb_b_tilt020,completed,True,True,-297.3181351867671,0.029523798486001597,0.3854826667603961,51,1.3647967360449802,2.61242578239108,13.48093843460083
epmlff_0691_V@Bi2Te3_unique_154_base,V@Bi2Te3,sb2te3_4x2x1::joshitha::unique_154,154,base,completed,True,True,-301.0001836843327,0.024505647906816322,0.3733878942812401,55,0.9298919184938504,2.6412595040889353,41.089401960372925
epmlff_0692_V@Bi2Te3_unique_154_perturb_a_dx020,V@Bi2Te3,sb2te3_4x2x1::joshitha::unique_154,154,perturb_a_dx020,completed,True,True,-300.99999422831706,0.02363586392666601,0.37161098769443274,55,1.0444030125131574,2.6411415762501242,15.257925033569336
epmlff_0693_V@Bi2Te3_unique_154_perturb_b_tilt020,V@Bi2Te3,sb2te3_4x2x1::joshitha::unique_154,154,perturb_b_tilt020,completed,True,True,-301.00030871862384,0.02426196374648863,0.3737438310769635,55,1.258214864057583,2.6410388360011714,17.158889770507812
epmlff_0694_V@Bi2Te3_unique_200_base,V@Bi2Te3,sb2te3_4x2x1::victor::unique_200,200,base,completed,True,True,-301.0835276781844,0.020577268332998267,0.3975193643319081,52,0.7843765164045196,2.6664120143287833,16.677072525024414
epmlff_0695_V@Bi2Te3_unique_200_perturb_a_dx020,V@Bi2Te3,sb2te3_4x2x1::victor::unique_200,200,perturb_a_dx020,completed,True,True,-301.08362938653994,0.021029942948489325,0.394532510940121,52,1.3758771682803823,2.666235182039802,16.023582935333252
epmlff_0696_V@Bi2Te3_unique_200_perturb_b_tilt020,V@Bi2Te3,sb2te3_4x2x1::victor::unique_200,200,perturb_b_tilt020,completed,True,True,-301.09977827531753,0.021951506490059232,0.42227745189885485,54,1.7416759855899173,2.6651631804038853,13.792553186416626
epmlff_0697_V@Bi2Te3_unique_204_base,V@Bi2Te3,sb2te3_4x2x1::victor::unique_204,204,base,completed,True,True,-301.08209604263004,0.028955088062866292,0.3733473251882251,49,0.780918912474315,2.667062182797089,12.741265535354614
epmlff_0698_V@Bi2Te3_unique_204_perturb_a_dx020,V@Bi2Te3,sb2te3_4x2x1::victor::unique_204,204,perturb_a_dx020,completed,True,True,-301.0914091910489,0.027111208971131503,0.40485466813510085,51,1.4415935006549496,2.66343798792283,15.893105268478394
epmlff_0699_V@Bi2Te3_unique_204_perturb_b_tilt020,V@Bi2Te3,sb2te3_4x2x1::victor::unique_204,204,perturb_b_tilt020,completed,True,True,-301.09994711361406,0.019325580765580674,0.42736038573615487,54,1.5992612024755255,2.6661436619320957,16.352840423583984
epmlff_0700_V@Bi2Te3_unique_229_base,V@Bi2Te3,sb2te3_4x2x1::joshitha::unique_229,229,base,completed,True,True,-299.42996613332633,0.024129274434527576,0.4270827189741889,53,1.0617867975974857,2.6078494606899176,16.27324366569519
epmlff_0701_V@Bi2Te3_unique_229_perturb_a_dx020,V@Bi2Te3,sb2te3_4x2x1::joshitha::unique_229,229,perturb_a_dx020,completed,True,True,-299.4296347735516,0.022703039451888563,0.4279505401231473,53,1.6744945708357941,2.6083514298708548,15.895484924316406
epmlff_0702_V@Bi2Te3_unique_229_perturb_b_tilt020,V@Bi2Te3,sb2te3_4x2x1::joshitha::unique_229,229,perturb_b_tilt020,completed,True,True,-299.4299706444689,0.022409715339036625,0.42542901269485156,53,1.001943734097344,2.608061877837887,33.2371723651886
epmlff_0703_V@Bi2Te3_unique_230_base,V@Bi2Te3,sb2te3_4x2x1::joshitha::unique_230,230,base,completed,True,True,-299.630424778574,0.029282340818625633,1.2246794375599772,72,0.9058760243445941,2.714907942755806,20.903114795684814
epmlff_0704_V@Bi2Te3_unique_230_perturb_a_dx020,V@Bi2Te3,sb2te3_4x2x1::joshitha::unique_230,230,perturb_a_dx020,completed,True,True,-299.6298534778619,0.027821324746418546,1.218066384920326,73,1.3773308108888327,2.716033890190234,16.004059553146362
epmlff_0705_V@Bi2Te3_unique_230_perturb_b_tilt020,V@Bi2Te3,sb2te3_4x2x1::joshitha::unique_230,230,perturb_b_tilt020,completed,True,True,-299.633334265256,0.029189339180381794,1.3271067473699727,67,0.8875092319196307,2.7069880982828276,15.2906653881073
epmlff_0142_V@Sb2Te3_unique_020_base,V@Sb2Te3,sb2te3_4x2x1::victor::unique_020,20,base,completed,True,True,-298.0098851589331,0.029776719248352356,0.24277815304046382,25,0.2641446708664957,2.602351807453537,9.594987154006958
epmlff_0143_V@Sb2Te3_unique_020_perturb_a_dx020,V@Sb2Te3,sb2te3_4x2x1::victor::unique_020,20,perturb_a_dx020,completed,True,True,-298.0775714716856,0.025546771671112207,0.7108708423802045,55,1.2987883618247151,2.5814583135785387,39.62613391876221
epmlff_0144_V@Sb2Te3_unique_020_perturb_b_tilt020,V@Sb2Te3,sb2te3_4x2x1::victor::unique_020,20,perturb_b_tilt020,completed,True,True,-298.0116474434229,0.02548423557179312,0.42978581735038124,39,1.5051514152980574,2.600274245440151,11.043123960494995
epmlff_0145_V@Sb2Te3_unique_031_base,V@Sb2Te3,sb2te3_4x2x1::victor::unique_031,31,base,completed,True,True,-300.14425681659293,0.02216136898769698,0.11233000932654572,18,0.1739882185226484,2.6529834722345753,8.022034645080566
epmlff_0146_V@Sb2Te3_unique_031_perturb_a_dx020,V@Sb2Te3,sb2te3_4x2x1::victor::unique_031,31,perturb_a_dx020,completed,True,True,-300.14160242305053,0.029575759700998707,0.18725085752027903,23,0.8431324528732445,2.651167564243985,36.9402117729187
epmlff_0147_V@Sb2Te3_unique_031_perturb_b_tilt020,V@Sb2Te3,sb2te3_4x2x1::victor::unique_031,31,perturb_b_tilt020,completed,True,True,-300.1445467257625,0.016695729062216457,0.1648500904185697,31,0.8387498838199805,2.6526712888773307,11.910115242004395
epmlff_0148_V@Sb2Te3_unique_039_base,V@Sb2Te3,sb2te3_4x2x1::victor::unique_039,39,base,completed,True,True,-297.6678357981045,0.025022096240136918,0.5621965842479992,60,0.25342211935611714,2.611991990115953,17.328117609024048
epmlff_0149_V@Sb2Te3_unique_039_perturb_a_dx020,V@Sb2Te3,sb2te3_4x2x1::victor::unique_039,39,perturb_a_dx020,completed,True,True,-297.665616812669,0.029134018529916633,0.6233551351747576,72,1.4098736878664915,2.6114861506171385,19.10209846496582
epmlff_0150_V@Sb2Te3_unique_039_perturb_b_tilt020,V@Sb2Te3,sb2te3_4x2x1::victor::unique_039,39,perturb_b_tilt020,completed,True,True,-299.08697145858457,0.02828746814806802,2.020509723401207,122,1.2526005350866571,2.6238620974465854,26.568026781082153
epmlff_0151_V@Sb2Te3_unique_041_base,V@Sb2Te3,sb2te3_4x2x1::joshitha::unique_041,41,base,completed,True,True,-298.9603963761829,0.028277287510155503,2.1096432251503408,79,0.15325688553169337,2.625639708242702,20.88980484008789
epmlff_0152_V@Sb2Te3_unique_041_perturb_a_dx020,V@Sb2Te3,sb2te3_4x2x1::joshitha::unique_041,41,perturb_a_dx020,completed,True,True,-298.95790725902845,0.02798114014475039,2.0926923693188684,82,0.6718467327335661,2.626019488331785,17.996885776519775
epmlff_0153_V@Sb2Te3_unique_041_perturb_b_tilt020,V@Sb2Te3,sb2te3_4x2x1::joshitha::unique_041,41,perturb_b_tilt020,completed,True,True,-298.95983841608586,0.018527089292360854,2.101339678312326,86,0.9153152220619964,2.6255141329971092,18.4113986492157
epmlff_0154_V@Sb2Te3_unique_042_base,V@Sb2Te3,sb2te3_4x2x1::joshitha::unique_042,42,base,completed,True,True,-300.20540673520196,0.02534514869156003,0.18746572092352826,20,0.20347963292536192,2.6847982514898776,9.641238927841187
epmlff_0155_V@Sb2Te3_unique_042_perturb_a_dx020,V@Sb2Te3,sb2te3_4x2x1::joshitha::unique_042,42,perturb_a_dx020,completed,True,True,-300.2050556806689,0.028853103843051522,0.27157584301067,31,0.9516914490264257,2.676698071421151,11.48124647140503
epmlff_0156_V@Sb2Te3_unique_042_perturb_b_tilt020,V@Sb2Te3,sb2te3_4x2x1::joshitha::unique_042,42,perturb_b_tilt020,completed,True,True,-300.2048597654262,0.01838017983832325,0.3223659563283045,32,1.1094584033826655,2.6810723370929512,11.58246922492981
epmlff_0157_V@Sb2Te3_unique_043_base,V@Sb2Te3,sb2te3_4x2x1::joshitha::unique_043,43,base,completed,True,True,-299.5113320955205,0.029051489005552614,0.07775433787981548,25,0.28648466996620253,2.6210313966224073,10.527373313903809
epmlff_0158_V@Sb2Te3_unique_043_perturb_a_dx020,V@Sb2Te3,sb2te3_4x2x1::joshitha::unique_043,43,perturb_a_dx020,completed,True,True,-299.5170019112248,0.018156747203880115,0.21337269537356673,32,1.0398110977396546,2.6151585172621035,10.952021598815918
epmlff_0159_V@Sb2Te3_unique_043_perturb_b_tilt020,V@Sb2Te3,sb2te3_4x2x1::joshitha::unique_043,43,perturb_b_tilt020,completed,True,True,-299.50879461024044,0.025025814747756506,0.22350315686119546,29,1.0586253875350888,2.6252156855610718,23.954948902130127
epmlff_0160_V@Sb2Te3_unique_044_base,V@Sb2Te3,sb2te3_4x2x1::joshitha::unique_044,44,base,completed,True,True,-299.5192247465032,0.020837412984185174,1.1945459657211812,55,0.2480897511060089,2.6204500654979714,13.68759536743164
epmlff_0161_V@Sb2Te3_unique_044_perturb_a_dx020,V@Sb2Te3,sb2te3_4x2x1::joshitha::unique_044,44,perturb_a_dx020,completed,True,True,-299.51806151091665,0.020454736355445775,1.1510405934302703,64,2.008705788357664,2.618411670844342,14.974404096603394
epmlff_0162_V@Sb2Te3_unique_044_perturb_b_tilt020,V@Sb2Te3,sb2te3_4x2x1::joshitha::unique_044,44,perturb_b_tilt020,completed,True,True,-299.5179339959209,0.02629820802126184,1.0965867782579986,64,1.7934648764024603,2.6167400655092043,42.79257106781006
epmlff_0163_V@Sb2Te3_unique_051_base,V@Sb2Te3,sb2te3_4x2x1::victor::unique_051,51,base,completed,True,True,-300.2047277041271,0.028854588608034797,0.20076828404426914,19,0.22271888428664388,2.6860223932351235,9.452543020248413
epmlff_0164_V@Sb2Te3_unique_051_perturb_a_dx020,V@Sb2Te3,sb2te3_4x2x1::victor::unique_051,51,perturb_a_dx020,completed,True,True,-300.20518150477,0.019261336359847746,0.27150372809331547,32,0.9231767703739929,2.677619191330599,11.649645566940308
epmlff_0165_V@Sb2Te3_unique_051_perturb_b_tilt020,V@Sb2Te3,sb2te3_4x2x1::victor::unique_051,51,perturb_b_tilt020,completed,True,True,-300.20487075457515,0.018174683553658606,0.33310758257834255,32,1.143546975329092,2.681273758623367,11.68432879447937
epmlff_0166_V@Sb2Te3_unique_052_base,V@Sb2Te3,sb2te3_4x2x1::victor::unique_052,52,base,completed,True,True,-298.0948834041163,0.01611160768110741,0.16444307507218747,22,0.14746704880899975,2.610535008775095,10.032423257827759
epmlff_0167_V@Sb2Te3_unique_052_perturb_a_dx020,V@Sb2Te3,sb2te3_4x2x1::victor::unique_052,52,perturb_a_dx020,completed,True,True,-298.0865444080678,0.028442805808800604,0.17273937166543568,35,1.2957814913036505,2.606520493007191,11.444297075271606
epmlff_0168_V@Sb2Te3_unique_052_perturb_b_tilt020,V@Sb2Te3,sb2te3_4x2x1::victor::unique_052,52,perturb_b_tilt020,completed,True,True,-298.0943041687849,0.026091845123110427,0.18366464037650793,31,1.1396847063294033,2.6111654736440006,133.09463214874268
epmlff_0169_V@Sb2Te3_unique_056_base,V@Sb2Te3,sb2te3_4x2x1::victor::unique_056,56,base,completed,True,True,-298.3794171710873,0.02514727756857205,0.1089594853047336,20,0.1075174745227322,2.7667088006932534,18.91851282119751
epmlff_0170_V@Sb2Te3_unique_056_perturb_a_dx020,V@Sb2Te3,sb2te3_4x2x1::victor::unique_056,56,perturb_a_dx020,completed,True,True,-298.3709625471721,0.02318151665328953,0.17855121304887916,25,0.8174432102391712,2.7609344535685025,9.468816995620728
epmlff_0171_V@Sb2Te3_unique_056_perturb_b_tilt020,V@Sb2Te3,sb2te3_4x2x1::victor::unique_056,56,perturb_b_tilt020,completed,True,True,-298.3710642609552,0.025604912433970995,0.17401596045347348,23,0.929583187262979,2.768232622972676,9.018787145614624
epmlff_0172_V@Sb2Te3_unique_057_base,V@Sb2Te3,sb2te3_4x2x1::victor::unique_057,57,base,completed,True,True,-300.2062787088177,0.02385993999543017,0.20903395803963318,19,0.19618604919248211,2.6842167207743355,9.258406639099121
epmlff_0173_V@Sb2Te3_unique_057_perturb_a_dx020,V@Sb2Te3,sb2te3_4x2x1::victor::unique_057,57,perturb_a_dx020,completed,True,True,-300.2066121890755,0.02931580904687989,0.27595018916296393,31,0.9726361085470173,2.6754253229739553,11.537588119506836
epmlff_0174_V@Sb2Te3_unique_057_perturb_b_tilt020,V@Sb2Te3,sb2te3_4x2x1::victor::unique_057,57,perturb_b_tilt020,completed,True,True,-300.20654991689,0.01794075107040713,0.33747021171647534,32,1.1270056706913496,2.6794991121302805,11.519282579421997
epmlff_0175_V@Sb2Te3_unique_065_base,V@Sb2Te3,sb2te3_4x2x1::victor::unique_065,65,base,completed,True,True,-297.8542332761023,0.026497753251530795,0.13351733616895012,21,0.1466112974565881,2.759561523769265,9.641710996627808
epmlff_0176_V@Sb2Te3_unique_065_perturb_a_dx020,V@Sb2Te3,sb2te3_4x2x1::victor::unique_065,65,perturb_a_dx020,completed,True,True,-297.8446781429101,0.02666703260535316,0.19073366995114613,25,0.8146398905476494,2.760069835088915,10.116605281829834
epmlff_0177_V@Sb2Te3_unique_065_perturb_b_tilt020,V@Sb2Te3,sb2te3_4x2x1::victor::unique_065,65,perturb_b_tilt020,completed,True,True,-297.8465066313802,0.028758126130750242,0.18410333136253718,24,1.0477076912327872,2.7671354923893943,20.15515422821045
epmlff_0178_V@Sb2Te3_unique_066_base,V@Sb2Te3,sb2te3_4x2x1::joshitha::unique_066,66,base,completed,True,True,-299.46472037929016,0.026762340712718314,1.0563556351691272,44,0.11183640456393519,2.733141019412893,12.07154631614685
epmlff_0179_V@Sb2Te3_unique_066_perturb_a_dx020,V@Sb2Te3,sb2te3_4x2x1::joshitha::unique_066,66,perturb_a_dx020,completed,True,True,-299.4612960207484,0.028129804979439767,0.941845704754386,64,0.8681724581743856,2.725373651413813,15.08486032485962
epmlff_0180_V@Sb2Te3_unique_066_perturb_b_tilt020,V@Sb2Te3,sb2te3_4x2x1::joshitha::unique_066,66,perturb_b_tilt020,completed,True,True,-299.46211498969313,0.026068888855849945,0.9565941947297166,63,0.8770418705468475,2.726113741176038,41.69914770126343
epmlff_0181_V@Sb2Te3_unique_067_base,V@Sb2Te3,sb2te3_4x2x1::joshitha::unique_067,67,base,completed,True,True,-299.3576405733516,0.027020986790993944,1.470583497306819,58,0.15960894823845373,2.7224127094162722,16.240829944610596
epmlff_0182_V@Sb2Te3_unique_067_perturb_a_dx020,V@Sb2Te3,sb2te3_4x2x1::joshitha::unique_067,67,perturb_a_dx020,completed,True,True,-299.4524217993181,0.02373353062633229,1.694322042049091,96,0.9595456549135816,2.7223979784326717,21.910826921463013
epmlff_0183_V@Sb2Te3_unique_067_perturb_b_tilt020,V@Sb2Te3,sb2te3_4x2x1::joshitha::unique_067,67,perturb_b_tilt020,completed,True,True,-298.27774723200395,0.0295759803095577,0.2391152154873384,29,1.2974912235639677,2.626382649391332,11.402065753936768
epmlff_0184_V@Sb2Te3_unique_068_base,V@Sb2Te3,sb2te3_4x2x1::joshitha::unique_068,68,base,completed,True,True,-300.20565210781376,0.02296887898625601,0.1960182692930563,20,0.20451832851565885,2.68461424105756,9.64464020729065
epmlff_0185_V@Sb2Te3_unique_068_perturb_a_dx020,V@Sb2Te3,sb2te3_4x2x1::joshitha::unique_068,68,perturb_a_dx020,completed,True,True,-300.2056179690062,0.0272701207034259,0.2568093131122449,31,0.9121975126116018,2.676621129552332,10.68180227279663
epmlff_0186_V@Sb2Te3_unique_068_perturb_b_tilt020,V@Sb2Te3,sb2te3_4x2x1::joshitha::unique_068,68,perturb_b_tilt020,completed,True,True,-300.2048687325559,0.021099806267262884,0.3371064650559901,32,1.1169980053247541,2.681154249933383,26.308434009552002
epmlff_0187_V@Sb2Te3_unique_069_base,V@Sb2Te3,sb2te3_4x2x1::joshitha::unique_069,69,base,completed,True,True,-298.4708741791086,0.02744135707071442,0.10548309537237574,16,0.17746576967528802,2.705495992510322,7.963359594345093
epmlff_0188_V@Sb2Te3_unique_069_perturb_a_dx020,V@Sb2Te3,sb2te3_4x2x1::joshitha::unique_069,69,perturb_a_dx020,completed,True,True,-299.59975307782054,0.02765934228599233,2.6574907598389754,87,0.8656055355843043,2.7025021961035045,18.81051754951477
epmlff_0189_V@Sb2Te3_unique_069_perturb_b_tilt020,V@Sb2Te3,sb2te3_4x2x1::joshitha::unique_069,69,perturb_b_tilt020,completed,True,True,-298.46992531521096,0.029574411595854385,0.2302635628262068,27,0.8511236011360747,2.7051408589029853,10.679499387741089
epmlff_0190_V@Sb2Te3_unique_070_base,V@Sb2Te3,sb2te3_4x2x1::joshitha::unique_070,70,base,completed,True,True,-298.5225910171895,0.028831151930900162,0.04542203453466459,18,0.14680531378937098,2.708985471316595,9.17108964920044
epmlff_0191_V@Sb2Te3_unique_070_perturb_a_dx020,V@Sb2Te3,sb2te3_4x2x1::joshitha::unique_070,70,perturb_a_dx020,completed,True,True,-298.52457216636054,0.022632341123334204,0.16025200409155524,24,1.028253653609981,2.6994533295986827,10.185033559799194
epmlff_0192_V@Sb2Te3_unique_070_perturb_b_tilt020,V@Sb2Te3,sb2te3_4x2x1::joshitha::unique_070,70,perturb_b_tilt020,completed,True,True,-298.52343491795784,0.02418597073097608,0.18753886755978919,24,0.936261081499654,2.7079333266901298,9.94027304649353
epmlff_0193_V@Sb2Te3_unique_071_base,V@Sb2Te3,sb2te3_4x2x1::joshitha::unique_071,71,base,completed,True,True,-299.204794831779,0.02802191461400446,0.051848474577980704,15,0.1122646677968982,2.7213945696832385,8.073131322860718
epmlff_0194_V@Sb2Te3_unique_071_perturb_a_dx020,V@Sb2Te3,sb2te3_4x2x1::joshitha::unique_071,71,perturb_a_dx020,completed,True,True,-299.20378167900856,0.02274044602874718,0.19075961328757363,23,0.972860013173722,2.724039550818801,22.048898458480835
epmlff_0195_V@Sb2Te3_unique_071_perturb_b_tilt020,V@Sb2Te3,sb2te3_4x2x1::joshitha::unique_071,71,perturb_b_tilt020,completed,True,True,-299.2066383130432,0.02186351110887577,0.20747880614429146,30,0.805932253684951,2.7235643974210504,9.787001848220825
epmlff_0196_V@Sb2Te3_unique_072_base,V@Sb2Te3,sb2te3_4x2x1::joshitha::unique_072,72,base,completed,True,True,-300.08179392715596,0.02786328672904749,0.035307368037268826,14,0.19107166620623334,2.6428018975511733,7.462816476821899
epmlff_0197_V@Sb2Te3_unique_072_perturb_a_dx020,V@Sb2Te3,sb2te3_4x2x1::joshitha::unique_072,72,perturb_a_dx020,completed,True,True,-300.0901238700644,0.028182989482741134,0.1623052422466834,26,0.9532759710291944,2.652598405933907,96.88284802436829
epmlff_0198_V@Sb2Te3_unique_072_perturb_b_tilt020,V@Sb2Te3,sb2te3_4x2x1::joshitha::unique_072,72,perturb_b_tilt020,completed,True,True,-300.08633343961895,0.023951236663086795,0.16252963496159348,35,1.3122675049819896,2.6465117527018043,12.200232028961182
epmlff_0199_V@Sb2Te3_unique_073_base,V@Sb2Te3,sb2te3_4x2x1::joshitha::unique_073,73,base,completed,True,True,-299.1083228791393,0.027444693628442297,0.08962200327586539,16,0.15193908263593014,2.5936870808468995,8.736913681030273
epmlff_0200_V@Sb2Te3_unique_073_perturb_a_dx020,V@Sb2Te3,sb2te3_4x2x1::joshitha::unique_073,73,perturb_a_dx020,completed,True,True,-299.1171533361982,0.02335402507099713,0.15314232118374307,30,1.0735028040536565,2.590073821256244,11.263126850128174
epmlff_0201_V@Sb2Te3_unique_073_perturb_b_tilt020,V@Sb2Te3,sb2te3_4x2x1::joshitha::unique_073,73,perturb_b_tilt020,completed,True,True,-299.12510336982706,0.028321018721117485,0.28908434805413363,37,1.3041723045467641,2.5900672614624805,12.44669771194458
epmlff_0202_V@Sb2Te3_unique_077_base,V@Sb2Te3,sb2te3_4x2x1::joshitha::unique_077,77,base,completed,True,True,-300.1061096060682,0.028889050002991593,0.05196649115168547,15,0.1584016365529125,2.657144141270046,8.02793550491333
epmlff_0203_V@Sb2Te3_unique_077_perturb_a_dx020,V@Sb2Te3,sb2te3_4x2x1::joshitha::unique_077,77,perturb_a_dx020,completed,True,True,-300.1073105348388,0.029392497677454173,0.17606021160883545,28,1.0605922196417434,2.662302946517245,21.332727193832397
epmlff_0204_V@Sb2Te3_unique_077_perturb_b_tilt020,V@Sb2Te3,sb2te3_4x2x1::joshitha::unique_077,77,perturb_b_tilt020,completed,True,True,-300.106219968515,0.026141157448791925,0.1584363748891274,28,1.1404015327685462,2.654144522144241,9.5833101272583
epmlff_0205_V@Sb2Te3_unique_078_base,V@Sb2Te3,sb2te3_4x2x1::joshitha::unique_078,78,base,completed,True,True,-300.0437770701671,0.026676413494264344,0.18489317213514878,18,0.3454122814595207,2.614010362119386,7.844905614852905
epmlff_0206_V@Sb2Te3_unique_078_perturb_a_dx020,V@Sb2Te3,sb2te3_4x2x1::joshitha::unique_078,78,perturb_a_dx020,completed,True,True,-300.0450313211522,0.02347536415255874,0.26781671566885357,30,1.4880344619517172,2.61415688534083,11.759216547012329
epmlff_0207_V@Sb2Te3_unique_078_perturb_b_tilt020,V@Sb2Te3,sb2te3_4x2x1::joshitha::unique_078,78,perturb_b_tilt020,completed,True,True,-300.0463728385471,0.020169519444068387,0.340790847734491,35,1.4152251070292603,2.6084527170772627,12.184353828430176
epmlff_0208_V@Sb2Te3_unique_080_base,V@Sb2Te3,sb2te3_4x2x1::joshitha::unique_080,80,base,completed,True,True,-298.29793528032326,0.024938333038302857,0.13904063023512453,25,0.49770509951368286,2.625392429979464,10.473304033279419
epmlff_0209_V@Sb2Te3_unique_080_perturb_a_dx020,V@Sb2Te3,sb2te3_4x2x1::joshitha::unique_080,80,perturb_a_dx020,completed,True,True,-298.2979521955968,0.027681376946257327,0.25660956796162443,35,1.5369467345323633,2.6293032539656305,12.290673732757568
epmlff_0210_V@Sb2Te3_unique_080_perturb_b_tilt020,V@Sb2Te3,sb2te3_4x2x1::joshitha::unique_080,80,perturb_b_tilt020,completed,True,True,-298.3029458797131,0.01794817073032608,0.1931591334512345,31,0.9981500146704418,2.627378262263001,10.70351529121399
epmlff_0211_V@Sb2Te3_unique_093_base,V@Sb2Te3,sb2te3_4x2x1::joshitha::unique_093,93,base,completed,True,True,-300.1063450149751,0.029079086578379505,0.056043683908182144,15,0.15031895895515027,2.6619015206303094,56.80659365653992
epmlff_0212_V@Sb2Te3_unique_093_perturb_a_dx020,V@Sb2Te3,sb2te3_4x2x1::joshitha::unique_093,93,perturb_a_dx020,completed,True,True,-300.1075217118636,0.025076252095905974,0.23373214250712088,29,1.1595616139111453,2.6592297941775196,23.08884358406067
epmlff_0213_V@Sb2Te3_unique_093_perturb_b_tilt020,V@Sb2Te3,sb2te3_4x2x1::joshitha::unique_093,93,perturb_b_tilt020,completed,True,True,-300.1078001088733,0.025037822572872456,0.1631221849233921,30,1.0864691762735006,2.659687042128496,9.728399991989136
epmlff_0214_V@Sb2Te3_unique_096_base,V@Sb2Te3,sb2te3_4x2x1::joshitha::unique_096,96,base,completed,True,True,-297.5742928672169,0.02662114663497028,0.1669973667247521,22,0.22313546777253773,2.599477275061654,8.666516065597534
epmlff_0215_V@Sb2Te3_unique_096_perturb_a_dx020,V@Sb2Te3,sb2te3_4x2x1::joshitha::unique_096,96,perturb_a_dx020,completed,True,True,-297.598402096015,0.028648887375981626,0.3153330257321081,41,0.847992211276172,2.614994367873245,13.571680307388306
epmlff_0216_V@Sb2Te3_unique_096_perturb_b_tilt020,V@Sb2Te3,sb2te3_4x2x1::joshitha::unique_096,96,perturb_b_tilt020,completed,True,True,-297.56940929854903,0.019828515823972076,0.2346627856154116,28,0.7086494952857494,2.5988591080304215,11.273650646209717
epmlff_0217_V@Sb2Te3_unique_097_base,V@Sb2Te3,sb2te3_4x2x1::joshitha::unique_097,97,base,completed,True,True,-300.20792853831244,0.02717631763471914,2.2901104361126285,66,0.14081933311635428,2.7404254218211754,17.070952653884888
epmlff_0218_V@Sb2Te3_unique_097_perturb_a_dx020,V@Sb2Te3,sb2te3_4x2x1::joshitha::unique_097,97,perturb_a_dx020,completed,True,True,-300.21006446634215,0.025102299595879403,2.2935507798698476,80,0.9157301887535756,2.739346678692422,19.659977674484253
epmlff_0219_V@Sb2Te3_unique_097_perturb_b_tilt020,V@Sb2Te3,sb2te3_4x2x1::joshitha::unique_097,97,perturb_b_tilt020,completed,True,True,-300.20766982226064,0.028666794366917443,2.2889639940364677,79,1.0573422277887967,2.7400226692861716,19.157453536987305
epmlff_0220_V@Sb2Te3_unique_098_base,V@Sb2Te3,sb2te3_4x2x1::joshitha::unique_098,98,base,completed,True,True,-300.04523362864853,0.023155843692079552,0.13655258101327428,18,0.3261696483751315,2.613174528883799,16.778873920440674
epmlff_0221_V@Sb2Te3_unique_098_perturb_a_dx020,V@Sb2Te3,sb2te3_4x2x1::joshitha::unique_098,98,perturb_a_dx020,completed,True,True,-300.04630169967373,0.018471179179404357,0.1975279206288977,38,1.4624657126321023,2.612441959579238,11.168048858642578
epmlff_0222_V@Sb2Te3_unique_098_perturb_b_tilt020,V@Sb2Te3,sb2te3_4x2x1::joshitha::unique_098,98,perturb_b_tilt020,completed,True,True,-300.04518837188726,0.029276901534399217,0.2938091213420862,30,1.3952365351904783,2.612381712685709,9.911102533340454
epmlff_0223_V@Sb2Te3_unique_100_base,V@Sb2Te3,sb2te3_4x2x1::joshitha::unique_100,100,base,completed,True,True,-296.5528618275745,0.029321476766464467,1.7905471606456385,59,0.14160317904251615,2.6242497574292716,16.71796727180481
epmlff_0224_V@Sb2Te3_unique_100_perturb_a_dx020,V@Sb2Te3,sb2te3_4x2x1::joshitha::unique_100,100,perturb_a_dx020,completed,True,True,-296.552454113858,0.028791448749245534,1.8106032985507454,60,1.5992831973467743,2.6276340333682495,16.730680465698242
epmlff_0225_V@Sb2Te3_unique_100_perturb_b_tilt020,V@Sb2Te3,sb2te3_4x2x1::joshitha::unique_100,100,perturb_b_tilt020,completed,True,True,-296.56600634371136,0.028801272974236573,1.8054686500972894,69,1.769140223614715,2.6243443285492507,18.303279876708984
epmlff_0226_V@Sb2Te3_unique_102_base,V@Sb2Te3,sb2te3_4x2x1::victor::unique_102,102,base,completed,True,True,-300.5089272009314,0.029993481461202565,0.11898351405090797,16,0.1765071042777516,2.8055805079202276,8.786258697509766
epmlff_0227_V@Sb2Te3_unique_102_perturb_a_dx020,V@Sb2Te3,sb2te3_4x2x1::victor::unique_102,102,perturb_a_dx020,completed,True,True,-300.50942641576495,0.014459693540643697,0.20099747878140647,26,0.6805490890567291,2.8035565852651194,9.894766330718994
epmlff_0228_V@Sb2Te3_unique_102_perturb_b_tilt020,V@Sb2Te3,sb2te3_4x2x1::victor::unique_102,102,perturb_b_tilt020,completed,True,True,-300.5093840850471,0.0225720952480793,0.1955947044236818,26,0.6337342666442524,2.806443371426211,104.8658697605133
epmlff_0229_V@Sb2Te3_unique_104_base,V@Sb2Te3,sb2te3_4x2x1::victor::unique_104,104,base,completed,True,True,-300.5087440455464,0.026083467925958146,0.08733902032141873,13,0.1386695415899418,2.801332642046055,14.014418125152588
epmlff_0230_V@Sb2Te3_unique_104_perturb_a_dx020,V@Sb2Te3,sb2te3_4x2x1::victor::unique_104,104,perturb_a_dx020,completed,True,True,-300.50930787510015,0.02082433503326748,0.19748922314902406,25,0.6924678480870506,2.801392845425008,8.976129293441772
epmlff_0231_V@Sb2Te3_unique_104_perturb_b_tilt020,V@Sb2Te3,sb2te3_4x2x1::victor::unique_104,104,perturb_b_tilt020,completed,True,True,-300.509323408073,0.02734732529449463,0.19159427002899448,25,0.6678309865882994,2.804565661652666,9.076783418655396
epmlff_0232_V@Sb2Te3_unique_109_base,V@Sb2Te3,sb2te3_4x2x1::victor::unique_109,109,base,completed,True,True,-298.001703171774,0.0258180353529652,0.061565586746169375,26,0.2672426985044725,2.6280453532156947,50.08833599090576
epmlff_0233_V@Sb2Te3_unique_109_perturb_a_dx020,V@Sb2Te3,sb2te3_4x2x1::victor::unique_109,109,perturb_a_dx020,completed,True,True,-298.06358387137374,0.021861030557873754,0.19245428164418268,38,1.1159935503392975,2.6238389687792973,12.658962488174438
epmlff_0234_V@Sb2Te3_unique_109_perturb_b_tilt020,V@Sb2Te3,sb2te3_4x2x1::victor::unique_109,109,perturb_b_tilt020,completed,True,True,-298.07155210219724,0.0185746472363547,0.238941307114944,42,1.173583112152017,2.6267280375109423,12.891044855117798
epmlff_0235_V@Sb2Te3_unique_110_base,V@Sb2Te3,sb2te3_4x2x1::victor::unique_110,110,base,completed,True,True,-299.73600385337204,0.026413290244825513,0.13049756185411743,17,0.11207333399659926,2.6789971529143823,8.796818971633911
epmlff_0236_V@Sb2Te3_unique_110_perturb_a_dx020,V@Sb2Te3,sb2te3_4x2x1::victor::unique_110,110,perturb_a_dx020,completed,True,True,-299.7381348485629,0.02744672248962478,0.2537754774575883,31,0.727678929670386,2.6776336727707233,11.435381889343262
epmlff_0237_V@Sb2Te3_unique_110_perturb_b_tilt020,V@Sb2Te3,sb2te3_4x2x1::victor::unique_110,110,perturb_b_tilt020,completed,True,True,-299.7452300801851,0.02104736641531136,0.22373595169999919,35,0.7333205688720962,2.6708052899903025,11.330010175704956
epmlff_0238_V@Sb2Te3_unique_115_base,V@Sb2Te3,sb2te3_4x2x1::victor::unique_115,115,base,completed,True,True,-300.5091608427592,0.027874593550976576,0.0861588981031212,14,0.13588243527517388,2.8038864735667177,14.808538913726807
epmlff_0239_V@Sb2Te3_unique_115_perturb_a_dx020,V@Sb2Te3,sb2te3_4x2x1::victor::unique_115,115,perturb_a_dx020,completed,True,True,-300.50906555511426,0.0203987673142066,0.20087005739977595,25,0.7022337021022026,2.800781672083097,9.218194484710693
epmlff_0240_V@Sb2Te3_unique_115_perturb_b_tilt020,V@Sb2Te3,sb2te3_4x2x1::victor::unique_115,115,perturb_b_tilt020,completed,True,True,-300.50892137811616,0.02951300917328433,0.19069749944685108,25,0.6749923631821203,2.801998656256632,9.196198463439941
epmlff_0241_V@Sb2Te3_unique_116_base,V@Sb2Te3,sb2te3_4x2x1::victor::unique_116,116,base,completed,True,True,-297.9832885765928,0.02309575503396934,0.40071604728086074,26,0.21231446428890308,2.662908862170268,10.699039936065674
epmlff_0242_V@Sb2Te3_unique_116_perturb_a_dx020,V@Sb2Te3,sb2te3_4x2x1::victor::unique_116,116,perturb_a_dx020,completed,True,True,-297.9857455848116,0.01651887293763906,0.40310491647758656,42,1.6952487454171028,2.66458379472889,13.370117902755737
epmlff_0243_V@Sb2Te3_unique_116_perturb_b_tilt020,V@Sb2Te3,sb2te3_4x2x1::victor::unique_116,116,perturb_b_tilt020,completed,True,True,-297.9886069772376,0.015040492348237717,0.39386934857599276,44,0.7834849853135736,2.6667518388197053,13.720191955566406
epmlff_0244_V@Sb2Te3_unique_125_base,V@Sb2Te3,sb2te3_4x2x1::victor::unique_125,125,base,completed,True,True,-297.96399539207977,0.029370211078483692,0.04527159656410962,17,0.18099792494805522,2.6567416585517076,9.032830476760864
epmlff_0245_V@Sb2Te3_unique_125_perturb_a_dx020,V@Sb2Te3,sb2te3_4x2x1::victor::unique_125,125,perturb_a_dx020,completed,True,True,-298.00310022773033,0.01719813906205804,0.23095278191204965,38,1.6648159961628133,2.6719618218632175,11.732890129089355
epmlff_0246_V@Sb2Te3_unique_125_perturb_b_tilt020,V@Sb2Te3,sb2te3_4x2x1::victor::unique_125,125,perturb_b_tilt020,completed,True,True,-297.972890245177,0.025899470316670916,0.15303576651371062,27,0.8556226846877358,2.6618785545803454,23.790127992630005
epmlff_0247_V@Sb2Te3_unique_126_base,V@Sb2Te3,sb2te3_4x2x1::joshitha::unique_126,126,base,completed,True,True,-298.717860471367,0.023737167328626227,0.08410557495805093,19,0.19294438151452944,2.669913796497082,8.267987728118896
epmlff_0248_V@Sb2Te3_unique_126_perturb_a_dx020,V@Sb2Te3,sb2te3_4x2x1::joshitha::unique_126,126,perturb_a_dx020,completed,True,True,-298.71593157468504,0.021028416237003193,0.19981602916405009,25,0.8029209627572743,2.6696825288842536,9.176364660263062
epmlff_0249_V@Sb2Te3_unique_126_perturb_b_tilt020,V@Sb2Te3,sb2te3_4x2x1::joshitha::unique_126,126,perturb_b_tilt020,completed,True,True,-298.71580268473963,0.02650551460272617,0.18012696577987491,24,0.880838915624244,2.669095552294046,12.792165517807007
epmlff_0250_V@Sb2Te3_unique_129_base,V@Sb2Te3,sb2te3_4x2x1::joshitha::unique_129,129,base,completed,True,True,-300.04468839157107,0.027700588246371657,0.15398633814032917,18,0.3213041692395412,2.6120477710975747,9.27076268196106
epmlff_0251_V@Sb2Te3_unique_129_perturb_a_dx020,V@Sb2Te3,sb2te3_4x2x1::joshitha::unique_129,129,perturb_a_dx020,completed,True,True,-300.0472916947335,0.023223408228293677,0.26082447194775055,39,1.5006076744771821,2.608592589215228,12.653478145599365
epmlff_0252_V@Sb2Te3_unique_129_perturb_b_tilt020,V@Sb2Te3,sb2te3_4x2x1::joshitha::unique_129,129,perturb_b_tilt020,completed,True,True,-300.04398257109875,0.02870183037055942,0.166743878954778,28,1.304497744224603,2.6089140549498233,10.662286043167114
epmlff_0253_V@Sb2Te3_unique_143_base,V@Sb2Te3,sb2te3_4x2x1::joshitha::unique_143,143,base,completed,True,True,-299.23422418459126,0.025977682542262428,0.09483371456331229,19,0.15712814766262057,2.662397445083956,9.41042685508728
epmlff_0254_V@Sb2Te3_unique_143_perturb_a_dx020,V@Sb2Te3,sb2te3_4x2x1::joshitha::unique_143,143,perturb_a_dx020,completed,True,True,-299.2316614614419,0.027241711133460137,0.19376460921318653,23,0.9348351428311817,2.667443091503354,9.085241317749023
epmlff_0255_V@Sb2Te3_unique_143_perturb_b_tilt020,V@Sb2Te3,sb2te3_4x2x1::joshitha::unique_143,143,perturb_b_tilt020,completed,True,True,-299.23409347958574,0.02592192693831192,0.23273501557938067,31,1.0198682398775343,2.6602407720461407,29.244373321533203
epmlff_0256_V@Sb2Te3_unique_145_base,V@Sb2Te3,sb2te3_4x2x1::joshitha::unique_145,145,base,completed,True,True,-300.10663859406435,0.029479610212061948,0.02977081523795175,14,0.15431694825941394,2.649601990995441,7.555082559585571
epmlff_0257_V@Sb2Te3_unique_145_perturb_a_dx020,V@Sb2Te3,sb2te3_4x2x1::joshitha::unique_145,145,perturb_a_dx020,completed,True,True,-300.1095883916116,0.027744305911073623,0.21255149582985222,28,1.126862059363949,2.66008863405164,9.659480094909668
epmlff_0258_V@Sb2Te3_unique_145_perturb_b_tilt020,V@Sb2Te3,sb2te3_4x2x1::joshitha::unique_145,145,perturb_b_tilt020,completed,True,True,-300.1097956856598,0.02987673646678284,0.18386324750299354,29,1.0737835948334908,2.6620111283321237,90.82101583480835
epmlff_0259_V@Sb2Te3_unique_149_base,V@Sb2Te3,sb2te3_4x2x1::joshitha::unique_149,149,base,completed,True,True,-299.3643849840295,0.028576562674451505,0.10748624536861957,17,0.1650706606268298,2.6353082563693078,9.145756244659424
epmlff_0260_V@Sb2Te3_unique_149_perturb_a_dx020,V@Sb2Te3,sb2te3_4x2x1::joshitha::unique_149,149,perturb_a_dx020,completed,True,True,-299.3601669358218,0.023830746602649472,0.22106706322763164,39,1.5854236167740363,2.632224002619973,13.06315541267395
epmlff_0261_V@Sb2Te3_unique_149_perturb_b_tilt020,V@Sb2Te3,sb2te3_4x2x1::joshitha::unique_149,149,perturb_b_tilt020,completed,True,True,-299.37115947881506,0.02299852829462377,0.25328036617552574,34,1.6253987070447462,2.6380067365222413,12.279423713684082
epmlff_0262_V@Sb2Te3_unique_151_base,V@Sb2Te3,sb2te3_4x2x1::joshitha::unique_151,151,base,completed,True,True,-296.3201435786124,0.023927149432365572,0.5985102409651881,57,0.3513031189166106,2.5458271013343285,15.730685710906982
epmlff_0263_V@Sb2Te3_unique_151_perturb_a_dx020,V@Sb2Te3,sb2te3_4x2x1::joshitha::unique_151,151,perturb_a_dx020,completed,True,True,-296.32517359339005,0.026000119696733614,0.6765919704003576,55,1.5413002988980131,2.5454200190671017,14.967025756835938
epmlff_0264_V@Sb2Te3_unique_151_perturb_b_tilt020,V@Sb2Te3,sb2te3_4x2x1::joshitha::unique_151,151,perturb_b_tilt020,completed,True,True,-296.3228227549267,0.023116325230448764,0.6113345071325409,57,1.089381547623496,2.543545669209646,214.94451665878296
epmlff_0265_V@Sb2Te3_unique_153_base,V@Sb2Te3,sb2te3_4x2x1::joshitha::unique_153,153,base,completed,True,True,-297.3232796216034,0.027065535270584685,0.2975507543556668,23,0.2713228896932478,2.595448297183448,8.702796220779419
epmlff_0266_V@Sb2Te3_unique_153_perturb_a_dx020,V@Sb2Te3,sb2te3_4x2x1::joshitha::unique_153,153,perturb_a_dx020,completed,True,True,-297.325187141705,0.028492258020943698,0.32145982630281206,38,1.363272989606766,2.5949173173771074,10.969221115112305
epmlff_0267_V@Sb2Te3_unique_153_perturb_b_tilt020,V@Sb2Te3,sb2te3_4x2x1::joshitha::unique_153,153,perturb_b_tilt020,completed,True,True,-297.32573999664925,0.019704644638360445,0.3436755258811501,50,1.7784570365494188,2.599560065710959,14.166717290878296
epmlff_0268_V@Sb2Te3_unique_154_base,V@Sb2Te3,sb2te3_4x2x1::joshitha::unique_154,154,base,completed,True,True,-300.1060411652004,0.02864975907360404,0.02904285903383923,14,0.13560467249049982,2.649939961875679,8.366006135940552
epmlff_0269_V@Sb2Te3_unique_154_perturb_a_dx020,V@Sb2Te3,sb2te3_4x2x1::joshitha::unique_154,154,perturb_a_dx020,completed,True,True,-300.10941411455536,0.029207926073355973,0.20208787966692066,26,1.1698129238017507,2.659185546759394,10.52435302734375
epmlff_0270_V@Sb2Te3_unique_154_perturb_b_tilt020,V@Sb2Te3,sb2te3_4x2x1::joshitha::unique_154,154,perturb_b_tilt020,completed,True,True,-300.1096851663875,0.021675211597386383,0.22410427617402193,30,1.1056307514384152,2.6584411718923087,11.151181697845459
epmlff_0271_V@Sb2Te3_unique_200_base,V@Sb2Te3,sb2te3_4x2x1::victor::unique_200,200,base,completed,True,True,-300.1437053256122,0.02485935679363262,0.11092205654373608,18,0.18317093730549133,2.6541456619045616,8.636698007583618
epmlff_0272_V@Sb2Te3_unique_200_perturb_a_dx020,V@Sb2Te3,sb2te3_4x2x1::victor::unique_200,200,perturb_a_dx020,completed,True,True,-300.1444794826359,0.02889269132497915,0.23090857981414226,30,0.8860635776524258,2.6579974973130924,24.84803318977356
epmlff_0273_V@Sb2Te3_unique_200_perturb_b_tilt020,V@Sb2Te3,sb2te3_4x2x1::victor::unique_200,200,perturb_b_tilt020,completed,True,True,-300.1443540186038,0.02097621542900444,0.25251347434587185,31,0.9876614486071658,2.6602302509087186,10.032961130142212
epmlff_0274_V@Sb2Te3_unique_204_base,V@Sb2Te3,sb2te3_4x2x1::victor::unique_204,204,base,completed,True,True,-300.1444177587425,0.01917793407371396,0.09372487708168274,26,0.17529273686901684,2.6540577318383733,9.288859605789185
epmlff_0275_V@Sb2Te3_unique_204_perturb_a_dx020,V@Sb2Te3,sb2te3_4x2x1::victor::unique_204,204,perturb_a_dx020,completed,True,True,-300.14218556482336,0.02916093020248439,0.18283131192278765,23,0.8753552380859899,2.651684046199672,10.249987840652466
epmlff_0276_V@Sb2Te3_unique_204_perturb_b_tilt020,V@Sb2Te3,sb2te3_4x2x1::victor::unique_204,204,perturb_b_tilt020,completed,True,True,-300.14444538727673,0.02103325895116167,0.2551175372425624,31,0.9941616434374307,2.6596329896268216,11.50038194656372
epmlff_0277_V@Sb2Te3_unique_229_base,V@Sb2Te3,sb2te3_4x2x1::joshitha::unique_229,229,base,completed,True,True,-299.10773473777556,0.02481820043859448,0.09612139882505817,20,0.1814328388094388,2.5988130852229427,9.694066524505615
epmlff_0278_V@Sb2Te3_unique_229_perturb_a_dx020,V@Sb2Te3,sb2te3_4x2x1::joshitha::unique_229,229,perturb_a_dx020,completed,True,True,-299.10550772949176,0.02649234749986788,0.125427905094691,35,1.2800443154881378,2.5841556158175027,12.052600145339966
epmlff_0279_V@Sb2Te3_unique_229_perturb_b_tilt020,V@Sb2Te3,sb2te3_4x2x1::joshitha::unique_229,229,perturb_b_tilt020,completed,True,True,-299.10551900296286,0.0285173768565648,0.18186555075099023,30,1.3060455973842329,2.612431599048154,10.892414808273315
epmlff_0280_V@Sb2Te3_unique_230_base,V@Sb2Te3,sb2te3_4x2x1::joshitha::unique_230,230,base,completed,True,True,-299.4786224039261,0.028390272315207642,1.0098104037139422,43,0.16439433603416084,2.7432988678545787,29.46176314353943
epmlff_0281_V@Sb2Te3_unique_230_perturb_a_dx020,V@Sb2Te3,sb2te3_4x2x1::joshitha::unique_230,230,perturb_a_dx020,completed,True,True,-299.4782875209994,0.02283320347693328,1.00056478958242,54,1.0353985470578027,2.743837447522558,13.103903770446777
epmlff_0282_V@Sb2Te3_unique_230_perturb_b_tilt020,V@Sb2Te3,sb2te3_4x2x1::joshitha::unique_230,230,perturb_b_tilt020,completed,True,True,-299.4761042333655,0.02956152419025267,1.006392916550599,59,1.0689348332214004,2.7430829759753017,14.17177128791809
