optimizer_iteration,image_index,energy_eV,relative_energy_eV,true_force_fmax_eV_A,neb_force_fmax_eV_A,neb_residual_eV_A,is_endpoint
0,0,-133572.22434339978,0.0,2.1151369880125186,,,True
0,1,-133561.59102794938,10.633315450395457,28.966412475967168,3.457644030963597,3.2396749295062053,False
0,2,-133558.679842436,13.544500963791506,24.120563057169953,7.398494644525551,6.991940659188345,False
0,3,-133570.68734113564,1.5370022641436663,3.554368545435993,3.76685218749108,3.683085950696212,False
0,4,-133571.34152546545,0.8828179343254305,2.0979124260607094,,,True
1,0,-133572.22434339978,0.0,2.1151369880125186,,,True
1,1,-133562.54951671412,9.674826685659355,27.904143899621488,2.039962402613416,1.897557302381878,False
1,2,-133560.20459276251,12.019750637264224,22.852886887678068,5.128244811648643,4.832913918128383,False
1,3,-133571.60255836308,0.6217850366956554,2.8459632128003975,2.8890932977975576,2.802200922454874,False
1,4,-133571.34152546545,0.8828179343254305,2.0979124260607094,,,True
2,0,-133572.22434339978,0.0,2.1151369880125186,,,True
2,1,-133563.44851027947,8.775833120307652,27.0110226434455,1.9029876397176475,1.775284122953112,False
2,2,-133561.6593339109,10.565009488869691,21.63251443280295,3.1687371504408177,2.8737090462361046,False
2,3,-133572.50171120616,-0.27736780638224445,2.216633217645493,2.033619727749059,1.9461528260119187,False
2,4,-133571.34152546545,0.8828179343254305,2.0979124260607094,,,True
3,0,-133572.22434339978,0.0,2.1151369880125186,,,True
3,1,-133564.27506313272,7.949280267057475,26.314937195822914,2.620936439214378,2.008224755323003,False
3,2,-133562.95924090446,9.265102495322935,20.904119863385827,2.302365050078177,2.2897982500766108,False
3,3,-133573.31770980713,-1.0933664073527325,1.7411982643688795,1.7410198262149172,1.6295896730940431,False
3,4,-133571.34152546545,0.8828179343254305,2.0979124260607094,,,True
4,0,-133572.22434339978,0.0,2.1151369880125186,,,True
4,1,-133565.0726804146,7.151662985183066,25.755587355150205,3.419172582223622,2.979591319562389,False
4,2,-133564.12046753286,8.103875866916496,20.298778843541342,2.224298433714869,2.2156620457947644,False
4,3,-133574.045233085,-1.8208896852156613,1.510810846946993,1.5259547394737842,1.4332084209804912,False
4,4,-133571.34152546545,0.8828179343254305,2.0979124260607094,,,True
5,0,-133572.22434339978,0.0,2.1151369880125186,,,True
5,1,-133565.87049954102,6.353843858756591,25.2734292991599,4.184253755383601,3.502092373588555,False
5,2,-133565.15684583798,7.067497561802156,19.743971490437776,2.440354265075018,1.877204569629575,False
5,3,-133574.6777970094,-2.453453609632561,1.3073118631042648,1.329840281754539,1.2030291424124597,False
5,4,-133571.34152546545,0.8828179343254305,2.0979124260607094,,,True
6,0,-133572.22434339978,0.0,2.1151369880125186,,,True
6,1,-133566.6848102369,5.539533162867883,24.794214664942732,4.649260228502494,3.6102007595550427,False
6,2,-133566.0857779966,6.138565403176472,19.08150298757923,2.909821560262946,2.127636468583948,False
6,3,-133575.2108233463,-2.9864799465285614,1.2473967735354161,1.2689352807376157,1.14482860554698,False
6,4,-133571.34152546545,0.8828179343254305,2.0979124260607094,,,True
7,0,-133572.22434339978,0.0,2.1151369880125186,,,True
7,1,-133567.52351731743,4.700826082349522,24.224209532144087,4.9028470569611216,3.3800191807640334,False
7,2,-133566.93309661077,5.291246789012803,18.1669980265812,3.4838855474833896,2.5741796759982742,False
7,3,-133575.64439190237,-3.4200485025939997,1.1835022605629046,1.2059181694126544,1.0822533174378393,False
7,4,-133571.34152546545,0.8828179343254305,2.0979124260607094,,,True
8,0,-133572.22434339978,0.0,2.1151369880125186,,,True
8,1,-133568.3919002259,3.832443173887441,23.191139637074667,4.997072699527055,3.4171155653111684,False
8,2,-133567.73576428156,4.488579118216876,16.879041734319664,4.170535211468923,3.089019725494276,False
8,3,-133575.9844359405,-3.7600925407314207,1.1077536597357855,1.1331285858991458,1.0094239532186438,False
8,4,-133571.34152546545,0.8828179343254305,2.0979124260607094,,,True
9,0,-133572.22434339978,0.0,2.1151369880125186,,,True
9,1,-133569.28141353643,2.942929863347672,21.330488254832872,4.880916848434213,3.644660351854486,False
9,2,-133568.53670780198,3.687635597802,15.17053725988252,4.816635168698369,3.579810523966787,False
9,3,-133576.24306000283,-4.018716603051871,1.0158687240370934,1.0462985978324288,0.9234418034425917,False
9,4,-133571.34152546545,0.8828179343254305,2.0979124260607094,,,True
10,0,-133572.22434339978,0.0,2.1151369880125186,,,True
10,1,-133570.15713755763,2.067205842147814,18.403102469268088,4.569566137867623,3.7383291041420974,False
10,2,-133569.36645857655,2.8578848232282326,13.190311942847742,5.1770214366241945,3.9068587152727616,False
10,3,-133576.43719643648,-4.212853036704473,0.9165875512229991,0.9454013184900981,0.824864720524753,False
10,4,-133571.34152546545,0.8828179343254305,2.0979124260607094,,,True
11,0,-133572.22434339978,0.0,2.1151369880125186,,,True
11,1,-133570.9597841799,1.2645592198823579,14.826352104561238,4.277392043527576,3.5354557134544926,False
11,2,-133570.2290412589,1.995302140887361,11.296487122060489,5.125139210135657,3.9681167821401133,False
11,3,-133576.58612934907,-4.361785949295154,0.8913363347936736,0.8338703207425076,0.7167113087687371,False
11,4,-133571.34152546545,0.8828179343254305,2.0979124260607094,,,True
12,0,-133572.22434339978,0.0,2.1151369880125186,,,True
12,1,-133571.64926606524,0.5750773345353082,11.543294569752058,3.897653768471517,3.1778919132850993,False
12,2,-133571.1050950717,1.1192483280901797,9.695866668588033,4.711888938250323,3.7483874256864236,False
12,3,-133576.70828513906,-4.483941739279544,0.8628188602443938,0.7170354447176395,0.6527866831468421,False
12,4,-133571.34152546545,0.8828179343254305,2.0979124260607094,,,True
13,0,-133572.22434339978,0.0,2.1151369880125186,,,True
13,1,-133572.2242262192,0.00011718057794496417,8.837910629003801,3.3716761543502622,2.667631182015424,False
13,2,-133571.96274318866,0.2616002111171838,8.455673116673859,4.066090993354564,3.302762604419892,False
13,3,-133576.8185542516,-4.594210851821117,0.8293143731701912,0.7163630356085077,0.6435413488261796,False
13,4,-133571.34152546545,0.8828179343254305,2.0979124260607094,,,True
14,0,-133572.22434339978,0.0,2.1151369880125186,,,True
14,1,-133572.69910697188,-0.4747635720996186,6.87375060200157,7.038719410516384,5.758920709495242,False
14,2,-133572.77675636127,-0.5524129614932463,7.59283170173754,3.3657242172205364,2.953729873251995,False
14,3,-133576.92730984426,-4.702966444485355,0.7897067900432784,0.7271390735860279,0.6193034430800818,False
14,4,-133571.34152546545,0.8828179343254305,2.0979124260607094,,,True
15,0,-133572.22434339978,0.0,2.1151369880125186,,,True
15,1,-133573.29852595672,-1.0741825569421053,5.466122304884886,4.594990316615888,3.6793436461658815,False
15,2,-133573.5003833898,-1.2760399900143966,6.739262461189399,2.9504094375813983,2.609722009205862,False
15,3,-133577.03435983468,-4.810016434901627,0.76194322748072,0.7015795927860282,0.5812200210426725,False
15,4,-133571.34152546545,0.8828179343254305,2.0979124260607094,,,True
16,0,-133572.22434339978,0.0,2.1151369880125186,,,True
16,1,-133573.88532892783,-1.66098552805488,4.581112361779191,3.636028627242733,3.252877969825391,False
16,2,-133574.11911914835,-1.8947757485730108,5.93100697067648,2.562368323713863,2.1478208169122754,False
16,3,-133577.1431689069,-4.918825507134898,0.7098529422728643,0.6445874516871161,0.5564727526718829,False
16,4,-133571.34152546545,0.8828179343254305,2.0979124260607094,,,True
17,0,-133572.22434339978,0.0,2.1151369880125186,,,True
17,1,-133574.4249277149,-2.200584315112792,3.791064611158722,3.2022766407012435,2.8556954377571118,False
17,2,-133574.6335865507,-2.409243150934344,5.179421389030033,2.838007707349857,2.084105243111391,False
17,3,-133577.25556601115,-5.031222611374687,0.6510697999745909,0.6285845553392797,0.584392604316151,False
17,4,-133571.34152546545,0.8828179343254305,2.0979124260607094,,,True
18,0,-133572.22434339978,0.0,2.1151369880125186,,,True
18,1,-133574.89448466347,-2.6701412636903115,3.3969095020141538,3.377418583686433,2.7203954474632015,False
18,2,-133575.06703895444,-2.8426955546601675,4.500282705863792,3.1718697312254918,2.301475776136148,False
18,3,-133577.3721979488,-5.147854549024487,0.6153849637357558,0.6597432292161839,0.6152175659478669,False
18,4,-133571.34152546545,0.8828179343254305,2.0979124260607094,,,True
19,0,-133572.22434339978,0.0,2.1151369880125186,,,True
19,1,-133575.31083789933,-3.086494499555556,3.326192813218311,3.346727272196689,2.6534881743892478,False
19,2,-133575.45544299256,-3.231099592783721,3.858608855290193,3.031485735236008,2.183923915283605,False
19,3,-133577.4929400381,-5.268596638314193,0.6493061623017794,0.6948065088390923,0.6496465600433696,False
19,4,-133571.34152546545,0.8828179343254305,2.0979124260607094,,,True
20,0,-133572.22434339978,0.0,2.1151369880125186,,,True
20,1,-133575.71043431188,-3.4860909121052828,2.9382959002217106,2.9947855543873314,2.300131805821211,False
20,2,-133575.81834677447,-3.5940033746883273,3.1223256727678295,2.4465004248873243,1.7331509603484416,False
20,3,-133577.61726052768,-5.392917127901455,0.6898948531093736,0.7343863770235071,0.6883234664659651,False
20,4,-133571.34152546545,0.8828179343254305,2.0979124260607094,,,True
21,0,-133572.22434339978,0.0,2.1151369880125186,,,True
21,1,-133576.10464865065,-3.880305250873789,2.3551641099076903,2.4358093220825063,1.7573126305496556,False
21,2,-133576.14165155333,-3.9173081535554957,2.2875126212092165,1.5823375809266123,1.08923168343214,False
21,3,-133577.74550667676,-5.521163276978768,0.738432750943602,0.7791269263478681,0.7319348681423824,False
21,4,-133571.34152546545,0.8828179343254305,2.0979124260607094,,,True
22,0,-133572.22434339978,0.0,2.1151369880125186,,,True
22,1,-133576.48430674095,-4.259963341173716,1.797198863654682,1.8455074022606885,1.2787643050880018,False
22,2,-133576.4039205447,-4.179577144910581,1.5276322691273445,0.9392909473971951,0.8128235912424053,False
22,3,-133577.8798486988,-5.6555052990152035,0.7967860284531462,0.8304222743669635,0.7818771816983512,False
22,4,-133571.34152546545,0.8828179343254305,2.0979124260607094,,,True
23,0,-133572.22434339978,0.0,2.1151369880125186,,,True
23,1,-133576.84515890983,-4.620815510046668,1.471882901529135,1.3633960896114703,1.2220042028379625,False
23,2,-133576.6079966475,-4.383653247728944,1.0082032541271913,0.8188462737282151,0.7586030280705475,False
23,3,-133578.02371309215,-5.799369692365872,0.8673331011978024,0.890456637794308,0.8402680808232109,False
23,4,-133571.34152546545,0.8828179343254305,2.0979124260607094,,,True
24,0,-133572.22434339978,0.0,2.1151369880125186,,,True
24,1,-133577.19271603276,-4.968372632982209,1.329434106247134,1.1847080841276219,1.1488847472316335,False
24,2,-133576.77995381254,-4.5556104127608705,0.8801133518220469,0.8854414632596517,0.8224127390763565,False
24,3,-133578.18030416625,-5.955960766470525,0.9518476825892519,0.9607650809919391,0.908499007023807,False
24,4,-133571.34152546545,0.8828179343254305,2.0979124260607094,,,True
25,0,-133572.22434339978,0.0,2.1151369880125186,,,True
25,1,-133577.5323531951,-5.308009795320686,1.2295042482394585,1.1572092922424653,1.0505409202444835,False
25,2,-133576.94721206895,-4.722868669166928,0.9627194630112799,0.9660576079622625,0.8998017827517225,False
25,3,-133578.3520765593,-6.127733159519266,1.0494403296304073,1.039945298680828,0.9849229652111644,False
25,4,-133571.34152546545,0.8828179343254305,2.0979124260607094,,,True
26,0,-133572.22434339978,0.0,2.1151369880125186,,,True
26,1,-133577.8630252113,-5.638681811513379,1.1949025077262672,1.201094435860011,1.1264286765021263,False
26,2,-133577.12733553394,-4.9029921341571026,1.0574403773929038,1.059196994263597,0.9889246410563948,False
26,3,-133578.54115277153,-6.316809371754061,1.153432024029907,1.1206691779723337,1.0619195890962752,False
26,4,-133571.34152546545,0.8828179343254305,2.0979124260607094,,,True
27,0,-133572.22434339978,0.0,2.1151369880125186,,,True
27,1,-133578.18433721244,-5.959993812663015,1.2888341094819455,1.2624224439426406,1.1810770688636547,False
27,2,-133577.3285104699,-5.104167070123367,1.156621953687473,1.157108964975824,1.0816470459792713,False
27,3,-133578.74918805918,-6.524844659405062,1.246737492425269,1.1853896089075027,1.1218928672040616,False
27,4,-133571.34152546545,0.8828179343254305,2.0979124260607094,,,True
28,0,-133572.22434339978,0.0,2.1151369880125186,,,True
28,1,-133578.49928482846,-6.274941428680904,1.3219852861378303,1.262890908935635,1.1750322569783926,False
28,2,-133577.55229916816,-5.327955768385436,1.2415255574221613,1.2409795266552333,1.1590855960431876,False
28,3,-133578.97574063335,-6.7513972335727885,1.2980585400196936,1.2032382558842938,1.1345345847525672,False
28,4,-133571.34152546545,0.8828179343254305,2.0979124260607094,,,True
29,0,-133572.22434339978,0.0,2.1151369880125186,,,True
29,1,-133578.80603855778,-6.581695158005459,1.2493579672283106,1.1588539673240943,1.066418321071216,False
29,2,-133577.79567196287,-5.571328563091811,1.2793468689457614,1.2779408611135092,1.188993401184015,False
29,3,-133579.2158880063,-6.991544606513344,1.267780494841807,1.136774373371741,1.0631985827133044,False
29,4,-133571.34152546545,0.8828179343254305,2.0979124260607094,,,True
30,0,-133572.22434339978,0.0,2.1151369880125186,,,True
30,1,-133579.09554630856,-6.871202908776468,1.0662851504021185,0.9883534975296864,0.863357268419299,False
30,2,-133578.05158404238,-5.827240642596735,1.2309302342567456,1.2288026634025735,1.1331098571255025,False
30,3,-133579.45942536023,-7.235081960447133,1.135766109837575,0.9698263216718513,0.8913313238611611,False
30,4,-133571.34152546545,0.8828179343254305,2.0979124260607094,,,True
31,0,-133572.22434339978,0.0,2.1151369880125186,,,True
31,1,-133579.3603671387,-7.136023738916265,0.8343121989086812,0.9821024275129482,0.8411322350449578,False
31,2,-133578.30923302093,-6.084889621153707,1.079958596081625,1.0772823266476386,0.9755725540851856,False
31,3,-133579.69458804993,-7.470244650146924,0.9372035701343595,0.7415303928064433,0.7210405661273966,False
31,4,-133571.34152546545,0.8828179343254305,2.0979124260607094,,,True
32,0,-133572.22434339978,0.0,2.1151369880125186,,,True
32,1,-133579.5995524925,-7.375209092715522,0.7826439725057288,0.951462255267253,0.7997042485412974,False
32,2,-133578.55650837818,-6.332164978404762,0.8660543865599659,0.8630877964941026,0.757952464116663,False
32,3,-133579.91403645687,-7.689693057094701,0.7682927618048909,0.692954654789916,0.6852423946910372,False
32,4,-133571.34152546545,0.8828179343254305,2.0979124260607094,,,True
33,0,-133572.22434339978,0.0,2.1151369880125186,,,True
33,1,-133579.81644476633,-7.592101366550196,0.7512896414408474,0.9047221483172747,0.7453298453068152,False
33,2,-133578.7864538892,-6.562110489408951,0.7781454406713691,0.7787700698997579,0.778638703237828,False
33,3,-133580.11607351364,-7.891730113857193,0.746527587092165,0.6543175774978306,0.6542051846859517,False
33,4,-133571.34152546545,0.8828179343254305,2.0979124260607094,,,True
34,0,-133572.22434339978,0.0,2.1151369880125186,,,True
34,1,-133580.0158899581,-7.791546558320988,0.8429044233726295,0.8415264709869238,0.6768477479035634,False
34,2,-133578.99745677612,-6.773113376344554,0.7331343449328063,0.7336875892251783,0.7331038742115782,False
34,3,-133580.30070620368,-8.076362803898519,0.654581490746118,0.5661141405747034,0.5535032962606529,False
34,4,-133571.34152546545,0.8828179343254305,2.0979124260607094,,,True
35,0,-133572.22434339978,0.0,2.1151369880125186,,,True
35,1,-133580.20376071407,-7.979417314287275,0.9518771391528427,0.8351021441625744,0.6648694940712566,False
35,2,-133579.19066488935,-6.966321489569964,0.5991889708415016,0.5989727646096858,0.5967588340852599,False
35,3,-133580.46773190764,-8.243388507864438,0.5974738915367004,0.5014021796773941,0.45821081736776,False
35,4,-133571.34152546545,0.8828179343254305,2.0979124260607094,,,True
36,0,-133572.22434339978,0.0,2.1151369880125186,,,True
36,1,-133580.38532821872,-8.160984818940051,1.0048155282766418,0.9006319898589211,0.6081763291953304,False
36,2,-133579.36894463116,-7.144601231382694,0.5605427141562094,0.5611094372673555,0.5599868367610505,False
36,3,-133580.6170756004,-8.39273220062023,0.5664167277953063,0.46630750546306604,0.4300133361975811,False
36,4,-133571.34152546545,0.8828179343254305,2.0979124260607094,,,True
37,0,-133572.22434339978,0.0,2.1151369880125186,,,True
37,1,-133580.56415422485,-8.339810825069435,0.9836633175785322,0.893589850437362,0.6087806283973193,False
37,2,-133579.5350866797,-7.3107432799297385,0.601048351034393,0.6004965138943507,0.5953038934467866,False
37,3,-133580.74972627798,-8.525382878200617,0.5032565701574149,0.3998575789662391,0.3740739839269001,False
37,4,-133571.34152546545,0.8828179343254305,2.0979124260607094,,,True
38,0,-133572.22434339978,0.0,2.1151369880125186,,,True
38,1,-133580.74133817662,-8.516994776844513,0.891385545397876,0.8196866782262143,0.5695097223727514,False
38,2,-133579.69132416928,-7.4669807695026975,0.5730888697496694,0.5721347698525935,0.5535256745443429,False
38,3,-133580.86811470738,-8.643771307601128,0.4770337703038549,0.360148264900499,0.29804726667517234,False
38,4,-133571.34152546545,0.8828179343254305,2.0979124260607094,,,True
39,0,-133572.22434339978,0.0,2.1151369880125186,,,True
39,1,-133580.91450093538,-8.690157535602339,0.7570641235423972,0.7178608226039446,0.6082386648386311,False
39,2,-133579.8402142119,-7.615870812122012,0.4858479156754437,0.48383759406583127,0.448561487092476,False
39,3,-133580.97548291594,-8.7511395161564,0.5117935473367358,0.39862410941678933,0.2938460169851674,False
39,4,-133571.34152546545,0.8828179343254305,2.0979124260607094,,,True
40,0,-133572.22434339978,0.0,2.1151369880125186,,,True
40,1,-133581.07908537044,-8.854741970659234,0.6313282268655316,0.6460192127304405,0.6098177828459583,False
40,2,-133579.98356558627,-7.7592221864906605,0.5762332274787546,0.5759468965735332,0.4110265254731024,False
40,3,-133581.07511101523,-8.85076761545497,0.5443238130106098,0.4390629125246865,0.340680283071262,False
40,4,-133571.34152546545,0.8828179343254305,2.0979124260607094,,,True
41,0,-133572.22434339978,0.0,2.1151369880125186,,,True
41,1,-133581.2317983334,-9.007454933627741,0.5596439708941456,0.6322659003008521,0.5533486943313657,False
41,2,-133580.12230700365,-7.897963603871176,0.6567862372078481,0.6562593345010039,0.42140283108379833,False
41,3,-133581.16997574279,-8.945632343005855,0.5674248212788321,0.46637716253225714,0.356052066734142,False
41,4,-133571.34152546545,0.8828179343254305,2.0979124260607094,,,True
42,0,-133572.22434339978,0.0,2.1151369880125186,,,True
42,1,-133581.37250252362,-9.148159123840742,0.5479597238943984,0.6511769509930089,0.4407377372753239,False
42,2,-133580.25743477925,-8.033091379475081,0.7137168020492166,0.7128962778095032,0.5283812078355825,False
42,3,-133581.26256512792,-9.03822172814398,0.5769752008545123,0.47729229172964116,0.34497038228454346,False
42,4,-133571.34152546545,0.8828179343254305,2.0979124260607094,,,True
43,0,-133572.22434339978,0.0,2.1151369880125186,,,True
43,1,-133581.50345927355,-9.279115873767296,0.5830984336128042,0.6801483658003395,0.4997488739681284,False
43,2,-133580.3892187552,-8.164875355432741,0.7492458706958629,0.7481951756715736,0.6397476480836388,False
43,3,-133581.35467740346,-9.130334003682947,0.5726941470169692,0.4663549431733003,0.31534646086170076,False
43,4,-133571.34152546545,0.8828179343254305,2.0979124260607094,,,True
44,0,-133572.22434339978,0.0,2.1151369880125186,,,True
44,1,-133581.62825974697,-9.403916347189806,0.6636944893863574,0.7297674893614793,0.5630087968138092,False
44,2,-133580.51611593968,-8.291772539902013,0.7918619003527284,0.7907962729005642,0.7380312988222971,False
44,3,-133581.44719569807,-9.2228522982914,0.5570097383905771,0.428816234474979,0.3172663902070589,False
44,4,-133571.34152546545,0.8828179343254305,2.0979124260607094,,,True
45,0,-133572.22434339978,0.0,2.1151369880125186,,,True
45,1,-133581.75148670393,-9.527143304148922,0.7731270824517453,0.8059949734023752,0.6372054498609911,False
45,2,-133580.63661035473,-8.412266954954248,0.8693924477711716,0.868539794848791,0.8084332545092454,False
45,3,-133581.53999021195,-9.315646812174236,0.5334296138318657,0.3946445442953762,0.3245300414912645,False
45,4,-133571.34152546545,0.8828179343254305,2.0979124260607094,,,True
46,0,-133572.22434339978,0.0,2.1151369880125186,,,True
46,1,-133581.87794668166,-9.653603281883989,0.8692618592623785,0.8808324457468757,0.6288982816530523,False
46,2,-133580.75178646724,-8.527443067461718,0.9546219127576229,0.9539985901987098,0.8225154957484818,False
46,3,-133581.63225454817,-9.407911148387939,0.5052933813338667,0.4751845025428429,0.39005667610889416,False
46,4,-133571.34152546545,0.8828179343254305,2.0979124260607094,,,True
47,0,-133572.22434339978,0.0,2.1151369880125186,,,True
47,1,-133582.01079741877,-9.786454018991208,0.9094892399229594,0.9120885014151583,0.6248053441254409,False
47,2,-133580.86539407077,-8.641050670994446,0.9818375630013491,0.9812998365387762,0.7462438409989544,False
47,3,-133581.72334278453,-9.498999384755734,0.4752205133460292,0.5224709681693428,0.4260311916862853,False
47,4,-133571.34152546545,0.8828179343254305,2.0979124260607094,,,True
48,0,-133572.22434339978,0.0,2.1151369880125186,,,True
48,1,-133582.15018642688,-9.9258430271002,0.870439249399496,0.8714464336231484,0.6688165283653029,False
48,2,-133580.98053325215,-8.75618985237088,0.9134247929347945,0.9128934277568903,0.7190438246327947,False
48,3,-133581.81363009498,-9.589286695205374,0.47385106286775147,0.5301849530268237,0.4242447778794826,False
48,4,-133571.34152546545,0.8828179343254305,2.0979124260607094,,,True
49,0,-133572.22434339978,0.0,2.1151369880125186,,,True
49,1,-133582.29331576536,-10.06897236558143,0.7497470978259501,0.7509513244324134,0.6433998719683115,False
49,2,-133581.09776587802,-8.873422478238354,0.8107069941308654,0.8143793433803439,0.7133211436068941,False
49,3,-133581.90472570196,-9.68038230217644,0.48336972152363633,0.5080693810919917,0.47774042733453775,False
49,4,-133571.34152546545,0.8828179343254305,2.0979124260607094,,,True
50,0,-133572.22434339978,0.0,2.1151369880125186,,,True
50,1,-133582.4356961924,-10.211352792626712,0.7256020556525405,0.7507832272553624,0.6767540108867065,False
50,2,-133581.21724979434,-8.992906394560123,0.7693847880050505,0.7696266421046682,0.7087300657095325,False
50,3,-133581.99875867018,-9.774415270396275,0.495611463872281,0.5924234739253664,0.5800790571822138,False
50,4,-133571.34152546545,0.8828179343254305,2.0979124260607094,,,True
51,0,-133572.22434339978,0.0,2.1151369880125186,,,True
51,1,-133582.5730287426,-10.348685342818499,0.6821234746198613,0.7269472399834204,0.6461904885269932,False
51,2,-133581.3413990365,-9.117055636714213,0.8208621540198534,0.8208153724227307,0.7629181670988777,False
51,3,-133582.0972158592,-9.872872459411155,0.5278147538381995,0.6336526157793866,0.6304916779217442,False
51,4,-133571.34152546545,0.8828179343254305,2.0979124260607094,,,True
52,0,-133572.22434339978,0.0,2.1151369880125186,,,True
52,1,-133582.7030780178,-10.478734618023736,0.5861113542601517,0.6281555129030896,0.565445132875133,False
52,2,-133581.47399126095,-9.24964786117198,0.8121127587410236,0.811525878460437,0.7679080407838343,False
52,3,-133582.2001015703,-9.975758170534391,0.5203797946497674,0.6280471150456555,0.6267436830666904,False
52,4,-133571.34152546545,0.8828179343254305,2.0979124260607094,,,True
53,0,-133572.22434339978,0.0,2.1151369880125186,,,True
53,1,-133582.8261203273,-10.601776927534956,0.5553915818886777,0.5229464966757899,0.5146177221380794,False
53,2,-133581.61662741232,-9.392284012545133,0.7433074322294827,0.7419033817333949,0.7193404729794742,False
53,3,-133582.3058781955,-10.08153479572502,0.5207974069772839,0.5836475858858365,0.5750382304276717,False
53,4,-133571.34152546545,0.8828179343254305,2.0979124260607094,,,True
54,0,-133572.22434339978,0.0,2.1151369880125186,,,True
54,1,-133582.94369743575,-10.719354035973083,0.503896387480656,0.4714449868956274,0.45346237659863514,False
54,2,-133581.76628629808,-9.541942898300476,0.6309425381966945,0.6283958866797712,0.623722734059936,False
54,3,-133582.4121389742,-10.187795574427582,0.5215613427512159,0.514547023683159,0.48702635437556735,False
54,4,-133571.34152546545,0.8828179343254305,2.0979124260607094,,,True
55,0,-133572.22434339978,0.0,2.1151369880125186,,,True
55,1,-133583.05684377483,-10.832500375050586,0.557545640850439,0.5184925504536131,0.41020083614701314,False
55,2,-133581.91624837805,-9.69190497827367,0.5401099655919256,0.5450784010953288,0.5135792246151922,False
55,3,-133582.51653351748,-10.292190117703285,0.5165404943771965,0.43632923213615793,0.37648871692004593,False
55,4,-133571.34152546545,0.8828179343254305,2.0979124260607094,,,True
56,0,-133572.22434339978,0.0,2.1151369880125186,,,True
56,1,-133583.16542379695,-10.941080397169571,0.5668168174133267,0.5118545759420386,0.3786742279828183,False
56,2,-133582.0587446193,-9.834401219530264,0.44949021206153106,0.45071748235585984,0.4390808241182397,False
56,3,-133582.61754479687,-10.393201397091616,0.5047861960075369,0.36367708001376237,0.31414691110423915,False
56,4,-133571.34152546545,0.8828179343254305,2.0979124260607094,,,True
57,0,-133572.22434339978,0.0,2.1151369880125186,,,True
57,1,-133583.26856055725,-11.044217157468665,0.5050871941922226,0.4469593097518898,0.4318597257800848,False
57,2,-133582.18736438107,-9.963020981289446,0.4160652685430996,0.41019637426077127,0.38689737192921,False
57,3,-133582.71487792465,-10.490534524869872,0.48565267387140076,0.3294697569597155,0.32537716908707404,False
57,4,-133571.34152546545,0.8828179343254305,2.0979124260607094,,,True
58,0,-133572.22434339978,0.0,2.1151369880125186,,,True
58,1,-133583.36534814473,-11.141004744946258,0.5465723929317957,0.6058077539148532,0.5889238354405888,False
58,2,-133582.2985620547,-10.074218654917786,0.38065191184662006,0.37441994419319863,0.37258415712941867,False
58,3,-133582.809414987,-10.585071587207494,0.4599311127717142,0.33954142031625884,0.3366851381565789,False
58,4,-133571.34152546545,0.8828179343254305,2.0979124260607094,,,True
59,0,-133572.22434339978,0.0,2.1151369880125186,,,True
59,1,-133583.4553508225,-11.231007422727998,0.6654416667433817,0.7181028076061241,0.6870752404789044,False
59,2,-133582.39234225772,-10.167998857941711,0.43903754497094116,0.43689797146535486,0.3937845474904554,False
59,3,-133582.90289356187,-10.678550162090687,0.4794013649083738,0.3499866199780653,0.3467071586669759,False
59,4,-133571.34152546545,0.8828179343254305,2.0979124260607094,,,True
60,0,-133572.22434339978,0.0,2.1151369880125186,,,True
60,1,-133583.5388663496,-11.31452294983319,0.7090830661790337,0.7542303675365488,0.707266159950106,False
60,2,-133582.47170684565,-10.247363445872907,0.5074003088101791,0.5067482335396502,0.4137393024621275,False
60,3,-133582.9974972859,-10.773153886111686,0.4955998968097143,0.3583112107433369,0.3531499584321161,False
60,4,-133571.34152546545,0.8828179343254305,2.0979124260607094,,,True
61,0,-133572.22434339978,0.0,2.1151369880125186,,,True
61,1,-133583.61729711792,-11.392953718139324,0.6682069849533999,0.7057000918669232,0.64327265436859,False
61,2,-133582.54102976093,-10.316686361155007,0.5703324542539693,0.5705649042144876,0.41308863175582317,False
61,3,-133583.0954396242,-10.871096224407665,0.506025940144883,0.36149795087244957,0.35323391603509785,False
61,4,-133571.34152546545,0.8828179343254305,2.0979124260607094,,,True
62,0,-133572.22434339978,0.0,2.1151369880125186,,,True
62,1,-133583.69345131237,-11.469107912591426,0.5497269141476482,0.5797508416735145,0.5022687502012206,False
62,2,-133582.60445860645,-10.380115206673509,0.6218769472612836,0.6224529241524863,0.39894461503018613,False
62,3,-133583.19851159005,-10.974168190266937,0.5081111166904752,0.35659594931499844,0.344145747469092,False
62,4,-133571.34152546545,0.8828179343254305,2.0979124260607094,,,True
63,0,-133572.22434339978,0.0,2.1151369880125186,,,True
63,1,-133583.7709964747,-11.546653074910864,0.4857686603593844,0.4910895924318817,0.35039469416627994,False
63,2,-133582.6658297999,-10.441486400115537,0.6575909712869414,0.6581095289452967,0.4279876137806559,False
63,3,-133583.30755219236,-11.08320879258099,0.4989954456824562,0.3407101843116985,0.32298744283954023,False
63,4,-133571.34152546545,0.8828179343254305,2.0979124260607094,,,True
64,0,-133572.22434339978,0.0,2.1151369880125186,,,True
64,1,-133583.85324884238,-11.628905442601535,0.49551890582652475,0.5059675801629107,0.3789374925205725,False
64,2,-133582.72911488437,-10.504771484585945,0.6743093574618306,0.6745690652597149,0.4680674976061881,False
64,3,-133583.42191127437,-11.197567874594824,0.474825747728901,0.34012011344328763,0.2875813985705786,False
64,4,-133571.34152546545,0.8828179343254305,2.0979124260607094,,,True
65,0,-133572.22434339978,0.0,2.1151369880125186,,,True
65,1,-133583.9424660934,-11.718122693622718,0.49132752602162516,0.5053041718331336,0.39357838696796393,False
65,2,-133582.79832371735,-10.573980317567475,0.6714170034381751,0.6714135754451198,0.4834869624566999,False
65,3,-133583.53927729983,-11.314933900051983,0.46721892599684683,0.34245363629679904,0.290415926447859,False
65,4,-133571.34152546545,0.8828179343254305,2.0979124260607094,,,True
66,0,-133572.22434339978,0.0,2.1151369880125186,,,True
66,1,-133584.04003892688,-11.815695527096977,0.5297480094881994,0.5504303987078224,0.4710800110556635,False
66,2,-133582.87618733163,-10.651843931846088,0.6500377745516983,0.6498578786362911,0.47929863295903075,False
66,3,-133583.65613121763,-11.431787817855366,0.46111429182686814,0.3390742400207743,0.27541730284738347,False
66,4,-133571.34152546545,0.8828179343254305,2.0979124260607094,,,True
67,0,-133572.22434339978,0.0,2.1151369880125186,,,True
67,1,-133584.145774092,-11.921430692222202,0.562215942618099,0.5834663168463178,0.5064151858076855,False
67,2,-133582.96303571874,-10.738692318962421,0.61012800170646,0.6098246187898448,0.46083435899153263,False
67,3,-133583.7685765208,-11.544233121006982,0.4473885499995075,0.3280933368582087,0.241054530400241,False
67,4,-133571.34152546545,0.8828179343254305,2.0979124260607094,,,True
68,0,-133572.22434339978,0.0,2.1151369880125186,,,True
68,1,-133584.25641655488,-12.032073155103717,0.5547409358801657,0.55605486720469,0.5045525147771073,False
68,2,-133583.0575108417,-10.833167441916885,0.5466642878031346,0.5462723856684448,0.4330909531271975,False
68,3,-133583.87347639116,-11.64913299138425,0.4252774810452573,0.3125204930231514,0.249374310332462,False
68,4,-133571.34152546545,0.8828179343254305,2.0979124260607094,,,True
69,0,-133572.22434339978,0.0,2.1151369880125186,,,True
69,1,-133584.36510682854,-12.140763428760692,0.5026300385526886,0.48188255504032107,0.4596374205435451,False
69,2,-133583.15711812742,-10.932774727640208,0.4517955741086586,0.45140982315582606,0.39580941505551065,False
69,3,-133583.9694670905,-11.745123690721812,0.3927850535958497,0.3116105339876894,0.27878768158926204,False
69,4,-133571.34152546545,0.8828179343254305,2.0979124260607094,,,True
70,0,-133572.22434339978,0.0,2.1151369880125186,,,True
70,1,-133584.46282018017,-12.238476780388737,0.4165948593075917,0.4533842675615621,0.3925013119807992,False
70,2,-133583.25729818046,-11.032954780675936,0.4557113602159085,0.45840565242710324,0.3848632322205648,False
70,3,-133584.05709722062,-11.83275382083957,0.4127788086161099,0.34772171433140175,0.30857089518412384,False
70,4,-133571.34152546545,0.8828179343254305,2.0979124260607094,,,True
71,0,-133572.22434339978,0.0,2.1151369880125186,,,True
71,1,-133584.5415891387,-12.317245738930069,0.3591734234131157,0.38974739412085785,0.3634511762560979,False
71,2,-133583.35119957948,-11.126856179704191,0.4803473336566974,0.4832200803188718,0.3862435644727186,False
71,3,-133584.13785611765,-11.913512717874255,0.43486767226956746,0.34961440063678306,0.3161787682654774,False
71,4,-133571.34152546545,0.8828179343254305,2.0979124260607094,,,True
72,0,-133572.22434339978,0.0,2.1151369880125186,,,True
72,1,-133584.59811684705,-12.373773447267013,0.4209845961585272,0.3989445432910076,0.3247187035520418,False
72,2,-133583.43238093273,-11.208037532953313,0.5088563210297804,0.5110700686459553,0.3957334700379764,False
72,3,-133584.2130092483,-11.988665848533856,0.4552061201031567,0.31695519613771495,0.2923496845914441,False
72,4,-133571.34152546545,0.8828179343254305,2.0979124260607094,,,True
73,0,-133572.22434339978,0.0,2.1151369880125186,,,True
73,1,-133584.63561604454,-12.411272644763812,0.45551194268738326,0.44361552992048897,0.40431316999248273,False
73,2,-133583.49934183856,-11.274998438777402,0.6604015557580125,0.6571249129766307,0.6229194672066449,False
73,3,-133584.28311186103,-12.058768461254658,0.46878615753423186,0.2795335357283236,0.24745409567368407,False
73,4,-133571.34152546545,0.8828179343254305,2.0979124260607094,,,True
74,0,-133572.22434339978,0.0,2.1151369880125186,,,True
74,1,-133584.66256087305,-12.438217473274563,0.5105331126059851,0.517106340103678,0.48476268457570054,False
74,2,-133583.55737022677,-11.333026826992864,0.8167771871483097,0.8125614523633771,0.7748763172692437,False
74,3,-133584.3484603172,-12.12411691743182,0.47064341193433623,0.3415750967049715,0.33147777891507907,False
74,4,-133571.34152546545,0.8828179343254305,2.0979124260607094,,,True
75,0,-133572.22434339978,0.0,2.1151369880125186,,,True
75,1,-133584.68932025047,-12.464976850693347,0.5457040659334249,0.5461082254517997,0.504737708865555,False
75,2,-133583.61516509755,-11.39082169777248,0.8552472398920873,0.8504443734393684,0.8044142304732789,False
75,3,-133584.40993683,-12.185593430214794,0.5262591777428826,0.42653626497789865,0.4041607192083418,False
75,4,-133571.34152546545,0.8828179343254305,2.0979124260607094,,,True
76,0,-133572.22434339978,0.0,2.1151369880125186,,,True
76,1,-133584.72439516938,-12.500051769602578,0.6212638290027608,0.6194628033490791,0.5109843649888216,False
76,2,-133583.67891520078,-11.454571801004931,0.8797245336087827,0.8726799214517156,0.7055101806794041,False
76,3,-133584.4695994727,-12.245256072928896,0.588131129840272,0.4949346889728104,0.4556635802479684,False
76,4,-133571.34152546545,0.8828179343254305,2.0979124260607094,,,True
77,0,-133572.22434339978,0.0,2.1151369880125186,,,True
77,1,-133584.77178485924,-12.547441459464608,0.6683932469951478,0.6653340523447643,0.5565603180822023,False
77,2,-133583.74847381454,-11.524130414763931,0.9287644740415708,0.9195971607791591,0.7302142848336313,False
77,3,-133584.53034132844,-12.305997928662691,0.6250622991390649,0.5380756341820501,0.4795511169803586,False
77,4,-133571.34152546545,0.8828179343254305,2.0979124260607094,,,True
78,0,-133572.22434339978,0.0,2.1151369880125186,,,True
78,1,-133584.83054987525,-12.606206475466024,0.6676726663780369,0.6642724303669559,0.5705234232063188,False
78,2,-133583.81789214982,-11.59354875003919,0.8953121271488022,0.8837941346539756,0.7493416576526971,False
78,3,-133584.5947377691,-12.370394369325368,0.634267300851381,0.5529376404998867,0.47546528141221334,False
78,4,-133571.34152546545,0.8828179343254305,2.0979124260607094,,,True
79,0,-133572.22434339978,0.0,2.1151369880125186,,,True
79,1,-133584.89661066365,-12.672267263871618,0.6249926461355859,0.6225680715934613,0.5543706583449707,False
79,2,-133583.8785743931,-11.654230993328383,0.7936365659825222,0.7792029114403833,0.7056182327054458,False
79,3,-133584.66395066824,-12.439607268461259,0.6194397626197768,0.5431074646261889,0.44933234075383777,False
79,4,-133571.34152546545,0.8828179343254305,2.0979124260607094,,,True
80,0,-133572.22434339978,0.0,2.1151369880125186,,,True
80,1,-133584.9658079879,-12.741464588121744,0.5522782852797907,0.5530633264774314,0.51285992329794,False
80,2,-133583.92367462724,-11.69933122745715,0.6555187181133085,0.6372271641389603,0.6152515299413283,False
80,3,-133584.7373423181,-12.512998918333324,0.5881165674645311,0.5162586555871639,0.410154252858525,False
80,4,-133571.34152546545,0.8828179343254305,2.0979124260607094,,,True
81,0,-133572.22434339978,0.0,2.1151369880125186,,,True
81,1,-133585.03548162262,-12.811138222838053,0.4660197182078949,0.47308180809944783,0.4508370240808575,False
81,2,-133583.9519321372,-11.727588737412589,0.7912034293358503,0.7791406575248392,0.7090461534244141,False
81,3,-133584.81288745007,-12.588544050289784,0.5453017224958793,0.4780336773894929,0.36338132100989934,False
81,4,-133571.34152546545,0.8828179343254305,2.0979124260607094,,,True
82,0,-133572.22434339978,0.0,2.1151369880125186,,,True
82,1,-133585.10428387372,-12.879940473940223,0.39470307401240234,0.40368840381377963,0.38257404004164824,False
82,2,-133583.9691879204,-11.744844520610059,0.9288247082828684,0.9041053872354661,0.8286418647162779,False
82,3,-133584.88794891746,-12.663605517678661,0.4856304267654049,0.42473935214764086,0.32757915106415453,False
82,4,-133571.34152546545,0.8828179343254305,2.0979124260607094,,,True
83,0,-133572.22434339978,0.0,2.1151369880125186,,,True
83,1,-133585.17170761144,-12.947364211664535,0.49009498590275485,0.4943668041769277,0.465757641553282,False
83,2,-133583.98550530727,-11.761161907488713,0.9704896047141294,0.9430811222441937,0.863116323805717,False
83,3,-133584.95966659236,-12.735323192580836,0.3938133160693979,0.3986430606165886,0.3164087800924521,False
83,4,-133571.34152546545,0.8828179343254305,2.0979124260607094,,,True
84,0,-133572.22434339978,0.0,2.1151369880125186,,,True
84,1,-133585.23827940482,-13.013936005037976,0.573520609532487,0.5762162322675323,0.5306969405609837,False
84,2,-133584.00973773695,-11.785394337173784,0.9052373667386372,0.8768682442959825,0.8025239449559411,False
84,3,-133585.02511682818,-12.800773428403772,0.3367913603546614,0.3702397457191936,0.2778911378169197,False
84,4,-133571.34152546545,0.8828179343254305,2.0979124260607094,,,True
85,0,-133572.22434339978,0.0,2.1151369880125186,,,True
85,1,-133585.30539719242,-13.081053792644525,0.6246747018526496,0.6258471494371369,0.5610148270770582,False
85,2,-133584.0460669573,-11.821723557513906,0.7634200184909926,0.7364869099572828,0.6720215893573949,False
85,3,-133585.0822118736,-12.857868473831331,0.35931380988882405,0.3364803878685697,0.3140553887841781,False
85,4,-133571.34152546545,0.8828179343254305,2.0979124260607094,,,True
86,0,-133572.22434339978,0.0,2.1151369880125186,,,True
86,1,-133585.37389568196,-13.149552282178774,0.6311434770381338,0.6309219249876081,0.5500615976360592,False
86,2,-133584.09479930688,-11.87045590710477,0.5960608902370665,0.5766085991529528,0.5135623692307671,False
86,3,-133585.1310961737,-12.90675277390983,0.37905907101870684,0.3679624905260254,0.33979751607128533,False
86,4,-133571.34152546545,0.8828179343254305,2.0979124260607094,,,True
87,0,-133572.22434339978,0.0,2.1151369880125186,,,True
87,1,-133585.4427492723,-13.218405872525182,0.5818480187746251,0.5804273797000747,0.49018012360893226,False
87,2,-133584.1548976,-11.930554200225743,0.5709537119808795,0.569066341085267,0.46526219556179177,False
87,3,-133585.17387062014,-12.949527220363962,0.4056729820352807,0.39844438343898453,0.38870658593964563,False
87,4,-133571.34152546545,0.8828179343254305,2.0979124260607094,,,True
88,0,-133572.22434339978,0.0,2.1151369880125186,,,True
88,1,-133585.50861446778,-13.284271067997906,0.47051804268005387,0.4682467260915229,0.3754477489124697,False
88,2,-133584.2247459076,-12.000402507808758,0.523104179617522,0.5238938506567309,0.4272624705550426,False
88,3,-133585.2133205529,-12.988977153116139,0.5501626361616779,0.5164375181208195,0.5134133710932952,False
88,4,-133571.34152546545,0.8828179343254305,2.0979124260607094,,,True
89,0,-133572.22434339978,0.0,2.1151369880125186,,,True
89,1,-133585.56658099912,-13.342237599339569,0.3845812090438588,0.3777122797417834,0.3128891939574025,False
89,2,-133584.3013355763,-12.076992176531348,0.49643242251315967,0.4975281396264329,0.46790907872106047,False
89,3,-133585.25271292686,-13.028369527077302,0.694956082108903,0.632929938925584,0.6293833293137617,False
89,4,-133571.34152546545,0.8828179343254305,2.0979124260607094,,,True
90,0,-133572.22434339978,0.0,2.1151369880125186,,,True
90,1,-133585.61201180556,-13.387668405775912,0.43547082411580146,0.43540505681931074,0.3616006849804506,False
90,2,-133584.38006280272,-12.15571940294467,0.5392967265937988,0.5395073584196883,0.5015714936444363,False
90,3,-133585.295837883,-13.071494483214337,0.7902424078647695,0.7056929465755367,0.7012150545382837,False
90,4,-133571.34152546545,0.8828179343254305,2.0979124260607094,,,True
91,0,-133572.22434339978,0.0,2.1151369880125186,,,True
91,1,-133585.6433630918,-13.419019692024449,0.534242913259622,0.5317757342570825,0.467493134361381,False
91,2,-133584.45584390103,-12.231500501249684,0.5981516043051405,0.5988696333440938,0.5212634506009448,False
91,3,-133585.3455204383,-13.121177038527094,0.8136987543309007,0.7164866922119888,0.7063886834158564,False
91,4,-133571.34152546545,0.8828179343254305,2.0979124260607094,,,True
92,0,-133572.22434339978,0.0,2.1151369880125186,,,True
92,1,-133585.66417984324,-13.43983644346008,0.6036540433806041,0.6039005780227801,0.5410555754825285,False
92,2,-133584.5247624229,-12.300419023114955,0.6455775575595957,0.6450248906620909,0.5185468361573797,False
92,3,-133585.40126164205,-13.176918242272222,0.7639611426182175,0.6640585144347011,0.6385286218435988,False
92,4,-133571.34152546545,0.8828179343254305,2.0979124260607094,,,True
93,0,-133572.22434339978,0.0,2.1151369880125186,,,True
93,1,-133585.6821863374,-13.45784293761244,0.6751378349303927,0.6772241329207055,0.5855013820983104,False
93,2,-133584.58527280693,-12.360929407150252,0.6534702226623743,0.6532859931763234,0.51220528136198,False
93,3,-133585.45874831598,-13.234404916205676,0.6646116160023664,0.5701519690270507,0.5090513561077115,False
93,4,-133571.34152546545,0.8828179343254305,2.0979124260607094,,,True
94,0,-133572.22434339978,0.0,2.1151369880125186,,,True
94,1,-133585.70506493622,-13.480721536441706,0.6858185432635827,0.6855473587354078,0.5872090140298081,False
94,2,-133584.6385484674,-12.414205067616422,0.6197116306675803,0.6212390175146048,0.48936116606736596,False
94,3,-133585.51243435606,-13.28809095628094,0.5570238984104032,0.476147168898324,0.34077941266427586,False
94,4,-133571.34152546545,0.8828179343254305,2.0979124260607094,,,True
95,0,-133572.22434339978,0.0,2.1151369880125186,,,True
95,1,-133585.7362976848,-13.511954285029788,0.61530723994544,0.6152710867099547,0.5289775957204645,False
95,2,-133584.6878210592,-12.46347765941755,0.5441367220266289,0.5484488911650488,0.46941037332687546,False
95,3,-133585.55888484677,-13.33454144699499,0.48643658257000666,0.4287550655739103,0.394316515256669,False
95,4,-133571.34152546545,0.8828179343254305,2.0979124260607094,,,True
96,0,-133572.22434339978,0.0,2.1151369880125186,,,True
96,1,-133585.77404445782,-13.549701058043865,0.46002097397622993,0.460747906133409,0.40332268616135863,False
96,2,-133584.73697157355,-12.512628173775738,0.5376624890329417,0.5332121572350026,0.5243890055497636,False
96,3,-133585.59842178444,-13.374078384658787,0.47655451422618555,0.4448634586934633,0.4415874923870987,False
96,4,-133571.34152546545,0.8828179343254305,2.0979124260607094,,,True
97,0,-133572.22434339978,0.0,2.1151369880125186,,,True
97,1,-133585.8138015804,-13.589458180620568,0.470485676703341,0.46997533384256857,0.36445939122625304,False
97,2,-133584.7890264251,-12.564683025324484,0.5325515711366751,0.5281609910969013,0.5144697971735372,False
97,3,-133585.63466192794,-13.410318528156495,0.5461194655612026,0.563219736471228,0.5335546102480812,False
97,4,-133571.34152546545,0.8828179343254305,2.0979124260607094,,,True
98,0,-133572.22434339978,0.0,2.1151369880125186,,,True
98,1,-133585.85232886844,-13.627985468658153,0.47809768279253695,0.47932383797928224,0.3374184883293895,False
98,2,-133584.84502546096,-12.620682061184198,0.49766140143280196,0.49837049207491685,0.44317643228260156,False
98,3,-133585.67266202948,-13.448318629700225,0.661566570398059,0.6728541537491958,0.6467066940490201,False
98,4,-133571.34152546545,0.8828179343254305,2.0979124260607094,,,True
99,0,-133572.22434339978,0.0,2.1151369880125186,,,True
99,1,-133585.88956792548,-13.66522452569916,0.4709263137880051,0.47355084485000537,0.38087369861438425,False
99,2,-133584.90400801555,-12.679664615774527,0.49341215279954087,0.49381689930206246,0.409647666160728,False
99,3,-133585.7159100738,-13.491566674027126,0.6663145545945314,0.6741825866552975,0.6513093400660042,False
99,4,-133571.34152546545,0.8828179343254305,2.0979124260607094,,,True
100,0,-133572.22434339978,0.0,2.1151369880125186,,,True
100,1,-133585.92801870516,-13.703675305383513,0.44944710753695477,0.4528137260126041,0.4052064073921686,False
100,2,-133584.9633817239,-12.73903832412907,0.4553241046253196,0.4546080707241286,0.3938377499654154,False
100,3,-133585.76383841847,-13.539495018689195,0.5693099903137322,0.5763916474455059,0.5575299515922018,False
100,4,-133571.34152546545,0.8828179343254305,2.0979124260607094,,,True
101,0,-133572.22434339978,0.0,2.1151369880125186,,,True
101,1,-133585.97076350983,-13.746420110051986,0.4893835975176292,0.48594794460331947,0.4256083737644811,False
101,2,-133585.01991013467,-12.795566734886961,0.4743472327676028,0.4735178768933169,0.43398044630168126,False
101,3,-133585.81207940835,-13.587736008572392,0.4030570894693747,0.41205853933820336,0.39764621301351244,False
101,4,-133571.34152546545,0.8828179343254305,2.0979124260607094,,,True
102,0,-133572.22434339978,0.0,2.1151369880125186,,,True
102,1,-133586.0198286358,-13.79548523601261,0.48948642150415433,0.48658138771314696,0.44005070334853863,False
102,2,-133585.0713639448,-12.847020545013947,0.5049169819194675,0.5026584539444303,0.48277032558820376,False
102,3,-133585.8552144333,-13.63087103352882,0.36767037895943133,0.3684011341684156,0.3065649417872962,False
102,4,-133571.34152546545,0.8828179343254305,2.0979124260607094,,,True
103,0,-133572.22434339978,0.0,2.1151369880125186,,,True
103,1,-133586.07547484373,-13.851131443952909,0.5219732367302131,0.5142228895928462,0.40397543087123583,False
103,2,-133585.1174585196,-12.893115119833965,0.5143970419898742,0.5119968946364014,0.4785998515779222,False
103,3,-133585.88983445792,-13.665491058141924,0.36919547596732866,0.3700606936309834,0.2992247447334657,False
103,4,-133571.34152546545,0.8828179343254305,2.0979124260607094,,,True
104,0,-133572.22434339978,0.0,2.1151369880125186,,,True
104,1,-133586.13643725353,-13.912093853752594,0.5075828124318521,0.5030297806533692,0.40457058135358465,False
104,2,-133585.15969904355,-12.93535564377089,0.4919408029759616,0.48982350283002113,0.4303066054631851,False
104,3,-133585.9160922285,-13.69174882871448,0.3528118490136546,0.3585556258161242,0.27537069497633176,False
104,4,-133571.34152546545,0.8828179343254305,2.0979124260607094,,,True
105,0,-133572.22434339978,0.0,2.1151369880125186,,,True
105,1,-133586.2004429638,-13.97609956402448,0.4454622309265892,0.4442473378552775,0.38731014634699507,False
105,2,-133585.20092018496,-12.976576785178622,0.4525614855412243,0.45087273792557,0.41613650109926936,False
105,3,-133585.93713963046,-13.712796230684035,0.39782053909764997,0.40488776357004413,0.2883345602228144,False
105,4,-133571.34152546545,0.8828179343254305,2.0979124260607094,,,True
106,0,-133572.22434339978,0.0,2.1151369880125186,,,True
106,1,-133586.2643489632,-14.040005563409068,0.5044640638034975,0.4995069947943567,0.4450995557231044,False
106,2,-133585.24413612136,-13.019792721577687,0.4631558060033486,0.4618762885183591,0.43550868127528025,False
106,3,-133585.9570963635,-13.732752963725943,0.41548917140538094,0.4088637741162249,0.3376357027131996,False
106,4,-133571.34152546545,0.8828179343254305,2.0979124260607094,,,True
107,0,-133572.22434339978,0.0,2.1151369880125186,,,True
107,1,-133586.32433540668,-14.09999200690072,0.5019897054605481,0.4892358137927922,0.4498259353723079,False
107,2,-133585.29121146371,-13.066868063935544,0.4311127266649312,0.4298552051826128,0.40742679887254435,False
107,3,-133585.97896022742,-13.754616827645805,0.4197543197610095,0.38493482532532447,0.3834335644617685,False
107,4,-133571.34152546545,0.8828179343254305,2.0979124260607094,,,True
108,0,-133572.22434339978,0.0,2.1151369880125186,,,True
108,1,-133586.37689134007,-14.152547940291697,0.47675800401155594,0.47054420979732636,0.3945925335174899,False
108,2,-133585.34179953235,-13.117456132575171,0.41730642003595547,0.4174686179482926,0.3524719228493826,False
108,3,-133586.0035228777,-13.77917947791866,0.4245457888959624,0.3908870659363611,0.3896047264537372,False
108,4,-133571.34152546545,0.8828179343254305,2.0979124260607094,,,True
109,0,-133572.22434339978,0.0,2.1151369880125186,,,True
109,1,-133586.4202987933,-14.19595539351576,0.5764336638729652,0.5692913977316679,0.4234814371793815,False
109,2,-133585.39399648918,-13.169653089396888,0.4253904744085254,0.42518829036863837,0.4118496917380395,False
109,3,-133586.0296884874,-13.805345087632304,0.39092544353880443,0.36085269401614617,0.35957557886129776,False
109,4,-133571.34152546545,0.8828179343254305,2.0979124260607094,,,True
110,0,-133572.22434339978,0.0,2.1151369880125186,,,True
110,1,-133586.455829325,-14.23148592520738,0.6240877185828375,0.6171616800248545,0.4992437280060102,False
110,2,-133585.44689485768,-13.222551457904046,0.4553434851463934,0.45409860442521693,0.44430964963169317,False
110,3,-133586.05560487832,-13.83126147853909,0.32709379040532777,0.3109687977781529,0.29992218386217717,False
110,4,-133571.34152546545,0.8828179343254305,2.0979124260607094,,,True
111,0,-133572.22434339978,0.0,2.1151369880125186,,,True
111,1,-133586.4873440764,-14.263000676612137,0.6101711101552554,0.6043685902683104,0.518001448706002,False
111,2,-133585.5026690743,-13.278325674531516,0.46494743321670756,0.4667311533549773,0.4450279282660662,False
111,3,-133586.0798895384,-13.855546138627687,0.30549808098689896,0.3022180964217282,0.28414708803308386,False
111,4,-133571.34152546545,0.8828179343254305,2.0979124260607094,,,True
112,0,-133572.22434339978,0.0,2.1151369880125186,,,True
112,1,-133586.5194441253,-14.295100725517841,0.5451692192941393,0.5382568382781846,0.49597877397028256,False
112,2,-133585.56516544134,-13.340822041558567,0.5155535994961841,0.5174811645800075,0.41488464620497173,False
112,3,-133586.10254973997,-13.878206340188626,0.3312566700615705,0.3389824305286277,0.28836439103725714,False
112,4,-133571.34152546545,0.8828179343254305,2.0979124260607094,,,True
113,0,-133572.22434339978,0.0,2.1151369880125186,,,True
113,1,-133586.55564098712,-14.331297587341396,0.570329889554109,0.5612818021343341,0.5310037003447469,False
113,2,-133585.63597941565,-13.411636015865952,0.4904092421173377,0.49224340084435825,0.405807044899116,False
113,3,-133586.1252322003,-13.900888800533721,0.434518182531786,0.4412259629848698,0.29266604305203336,False
113,4,-133571.34152546545,0.8828179343254305,2.0979124260607094,,,True
114,0,-133572.22434339978,0.0,2.1151369880125186,,,True
114,1,-133586.59705497648,-14.37271157669602,0.5490624298196726,0.543542289169938,0.518463272435817,False
114,2,-133585.71221149917,-13.487868099386105,0.458866731704912,0.4644300871281354,0.44006917211270014,False
114,3,-133586.1504539699,-13.92611057011527,0.49295939193197996,0.49906719299204405,0.34168014992776796,False
114,4,-133571.34152546545,0.8828179343254305,2.0979124260607094,,,True
115,0,-133572.22434339978,0.0,2.1151369880125186,,,True
115,1,-133586.64212902557,-14.417785625788383,0.48454127405964115,0.4822128028132577,0.46171532238809715,False
115,2,-133585.788781004,-13.564437604218256,0.5365466497031894,0.5382229391951252,0.5018666529876746,False
115,3,-133586.18043821226,-13.95609481248539,0.5019949553236254,0.5083164841091145,0.3525613248179598,False
115,4,-133571.34152546545,0.8828179343254305,2.0979124260607094,,,True
116,0,-133572.22434339978,0.0,2.1151369880125186,,,True
116,1,-133586.68752372236,-14.46318032257841,0.48126704654640456,0.48188815831448734,0.40930117065552524,False
116,2,-133585.86264442725,-13.638301027473062,0.587138349265828,0.5824110753541317,0.536924143987688,False
116,3,-133586.21632801837,-13.99198461859487,0.46209089411910687,0.46975584927388153,0.349815655125513,False
116,4,-133571.34152546545,0.8828179343254305,2.0979124260607094,,,True
117,0,-133572.22434339978,0.0,2.1151369880125186,,,True
117,1,-133586.7299241462,-14.50558074642322,0.48626968256380504,0.49037852074798916,0.4160654664487171,False
117,2,-133585.93402079682,-13.70967739704065,0.6036812276791975,0.5914286122597127,0.5598627669473215,False
117,3,-133586.25795308285,-14.033609683072427,0.3794794739479921,0.39005496496792114,0.3641909962111294,False
117,4,-133571.34152546545,0.8828179343254305,2.0979124260607094,,,True
118,0,-133572.22434339978,0.0,2.1151369880125186,,,True
118,1,-133586.7677738671,-14.543430467310827,0.47657596358259,0.48359105103249783,0.4110431844322239,False
118,2,-133586.00465740138,-13.780314001603983,0.6316030288907134,0.6131547947152944,0.5989602678527965,False
118,3,-133586.30415288024,-14.079809480463155,0.380931714638592,0.38931369101364194,0.37399672512317644,False
118,4,-133571.34152546545,0.8828179343254305,2.0979124260607094,,,True
119,0,-133572.22434339978,0.0,2.1151369880125186,,,True
119,1,-133586.80181274316,-14.577469343377743,0.4550783639644068,0.46481100493049876,0.39568228134054056,False
119,2,-133586.07561559055,-13.85127219077549,0.6114744897761676,0.5786499531486596,0.5619891413024355,False
119,3,-133586.35340996605,-14.129066566267284,0.3875759524590712,0.3974259386112173,0.3793708406005184,False
119,4,-133571.34152546545,0.8828179343254305,2.0979124260607094,,,True
120,0,-133572.22434339978,0.0,2.1151369880125186,,,True
120,1,-133586.83427174197,-14.609928342193598,0.4297030065117133,0.4366287197434959,0.39815814081984746,False
120,2,-133586.14628937267,-13.92194597289199,0.5706346802472801,0.5579304122805274,0.5455460410110595,False
120,3,-133586.40443911095,-14.180095711169997,0.3818376135217217,0.39351049152733136,0.37459008044631276,False
120,4,-133571.34152546545,0.8828179343254305,2.0979124260607094,,,True
121,0,-133572.22434339978,0.0,2.1151369880125186,,,True
121,1,-133586.86753600778,-14.643192607996752,0.45468033331044744,0.45816303995407254,0.41216512601377364,False
121,2,-133586.21515780833,-13.99081440854934,0.5883971218449112,0.574272109978095,0.5706845008053519,False
121,3,-133586.45604408954,-14.231700689764693,0.3450318396422439,0.35820396437831914,0.34054941590732435,False
121,4,-133571.34152546545,0.8828179343254305,2.0979124260607094,,,True
122,0,-133572.22434339978,0.0,2.1151369880125186,,,True
122,1,-133586.90306689014,-14.678723490360426,0.44696882951238015,0.4518931359454833,0.39094721437726354,False
122,2,-133586.28112939076,-14.056785990978824,0.560140265570381,0.5457184706785889,0.5456154249409595,False
122,3,-133586.50586711895,-14.281523719168035,0.35245677282784305,0.3544780089803426,0.3306469680112336,False
122,4,-133571.34152546545,0.8828179343254305,2.0979124260607094,,,True
123,0,-133572.22434339978,0.0,2.1151369880125186,,,True
123,1,-133586.9410155429,-14.716672143113101,0.41002535620528896,0.41707455546084055,0.33664687177913816,False
123,2,-133586.34411785196,-14.119774452177808,0.5573228833628179,0.5407571181797839,0.5144859786845962,False
123,3,-133586.5495418825,-14.325198482722044,0.38312583380614074,0.3923326657287363,0.359581128146573,False
123,4,-133571.34152546545,0.8828179343254305,2.0979124260607094,,,True
124,0,-133572.22434339978,0.0,2.1151369880125186,,,True
124,1,-133586.980678233,-14.756334833218716,0.4317257427831143,0.4086888622603186,0.36478106532620347,False
124,2,-133586.40449873407,-14.180155334295705,0.5690934145723493,0.5537629527467666,0.522878096925301,False
124,3,-133586.5830187236,-14.358675323834177,0.37957886086764797,0.3911677570698102,0.3579002777340341,False
124,4,-133571.34152546545,0.8828179343254305,2.0979124260607094,,,True
125,0,-133572.22434339978,0.0,2.1151369880125186,,,True
125,1,-133587.0214742182,-14.797130818420555,0.47939090889603914,0.45082976666957414,0.3779030631953115,False
125,2,-133586.46230112057,-14.237957720790291,0.5678252847731666,0.5543977171362352,0.4787956888970303,False
125,3,-133586.6061249907,-14.381781590927858,0.4906177254620818,0.4850327574882173,0.43882578762748387,False
125,4,-133571.34152546545,0.8828179343254305,2.0979124260607094,,,True
126,0,-133572.22434339978,0.0,2.1151369880125186,,,True
126,1,-133587.06382875927,-14.839485359494574,0.5046500792356717,0.47016598612644583,0.3712792029701221,False
126,2,-133586.51653871933,-14.292195319547318,0.5778435445528582,0.5642316679976231,0.49902496369973226,False
126,3,-133586.6225383313,-14.398194931534817,0.6429132996660261,0.6372878769039488,0.5859568277320096,False
126,4,-133571.34152546545,0.8828179343254305,2.0979124260607094,,,True
127,0,-133572.22434339978,0.0,2.1151369880125186,,,True
127,1,-133587.1093747577,-14.885031357931439,0.5035085682233617,0.4629894381621116,0.3505834633455336,False
127,2,-133586.56562680213,-14.341283402347472,0.5507257355369208,0.5563243193700748,0.5317611494760018,False
127,3,-133586.63777797171,-14.413434571935795,0.7676382669631934,0.7233923826720867,0.6675512186614709,False
127,4,-133571.34152546545,0.8828179343254305,2.0979124260607094,,,True
128,0,-133572.22434339978,0.0,2.1151369880125186,,,True
128,1,-133587.16009643755,-14.935753037774703,0.47633394153052083,0.44394049464460567,0.3591114910239777,False
128,2,-133586.60893193414,-14.384588534361683,0.6485162204131952,0.6564956076884682,0.6290301999305948,False
128,3,-133586.65728812758,-14.432944727799622,0.8281676715312373,0.7844242609558955,0.7245007150064756,False
128,4,-133571.34152546545,0.8828179343254305,2.0979124260607094,,,True
129,0,-133572.22434339978,0.0,2.1151369880125186,,,True
129,1,-133587.21686465325,-14.99252125347266,0.4827424731838179,0.45796069505529025,0.36548225436068027,False
129,2,-133586.6473198866,-14.422976486821426,0.7155017247029338,0.722239900392049,0.6921160594912743,False
129,3,-133586.68448531613,-14.460141916351859,0.8034398589897666,0.7623599307523253,0.7005049560958122,False
129,4,-133571.34152546545,0.8828179343254305,2.0979124260607094,,,True
130,0,-133572.22434339978,0.0,2.1151369880125186,,,True
130,1,-133587.27840867738,-15.054065277596237,0.46063856837386136,0.4475849554578452,0.385696507704966,False
130,2,-133586.68229161276,-14.457948212977499,0.7330207772958209,0.7386044896216248,0.706797334566528,False
130,3,-133586.7195452985,-14.495201898709638,0.7034244757571105,0.6667045469707331,0.6007069520083842,False
130,4,-133571.34152546545,0.8828179343254305,2.0979124260607094,,,True
131,0,-133572.22434339978,0.0,2.1151369880125186,,,True
131,1,-133587.3414771953,-15.117133795516565,0.41330050827009945,0.41817182467675507,0.37555038513928707,False
131,2,-133586.7150689361,-14.490725536306854,0.6932724769550319,0.697836441475036,0.6659414782401214,False
131,3,-133586.7598504092,-14.535507009422872,0.6539913354006502,0.6520091787451368,0.4449558599317014,False
131,4,-133571.34152546545,0.8828179343254305,2.0979124260607094,,,True
132,0,-133572.22434339978,0.0,2.1151369880125186,,,True
132,1,-133587.40229668235,-15.17795328257489,0.38527299230161854,0.38289553971427026,0.3381137410997419,False
132,2,-133586.7459701523,-14.521626752510201,0.5979653698728894,0.601565069000073,0.5708356426305867,False
132,3,-133586.80175319078,-14.577409791003447,0.7039394770832382,0.7023743879591118,0.48386367024703625,False
132,4,-133571.34152546545,0.8828179343254305,2.0979124260607094,,,True
133,0,-133572.22434339978,0.0,2.1151369880125186,,,True
133,1,-133587.45832067265,-15.233977272873744,0.41942625028639713,0.39431976132729907,0.35849197892441553,False
133,2,-133586.7740779716,-14.549734571832232,0.5533186442384578,0.5518335804747507,0.4322174661543511,False
133,3,-133586.842522969,-14.618179569224594,0.7096803891856761,0.7084797814872061,0.5310440953750136,False
133,4,-133571.34152546545,0.8828179343254305,2.0979124260607094,,,True
134,0,-133572.22434339978,0.0,2.1151369880125186,,,True
134,1,-133587.5091107681,-15.284767368313624,0.4583696097852905,0.4308142143913045,0.3976730285896674,False
134,2,-133586.79784715106,-14.573503751278622,0.5946588347254589,0.5937198791149841,0.46388725373078504,False
134,3,-133586.88054044422,-14.656197044445435,0.665814380806829,0.6647444636013001,0.5473315476087938,False
134,4,-133571.34152546545,0.8828179343254305,2.0979124260607094,,,True
135,0,-133572.22434339978,0.0,2.1151369880125186,,,True
135,1,-133587.55616760702,-15.33182420724188,0.5016039912779778,0.4717165486042778,0.43676224211771714,False
135,2,-133586.8166752296,-14.592331829830073,0.6160514584166712,0.6153455152982417,0.49279201309766457,False
135,3,-133586.9138972521,-14.689553852309473,0.585314301598321,0.5838824753360837,0.5362493172144872,False
135,4,-133571.34152546545,0.8828179343254305,2.0979124260607094,,,True
136,0,-133572.22434339978,0.0,2.1151369880125186,,,True
136,1,-133587.60243305378,-15.37808965399745,0.5487905803795958,0.5164274520824427,0.47557262099141306,False
136,2,-133586.83211215338,-14.607768753601704,0.6154975675765626,0.614937994929188,0.5022360950209229,False
136,3,-133586.93993734755,-14.715593947767047,0.5129023987606706,0.5099670784201439,0.5082483085035322,False
136,4,-133571.34152546545,0.8828179343254305,2.0979124260607094,,,True
137,0,-133572.22434339978,0.0,2.1151369880125186,,,True
137,1,-133587.65176729407,-15.42742389428895,0.5979150517498911,0.5627328595995432,0.5114896887771675,False
137,2,-133586.84778606662,-14.623442666837946,0.5902494767943552,0.5899328841628916,0.49006833734684213,False
137,3,-133586.9562937724,-14.731950372632127,0.5224641578643052,0.5161640927996236,0.47491231493512215,False
137,4,-133571.34152546545,0.8828179343254305,2.0979124260607094,,,True
138,0,-133572.22434339978,0.0,2.1151369880125186,,,True
138,1,-133587.70829333644,-15.48394993666443,0.6405677419044734,0.6020170662333134,0.5357266625845156,False
138,2,-133586.86785010362,-14.643506703840103,0.588615078040452,0.563049676456472,0.5564453095008692,False
138,3,-133586.96277237876,-14.738428978977026,0.6355101777158574,0.6248840016820508,0.4422215981173787,False
138,4,-133571.34152546545,0.8828179343254305,2.0979124260607094,,,True
139,0,-133572.22434339978,0.0,2.1151369880125186,,,True
139,1,-133587.77483770525,-15.550494305469329,0.6548723970513118,0.6121186004649093,0.5283324045312806,False
139,2,-133586.89489510516,-14.670551705377875,0.6809846033897846,0.6441290990662797,0.6156024890898156,False
139,3,-133586.96280306287,-14.73845966308727,0.7841767510933476,0.7694891030118552,0.6121938906345145,False
139,4,-133571.34152546545,0.8828179343254305,2.0979124260607094,,,True
140,0,-133572.22434339978,0.0,2.1151369880125186,,,True
140,1,-133587.85007584622,-15.625732446438633,0.6038981443187229,0.5555211299954039,0.4575965312112406,False
140,2,-133586.92843212932,-14.70408872954431,0.7540943694394562,0.704488256895603,0.6435723053216814,False
140,3,-133586.96279443626,-14.738451036479091,0.8959255206893094,0.8783032119226654,0.7409141015220105,False
140,4,-133571.34152546545,0.8828179343254305,2.0979124260607094,,,True
141,0,-133572.22434339978,0.0,2.1151369880125186,,,True
141,1,-133587.92590976614,-15.701566366362385,0.5210422490053098,0.5428195424471987,0.37537136751325906,False
141,2,-133586.9649303627,-14.740586962929228,0.7887023244623305,0.7260806468933655,0.6267925724696748,False
141,3,-133586.96890780653,-14.744564406748395,0.929355055248286,0.9108072119639491,0.7774846896422938,False
141,4,-133571.34152546545,0.8828179343254305,2.0979124260607094,,,True
142,0,-133572.22434339978,0.0,2.1151369880125186,,,True
142,1,-133587.98885595094,-15.764512551162625,0.4818548733576018,0.5007388402199775,0.35103465235162945,False
142,2,-133586.99984275096,-14.775499351177132,0.7735837596941999,0.6997805376267512,0.5575869334675119,False
142,3,-133586.98336675437,-14.7590233545925,0.8758041740948336,0.8590220877376039,0.7140044981758598,False
142,4,-133571.34152546545,0.8828179343254305,2.0979124260607094,,,True
143,0,-133572.22434339978,0.0,2.1151369880125186,,,True
143,1,-133588.02719576348,-15.802852363704005,0.4173340766813056,0.4224102853815427,0.32182229695779097,False
143,2,-133587.0299920117,-14.805648611916695,0.7114827549649713,0.6301853252205531,0.4440302669380841,False
143,3,-133587.00298698005,-14.77864358027,0.7597369571498546,0.7476864668403376,0.5633384863970227,False
143,4,-133571.34152546545,0.8828179343254305,2.0979124260607094,,,True
144,0,-133572.22434339978,0.0,2.1151369880125186,,,True
144,1,-133588.03831202842,-15.813968628644943,0.7617055224054137,0.7694241448402366,0.5777635746855738,False
144,2,-133587.05435061565,-14.830007215874502,0.6219862001103206,0.5394618963632443,0.45535239558667207,False
144,3,-133587.0207534179,-14.79641001811251,0.6371395942469642,0.6328167086410821,0.5167998813276342,False
144,4,-133571.34152546545,0.8828179343254305,2.0979124260607094,,,True
145,0,-133572.22434339978,0.0,2.1151369880125186,,,True
145,1,-133588.03119493887,-15.80685153909144,1.1128321372971355,1.1223212529767002,0.8454693453869407,False
145,2,-133587.07361806236,-14.84927466258523,0.537715808750915,0.46436051915460236,0.4498858235564701,False
145,3,-133587.02926738764,-14.804923987860093,0.574216435048966,0.5786993868739269,0.5196336094624506,False
145,4,-133571.34152546545,0.8828179343254305,2.0979124260607094,,,True
146,0,-133572.22434339978,0.0,2.1151369880125186,,,True
146,1,-133588.02501273958,-15.800669339805609,1.3706099359607584,1.3778276578678257,1.0256663433416389,False
146,2,-133587.089962526,-14.86561912621255,0.4870906710483284,0.44697281769689856,0.4296838563430992,False
146,3,-133587.02420416154,-14.79986076176283,0.584073944525868,0.5942326526863645,0.48937346813333127,False
146,4,-133571.34152546545,0.8828179343254305,2.0979124260607094,,,True
147,0,-133572.22434339978,0.0,2.1151369880125186,,,True
147,1,-133588.2414076908,-16.017064291023416,0.3133609748435616,0.2762047124925083,0.23586705659100704,False
147,2,-133587.26188554036,-15.037542140576988,0.3847679170990494,0.32781470559936554,0.32140925016931216,False
147,3,-133587.10026697099,-14.87592357120593,0.3525375783644466,0.31075940623714854,0.2315520419617724,False
147,4,-133571.34152546545,0.8828179343254305,2.0979124260607094,,,True
148,0,-133572.22434339978,0.0,2.1151369880125186,,,True
148,1,-133588.3023834995,-16.07804009973188,0.4955892018036579,0.49946016322173653,0.3503382690778552,False
148,2,-133587.38589534,-15.161551940225763,0.30368982123531385,0.2593920093460621,0.2272211643329163,False
148,3,-133587.14639438564,-14.922050985856913,0.340793121852326,0.2617977695755294,0.22354475552677774,False
148,4,-133571.34152546545,0.8828179343254305,2.0979124260607094,,,True
149,0,-133572.22434339978,0.0,2.1151369880125186,,,True
149,1,-133588.33759521417,-16.113251814385876,0.6621462234900672,0.6498618375903811,0.5024127109388834,False
149,2,-133587.4819800268,-15.257636627007741,0.2921692519401024,0.2616695004888967,0.2451993095384203,False
149,3,-133587.17811236542,-14.953768965642666,0.25898310001799946,0.24311346086649363,0.2049340424918953,False
149,4,-133571.34152546545,0.8828179343254305,2.0979124260607094,,,True
150,0,-133572.22434339978,0.0,2.1151369880125186,,,True
150,1,-133588.39514788592,-16.170804486144334,0.5966253168214208,0.5641085737281367,0.4507279662122815,False
150,2,-133587.56395813476,-15.339614734984934,0.28316570158849574,0.2851563623224793,0.2459809701482113,False
150,3,-133587.20624817492,-14.981904775137082,0.2691240731809752,0.26089378138167907,0.24231587492989973,False
150,4,-133571.34152546545,0.8828179343254305,2.0979124260607094,,,True
151,0,-133572.22434339978,0.0,2.1151369880125186,,,True
151,1,-133588.46382615395,-16.23948275417206,0.45896475421295374,0.3583521473820038,0.2788134069232316,False
151,2,-133587.63451405487,-15.410170655086404,0.2577791702643768,0.2583657314259018,0.24202942408679615,False
151,3,-133587.23100426243,-15.006660862651188,0.21965247546885774,0.21861637575300977,0.1659250019527922,False
151,4,-133571.34152546545,0.8828179343254305,2.0979124260607094,,,True
152,0,-133572.22434339978,0.0,2.1151369880125186,,,True
152,1,-133588.51940636744,-16.295062967663398,0.3188041122960932,0.31082601174969693,0.2597981672576298,False
152,2,-133587.6952273732,-15.47088397340849,0.21651861207957315,0.2121009709114373,0.19922855588611418,False
152,3,-133587.25189147246,-15.027548072685022,0.23744760461066167,0.2091602502999889,0.16595864480896216,False
152,4,-133571.34152546545,0.8828179343254305,2.0979124260607094,,,True
153,0,-133572.22434339978,0.0,2.1151369880125186,,,True
153,1,-133588.55090304927,-16.326559649489354,0.3329837252050265,0.28694352925051136,0.2575011887673368,False
153,2,-133587.7499821521,-15.525638752325904,0.20799781081238825,0.21116534504887116,0.16001740168425777,False
153,3,-133587.27247267374,-15.048129273956874,0.2637133808377812,0.23634840543534544,0.17453343965431817,False
153,4,-133571.34152546545,0.8828179343254305,2.0979124260607094,,,True
154,0,-133572.22434339978,0.0,2.1151369880125186,,,True
154,1,-133588.56885585887,-16.344512459094403,0.35358487058161664,0.3484674924922551,0.2670737797467894,False
154,2,-133587.80252398847,-15.578180588694522,0.2310903016366627,0.22066682452098854,0.1799743265661728,False
154,3,-133587.2965318478,-15.072188448015368,0.20084586409466657,0.1735720897183157,0.1314115377962507,False
154,4,-133571.34152546545,0.8828179343254305,2.0979124260607094,,,True
155,0,-133572.22434339978,0.0,2.1151369880125186,,,True
155,1,-133588.59388206666,-16.369538666884182,0.2894299868426714,0.34346810497788444,0.33038783427587365,False
155,2,-133587.85416682926,-15.629823429480894,0.26252924123201427,0.24098770615287418,0.17796158838205317,False
155,3,-133587.32318723426,-15.09884383447934,0.18922078653166052,0.19142403178288286,0.16701245190601632,False
155,4,-133571.34152546545,0.8828179343254305,2.0979124260607094,,,True
156,0,-133572.22434339978,0.0,2.1151369880125186,,,True
156,1,-133588.6282623761,-16.403918976313435,0.26086802883515936,0.3079884504535001,0.29638802350604426,False
156,2,-133587.90585114958,-15.681507749803131,0.27926464044069194,0.23095596741935653,0.18797707623199264,False
156,3,-133587.3519243958,-15.127580996020697,0.21906979683518585,0.22169730919530836,0.1873431530675291,False
156,4,-133571.34152546545,0.8828179343254305,2.0979124260607094,,,True
157,0,-133572.22434339978,0.0,2.1151369880125186,,,True
157,1,-133588.6566260402,-16.43228264042409,0.24214281107113012,0.18493076009793133,0.16898143856937275,False
157,2,-133587.9585869312,-15.734243531420361,0.28470329875081485,0.2395941376292213,0.17541168482522096,False
157,3,-133587.3865169953,-15.162173595512286,0.24518940420662352,0.24733359837354274,0.1947338853161138,False
157,4,-133571.34152546545,0.8828179343254305,2.0979124260607094,,,True
158,0,-133572.22434339978,0.0,2.1151369880125186,,,True
158,1,-133588.677056546,-16.452713146223687,0.2514136342102038,0.23709674385549062,0.17230463831680445,False
158,2,-133588.01288252402,-15.78853912424529,0.28189971855537826,0.27706264495028643,0.19290657481806142,False
158,3,-133587.428527898,-15.204184498230461,0.25899249146130393,0.25893901304498823,0.19801411386566983,False
158,4,-133571.34152546545,0.8828179343254305,2.0979124260607094,,,True
159,0,-133572.22434339978,0.0,2.1151369880125186,,,True
159,1,-133588.69565944804,-16.47131604826427,0.24549155726510088,0.2190805094426025,0.14740825532442664,False
159,2,-133588.06849204408,-15.844148644304369,0.30677533204423163,0.3062440947029354,0.2361563497797695,False
159,3,-133587.4740518261,-15.249708426330471,0.23864338596368634,0.23696625181468858,0.19136139221524842,False
159,4,-133571.34152546545,0.8828179343254305,2.0979124260607094,,,True
160,0,-133572.22434339978,0.0,2.1151369880125186,,,True
160,1,-133588.7104709608,-16.486127561016474,0.2691068800267906,0.22478152185832131,0.16988256784350075,False
160,2,-133588.12605298826,-15.901709588477388,0.30236925745752213,0.29941883401270536,0.23532377910607763,False
160,3,-133587.51663485996,-15.292291460180422,0.16401730118599644,0.1652061478945307,0.1410392801772028,False
160,4,-133571.34152546545,0.8828179343254305,2.0979124260607094,,,True
161,0,-133572.22434339978,0.0,2.1151369880125186,,,True
161,1,-133588.7208622508,-16.49651885102503,0.2648225477148853,0.2217302301694539,0.1793086600389943,False
161,2,-133588.18273477606,-15.958391376276268,0.26180247463393963,0.2499415958128672,0.18727461483113306,False
161,3,-133587.54715595042,-15.322812550642993,0.14234560190025056,0.1425635884324886,0.1267293267599337,False
161,4,-133571.34152546545,0.8828179343254305,2.0979124260607094,,,True
162,0,-133572.22434339978,0.0,2.1151369880125186,,,True
162,1,-133588.7317187456,-16.507375345827313,0.22768593521663746,0.173929862503737,0.15205479328558233,False
162,2,-133588.2327182765,-16.008374876721064,0.1986369694766927,0.17279486227692512,0.12961430893010956,False
162,3,-133587.56226624252,-15.337922842736589,0.29963846665633825,0.2920985516526806,0.22828040428837382,False
162,4,-133571.34152546545,0.8828179343254305,2.0979124260607094,,,True
163,0,-133572.22434339978,0.0,2.1151369880125186,,,True
163,1,-133588.74385104148,-16.51950764170033,0.24304718813679144,0.17349107476825604,0.12789955618519894,False
163,2,-133588.2727288637,-16.04838546391693,0.17822635558634342,0.15202148825069137,0.1383452868951264,False
163,3,-133587.57367546507,-15.349332065292401,0.3512770000256032,0.33677899802835626,0.2398267666717396,False
163,4,-133571.34152546545,0.8828179343254305,2.0979124260607094,,,True
164,0,-133572.22434339978,0.0,2.1151369880125186,,,True
164,1,-133588.75378754333,-16.52944414355443,0.2421477430229523,0.10894430947450605,0.08611393997816724,False
164,2,-133588.30423009142,-16.079886691644788,0.20231691513230574,0.17117134352619556,0.1366042464104891,False
164,3,-133587.5904354709,-15.36609207111178,0.23622398962394298,0.22905913043901666,0.1881691492722413,False
164,4,-133571.34152546545,0.8828179343254305,2.0979124260607094,,,True
165,0,-133572.22434339978,0.0,2.1151369880125186,,,True
165,1,-133588.75868377837,-16.534340378595516,0.2562431332003919,0.10257293392938366,0.08801220674952542,False
165,2,-133588.33109226052,-16.106748860736843,0.20072184804806464,0.16764279429371703,0.1416649582729822,False
165,3,-133587.60776998362,-15.383426583837718,0.17821026331811232,0.17842278923269103,0.15630989620847047,False
165,4,-133571.34152546545,0.8828179343254305,2.0979124260607094,,,True
166,0,-133572.22434339978,0.0,2.1151369880125186,,,True
166,1,-133588.76009247446,-16.535749074682826,0.27568231114979774,0.12632025326807955,0.12392763987689986,False
166,2,-133588.35355856636,-16.12921516658389,0.189960336294793,0.16408402697387509,0.12819470032698801,False
166,3,-133587.62480626247,-15.400462862686254,0.19916563828320474,0.19581566818402849,0.1857641823472295,False
166,4,-133571.34152546545,0.8828179343254305,2.0979124260607094,,,True
167,0,-133572.22434339978,0.0,2.1151369880125186,,,True
167,1,-133588.7619494515,-16.537606051715557,0.27634384304557147,0.1257597699737079,0.12198411186480462,False
167,2,-133588.3681208637,-16.143777463934384,0.19719803114825094,0.14615469690115754,0.11022921636376107,False
167,3,-133587.64721938485,-15.42287598506664,0.21789954914087867,0.20643279469475045,0.19786232552066607,False
167,4,-133571.34152546545,0.8828179343254305,2.0979124260607094,,,True
168,0,-133572.22434339978,0.0,2.1151369880125186,,,True
168,1,-133588.76450079645,-16.540157396666473,0.25671111473812275,0.10568581923443439,0.08197399796858695,False
168,2,-133588.37346512688,-16.149121727095917,0.19876743459895355,0.1492746786413833,0.12293213720386442,False
168,3,-133587.6751208551,-15.450777455320349,0.13802829783036608,0.1562216199866497,0.12640956765557113,False
168,4,-133571.34152546545,0.8828179343254305,2.0979124260607094,,,True
169,0,-133572.22434339978,0.0,2.1151369880125186,,,True
169,1,-133588.7646361495,-16.540292749734363,0.2352438282697147,0.10808162817604068,0.08001774096960446,False
169,2,-133588.37373118236,-16.14938778258511,0.20857013596658563,0.21625799791239694,0.20889351629520223,False
169,3,-133587.70380258572,-15.47945918593905,0.14014481521825967,0.1312456647705849,0.10711335314337418,False
169,4,-133571.34152546545,0.8828179343254305,2.0979124260607094,,,True
170,0,-133572.22434339978,0.0,2.1151369880125186,,,True
170,1,-133588.7620012623,-16.53765786252916,0.23069926040136596,0.1159199471184423,0.0981758071414497,False
170,2,-133588.37547172213,-16.151128322351724,0.24111706595578386,0.25568236539143663,0.24207933073277146,False
170,3,-133587.7319024631,-15.507559063320514,0.14577266660688395,0.13939524159102645,0.11935311390749212,False
170,4,-133571.34152546545,0.8828179343254305,2.0979124260607094,,,True
171,0,-133572.22434339978,0.0,2.1151369880125186,,,True
171,1,-133588.75959053703,-16.535247137246188,0.22681754653718636,0.11850521989106043,0.09654768558657019,False
171,2,-133588.38176930262,-16.15742590284208,0.1976656243833856,0.21701888496344154,0.19661856769129277,False
171,3,-133587.7616041033,-15.537260703509673,0.16459791613527416,0.15676738799410403,0.1415127219761322,False
171,4,-133571.34152546545,0.8828179343254305,2.0979124260607094,,,True
172,0,-133572.22434339978,0.0,2.1151369880125186,,,True
172,1,-133588.75822189386,-16.533878494083183,0.2408956820535062,0.12078007594806488,0.09344360013336983,False
172,2,-133588.39058830592,-16.16624490614049,0.20095168818232412,0.1403187892270143,0.11086330376828485,False
172,3,-133587.7938634877,-15.569520087912679,0.18455462512251944,0.1424770612656121,0.13843183434300999,False
172,4,-133571.34152546545,0.8828179343254305,2.0979124260607094,,,True
173,0,-133572.22434339978,0.0,2.1151369880125186,,,True
173,1,-133588.75627040508,-16.53192700530053,0.24923579181332445,0.11967690624880681,0.09579498564595232,False
173,2,-133588.39908651778,-16.174743117997423,0.22592466861390476,0.159241809216117,0.13085093740984724,False
173,3,-133587.827413463,-15.60307006322546,0.21293915687884443,0.16469072794794803,0.11343789044981976,False
173,4,-133571.34152546545,0.8828179343254305,2.0979124260607094,,,True
174,0,-133572.22434339978,0.0,2.1151369880125186,,,True
174,1,-133588.7534628995,-16.52911949972622,0.26345264039127997,0.11063678407503029,0.09443854139812113,False
174,2,-133588.40833260756,-16.18398920778418,0.2116449729873052,0.1641423500432396,0.14049494720210798,False
174,3,-133587.86007702764,-15.635733627859736,0.16417017653482097,0.14053902692699916,0.1216311796988105,False
174,4,-133571.34152546545,0.8828179343254305,2.0979124260607094,,,True
175,0,-133572.22434339978,0.0,2.1151369880125186,,,True
175,1,-133588.75082650117,-16.526483101391932,0.2547775734604526,0.10138835277503386,0.08015565232844411,False
175,2,-133588.42187688543,-16.197533485654276,0.20402229326486226,0.15508448592282198,0.14500933772986896,False
175,3,-133587.89018851248,-15.665845112700481,0.16933316353210406,0.1383829419910313,0.12341656307888213,False
175,4,-133571.34152546545,0.8828179343254305,2.0979124260607094,,,True
176,0,-133572.22434339978,0.0,2.1151369880125186,,,True
176,1,-133588.74871535352,-16.52437195373932,0.2546838562113396,0.08946299913302527,0.0731233281565573,False
176,2,-133588.440687436,-16.216344036220107,0.21940767642887113,0.14247838359901538,0.12099944276452705,False
176,3,-133587.91786447685,-15.693521077075275,0.1667071539518217,0.15302949170958408,0.11885597448451957,False
176,4,-133571.34152546545,0.8828179343254305,2.0979124260607094,,,True
177,0,-133572.22434339978,0.0,2.1151369880125186,,,True
177,1,-133588.7465756467,-16.522232246934436,0.2633069685183321,0.08427953983612932,0.07449872683261001,False
177,2,-133588.46203520626,-16.23769180648378,0.21987091039539014,0.13100139690968382,0.09964137686286693,False
177,3,-133587.9435441533,-15.719200753519544,0.16580068200921003,0.15647132762921012,0.10678127794795779,False
177,4,-133571.34152546545,0.8828179343254305,2.0979124260607094,,,True
178,0,-133572.22434339978,0.0,2.1151369880125186,,,True
178,1,-133588.744060342,-16.5197169422172,0.2726454170118099,0.09899314148216577,0.08638977245915024,False
178,2,-133588.48211129446,-16.25776789468364,0.19799322263831967,0.1227773942702796,0.09086995140371101,False
178,3,-133587.9665207043,-15.742177304520737,0.1508310636415279,0.142570933827298,0.10319389831910204,False
178,4,-133571.34152546545,0.8828179343254305,2.0979124260607094,,,True
179,0,-133572.22434339978,0.0,2.1151369880125186,,,True
179,1,-133588.74203685948,-16.517693459696602,0.2837605448891591,0.1112828183726658,0.10194232613546043,False
179,2,-133588.4994891111,-16.275145711319055,0.1982254614057036,0.18045672691834183,0.14571431858861641,False
179,3,-133587.98651753008,-15.762174130300991,0.1425518581887398,0.13596277262613582,0.11217899105720155,False
179,4,-133571.34152546545,0.8828179343254305,2.0979124260607094,,,True
180,0,-133572.22434339978,0.0,2.1151369880125186,,,True
180,1,-133588.74147200066,-16.51712860088446,0.28556583592805107,0.12477972210750919,0.12122309455776575,False
180,2,-133588.51590656777,-16.291563167993445,0.19678083583701894,0.1991641032025702,0.1742154120920415,False
180,3,-133588.00486441245,-15.780521012668032,0.15065787881296075,0.14546032611539192,0.12393196380773068,False
180,4,-133571.34152546545,0.8828179343254305,2.0979124260607094,,,True
181,0,-133572.22434339978,0.0,2.1151369880125186,,,True
181,1,-133588.74262864483,-16.51828524505254,0.2781407648589894,0.14044078591452916,0.13987306904422572,False
181,2,-133588.53277154977,-16.308428149990505,0.19926197063925666,0.17811533665612567,0.16717248320245046,False
181,3,-133588.02284930222,-15.798505902435863,0.150332324923938,0.14526461375910255,0.12463042730113037,False
181,4,-133571.34152546545,0.8828179343254305,2.0979124260607094,,,True
182,0,-133572.22434339978,0.0,2.1151369880125186,,,True
182,1,-133588.74625528758,-16.521911887801252,0.2718824154526107,0.15018068807378454,0.1495776073191878,False
182,2,-133588.54885420992,-16.324510810140055,0.20353153683796527,0.12674042542744535,0.12499730378793224,False
182,3,-133588.0405888381,-15.816245438327314,0.13929896328692756,0.1321754412586135,0.11798524879519509,False
182,4,-133571.34152546545,0.8828179343254305,2.0979124260607094,,,True
183,0,-133572.22434339978,0.0,2.1151369880125186,,,True
183,1,-133588.7532635102,-16.5289201104315,0.2693328544442937,0.1453538828092811,0.14215728598893249,False
183,2,-133588.56205435467,-16.33771095488919,0.20133914788553256,0.10124691279827452,0.09342158561309497,False
183,3,-133588.05778693306,-15.833443533279933,0.15902135176243745,0.1378686488660045,0.13444602309095122,False
183,4,-133571.34152546545,0.8828179343254305,2.0979124260607094,,,True
184,0,-133572.22434339978,0.0,2.1151369880125186,,,True
184,1,-133588.76338961057,-16.53904621078982,0.2650454513772725,0.12364166899114293,0.11534446037378744,False
184,2,-133588.57170826878,-16.34736486899783,0.2051400765878343,0.09321323622823653,0.0836104547435781,False
184,3,-133588.0743069069,-15.849963507120265,0.16345666262760938,0.1341392617913638,0.1329185341782799,False
184,4,-133571.34152546545,0.8828179343254305,2.0979124260607094,,,True
185,0,-133572.22434339978,0.0,2.1151369880125186,,,True
185,1,-133588.7755325885,-16.55118918872904,0.2612619653135444,0.11460900214024104,0.09904791748516993,False
185,2,-133588.57860104655,-16.354257646773476,0.20310988865376958,0.10549809434469637,0.09724224935126316,False
185,3,-133588.09063552215,-15.866292122373125,0.16459202302473971,0.11826102872431898,0.1137830645925424,False
185,4,-133571.34152546545,0.8828179343254305,2.0979124260607094,,,True
186,0,-133572.22434339978,0.0,2.1151369880125186,,,True
186,1,-133588.7882847563,-16.563941356522264,0.2604861847383476,0.1204149922656776,0.10137730162897164,False
186,2,-133588.58452445664,-16.360181056865258,0.19535379305503672,0.11701843987656622,0.10155212581556203,False
186,3,-133588.10780394083,-15.883460541052045,0.1850848382257841,0.12123208742483725,0.09338855515962852,False
186,4,-133571.34152546545,0.8828179343254305,2.0979124260607094,,,True
187,0,-133572.22434339978,0.0,2.1151369880125186,,,True
187,1,-133588.7998382161,-16.575494816323044,0.2641085078046993,0.12875865366134642,0.10747850777304405,False
187,2,-133588.5915662491,-16.367222849308746,0.1831586250718985,0.1079641383839418,0.08784428756851147,False
187,3,-133588.12653022032,-15.902186820545467,0.21209651152883754,0.13477274308550202,0.10098196036313623,False
187,4,-133571.34152546545,0.8828179343254305,2.0979124260607094,,,True
188,0,-133572.22434339978,0.0,2.1151369880125186,,,True
188,1,-133588.81011483682,-16.585771437035874,0.2717852434529575,0.13809509132370046,0.13235151294394845,False
188,2,-133588.5999846235,-16.37564122371259,0.16717309202425115,0.08706170723417159,0.07466685673357944,False
188,3,-133588.14710332206,-15.92275992227951,0.24362211362670427,0.16681851451718294,0.11379222285208912,False
188,4,-133571.34152546545,0.8828179343254305,2.0979124260607094,,,True
189,0,-133572.22434339978,0.0,2.1151369880125186,,,True
189,1,-133588.8214750585,-16.59713165872381,0.2813411299269069,0.17551098415746583,0.16274271378381625,False
189,2,-133588.60836717742,-16.38402377764578,0.15681768310803312,0.10842550357327892,0.09574615981623277,False
189,3,-133588.17004775145,-15.945704351674067,0.2710171466728254,0.19393729414116342,0.15053282813173843,False
189,4,-133571.34152546545,0.8828179343254305,2.0979124260607094,,,True
190,0,-133572.22434339978,0.0,2.1151369880125186,,,True
190,1,-133588.83559341374,-16.611250013957033,0.2896889580823242,0.18269717843125102,0.16272358791433636,False
190,2,-133588.6159429468,-16.391599547030637,0.15955675987806509,0.12877586234333444,0.12032661979990085,False
190,3,-133588.19564917337,-15.971305773593485,0.2793399513671388,0.20348130788733293,0.17721204113037523,False
190,4,-133571.34152546545,0.8828179343254305,2.0979124260607094,,,True
191,0,-133572.22434339978,0.0,2.1151369880125186,,,True
191,1,-133588.85145632198,-16.627112922200467,0.29486331765925194,0.17106663453248747,0.1455559009251595,False
191,2,-133588.62272992884,-16.398386529064737,0.17280728259194472,0.13878585996063805,0.12635476690127617,False
191,3,-133588.22219709275,-15.997853692970239,0.25154902664485795,0.18426014771044544,0.1728938540777831,False
191,4,-133571.34152546545,0.8828179343254305,2.0979124260607094,,,True
192,0,-133572.22434339978,0.0,2.1151369880125186,,,True
192,1,-133588.86636314273,-16.64201974295429,0.29731877042807003,0.14638006579925686,0.12143327302462212,False
192,2,-133588.62843910287,-16.404095703095663,0.1898509798792509,0.13585424774131116,0.11453915315594977,False
192,3,-133588.2459943617,-16.021650961920386,0.18294553473586175,0.15106233856564072,0.12228315449568096,False
192,4,-133571.34152546545,0.8828179343254305,2.0979124260607094,,,True
193,0,-133572.22434339978,0.0,2.1151369880125186,,,True
193,1,-133588.87857615686,-16.654232757078717,0.2990927733349582,0.1118734524984888,0.09697171896524584,False
193,2,-133588.63274754505,-16.40840414527338,0.20673846926677866,0.12176458435141865,0.09318508964872825,False
193,3,-133588.26436937446,-16.040025974682067,0.1899674268001935,0.22178420577109942,0.18093259349632834,False
193,4,-133571.34152546545,0.8828179343254305,2.0979124260607094,,,True
194,0,-133572.22434339978,0.0,2.1151369880125186,,,True
194,1,-133588.88782300724,-16.66347960746498,0.30176280198660854,0.1220644547157236,0.11747749657800727,False
194,2,-133588.6361869545,-16.411843554727966,0.2197820153068943,0.13603530032577957,0.11284674310829126,False
194,3,-133588.27925073024,-16.054907330457354,0.2196003487858844,0.24985927651846868,0.2026475365469468,False
194,4,-133571.34152546545,0.8828179343254305,2.0979124260607094,,,True
195,0,-133572.22434339978,0.0,2.1151369880125186,,,True
195,1,-133588.89433409192,-16.669990692142164,0.3049333617033833,0.11708590877141747,0.11378950923441922,False
195,2,-133588.63989638333,-16.415552983555244,0.2269215089893031,0.1384354025948086,0.11026583377865594,False
195,3,-133588.29359655772,-16.069253157940693,0.17435716881831523,0.19320834152562133,0.14219813316792862,False
195,4,-133571.34152546545,0.8828179343254305,2.0979124260607094,,,True
196,0,-133572.22434339978,0.0,2.1151369880125186,,,True
196,1,-133588.89873572678,-16.674392326996895,0.30587348109867213,0.09301129362935123,0.0909640848318748,False
196,2,-133588.6445860144,-16.42024261460756,0.230279276301258,0.11141010396765,0.08342216959556761,False
196,3,-133588.30607155382,-16.081728154036682,0.18624343234406396,0.15454609725372917,0.14016341212444086,False
196,4,-133571.34152546545,0.8828179343254305,2.0979124260607094,,,True
197,0,-133572.22434339978,0.0,2.1151369880125186,,,True
197,1,-133588.9024482749,-16.678104875114514,0.3008982505531979,0.11353277524164802,0.09278329439532368,False
197,2,-133588.65017748284,-16.425834083056543,0.23177555769749134,0.09663580499670947,0.07991228106149034,False
197,3,-133588.31444542255,-16.09010202277568,0.1936068896383414,0.16660289724065613,0.14099666067901914,False
197,4,-133571.34152546545,0.8828179343254305,2.0979124260607094,,,True
198,0,-133572.22434339978,0.0,2.1151369880125186,,,True
198,1,-133588.9077848167,-16.68344141691341,0.29044524526663956,0.15116573285786855,0.11396055049256208,False
198,2,-133588.65612951035,-16.431786110566463,0.23369823754602692,0.09305736223111372,0.07698066454879003,False
198,3,-133588.3208803544,-16.09653695463203,0.2243218555644275,0.16872920329240418,0.12165699049627936,False
198,4,-133571.34152546545,0.8828179343254305,2.0979124260607094,,,True
199,0,-133572.22434339978,0.0,2.1151369880125186,,,True
199,1,-133588.91725377325,-16.69291037347284,0.27494189490200316,0.15472525801084358,0.1151850838558174,False
199,2,-133588.66177451942,-16.437431119644316,0.23725204705856795,0.09702058678939311,0.08241603418244034,False
199,3,-133588.32924435136,-16.10490095158457,0.22701274829437287,0.1730609455421572,0.14482702749414023,False
199,4,-133571.34152546545,0.8828179343254305,2.0979124260607094,,,True
200,0,-133572.22434339978,0.0,2.1151369880125186,,,True
200,1,-133588.93167776518,-16.707334365404677,0.2537194847607174,0.15104434323233076,0.12821986921742362,False
200,2,-133588.6666107826,-16.442267382808495,0.23814412457065334,0.09880420219199498,0.07882683152035556,False
200,3,-133588.34068269585,-16.11633929607342,0.1757467218701476,0.17025945279061974,0.12358634619946784,False
200,4,-133571.34152546545,0.8828179343254305,2.0979124260607094,,,True
201,0,-133572.22434339978,0.0,2.1151369880125186,,,True
201,1,-133588.9497207329,-16.72537733311765,0.2396895338715909,0.14600469341976036,0.12827734398143503,False
201,2,-133588.67081835397,-16.446474954194855,0.23175680191129375,0.09807862515219463,0.07532188058632147,False
201,3,-133588.3521109505,-16.127767550729914,0.1770427496499312,0.16792983051482646,0.13221684848288046,False
201,4,-133571.34152546545,0.8828179343254305,2.0979124260607094,,,True
202,0,-133572.22434339978,0.0,2.1151369880125186,,,True
202,1,-133588.9699539149,-16.74561051512137,0.23886984396500685,0.12132967502312945,0.11258198078784011,False
202,2,-133588.67521300225,-16.450869602471357,0.21649289202817268,0.09606528866628475,0.07852711766090012,False
202,3,-133588.35891695382,-16.13457355403807,0.17296634116168505,0.1664494314479566,0.14061359222363573,False
202,4,-133571.34152546545,0.8828179343254305,2.0979124260607094,,,True
203,0,-133572.22434339978,0.0,2.1151369880125186,,,True
203,1,-133588.99216786693,-16.76782446715515,0.2500080118070418,0.15893385471050456,0.1283048663834812,False
203,2,-133588.68047201954,-16.456128619756782,0.1944991459022941,0.10552404805388221,0.0820760373168349,False
203,3,-133588.36243716956,-16.138093769783154,0.17477706126246728,0.1678532805331838,0.14869529441302984,False
203,4,-133571.34152546545,0.8828179343254305,2.0979124260607094,,,True
204,0,-133572.22434339978,0.0,2.1151369880125186,,,True
204,1,-133589.0173245695,-16.7929811697104,0.2873857541908684,0.18894221717170032,0.15953137017314484,False
204,2,-133588.68684342035,-16.462500020570587,0.17203075174271237,0.11021427670482273,0.08912130827721752,False
204,3,-133588.37084909444,-16.146505694661755,0.18632969663933632,0.16462260091704548,0.15041836638026418,False
204,4,-133571.34152546545,0.8828179343254305,2.0979124260607094,,,True
205,0,-133572.22434339978,0.0,2.1151369880125186,,,True
205,1,-133589.04701985983,-16.822676460054936,0.2896210919509708,0.18171690608465024,0.16675366210083348,False
205,2,-133588.69442018992,-16.470076790137682,0.1620006239573054,0.1075279640556797,0.0898305468581081,False
205,3,-133588.3860651152,-16.16172171541257,0.1986853245983524,0.1596577546073553,0.15055854517884984,False
205,4,-133571.34152546545,0.8828179343254305,2.0979124260607094,,,True
206,0,-133572.22434339978,0.0,2.1151369880125186,,,True
206,1,-133589.0804827604,-16.856139360606903,0.2557424857130122,0.14517319448510307,0.1385344465036507,False
206,2,-133588.70332333742,-16.478979937644908,0.14642586892460466,0.09840589979953497,0.09214212664257956,False
206,3,-133588.3986153796,-16.174271979834884,0.20543943589142827,0.15925385236555453,0.1407982954344233,False
206,4,-133571.34152546545,0.8828179343254305,2.0979124260607094,,,True
207,0,-133572.22434339978,0.0,2.1151369880125186,,,True
207,1,-133589.11557321207,-16.891229812288657,0.23982719306070155,0.1320548643291735,0.1262277646983649,False
207,2,-133588.71350486737,-16.48916146758711,0.13155673405380913,0.08893348679785894,0.08188475704039745,False
207,3,-133588.40333769718,-16.178994297399186,0.22384121032312565,0.18267824905012772,0.14258831041839584,False
207,4,-133571.34152546545,0.8828179343254305,2.0979124260607094,,,True
208,0,-133572.22434339978,0.0,2.1151369880125186,,,True
208,1,-133589.1496470583,-16.92530365852872,0.2781487830093842,0.12089640960855855,0.11062888730797385,False
208,2,-133588.72424014175,-16.49989674196695,0.118889415583291,0.07709116363695881,0.06572824579286705,False
208,3,-133588.40592936377,-16.181585963990074,0.23874100095742185,0.21598369537390033,0.17221607132726346,False
208,4,-133571.34152546545,0.8828179343254305,2.0979124260607094,,,True
209,0,-133572.22434339978,0.0,2.1151369880125186,,,True
209,1,-133589.1782363648,-16.953892965015257,0.30233957853932936,0.1445141259990033,0.1361314931845327,False
209,2,-133588.7343998266,-16.51005642680684,0.1032383785160783,0.07233633431654332,0.05905944099418173,False
209,3,-133588.4133739012,-16.189030501409434,0.20876575301062478,0.20934917736246192,0.19395573829676013,False
209,4,-133571.34152546545,0.8828179343254305,2.0979124260607094,,,True
210,0,-133572.22434339978,0.0,2.1151369880125186,,,True
210,1,-133589.1999151687,-16.975571768911323,0.29243790332246444,0.23168183081794205,0.17197854565345846,False
210,2,-133588.7430075693,-16.518664169532713,0.0959514863025362,0.08136201609257415,0.058495060273733676,False
210,3,-133588.4235881335,-16.19924473372521,0.17643581333587063,0.17099643857554772,0.16015707562050693,False
210,4,-133571.34152546545,0.8828179343254305,2.0979124260607094,,,True
211,0,-133572.22434339978,0.0,2.1151369880125186,,,True
211,1,-133589.24044147457,-17.016098074789625,0.2435812753162898,0.24575536321330754,0.17351686174168535,False
211,2,-133588.7584905407,-16.53414714091923,0.10878323732042838,0.10067523688734158,0.09626590131436423,False
211,3,-133588.45469637946,-16.230352979677264,0.18371920544639514,0.16577822686330798,0.1228907185714158,False
211,4,-133571.34152546545,0.8828179343254305,2.0979124260607094,,,True
212,0,-133572.22434339978,0.0,2.1151369880125186,,,True
212,1,-133589.26264186384,-17.038298464060063,0.2712206263767921,0.25753208059182336,0.20239702807800797,False
212,2,-133588.7740174454,-16.549674045614665,0.1291903778827543,0.09316276021338596,0.06753125298487629,False
212,3,-133588.4632645721,-16.238921172334813,0.29539851499640024,0.21852206044536568,0.158682845103548,False
212,4,-133571.34152546545,0.8828179343254305,2.0979124260607094,,,True
213,0,-133572.22434339978,0.0,2.1151369880125186,,,True
213,1,-133589.2744340338,-17.05009063403122,0.20388848977414273,0.12007121964123096,0.1016103458559234,False
213,2,-133588.7774931234,-16.553149723622482,0.10505775961100959,0.048049311933560504,0.034873795478070874,False
213,3,-133588.4722260971,-16.247882697323803,0.14628380109452657,0.09624857253844543,0.08363091572436794,False
213,4,-133571.34152546545,0.8828179343254305,2.0979124260607094,,,True
214,0,-133572.22434339978,0.0,2.1151369880125186,,,True
214,1,-133589.27634018965,-17.051996789872646,0.30606463068854045,0.25934027419559,0.24414980691135146,False
214,2,-133588.78072263635,-16.556379236571956,0.09564494809633416,0.08508725224977907,0.07055387736758116,False
214,3,-133588.46942825348,-16.245084853697335,0.2766220034556889,0.19381640574965894,0.17033949677847135,False
214,4,-133571.34152546545,0.8828179343254305,2.0979124260607094,,,True
215,0,-133572.22434339978,0.0,2.1151369880125186,,,True
215,1,-133589.28042074526,-17.056077345478116,0.23776311348461668,0.18169048073609606,0.170159359230605,False
215,2,-133588.78164428094,-16.55730088116252,0.09505686231276947,0.0605157768922822,0.0496487969900134,False
215,3,-133588.47236127293,-16.248017873149365,0.2277168991986243,0.14082652191374964,0.12114729384836012,False
215,4,-133571.34152546545,0.8828179343254305,2.0979124260607094,,,True
216,0,-133572.22434339978,0.0,2.1151369880125186,,,True
216,1,-133589.28471193224,-17.060368532460416,0.20028898682117435,0.05391600289974464,0.04493893306346577,False
216,2,-133588.78296110817,-16.558617708389647,0.09919357564224973,0.04217170765364551,0.03431035598666581,False
216,3,-133588.47502191804,-16.250678518263157,0.15080556328074146,0.056394252188485636,0.04322380347477062,False
216,4,-133571.34152546545,0.8828179343254305,2.0979124260607094,,,True
217,0,-133572.22434339978,0.0,2.1151369880125186,,,True
217,1,-133589.28617927962,-17.061835879838327,0.1974735866061829,0.0926514591549056,0.0855405764833023,False
217,2,-133588.78429152237,-16.559948122594506,0.11045729513286252,0.041872632841931434,0.03404988917626431,False
217,3,-133588.4748421451,-16.250498745328514,0.16244141287531744,0.07957889550869764,0.061673140715675166,False
217,4,-133571.34152546545,0.8828179343254305,2.0979124260607094,,,True
218,0,-133572.22434339978,0.0,2.1151369880125186,,,True
218,1,-133589.28648629173,-17.062142891954863,0.19749945504663596,0.08473643208667028,0.07788612263308607,False
218,2,-133588.78440888165,-16.56006548186997,0.10958020299000583,0.04183136726096469,0.03385799989197442,False
218,3,-133588.47495523258,-16.25061183280195,0.15824850902240598,0.07272174757869423,0.05497018786092894,False
218,4,-133571.34152546545,0.8828179343254305,2.0979124260607094,,,True
219,0,-133572.22434339978,0.0,2.1151369880125186,,,True
219,1,-133589.28705013974,-17.062706739961868,0.19756462809271458,0.06971303948429852,0.06325034099883431,False
219,2,-133588.78463833523,-16.560294935450656,0.10806692439172003,0.041749222501900246,0.03348966837641769,False
219,3,-133588.47514510425,-16.250801704474725,0.15056845592826565,0.06014136192260425,0.044633777697753965,False
219,4,-133571.34152546545,0.8828179343254305,2.0979124260607094,,,True
220,0,-133572.22434339978,0.0,2.1151369880125186,,,True
220,1,-133589.28778799737,-17.063444597588386,0.1976921885248101,0.05225144446638851,0.042993941948533405,False
220,2,-133588.78497204953,-16.56062864974956,0.10632560766897371,0.04162657081889137,0.03297606225973294,False
220,3,-133588.4753510211,-16.25100762132206,0.147470475869575,0.04806681523053608,0.0371103061939181,False
220,4,-133571.34152546545,0.8828179343254305,2.0979124260607094,,,True
221,0,-133572.22434339978,0.0,2.1151369880125186,,,True
221,1,-133589.28861465552,-17.064271255745552,0.19790695467134473,0.03938843961461213,0.03659341801870006,False
221,2,-133588.78540337153,-16.561059971747454,0.10478230603641163,0.041463502921328325,0.032364078824394696,False
221,3,-133588.47550937775,-16.25116597797023,0.1478200205634716,0.047786613427351174,0.0362734567906433,False
221,4,-133571.34152546545,0.8828179343254305,2.0979124260607094,,,True
