optimizer_iteration,image_index,energy_eV,relative_energy_eV,true_force_fmax_eV_A,neb_force_fmax_eV_A,neb_residual_eV_A,is_endpoint
0,0,-267.64913870859266,0.0,2.3308643852862914,,,True
0,1,-267.2963552989529,0.3527834096397555,2.300199694586286,2.3328714146150324,2.0731087691292593,False
0,2,-266.5797146110234,1.0694240975692537,2.736357473203238,2.515525206979246,2.069180846354278,False
0,3,-265.76732985521346,1.881808853379198,2.765071554827776,2.6252618704271686,2.052105918972159,False
0,4,-265.38076490545325,2.2683738031394114,2.5713536597939375,2.572138166793678,2.0431264058756384,False
0,5,-265.5822393948623,2.066899313730346,2.3758667351792813,2.37122332720387,2.07181282793966,False
0,6,-265.8814770501627,1.7676616584299722,2.3499684627592754,2.348678252173207,2.053905963043969,False
0,7,-266.01247918400924,1.636659524583422,2.343433649447915,2.342430566082165,2.0830033337818707,False
0,8,-265.9408879820862,1.708250726506435,2.4217976161760153,2.4335936531317532,2.1283029237231843,False
0,9,-265.73273632791364,1.916402380679017,2.4358236594703486,,,True
1,0,-267.64913870859266,0.0,2.3308643852862914,,,True
1,1,-268.11409856302254,-0.4649598544298783,2.2057755769181555,2.2302529035417,1.9803063944895827,False
1,2,-267.4102073908979,0.23893131769477804,2.5778767906807203,2.345592286343925,1.9766783099606162,False
1,3,-266.6140292844597,1.0351094241329406,2.527408916547565,2.3762076513153847,1.9674470872876968,False
1,4,-266.23622790400157,1.4129108045910925,2.3387865166845527,2.3392968439863364,1.9625624482814197,False
1,5,-266.40644682414575,1.2426918844469128,2.294235201152641,2.292449877274947,1.9896012785645176,False
1,6,-266.6945891383424,0.9545495702502649,2.2843689789472257,2.283216945422477,1.9716682828493008,False
1,7,-266.826791810437,0.8223468981556721,2.2646434970061606,2.269099471610863,2.004504222436531,False
1,8,-266.74437804044715,0.9047606681455136,2.33593953481922,2.415074710196705,2.097237106667219,False
1,9,-265.73273632791364,1.916402380679017,2.4358236594703486,,,True
2,0,-267.64913870859266,0.0,2.3308643852862914,,,True
2,1,-268.90632807364204,-1.2571893650493848,2.105479420320096,2.5036768905070494,2.232034175740167,False
2,2,-268.2097195159386,-0.560580807345957,2.4384523709095767,2.193352197227058,1.88810156916541,False
2,3,-267.42549957260735,0.2236391359853087,2.324412730353057,2.1867954328239922,1.8844049617184802,False
2,4,-267.0548051338835,0.5943335747091396,2.1964614855017057,2.19696335861361,1.8773684895631233,False
2,5,-267.19977550954684,0.4493631990458198,2.2249706394796696,2.222910181025939,1.9024628109126958,False
2,6,-267.47754012585733,0.1715985827353279,2.2146910307347176,2.213664785641402,1.8842613748761106,False
2,7,-267.6098837441921,0.03925496440058396,2.197632499643492,2.2016549357127815,1.9206211184879096,False
2,8,-267.5099759105564,0.13916279803623866,2.2563803037764614,2.7483629843545425,2.252362260883329,False
2,9,-265.73273632791364,1.916402380679017,2.4358236594703486,,,True
3,0,-267.64913870859266,0.0,2.3308643852862914,,,True
3,1,-269.6704172583897,-2.021278549797046,2.0446525189145324,3.437448944107428,3.119301543234557,False
3,2,-268.97867007954676,-1.3295313709541006,2.3154702813414043,2.0885034748542757,1.795097862137729,False
3,3,-268.20297880079846,-0.5538400922058031,2.1509140185574385,2.1238539256517557,1.7970137998064255,False
3,4,-267.837824974785,-0.18868626619234874,2.1275594744431,2.128226243149708,1.7876641305690626,False
3,5,-267.96243705624954,-0.31329834765688247,2.1514888852055822,2.149221666834547,1.8104922953548193,False
3,6,-268.23059237382495,-0.5814536652322886,2.1407290074063647,2.139817867035676,1.7919626444284618,False
3,7,-268.3622607925487,-0.7131220839560228,2.1265088948713546,2.129579529382572,1.8314709034337597,False
3,8,-268.2289671516962,-0.5798284431035654,2.1914045200142014,3.2271101823044046,2.408570909173074,False
3,9,-265.73273632791364,1.916402380679017,2.4358236594703486,,,True
4,0,-267.64913870859266,0.0,2.3308643852862914,,,True
4,1,-270.39822732922596,-2.7490886206333016,1.982487948660057,4.08208543793965,3.744042330551054,False
4,2,-269.7175184394881,-2.068379730895458,2.2066555482206343,2.02468126331884,1.697754412097204,False
4,3,-268.9475690240689,-1.2984303154762529,2.0511286648203306,2.0561262095209965,1.7051536323967875,False
4,4,-268.5865047249284,-0.9373660163357158,2.054095975591544,2.0549141120173124,1.693514898313804,False
4,5,-268.6947213418125,-1.0455826332198512,2.07358760693556,2.0711692027914577,1.7137539918323075,False
4,6,-268.9540738245535,-1.304935115960859,2.0622319593936727,2.061427154140849,1.6949870431695033,False
4,7,-269.0844580171953,-1.4353193086026295,2.050891572561765,2.0518609774698615,1.7373189451643734,False
4,8,-268.8951796174764,-1.2460409088837423,2.1253945787942325,3.487066330109946,2.4537229479698497,False
4,9,-265.73273632791364,1.916402380679017,2.4358236594703486,,,True
5,0,-267.64913870859266,0.0,2.3308643852862914,,,True
5,1,-271.08152776368183,-3.4323890550891747,1.9177909156222055,4.415602953541674,4.078244189534226,False
5,2,-270.4263350960649,-2.7771963874722587,2.1100929450466657,1.9557258851776629,1.5988287548885947,False
5,3,-269.6598376786592,-2.010698970066528,1.9782991855440826,1.9832958967717622,1.6086872160562986,False
5,4,-269.30153664094837,-1.6523979323557114,1.9758031819132713,1.9767528711936955,1.59497114707774,False
5,5,-269.3965612477177,-1.7474225391250684,1.9909933559635062,1.9884699950338918,1.6123150921130736,False
5,6,-269.6479503415238,-1.9988116329311651,1.9789085055291085,1.9782032302641666,1.59348130951128,False
5,7,-269.7765951222724,-2.127456413679738,1.970395176904427,1.9674201898062562,1.638305382838438,False
5,8,-269.5049673707905,-1.8558286621978368,2.0591885065659756,3.5384095227415164,2.5999902601874085,False
5,9,-265.73273632791364,1.916402380679017,2.4358236594703486,,,True
6,0,-267.64913870859266,0.0,2.3308643852862914,,,True
6,1,-271.7138133153715,-4.064674606778851,1.8514550909062295,4.466717465840281,4.146609599963851,False
6,2,-271.1047032077718,-3.455564499179161,2.024179779315257,1.881171925994685,1.4976854417436054,False
6,3,-270.3397499019769,-2.6906111933842567,1.9000450396212838,1.9049786594496354,1.5074759066862022,False
6,4,-269.9830128836603,-2.333874175067649,1.892349630176523,1.8934069300943983,1.4920832220183988,False
6,5,-270.06742870343385,-2.4182899948411887,1.9033580493726385,1.9007693489859578,1.5062562368989618,False
6,6,-270.3117236404687,-2.66258493187604,1.8904143609513064,1.889803778760411,1.4876446178201186,False
6,7,-270.438251016335,-2.789112307742357,1.8846279057133892,1.8752902053221476,1.5341666671180487,False
6,8,-270.0570975374115,-2.4079588288188347,1.9936057589705682,3.41976343556488,2.5870217962509976,False
6,9,-265.73273632791364,1.916402380679017,2.4358236594703486,,,True
7,0,-267.64913870859266,0.0,2.3308643852862914,,,True
7,1,-272.2909016332626,-4.6417629246699335,1.7844086721641117,4.286737656347454,3.9965279540403165,False
7,2,-271.75172123216066,-4.102582523568003,1.9475692077177589,1.800488694498239,1.3917311573573927,False
7,3,-270.98669623190267,-3.3375575233100108,1.815915021317137,1.8207184019076748,1.401390469001501,False
7,4,-270.63044924187113,-2.9813105332784744,1.8033325920212582,1.804471066432625,1.3849099753571905,False
7,5,-270.7063340942043,-3.057195385611635,1.8102569598547364,1.8076381019033774,1.3956766920397525,False
7,6,-270.9444337348648,-3.295295026272129,1.796340222827001,1.7958215021457675,1.377836247201343,False
7,7,-271.06844350429174,-3.4193047956990767,1.7931811444486958,1.7746589448120718,1.424287434460731,False
7,8,-270.5524317727102,-2.90329306411752,1.9293800695329475,3.178459287987429,2.4555204588685116,False
7,9,-265.73273632791364,1.916402380679017,2.4358236594703486,,,True
8,0,-267.64913870859266,0.0,2.3308643852862914,,,True
8,1,-272.8097805084374,-5.160641799844768,1.7177201715773696,3.9335215558128556,3.682196697057655,False
8,2,-272.36631092290867,-4.717172214316008,1.8791678743468943,1.7130221134198065,1.281313778173297,False
8,3,-271.59979989676845,-3.9506611881757863,1.7253293643126817,1.7299255194579213,1.2903378175641986,False
8,4,-271.2430804615731,-3.593941752980413,1.7082249022996772,1.7094161277678628,1.2749911498160726,False
8,5,-271.3121197486536,-3.662981040060913,1.7111441328004038,1.7085283635865947,1.2807238421423952,False
8,6,-271.54495377159134,-3.895815062998679,1.6961616532081467,1.6957344013870472,1.2641243713003327,False
8,7,-271.66590349580804,-4.016764787215379,1.6955828307121459,1.66475357483065,1.3080016391123848,False
8,8,-270.9921206748387,-3.342981966246043,1.8673207623666483,2.860209891118662,2.244715439385096,False
8,9,-265.73273632791364,1.916402380679017,2.4358236594703486,,,True
9,0,-267.64913870859266,0.0,2.3308643852862914,,,True
9,1,-273.27002412327954,-5.620885414686882,1.6523756155329208,3.4627920455232473,3.255885055118672,False
9,2,-272.9468709766574,-5.297732268064749,1.8179994532897186,1.6180749762699627,1.1716630789412645,False
9,3,-272.1776221106957,-4.528483402103063,1.6276524472508398,1.631951899840954,1.1742713361823454,False
9,4,-271.819584179808,-4.1704454712153165,1.6064388858906322,1.6076532827804757,1.177068452505205,False
9,5,-271.8831335223625,-4.233994813769868,1.6054156031338622,1.6028355737544207,1.1628918683156955,False
9,6,-272.11165704924406,-4.4625183406514,1.5892937220070125,1.5889602782177434,1.1562067164635923,False
9,7,-272.22877342339893,-4.579634714806275,1.5913525732052054,1.5451860343046966,1.1852038818118968,False
9,8,-271.37929911402125,-3.7301604054285917,1.8080119799377636,2.5026360638273197,1.9876618762349065,False
9,9,-265.73273632791364,1.916402380679017,2.4358236594703486,,,True
10,0,-267.64913870859266,0.0,2.3308643852862914,,,True
10,1,-273.67333162992315,-6.024192921330496,1.5892354650301461,2.923966044280365,2.763842080150596,False
10,2,-273.49143486969024,-5.842296161097579,1.7631953317033322,1.514903209154332,1.057018667626766,False
10,3,-272.7183218628314,-5.069183154238715,1.522189161568148,1.5260855794062071,1.0914471334039022,False
10,4,-272.35823374292625,-4.709095034333586,1.497325383840467,1.4985322324523933,1.0935251143084639,False
10,5,-272.417386874489,-4.7682481658963525,1.492411266979137,1.4899005793821078,1.076184897959167,False
10,6,-272.6425759960106,-4.993437287417919,1.4750911890648735,1.4748572534496407,1.0665526677267445,False
10,7,-272.7548217872163,-5.105683078623656,1.48000928128207,1.4160803270170745,1.0561095051183436,False
10,8,-271.7182642338041,-4.0691255252114615,1.7518372410329865,2.133781398625905,1.7097609371406657,False
10,9,-265.73273632791364,1.916402380679017,2.4358236594703486,,,True
11,0,-267.64913870859266,0.0,2.3308643852862914,,,True
11,1,-274.0230872813922,-6.37394857279952,1.5289998398105697,2.3586175175803628,2.2447079282791336,False
11,2,-273.9978000156191,-6.348661307026418,1.7139751438810495,1.4027258424052527,0.9629117456030043,False
11,3,-273.21979260611215,-5.570653897519492,1.4188871015114997,1.4115596023520771,1.0059826019025764,False
11,4,-272.8570331688978,-5.207894460305113,1.3801863590641954,1.3813530190828027,1.0034982466909912,False
11,5,-272.91268903550645,-5.263550326913787,1.3714281085773075,1.3690233339047135,0.9832273843679387,False
11,6,-273.13553651432625,-5.4863978057335885,1.3528615072477221,1.3527372869785868,0.970736784296004,False
11,7,-273.24166995760436,-5.592531249011699,1.3610917494746635,1.2781298590209238,1.1113872726561942,False
11,8,-272.0139266520333,-4.3647879434406605,1.699000941630836,1.7728998489406336,1.4291697502121603,False
11,9,-265.73273632791364,1.916402380679017,2.4358236594703486,,,True
12,0,-267.64913870859266,0.0,2.3308643852862914,,,True
12,1,-274.32389254840655,-6.674753839813889,1.4721942237165946,1.8794530276109598,1.794574585780781,False
12,2,-274.46367606026257,-6.814537351669912,1.6696285434186027,1.2923043619678927,0.90217547727233,False
12,3,-273.6798193842077,-6.030680675615031,1.3757236508908735,1.2875813090907247,0.9132064536486214,False
12,4,-273.31387532880836,-5.664736620215706,1.254305895745371,1.2553960519308045,0.9064600818971416,False
12,5,-273.3667995343456,-5.717660825752944,1.2417491804312064,1.239493402862464,0.8835466402423228,False
12,6,-273.58831356959627,-5.9391748610036075,1.2218936995440457,1.2218959765086448,0.8830325458305274,False
12,7,-273.68707506469497,-6.037936356102307,1.2341903193750399,1.2987345149896192,1.1581692256231946,False
12,8,-272.2713859957508,-4.622247287158132,1.6495591604043256,1.4322012616689657,1.1580718867469766,False
12,9,-265.73273632791364,1.916402380679017,2.4358236594703486,,,True
13,0,-267.64913870859266,0.0,2.3308643852862914,,,True
13,1,-274.58201370017457,-6.932874991581912,1.418973005199171,1.4507680348840384,1.3895615461097548,False
13,2,-274.88816923821116,-7.239030529618503,1.628629682911687,1.1690682179494325,0.8759822491652343,False
13,3,-274.09605609727487,-6.446917388682209,1.3380462342377426,1.1534874704856748,0.8549410326464181,False
13,4,-273.7265251277272,-6.077386419134541,1.1190999063527995,1.1200703831988355,0.8479174924308497,False
13,5,-273.7774030935167,-6.128264384924023,1.1027886072662463,1.1007371425825243,0.8406216535628415,False
13,6,-273.9986096970662,-6.349470988473513,1.0816015477790737,1.0817574043395106,0.8499701900076441,False
13,7,-274.08905224285724,-6.439913534264576,1.0990758788752921,1.282823326149673,1.1608865996913176,False
13,8,-272.4955445169597,-4.846405808367024,1.603472064614037,1.1188711107611693,0.9042546967377534,False
13,9,-265.73273632791364,1.916402380679017,2.4358236594703486,,,True
14,0,-267.64913870859266,0.0,2.3308643852862914,,,True
14,1,-274.80362124203657,-7.154482533443911,1.369354733162755,1.0639439329794549,1.023316595703074,False
14,2,-275.27044570843884,-7.621306999846183,1.589516568142064,1.0315617193588722,0.8449939107786076,False
14,3,-274.4666414783279,-6.817502769735256,1.3047825252733034,1.0088611749612404,0.8186831767183395,False
14,4,-274.0932389496491,-6.4441002410564465,0.9742085651724973,0.9750035496788989,0.8116734212946356,False
14,5,-274.14271512124566,-6.493576412652999,0.9541666619387603,0.9523981016709865,0.8046217087250578,False
14,6,-274.36466220505844,-6.715523496465778,0.9367882320885295,0.9397343890415181,0.8138965514409984,False
14,7,-274.44658139953344,-6.797442690940784,0.9557292973163294,1.2224560823953565,1.1185392520987656,False
14,8,-272.6910597776824,-5.041921069089767,1.560610478763117,0.8365009093523905,0.6722621863225245,False
14,9,-265.73273632791364,1.916402380679017,2.4358236594703486,,,True
15,0,-267.64913870859266,0.0,2.3308643852862914,,,True
15,1,-274.9943758559676,-7.345237147374917,1.323286189500636,0.7207715486252948,0.6969396696416038,False
15,2,-275.60987876290517,-7.9607400543125095,1.5509728712884265,1.016676113651575,0.8095661010258862,False
15,3,-274.7905735726754,-7.141434864082726,1.27503072045254,0.8994804355462328,0.7787179000595215,False
15,4,-274.41314513801905,-6.764006429426388,0.8932914960225338,0.8931858087150212,0.7718814081400895,False
15,5,-274.4618454158757,-6.812706707283041,0.8855945881422427,0.8856870238360111,0.7651180419317452,False
15,6,-274.6856103426335,-7.036471634040822,0.8824464361509146,0.8852419459868452,0.774325742531453,False
15,7,-274.760004575051,-7.110865866458369,0.926681020680079,1.1196829282547507,1.0339040368118324,False
15,8,-272.8622342125768,-5.213095503984164,1.520785155570759,0.5863884505465796,0.5027863634807633,False
15,9,-265.73273632791364,1.916402380679017,2.4358236594703486,,,True
16,0,-267.64913870859266,0.0,2.3308643852862914,,,True
16,1,-275.1593735902917,-7.510234881699034,1.2806643391325696,0.42260330025172144,0.4099488125061026,False
16,2,-275.90666266655444,-8.25752395796178,1.511711038913909,1.0532300526864782,0.7701802400122791,False
16,3,-275.06813251259155,-7.418993803998887,1.2482657146873986,0.8404902711951077,0.7344790907466716,False
16,4,-274.68667248016783,-7.03753377157517,0.8434644551328009,0.842067326791798,0.7279957340335158,False
16,5,-274.7352024264894,-7.086063717896764,0.8239388052291977,0.8241151038635101,0.7215957880161977,False
16,6,-274.9619001209818,-7.312761412389136,0.8535382090226638,0.8511740161358969,0.7307249031989983,False
16,7,-275.03134057288094,-7.382201864288277,0.9613547802229958,0.9813213214695173,0.9133950307459334,False
16,8,-273.0129586774001,-5.363819968807434,1.4837778307073728,0.47811479116755234,0.3988415182997964,False
16,9,-265.73273632791364,1.916402380679017,2.4358236594703486,,,True
17,0,-267.64913870859266,0.0,2.3308643852862914,,,True
17,1,-275.30315814614715,-7.654019437554496,1.2413623643885163,0.3353979916167992,0.2931906501048724,False
17,2,-276.16241211895294,-8.513273410360284,1.4704216594863355,1.0949327865834753,0.7931678441794805,False
17,3,-275.30138375668525,-7.652245048092595,1.2241003185072223,0.8709378164791649,0.6854010822743111,False
17,4,-274.9160560107595,-7.26691730216686,0.8771349979239325,0.8756316091150983,0.6794688957287165,False
17,5,-274.96496459908553,-7.315825890492874,0.8417331034898152,0.8448316825057429,0.6735406999659888,False
17,6,-275.19575261410284,-7.546613905510185,0.8875494305341819,0.8848817165452986,0.6825602179787584,False
17,7,-275.2644955656691,-7.615356857076449,1.0021899888327852,0.9612515944717636,0.7814890829618882,False
17,8,-273.14671035960316,-5.497571651010503,1.4493693343047733,0.4014294632378311,0.34119984558101574,False
17,9,-265.73273632791364,1.916402380679017,2.4358236594703486,,,True
18,0,-267.64913870859266,0.0,2.3308643852862914,,,True
18,1,-275.42975270648,-7.780613997887315,1.2052581953760866,0.3101520213121519,0.2713595491753273,False
18,2,-276.38056667717865,-8.73142796858599,1.4259198159849489,1.1426436692248592,0.8213598135332925,False
18,3,-275.49460067033897,-7.8454619617463095,1.2022996694092514,0.9080984390023688,0.6409481065114836,False
18,4,-275.1057598697325,-7.456621161139822,0.9180676383965826,0.9164497253803895,0.6658138681013981,False
18,5,-275.15545925407537,-7.506320545482708,0.880872733715258,0.8842948080980613,0.6741982416206124,False
18,6,-275.39153304121095,-7.742394332618289,0.928548690811703,0.9255174600442044,0.7035752157949453,False
18,7,-275.46520854559776,-7.816069837005102,1.0502680847709787,1.0095562997424896,0.8196352685815255,False
18,8,-273.26657155098746,-5.6174328423948054,1.4173660467063867,0.347185403633476,0.2947908150386544,False
18,9,-265.73273632791364,1.916402380679017,2.4358236594703486,,,True
19,0,-267.64913870859266,0.0,2.3308643852862914,,,True
19,1,-275.5426570517559,-7.893518343163237,1.1722630643911751,0.29975627400538885,0.23829942914493565,False
19,2,-276.5663835598313,-8.91724485123865,1.3775918486940357,1.1970781774837467,0.8540098676156311,False
19,3,-275.6543218278084,-8.005183119215758,1.18287234548364,0.9532877385986299,0.6628855490361762,False
19,4,-275.2625267094247,-7.61338800083206,0.9675560290666848,0.9658099657351669,0.7203527946604429,False
19,5,-275.313171169741,-7.664032461148338,0.9285835238140533,0.9323822409891603,0.7212858087176253,False
19,6,-275.55574059629737,-7.90660188770471,0.9776561388712491,0.9741852001778964,0.7486478945795054,False
19,7,-275.6405662652536,-7.991427556660938,1.1066047252681535,1.0687708908776046,0.8637234498888623,False
19,8,-273.3752293064284,-5.726090597835764,1.3876267701869256,0.3419968595284919,0.2438465359192568,False
19,9,-265.73273632791364,1.916402380679017,2.4358236594703486,,,True
20,0,-267.64913870859266,0.0,2.3308643852862914,,,True
20,1,-275.6447928849201,-7.9956541763274345,1.1423471280706385,0.3983375043630886,0.3563853681522083,False
20,2,-276.72644391584936,-9.0773052072567,1.3258216275836836,1.2588567468185097,0.8912727156678343,False
20,3,-275.78880625088584,-8.139667542293182,1.166064665689549,1.0075796675490902,0.6900326512903435,False
20,4,-275.3948178442067,-7.745679135614068,1.026500817542896,1.0246044503899348,0.779028596744631,False
20,5,-275.44617092326916,-7.797032214676506,0.9859519540283164,0.9901795350564746,0.7717893595305633,False
20,6,-275.69641335173986,-8.047274643147205,1.0356431371156598,1.0316388058194883,0.7961834733947214,False
20,7,-275.798144698334,-8.14900598974134,1.1719507427390639,1.1393130808186438,0.9160332682855787,False
20,8,-273.47493892002814,-5.825800211435478,1.3600883746975219,0.3355522929306806,0.2385742188915341,False
20,9,-265.73273632791364,1.916402380679017,2.4358236594703486,,,True
21,0,-267.64913870859266,0.0,2.3308643852862914,,,True
21,1,-275.73845509109,-8.089316382497316,1.1155511195969507,0.49384740743611216,0.4546886335525113,False
21,2,-276.86789802954183,-9.218759320949175,1.2715669726293481,1.3277524265613871,0.9328563884435046,False
21,3,-275.90699602248435,-8.25785731389169,1.152303910758122,1.071387051330622,0.7228026447161028,False
21,4,-275.5117633835314,-7.862624674938729,1.0949121116927232,1.092831040224512,0.8415268956959866,False
21,5,-275.5631091214226,-7.91397041282994,1.0533627523270213,1.058061699510821,0.8256839457834115,False
21,6,-275.8221089704158,-8.172970261823139,1.1026424589370518,1.0979933130371105,0.846627686547094,False
21,7,-275.94517799945953,-8.296039290866872,1.2466089735149957,1.2207235556054354,0.9786691820375211,False
21,8,-273.5674868404868,-5.918348131894163,1.3347793328508644,0.32771405846753904,0.2558496309801913,False
21,9,-265.73273632791364,1.916402380679017,2.4358236594703486,,,True
22,0,-267.64913870859266,0.0,2.3308643852862914,,,True
22,1,-275.8253334346594,-8.17619472606674,1.091967625841749,0.5528037088792748,0.5178259255733583,False
22,2,-276.997802924309,-9.348664215716326,1.318820145758625,1.4013392357831231,0.9769404908933464,False
22,3,-276.01740985715287,-8.368271148560211,1.1470720516434934,1.1439257874495459,0.7609706975905357,False
22,4,-275.6220604050286,-7.972921696435947,1.1713821851391208,1.1690667937671473,0.9071793432144106,False
22,5,-275.6722273690492,-8.023088660456551,1.1300695680355846,1.1352629591645242,0.8830229845781584,False
22,6,-275.9409296218646,-8.291790913271939,1.1779900127941338,1.17256702834281,0.9008813666301985,False
22,7,-276.08817074657867,-8.43903203798601,1.330054665815117,1.311267580922674,1.0526260885458976,False
22,8,-273.65420507201077,-6.005066363418109,1.3118082074087247,0.339318488841313,0.29367798793465066,False
22,9,-265.73273632791364,1.916402380679017,2.4358236594703486,,,True
23,0,-267.64913870859266,0.0,2.3308643852862914,,,True
23,1,-275.906590946743,-8.257452238150336,1.0716886825607392,0.5777329020463384,0.548354812016832,False
23,2,-277.12276399639404,-9.473625287801383,1.368063739604656,1.4749074663661954,1.0200031540563097,False
23,3,-276.12736217332645,-8.478223464733787,1.225096778005296,1.2225999096854998,0.8079145676456397,False
23,4,-275.7332161622114,-8.084077453618761,1.2527183353666207,1.2501044371863206,0.9747047846501437,False
23,5,-275.78077034062096,-8.131631632028302,1.2139042863528695,1.2195882446656712,0.9440181536010581,False
23,6,-276.0599907960277,-8.410852087435046,1.2602379994595954,1.2538934989140642,0.9603322123241884,False
23,7,-276.2329820409394,-8.58384333234676,1.419321229173884,1.406286636417266,1.1353121816231122,False
23,8,-273.7360273354001,-6.086888626807422,1.2913252935493555,0.36923199403115947,0.3122261224368879,False
23,9,-265.73273632791364,1.916402380679017,2.4358236594703486,,,True
24,0,-267.64913870859266,0.0,2.3308643852862914,,,True
24,1,-275.98294585403545,-8.33380714544279,1.054735633026515,0.5729069805272695,0.5499858687358523,False
24,2,-277.24886311572175,-9.599724407129088,1.409556940364508,1.5432559250963787,1.0580596637176194,False
24,3,-276.242625639081,-8.593486930488325,1.3041576468999296,1.3025628180153306,0.8682682412898586,False
24,4,-275.85123950322964,-8.202100794636976,1.3340752172418502,1.3310928903369499,1.041842204932031,False
24,5,-275.8948582658604,-8.245719557267762,1.301363521212668,1.307505804608726,1.0088768065862834,False
24,6,-276.1853848465187,-8.536246137926014,1.3470083541266002,1.339572064982809,1.0260796776475278,False
24,7,-276.384880434288,-8.735741725695334,1.5039030004861238,1.493183028738498,1.2148771920536001,False
24,8,-273.8135378173199,-6.1643991087272525,1.2734677184919994,0.38081413115037915,0.31430608947958927,False
24,9,-265.73273632791364,1.916402380679017,2.4358236594703486,,,True
25,0,-267.64913870859266,0.0,2.3308643852862914,,,True
25,1,-276.0547374565458,-8.40559874795315,1.0561129682278358,0.543928439445181,0.5275621669899406,False
25,2,-277.38159339072473,-9.732454682132072,1.4405837731509092,1.6018688104620509,1.0874577855314076,False
25,3,-276.36736477443276,-8.7182260658401,1.3775560243413012,1.377097333082534,0.921937837105695,False
25,4,-275.9805823332604,-8.331443624667713,1.4097610687319206,1.4063568283849548,1.105050036707414,False
25,5,-276.0195419107081,-8.370403202115426,1.388097997335442,1.3946458444562082,1.0771544392960337,False
25,6,-276.32225974986125,-8.673121041268587,1.4333731635024705,1.4246507214339375,1.0961201398168043,False
25,7,-276.5475429502448,-8.898404241652145,1.5559053627793098,1.5422365605268085,1.2614338851871925,False
25,8,-273.886998551029,-6.2378598424363645,1.2583023089892944,0.37731794227405213,0.3032573830253717,False
25,9,-265.73273632791364,1.916402380679017,2.4358236594703486,,,True
26,0,-267.64913870859266,0.0,2.3308643852862914,,,True
26,1,-276.12200593673015,-8.472867228137488,1.0771952808991625,0.4972260208516862,0.4867737144895816,False
26,2,-277.5253845671717,-9.876245858579068,1.4574556466567328,1.644312559044285,1.103262472255287,False
26,3,-276.5040931016821,-8.854954393089429,1.43842292954716,1.4392951169721742,0.9648022792407366,False
26,4,-276.12403973191795,-8.474901023325287,1.4737957378794793,1.4699695478277275,1.15887925462747,False
26,5,-276.1586671916955,-8.509528483102827,1.468771422354479,1.4756677512435257,1.1459375995998808,False
26,6,-276.4743477677992,-8.825209059206543,1.506476631077149,1.496282914541879,1.158984407633724,False
26,7,-276.72005680867693,-9.07091810008427,1.5240154579752139,1.5023178609986205,1.2248122805704718,False
26,8,-273.9563930387817,-6.307254330189039,1.2585872501556958,0.36217879035036066,0.30611633993297216,False
26,9,-265.73273632791364,1.916402380679017,2.4358236594703486,,,True
27,0,-267.64913870859266,0.0,2.3308643852862914,,,True
27,1,-276.1846281040489,-8.535489395456239,1.0982385017588465,0.439348969128591,0.4336071696430289,False
27,2,-277.6824608651533,-10.033322156560644,1.4485312939026227,1.655738951115319,1.095766925876751,False
27,3,-276.65359629809717,-9.004457589504511,1.4809997359684117,1.483356015707493,0.9922481820673311,False
27,4,-276.28244144447785,-8.633302735885195,1.517689775291838,1.5135378803878385,1.193548834724365,False
27,5,-276.3143506386998,-8.665211930107148,1.5337066868413234,1.540906378636711,1.2053836342246511,False
27,6,-276.6423553610646,-8.993216652471915,1.536829565452041,1.525134723643819,1.185472862743037,False
27,7,-276.8933018557473,-9.244163147154666,1.3526564707798836,1.32197737887614,1.057867030242829,False
27,8,-274.0215378754689,-6.372399166876221,1.296053883164915,0.3386682700570755,0.30794806637731853,False
27,9,-265.73273632791364,1.916402380679017,2.4358236594703486,,,True
28,0,-267.64913870859266,0.0,2.3308643852862914,,,True
28,1,-276.2425025416876,-8.59336383309494,1.118913569262967,0.37620479901643367,0.373667147812105,False
28,2,-277.85119194897175,-10.202053240379087,1.3880240816389944,1.608106962222756,1.0488607610438325,False
28,3,-276.8148203266421,-9.165681618049462,1.4972716676359363,1.5012160196942792,0.9960896803928115,False
28,4,-276.454004475083,-8.804865766490366,1.5239761770635762,1.5197106828851055,1.1904435434195297,False
28,5,-276.4859335272313,-8.836794818638623,1.560845777391451,1.5683158231720316,1.2316407012499824,False
28,6,-276.8213453939642,-9.17220668537152,1.476915927597443,1.46416810260067,1.1294901338686025,False
28,7,-277.0505964623754,-9.401457753782722,1.0202759820172285,0.9874954005759207,0.7559661734805434,False
28,8,-274.08226156296183,-6.433122854369174,1.3321185713085264,0.3095677951629339,0.29478866559796696,False
28,9,-265.73273632791364,1.916402380679017,2.4358236594703486,,,True
29,0,-267.64913870859266,0.0,2.3308643852862914,,,True
29,1,-276.2957179535607,-8.646579244968052,1.1390724024354097,0.312480201477047,0.31159891082338814,False
29,2,-278.02465380579804,-10.37551509720538,1.2388543038064954,1.4650367503954218,0.9440636730199078,False
29,3,-276.98448530735243,-9.33534659875977,1.4688664492950219,1.4743748300491357,0.9699376366501471,False
29,4,-276.633245977157,-8.984107268564344,1.4607227027022203,1.4566186984197966,1.12070025202057,False
29,5,-276.66827688819853,-9.019138179605875,1.5094890366677187,1.517175753856635,1.184249678790414,False
29,6,-276.9989985842709,-9.349859875678248,1.2815818388401163,1.2690419111186115,0.9506332235303914,False
29,7,-277.17474230578654,-9.525603597193879,0.5455915693366127,0.5269387780337444,0.4250366752453035,False
29,8,-274.13858041163127,-6.489441703038608,1.366606915754298,0.27696516681697264,0.268951122764985,False
29,9,-265.73273632791364,1.916402380679017,2.4358236594703486,,,True
30,0,-267.64913870859266,0.0,2.3308643852862914,,,True
30,1,-276.3446495589119,-8.695510850319238,1.1587755278282323,0.251403545839132,0.2507919194358532,False
30,2,-278.1905618345064,-10.541423125913752,0.9654083705745417,1.1961836371349301,0.7686700045301283,False
30,3,-277.1562156478392,-9.50707693924653,1.3630457274088628,1.3697650266801618,0.915018555067238,False
30,4,-276.8098756725756,-9.160736963982913,1.2867011842881648,1.282950422419086,0.953799744114516,False
30,5,-276.84999043567484,-9.200851727082181,1.3296489218063392,1.337423609331769,1.0196225333542899,False
30,6,-277.15768729644674,-9.50854858785408,0.9346593322127782,0.9242780037052493,0.6532471933422358,False
30,7,-277.25586465886215,-9.606725950269492,0.3740466255738828,0.37613472402319165,0.37006430650934435,False
30,8,-274.1908066408846,-6.5416679322919435,1.3996664027648054,0.24506963724533087,0.23309280137956961,False
30,9,-265.73273632791364,1.916402380679017,2.4358236594703486,,,True
31,0,-267.64913870859266,0.0,2.3308643852862914,,,True
31,1,-276.38998606329744,-8.740847354704783,1.178298569989299,0.224168237050439,0.22072384302200979,False
31,2,-278.3334421973888,-10.68430348879616,0.7048370127433431,0.7919693701297698,0.5219480753048118,False
31,3,-277.31951616286506,-9.670377454272398,1.1382334183867326,1.1451476331254027,0.7784003603520112,False
31,4,-276.96877536974284,-9.319636661150184,0.9641518623423818,0.9607197746837858,0.6741035903935167,False
31,5,-277.0134260859421,-9.364287377349456,0.9840399603123849,0.9916908034787036,0.7143900467836247,False
31,6,-277.28011091477185,-9.630972206179194,0.4481692372789212,0.4419070972426618,0.3745739381472017,False
31,7,-277.29636878864255,-9.647230080049894,0.7709288780945671,0.6946274806665105,0.5205270545077383,False
31,8,-274.23958422231317,-6.5904455137205105,1.4317480777324672,0.21953549001854217,0.18977169289024862,False
31,9,-265.73273632791364,1.916402380679017,2.4358236594703486,,,True
32,0,-267.64913870859266,0.0,2.3308643852862914,,,True
32,1,-276.4328182103857,-8.783679501793017,1.1981162512000931,0.20051225335351694,0.19164816239102891,False
32,2,-278.43827822741963,-10.789139518826971,0.6598918478721513,0.4693510190832855,0.38353094825827894,False
32,3,-277.45871387825696,-9.8095751696643,1.0821182423907787,0.7573656851543034,0.52596156668009,False
32,4,-277.0911477905444,-9.442009081951767,0.4662131159764133,0.4628599174233378,0.31746348986851536,False
32,5,-277.1372798870883,-9.488141178495653,0.45797195096823917,0.4652934263652097,0.3324325009160444,False
32,6,-277.35497425514404,-9.705835546551384,0.3628778992500007,0.3693023902300993,0.31704828810976077,False
32,7,-277.3120550634363,-9.662916354843617,1.3121532623506438,1.1713312216216827,0.9028522282244046,False
32,8,-274.2860057969889,-6.6368670883962295,1.463557980890817,0.1944675655032163,0.15391977209619945,False
32,9,-265.73273632791364,1.916402380679017,2.4358236594703486,,,True
33,0,-267.64913870859266,0.0,2.3308643852862914,,,True
33,1,-276.47449308511364,-8.825354376520977,1.2188843294115008,0.17019479632140447,0.15488131252120388,False
33,2,-278.49769133754455,-10.848552628951893,1.1881415489750238,1.0147340819654749,0.8669602613533877,False
33,3,-277.55429481034435,-9.905156101751686,1.0734466137906853,0.31533237338595627,0.28068527409723415,False
33,4,-277.15893385958054,-9.509795150987884,0.41905197242312886,0.4102312657368934,0.3015194399271808,False
33,5,-277.2029215022461,-9.553782793653454,0.46587092276075454,0.479369018291448,0.3508509682075441,False
33,6,-277.3830747577124,-9.733936049119734,0.9883050087289346,0.9975178599975622,0.7997214127602261,False
33,7,-277.3289990110417,-9.679860302449015,1.6919708839674052,1.5121181885419106,1.1682496900695591,False
33,8,-274.3314518362821,-6.68231312768944,1.495964534812956,0.1863803609081855,0.12927433440837283,False
33,9,-265.73273632791364,1.916402380679017,2.4358236594703486,,,True
34,0,-267.64913870859266,0.0,2.3308643852862914,,,True
34,1,-276.51649171123904,-8.867353002646382,1.2412797991331317,0.16478862215390652,0.1480209550395186,False
34,2,-278.5181663068405,-10.86902759824784,1.8196048454464355,1.6112384767770318,1.3400146442788885,False
34,3,-277.588103687288,-9.938964978695367,1.0714828894796387,0.7490442221022648,0.5787494093890926,False
34,4,-277.1641920163729,-9.51505330778025,1.171614036259986,1.1636176156902642,0.8530191853375538,False
34,5,-277.2039704485969,-9.55483174000426,1.2456029129216735,1.2559173585783676,0.9270030291279919,False
34,6,-277.38110692857424,-9.731968219981582,1.5780394748957547,1.5933506360312706,1.2695116600726968,False
34,7,-277.3710589869539,-9.721920278361267,1.8169455631244862,1.6451688501080997,1.2631870052763277,False
34,8,-274.3774843509533,-6.728345642360637,1.5296952430613948,0.17594709300143166,0.11985429958612512,False
34,9,-265.73273632791364,1.916402380679017,2.4358236594703486,,,True
35,0,-267.64913870859266,0.0,2.3308643852862914,,,True
35,1,-276.52972118030317,-8.880582471710511,1.2574752476728954,0.14445973895170758,0.12312988087722662,False
35,2,-278.68342889359235,-11.03429018499969,0.7892120428824536,0.6780753813764969,0.5647042303110233,False
35,3,-277.65672363156114,-10.007584922968476,1.0872431374286737,0.32027251530328155,0.260503694874315,False
35,4,-277.2635602930618,-9.614421584469142,0.35827658253158995,0.3497795050985535,0.2689906935089952,False
35,5,-277.3103554473048,-9.661216738712142,0.3621835246033819,0.3775556556049245,0.29573534020361414,False
35,6,-277.52386504188576,-9.874726333293097,0.3727363185537315,0.3941277642353224,0.26945777107737673,False
35,7,-277.5476334974966,-9.898494788903918,0.4718105652626529,0.49390440635361665,0.3285103374180461,False
35,8,-274.3888586003584,-6.739719891765731,1.5505564163597214,0.1556277580249009,0.10730597788218814,False
35,9,-265.73273632791364,1.916402380679017,2.4358236594703486,,,True
36,0,-267.64913870859266,0.0,2.3308643852862914,,,True
36,1,-276.54670273997874,-8.897564031386082,1.2795872116318334,0.12232372485216053,0.09370867898912791,False
36,2,-278.7787496850923,-11.129610976499634,0.5554006235169048,0.4811438401019709,0.3133205205975168,False
36,3,-277.7046586257643,-10.055519917171637,1.107390914341673,0.2600362408671641,0.25351914698391403,False
36,4,-277.30843446150595,-9.659295752913295,0.3486069283002777,0.34331263823683844,0.261083344633059,False
36,5,-277.35541332807963,-9.706274619486976,0.3936463346023656,0.4015490637858724,0.3022235060327846,False
36,6,-277.56554101024017,-9.916402301647508,0.4678416557456326,0.48796005461536857,0.3435169997263151,False
36,7,-277.59815239764674,-9.949013689054084,0.4203242308293984,0.34318248256528144,0.3234345552720577,False
36,8,-274.4037563872729,-6.754617678680233,1.5778688345655383,0.12932900424615987,0.09077078544901793,False
36,9,-265.73273632791364,1.916402380679017,2.4358236594703486,,,True
37,0,-267.64913870859266,0.0,2.3308643852862914,,,True
37,1,-276.56846498437534,-8.91932627578268,1.3080556446769955,0.10861367241832606,0.08147904520351557,False
37,2,-278.85692585302695,-11.207787144434292,0.6812915921820627,0.7464188101459898,0.48645068609454134,False
37,3,-277.74480532083874,-10.095666612246077,1.125122545850781,0.3826390403438036,0.2694509912365237,False
37,4,-277.3423097158484,-9.693171007255728,0.5912462844529349,0.5862304092205225,0.4807284783533941,False
37,5,-277.3897975866664,-9.74065887807376,0.6418531675665529,0.6488001446736468,0.5306889972077413,False
37,6,-277.59157277820094,-9.942434069608282,0.7623079126268133,0.7832247710570772,0.6152252295901666,False
37,7,-277.61456690000045,-9.965428191407796,0.8293296859841335,0.7412050049714851,0.64261826180682,False
37,8,-274.4231488379262,-6.774010129333533,1.61085434122126,0.09693525812562774,0.06977442860916956,False
37,9,-265.73273632791364,1.916402380679017,2.4358236594703486,,,True
38,0,-267.64913870859266,0.0,2.3308643852862914,,,True
38,1,-276.59327232306464,-8.94413361447198,1.3384557049061625,0.09339131817060205,0.07184671149213535,False
38,2,-278.94699923238824,-11.297860523795578,0.753920225803414,0.7778724876127547,0.5207220505483686,False
38,3,-277.79202059386773,-10.142881885275074,1.1325233415365998,0.42923563447636537,0.33462002801482565,False
38,4,-277.3941185549859,-9.744979846393221,0.5892060103914692,0.5854365488880179,0.49512208123776413,False
38,5,-277.44496610815713,-9.795827399564473,0.6266904204675489,0.6314573442229003,0.5234471444390049,False
38,6,-277.649379930357,-10.000241221764327,0.755931213098894,0.7766803688038196,0.6035064376313265,False
38,7,-277.6560608875441,-10.006922178951413,0.8901741841607438,0.7936625068655563,0.6664275741679413,False
38,8,-274.4453305012856,-6.796191792692923,1.642943223766025,0.0663920444868866,0.05247835910935136,False
38,9,-265.73273632791364,1.916402380679017,2.4358236594703486,,,True
39,0,-267.64913870859266,0.0,2.3308643852862914,,,True
39,1,-276.6187651468764,-8.96962643828374,1.3662366182237409,0.07810240269626326,0.061277757892189505,False
39,2,-279.0424072527446,-11.393268544151965,0.6515344820290115,0.6455726928240171,0.4309016634466616,False
39,3,-277.84701650744626,-10.197877798853597,1.1283246468602186,0.3454003968433069,0.2887251284465208,False
39,4,-277.45791984445225,-9.80878113585959,0.410739791454682,0.40854656610630063,0.35955304587737624,False
39,5,-277.5120689192256,-9.862930210632953,0.4235717012428187,0.4253413778090461,0.3496171444834077,False
39,6,-277.72695827233576,-10.077819563743105,0.5335551067813624,0.5533868935960785,0.3886409903201113,False
39,7,-277.7195726822937,-10.070433973701029,0.7323576499679998,0.6122953357734306,0.4960572785448828,False
39,8,-274.4679629967146,-6.818824288121959,1.668763532924528,0.042652492326814326,0.0345346825484193,False
39,9,-265.73273632791364,1.916402380679017,2.4358236594703486,,,True
40,0,-267.64913870859266,0.0,2.3308643852862914,,,True
40,1,-276.64451622156446,-8.9953775129718,1.390277920349275,0.063010831945466,0.050196568427468106,False
40,2,-279.1283482273903,-11.479209518797632,0.4287007004175772,0.40502880716610973,0.2941790647924469,False
40,3,-277.90167483976484,-10.252536131172178,1.1162117546397246,0.27468557686397416,0.25495105494937864,False
40,4,-277.5161688566275,-9.867030148034814,0.31360986424812304,0.2900287992800187,0.26202895332801635,False
40,5,-277.5711059366054,-9.921967228012761,0.33677887688331126,0.2780225749969873,0.22031376628403185,False
40,6,-277.7950028200935,-10.145864111500828,0.2712596153872288,0.23753784074275588,0.2161660779140031,False
40,7,-277.78072780557324,-10.131589096980576,0.4404597501277484,0.3184542737793968,0.24616925179136,False
40,8,-274.490591691736,-6.841452983143313,1.6877587492539685,0.044911185198719054,0.03950360317771624,False
40,9,-265.73273632791364,1.916402380679017,2.4358236594703486,,,True
41,0,-267.64913870859266,0.0,2.3308643852862914,,,True
41,1,-276.67150165372834,-9.022362945135683,1.410991420785374,0.047853680658720026,0.03863829223063587,False
41,2,-279.1987142627629,-11.549575554170247,0.3083706000533669,0.31472299384589,0.2881785574103423,False
41,3,-277.9516125828122,-10.302473874219515,1.1001051722587265,0.27343179359257686,0.25293933267574925,False
41,4,-277.5629791379705,-9.913840429377842,0.3106013004686165,0.2847453739505994,0.26194419544443165,False
41,5,-277.6175364447298,-9.968397736137149,0.34085112057868766,0.3497797480962713,0.2725573387645534,False
41,6,-277.84308258868873,-10.193943880096072,0.36052035904678115,0.3752756466850888,0.28521591256620227,False
41,7,-277.825029638296,-10.175890929703314,0.2638526783024865,0.2881596867206497,0.20918939049157698,False
41,8,-274.51408774085314,-6.864949032260483,1.7011536814576842,0.04352723491496714,0.03725572148460616,False
41,9,-265.73273632791364,1.916402380679017,2.4358236594703486,,,True
42,0,-267.64913870859266,0.0,2.3308643852862914,,,True
42,1,-276.7006760965355,-9.051537387942858,1.4285597549670241,0.05173966696101303,0.04644144514855497,False
42,2,-279.25826791633295,-11.609129207740295,0.49355920605815706,0.49806298869007626,0.48905486981588425,False
42,3,-277.99969451367065,-10.350555805077988,1.082880546939389,0.266170041807556,0.24278483767989525,False
42,4,-277.60779055358677,-9.958651844994108,0.43246835464633865,0.4299737567278742,0.29531088287132307,False
42,5,-277.6643458498646,-10.015207141271958,0.49178060546260655,0.49521029203629524,0.3361774931060285,False
42,6,-277.8872005479601,-10.238061839367447,0.5998793345387179,0.613334191094503,0.48712040501141185,False
42,7,-277.85799015867553,-10.208851450082875,0.4137034149804075,0.4909546408835859,0.35572106075647025,False
42,8,-274.53927235083734,-6.8901336422446775,1.7101187454109268,0.044658939718665955,0.034225668931120765,False
42,9,-265.73273632791364,1.916402380679017,2.4358236594703486,,,True
43,0,-267.64913870859266,0.0,2.3308643852862914,,,True
43,1,-276.73156276951283,-9.082424060920175,1.4425597829118193,0.061920726626991336,0.05585932758667707,False
43,2,-279.3167594464526,-11.66762073785992,0.5536217402146711,0.5576314339584125,0.5397991240018416,False
43,3,-278.0513534628359,-10.402214754243232,1.066280316355066,0.32140765971196167,0.229467514752344,False
43,4,-277.6603940694247,-10.011255360832024,0.4009263274141057,0.400601730566729,0.26860317177666,False
43,5,-277.7218935121432,-10.072754803550538,0.43341831965542243,0.4336597744765852,0.2998799395805979,False
43,6,-277.94571708451446,-10.296578375921797,0.5567786173802367,0.568910147830466,0.45602302273147594,False
43,7,-277.8976831194102,-10.248544410817544,0.5077214012450559,0.5864195351910427,0.4174851052051104,False
43,8,-274.5656761669015,-6.916537458308824,1.7156149246571426,0.04027315174322716,0.03113110368792929,False
43,9,-265.73273632791364,1.916402380679017,2.4358236594703486,,,True
44,0,-267.64913870859266,0.0,2.3308643852862914,,,True
44,1,-276.76310617388856,-9.1139674652959,1.4528032041731669,0.059113818106512506,0.05363252475711893,False
44,2,-279.3769107515043,-11.727772042911624,0.4311240530490638,0.4358493714351142,0.4163128386583297,False
44,3,-278.1070281162856,-10.45788940769296,1.0513859409551347,0.2683939123334761,0.21436946906304571,False
44,4,-277.71622700986853,-10.067088301275874,0.26686875303501373,0.2673807239654812,0.21400374686287552,False
44,5,-277.7836401379558,-10.134501429363127,0.33842362562852113,0.2864943965078285,0.21251237988394056,False
44,6,-278.0127669991663,-10.363628290573615,0.33655646924794835,0.31011992387371207,0.29990225007755833,False
44,7,-277.9483608432861,-10.299222134693423,0.3767632297394287,0.44133342255608576,0.29715502155333773,False
44,8,-274.59233236561835,-6.943193657025688,1.7185886120142269,0.03851489305549827,0.024443843497685178,False
44,9,-265.73273632791364,1.916402380679017,2.4358236594703486,,,True
45,0,-267.64913870859266,0.0,2.3308643852862914,,,True
45,1,-276.7952308588963,-9.146092150303616,1.4598921075320967,0.045111776312676544,0.04121511485174441,False
45,2,-279.43265674616873,-11.783518037576073,0.30084260474757857,0.26947515642487535,0.18990945548380864,False
45,3,-278.1621755809744,-10.513036872381747,1.0386055597509594,0.27906754001563683,0.2195603633977614,False
45,4,-277.76587070986534,-10.11673200127268,0.27715609495595217,0.277612814882928,0.21840847200115643,False
45,5,-277.84026805065434,-10.191129342061686,0.33795309754126845,0.2763240598811415,0.21679843354365594,False
45,6,-278.07496633031155,-10.425827621718895,0.35512569056088833,0.3288513777271979,0.3184611688471717,False
45,7,-277.99629763256814,-10.347158923975485,0.3150233109991418,0.18718778447953843,0.15691267406613127,False
45,8,-274.6191328238009,-6.969994115208237,1.7199150972186046,0.030772785018274348,0.019904060326773023,False
45,9,-265.73273632791364,1.916402380679017,2.4358236594703486,,,True
46,0,-267.64913870859266,0.0,2.3308643852862914,,,True
46,1,-276.8287224177259,-9.179583709133226,1.4647766433982419,0.023916781988722373,0.02199222982799256,False
46,2,-279.48105836883565,-11.831919660242988,0.31197588978900476,0.2694520493356393,0.21366083627978913,False
46,3,-278.2142963276826,-10.565157619089916,1.0274190844292364,0.28777190068600544,0.2235843428351859,False
46,4,-277.8087569046254,-10.159618196032739,0.28542282975259164,0.28583622351717264,0.22180189338470777,False
46,5,-277.8923531751407,-10.243214466548068,0.33750985728891636,0.2845031873774297,0.2202306351165335,False
46,6,-278.13403519450213,-10.484896485909474,0.3761666242406676,0.3541076015246866,0.3419476136954566,False
46,7,-278.03323918192774,-10.384100473335081,0.3278312360659521,0.18416181519030658,0.18316390726685952,False
46,8,-274.6467018714454,-6.997563162852714,1.720201968260394,0.01839746726906359,0.0132930443673549,False
46,9,-265.73273632791364,1.916402380679017,2.4358236594703486,,,True
47,0,-267.64913870859266,0.0,2.3308643852862914,,,True
47,1,-276.863897546469,-9.214758837876332,1.4683171432640636,0.02070613114246488,0.017974945901260055,False
47,2,-279.5267305674406,-11.87759185884795,0.31905088774144863,0.2719510827182303,0.23092882510378165,False
47,3,-278.2654647195102,-10.616326010917533,1.017149633177487,0.29398392784530364,0.22463889399707393,False
47,4,-277.8506398710469,-10.201501162454235,0.3035133783999279,0.29980370835491926,0.25824068283885426,False
47,5,-277.94423425133766,-10.295095542745003,0.3375299900410583,0.29018773480752086,0.22100611178350285,False
47,6,-278.19949678261383,-10.550358074021176,0.3995763608512313,0.38314339188909563,0.37029534778908413,False
47,7,-278.06539846094125,-10.416259752348594,0.4361627270667664,0.3280286340570597,0.31586663860978,False
47,8,-274.6752984904178,-7.026159781825129,1.7198773870938635,0.018803270048635353,0.011835423020622585,False
47,9,-265.73273632791364,1.916402380679017,2.4358236594703486,,,True
48,0,-267.64913870859266,0.0,2.3308643852862914,,,True
48,1,-276.90030367263114,-9.25116496403848,1.4711161542388969,0.018684353867464098,0.017672806571156035,False
48,2,-279.57411156073147,-11.924972852138808,0.3180627406389822,0.2840188486139911,0.23504765030449568,False
48,3,-278.3185546026531,-10.669415894060421,1.0081011211365074,0.2944994746302872,0.21946280229795317,False
48,4,-277.8951129797771,-10.245974271184423,0.31288039601706885,0.30823503302075844,0.2846133098686591,False
48,5,-277.9964634711769,-10.347324762584265,0.3380461831937655,0.2902497993958052,0.2396225968024342,False
48,6,-278.2740277710384,-10.624889062445732,0.42404024747879165,0.4119075717349132,0.3997234249157624,False
48,7,-278.1006054265034,-10.451466717910762,0.45877244637903575,0.34747561601497085,0.33133841430170646,False
48,8,-274.70458986561755,-7.055451157024891,1.719292893415324,0.0232666100684243,0.018440468057244738,False
48,9,-265.73273632791364,1.916402380679017,2.4358236594703486,,,True
49,0,-267.64913870859266,0.0,2.3308643852862914,,,True
49,1,-276.9374374642798,-9.288298755687151,1.4735742399866802,0.03184913575859819,0.030534832573459958,False
49,2,-279.62117181563934,-11.972033107046684,0.2894849916843222,0.23061406128067544,0.22606162465999974,False
49,3,-278.3734730382211,-10.724334329628448,1.0013304075889853,0.2814402762913078,0.2295588934561297,False
49,4,-277.94093070614684,-10.291791997554185,0.2788277178546817,0.27920067505393475,0.25133193463073267,False
49,5,-278.047304473755,-10.398165765162332,0.3386613253323126,0.31264173397731104,0.26451449522886894,False
49,6,-278.352404637899,-10.703265929306326,0.44783969743368673,0.43850589782365973,0.4277474263793308,False
49,7,-278.13870836711976,-10.489569658527103,0.3836257293823169,0.2569217408226319,0.25168985915140674,False
49,8,-274.7342532923891,-7.0851145837964395,1.7187526894480971,0.034742469998518134,0.02923753727603448,False
49,9,-265.73273632791364,1.916402380679017,2.4358236594703486,,,True
50,0,-267.64913870859266,0.0,2.3308643852862914,,,True
50,1,-276.9753101276343,-9.326171419041657,1.4759005010172923,0.040237615839938165,0.03691001792835113,False
50,2,-279.66235116271633,-12.013212454123675,0.23567252592798982,0.21149830730726057,0.20697323980710727,False
50,3,-278.42771090581107,-10.77857219721841,0.9979375987573597,0.2442515723054125,0.2050951937763501,False
50,4,-277.98496635730584,-10.335827648713177,0.24265055383793235,0.24296439806217116,0.18061608400395515,False
50,5,-278.0968192218139,-10.447680513221258,0.3897545697097072,0.3912652366406644,0.29523233948437966,False
50,6,-278.4298197331173,-10.780681024524654,0.4690717795903708,0.4620417412272865,0.45273203667187834,False
50,7,-278.1750818539996,-10.525943145406927,0.3643982068885066,0.1676333284596846,0.13350208820832107,False
50,8,-274.7643903939812,-7.115251685388557,1.7184338698096462,0.04556487032192769,0.03688695285397113,False
50,9,-265.73273632791364,1.916402380679017,2.4358236594703486,,,True
51,0,-267.64913870859266,0.0,2.3308643852862914,,,True
51,1,-277.01430538449745,-9.365166675904788,1.478112793988793,0.05008032364390228,0.03738961462379415,False
51,2,-279.694202653989,-12.04506394539635,0.18297969655953833,0.18998387102110745,0.18371780409322924,False
51,3,-278.4783787317626,-10.829240023169916,0.998434973222437,0.21792369123132574,0.15741352795036814,False
51,4,-278.0247360331563,-10.375597324563614,0.23213385345344323,0.23225114030376517,0.20776528173610595,False
51,5,-278.14592908969234,-10.496790381099686,0.4287322740988744,0.42302254407414763,0.3556236936081131,False
51,6,-278.50619637397494,-10.857057665382285,0.4847681273570212,0.47988855855032186,0.47161511005237444,False
51,7,-278.2074340994096,-10.558295390816966,0.36107002977482316,0.15730198964305062,0.14052708234293193,False
51,8,-274.79537776917044,-7.146239060577784,1.7183249149642439,0.05177521688389682,0.04086719862399362,False
51,9,-265.73273632791364,1.916402380679017,2.4358236594703486,,,True
52,0,-267.64913870859266,0.0,2.3308643852862914,,,True
52,1,-277.0548158656683,-9.405677157075615,1.4800281461932556,0.057625835265174084,0.0392516179951921,False
52,2,-279.7180947147845,-12.068956006191854,0.20844610542557196,0.2003269772189019,0.17273328002769156,False
52,3,-278.5236774586696,-10.874538750076965,1.0022791921501173,0.22117350145948259,0.19333903005920364,False
52,4,-278.0587811874581,-10.409642478865464,0.20996543977716894,0.21346550103423595,0.20521627533188905,False
52,5,-278.1935604573565,-10.544421748763853,0.4033445819699562,0.38843979624811836,0.3382076142895033,False
52,6,-278.58381378632885,-10.934675077736188,0.4881337633143125,0.48484627194828633,0.4772114414230647,False
52,7,-278.23782034144904,-10.588681632856378,0.3451481594722638,0.23066931593400908,0.19426368672206165,False
52,8,-274.8275726499253,-7.178433941332628,1.7181978806964746,0.05320489744940362,0.041122994485303474,False
52,9,-265.73273632791364,1.916402380679017,2.4358236594703486,,,True
53,0,-267.64913870859266,0.0,2.3308643852862914,,,True
53,1,-277.0970528052326,-9.44791409663992,1.4812772517580624,0.06228509445143512,0.043037077264740424,False
53,2,-279.73866864693514,-12.08952993834248,0.22964773941048722,0.25395453640613475,0.18698587141825668,False
53,3,-278.56398370743983,-10.914844998847173,1.0080241552740856,0.24101822880419885,0.1937843698602708,False
53,4,-278.08708243774544,-10.437943729152778,0.23532483780856386,0.23549345603242777,0.18953472508898878,False
53,5,-278.2382270790917,-10.589088370499042,0.3619547784944979,0.3095223040750472,0.26924820300845875,False
53,6,-278.6639748294697,-11.014836120877021,0.4777182429471035,0.47386586448933166,0.45347698522819574,False
53,7,-278.2687775032633,-10.619638794670664,0.3515411593405114,0.23022810711524505,0.19484657862525306,False
53,8,-274.86117781729695,-7.212039108704289,1.7176459151790258,0.05021224101945845,0.03795841414408689,False
53,9,-265.73273632791364,1.916402380679017,2.4358236594703486,,,True
54,0,-267.64913870859266,0.0,2.3308643852862914,,,True
54,1,-277.14096795914895,-9.491829250556293,1.4813465653623403,0.0638474685423867,0.044856640694341914,False
54,2,-279.76044714797865,-12.111308439385994,0.27576572403790867,0.3233102945002608,0.2198948257454258,False
54,3,-278.6024827473839,-10.953344038791215,1.0135253107338782,0.35175076377002956,0.2522727690504401,False
54,4,-278.1125169611342,-10.463378252541531,0.34560273733985025,0.3457162905564081,0.24741659800474677,False
54,5,-278.2823922206141,-10.63325351202144,0.4337432093413279,0.34326987707684836,0.28699606899016744,False
54,6,-278.74613516370346,-11.096996455110798,0.4718297192600805,0.4703512473075828,0.37032006704267495,False
54,7,-278.2995226461693,-10.650383937576635,0.36703413859351686,0.1642387878915108,0.1467491521517477,False
54,8,-274.8961974861053,-7.2470587775126205,1.71618450053644,0.04358113144260013,0.03200306770920982,False
54,9,-265.73273632791364,1.916402380679017,2.4358236594703486,,,True
55,0,-267.64913870859266,0.0,2.3308643852862914,,,True
55,1,-277.186221040005,-9.537082331412364,1.4796633223705442,0.06241943257644697,0.044713392231420755,False
55,2,-279.7857374473215,-12.136598738728821,0.2822971227025355,0.33345577070709415,0.2414348442564401,False
55,3,-278.6438936429017,-10.994754934309015,1.0163597896768428,0.41655652770478774,0.30595261424497217,False
55,4,-278.1403580006453,-10.49121929205262,0.4122819889289538,0.4123987855545749,0.30220636347922386,False
55,5,-278.33249927917257,-10.683360570579907,0.5146653165874563,0.4086856566062825,0.34119484921963267,False
55,6,-278.8257399398188,-11.17660123122613,0.4158848155627225,0.41682649053164955,0.302451818136209,False
55,7,-278.3274943726643,-10.67835566407166,0.38257067706355063,0.1720494505592063,0.1456283392496156,False
55,8,-274.93241577559365,-7.283277067000995,1.7134016052527967,0.03447299428629832,0.024183266066879757,False
55,9,-265.73273632791364,1.916402380679017,2.4358236594703486,,,True
56,0,-267.64913870859266,0.0,2.3308643852862914,,,True
56,1,-277.23235979350454,-9.583221084911884,1.475709275043435,0.05834630298440145,0.042755100110383845,False
56,2,-279.81470797604646,-12.165569267453805,0.24715293521883483,0.284911425971011,0.22525994768607,False
56,3,-278.6911925684967,-11.042053859904058,1.014262983593081,0.3903611312275131,0.29547952151711543,False
56,4,-278.1744783462226,-10.52533963762994,0.3894741963583403,0.389573460091633,0.2944388221211054,False
56,5,-278.39385904113755,-10.744720332544887,0.5859899964935558,0.3975905526986966,0.37466291377706,False
56,6,-278.89199523671084,-11.242856528118182,0.37462272961539617,0.37673130110004754,0.2826202520668626,False
56,7,-278.3522313012661,-10.703092592673443,0.3981409063858037,0.1834403438676352,0.15627267775695786,False
56,8,-274.9695357862968,-7.320397077704115,1.7090954317918468,0.024346989532887345,0.018067505224926915,False
56,9,-265.73273632791364,1.916402380679017,2.4358236594703486,,,True
57,0,-267.64913870859266,0.0,2.3308643852862914,,,True
57,1,-277.27912244549634,-9.629983736903682,1.469094919663074,0.05215022578390631,0.03924795965326682,False
57,2,-279.8467176050747,-12.197578896482014,0.30393533902281616,0.24996296395836234,0.22292207743438888,False
57,3,-278.74362890533143,-11.094490196738775,1.0054471406368997,0.28865761698804443,0.23838337559940756,False
57,4,-278.2144897105373,-10.565351001944634,0.2911775812132407,0.29124872347856023,0.239701390977657,False
57,5,-278.46679292511226,-10.8176542165196,0.6356269843402046,0.4053103725382149,0.38065039537310624,False
57,6,-278.9350548598337,-11.285916151241054,0.5201641335839134,0.5159347527310659,0.5156481661668512,False
57,7,-278.37616065789666,-10.727021949304003,0.41407753041800605,0.19853142694110662,0.18244749361759607,False
57,8,-275.0074211936343,-7.358282485041627,1.703310901194895,0.015179702605376585,0.012906075987936076,False
57,9,-265.73273632791364,1.916402380679017,2.4358236594703486,,,True
58,0,-267.64913870859266,0.0,2.3308643852862914,,,True
58,1,-277.3264355568433,-9.677296848250649,1.459602329021266,0.04449810161787738,0.034564027192226614,False
58,2,-279.88168093214665,-12.232542223553992,0.35365077704930686,0.2941596549841526,0.2544783720786329,False
58,3,-278.7982721245292,-11.149133415936546,0.9888509501473381,0.2312380930363146,0.2121978001069662,False
58,4,-278.25722518373675,-10.608086475144091,0.2293217135515495,0.22843960301479918,0.20934136762886518,False
58,5,-278.5475651889767,-10.898426480384046,0.655690232668019,0.3789693219102947,0.3547616836483415,False
58,6,-278.96266190114346,-11.313523192550804,0.903803478922952,0.9039927363944877,0.9027030395707327,False
58,7,-278.4021255777502,-10.752986869157553,0.43082999786604204,0.21878789327905893,0.20702785645816202,False
58,8,-275.04609372276695,-7.396955014174296,1.696281615225212,0.015633705211651815,0.012778913327545915,False
58,9,-265.73273632791364,1.916402380679017,2.4358236594703486,,,True
59,0,-267.64913870859266,0.0,2.3308643852862914,,,True
59,1,-277.37396880445544,-9.724830095862785,1.4473104451347252,0.03620096248274791,0.029186754607265254,False
59,2,-279.9205329068094,-12.27139419821674,0.40007512290375513,0.34050568991872804,0.2769756621023264,False
59,3,-278.8528346549101,-11.203695946317453,0.9644249160485476,0.25265479500042126,0.23072979355552578,False
59,4,-278.30030773374415,-10.65116902515149,0.25008964361421987,0.2493470164066575,0.22758419867609864,False
59,5,-278.6311339236946,-10.98199521510196,0.6379246734221177,0.32077034209703614,0.2950000787341961,False
59,6,-279.003386760349,-11.354248051756315,1.092867852418248,1.0989492573341892,1.0955192503814832,False
59,7,-278.4309338503257,-10.781795141733028,0.44826858756364374,0.24074614881796655,0.2291993905450308,False
59,8,-275.0853579247672,-7.43621921617455,1.688379936392561,0.01476116466180157,0.0125475624338818,False
59,9,-265.73273632791364,1.916402380679017,2.4358236594703486,,,True
60,0,-267.64913870859266,0.0,2.3308643852862914,,,True
60,1,-277.4209743115423,-9.771835602949636,1.4327377895407964,0.028216310451103656,0.023724731625919093,False
60,2,-279.9648829080875,-12.315744199494816,0.4508302863473693,0.3948257882017822,0.2952687300582266,False
60,3,-278.90698253410966,-11.257843825517,0.9332572155669905,0.2759389196553373,0.25058520294471603,False
60,4,-278.34399337938,-10.694854670787322,0.272759302119853,0.2721570719409836,0.24716663018283216,False
60,5,-278.7127439119334,-11.063605203340728,0.5757748929118187,0.28758718666299654,0.24170540762055964,False
60,6,-279.07738036652256,-11.428241657929902,0.9935855354129187,1.0054386514659637,0.9940194526212902,False
60,7,-278.46149095237087,-10.812352243778207,0.46527169167067783,0.26533914782645057,0.248543608838258,False
60,8,-275.1246521797867,-7.475513471194063,1.6800803485563354,0.014200619808588546,0.012878952449811683,False
60,9,-265.73273632791364,1.916402380679017,2.4358236594703486,,,True
61,0,-267.64913870859266,0.0,2.3308643852862914,,,True
61,1,-277.4667809508661,-9.81764224227345,1.416737366386634,0.021519525480806184,0.018850496595374838,False
61,2,-280.01652939318905,-12.367390684596387,0.5090878400252092,0.456949996481487,0.31562439156217265,False
61,3,-278.96197074798613,-11.31283203939347,0.8973238204942834,0.3000752941006279,0.2711319676760483,False
61,4,-278.3905173393599,-10.741378630767258,0.2965497355619043,0.29609659346461303,0.267669629493262,False
61,5,-278.78878646958844,-11.139647760995786,0.5022571571166052,0.31915326332111615,0.2618546081964096,False
61,6,-279.173372852742,-11.524234144149318,0.693112693559042,0.7119652559217178,0.674503725843048,False
61,7,-278.49265556036846,-10.843516851775803,0.48005092883664346,0.2885753179879272,0.26444272773369387,False
61,8,-275.1634460290924,-7.514307320499768,1.6718127276474901,0.015504897736334117,0.013936486777657648,False
61,9,-265.73273632791364,1.916402380679017,2.4358236594703486,,,True
62,0,-267.64913870859266,0.0,2.3308643852862914,,,True
62,1,-277.51117250795323,-9.862033799360574,1.400193127274635,0.021318765756019493,0.020304508516382255,False
62,2,-280.07696447828835,-12.427825769695687,0.5686039094446144,0.5184204599869747,0.3433126389918428,False
62,3,-279.0195402274575,-11.370401518864867,0.8589407918144212,0.33500396786228487,0.2908018058432118,False
62,4,-278.44236356198485,-10.79322485339219,0.32395081747043425,0.3236446812205897,0.2878968820441538,False
62,5,-278.85751980553573,-11.208381096943071,0.48758830529904157,0.3276985307959175,0.28174666972557383,False
62,6,-279.26859234773445,-11.619453639141796,0.5278701171300545,0.41197373009818655,0.3866938280570891,False
62,7,-278.52441977220764,-10.875281063614977,0.48999906706855645,0.3082725025884382,0.27551459723359073,False
62,8,-275.2015566087266,-7.552417900133946,1.6637943605004342,0.015805528234414723,0.014124917428213504,False
62,9,-265.73273632791364,1.916402380679017,2.4358236594703486,,,True
63,0,-267.64913870859266,0.0,2.3308643852862914,,,True
63,1,-277.55420782840724,-9.905069119814584,1.3838062177995103,0.022358904676731864,0.021983394747069927,False
63,2,-280.14635353714226,-12.497214828549602,0.6136634109220291,0.5642383923834212,0.35236199703548543,False
63,3,-279.0806835602201,-11.43154485162745,0.8203391193186116,0.3682543146088966,0.3060896715548398,False
63,4,-278.50071169027444,-10.851572981681784,0.3579411055835387,0.35783128467437114,0.30496791977996923,False
63,5,-278.91958912387315,-11.270450415280493,0.4288430623926819,0.3456572440242295,0.29941032897640185,False
63,6,-279.3539725195147,-11.704833810922025,0.6081098333430578,0.43330682005900717,0.41338575496755564,False
63,7,-278.55732258288015,-10.908183874287488,0.5132508351669475,0.32117629663155456,0.27926957287398185,False
63,8,-275.2390056138082,-7.589866905215558,1.6560050622657716,0.01520635162570237,0.01431666338253804,False
63,9,-265.73273632791364,1.916402380679017,2.4358236594703486,,,True
64,0,-267.64913870859266,0.0,2.3308643852862914,,,True
64,1,-277.59593633122057,-9.946797622627912,1.3680369844153124,0.02370837496018269,0.023282951385572584,False
64,2,-280.22218254268796,-12.573043834095301,0.6215268362429148,0.5756978770593099,0.3711174383210085,False
64,3,-279.14496967796606,-11.4958309693734,0.7834575045057278,0.39159628047148776,0.31032775410449054,False
64,4,-278.56496676867255,-10.915828060079889,0.3847520664369807,0.3848334145270787,0.3131591932081523,False
64,5,-278.97814091631653,-11.329002207723875,0.37127447883075687,0.37598087975370237,0.36356116683012146,False
64,6,-279.43365489152745,-11.784516182934794,0.6840897213448064,0.4792840126273722,0.45636821383287596,False
64,7,-278.5911786367115,-10.942039928118845,0.5297348082194884,0.32357922282220086,0.2723681077665633,False
64,8,-275.275789124267,-7.626650415674362,1.6482815705113907,0.015926276327662435,0.01412395800319139,False
64,9,-265.73273632791364,1.916402380679017,2.4358236594703486,,,True
65,0,-267.64913870859266,0.0,2.3308643852862914,,,True
65,1,-277.6363725585976,-9.987233850004941,1.3530997391266866,0.024609037909101412,0.02416924542807762,False
65,2,-280.2983822687246,-12.649243560131936,0.569739542449818,0.5386788410307805,0.3659488833206277,False
65,3,-279.21062006214595,-11.56148135355329,0.7497894163192327,0.3927146408238634,0.29301274948596245,False
65,4,-278.6332855929536,-10.984146884360939,0.39367730616737806,0.39391017046418914,0.3031143546885752,False
65,5,-279.0372608803327,-11.388122171740065,0.39277347498537857,0.4116415018415944,0.3952392229511491,False
65,6,-279.5141848351833,-11.865046126590642,0.7347585627053158,0.5051740111706003,0.47712980452347664,False
65,7,-278.62470633490665,-10.975567626313989,0.5312696862175227,0.3123693295255756,0.2514713370306396,False
65,8,-275.31186733944037,-7.66272863084771,1.6404053959993143,0.01983742826444348,0.01424325101163299,False
65,9,-265.73273632791364,1.916402380679017,2.4358236594703486,,,True
66,0,-267.64913870859266,0.0,2.3308643852862914,,,True
66,1,-277.67562947862933,-10.026490770036673,1.3389541375688492,0.025076362763795657,0.024657877926252278,False
66,2,-280.36604706000867,-12.71690835141601,0.45875548380832754,0.4681116315515041,0.33442451964071696,False
66,3,-279.2748414303551,-11.625702721762423,0.7202049537074899,0.3552552596798107,0.2564102235079494,False
66,4,-278.7031686512357,-11.05402994264307,0.36962761902508773,0.3699441040925511,0.28139122743893646,False
66,5,-279.0989828358192,-11.449844127226527,0.3890821791716226,0.390952684656393,0.3638245672530911,False
66,6,-279.5981236888373,-11.948984980244632,0.7313453270226198,0.4929324165214209,0.48191409619071074,False
66,7,-278.65619056651315,-11.007051857920487,0.5128413712562025,0.2863529134383404,0.2143056431368362,False
66,8,-275.347289247492,-7.698150538899313,1.6321337492835404,0.02414990472181382,0.01884042966252452,False
66,9,-265.73273632791364,1.916402380679017,2.4358236594703486,,,True
67,0,-267.64913870859266,0.0,2.3308643852862914,,,True
67,1,-277.71403705434216,-10.064898345749498,1.3253089324687624,0.02516033029092541,0.024790824382494758,False
67,2,-280.41722128772216,-12.768082579129498,0.37315058187349504,0.44696150410537044,0.29384515331156874,False
67,3,-279.33411401472836,-11.684975306135698,0.6948541158670214,0.2624010898498722,0.2061250225469185,False
67,4,-278.77163406963194,-11.122495361039284,0.3464480741099686,0.3404314415581423,0.31087464473114856,False
67,5,-279.1613314539586,-11.512192745365951,0.34315521000539345,0.3460317539611355,0.27340261567535196,False
67,6,-279.6826355206063,-12.033496812013652,0.6430846309682354,0.4994581016292675,0.48155564089827985,False
67,7,-278.68431077330195,-11.035172064709286,0.4720869862593853,0.24778445027025445,0.1750694882313783,False
67,8,-275.38230561492423,-7.733166906331576,1.623194170064713,0.027324242908230094,0.022274752540924328,False
67,9,-265.73273632791364,1.916402380679017,2.4358236594703486,,,True
68,0,-267.64913870859266,0.0,2.3308643852862914,,,True
68,1,-277.7521682256354,-10.103029517042728,1.3116443109228422,0.029335130342071414,0.024622651683942814,False
68,2,-280.45131467052227,-12.802175961929606,0.5825512562887931,0.6179694668117351,0.5805995497285715,False
68,3,-279.38477855931876,-11.735639850726102,0.6731932317471045,0.27085515167559193,0.22409508403036746,False
68,4,-278.83532840936624,-11.186189700773582,0.3774225789096293,0.3720252462857492,0.33549650778637385,False
68,5,-279.2188908712809,-11.569752162688246,0.31946519404662466,0.2713943160544537,0.23763763588179898,False
68,6,-279.7607021658445,-12.111563457251862,0.44627882915759115,0.4577164912154657,0.4298647157076516,False
68,7,-278.70853030904277,-11.059391600450112,0.4107416727035962,0.20454933447581955,0.17208972731844058,False
68,8,-275.4174012102022,-7.768262501609513,1.613273246002639,0.02912065050321998,0.02429348835067606,False
68,9,-265.73273632791364,1.916402380679017,2.4358236594703486,,,True
69,0,-267.64913870859266,0.0,2.3308643852862914,,,True
69,1,-277.7907258270685,-10.141587118475854,1.2972727808062472,0.03502945465598819,0.025905290152433882,False
69,2,-280.47769598682373,-12.828557278231074,0.7659855481112339,0.7880785474073791,0.7690257395498166,False
69,3,-279.42474603093865,-11.77560732234599,0.6541071870145012,0.2904808135561928,0.24356740570723334,False
69,4,-278.8915554578801,-11.242416749287429,0.4007128036482204,0.3965241499083558,0.3543289755411065,False
69,5,-279.2655062035431,-11.616367494950453,0.3230465939206953,0.2930728668298482,0.2427692748290722,False
69,6,-279.82464186907964,-12.175503160486983,0.4971108929491222,0.5195596327837637,0.38500747955145576,False
69,7,-278.72903427700726,-11.0798955684146,0.3359811479183913,0.17307792817074838,0.16614163143985103,False
69,8,-275.4532005594763,-7.804061850883613,1.602040851643049,0.029451703958542363,0.024815983360949,False
69,9,-265.73273632791364,1.916402380679017,2.4358236594703486,,,True
70,0,-267.64913870859266,0.0,2.3308643852862914,,,True
70,1,-277.8302809974854,-10.181142288892715,1.2814876700999644,0.040051479909839795,0.028827275878159114,False
70,2,-280.50699404844636,-12.8578553398537,0.7679088648400417,0.7794973478285127,0.7715530138697089,False
70,3,-279.45635695485174,-11.807218246259083,0.6362397320182269,0.5220979432453506,0.43501632376440635,False
70,4,-278.94089060573197,-11.291751897139306,0.465571514773291,0.46552708401564397,0.3823073605397495,False
70,5,-279.2983275617626,-11.64918885316996,0.3549717323616487,0.3502366083277554,0.28759916758026327,False
70,6,-279.8727221635543,-12.223583454961613,0.7414845392563394,0.7809502069116687,0.6848143273704242,False
70,7,-278.746470711797,-11.097332003204315,0.2837948811692191,0.23040985284322668,0.22844965330894387,False
70,8,-275.490233012967,-7.841094304374337,1.5892331091610865,0.028383779716154744,0.02393150644602035,False
70,9,-265.73273632791364,1.916402380679017,2.4358236594703486,,,True
71,0,-267.64913870859266,0.0,2.3308643852862914,,,True
71,1,-277.8709960747212,-10.221857366128518,1.263759407931839,0.04384753995138916,0.03087456279683065,False
71,2,-280.5404620609885,-12.89132335239583,0.5947953255031074,0.6007231943119865,0.5978529376781265,False
71,3,-279.48780385367945,-11.838665145086793,0.7200818993714908,0.7206597712186589,0.60803556742182,False
71,4,-278.9895580347113,-11.34041932611865,0.6915143998618417,0.6915800937267547,0.5790655109148113,False
71,5,-279.32169979948634,-11.67256109089368,0.6239446767464756,0.6217777243003224,0.5208533881993332,False
71,6,-279.9148367226154,-12.265698014022746,1.0020906039967503,1.0308029234790568,0.9311070129226894,False
71,7,-278.76178124511296,-11.112642536520298,0.2702980869366106,0.2919079526207617,0.28890568109413084,False
71,8,-275.52867108255987,-7.8795323739672085,1.5747543411325118,0.026117686316033756,0.021870359278796825,False
71,9,-265.73273632791364,1.916402380679017,2.4358236594703486,,,True
72,0,-267.64913870859266,0.0,2.3308643852862914,,,True
72,1,-277.9124791416216,-10.26334043302893,1.2438903540938213,0.04603085746688312,0.0318020788169099,False
72,2,-280.5730927137257,-12.923954005133055,0.4645320315010638,0.48180528307852166,0.40110928813901586,False
72,3,-279.52986453926496,-11.880725830672304,0.8141870843400598,0.8126483027184761,0.6891880350272197,False
72,4,-279.04752455333437,-11.39838584474171,0.8239748997693911,0.8238327546233908,0.6951797002287108,False
72,5,-279.3475682917592,-11.698429583166558,0.8273971407623336,0.8281644774030648,0.6982084122685616,False
72,6,-279.96676916588564,-12.317630457292978,1.09857800534075,1.118339816124064,1.0117591591578636,False
72,7,-278.7761638004425,-11.127025091849816,0.2507944738886528,0.33255840212050564,0.3282382752272678,False
72,8,-275.5681761953149,-7.919037486722232,1.5587638631603873,0.023995634240361913,0.01897457131543989,False
72,9,-265.73273632791364,1.916402380679017,2.4358236594703486,,,True
73,0,-267.64913870859266,0.0,2.3308643852862914,,,True
73,1,-277.9538932603944,-10.30475455180175,1.222071678452469,0.0464240901026003,0.031510006769486856,False
73,2,-280.6036892068703,-12.954550498277627,0.5240100539832648,0.548636144185001,0.46526313686337484,False
73,3,-279.5891628715059,-11.940024162913232,0.7781057864814612,0.7748571159457457,0.6569674349172314,False
73,4,-279.1215228692473,-11.472384160654656,0.8235383062940523,0.822653348983568,0.6959847045923425,False
73,5,-279.3892000379446,-11.740061329351931,0.897691485180929,0.9008296731766846,0.76150725176733,False
73,6,-280.0333531944012,-12.384214485808513,0.9603799596432393,0.9821555575790898,0.8814401843619801,False
73,7,-278.7909064280135,-11.14176771942084,0.22530070549417622,0.346406952990629,0.3402101386273815,False
73,8,-275.60797812695563,-7.95883941836297,1.5416973799657265,0.02170736348377407,0.015685908222474874,False
73,9,-265.73273632791364,1.916402380679017,2.4358236594703486,,,True
74,0,-267.64913870859266,0.0,2.3308643852862914,,,True
74,1,-277.9943834838357,-10.345244775243032,1.1987603906450406,0.04511407872648615,0.03007921847186911,False
74,2,-280.6373707343597,-12.988232025767047,0.5070144086009785,0.5509588670263403,0.4712616402791236,False
74,3,-279.66454904256534,-12.015410333972682,0.6406818053114569,0.6362831279844904,0.5322813367924493,False
74,4,-279.2094013536794,-11.560262645086766,0.7041293969267738,0.7019998280456659,0.5905980431352756,False
74,5,-279.45152530401924,-11.802386595426583,0.8187237312611849,0.8233724703373388,0.6948451666026082,False
74,6,-280.10221471116677,-12.453076002574107,0.65332746750648,0.6829222436352432,0.5992678606913253,False
74,7,-278.80696051986774,-11.157821811275085,0.22950703858068813,0.33177988401754194,0.3228143249913909,False
74,8,-275.6472665890652,-7.998127880472566,1.5241293090940262,0.019673800330094783,0.013453560453580125,False
74,9,-265.73273632791364,1.916402380679017,2.4358236594703486,,,True
75,0,-267.64913870859266,0.0,2.3308643852862914,,,True
75,1,-278.0334914664488,-10.384352757856163,1.1744516704147219,0.042433367524596345,0.027754957007248254,False
75,2,-280.680286927039,-13.031148218446333,0.5380916732883997,0.49549179608411176,0.4610259232380789,False
75,3,-279.7506427138351,-12.101504005242418,0.5501168368302948,0.4854588082819841,0.41451558313849085,False
75,4,-279.30262100454655,-11.653482295953893,0.5240989430149863,0.5203724358413456,0.4235540630818341,False
75,5,-279.5285896452517,-11.879450936659055,0.6369907461685884,0.6424796896876833,0.5331397686985282,False
75,6,-280.1587049352239,-12.50956622663125,0.5008192141865521,0.45491848074660013,0.4001688365729942,False
75,7,-278.82454606645774,-11.175407357865083,0.20120382408172302,0.29229256826409566,0.27934485570452033,False
75,8,-275.68559247652706,-8.036453767934404,1.5065539548851383,0.018202514338148464,0.013428390786970876,False
75,9,-265.73273632791364,1.916402380679017,2.4358236594703486,,,True
76,0,-267.64913870859266,0.0,2.3308643852862914,,,True
76,1,-278.0711831482993,-10.422044439706667,1.149572667654976,0.03887883896445618,0.024890425482416944,False
76,2,-280.73496217079526,-13.085823462202598,0.586447619986682,0.4961151296252152,0.4835801839639749,False
76,3,-279.8430254485755,-12.193886739982815,0.5355836400131476,0.5158473338812735,0.43767828362490696,False
76,4,-279.3928867500347,-11.743748041442018,0.5133465190715853,0.5117292199018296,0.43027456496368455,False
76,5,-279.6103486694316,-11.961209960838914,0.5201001055613912,0.5233375782918316,0.4484950762109978,False
76,6,-280.20077388484094,-12.551635176248283,0.5528062326236403,0.49460051293802576,0.43712749176932225,False
76,7,-278.84310547108896,-11.193966762496302,0.20586128132960355,0.23576474248261026,0.21737310346531707,False
76,8,-275.722908220087,-8.073769511494334,1.4892833461091122,0.017305357568026494,0.01426855864351878,False
76,9,-265.73273632791364,1.916402380679017,2.4358236594703486,,,True
77,0,-267.64913870859266,0.0,2.3308643852862914,,,True
77,1,-278.1076193328604,-10.458480624267736,1.1245147993518276,0.03501900141629354,0.023307618125083016,False
77,2,-280.7997346231343,-13.150595914541668,0.5672657566076584,0.45599907818855806,0.43273867278632344,False
77,3,-279.93885981684735,-12.289721108254696,0.5215465610008376,0.5016542978112538,0.41863730166205154,False
77,4,-279.4752562430682,-11.826117534475543,0.4961016753063946,0.49407272658124957,0.40752072206880696,False
77,5,-279.68918989045653,-12.040051181863873,0.5088678439076134,0.5120104577812774,0.43090820737179913,False
77,6,-280.2387914393528,-12.589652730760122,0.6154313174864853,0.5391404903594892,0.47936803417638507,False
77,7,-278.86162874034517,-11.212490031752509,0.2082512853268954,0.22774603393072596,0.17809410435983541,False
77,8,-275.75935375717984,-8.110215048587179,1.472473534171195,0.016819438300983716,0.015078706844418458,False
77,9,-265.73273632791364,1.916402380679017,2.4358236594703486,,,True
78,0,-267.64913870859266,0.0,2.3308643852862914,,,True
78,1,-278.1429808360879,-10.493842127495213,1.0996577205708309,0.03140084429454164,0.023913569660006774,False
78,2,-280.87065982045056,-13.221521111857896,0.5942420632759884,0.4749827064954175,0.39326113637743676,False
78,3,-280.03412571624517,-12.384987007652512,0.5066748651136606,0.40915612609229485,0.33755079102419555,False
78,4,-279.5471714195131,-11.89803271092046,0.661363605611683,0.5870561556119249,0.5223323004917274,False
78,5,-279.76002977957415,-12.110891070981495,0.4193606981931213,0.4223585040396266,0.34085342550578185,False
78,6,-280.2870979896428,-12.637959281050144,0.7220357227411021,0.6145771729994688,0.5336290369923588,False
78,7,-278.87915979478413,-11.23002108619147,0.19807569272104544,0.21804032239607507,0.17494341973209912,False
78,8,-275.7950883333481,-8.145949624755417,1.4561746113224763,0.016611935175306347,0.015812609268252995,False
78,9,-265.73273632791364,1.916402380679017,2.4358236594703486,,,True
79,0,-267.64913870859266,0.0,2.3308643852862914,,,True
79,1,-278.1774598594366,-10.528321150843965,1.0753304982355538,0.02848580787237513,0.025041548476457114,False
79,2,-280.9431976366411,-13.294058928048457,0.6257180029656843,0.4818778809839831,0.3867534011413051,False
79,3,-280.12240413480527,-12.473265426212606,0.48920451103715545,0.43500689878021226,0.36730629400163634,False
79,4,-279.6067241521643,-11.957585443571645,0.7814600434308357,0.6980889025401733,0.6186705089244044,False
79,5,-279.8174903570526,-12.168351648459918,0.357616868502516,0.32441629469579886,0.2909238913171606,False
79,6,-280.35634811852555,-12.707209409932887,0.7579746491965316,0.6360094315798914,0.5655488725027166,False
79,7,-278.89516362845916,-11.2460249198665,0.17547865272637544,0.1954984636890828,0.15960388041335286,False
79,8,-275.8302849773436,-8.181146268750922,1.4403420865908458,0.01668791355498756,0.016438898024250914,False
79,9,-265.73273632791364,1.916402380679017,2.4358236594703486,,,True
80,0,-267.64913870859266,0.0,2.3308643852862914,,,True
80,1,-278.21132813937254,-10.562189430779881,1.051736055388698,0.029466376122798604,0.02642577948601694,False
80,2,-281.01252602070997,-13.363387312117311,0.6091990536785666,0.4499005367370684,0.3463386897224633,False
80,3,-280.1975432158763,-12.548404507283635,0.46745719353505827,0.479896719395361,0.39969243737049315,False
80,4,-279.6524334914464,-12.003294782853743,0.8240234206031631,0.7390167453303931,0.6513134754676022,False
80,5,-279.8557262811602,-12.206587572567514,0.35980109562337353,0.3042755744299995,0.26840415516377875,False
80,6,-280.4489292981532,-12.79979058956053,0.7665811760940145,0.6512812240233435,0.5733576073457677,False
80,7,-278.9095881877297,-11.260449479137037,0.16113963518059196,0.16090450463605407,0.1324742167153347,False
80,8,-275.8652036700597,-8.216064961467055,1.4248175293940224,0.017150453450786866,0.016940192990856067,False
80,9,-265.73273632791364,1.916402380679017,2.4358236594703486,,,True
81,0,-267.64913870859266,0.0,2.3308643852862914,,,True
81,1,-278.2449682803342,-10.595829571741547,1.028846783155298,0.03115159068081312,0.027950482612399588,False
81,2,-281.07307958047494,-13.42394087188228,0.5101382655749299,0.351523932647143,0.2538210293496733,False
81,3,-280.2589517233315,-12.609813014738847,0.6398032918044725,0.6400960743563661,0.44790040151079813,False
81,4,-279.6852954233332,-12.036156714740514,0.781620429846397,0.7025423782291607,0.613816159486611,False
81,5,-279.87237139775357,-12.223232689160909,0.6393649711686072,0.6413614412470264,0.45024176608641614,False
81,6,-280.5561378560702,-12.906999147477563,0.7166795687196328,0.5845806496308993,0.5044285803786543,False
81,7,-278.9226957418656,-11.273557033272937,0.19192674749525548,0.11643069154877916,0.10266807577895806,False
81,8,-275.9002291309663,-8.251090422373636,1.4093171364335164,0.01807635260355505,0.017314023947493512,False
81,9,-265.73273632791364,1.916402380679017,2.4358236594703486,,,True
82,0,-267.64913870859266,0.0,2.3308643852862914,,,True
82,1,-278.27878582298877,-10.629647114396107,1.006441263680901,0.033005233078320276,0.02964636364841028,False
82,2,-281.11840073781167,-13.46926202921901,0.34263050918108046,0.3510174352662958,0.2846634388549095,False
82,3,-280.3165567624512,-12.667418053858569,0.9744420819134809,0.9746706757086192,0.7073204510189961,False
82,4,-279.7128238176979,-12.063685109105222,0.9719747407019717,0.9686122890104538,0.7122252210955092,False
82,5,-279.8746253358938,-12.225486627301166,0.9899386094013197,0.9921770155837984,0.7263886055795908,False
82,6,-280.65727888008655,-13.008140171493892,0.5409303477859949,0.39147363187398115,0.32133688401993815,False
82,7,-278.93480753150493,-11.285668822912271,0.2136486393232359,0.11658963001484535,0.10241425981580786,False
82,8,-275.9357841969316,-8.286645488338934,1.3934774100924898,0.019406627382229723,0.017574452665449943,False
82,9,-265.73273632791364,1.916402380679017,2.4358236594703486,,,True
83,0,-267.64913870859266,0.0,2.3308643852862914,,,True
83,1,-278.31301559111677,-10.663876882524107,0.9842480994199277,0.03506961296045946,0.03154218998924853,False
83,2,-281.1422977371261,-13.493159028533455,0.365051622979534,0.35862589061975814,0.3223674872136284,False
83,3,-280.38911421450064,-12.739975505907978,1.1835826235564715,1.1836116380796529,0.8915568069741948,False
83,4,-279.74967374251696,-12.100535033924302,1.1715015765114116,1.1673862503917134,0.8885478105259639,False
83,5,-279.88022550280493,-12.231086794212274,1.2142429737096152,1.2166307166259807,0.9242089358972311,False
83,6,-280.72454255212637,-13.075403843533707,0.44650494466396196,0.272515113452728,0.25291402663886425,False
83,7,-278.94613039705314,-11.29699168846048,0.23774027456561678,0.12647886867446004,0.10708190276376445,False
83,8,-275.9721265750949,-8.322987866502217,1.3769756650190002,0.02093801759739761,0.01774709507664817,False
83,9,-265.73273632791364,1.916402380679017,2.4358236594703486,,,True
84,0,-267.64913870859266,0.0,2.3308643852862914,,,True
84,1,-278.3476368748293,-10.698498166236618,0.9620716823295092,0.03737381720269732,0.0336524557557286,False
84,2,-281.14257703162,-13.493438323027362,0.6186853043393894,0.6348713098053719,0.4463442287350098,False
84,3,-280.4916125442571,-12.842473835664464,1.174847008773868,1.1745988510944323,0.8979997283139374,False
84,4,-279.80858465818926,-12.159445949596602,1.1575920005181406,1.1528714267691857,0.8912463489945163,False
84,5,-279.9062636051457,-12.257124896553023,1.212510099219133,1.2149051870402494,0.9377848902218063,False
84,6,-280.73480413862455,-13.085665430031895,0.4905657241572283,0.5696811012791033,0.4700586383244715,False
84,7,-278.95677761504294,-11.30763890645028,0.25455714755317244,0.13117907829032097,0.10102409412161723,False
84,8,-276.00925115962224,-8.360112451029579,1.359612141812556,0.022401034899528646,0.019490930178265115,False
84,9,-265.73273632791364,1.916402380679017,2.4358236594703486,,,True
85,0,-267.64913870859266,0.0,2.3308643852862914,,,True
85,1,-278.38249040026767,-10.733351691675011,0.9397569932720723,0.03993261691531008,0.03597736268785839,False
85,2,-281.127675086453,-13.478536377860337,1.0578263052953216,0.9815114249453226,0.7362790870726984,False
85,3,-280.62107667533706,-12.971937966744406,0.9492673979691377,0.9487895515130998,0.7310771303338467,False
85,4,-279.8885912841928,-12.239452575600126,0.9343121598945849,0.9293216493429745,0.7270554088360834,False
85,5,-279.95418473418295,-12.305046025590286,0.9835752843135869,0.9858313697196722,0.7697588611689512,False
85,6,-280.68849879789457,-13.039360089301908,1.1895252474498947,1.1829348017508392,0.9797774743230159,False
85,7,-278.966887768304,-11.317749059711332,0.2649975805900387,0.14636104859818835,0.10853781968438277,False
85,8,-276.04700366055124,-8.397864951958582,1.3412843300041823,0.023552731929618743,0.020797662228599568,False
85,9,-265.73273632791364,1.916402380679017,2.4358236594703486,,,True
86,0,-267.64913870859266,0.0,2.3308643852862914,,,True
86,1,-278.4173362680757,-10.768197559483042,0.9171708798079967,0.04274974035240971,0.0385071526744953,False
86,2,-281.11932124001623,-13.470182531423575,1.3817309667755233,1.2353047002468083,0.9497930513954921,False
86,3,-280.7574206444239,-13.108281935831258,0.7310041031171818,0.7137870527508858,0.5673599737309065,False
86,4,-279.97581357627985,-12.326674867687188,0.7925442519754622,0.5869692570956049,0.4685467301787751,False
86,5,-280.0096551570048,-12.360516448412113,0.6238498996777574,0.6258284710893276,0.49757148502146203,False
86,6,-280.62825993294547,-12.97912122435281,1.775017604927993,1.6845961506162006,1.4020770447789757,False
86,7,-278.9766658374647,-11.32752712887202,0.2689931278644966,0.15778420361773793,0.130468040212482,False
86,8,-276.0851348955693,-8.435996186976638,1.3219870133216964,0.024246841312465243,0.021413153370500662,False
86,9,-265.73273632791364,1.916402380679017,2.4358236594703486,,,True
87,0,-267.64913870859266,0.0,2.3308643852862914,,,True
87,1,-278.45171519928385,-10.802576490691195,0.8943455539538517,0.04580290167570808,0.041210200030110465,False
87,2,-281.1398518329454,-13.490713124352737,1.4523228236182388,1.292349869451501,1.0074000104611045,False
87,3,-280.87892063726673,-13.229781928674072,0.691120554834218,0.6865223620353058,0.5536376105872904,False
87,4,-280.0563865857615,-12.407247877168857,0.8121492458387636,0.5831606196814844,0.4754659307772204,False
87,5,-280.0576013517243,-12.408462643131656,0.4535503734393661,0.45796465977844764,0.4101038538016251,False
87,6,-280.6176638127686,-12.968525104175967,1.9493735294622017,1.822562150492906,1.5279230475847114,False
87,7,-278.9863118091615,-11.337173100568862,0.26599101446715046,0.17435641671883365,0.15388458998168633,False
87,8,-276.123140985282,-8.474002276689362,1.3019230785462748,0.024467191104059302,0.021324768842164728,False
87,9,-265.73273632791364,1.916402380679017,2.4358236594703486,,,True
88,0,-267.64913870859266,0.0,2.3308643852862914,,,True
88,1,-278.4850782969497,-10.835939588357064,0.8714669458661091,0.04904295877576239,0.044032771942010634,False
88,2,-281.1916206843598,-13.542481975767146,1.2407468705480311,1.1252034226291134,0.8899288512880903,False
88,3,-280.97489729509107,-13.32575858649841,0.6523626861078697,0.6147355956495277,0.5074358379750554,False
88,4,-280.1257340176121,-12.476595309019444,0.825765211242567,0.5912497965324518,0.4758273365049687,False
88,5,-280.0930517537404,-12.443913045147724,0.42244489683929565,0.42746842420275977,0.3880661676246467,False
88,6,-280.67785895912067,-13.02872025052801,1.6318222495550376,1.5317183977411943,1.3083981419798,False
88,7,-278.99598706484727,-11.346848356254611,0.2557663356432282,0.1822978967465963,0.1628102657966867,False
88,8,-276.1603961342531,-8.51125742566046,1.281459059288097,0.024322633839166267,0.02202280593791459,False
88,9,-265.73273632791364,1.916402380679017,2.4358236594703486,,,True
89,0,-267.64913870859266,0.0,2.3308643852862914,,,True
89,1,-278.51724679029417,-10.868108081701507,0.8485881307313271,0.052438445120510074,0.04693768256804341,False
89,2,-281.25458348282893,-13.605444774236275,0.8396438627922561,0.7963624214438567,0.6461807396571628,False
89,3,-281.04617773063893,-13.397039022046272,0.6914443163793385,0.5411660529778819,0.41658880105318713,False
89,4,-280.18747738606214,-12.538338677469483,0.8358153758772303,0.55506180299924,0.4449693178084051,False
89,5,-280.11976177794674,-12.470623069354076,0.43731988478118433,0.4378581383494701,0.3735505298985548,False
89,6,-280.76970343566165,-13.120564727068995,1.0232242363714672,0.9815841509281946,0.8736908079187766,False
89,7,-279.00584798719694,-11.356709278604285,0.2389721366952146,0.17399241616276803,0.1571208322399118,False
89,8,-276.1966678405355,-8.547529131942838,1.2608366315634703,0.024092742993788198,0.022953727889503873,False
89,9,-265.73273632791364,1.916402380679017,2.4358236594703486,,,True
90,0,-267.64913870859266,0.0,2.3308643852862914,,,True
90,1,-278.5485724883014,-10.899433779708716,0.8254785651244061,0.056015172587338985,0.049937383648113745,False
90,2,-281.304842981968,-13.655704273375363,0.3881280884773189,0.40943235370743497,0.3523177644710228,False
90,3,-281.09779590658115,-13.448657197988496,0.6834665137260457,0.565185384630727,0.4552590288306912,False
90,4,-280.24828864258836,-12.599149933995704,0.8447187300032315,0.5403476604382491,0.4548224678580063,False
90,5,-280.1444556845113,-12.495316975918627,0.5617921747391605,0.5630174019105556,0.4725664098486544,False
90,6,-280.844340051354,-13.195201342761322,0.501857030034245,0.5084333499483502,0.4797425715814813,False
90,7,-279.01603110454187,-11.366892395949208,0.21717478157991477,0.15099709375202217,0.13798094682769046,False
90,8,-276.2323198571456,-8.583181148552967,1.2400116001115313,0.025038193272985208,0.023837180040493906,False
90,9,-265.73273632791364,1.916402380679017,2.4358236594703486,,,True
91,0,-267.64913870859266,0.0,2.3308643852862914,,,True
91,1,-278.57969258602395,-10.930553877431294,0.801756305180887,0.059859453870325804,0.053097058681914014,False
91,2,-281.330763841665,-13.681625133072316,0.28955432699448425,0.299908107782315,0.21469173437213462,False
91,3,-281.13204260678856,-13.4829038981959,0.6276655844299694,0.6213638262400315,0.4927877496472008,False
91,4,-280.3136474071871,-12.664508698594432,0.8541960218173341,0.5989496720270922,0.4925107631886305,False
91,5,-280.1728689273822,-12.523730218789524,0.6257839534895014,0.6271225126694374,0.5155348325458523,False
91,6,-280.8816609893005,-13.232522280707826,0.37318146178593603,0.4078337471382769,0.3683335083261516,False
91,7,-279.0265614657404,-11.377422757147713,0.19284319864098862,0.11606111511012666,0.10758514176439536,False
91,8,-276.2680566367042,-8.618917928111557,1.218754889316873,0.02596950932538291,0.024687938865122463,False
91,9,-265.73273632791364,1.916402380679017,2.4358236594703486,,,True
92,0,-267.64913870859266,0.0,2.3308643852862914,,,True
92,1,-278.61118360418754,-10.962044895594886,0.7771299355479144,0.0640946891352812,0.05651720364657535,False
92,2,-281.3356026172921,-13.686463908699466,0.4309149306199728,0.39613006984187576,0.330819492020295,False
92,3,-281.1494121384119,-13.50027342981923,0.6352947179143257,0.638899454264603,0.5893383067756092,False
92,4,-280.3857205406243,-12.736581832031618,0.8649134750327714,0.6248717860723185,0.4816062606121139,False
92,5,-280.20802056795674,-12.558881859364078,0.6548657439996789,0.6510991144429926,0.5089291870168992,False
92,6,-280.88708163239943,-13.23794292380677,0.6645941965908201,0.5964042687649361,0.5298059553735064,False
92,7,-279.0372902296614,-11.388151521068721,0.16912599033646536,0.09135297771463603,0.0835088515307028,False
92,8,-276.3045354132372,-8.655396704644545,1.196846528552787,0.026923263659577715,0.025539972529866693,False
92,9,-265.73273632791364,1.916402380679017,2.4358236594703486,,,True
93,0,-267.64913870859266,0.0,2.3308643852862914,,,True
93,1,-278.6433383534211,-10.994199644828427,0.7515714894282233,0.06884397574766789,0.060302184060508926,False
93,2,-281.3311713153414,-13.682032606748749,0.6249779849049041,0.5349417879251427,0.4859372195444288,False
93,3,-281.1544718800426,-13.505333171449934,0.8850799938389871,0.8428644897338776,0.7648175716896944,False
93,4,-280.46365516967126,-12.814516461078597,0.8765983271787605,0.5940516559205893,0.44410718044318764,False
93,5,-280.25004250206746,-12.6009037934748,0.6243821738713913,0.6212722633179704,0.4574640842578702,False
93,6,-280.8758677386919,-13.22672903009925,0.8978874741883943,0.8074128950965851,0.6660873962106706,False
93,7,-279.0479704794932,-11.398831770900529,0.1489728633817595,0.09885924133384758,0.09064324796423184,False
93,8,-276.3421020283947,-8.692963319802061,1.1742162391738067,0.027941598298562756,0.0264361036646683,False
93,9,-265.73273632791364,1.916402380679017,2.4358236594703486,,,True
94,0,-267.64913870859266,0.0,2.3308643852862914,,,True
94,1,-278.6761186632207,-11.026979954628018,0.7253657155449574,0.07419694917201786,0.06453027632945892,False
94,2,-281.3303369042318,-13.681198195639126,0.7574061365730772,0.6581832277968833,0.5693414452980576,False
94,3,-281.1565087365301,-13.50737002793744,1.073522412574614,1.0247782665727592,0.8346297042107979,False
94,4,-280.54529263629206,-12.896153927699402,0.8884530541085917,0.508541528711202,0.42936777453424524,False
94,5,-280.2966877259737,-12.647549017381039,0.5352037772288253,0.5332828009534369,0.3853319927771993,False
94,6,-280.8643747077301,-13.215235999137462,1.0274608464517956,0.9234682526298519,0.7517970680660376,False
94,7,-279.0584035095422,-11.40926480094953,0.14285271710259573,0.10750968636594323,0.09857912103958004,False
94,8,-276.3807202555813,-8.73158154698865,1.1509900493289893,0.02905778021967626,0.027414360623337033,False
94,9,-265.73273632791364,1.916402380679017,2.4358236594703486,,,True
95,0,-267.64913870859266,0.0,2.3308643852862914,,,True
95,1,-278.7092298695308,-11.060091160938157,0.6990559759377434,0.08019100043416602,0.06923552759796144,False
95,2,-281.34181655562315,-13.692677847030495,0.8112606622835843,0.7133596293541805,0.5846049197900287,False
95,3,-281.1617846532488,-13.512645944656128,1.0590988041952945,1.0162357603898589,0.8146331091547779,False
95,4,-280.6285403121468,-12.979401603554152,0.8994313945743851,0.4665783885893552,0.4534534888551448,False
95,5,-280.34396077884674,-12.694822070254077,0.38646114484717464,0.3867746671135105,0.3079047734468411,False
95,6,-280.86570633298265,-13.216567624389995,1.0607256026068512,0.9484825268721404,0.765906016433802,False
95,7,-279.06854890112504,-11.419410192532382,0.1489324924978073,0.11722706380935718,0.10722814081272623,False
95,8,-276.42004224170137,-8.770903533108708,1.1274547783965865,0.030287315762366703,0.028498167249479803,False
95,9,-265.73273632791364,1.916402380679017,2.4358236594703486,,,True
96,0,-267.64913870859266,0.0,2.3308643852862914,,,True
96,1,-278.7423085855806,-11.093169876987929,0.673272189738321,0.08682069596404635,0.07441262682938785,False
96,2,-281.3677122548288,-13.718573546236144,0.7912059478839314,0.6939056893842424,0.5381833897094128,False
96,3,-281.16575430799264,-13.516615599399984,0.8562395474535185,0.8366680620658543,0.7229296026507627,False
96,4,-280.7116391789362,-13.062500470343537,0.9084585314598596,0.4748061384034855,0.44375941209739517,False
96,5,-280.3873228956295,-12.738184187036836,0.3714750224732322,0.3789778181351836,0.3398980919805703,False
96,6,-280.8864939693875,-13.237355260794857,1.0093632264694308,0.8922527355411592,0.7059282942462766,False
96,7,-279.07856213177797,-11.429423423185312,0.1559185436314125,0.1278513736840848,0.1164588695822186,False
96,8,-276.4596194518276,-8.810480743234962,1.1039286632711913,0.031628283123304714,0.029693963843101412,False
96,9,-265.73273632791364,1.916402380679017,2.4358236594703486,,,True
97,0,-267.64913870859266,0.0,2.3308643852862914,,,True
97,1,-278.7751312598193,-11.125992551226659,0.6485138125627866,0.09407354870761839,0.08004386051442601,False
97,2,-281.4039777845968,-13.754839076004146,0.7052797723120982,0.6082691639319775,0.45454220480232116,False
97,3,-281.1581695717326,-13.50903086313997,0.6884408066040156,0.6030567558978035,0.5772441156893761,False
97,4,-280.79303257990864,-13.143893871315981,0.9146476753960124,0.4710349665463882,0.40161159310612293,False
97,5,-280.4239228015572,-12.774784092964524,0.4009087016573226,0.4094548406149326,0.3713031430708083,False
97,6,-280.9256270893068,-13.276488380714113,0.883220557545331,0.7647577222346154,0.5794828837538925,False
97,7,-279.08874789937636,-11.439609190783699,0.16387280593847325,0.139189082697965,0.12615405054494794,False
97,8,-276.4991506703856,-8.850011961792916,1.080600381848732,0.0330705306035832,0.030997251765134425,False
97,9,-265.73273632791364,1.916402380679017,2.4358236594703486,,,True
98,0,-267.64913870859266,0.0,2.3308643852862914,,,True
98,1,-278.80767011461245,-11.15853140601979,0.6250395962145612,0.10195516241805978,0.08612001167210391,False
98,2,-281.44286359115466,-13.793724882562003,0.5592781313088606,0.4651805508199254,0.3599694090737147,False
98,3,-281.13709580245654,-13.487957093863884,0.7821772766245237,0.5224872690589684,0.5156152289709479,False
98,4,-280.8722616066753,-13.223122898082636,0.9172647755879486,0.4328294734714695,0.3978149142204772,False
98,5,-280.4554573707331,-12.806318662140427,0.44970132186544454,0.4396800352098281,0.403345746725639,False
98,6,-280.9751253615608,-13.32598665296814,0.6880053653656051,0.5745830653480658,0.4573125472605447,False
98,7,-279.0994454642778,-11.45030675568512,0.1728870333340954,0.15105411995876822,0.13624323327870283,False
98,8,-276.53855630232727,-8.889417593734606,1.0574687293827627,0.034605867264073345,0.032401190796440285,False
98,9,-265.73273632791364,1.916402380679017,2.4358236594703486,,,True
99,0,-267.64913870859266,0.0,2.3308643852862914,,,True
99,1,-278.8399653782667,-11.190826669674038,0.6029082377917158,0.11047117624821647,0.09262971017444428,False
99,2,-281.4759455761043,-13.826806867511664,0.3603615488556845,0.29162010786079123,0.2788092571733575,False
99,3,-281.11469339502526,-13.465554686432597,0.8354989273656389,0.6356500076307843,0.5640822808360001,False
99,4,-280.9517565143328,-13.30261780574017,0.915405826849194,0.5840121831600925,0.48454809775594443,False
99,5,-280.48966169915843,-12.840522990565773,0.6414340864076631,0.6290656633293662,0.5110403936456273,False
99,6,-281.022570769907,-13.373432061314361,0.5353949795734215,0.46266394487322643,0.4019921687830128,False
99,7,-279.1109033581988,-11.461764649606152,0.1830491176637025,0.1632611742860821,0.14667231335042752,False
99,8,-276.577830464318,-8.928691755725367,1.0344262762979461,0.03623074719726067,0.033899728134951915,False
99,9,-265.73273632791364,1.916402380679017,2.4358236594703486,,,True
100,0,-267.64913870859266,0.0,2.3308643852862914,,,True
100,1,-278.87196442162605,-11.222825713033387,0.5820946367844042,0.11957937221828294,0.09952508231720374,False
100,2,-281.4972176533711,-13.848078944778422,0.22707866609880484,0.25588265118396386,0.2459477237638533,False
100,3,-281.1094265011614,-13.46028779256875,0.9145837081865876,0.7101576887497346,0.6417820766363334,False
100,4,-281.03654553861907,-13.387406830026407,0.907874714708436,0.6677227109523168,0.5512460155963556,False
100,5,-280.53704701132665,-12.88790830273399,0.7286016671017093,0.7178551892895638,0.5779051718972159,False
100,6,-281.0554182710281,-13.40627956243543,0.4239350108459297,0.349525311680188,0.3067238677281273,False
100,7,-279.1232192613427,-11.474080552750024,0.19438522009126183,0.17558733173631114,0.15733658357976493,False
100,8,-276.6168460943941,-8.967707385801418,1.01140131215961,0.037939034696742154,0.03548195883319499,False
100,9,-265.73273632791364,1.916402380679017,2.4358236594703486,,,True
101,0,-267.64913870859266,0.0,2.3308643852862914,,,True
101,1,-278.90349438251246,-11.254355673919804,0.5625562739363957,0.12916309256004804,0.10670190935738597,False
101,2,-281.50578716707605,-13.856648458483392,0.31916047274114423,0.3513951294524235,0.2944173720758588,False
101,3,-281.13288887227225,-13.483750163679588,1.0099240880569949,0.8121467186817095,0.7492789723265286,False
101,4,-281.1299089743701,-13.480770265777437,0.8934051107095492,0.6308977505384842,0.5193391839152807,False
101,5,-280.6030007624414,-12.953862053848752,0.6734377391425772,0.664786050605852,0.5314947420962867,False
101,6,-281.06745151715484,-13.418312808562177,0.42495245124077374,0.4776076705902354,0.443638609477956,False
101,7,-279.1363743547148,-11.487235646122144,0.2068256957921059,0.18775664581693371,0.16804498911674515,False
101,8,-276.6553191087693,-9.006180400176618,0.9884225675992052,0.039713950366583685,0.0371257679642303,False
101,9,-265.73273632791364,1.916402380679017,2.4358236594703486,,,True
102,0,-267.64913870859266,0.0,2.3308643852862914,,,True
102,1,-278.9343719379739,-11.28523322938122,0.5442108390365414,0.13905385443930687,0.11401781176366035,False
102,2,-281.50698274168553,-13.857844033092874,0.5209759913550479,0.5369617851396964,0.4693106260134013,False
102,3,-281.18175629963105,-13.532617591038388,1.0326250564386035,0.8118570733365587,0.7513696601500299,False
102,4,-281.22837250866513,-13.579233800072473,0.8710164432486098,0.5182823252749869,0.4904015677709494,False
102,5,-280.6817939473399,-13.032655238747225,0.506954960136893,0.5174975068136184,0.4896301758616855,False
102,6,-281.06506027819455,-13.415921569601892,0.7554196726997526,0.7737840663474259,0.7142044985534989,False
102,7,-279.15031710054745,-11.501178391954795,0.2202133807277331,0.19947500508576307,0.1785437347906523,False
102,8,-276.6929435957346,-9.04380488714196,0.9655724557106427,0.04153016265554807,0.038801086180493584,False
102,9,-265.73273632791364,1.916402380679017,2.4358236594703486,,,True
103,0,-267.64913870859266,0.0,2.3308643852862914,,,True
103,1,-278.96456403058795,-11.315425321995292,0.5268880172317856,0.14909135194976805,0.12133824255653237,False
103,2,-281.51012321404596,-13.860984505453303,0.6685554834946648,0.666237541997849,0.5798606992664858,False
103,3,-281.2384347137519,-13.589296005159213,0.9922397662906464,0.7811057448138525,0.7204454952134228,False
103,4,-281.3209202056123,-13.671781497019651,0.8396882114476778,0.507660582754533,0.4865527652226561,False
103,5,-280.758322706523,-13.109183997930359,0.38082809607078877,0.39235062500612944,0.37545092049945955,False
103,6,-281.066017297891,-13.416878589298335,0.9630786301948351,0.9553582939481655,0.8681684858234272,False
103,7,-279.1650594072197,-11.515920698627042,0.2343462772718273,0.21048100151927454,0.1885692687488285,False
103,8,-276.7295922575994,-9.080453549006734,0.942881454824326,0.04336493167728954,0.04048115637828181,False
103,9,-265.73273632791364,1.916402380679017,2.4358236594703486,,,True
104,0,-267.64913870859266,0.0,2.3308643852862914,,,True
104,1,-278.99431192585064,-11.34517321725798,0.5103019917153397,0.15918490192370552,0.12858222410293374,False
104,2,-281.5231615217366,-13.874022813143938,0.7033465532457147,0.6957431427931116,0.6012741098706128,False
104,3,-281.28341274103866,-13.634274032446001,0.899088302722363,0.7456385452558687,0.6811459342235743,False
104,4,-281.39328905093083,-13.744150342338173,0.799195584208241,0.5009554437711807,0.4838616075500237,False
104,5,-280.8150918233779,-13.165953114785225,0.3299489819847882,0.2665784559824602,0.20039721911333522,False
104,6,-281.0871991245961,-13.438060416003452,0.962080812343763,0.9478983659387498,0.8530295853448902,False
104,7,-279.1807576981421,-11.531618989549429,0.2490064535584295,0.22055033703433757,0.19786846386705015,False
104,8,-276.7654684268804,-9.116329718287716,0.9202277312996461,0.04521272032446488,0.04215612653749453,False
104,9,-265.73273632791364,1.916402380679017,2.4358236594703486,,,True
105,0,-267.64913870859266,0.0,2.3308643852862914,,,True
105,1,-279.0241096661644,-11.374970957571747,0.4940994898403374,0.16931913655428635,0.13572403862224874,False
105,2,-281.5480831244721,-13.898944415879441,0.6134709388164108,0.6164600614069888,0.530490598644787,False
105,3,-281.30467200076396,-13.655533292171299,0.7615028473527299,0.6643576686642161,0.5915511762600986,False
105,4,-281.43311827225614,-13.783979563663479,0.7499559502929966,0.4531761555797103,0.4397123399462336,False
105,5,-280.83845301952533,-13.189314310932673,0.3363466873893782,0.3158795105105341,0.3034526905962847,False
105,6,-281.13270122690267,-13.48356251831001,0.7579336269316965,0.7570272615287222,0.6770299846986132,False
105,7,-279.1977343475079,-11.54859563891523,0.26386285579933355,0.23608839651904026,0.20609744079776682,False
105,8,-276.8010713873904,-9.15193267879772,0.8973393752857532,0.047090865707209675,0.04383740494972327,False
105,9,-265.73273632791364,1.916402380679017,2.4358236594703486,,,True
106,0,-267.64913870859266,0.0,2.3308643852862914,,,True
106,1,-279.05459988273503,-11.405461174142374,0.47793200182414525,0.1795156366175704,0.14276562720586433,False
106,2,-281.5804325199108,-13.931293811318142,0.4256759956527488,0.45073577008133153,0.38763757022139117,False
106,3,-281.30061482479806,-13.651476116205401,0.7886512349000768,0.8407398692126481,0.7459865616694389,False
106,4,-281.4357528049079,-13.786614096315247,0.789352632542456,0.7883225451303427,0.7085423703817713,False
106,5,-280.82436242869164,-13.175223720098984,0.8650491553075065,0.8348894113886032,0.7475206663198403,False
106,6,-281.194222442373,-13.54508373378036,0.5197241482769995,0.5011471950687474,0.46615052870886703,False
106,7,-279.21643694094837,-11.56729823235571,0.2799653201987881,0.2550539073146694,0.21256511684990562,False
106,8,-276.83705858462827,-9.187919876035608,0.8738645924948504,0.04904337094605986,0.0455606699064611,False
106,9,-265.73273632791364,1.916402380679017,2.4358236594703486,,,True
107,0,-267.64913870859266,0.0,2.3308643852862914,,,True
107,1,-279.08639397503464,-11.43725526644198,0.461547790455246,0.18976718199044987,0.14969333389689105,False
107,2,-281.6129630305079,-13.96382432191524,0.3206318863836315,0.28138519636940273,0.24765554085626876,False
107,3,-281.2851868598417,-13.636048151249042,1.2501500883120997,1.2853593958185427,1.111798846890419,False
107,4,-281.4147329921849,-13.765594283592236,1.345473911221822,1.3445525233349005,1.1718673277286205,False
107,5,-280.7890608679273,-13.139922159334617,1.4284323518703272,1.394439773899569,1.2134975969625115,False
107,6,-281.260205307521,-13.611066598928346,0.5572767656725882,0.5112326728428727,0.47832031526364005,False
107,7,-279.23729849258405,-11.588159783991387,0.30319468289429574,0.2734826436046036,0.21575947937075807,False
107,8,-276.87402815985257,-9.224889451259912,0.8494973108309283,0.05114453674919614,0.04739026270860683,False
107,9,-265.73273632791364,1.916402380679017,2.4358236594703486,,,True
108,0,-267.64913870859266,0.0,2.3308643852862914,,,True
108,1,-279.09578119953545,-11.446642490942793,0.46005318216036273,0.19198861580538462,0.14924270134848588,False
108,2,-281.6375618168871,-13.988423108294455,0.3436066883924402,0.2917467746299532,0.2570898241579182,False
108,3,-281.46955182843266,-13.820413119839998,0.4083716056560635,0.36882937029422486,0.3385388709876836,False
108,4,-281.56907374525747,-13.91993503666481,0.6376874411373693,0.29376065161162224,0.24510510254397758,False
108,5,-280.9352613562003,-13.286122647607613,0.32989580756646975,0.3024077877400671,0.2493660700912719,False
108,6,-281.3167623410492,-13.667623632456525,0.5753815132913055,0.5037523713139853,0.46603995032972756,False
108,7,-279.24766434241286,-11.598525633820202,0.3120597911474757,0.27843177602837116,0.2159363729382083,False
108,8,-276.8834814731907,-9.234342764598068,0.8452640194731097,0.04991062180709573,0.045945245233644245,False
108,9,-265.73273632791364,1.916402380679017,2.4358236594703486,,,True
109,0,-267.64913870859266,0.0,2.3308643852862914,,,True
109,1,-279.1094553337816,-11.460316625188966,0.4588684875568657,0.19513784965703784,0.1493995490932606,False
109,2,-281.66250805736854,-14.013369348775882,0.3747445521281656,0.30780343130868054,0.27222055023896957,False
109,3,-281.5608894458286,-13.911750737235934,0.416277610100573,0.3527631733661124,0.3343890348331798,False
109,4,-281.6185940476174,-13.969455339024762,0.6493513554082772,0.26660209409078117,0.23804269106643636,False
109,5,-280.9682415526647,-13.319102844072063,0.34405596767053453,0.27245887727219964,0.24103265908558844,False
109,6,-281.3664736212928,-13.717334912700153,0.5648106469334191,0.47014310801973136,0.43115474935879966,False
109,7,-279.2621565892956,-11.613017880702955,0.32265976837666605,0.28365714023569827,0.2136491479891307,False
109,8,-276.8970182829926,-9.247879574399917,0.8389525723802784,0.04841360251217031,0.04413706812086222,False
109,9,-265.73273632791364,1.916402380679017,2.4358236594703486,,,True
110,0,-267.64913870859266,0.0,2.3308643852862914,,,True
110,1,-279.128306276024,-11.479167567431318,0.4583984475604647,0.19877947712539099,0.15037352646409605,False
110,2,-281.68967612639256,-14.040537417799897,0.41270624482910445,0.33132669872822773,0.29536288290264706,False
110,3,-281.61994272743755,-13.970804018844888,0.5072619698896786,0.47672115852140473,0.41542562305345365,False
110,4,-281.6370568128942,-13.987918104301514,0.663225989582688,0.48975384410748946,0.4294340033726734,False
110,5,-280.97290564736636,-13.323766938773701,0.4931833619482391,0.4963846638964293,0.43256976917600665,False
110,6,-281.41442163149577,-13.765282922903111,0.4563997955317653,0.34800572129118595,0.3185500126559444,False
110,7,-279.28137648905147,-11.632237780458809,0.3295589090145072,0.2839728310956403,0.20681689751557808,False
110,8,-276.9152350651999,-9.26609635660725,0.8300550640613975,0.046823655479470885,0.04213916389010702,False
110,9,-265.73273632791364,1.916402380679017,2.4358236594703486,,,True
111,0,-267.64913870859266,0.0,2.3308643852862914,,,True
111,1,-279.1515766736049,-11.502437965012234,0.4585976412754358,0.2015153542102315,0.1514040114166303,False
111,2,-281.7224038543916,-14.073265145798928,0.45327224411575695,0.36083744013059577,0.3256934660637275,False
111,3,-281.68066835711795,-14.031529648525293,0.5657929844700447,0.565413332039624,0.4917861869311839,False
111,4,-281.6637039557248,-14.014565247132168,0.6778179101054079,0.5437406082033283,0.47361369890368016,False
111,5,-280.9948964877998,-13.345757779207133,0.5482802476787407,0.5475985026905723,0.47441138970157093,False
111,6,-281.45287997800733,-13.803741269414672,0.445572261188873,0.3102477618383309,0.264250141284235,False
111,7,-279.3036412158595,-11.654502507266841,0.31927379514980075,0.2675809560099466,0.19280440483875924,False
111,8,-276.9370754559353,-9.287936747342656,0.8188694985886786,0.045449629647061875,0.040320069501849375,False
111,9,-265.73273632791364,1.916402380679017,2.4358236594703486,,,True
112,0,-267.64913870859266,0.0,2.3308643852862914,,,True
112,1,-279.1776722633948,-11.528533554802152,0.4588581591137696,0.2009362900418417,0.15022201716590833,False
112,2,-281.76293806552746,-14.113799356934805,0.49780667693894126,0.39750749899132176,0.36360477260211804,False
112,3,-281.7477455381188,-14.098606829526148,0.5179964454927928,0.5174999228918898,0.4517070088665791,False
112,4,-281.70191170306225,-14.052772994469592,0.6918460518829856,0.49085144563203204,0.42810600821183914,False
112,5,-281.0365321281365,-13.387393419543855,0.4968904513177206,0.49416756988145494,0.4292404509917861,False
112,6,-281.4678600349652,-13.818721326372554,0.37524522484426753,0.30457462382040434,0.2736074185172126,False
112,7,-279.3252424876243,-11.676103779031621,0.2749905570051311,0.22062001006792092,0.15659015465312104,False
112,8,-276.96088852389084,-9.311749815298185,0.80609578294727,0.044518686719138265,0.03897935877061602,False
112,9,-265.73273632791364,1.916402380679017,2.4358236594703486,,,True
113,0,-267.64913870859266,0.0,2.3308643852862914,,,True
113,1,-279.20569870145084,-11.556559992858183,0.4583473348784308,0.1927675038323509,0.14620547342860635,False
113,2,-281.81302595605763,-14.16388724746497,0.5524734953543848,0.44386443616398713,0.40988240145617044,False
113,3,-281.80644867252636,-14.157309963933699,0.37734167637282734,0.37692842305767554,0.33193395108648843,False
113,4,-281.73912127694564,-14.08998256835298,0.7051293484994775,0.3455271634909781,0.30301600422299285,False
113,5,-281.0820512725331,-13.43291256394042,0.35516956861369975,0.3526542780774062,0.30865628499892905,False
113,6,-281.4677375881376,-13.818598879544936,0.5296328288416385,0.5666133565433228,0.4870411330230125,False
113,7,-279.3422623586953,-11.69312365010262,0.18555593337200277,0.13517349762608152,0.09311975623425542,False
113,8,-276.9860251815484,-9.336886472955769,0.7920247317505805,0.04409467531931131,0.03820915168139075,False
113,9,-265.73273632791364,1.916402380679017,2.4358236594703486,,,True
114,0,-267.64913870859266,0.0,2.3308643852862914,,,True
114,1,-279.2349408898257,-11.58580218123302,0.45619835955504473,0.17010853186749744,0.12944115268754372,False
114,2,-281.8747882081003,-14.225649499507654,0.5955563710860526,0.4748902873290916,0.44054381885741606,False
114,3,-281.8441315526462,-14.194992844053559,0.1731708400370936,0.22611273912070684,0.17650629173352284,False
114,4,-281.76446723247886,-14.115328523886205,0.717706528682747,0.16723947625654134,0.13529116324787213,False
114,5,-281.1194712277121,-13.470332519119438,0.2085322800926771,0.1894285362936273,0.16281139889781568,False
114,6,-281.47615474634216,-13.827016037749502,0.5558587258999017,0.573623132269242,0.4775372673229352,False
114,7,-279.3518548651505,-11.702716156557813,0.10909217022804991,0.10940915861907646,0.07509912352831306,False
114,8,-277.01250589759604,-9.363367189003384,0.7766611573883095,0.04417551332724904,0.03799826605100701,False
114,9,-265.73273632791364,1.916402380679017,2.4358236594703486,,,True
115,0,-267.64913870859266,0.0,2.3308643852862914,,,True
115,1,-279.2641772846106,-11.615038576017923,0.4512003256662679,0.12680391713241568,0.09739259180410649,False
115,2,-281.9456704277866,-14.296531719193922,0.5289615280725327,0.39902687000715925,0.3719262036355989,False
115,3,-281.8569348685875,-14.207796159994814,0.2325164209851869,0.23126430304597254,0.22230027248375525,False
115,4,-281.7747158357479,-14.125577127155225,0.7299075851815613,0.23592665488289738,0.22629679443834005,False
115,5,-281.1449862231532,-13.495847514560523,0.22454972135974433,0.2245409039482625,0.21524781952366157,False
115,6,-281.49548774426967,-13.846349035677008,0.31985524974628193,0.33733347089019633,0.2538946118377287,False
115,7,-279.35464684415354,-11.705508135560876,0.19236517382557075,0.21792023332917765,0.17623964500181444,False
115,8,-277.0407198391614,-9.391581130568738,0.7656041552567232,0.04474985339633208,0.038312661575633226,False
115,9,-265.73273632791364,1.916402380679017,2.4358236594703486,,,True
116,0,-267.64913870859266,0.0,2.3308643852862914,,,True
116,1,-279.29168188858904,-11.64254317999638,0.44144667425771594,0.08122870533527327,0.06437853255810999,False
116,2,-282.0022642506422,-14.353125542049554,0.2124000911443185,0.203345218784293,0.13779140572930765,False
116,3,-281.8558747772093,-14.206736068616635,0.44745045851948206,0.4470361800446657,0.41250885379157465,False
116,4,-281.77910425756784,-14.129965548975179,0.7435827206428814,0.43051856770176944,0.3929993614726843,False
116,5,-281.16672547213636,-13.517586763543704,0.42440696818047535,0.4242605911125142,0.3900937586728414,False
116,6,-281.5096360922555,-13.860497383662846,0.2714908404905324,0.2739973531757686,0.2423450175604219,False
116,7,-279.3558840140513,-11.70674530545864,0.2750733686659771,0.27781105233969483,0.23336903397784922,False
116,8,-277.07148103007916,-9.422342321486497,0.7542842321799864,0.04579928401724416,0.03910297909976885,False
116,9,-265.73273632791364,1.916402380679017,2.4358236594703486,,,True
117,0,-267.64913870859266,0.0,2.3308643852862914,,,True
117,1,-279.3159531596283,-11.666814451035634,0.42403848947918804,0.12299034810425104,0.09894875871984006,False
117,2,-282.00290198409084,-14.353763275498181,0.4645089370640462,0.48140391299458263,0.4395606981457647,False
117,3,-281.86082777372957,-14.211689065136909,0.44511203818820905,0.4448560388896455,0.38987731701704526,False
117,4,-281.7918030967958,-14.142664388203116,0.7620623040966628,0.41100423836522665,0.35467031348977696,False
117,5,-281.1987068747494,-13.549568166156746,0.41950020329816434,0.4192896478208923,0.3649504098283153,False
117,6,-281.5147310065351,-13.865592297942442,0.3070547663155755,0.2488056922270291,0.20445213380619146,False
117,7,-279.361765342794,-11.712626634201342,0.27446378644948066,0.2627220029467009,0.22316775644828124,False
117,8,-277.1056118587628,-9.456473150170154,0.7420396392068633,0.04728605952775442,0.04030824225120397,False
117,9,-265.73273632791364,1.916402380679017,2.4358236594703486,,,True
118,0,-267.64913870859266,0.0,2.3308643852862914,,,True
118,1,-279.3384110868957,-11.68927237830303,0.3955286877411987,0.2104101822349654,0.14828876313663988,False
118,2,-281.9639206087636,-14.314781900170942,1.0705482905798678,0.9890624252651684,0.8572108380042164,False
118,3,-281.8717169896595,-14.22257828106683,0.22798289944776567,0.22153480368314676,0.15840098267394553,False
118,4,-281.8078461950572,-14.15870748646455,0.7871512492703526,0.19162920803488334,0.14074771279722326,False
118,5,-281.2367409260508,-13.58760221745814,0.20537458303010298,0.20535889454789194,0.14677428575266224,False
118,6,-281.5158139175803,-13.866675208987658,0.4044483828207049,0.3241758408115375,0.26837507083382073,False
118,7,-279.3745919172012,-11.725453208608542,0.20330953408047076,0.19123194697653306,0.1553709284396894,False
118,8,-277.14383141706355,-9.494692708470893,0.7289986102615128,0.049098550577456636,0.04181680703421477,False
118,9,-265.73273632791364,1.916402380679017,2.4358236594703486,,,True
119,0,-267.64913870859266,0.0,2.3308643852862914,,,True
119,1,-279.363076499061,-11.713937790468322,0.35673939613236716,0.23887572865625734,0.17709076701862037,False
119,2,-281.9921538725042,-14.34301516391156,0.9484684877809424,0.8617352587468174,0.7117611946983549,False
119,3,-281.87508609123205,-14.22594738263939,0.23240356088406774,0.24023867070863855,0.17600267458027424,False
119,4,-281.81349943395753,-14.164360725364872,0.8145511077714819,0.18342066389689404,0.16037641462959057,False
119,5,-281.26502158238054,-13.615882873787882,0.18786657885852748,0.18360551928198796,0.156709143005003,False
119,6,-281.51755264150603,-13.86841393291337,0.3746548556331726,0.2795564527576592,0.2214987264826196,False
119,7,-279.39176202023356,-11.742623311640898,0.13296457684771187,0.13203375900257386,0.120996321081203,False
119,8,-277.18509318018926,-9.535954471596597,0.7158598448953852,0.050880224598179834,0.04332848579302474,False
119,9,-265.73273632791364,1.916402380679017,2.4358236594703486,,,True
120,0,-267.64913870859266,0.0,2.3308643852862914,,,True
120,1,-279.39104681049133,-11.741908101898673,0.31740760041317084,0.17883521296501895,0.14258341406977476,False
120,2,-282.04929682866486,-14.400158120072206,0.31760660938888585,0.298071294794137,0.24616954115984588,False
120,3,-281.87864976403444,-14.229511055441776,0.27515680373251283,0.275580891356943,0.25073134087805027,False
120,4,-281.8159626960702,-14.166823987477528,0.8361984820320347,0.2720597925816225,0.2428985879676247,False
120,5,-281.2877928613682,-13.63865415277553,0.26595553231681324,0.2648842060346654,0.24211088800538746,False
120,6,-281.52268854789736,-13.873549839304701,0.37261663650821275,0.22043811913890712,0.18283200529357008,False
120,7,-279.40982799757217,-11.760689288979506,0.1449547478726593,0.137689463169752,0.12598139503541453,False
120,8,-277.22648198049933,-9.57734327190667,0.7036909345308687,0.052065940865878756,0.04429936422800999,False
120,9,-265.73273632791364,1.916402380679017,2.4358236594703486,,,True
121,0,-267.64913870859266,0.0,2.3308643852862914,,,True
121,1,-279.42039045515344,-11.771251746560779,0.2896574125671923,0.13822835340192163,0.10498268983626845,False
121,2,-282.0591592172871,-14.410020508694458,0.32919098804179253,0.29612204521001834,0.2778676205799055,False
121,3,-281.8921615875471,-14.243022878954434,0.2668305200538053,0.2670325999904548,0.23777696550103103,False
121,4,-281.82527837462794,-14.176139666035283,0.8491444794085575,0.2574698613749754,0.22414443560075722,False
121,5,-281.3159865451097,-13.666847836517036,0.26023374808626043,0.2593171413801395,0.2317878246896396,False
121,6,-281.52908079887544,-13.879942090282782,0.34497994253551356,0.16794292459364812,0.14047916405996172,False
121,7,-279.4286643546475,-11.779525646054822,0.17584778581441743,0.15830924099831148,0.14139028666096115,False
121,8,-277.268459434968,-9.61932072637535,0.692194264455739,0.057951566878580586,0.04644748842350574,False
121,9,-265.73273632791364,1.916402380679017,2.4358236594703486,,,True
122,0,-267.64913870859266,0.0,2.3308643852862914,,,True
122,1,-279.4491191674807,-11.799980458888058,0.2808706868755133,0.12060378663989893,0.09533202559401803,False
122,2,-282.05592447648405,-14.406785767891392,0.5438728060055158,0.4697500891767549,0.4349668763633026,False
122,3,-281.9079126883531,-14.258773979760463,0.1413984966471361,0.14742198243973564,0.11163633557070907,False
122,4,-281.8367381941724,-14.187599485579767,0.8549368696644603,0.1267842059788594,0.09786223966396385,False
122,5,-281.3467502428856,-13.697611534292946,0.1396513760646147,0.1351485249012411,0.11925689016122774,False
122,6,-281.5328980103553,-13.883759301762666,0.2701057621800506,0.19832806424522312,0.1872330845380131,False
122,7,-279.45055745400646,-11.801418745413798,0.21934441642929695,0.19276072353711107,0.16522180125704816,False
122,8,-277.3118904375691,-9.662751728976446,0.6804788878716129,0.0646425456798495,0.051345781967667446,False
122,9,-265.73273632791364,1.916402380679017,2.4358236594703486,,,True
123,0,-267.64913870859266,0.0,2.3308643852862914,,,True
123,1,-279.47707013038394,-11.827931421791277,0.2878786856991493,0.10415712994441417,0.08504587105470406,False
123,2,-282.0672362691801,-14.418097560587455,0.5245586215525082,0.42111885017846507,0.36836427480786366,False
123,3,-281.9157300687626,-14.266591360169969,0.12790777715816531,0.11613321667001893,0.10938214937363792,False
123,4,-281.84309991476556,-14.1939612061729,0.8559082049676864,0.12097232502407425,0.11684435704572804,False
123,5,-281.37364283618143,-13.724504127588773,0.1630555446873285,0.14446694714339114,0.1375604409688757,False
123,6,-281.53559228199845,-13.886453573405788,0.22583633054320099,0.20796393435833244,0.18767769226697115,False
123,7,-279.4799354978219,-11.830796789229225,0.2781662249555828,0.2431150290696603,0.20056830649867557,False
123,8,-277.3566805331814,-9.707541824588759,0.6675309869784172,0.0721923233357189,0.056841712169046356,False
123,9,-265.73273632791364,1.916402380679017,2.4358236594703486,,,True
124,0,-267.64913870859266,0.0,2.3308643852862914,,,True
124,1,-279.50402110795056,-11.854882399357905,0.2992736064850884,0.10437357940409518,0.0905245555022825,False
124,2,-282.08565760331123,-14.436518894718574,0.35155865403833747,0.23930927422576878,0.2008785208940909,False
124,3,-281.9174698915273,-14.268331182934617,0.22453555324580382,0.22434810831350752,0.21499755323047587,False
124,4,-281.8463866110116,-14.197247902418951,0.8535472764076171,0.21622648527821656,0.2058172516699205,False
124,5,-281.39877064805,-13.749631939457345,0.2125617965705294,0.21351731229814552,0.20380516107989544,False
124,6,-281.5390773304424,-13.889938621849751,0.19812970528535298,0.15813522771206714,0.14622277896062363,False
124,7,-279.52234882656956,-11.873210117976896,0.3550954432461397,0.3064934308474914,0.2476895755608368,False
124,8,-277.40256559258785,-9.75342688399519,0.6522410644480741,0.08054647380646536,0.06296539204590915,False
124,9,-265.73273632791364,1.916402380679017,2.4358236594703486,,,True
125,0,-267.64913870859266,0.0,2.3308643852862914,,,True
125,1,-279.52924782556096,-11.880109116968299,0.303457925614933,0.1040669850514275,0.10008460887695653,False
125,2,-282.0986047460947,-14.44946603750202,0.24957376954332147,0.24877846375357573,0.24200088907865852,False
125,3,-281.92105839089396,-14.271919682301302,0.22640720015009402,0.22619864613280555,0.21582174985577385,False
125,4,-281.8527807019797,-14.203641993387066,0.8485153760281139,0.21452962925758512,0.2029482797938509,False
125,5,-281.42858323362555,-13.779444525032886,0.2207748169921326,0.22225975376078672,0.21150148666953156,False
125,6,-281.54175620887247,-13.892617500279812,0.16446327615360964,0.1430419273845577,0.13124371295582885,False
125,7,-279.58393327523254,-11.93479456663988,0.4429528400446346,0.37563591717332406,0.3018756381668499,False
125,8,-277.44874357644846,-9.799604867855805,0.6340125989764168,0.08940739397531806,0.06955743364222414,False
125,9,-265.73273632791364,1.916402380679017,2.4358236594703486,,,True
126,0,-267.64913870859266,0.0,2.3308643852862914,,,True
126,1,-279.55294759274096,-11.903808884148305,0.2956320831044056,0.1255307462572372,0.10175568935761375,False
126,2,-282.1053205708871,-14.456181862294443,0.2829428059536543,0.30056319603928433,0.27101196037150793,False
126,3,-281.926055154242,-14.276916445649363,0.11002355325884956,0.10981045380187096,0.10238815994958009,False
126,4,-281.8609590675228,-14.21182035893014,0.8410516162919811,0.10372456822445622,0.0950921975060221,False
126,5,-281.461920395007,-13.812781686414326,0.23028876776807405,0.19524592413863515,0.18555288924368507,False
126,6,-281.54284180995444,-13.89370310136178,0.15714472026694845,0.14113720345118297,0.1303252147207386,False
126,7,-279.67130720551336,-12.022168496920699,0.5392197915114375,0.4472212475925955,0.3609296952348157,False
126,8,-277.49409944298725,-9.84496073439459,0.6133698462880038,0.09824633985644822,0.0762367518271431,False
126,9,-265.73273632791364,1.916402380679017,2.4358236594703486,,,True
127,0,-267.64913870859266,0.0,2.3308643852862914,,,True
127,1,-279.5758031844721,-11.92666447587942,0.2789251745699732,0.12565352520395184,0.1021637550428883,False
127,2,-282.11291143446545,-14.463772725872786,0.33261863419315707,0.33415458354632027,0.3166624303767093,False
127,3,-281.92780788970595,-14.278669181113287,0.11683912720864698,0.10503850876440474,0.08296246882826473,False
127,4,-281.8665520873892,-14.21741337879655,0.8314923649192442,0.11962720629869929,0.11080541297293277,False
127,5,-281.49323472221465,-13.844096013621993,0.22749937489804892,0.18705507257642195,0.1755021211644252,False
127,6,-281.5440509007449,-13.89491219215222,0.2347646970688756,0.15354883008481762,0.14847842634795175,False
127,7,-279.79154541758214,-12.142406708989483,0.6574436160448385,0.5314469763213197,0.4300866127717244,False
127,8,-277.5378752452284,-9.888736536635747,0.5918709237747782,0.10650669658443454,0.08253681689731075,False
127,9,-265.73273632791364,1.916402380679017,2.4358236594703486,,,True
128,0,-267.64913870859266,0.0,2.3308643852862914,,,True
128,1,-279.5975818861058,-11.948443177513127,0.2604617831620682,0.09500290646186843,0.07693638060940726,False
128,2,-282.1233754519576,-14.47423674336494,0.25519790219784755,0.2441068625682434,0.21893496846691318,False
128,3,-281.9269556404895,-14.277816931896837,0.13581912274891225,0.13568524323057415,0.13409904043457707,False
128,4,-281.87041659987733,-14.221277891284672,0.8205964833292327,0.1283694271276502,0.1271665458441613,False
128,5,-281.52080955956694,-13.871670850974283,0.19490656770164663,0.15278638424330057,0.1370906265009132,False
128,6,-281.54684658236374,-13.897707873771083,0.2797275277934889,0.11750276866911201,0.10956401791618038,False
128,7,-279.94816732803747,-12.299028619444812,0.7239862311580085,0.5570129834725066,0.443042940993073,False
128,8,-277.579483131738,-9.930344423145357,0.5715832708237811,0.11368876585427407,0.08797844547222439,False
128,9,-265.73273632791364,1.916402380679017,2.4358236594703486,,,True
129,0,-267.64913870859266,0.0,2.3308643852862914,,,True
129,1,-279.6176445314678,-11.968505822875159,0.24602993588560773,0.07190637141905667,0.0509097844471027,False
129,2,-282.13277293075396,-14.4836342221613,0.160087100699914,0.15393350230216865,0.13394559391686386,False
129,3,-281.9266750657688,-14.277536357176132,0.16840840943936053,0.16824361476704774,0.16573878704964784,False
129,4,-281.8755346245782,-14.226395915985563,0.8091347609231293,0.15807153114673386,0.15592556767887059,False
129,5,-281.54502606601795,-13.895887357425295,0.15483376628496023,0.15463793950541802,0.15210773835999702,False
129,6,-281.55051415676104,-13.90137544816838,0.2841578211244641,0.10100113027465617,0.08328011254806778,False
129,7,-280.11652930974697,-12.467390601154307,0.5935082711238121,0.400853590760146,0.3648293961943299,False
129,8,-277.6187825138636,-9.969643805270948,0.5541325991497934,0.11941503089373533,0.09218017566084852,False
129,9,-265.73273632791364,1.916402380679017,2.4358236594703486,,,True
130,0,-267.64913870859266,0.0,2.3308643852862914,,,True
130,1,-279.63625552739694,-11.987116818804282,0.2378040574811465,0.07721229056542002,0.054489649772244055,False
130,2,-282.13965368566585,-14.49051497707319,0.14736028519942507,0.15174983910451845,0.11151450789310646,False
130,3,-281.9281812896064,-14.279042581013755,0.13747396445321364,0.1372543792070387,0.13541625757673817,False
130,4,-281.88295910926496,-14.2338204006723,0.7971558460000593,0.12819075013177036,0.12648262861202658,False
130,5,-281.5659889968333,-13.916850288240653,0.17701301513576173,0.17372065546892657,0.12612527337570525,False
130,6,-281.5535744659908,-13.904435757398119,0.26055907252563776,0.06218239136059796,0.05157740513375375,False
130,7,-280.2370397156561,-12.587901007063465,0.6013115946245029,0.46677890123154087,0.43375045921537314,False
130,8,-277.6569785049443,-10.007839796351618,0.5399764360039845,0.1232748340329424,0.09647410811964656,False
130,9,-265.73273632791364,1.916402380679017,2.4358236594703486,,,True
131,0,-267.64913870859266,0.0,2.3308643852862914,,,True
131,1,-279.6546486397515,-12.005509931158826,0.23505032619988414,0.08294953030735987,0.058601797443860376,False
131,2,-282.14499187026433,-14.495853161671675,0.21488080727008635,0.2045948989253456,0.17933681446280061,False
131,3,-281.9302146004402,-14.281075891847536,0.13295795970114452,0.07977444703441726,0.06843615692917943,False
131,4,-281.89181771685344,-14.24267900826078,0.7838389828997514,0.10889140212136064,0.10557274255416778,False
131,5,-281.58389203193457,-13.934753323341909,0.23276602660284965,0.2394207344968962,0.18819204962182537,False
131,6,-281.5554842270259,-13.906345518433227,0.2277463704613105,0.08908587326124887,0.08351618530351332,False
131,7,-280.277088302722,-12.627949594129348,1.0520611582984296,1.017383912917083,0.7970568493057024,False
131,8,-277.6964340872171,-10.047295378624426,0.528477504329874,0.12408498931897549,0.09816838939010161,False
131,9,-265.73273632791364,1.916402380679017,2.4358236594703486,,,True
132,0,-267.64913870859266,0.0,2.3308643852862914,,,True
132,1,-279.6737687174638,-12.024630008871156,0.23554237439881154,0.08897559454551342,0.06360918011375342,False
132,2,-282.14939771854796,-14.5002590099553,0.2431201544565291,0.2224864389254695,0.2066125693476772,False
132,3,-281.93085700194007,-14.28171829334741,0.13815139335476492,0.07557497667883671,0.05920437785056111,False
132,4,-281.9007182692675,-14.251579560674827,0.7683144774461274,0.11298291019039251,0.10917702354839734,False
132,5,-281.5993863705334,-13.95024766194075,0.280537373289307,0.28903838835859175,0.24704466117957435,False
132,6,-281.55696836692925,-13.907829658336595,0.21435312579585378,0.10695994920808016,0.10136014503819858,False
132,7,-280.27939794184306,-12.6302592332504,1.4932700751289432,1.2636095632168147,0.9708377426930371,False
132,8,-277.7382348166484,-10.089096108055742,0.5186485021697681,0.118690872734111,0.09409752527649319,False
132,9,-265.73273632791364,1.916402380679017,2.4358236594703486,,,True
133,0,-267.64913870859266,0.0,2.3308643852862914,,,True
133,1,-279.6937825140077,-12.044643805415035,0.23735835055981033,0.09498954549996397,0.06939548184739676,False
133,2,-282.1542490512146,-14.505110342621947,0.2097617554861983,0.1826460001981818,0.1746781471349558,False
133,3,-281.9301319825401,-14.280993273947445,0.14226807026955324,0.12636728397290664,0.11308718845013677,False
133,4,-281.9096380813111,-14.260499372718414,0.7500530163982444,0.1157082999622177,0.1109245150526422,False
133,5,-281.6146168564468,-13.965478147854128,0.28207366239128573,0.2902968647705341,0.25453633226622746,False
133,6,-281.55938920424217,-13.910250495649507,0.22815208926160438,0.10473857830388754,0.0906683775601384,False
133,7,-280.2516911247448,-12.60255241615215,1.4266793361698695,1.0419478113198646,0.9417317429891241,False
133,8,-277.7811418401426,-10.132003131549936,0.5097499072655935,0.10205099200892684,0.07837814827034237,False
133,9,-265.73273632791364,1.916402380679017,2.4358236594703486,,,True
134,0,-267.64913870859266,0.0,2.3308643852862914,,,True
134,1,-279.70053870919713,-12.051400000604474,0.23586516135468621,0.09279512851045263,0.07003039718287167,False
134,2,-282.1656004882208,-14.516461779628116,0.07519163506835744,0.06138480319500657,0.04751181182030484,False
134,3,-281.9349241878589,-14.285785479266224,0.14244148917694327,0.06733180342266169,0.061336075501538675,False
134,4,-281.9180234877053,-14.268884779112625,0.7372014145599978,0.11096943125373555,0.10504890881042171,False
134,5,-281.62921362560616,-13.980074917013496,0.1304178927023984,0.12585463432463947,0.08955883059717361,False
134,6,-281.56403913776086,-13.914900429168199,0.21460670134515225,0.02643888720177703,0.02102193645393349,False
134,7,-280.44400471355755,-12.794866004964888,0.316858436123782,0.29430226152431116,0.2607983424523123,False
134,8,-277.7928876489528,-10.143748940360126,0.5067191622036734,0.09103117598644508,0.0707861302648858,False
134,9,-265.73273632791364,1.916402380679017,2.4358236594703486,,,True
135,0,-267.64913870859266,0.0,2.3308643852862914,,,True
135,1,-279.7116347094162,-12.062496000823558,0.24580405907168504,0.09242951565415379,0.06960557579652357,False
135,2,-282.1662664055681,-14.517127696975422,0.1271018858897808,0.11929605210008838,0.11014392759963204,False
135,3,-281.9379886985504,-14.288849989957725,0.14502737282425823,0.0966383620195647,0.08984300773606604,False
135,4,-281.9287290085685,-14.279590299975837,0.7126895971708854,0.1061953754447823,0.0995164030918083,False
135,5,-281.6373461239788,-13.988207415386114,0.17284254947510996,0.11916875683981468,0.11088798600603961,False
135,6,-281.5654384413239,-13.916299732731261,0.2520597188197752,0.08086443667518205,0.06447227612224082,False
135,7,-280.41920467948404,-12.77006597089138,0.5808177042642801,0.49004097739989533,0.4305267995357731,False
135,8,-277.81471284255076,-10.165574133958103,0.5026269721699327,0.07057389712731588,0.054304169512214985,False
135,9,-265.73273632791364,1.916402380679017,2.4358236594703486,,,True
136,0,-267.64913870859266,0.0,2.3308643852862914,,,True
136,1,-279.7158276235154,-12.066688914922736,0.2542801656726706,0.09495204472579015,0.0694671449079941,False
136,2,-282.17120466262895,-14.522065954036293,0.0663493343071555,0.05271685175390676,0.04187726048547652,False
136,3,-281.94027662341256,-14.291137914819899,0.1414385835443389,0.06621124481495654,0.06233631533192761,False
136,4,-281.9337264591129,-14.284587750520245,0.7042078615291705,0.10714707760948063,0.1012814756148636,False
136,5,-281.6421733974886,-13.993034688895932,0.1344129021274237,0.08475150472584879,0.07228646727950531,False
136,6,-281.56781461470257,-13.918675906109911,0.20697788381766183,0.028940938185383205,0.023171568790394465,False
136,7,-280.4807844875148,-12.831645778922166,0.3453829558822301,0.263782617793746,0.22184619261379707,False
136,8,-277.8223890982007,-10.173250389608029,0.5016050181503541,0.06443125318708708,0.04982447764947365,False
136,9,-265.73273632791364,1.916402380679017,2.4358236594703486,,,True
137,0,-267.64913870859266,0.0,2.3308643852862914,,,True
137,1,-279.724534857202,-12.075396148609343,0.265488648709423,0.10002232704557654,0.0708842956867459,False
137,2,-282.17362531717674,-14.524486608584084,0.10897775316433699,0.06255787318612581,0.06002302448009347,False
137,3,-281.94220758892016,-14.293068880327496,0.13824944375157874,0.06324729421272235,0.0584975321229131,False
137,4,-281.94167259728204,-14.292533888689377,0.6875019485399753,0.10946544627549495,0.10429670641316238,False
137,5,-281.64803780537613,-13.998899096783475,0.11427432684211969,0.07675260720120224,0.06165622051662244,False
137,6,-281.56939306158625,-13.920254352993595,0.16287574390793783,0.05946439946380596,0.04409477877911557,False
137,7,-280.4908156242153,-12.841676915622656,0.26248759765979307,0.2610530621305242,0.1947750786022262,False
137,8,-277.8379893982992,-10.188850689706555,0.49834410534103024,0.05196062069788481,0.04014416007713026,False
137,9,-265.73273632791364,1.916402380679017,2.4358236594703486,,,True
138,0,-267.64913870859266,0.0,2.3308643852862914,,,True
138,1,-279.72561566195856,-12.076476953365898,0.26503190980480035,0.1004839691719416,0.07188947827128872,False
138,2,-282.17417730650345,-14.525038597910793,0.09916188231108004,0.054438357384298766,0.05158526881794605,False
138,3,-281.9426209769315,-14.293482268338835,0.1382212578002591,0.06088343145711929,0.0518343385318093,False
138,4,-281.9427883462184,-14.29364963762572,0.6857654704735474,0.1096266332152728,0.10437989813836879,False
138,5,-281.648832519165,-13.999693810572353,0.11512024450034958,0.07485303755637013,0.06106165506469483,False
138,6,-281.56984057266914,-13.920701864076477,0.16896293798344247,0.047700579025136046,0.03580568766206036,False
138,7,-280.4959008799376,-12.846762171344949,0.20330930687023335,0.2093836268886321,0.16353845103554238,False
138,8,-277.8397664881304,-10.19062777953775,0.4974924197905706,0.05074681660079242,0.03921905309986804,False
138,9,-265.73273632791364,1.916402380679017,2.4358236594703486,,,True
139,0,-267.64913870859266,0.0,2.3308643852862914,,,True
139,1,-279.7278045699011,-12.078665861308423,0.2645291943563763,0.10153850333819528,0.07415690361060971,False
139,2,-282.17506802628026,-14.525929317687599,0.08321077152348347,0.0430358930605926,0.03664739469950867,False
139,3,-281.9433246378949,-14.294185929302216,0.13829333376102912,0.059884974551458026,0.05328625273090667,False
139,4,-281.9449274542917,-14.295788745699042,0.6822317476688241,0.11040420115712989,0.10507975210450585,False
139,5,-281.65031460748247,-14.001175898889812,0.11669193965210611,0.07133886452469074,0.06005086775200084,False
139,6,-281.5705709455903,-13.921432236997646,0.18044573790099241,0.02971784542330233,0.02190889491058435,False
139,7,-280.502970689789,-12.853831981196322,0.11175031551148953,0.12386594910358581,0.11703772485600453,False
139,8,-277.84332656640424,-10.194187857811585,0.49581125126687753,0.04832409067937421,0.03738271190908102,False
139,9,-265.73273632791364,1.916402380679017,2.4358236594703486,,,True
140,0,-267.64913870859266,0.0,2.3308643852862914,,,True
140,1,-279.7311882153649,-12.08204950677225,0.26478393480726425,0.10341917196701565,0.07725455838897004,False
140,2,-282.17603415087143,-14.526895442278771,0.06860970002040685,0.03921729689860264,0.03146501551456867,False
140,3,-281.9441699615968,-14.29503125300414,0.13859044791705838,0.058926870955288514,0.054860829602645635,False
140,4,-281.9480096449825,-14.298870936389847,0.6766441196783337,0.1116553211394314,0.10624393136292705,False
140,5,-281.6523592217039,-14.003220513111216,0.11871505859248493,0.06673159621847279,0.05897219713139657,False
140,6,-281.57139550932686,-13.922256800734203,0.19515951515140184,0.022311744125860164,0.02174694506048068,False
140,7,-280.50823406739266,-12.859095358800005,0.07084636644165422,0.06297315077992816,0.058015386420068454,False
140,8,-277.84871599581845,-10.199577287225793,0.4933279646209031,0.04468250283063595,0.034651808917691936,False
140,9,-265.73273632791364,1.916402380679017,2.4358236594703486,,,True
141,0,-267.64913870859266,0.0,2.3308643852862914,,,True
141,1,-279.73589471625655,-12.086756007663894,0.2668381797603708,0.10639562332558777,0.08094104757885391,False
141,2,-282.1769858793407,-14.527847170748032,0.06261701472476694,0.0473538524333227,0.0381236076465264,False
141,3,-281.9451026691356,-14.295963960542963,0.13905352431057236,0.05805551675320883,0.055890197184396966,False
141,4,-281.95204210534496,-14.3029033967523,0.6686300385294178,0.1134548742900405,0.10798675357017536,False
141,5,-281.6549114848202,-14.005772776227559,0.1207482283411868,0.06382142658637663,0.05829295365575222,False
141,6,-281.572268170318,-13.923129461725352,0.20907049099612918,0.03249569511641678,0.027135878777476606,False
141,7,-280.5102454740011,-12.861106765408465,0.1478259405006648,0.09756360629835538,0.07924940489943708,False
141,8,-277.85596237911335,-10.206823670520691,0.4900897208761067,0.03984284092347441,0.031081357723248243,False
141,9,-265.73273632791364,1.916402380679017,2.4358236594703486,,,True
142,0,-267.64913870859266,0.0,2.3308643852862914,,,True
142,1,-279.7419858460727,-12.092847137480021,0.2714619957919649,0.11068511984935721,0.0851221677402917,False
142,2,-282.17808850573897,-14.52894979714631,0.06271171155614054,0.0562161113590561,0.04741048707140649,False
142,3,-281.9461872279367,-14.29704851934406,0.13940016518628065,0.05684130468652652,0.05575182008019953,False
142,4,-281.9570634426915,-14.307924734098833,0.6579491240978025,0.11584435430907766,0.11038578233843382,False
142,5,-281.657973512176,-14.00883480358334,0.12236021222160655,0.06435590681739928,0.058395030014196464,False
142,6,-281.5733043291251,-13.924165620532449,0.21778667424639928,0.04068563757330763,0.03551271125219659,False
142,7,-280.5109056033485,-12.861766894755817,0.2117958064910232,0.1513391166567583,0.1218511227889806,False
142,8,-277.8648977380643,-10.215759029471656,0.4862048565243507,0.03397904322759529,0.028571551189836834,False
142,9,-265.73273632791364,1.916402380679017,2.4358236594703486,,,True
143,0,-267.64913870859266,0.0,2.3308643852862914,,,True
143,1,-279.74950950094825,-12.10037079235559,0.2788450141640576,0.11649936473111625,0.09006224121428816,False
143,2,-282.17958117008436,-14.530442461491702,0.06180580819292103,0.05870905706296321,0.04671147201264221,False
143,3,-281.94751067602465,-14.29837196743199,0.13932220325978506,0.05470664493908784,0.05411393233349226,False
143,4,-281.96310709821,-14.313968389617344,0.644461138890625,0.1188620472430769,0.11348597528189877,False
143,5,-281.6615569323497,-14.012418223757038,0.12340099697550845,0.06544022272150234,0.059387539601819486,False
143,6,-281.57462314138957,-13.925484432796907,0.2188044856734302,0.03818428980508337,0.033189526912174236,False
143,7,-280.51302341403596,-12.863884705443297,0.2293173386693767,0.16299148822899312,0.13082297694836936,False
143,8,-277.8752658260896,-10.226127117496958,0.4817693216909771,0.03420789081055057,0.029414064751401008,False
143,9,-265.73273632791364,1.916402380679017,2.4358236594703486,,,True
144,0,-267.64913870859266,0.0,2.3308643852862914,,,True
144,1,-279.758613596757,-12.109474888164357,0.288760958370307,0.1241618062905598,0.09640321535625848,False
144,2,-282.1815464392147,-14.532407730622026,0.05943874744534881,0.055618716523754316,0.04125345468237332,False
144,3,-281.94907643086805,-14.299937722275388,0.13867887208775154,0.05131047722909499,0.05092738191524604,False
144,4,-281.9701858982172,-14.32104718962455,0.6279279024034706,0.12258677532441689,0.11733787536619902,False
144,5,-281.66562666094956,-14.016487952356897,0.12404538084028764,0.06702306281799254,0.061124448738986745,False
144,6,-281.57621215118735,-13.92707344259469,0.21200175522455347,0.02817993041537701,0.021767974893148034,False
144,7,-280.5175745201036,-12.868435811510949,0.20990644563423047,0.13361223656838522,0.10499042641019303,False
144,8,-277.88688607512813,-10.237747366535473,0.4767981914740006,0.03544034848057148,0.03048392856563388,False
144,9,-265.73273632791364,1.916402380679017,2.4358236594703486,,,True
145,0,-267.64913870859266,0.0,2.3308643852862914,,,True
145,1,-279.7709224769394,-12.121783768346745,0.30220989331400155,0.13541632359423264,0.1065578810666148,False
145,2,-282.18412616097237,-14.53498745237971,0.06085402121225216,0.05138375159167712,0.03557561636420941,False
145,3,-281.95098260432167,-14.301843895729007,0.1374028752857709,0.04611974796441597,0.045788859383503785,False
145,4,-281.9792325272092,-14.330093818616547,0.6055553095624551,0.12767813059032743,0.1225589105107146,False
145,5,-281.6705851009707,-14.021446392378039,0.12476729880452839,0.06917829326779294,0.06353156533318383,False
145,6,-281.5781371386472,-13.928998430054548,0.19777505544401103,0.022235280630172195,0.021728170302468583,False
145,7,-280.5238508470685,-12.874712138475843,0.18198559975910789,0.10034486854704476,0.07490542553076804,False
145,8,-277.90112955477474,-10.251990846182082,0.4705855755931091,0.03710035521715135,0.03194619327846069,False
145,9,-265.73273632791364,1.916402380679017,2.4358236594703486,,,True
146,0,-267.64913870859266,0.0,2.3308643852862914,,,True
146,1,-279.7881315610042,-12.138992852411548,0.3195077044005508,0.1523990273722108,0.1258609857060994,False
146,2,-282.18717711766277,-14.538038409070111,0.06774701336921418,0.050032478284299915,0.03832339750841467,False
146,3,-281.9531541877227,-14.304015479130044,0.13569692584782983,0.03922452424169708,0.038742821498332594,False
146,4,-281.9907958014017,-14.341657092809044,0.5749461376007724,0.13466856922272316,0.12958923575695203,False
146,5,-281.6764733881587,-14.027334679566025,0.12631912996581166,0.07162594015914482,0.06613033826332176,False
146,6,-281.580323086588,-13.93118437799535,0.18037237616269614,0.027832468370067608,0.02179634846725177,False
146,7,-280.529097570885,-12.87995886229237,0.12001996598034192,0.06926420029139926,0.06620372402073518,False
146,8,-277.9185832018344,-10.269444493241735,0.4626523728613221,0.03933120396628502,0.033916859380975974,False
146,9,-265.73273632791364,1.916402380679017,2.4358236594703486,,,True
147,0,-267.64913870859266,0.0,2.3308643852862914,,,True
147,1,-279.8131228869115,-12.163984178318856,0.34396445243028795,0.1832172388497448,0.15389268558317656,False
147,2,-282.19068244584435,-14.541543737251686,0.0698423294970469,0.04650446670591787,0.03982389096424092,False
147,3,-281.9556617002752,-14.306522991682527,0.13391828192608557,0.037703159148616286,0.03213769994424629,False
147,4,-282.00570058290214,-14.356561874309477,0.5330278285857776,0.1440091617298356,0.1387803179647947,False
147,5,-281.68341026500525,-14.034271556412591,0.12955946375418445,0.07399361162833099,0.06833741660438097,False
147,6,-281.5828997124353,-13.93376100384262,0.16813957576775893,0.03125135520615134,0.022544128945311326,False
147,7,-280.532310333277,-12.883171624684337,0.1319722136980031,0.11245064189001483,0.09443805533946573,False
147,8,-277.9397981469666,-10.29065943837395,0.452487194108962,0.04229699094690464,0.03652397100537172,False
147,9,-265.73273632791364,1.916402380679017,2.4358236594703486,,,True
148,0,-267.64913870859266,0.0,2.3308643852862914,,,True
148,1,-279.85087035223944,-12.20173164364678,0.4008482684264989,0.23243056239073434,0.1924741908091662,False
148,2,-282.19489699456375,-14.54575828597109,0.060101092684845335,0.03714872124702054,0.03060602971608318,False
148,3,-281.9587586919906,-14.309619983397965,0.1323028177357725,0.03759337839154633,0.03388676459373024,False
148,4,-282.0250333053532,-14.375894596760531,0.4763037094099058,0.15565475105556575,0.15002883653775217,False
148,5,-281.6916340754053,-14.042495366812659,0.1348657055145033,0.0764990608340745,0.07018750250106123,False
148,6,-281.5860950100205,-13.936956301427813,0.16820517519873573,0.024382354672090482,0.021402887269875687,False
148,7,-280.5363336086614,-12.887194900068721,0.10295097247459477,0.10677440244387207,0.09735040627566469,False
148,8,-277.96514274371606,-10.316004035123399,0.4398245112207461,0.04618479225035556,0.03992963259953604,False
148,9,-265.73273632791364,1.916402380679017,2.4358236594703486,,,True
149,0,-267.64913870859266,0.0,2.3308643852862914,,,True
149,1,-279.9108008630458,-12.26166215445312,0.47531444374933257,0.29486364310786217,0.2382028686609458,False
149,2,-282.1999959893589,-14.550857280766252,0.048112260039531826,0.03620462178431735,0.032402929265330595,False
149,3,-281.96252820707025,-14.31338949847759,0.13081756798236674,0.03676946813078897,0.03535064958818024,False
149,4,-282.0500636415623,-14.400924932969644,0.40026198753352044,0.16857008084543118,0.1622563310013952,False
149,5,-281.70130380309126,-14.052165094498605,0.1418196909167464,0.08009659037233453,0.07285545218740809,False
149,6,-281.58985296961305,-13.94071426102039,0.18134035149678848,0.021235387070056382,0.020896992687382265,False
149,7,-280.54250231300944,-12.893363604416777,0.08753731963218625,0.1048235952105838,0.09448417521637315,False
149,8,-277.99504808184395,-10.345909373251288,0.4247635790156604,0.05127606577230523,0.04441559089227206,False
149,9,-265.73273632791364,1.916402380679017,2.4358236594703486,,,True
150,0,-267.64913870859266,0.0,2.3308643852862914,,,True
150,1,-280.00535200074046,-12.3562132921478,0.5601620506649839,0.36084464874217664,0.2855912592301163,False
150,2,-282.20563675785695,-14.556498049264292,0.04377917702044959,0.04514066350802426,0.03786204768650868,False
150,3,-281.96673768391554,-14.31759897532288,0.12862482678526826,0.05352345822665957,0.04529353635477264,False
150,4,-282.0807779045724,-14.431639195979756,0.30472637031751865,0.17950469111919604,0.1721884661440084,False
150,5,-281.7119803910417,-14.062841682449061,0.14920859308491047,0.08558182751262512,0.0780807994452335,False
150,6,-281.5938944584133,-13.944755749820615,0.19639295017655076,0.02674153962912063,0.02300845963402267,False
150,7,-280.5481390329453,-12.899000324352642,0.1219449350683887,0.07713524219706124,0.07202647086985454,False
150,8,-278.0284542623342,-10.379315553741549,0.40868413642370227,0.057724455152452656,0.05020353319591936,False
150,9,-265.73273632791364,1.916402380679017,2.4358236594703486,,,True
151,0,-267.64913870859266,0.0,2.3308643852862914,,,True
151,1,-280.1284287008157,-12.479289992223016,0.6687067274670764,0.43613238698002993,0.34567974482763064,False
151,2,-282.2107716273505,-14.561632918757823,0.04413270642574135,0.04856593995762927,0.04125494019074713,False
151,3,-281.9709168695153,-14.321778160922634,0.12465055896444834,0.08324539952738176,0.06741165653397702,False
151,4,-282.1113978359796,-14.462259127386915,0.21155757710215217,0.18440218890009116,0.17609150752895208,False
151,5,-281.7217745057127,-14.072635797120029,0.15593223308307222,0.0919732706919659,0.08490837404465337,False
151,6,-281.59758306212416,-13.9484443535315,0.19640475020425271,0.021718401875080888,0.020247851222470015,False
151,7,-280.55230477402984,-12.903166065437176,0.13151113611255189,0.07244643819589773,0.05881415504677298,False
151,8,-278.05863273996994,-10.409494031377278,0.395542172762704,0.06441967291780082,0.05634129606545829,False
151,9,-265.73273632791364,1.916402380679017,2.4358236594703486,,,True
152,0,-267.64913870859266,0.0,2.3308643852862914,,,True
152,1,-280.28419682648166,-12.635058117889002,0.7603555096183172,0.46013262368269564,0.35330088173789587,False
152,2,-282.21551808142544,-14.566379372832785,0.03791931193455175,0.04894753720114702,0.036811640382175284,False
152,3,-281.97529169059646,-14.326152982003805,0.11917532527837968,0.11186579289173776,0.08911006192967467,False
152,4,-282.1412212731318,-14.492082564539146,0.17263718696038843,0.18373698501465147,0.17469901162606433,False
152,5,-281.73082310202494,-14.081684393432283,0.1630811026451147,0.09865072549316638,0.09183036078975626,False
152,6,-281.60087818612595,-13.951739477533295,0.18411502761341647,0.02222859220769882,0.01986723725439009,False
152,7,-280.5559727997141,-12.906834091121425,0.14879151393944662,0.07699003241282974,0.07300928728515023,False
152,8,-278.08540928774335,-10.436270579150687,0.3852888664179403,0.07127149356305092,0.06271318121933174,False
152,9,-265.73273632791364,1.916402380679017,2.4358236594703486,,,True
153,0,-267.64913870859266,0.0,2.3308643852862914,,,True
153,1,-280.44386875715156,-12.794730048558904,0.7047823214098141,0.38448749804251203,0.2712025802651506,False
153,2,-282.21986293230145,-14.570724223708794,0.03579713063726991,0.04500601802203895,0.03551386406122749,False
153,3,-281.9799311336342,-14.330792425041523,0.11324321430601875,0.1338591767675277,0.10623883404712342,False
153,4,-282.1698567014699,-14.520717992877223,0.17525559313397077,0.1779687371651203,0.16861749134575396,False
153,5,-281.7392151579239,-14.090076449331264,0.17099601520819493,0.10525696535986345,0.09813847335066608,False
153,6,-281.6037584796973,-13.95461977110466,0.1705529247521341,0.02297654097504409,0.019715456372490493,False
153,7,-280.55939675659533,-12.910258048002675,0.12168877573229256,0.06029402050854171,0.05488759427656955,False
153,8,-278.10912238443007,-10.459983675837407,0.3773669200525033,0.07830082230523798,0.06929955144745019,False
153,9,-265.73273632791364,1.916402380679017,2.4358236594703486,,,True
154,0,-267.64913870859266,0.0,2.3308643852862914,,,True
154,1,-280.5515921738647,-12.90245346527206,0.7710513069717763,0.4932909474231451,0.3848825556346225,False
154,2,-282.2239759382659,-14.574837229673221,0.036480819274572064,0.03791292339351044,0.03409976914322284,False
154,3,-281.9853399220581,-14.336201213465415,0.1066423745328361,0.14658123677516582,0.11640123434140251,False
154,4,-282.1987332821353,-14.549594573542663,0.17064939308395033,0.16620529826880606,0.15685899300707717,False
154,5,-281.74760376797906,-14.098465059386399,0.17981208626459255,0.11230180643808667,0.10444945803172691,False
154,6,-281.60645493653146,-13.957316227938804,0.16376090367491936,0.02368599770486859,0.019639613685648906,False
154,7,-280.56283102484156,-12.913692316248898,0.07721693141416812,0.04774653536787475,0.04743878540565097,False
154,8,-278.131404262249,-10.482265553656362,0.3709340142791742,0.085998528799556,0.07654409714109751,False
154,9,-265.73273632791364,1.916402380679017,2.4358236594703486,,,True
155,0,-267.64913870859266,0.0,2.3308643852862914,,,True
155,1,-280.6356299507463,-12.986491242153647,0.8250193939486379,0.8530559602805837,0.7242351032860685,False
155,2,-282.2280844047769,-14.578945696184235,0.035312329427874094,0.03616394471665715,0.032651147214521045,False
155,3,-281.9920619443476,-14.342923235754938,0.0983543298437243,0.14828142466872649,0.11789267702954613,False
155,4,-282.2291673470369,-14.580028638444219,0.15515157602339996,0.14875377536024756,0.13491307910555306,False
155,5,-281.7568029216983,-14.107664213105636,0.18955202887118383,0.12070980494124446,0.11220742107870076,False
155,6,-281.6091805206176,-13.96004181202494,0.16566664474031184,0.024353218320453663,0.020047823262041506,False
155,7,-280.56593807581214,-12.916799367219483,0.05313099829967879,0.04922219545647599,0.04036529507211255,False
155,8,-278.1540948954756,-10.504956186882964,0.3652887341167598,0.09515264071793163,0.08525162490091437,False
155,9,-265.73273632791364,1.916402380679017,2.4358236594703486,,,True
156,0,-267.64913870859266,0.0,2.3308643852862914,,,True
156,1,-280.771839640411,-13.122700931818315,0.8430244360820304,0.5882909143859562,0.545128679442493,False
156,2,-282.23198054873603,-14.582841840143374,0.035694084566171166,0.0362091720045543,0.03174585810091744,False
156,3,-281.9996927294966,-14.350554020903928,0.0881491652217444,0.1398111696793502,0.11059275177818052,False
156,4,-282.2581304923186,-14.608991783725969,0.14430480882004063,0.15671526249092083,0.12316209900900243,False
156,5,-281.76647228139274,-14.117333572800078,0.19951872465693513,0.1302702053328862,0.12167339226475311,False
156,6,-281.6117834926222,-13.962644784029521,0.17291052483026048,0.02496722320465411,0.020421470185360453,False
156,7,-280.5687586718583,-12.919619963265632,0.059856757437310046,0.06983783466945694,0.06133578466108959,False
156,8,-278.1762710795108,-10.527132370918139,0.36059561711779015,0.10547497204236012,0.09520438998602043,False
156,9,-265.73273632791364,1.916402380679017,2.4358236594703486,,,True
157,0,-267.64913870859266,0.0,2.3308643852862914,,,True
157,1,-280.89315600407986,-13.244017295487197,0.6840660862839549,0.42006900844328177,0.3726679303718964,False
157,2,-282.2355549059172,-14.586416197324525,0.03819478799147458,0.03857109543622897,0.03477234548036229,False
157,3,-282.00789232982373,-14.358753621231074,0.07624741373377009,0.12578054955818177,0.09730192684881075,False
157,4,-282.28331516976243,-14.634176461169773,0.13814247862756007,0.1559430740632957,0.13052859006589662,False
157,5,-281.77637981968826,-14.1272411110956,0.2098683963966251,0.14064512017125064,0.13231658594573056,False
157,6,-281.6141760948002,-13.965037386207541,0.17985637721038583,0.025572070587559132,0.020780193755446506,False
157,7,-280.5720123099569,-12.922873601364245,0.05765411237354142,0.05414380417330049,0.04634159665165783,False
157,8,-278.19741919348974,-10.548280484897077,0.3569744674720567,0.11663504922102037,0.10605486454165962,False
157,9,-265.73273632791364,1.916402380679017,2.4358236594703486,,,True
158,0,-267.64913870859266,0.0,2.3308643852862914,,,True
158,1,-280.95060224259635,-13.301463534003688,0.6223498242945312,0.46918387989579013,0.4454580413661898,False
158,2,-282.2390572124558,-14.589918503863146,0.03872513173298138,0.03906207564641008,0.03525461702994161,False
158,3,-282.0171507522259,-14.368012043633257,0.06378057408891162,0.10919219235445446,0.07998941143113988,False
158,4,-282.3055110112931,-14.656372302700447,0.12436968826170543,0.1437559398327255,0.12727686507306557,False
158,5,-281.7874760486147,-14.13833734002202,0.22214364630253566,0.1525922030212111,0.1444891229921932,False
158,6,-281.6165405551114,-13.967401846518726,0.18232937526645723,0.026289216054855638,0.021193523746320653,False
158,7,-280.5755938104255,-12.926455101832858,0.057112345139913034,0.027260199115183216,0.022065786339368565,False
158,8,-278.21953033737304,-10.570391628780385,0.3811475035433394,0.12950022958742433,0.11864904215050051,False
158,9,-265.73273632791364,1.916402380679017,2.4358236594703486,,,True
159,0,-267.64913870859266,0.0,2.3308643852862914,,,True
159,1,-280.96369000001465,-13.314551291421992,1.154681177479145,1.173645162046539,1.0090974237821635,False
159,2,-282.24273351050044,-14.593594801907784,0.03657154068343751,0.03679189606117321,0.032906520891732745,False
159,3,-282.0279026608447,-14.37876395225203,0.06161025734845325,0.09254293858453341,0.06924109047385711,False
159,4,-282.3250324292435,-14.675893720650834,0.12601150706600805,0.11756937192050772,0.10939305225991043,False
159,5,-281.8010116674232,-14.151872958830552,0.23782111747782986,0.16717346184167006,0.15913942638478057,False
159,6,-281.61906269057044,-13.969923981977786,0.1791222959494543,0.027230202433033444,0.021736887992541247,False
159,7,-280.57892858671505,-12.929789878122392,0.08641898611521505,0.03507488018937614,0.030974260191527523,False
159,8,-278.24511223726086,-10.595973528668196,0.41239497658132224,0.14597804509154816,0.13636332861844436,False
159,9,-265.73273632791364,1.916402380679017,2.4358236594703486,,,True
160,0,-267.64913870859266,0.0,2.3308643852862914,,,True
160,1,-281.0549074744905,-13.405768765897847,0.865938374731836,0.873075944079268,0.6938215873750754,False
160,2,-282.24638436525595,-14.59724565666329,0.03487543516079764,0.03483794931796814,0.03056495801411961,False
160,3,-282.03919392973285,-14.390055221140187,0.06045552219472072,0.07939824322798333,0.06520525924125617,False
160,4,-282.3403298710501,-14.691191162457415,0.11783250288658756,0.12686463025070827,0.11332340577858038,False
160,5,-281.81664567754694,-14.167506968954285,0.2560163960603216,0.18350439233805282,0.17546500217018063,False
160,6,-281.62160228539085,-13.97246357679819,0.1729694415819441,0.028343511988106817,0.022415415403412145,False
160,7,-280.5821579556805,-12.933019247087827,0.10197080006163094,0.05065582904376242,0.04703599075107696,False
160,8,-278.27384293249673,-10.624704223904075,0.44848118782934254,0.17819836970064856,0.1653593493893033,False
160,9,-265.73273632791364,1.916402380679017,2.4358236594703486,,,True
161,0,-267.64913870859266,0.0,2.3308643852862914,,,True
161,1,-281.11258623654913,-13.463447527956475,0.37132558643211555,0.40729078220937626,0.3795687355352502,False
161,2,-282.2497443153426,-14.600605606749923,0.03504615021967937,0.03459856864409579,0.03069590267277587,False
161,3,-282.0500243297191,-14.400885621126463,0.060641786102817,0.07011921126722402,0.061031671657658736,False
161,4,-282.3523097583957,-14.703171049803018,0.14000985673356567,0.15220676800934713,0.14153291541847773,False
161,5,-281.83348383563225,-14.184345127039592,0.2748275891485756,0.19929474547211481,0.191127967407768,False
161,6,-281.62396548167584,-13.97482677308318,0.16841047566220493,0.02949331755685902,0.023188398499109402,False
161,7,-280.58564435316225,-12.936505644569593,0.08477026565811013,0.037806189171345525,0.0337363784027183,False
161,8,-278.3046490556019,-10.655510347009226,0.4860239637507776,0.21512821966085494,0.1977258845828701,False
161,9,-265.73273632791364,1.916402380679017,2.4358236594703486,,,True
162,0,-267.64913870859266,0.0,2.3308643852862914,,,True
162,1,-281.1210982587023,-13.47195955010966,0.655890023778697,0.5747690333036838,0.5294706040167011,False
162,2,-282.253211731286,-14.604073022693342,0.03600075483381512,0.03484585043556443,0.030608343604397993,False
162,3,-282.0616517015093,-14.412512992916618,0.06079553362734792,0.06217873116924405,0.055676329538497556,False
162,4,-282.36471200243705,-14.715573293844386,0.1383059846002289,0.14975598737200507,0.14097630742210845,False
162,5,-281.8541666745751,-14.205027965982424,0.29605209014734263,0.21614615993142433,0.2078429859301026,False
162,6,-281.62646051301215,-13.97732180441949,0.16782286509040945,0.03077093889800684,0.02411739640467284,False
162,7,-280.5893278683279,-12.940189159735269,0.052038926353686454,0.0316568191643275,0.02713524710273039,False
162,8,-278.343446506684,-10.694307798091359,0.5267220812376797,0.26071183179466895,0.23643012149270554,False
162,9,-265.73273632791364,1.916402380679017,2.4358236594703486,,,True
163,0,-267.64913870859266,0.0,2.3308643852862914,,,True
163,1,-281.18013627623066,-13.530997567637996,0.600215593411329,0.5491336212939849,0.4852392344345291,False
163,2,-282.25660652546424,-14.607467816871576,0.03701959276663689,0.0350748912847599,0.030419155208692053,False
163,3,-282.0732648269373,-14.424126118344645,0.061165233979434505,0.060709455785555706,0.05683898229027102,False
163,4,-282.3773034982198,-14.728164789627158,0.13044227143536366,0.12590536275167344,0.11719083392252302,False
163,5,-281.87826900121183,-14.229130292619175,0.31769033876684627,0.23340774039545306,0.22512742693211932,False
163,6,-281.62898791293935,-13.979849204346692,0.17078559755431955,0.032107330348768226,0.025085083081834957,False
163,7,-280.59264061563556,-12.9435019070429,0.0526105642709777,0.03719442458198954,0.03258286163972902,False
163,8,-278.3908594478952,-10.741720739302536,0.5562866863811843,0.30459039727496445,0.2706002587616008,False
163,9,-265.73273632791364,1.916402380679017,2.4358236594703486,,,True
164,0,-267.64913870859266,0.0,2.3308643852862914,,,True
164,1,-281.2292466294747,-13.580107920882028,0.3756388288900226,0.2613741163647906,0.20929292959996226,False
164,2,-282.2597978145685,-14.610659105975856,0.038060044013776474,0.035573416241367686,0.030514201545132562,False
164,3,-282.08424104590256,-14.4351023373099,0.0633363157742538,0.06287027419129389,0.058429740392149404,False
164,4,-282.38939482082543,-14.740256112232771,0.10549667905912631,0.10026978483327897,0.08005645573643987,False
164,5,-281.90508630930356,-14.255947600710897,0.3387732623651115,0.25022995640206114,0.2414956867841227,False
164,6,-281.6314438646473,-13.982305156054622,0.17442769361003047,0.0334809822587926,0.026030092400855947,False
164,7,-280.59605174585687,-12.94691303726421,0.05304020013620948,0.04286412509918904,0.038100873664317206,False
164,8,-278.44486317333576,-10.795724464743103,0.603761072953426,0.3195594016501458,0.2728897655164055,False
164,9,-265.73273632791364,1.916402380679017,2.4358236594703486,,,True
165,0,-267.64913870859266,0.0,2.3308643852862914,,,True
165,1,-281.2405394167736,-13.591400708180913,0.5062866463439324,0.45907424930191215,0.3787974320530556,False
165,2,-282.26296273222135,-14.613824023628695,0.039212280636950064,0.03653731686633572,0.030861093973710802,False
165,3,-282.09514669915507,-14.446007990562407,0.06582739206170782,0.06532725554320659,0.0601900181303923,False
165,4,-282.4010294557655,-14.751890747172865,0.07765359072392285,0.06660444490313307,0.05864637301407642,False
165,5,-281.9365104799625,-14.287371771369862,0.3584840034060037,0.2647128570049975,0.25443333884121067,False
165,6,-281.6339746903513,-13.984835981758636,0.17583006116411376,0.035046316838660316,0.027061802135467116,False
165,7,-280.5998477866648,-12.950709078072123,0.053374884811744815,0.03786710106850186,0.03241893557656758,False
165,8,-278.502466934689,-10.853328226096323,0.5696729340475003,0.2625084573645614,0.19338355358683149,False
165,9,-265.73273632791364,1.916402380679017,2.4358236594703486,,,True
166,0,-267.64913870859266,0.0,2.3308643852862914,,,True
166,1,-281.27320666256446,-13.624067953971803,0.35275143879594945,0.43215925224028806,0.3573195091250135,False
166,2,-282.2661189948144,-14.616980286221747,0.040529601839000694,0.03783697344432503,0.03155580762336137,False
166,3,-282.10597404600816,-14.456835337415498,0.06872196629685058,0.0681646540103763,0.06218297571543826,False
166,4,-282.41149102739564,-14.762352318802982,0.07094513636341801,0.050543971497700665,0.04515924014054169,False
166,5,-281.9726070449945,-14.323468336401845,0.3676106879273958,0.2675936138987197,0.254910403459811,False
166,6,-281.6366234419031,-13.987484733310453,0.17414867463902226,0.03688416121717594,0.028271599069512317,False
166,7,-280.6035845173159,-12.954445808723221,0.0537104953742963,0.03666554519929432,0.031266454946605605,False
166,8,-278.5486354488271,-10.89949674023444,0.40095342973772996,0.1968332956440659,0.19406601620875588,False
166,9,-265.73273632791364,1.916402380679017,2.4358236594703486,,,True
167,0,-267.64913870859266,0.0,2.3308643852862914,,,True
167,1,-281.31099108524177,-13.661852376649108,0.18802931581944465,0.1420402459082989,0.13011793139862446,False
167,2,-282.26920034434977,-14.62006163575711,0.042014288663455183,0.03922140284600891,0.03229327400880906,False
167,3,-282.1164157113193,-14.467277002726632,0.07202999421663746,0.07139748652930653,0.06443580669853165,False
167,4,-282.4205109240257,-14.771372215433018,0.08387935283536926,0.04911958845534499,0.0439504209216303,False
167,5,-282.01070958670914,-14.361570878116481,0.35248546385249396,0.24577684502007383,0.23041605058053538,False
167,6,-281.63934098943423,-13.990202280841572,0.17085023232677266,0.03897025151610496,0.029692595617268627,False
167,7,-280.60726313829036,-12.958124429697705,0.06221161530343232,0.035684669881653516,0.032819879600560695,False
167,8,-278.57527773555034,-10.926139026957685,0.3465464043982633,0.39215639970109745,0.3849729924767127,False
167,9,-265.73273632791364,1.916402380679017,2.4358236594703486,,,True
168,0,-267.64913870859266,0.0,2.3308643852862914,,,True
168,1,-281.3217955191052,-13.672656810512535,0.39121878176982205,0.3818102996289043,0.323655654649549,False
168,2,-282.2723520520166,-14.623213343423913,0.043762085714726784,0.04054876606072437,0.032895528052904584,False
168,3,-282.12693264560914,-14.477793937016486,0.07601448413642807,0.07528832060588539,0.06715447924305376,False
168,4,-282.42898792256904,-14.779849213976377,0.09800368046305954,0.04988517729955115,0.04707961248402061,False
168,5,-282.0485752168647,-14.39943650827206,0.2969699446088071,0.18717803378903464,0.1685260495554704,False
168,6,-281.6422662824303,-13.993127573837626,0.1679602856878989,0.04139350530182979,0.031405550923821725,False
168,7,-280.6112051035675,-12.96206639497484,0.05671779635100956,0.035789930725249317,0.029672334352606508,False
168,8,-278.6030923032499,-10.953953594657264,0.28786539288655116,0.4174240203028798,0.4006074774544721,False
168,9,-265.73273632791364,1.916402380679017,2.4358236594703486,,,True
169,0,-267.64913870859266,0.0,2.3308643852862914,,,True
169,1,-281.34665577497435,-13.697517066381693,0.41124169324478393,0.3413321108078667,0.3024071216913171,False
169,2,-282.275523191076,-14.626384482483331,0.04576450180076245,0.041773464834310256,0.033309639426245846,False
169,3,-282.13737826806323,-14.488239559470571,0.08073609712310667,0.0798992678704673,0.07039741800636894,False
169,4,-282.4372869612248,-14.78814825263214,0.10554225205081043,0.0651221825114267,0.05186159221186316,False
169,5,-282.07853414213275,-14.429395433540094,0.17688652675286973,0.12790172204316128,0.12405915520314761,False
169,6,-281.64538836941756,-13.996249660824901,0.1668027112037347,0.04411672907622403,0.03334033666268016,False
169,7,-280.6151826056084,-12.966043897015766,0.05530687173075536,0.03737353816431305,0.030815620469172474,False
169,8,-278.64130443572765,-10.992165727134989,0.23186089960561773,0.2612805439345167,0.22573751962109745,False
169,9,-265.73273632791364,1.916402380679017,2.4358236594703486,,,True
170,0,-267.64913870859266,0.0,2.3308643852862914,,,True
170,1,-281.37968596030896,-13.730547251716303,0.1791594856159811,0.12948440427335264,0.11361217975862531,False
170,2,-282.2786271743845,-14.629488465791837,0.047984677582471234,0.043089274280976,0.03375641056824635,False
170,3,-282.1475510194718,-14.498412310879132,0.08618104716593881,0.08521817952433076,0.07415833308528828,False
170,4,-282.44570721445,-14.796568505857351,0.1049330990354009,0.06771335807101551,0.0551861236890085,False
170,5,-282.09154074190565,-14.442402033312987,0.13583041478480165,0.17154915479439167,0.16859503902958584,False
170,6,-281.64866490628367,-13.999526197691011,0.1673113925318949,0.04708939691838826,0.03543500975438101,False
170,7,-280.61907860289386,-12.969939894301206,0.05591466080349397,0.040050567386889224,0.03323059424091086,False
170,8,-278.67844291537676,-11.029304206784104,0.2659918170018789,0.23103962479393997,0.18140206015916527,False
170,9,-265.73273632791364,1.916402380679017,2.4358236594703486,,,True
171,0,-267.64913870859266,0.0,2.3308643852862914,,,True
171,1,-281.39515753797934,-13.746018829386685,0.31617320426544776,0.26565059495709176,0.23353370597797005,False
171,2,-282.2817956663189,-14.632656957726226,0.050544050288577,0.04489674197881943,0.03459863223990761,False
171,3,-282.15795542970386,-14.508816721111202,0.09270445898577716,0.09159164659922513,0.07867442451125757,False
171,4,-282.4548311684217,-14.80569245982906,0.09663182999895334,0.05821569736890708,0.04552259517833637,False
171,5,-282.0896796285655,-14.440540919972818,0.33063867040719247,0.3320065008451659,0.3307022527866977,False
171,6,-281.65227271634035,-14.00313400774769,0.16827613692264892,0.050498479526559406,0.037814491311077676,False
171,7,-280.6231812705895,-12.97404256199684,0.05652234489332256,0.042823794737588176,0.03598544891448385,False
171,8,-278.7102597920822,-11.061121083489525,0.36788898445432333,0.16184676476295465,0.11519110217157426,False
171,9,-265.73273632791364,1.916402380679017,2.4358236594703486,,,True
172,0,-267.64913870859266,0.0,2.3308643852862914,,,True
172,1,-281.4131285622195,-13.763989853626867,0.3339312514817894,0.34903277454642556,0.30232905339846783,False
172,2,-282.28512232608017,-14.635983617487511,0.053571018971540874,0.047413491737993085,0.03597489673878144,False
172,3,-282.16892038127787,-14.519781672685212,0.10060781924595652,0.09931375474071638,0.08410488782060817,False
172,4,-282.464635859043,-14.81549715045037,0.08681801289992945,0.05342236597380064,0.04426181062392052,False
172,5,-282.0900691601604,-14.440930451567738,0.45856139674438845,0.43169844922190037,0.4293342889054652,False
172,6,-281.6563492030944,-14.007210494501749,0.16815791902259272,0.054540363830946584,0.040581150636046774,False
172,7,-280.62757209726055,-12.978433388667895,0.05718772891841417,0.04471943452666837,0.03808954829280682,False
172,8,-278.736052883076,-11.086914174483354,0.4028520982356236,0.1720106588833588,0.12119862054766484,False
172,9,-265.73273632791364,1.916402380679017,2.4358236594703486,,,True
173,0,-267.64913870859266,0.0,2.3308643852862914,,,True
173,1,-281.44446036418947,-13.795321655596808,0.1715959477582183,0.14783743739232347,0.12770343366848547,False
173,2,-282.2885110160104,-14.639372307417716,0.05705859454470682,0.050564560193439904,0.03783344112603623,False
173,3,-282.1801970615081,-14.531058352915466,0.1097556636327822,0.1082447075047687,0.090336123598814,False
173,4,-282.4745260033833,-14.82538729479063,0.07129398754977005,0.056951310704422706,0.04689389044282953,False
173,5,-282.1072635685781,-14.458124859985446,0.39808195722071976,0.3764522410005859,0.37200124022368874,False
173,6,-281.66081875568796,-14.011680047095297,0.16619540411268205,0.059185955164632896,0.04373019001812518,False
173,7,-280.6320899800138,-12.982951271421143,0.057939290997742574,0.045361994597897914,0.038970607109224675,False
173,8,-278.75629343977437,-11.107154731181708,0.42081908205438373,0.2213236638202783,0.17089528545881857,False
173,9,-265.73273632791364,1.916402380679017,2.4358236594703486,,,True
174,0,-267.64913870859266,0.0,2.3308643852862914,,,True
174,1,-281.4630619050194,-13.813923196426742,0.2649134545333365,0.19878437150352837,0.15416144589640526,False
174,2,-282.29193040437434,-14.642791695781682,0.06104159646921623,0.05419998602285245,0.040088735579085835,False
174,3,-282.1918109629744,-14.542672254381728,0.12004537284866877,0.11826765152407621,0.09737839594678427,False
174,4,-282.48420794822823,-14.835069239635573,0.059968953509310446,0.06061739638163828,0.049456201486025586,False
174,5,-282.1360338121825,-14.486895103589859,0.2539817166816079,0.250538373761919,0.22695486975191162,False
174,6,-281.665670489027,-14.01653178043432,0.1627650099384275,0.06441692690534993,0.04733321196763973,False
174,7,-280.63671592030767,-12.987577211715006,0.05879647215522708,0.04518224870142602,0.0388153126285243,False
174,8,-278.7772909335514,-11.12815222495874,0.3927291059127869,0.24370600768951053,0.19365350788992092,False
174,9,-265.73273632791364,1.916402380679017,2.4358236594703486,,,True
175,0,-267.64913870859266,0.0,2.3308643852862914,,,True
175,1,-281.4755364968769,-13.826397788284225,0.3770728493253412,0.31407299092125524,0.2660050062470154,False
175,2,-282.29546384226694,-14.646325133674281,0.0656401522978817,0.05814291077921215,0.042551320051553716,False
175,3,-282.20415625354303,-14.555017544950374,0.1314723441264659,0.12936119778298374,0.10528766770731217,False
175,4,-282.4937150022537,-14.84457629366102,0.0641638888646089,0.0645317875279165,0.052265495759105156,False
175,5,-282.1622574980375,-14.513118789444832,0.1673503497613394,0.182056752660763,0.15332926810094405,False
175,6,-281.67102966801656,-14.0218909594239,0.15906997364618128,0.07030225916345331,0.05147605865064284,False
175,7,-280.64146918631275,-12.992330477720088,0.05977805953257605,0.04523313230420372,0.038629452594086996,False
175,8,-278.8017005521985,-11.152561843605838,0.34163247645449407,0.16333421041016188,0.12305382882196544,False
175,9,-265.73273632791364,1.916402380679017,2.4358236594703486,,,True
176,0,-267.64913870859266,0.0,2.3308643852862914,,,True
176,1,-281.4952773824301,-13.846138673837459,0.2685698203775671,0.20185860285392898,0.18120042769487313,False
176,2,-282.29915342080506,-14.650014712212396,0.07090738028235659,0.062318555238306324,0.045078892505507964,False
176,3,-282.21749898802386,-14.568360279431204,0.14363821104663407,0.1411134939028605,0.11371744950096027,False
176,4,-282.50307637159415,-14.853937663001489,0.06887107216040565,0.06884837859070288,0.05550973874099976,False
176,5,-282.1788126694104,-14.529673960817718,0.22046886481914726,0.16252007322485942,0.1332623835434969,False
176,6,-281.6769737815507,-14.027835072958055,0.15631309036560959,0.07680711294531246,0.05608991918909792,False
176,7,-280.6462970958305,-12.997158387237846,0.06085819752255029,0.04649110829815339,0.039551448818562616,False
176,8,-278.8259035570461,-11.176764848453445,0.3206365234621524,0.13983800760392767,0.10801894856569523,False
176,9,-265.73273632791364,1.916402380679017,2.4358236594703486,,,True
177,0,-267.64913870859266,0.0,2.3308643852862914,,,True
177,1,-281.5062020633569,-13.85706335476425,0.168014689309288,0.18085348851805894,0.17579246307631077,False
177,2,-282.30307461758986,-14.653935908997198,0.07695812674436116,0.06700894861830099,0.04787384733033211,False
177,3,-282.23226736247034,-14.58312865387768,0.15593286352864805,0.15290203371354988,0.12217547965823398,False
177,4,-282.5125749625865,-14.863436253993825,0.07426378228063137,0.07381903252855831,0.05930999656911963,False
177,5,-282.18875233128966,-14.539613622697004,0.3057397245085565,0.20713851009738193,0.18016975848151068,False
177,6,-281.6836611796698,-14.034522471077139,0.15494177433709894,0.08393496985272288,0.06114106688034454,False
177,7,-280.65130249404837,-13.002163785455707,0.06200322220771645,0.049335955965680814,0.04212998299591176,False
177,8,-278.8487489736665,-11.19961026507383,0.3076775032433612,0.1604078576112024,0.12442753681583299,False
177,9,-265.73273632791364,1.916402380679017,2.4358236594703486,,,True
178,0,-267.64913870859266,0.0,2.3308643852862914,,,True
178,1,-281.50937756376175,-13.860238855169086,0.2822960222683441,0.2916115106325955,0.2161348493794129,False
178,2,-282.3073447993198,-14.658206090727163,0.08396351363638947,0.07266815205964021,0.05128969415268073,False
178,3,-282.24891533714424,-14.59977662855158,0.16718842665544228,0.1635587143560685,0.12964217228762867,False
178,4,-282.5224443513191,-14.87330564272645,0.08047602176996553,0.07963404174348332,0.06355084797929916,False
178,5,-282.1992960590952,-14.550157350502559,0.31804488647290086,0.25271457482696336,0.1996599034125034,False
178,6,-281.69128890637484,-14.042150197782178,0.15432160805818831,0.09168308751808783,0.06656270326342355,False
178,7,-280.65658382527806,-13.007445116685403,0.06319066253090343,0.05321093606416801,0.04590880777575511,False
178,8,-278.87056481108937,-11.221426102496707,0.2561971515137299,0.1407801957412161,0.12468975378751525,False
178,9,-265.73273632791364,1.916402380679017,2.4358236594703486,,,True
179,0,-267.64913870859266,0.0,2.3308643852862914,,,True
179,1,-281.52546466061193,-13.876325952019272,0.21569635965557768,0.2242551662962049,0.19902204136137286,False
179,2,-282.3119451124713,-14.66280640387862,0.0918311331188592,0.07937685151464927,0.05547284616484248,False
179,3,-282.26711122283314,-14.617972514240478,0.17505462456121734,0.170783643448875,0.13436245400066885,False
179,4,-282.53244076057354,-14.883302051980877,0.08734749503169142,0.08615580600983244,0.06787370626453236,False
179,5,-282.21439238840014,-14.565253679807483,0.285533585045842,0.2319121241980105,0.19225335080558986,False
179,6,-281.6997644712103,-14.050625762617642,0.15335373122793816,0.09964230825491571,0.07206800919320365,False
179,7,-280.66198723135096,-13.012848522758304,0.06437826633984368,0.05683131706401876,0.04956792715994917,False
179,8,-278.8898781348904,-11.24073942629775,0.17607444690998728,0.1383562535717029,0.1162913116228692,False
179,9,-265.73273632791364,1.916402380679017,2.4358236594703486,,,True
180,0,-267.64913870859266,0.0,2.3308643852862914,,,True
180,1,-281.54623872880734,-13.89710002021468,0.22264962481453848,0.2023589008524214,0.174952407841059,False
180,2,-282.3168163528025,-14.667677644209846,0.10034123002935175,0.08690414377423945,0.0604795703705489,False
180,3,-282.28614658746585,-14.637007878873192,0.1763117774091498,0.1714419342097002,0.13464003081719475,False
180,4,-282.54234170058186,-14.893202991989199,0.09469655837458851,0.0931996417336714,0.07213252352254423,False
180,5,-282.23444751107627,-14.58530880248361,0.23335695919601734,0.2504312139227748,0.19915240350480437,False
180,6,-281.70890555644417,-14.059766847851506,0.15131119208920463,0.1071913702779191,0.07745184535298402,False
180,7,-280.66741595151854,-13.018277242925876,0.0655341136023919,0.059006360843412556,0.05175177824021197,False
180,8,-278.90605626998274,-11.256917561390082,0.1352389914429548,0.13561436537876737,0.11188793317121044,False
180,9,-265.73273632791364,1.916402380679017,2.4358236594703486,,,True
181,0,-267.64913870859266,0.0,2.3308643852862914,,,True
181,1,-281.56633507578766,-13.917196367195004,0.29319990192405976,0.2644658754097215,0.23213339892326718,False
181,2,-282.32200707926984,-14.672868370677179,0.1093788641252117,0.09489195323057009,0.06610680997314212,False
181,3,-282.3053525054121,-14.65621379681943,0.16571424063469298,0.16041863901925568,0.12726257578598368,False
181,4,-282.5521945423492,-14.903055833756525,0.10252596483491028,0.10074669656680987,0.07640730192628048,False
181,5,-282.25750204836925,-14.608363339776588,0.21638961478565671,0.23117453025247092,0.20743410295298528,False
181,6,-281.718687425436,-14.069548716843315,0.14830420562408664,0.11375558183722145,0.08250665312323824,False
181,7,-280.6729096495626,-13.02377094096994,0.0666577820676854,0.05952717271565117,0.05214134824031501,False
181,8,-278.92067366201627,-11.271534953423611,0.1618308339316836,0.11231566925345067,0.08667210978912462,False
181,9,-265.73273632791364,1.916402380679017,2.4358236594703486,,,True
182,0,-267.64913870859266,0.0,2.3308643852862914,,,True
182,1,-281.60155926823023,-13.952420559637574,0.37357212241207033,0.3315702178298071,0.2993282859102504,False
182,2,-282.32753268495424,-14.678393976361576,0.11867545555395494,0.10282640789635177,0.07174036878188016,False
182,3,-282.32323832583074,-14.674099617238085,0.134492388155009,0.1292470376955995,0.10559866251870798,False
182,4,-282.56193294684226,-14.912794238249603,0.11071980975190386,0.10867510680988222,0.0806550209855047,False
182,5,-282.27948898734587,-14.630350278753212,0.1613279454057078,0.17096721688601785,0.16595332137909954,False
182,6,-281.7289638110833,-14.079825102490645,0.14608712387797365,0.11864113683299601,0.08664575780282821,False
182,7,-280.67836363848824,-13.029224929895577,0.06775245758958195,0.05930103605444533,0.05167530029486793,False
182,8,-278.935223393914,-11.286084685321327,0.1886992097011585,0.10616953805942766,0.08687875955103745,False
182,9,-265.73273632791364,1.916402380679017,2.4358236594703486,,,True
183,0,-267.64913870859266,0.0,2.3308643852862914,,,True
183,1,-281.6536811358845,-14.004542427291824,0.4475344911647357,0.387749450987524,0.3581558485410497,False
183,2,-282.3333688439302,-14.684230135337543,0.12785524644974275,0.11002403338474492,0.07670045110967416,False
183,3,-282.33753296862335,-14.688394260030691,0.08084740982585734,0.08056062944964218,0.07962247830844682,False
183,4,-282.57146622580797,-14.922327517215308,0.11908294332829457,0.11678374693608053,0.0848679967038863,False
183,5,-282.29697479885,-14.647836090257329,0.11749316331817411,0.11241737102087056,0.09496489080282063,False
183,6,-281.7395001567868,-14.09036144819413,0.14977691991241357,0.12116570365635387,0.08930708019887998,False
183,7,-280.68366593946405,-13.03452723087139,0.06882780619495625,0.05950132217813431,0.05157319835747333,False
183,8,-278.94934564585384,-11.30020693726118,0.2115110894693609,0.07816498752308436,0.06039610946893926,False
183,9,-265.73273632791364,1.916402380679017,2.4358236594703486,,,True
184,0,-267.64913870859266,0.0,2.3308643852862914,,,True
184,1,-281.7171645626595,-14.068025854066832,0.5222440783675733,0.4417139687333712,0.4140459255598485,False
184,2,-282.33955754864587,-14.690418840053212,0.13664884174787065,0.11636492817820447,0.08094936964968057,False
184,3,-282.3463550536593,-14.697216345066636,0.11507209374621795,0.11550739139037985,0.0950111292775853,False
184,4,-282.5808725867232,-14.931733878130558,0.12748804254645682,0.1249193324954499,0.08911443556761622,False
184,5,-282.30880459027384,-14.659665881681178,0.13738901660134795,0.14170926758268906,0.1216085748603879,False
184,6,-281.75018129462626,-14.1010425860336,0.15054493887220705,0.12074034754642414,0.09008625261537337,False
184,7,-280.68887392816305,-13.039735219570389,0.06990610328608202,0.06086010288441504,0.05260892063641241,False
184,8,-278.9616835577574,-11.312544849164738,0.24364674625834548,0.06920339682957566,0.05546513884253774,False
184,9,-265.73273632791364,1.916402380679017,2.4358236594703486,,,True
185,0,-267.64913870859266,0.0,2.3308643852862914,,,True
185,1,-281.8010431948401,-14.151904486247417,0.5841868220591997,0.48049336689609623,0.4496433935028817,False
185,2,-282.34612587752105,-14.696987168928388,0.144748109741921,0.121860224754893,0.08459943122147098,False
185,3,-282.3495854719477,-14.700446763355046,0.18460354848351382,0.18425246942308002,0.10918245622581632,False
185,4,-282.59021913780214,-14.941080429209478,0.13568172558123387,0.13282410371339237,0.09326641682792243,False
185,5,-282.31572775694497,-14.666589048352307,0.1616535094537378,0.17326162627224537,0.16432614530728315,False
185,6,-281.76084687408286,-14.1117081654902,0.14761357163014355,0.1166716015607284,0.08843029979696698,False
185,7,-280.6940512750879,-13.044912566495213,0.07100072988404772,0.06334033013168938,0.05479268450603867,False
185,8,-278.9718566905415,-11.322717981948813,0.25735784823210917,0.07329190934101304,0.06721252103575773,False
185,9,-265.73273632791364,1.916402380679017,2.4358236594703486,,,True
186,0,-267.64913870859266,0.0,2.3308643852862914,,,True
186,1,-281.8942934922544,-14.245154783661746,0.38525016195755624,0.3013909893916319,0.2515126590364313,False
186,2,-282.3529915151448,-14.703852806552163,0.1517185701060644,0.1259001334174835,0.0873002341316601,False
186,3,-282.35026693891575,-14.701128230323093,0.24844258655734097,0.2470925880063329,0.15662129287456814,False
186,4,-282.5994461995924,-14.950307490999762,0.14321871348485357,0.1401381023784079,0.09710615832113224,False
186,5,-282.3197784802358,-14.670639771643152,0.18531301083371127,0.17900770809645297,0.16911314814398898,False
186,6,-281.77115118027774,-14.122012471685082,0.1399952538996277,0.1081222051585812,0.08368447829879487,False
186,7,-280.6991535542667,-13.050014845674013,0.07210121273690541,0.06633690078871719,0.05752265183147756,False
186,8,-278.98084965096956,-11.331710942376901,0.2512805263084383,0.07680468772885078,0.0588119582395547,False
186,9,-265.73273632791364,1.916402380679017,2.4358236594703486,,,True
187,0,-267.64913870859266,0.0,2.3308643852862914,,,True
187,1,-281.9189438384511,-14.269805129858469,0.3777310752460279,0.4462570939260485,0.4178988336809543,False
187,2,-282.36029347645217,-14.711154767859512,0.15733743584124338,0.12818467377268034,0.08908506872771568,False
187,3,-282.3534015449426,-14.704262836349926,0.2678247317169354,0.26619842583444486,0.1747374854799111,False
187,4,-282.6088306550622,-14.959691946469547,0.14985818121209366,0.1467750867351694,0.10072897954397779,False
187,5,-282.3234402378589,-14.674301529266245,0.19179634107168866,0.1840674343299821,0.1685812242924358,False
187,6,-281.7810461323887,-14.131907423796065,0.1388350933289136,0.09365023377967992,0.07493072538064027,False
187,7,-280.7043204375966,-13.055181729003948,0.07321991930726483,0.06916726871841831,0.06006147698373106,False
187,8,-278.99008659359663,-11.34094788500397,0.2302486245630684,0.07527026153433349,0.06543839757797151,False
187,9,-265.73273632791364,1.916402380679017,2.4358236594703486,,,True
188,0,-267.64913870859266,0.0,2.3308643852862914,,,True
188,1,-281.9405167556728,-14.291378047080116,0.491170120948002,0.41441665041860065,0.3654278682165913,False
188,2,-282.364724488763,-14.71558578017033,0.16242972971235012,0.13108694498755408,0.10012855526034657,False
188,3,-282.3723354216693,-14.723196713076618,0.08435106063606528,0.08438351372623229,0.0767391085723698,False
188,4,-282.6150946452351,-14.965955936642445,0.1569131457054155,0.15370462355484366,0.11652589577672656,False
188,5,-282.33982019114035,-14.690681482547689,0.10413825016606082,0.0810538405098422,0.06098860942018669,False
188,6,-281.78575296142975,-14.136614252837091,0.13329164615966904,0.09431276956144463,0.08372697948523394,False
188,7,-280.70703840573935,-13.057899697146695,0.07491085752706025,0.06731151414226041,0.054820217724543346,False
188,8,-278.99611244658365,-11.346973737990993,0.2002472200815893,0.07338536705832134,0.07130153339402098,False
188,9,-265.73273632791364,1.916402380679017,2.4358236594703486,,,True
189,0,-267.64913870859266,0.0,2.3308643852862914,,,True
189,1,-281.96474380788624,-14.315605099293577,0.3009169305291362,0.19968644501660146,0.1772876854872873,False
189,2,-282.36628962303894,-14.717150914446279,0.16168503600851428,0.12993025661850738,0.09312307289753458,False
189,3,-282.3741657976431,-14.725027089050457,0.057268919442230615,0.05733640298582698,0.049624179354800235,False
189,4,-282.6172631699172,-14.968124461324521,0.15569147251422188,0.15271890373441807,0.10853127449523677,False
189,5,-282.3419710600085,-14.69283235141586,0.06852289657110676,0.05415358928844703,0.04231917712838943,False
189,6,-281.7872738469278,-14.138135138335144,0.13485161032304666,0.08828168334596947,0.07400276633016743,False
189,7,-280.7079513526199,-13.058812644027228,0.07440031190799895,0.06787094570716222,0.057920945548951816,False
189,8,-278.9973937108556,-11.348255002262931,0.20240571433500226,0.06870150857009692,0.06472033214544165,False
189,9,-265.73273632791364,1.916402380679017,2.4358236594703486,,,True
190,0,-267.64913870859266,0.0,2.3308643852862914,,,True
190,1,-281.96822983309244,-14.319091124499778,0.264680055923085,0.1876626095941571,0.17491271798245844,False
190,2,-282.3694803126976,-14.72034160410493,0.16255374634797093,0.12976604941599787,0.0873030636963262,False
190,3,-282.37702186875924,-14.727883160166584,0.06712007020582594,0.06698827986879975,0.04954634159138586,False
190,4,-282.6216735121815,-14.972534803588815,0.1567007743161673,0.15388265160423215,0.10230718301288805,False
190,5,-282.34454267801743,-14.695403969424774,0.09026588342744717,0.056451762167601595,0.05354826788881522,False
190,6,-281.79028169425493,-14.14114298566227,0.136575962426326,0.08150180981727666,0.06351358554027821,False
190,7,-280.70982317716414,-13.06068446857148,0.07447754207224822,0.06905967967711119,0.06082638923784831,False
190,8,-278.9984456943397,-11.349306985747035,0.20405228159024053,0.06715953887734925,0.06007005641673524,False
190,9,-265.73273632791364,1.916402380679017,2.4358236594703486,,,True
191,0,-267.64913870859266,0.0,2.3308643852862914,,,True
191,1,-281.96617129294,-14.317032584347317,0.3010425914362859,0.382283051434855,0.35638752820561664,False
191,2,-282.3742758969079,-14.725137188315216,0.16452740683229042,0.12919530852685726,0.08967962625826152,False
191,3,-282.3804855944986,-14.731346885905964,0.07825453699576482,0.07797119514279227,0.059484287516122974,False
191,4,-282.62825645662815,-14.979117748035492,0.15936623140016243,0.15619500355188176,0.10642465973396101,False
191,5,-282.3474642594059,-14.698325550813252,0.07790732553950036,0.04770183137966443,0.040460094613067196,False
191,6,-281.79457893160725,-14.145440223014589,0.13656430524613694,0.07498306196491751,0.060911493967023715,False
191,7,-280.71268919765606,-13.063550489063402,0.07525135554515973,0.06956297792923577,0.06029798081442583,False
191,8,-279.00024458898565,-11.351105880392993,0.20141531589270786,0.07275024062007888,0.06620855364350077,False
191,9,-265.73273632791364,1.916402380679017,2.4358236594703486,,,True
192,0,-267.64913870859266,0.0,2.3308643852862914,,,True
192,1,-281.98401391079153,-14.334875202198873,0.1410051409586407,0.20864330649248516,0.18888028682307248,False
192,2,-282.3804430604399,-14.731304351847257,0.16563684401348905,0.1266583563009777,0.09513188119504584,False
192,3,-282.38440954382065,-14.735270835227993,0.06358805329958857,0.06323573870332998,0.052915493707454644,False
192,4,-282.63669064560986,-14.987551937017201,0.16095019880252676,0.1570834165948705,0.11485730925283372,False
192,5,-282.35066409418744,-14.701525385594778,0.10425318643732555,0.03924597021814981,0.037500195067885836,False
192,6,-281.7997755423751,-14.150636833782414,0.1344532805788377,0.0681008239083325,0.06182211653012366,False
192,7,-280.71648510921545,-13.067346400622796,0.07652504787136666,0.06907688278056683,0.057607407224529616,False
192,8,-279.0030511391543,-11.35391243056165,0.20890663440805163,0.08563310010012015,0.08134252988352116,False
192,9,-265.73273632791364,1.916402380679017,2.4358236594703486,,,True
193,0,-267.64913870859266,0.0,2.3308643852862914,,,True
193,1,-281.9852650588703,-14.336126350277652,0.23140980790063437,0.15488326396984542,0.12758994540437535,False
193,2,-282.38788563095005,-14.738746922357393,0.16142092599517302,0.11861651264101038,0.0923197666597915,False
193,3,-282.3885733269689,-14.739434618376265,0.06027672781034449,0.059384817535341916,0.05715497247800176,False
193,4,-282.64688897467636,-14.997750266083699,0.15575018436556504,0.1512849938747948,0.11389843503592774,False
193,5,-282.35373905030343,-14.704600341710773,0.12917072071319946,0.05709913066264478,0.055311589758497474,False
193,6,-281.8056663050579,-14.156527596465253,0.13119886417809443,0.056520772043179894,0.05442662222594697,False
193,7,-280.72130219337276,-13.072163484780106,0.07726532512601374,0.06755049478138951,0.05614821406657915,False
193,8,-279.00686405721046,-11.357725348617805,0.22976568784732268,0.10086978739846456,0.09687673840779691,False
193,9,-265.73273632791364,1.916402380679017,2.4358236594703486,,,True
194,0,-267.64913870859266,0.0,2.3308643852862914,,,True
194,1,-281.9799708855388,-14.33083217694616,0.3658016067415069,0.2698682586842454,0.24612337352314617,False
194,2,-282.3960578360553,-14.746919127462661,0.1464474279193684,0.0997955172016917,0.07558651093366091,False
194,3,-282.39284850372206,-14.743709795129405,0.07142843013537845,0.07088691604311469,0.06056989398646555,False
194,4,-282.6580880036714,-15.008949295078764,0.1366010773636856,0.13182402529829795,0.09612998302364348,False
194,5,-282.35698231481103,-14.707843606218375,0.11439473733398635,0.05730124044642902,0.04890459664435791,False
194,6,-281.8119088378529,-14.162770129260252,0.12834786480416796,0.040698758029280066,0.03489068041789106,False
194,7,-280.7271677529998,-13.078029044407117,0.07723788136333097,0.06604438092021565,0.0569374725759104,False
194,8,-279.0130965056393,-11.363957797046623,0.25783876173581083,0.11489658653882405,0.10654989474123461,False
194,9,-265.73273632791364,1.916402380679017,2.4358236594703486,,,True
195,0,-267.64913870859266,0.0,2.3308643852862914,,,True
195,1,-281.98291446103303,-14.333775752440374,0.25940308749208524,0.13103224817556733,0.12466363107668377,False
195,2,-282.4038094924874,-14.754670783894767,0.11804635414941544,0.0686532971875847,0.05146987648620792,False
195,3,-282.39743604912405,-14.748297340531394,0.06200740940523574,0.06177485095347997,0.048871599746441056,False
195,4,-282.66858134323184,-15.019442634639177,0.12622851602440666,0.09323700172371098,0.06663217838106435,False
195,5,-282.3604944519275,-14.71135574333482,0.09363655252151187,0.05164186525387385,0.03429881975200814,False
195,6,-281.8181879068444,-14.169049198251741,0.1259643531546419,0.04858612771979227,0.038245700913185694,False
195,7,-280.7340638772247,-13.084925168632026,0.07738962618266138,0.06750969579791753,0.05727865955610936,False
195,8,-279.02322065473686,-11.374081946144202,0.29295899691393507,0.14549189141599297,0.11528315061694007,False
195,9,-265.73273632791364,1.916402380679017,2.4358236594703486,,,True
196,0,-267.64913870859266,0.0,2.3308643852862914,,,True
196,1,-281.97654912627206,-14.327410417679403,0.2730495212331232,0.16601466022105862,0.14222995207529585,False
196,2,-282.41001959031627,-14.760880881723608,0.07151275513025344,0.040225381033490715,0.03930051304696857,False
196,3,-282.40272984678654,-14.753591138193883,0.041355455535471645,0.041396310597853016,0.03364681782460689,False
196,4,-282.6762457624459,-15.027107053853229,0.1326933891964933,0.05964183726964563,0.045577494944483696,False
196,5,-282.3644375594692,-14.715298850876536,0.0838043846328139,0.042274697127108615,0.03167215276535325,False
196,6,-281.8251574380897,-14.17601872949706,0.12241973154774702,0.055546932788700216,0.039487963643672415,False
196,7,-280.742911000239,-13.09377229164636,0.08144057507666724,0.07510005544046477,0.05473201101649381,False
196,8,-279.0419425110267,-11.39280380243406,0.3339253714017559,0.18792204651967923,0.1283966018088585,False
196,9,-265.73273632791364,1.916402380679017,2.4358236594703486,,,True
197,0,-267.64913870859266,0.0,2.3308643852862914,,,True
197,1,-281.972899151595,-14.323760443002357,0.15257279984529973,0.18805474970772998,0.16882610758405167,False
197,2,-282.412412844778,-14.763274136185316,0.0699345894907641,0.07223956546385164,0.05135869784429788,False
197,3,-282.4078628366614,-14.758724128068764,0.04222478936634904,0.04246209578306146,0.03570473352886958,False
197,4,-282.67734354132386,-15.028204832731205,0.13838959008840068,0.10736558790999837,0.08528714279516876,False
197,5,-282.36769323260694,-14.71855452401428,0.09581760031119377,0.03717965006926794,0.03493252099398622,False
197,6,-281.83212498633316,-14.182986277740497,0.11741597549658765,0.054604455370011296,0.03755677298210638,False
197,7,-280.75276526751304,-13.103626558920382,0.09116124361536496,0.08298491930285756,0.05882906341149417,False
197,8,-279.06954730355613,-11.420408594963476,0.35282354150018896,0.21162097514870876,0.13960013469839255,False
197,9,-265.73273632791364,1.916402380679017,2.4358236594703486,,,True
198,0,-267.64913870859266,0.0,2.3308643852862914,,,True
198,1,-281.96643708964405,-14.317298381051387,0.15151531862444959,0.12851959200948124,0.11119599893686624,False
198,2,-282.4128202934367,-14.76368158484405,0.09668426348079248,0.10037779981403364,0.07513250180254955,False
198,3,-282.4129455074734,-14.76380679888075,0.046135022261116,0.04658689642824251,0.03785998942174235,False
198,4,-282.6758131838243,-15.02667447523163,0.14950559105673478,0.15276213177215187,0.11656703891845013,False
198,5,-282.37087438666504,-14.721735678072378,0.08847427232926937,0.03470109496614604,0.0315894894244047,False
198,6,-281.83922580114495,-14.19008709255229,0.11320786382690566,0.043591572512433285,0.03209337898378188,False
198,7,-280.7637409894859,-13.114602280893223,0.10195051781076962,0.09123007120188138,0.06349575734453498,False
198,8,-279.0982952339605,-11.449156525367869,0.29209992328352896,0.13652491440767567,0.09036568090557466,False
198,9,-265.73273632791364,1.916402380679017,2.4358236594703486,,,True
199,0,-267.64913870859266,0.0,2.3308643852862914,,,True
199,1,-281.9566871147686,-14.307548406175954,0.26849876256982297,0.14916594565561414,0.14659714984377184,False
199,2,-282.41469681896876,-14.765558110376105,0.08764938609961342,0.10376913596141014,0.07025318472598736,False
199,3,-282.4180835124214,-14.768944803828731,0.03758747446599251,0.038149000780697086,0.028460176572579383,False
199,4,-282.67809779586116,-15.028959087268504,0.15086094469870967,0.14578343573879735,0.09787541917111868,False
199,5,-282.3738481720258,-14.724709463433157,0.07872569083955641,0.039159241098354655,0.03445426246779979,False
199,6,-281.8465187515161,-14.197380042923442,0.11247437376734623,0.02754145779438503,0.023641350426075305,False
199,7,-280.7766410536833,-13.127502345090647,0.1143697257087044,0.10073833492633415,0.06868925037206358,False
199,8,-279.1039311029373,-11.454792394344622,0.25708765177993587,0.29271036349944335,0.2509547431486131,False
199,9,-265.73273632791364,1.916402380679017,2.4358236594703486,,,True
200,0,-267.64913870859266,0.0,2.3308643852862914,,,True
200,1,-281.9585913716103,-14.309452663017623,0.2201498269549298,0.09648935725001595,0.09538293859793802,False
200,2,-282.41563495829655,-14.766496249703891,0.07735962158619154,0.09352544507688389,0.06448034650228064,False
200,3,-282.4184137280962,-14.769275019503539,0.03621795551338973,0.036785120522031166,0.02777167909527227,False
200,4,-282.6796289897768,-15.030490281184143,0.1510323734063704,0.12794342354687607,0.08815809251133963,False
200,5,-282.37409442048465,-14.724955711891994,0.08439781782327872,0.037150971679343725,0.03280688508581309,False
200,6,-281.84685533222364,-14.197716623630981,0.11324216691938742,0.0273977695628804,0.023318834329877774,False
200,7,-280.7774702793072,-13.128331570714522,0.1153080988737787,0.10144324980869027,0.07006338584244298,False
200,8,-279.10869754492205,-11.459558836329393,0.24949738981359265,0.21786089816367393,0.18657834194300416,False
200,9,-265.73273632791364,1.916402380679017,2.4358236594703486,,,True
201,0,-267.64913870859266,0.0,2.3308643852862914,,,True
201,1,-281.95914895513386,-14.310010246541196,0.1917248160420157,0.03305120106609881,0.03181411166220183,False
201,2,-282.41718998433294,-14.768051275740277,0.07142684599172343,0.07484132330778416,0.05326278993775931,False
201,3,-282.41903109836494,-14.76989238977228,0.03367448945969422,0.03526786936609617,0.02619157466607898,False
201,4,-282.68207402211874,-15.032935313526082,0.15139369187895516,0.09621442239150278,0.07070579171972567,False
201,5,-282.37448207515024,-14.725343366557581,0.09426916847881317,0.0333374513801561,0.029748684359253943,False
201,6,-281.8475225827756,-14.198383874182923,0.11459658439348319,0.02713899423382694,0.022665242606539845,False
201,7,-280.779162393022,-13.130023684429318,0.11728023121871586,0.10295087814483139,0.07223451929417597,False
201,8,-279.1144874742507,-11.465348765658064,0.23613883732206267,0.10926603422885896,0.08852348034182114,False
201,9,-265.73273632791364,1.916402380679017,2.4358236594703486,,,True
202,0,-267.64913870859266,0.0,2.3308643852862914,,,True
202,1,-281.9568214015445,-14.307682692951857,0.20006065712320714,0.09061417401583553,0.07223921166037828,False
202,2,-282.4188753823132,-14.769736673720558,0.07146842710876958,0.05078686756490835,0.03808848813412824,False
202,3,-282.41990742903295,-14.770768720440287,0.029687450812092817,0.035129068613821535,0.02600411335600249,False
202,4,-282.68455033292923,-15.035411624336575,0.15198135916905112,0.05714250420440169,0.04886136320222842,False
202,5,-282.3749472716053,-14.725808563012663,0.10277295018610325,0.028168571216439047,0.025749887645222062,False
202,6,-281.84852162293225,-14.199382914339594,0.11619467120109746,0.0268180809017943,0.02171020384047957,False
202,7,-280.78181138119794,-13.132672672605281,0.1203229485586383,0.10526635082032337,0.0742812387556204,False
202,8,-279.11861455172044,-11.469475843127782,0.24336159317654596,0.0757647455850937,0.06267171843010808,False
202,9,-265.73273632791364,1.916402380679017,2.4358236594703486,,,True
203,0,-267.64913870859266,0.0,2.3308643852862914,,,True
203,1,-281.9541932823762,-14.305054573783536,0.20757271153496665,0.11614765527932693,0.09488828648167165,False
203,2,-282.4202278467912,-14.771089138198533,0.07151052071386495,0.03341712027830623,0.02230049171185852,False
203,3,-282.4210299370891,-14.771891228496429,0.02436236546411342,0.034970095463423,0.026075205702702865,False
203,4,-282.68634132335205,-15.037202614759394,0.15280275868146925,0.0456809998245181,0.030944341327767886,False
203,5,-282.3755114003755,-14.726372691782842,0.10461081042792499,0.022630371917017937,0.021567474674017106,False
203,6,-281.84982211553853,-14.20068340694587,0.11761474259090597,0.026505022215637122,0.020645636780038376,False
203,7,-280.78545493155207,-13.136316222959408,0.12428766753794511,0.10819084727583017,0.07560600240585288,False
203,8,-279.1214167914989,-11.472278082906257,0.26570278854766377,0.10269961734176575,0.0754468618473011,False
203,9,-265.73273632791364,1.916402380679017,2.4358236594703486,,,True
204,0,-267.64913870859266,0.0,2.3308643852862914,,,True
204,1,-281.9526684589881,-14.303529750395455,0.21039670700012944,0.07626254912304772,0.06312018827475391,False
204,2,-282.42106628431395,-14.771927575721293,0.07145308380013986,0.03339931597462164,0.02507367038559571,False
204,3,-282.4223861638548,-14.773247455262151,0.02251315374448564,0.03481398315394405,0.026104318007706743,False
204,4,-282.6872932237502,-15.038154515157544,0.15381922875404636,0.045203185785273686,0.034176190267703216,False
204,5,-282.3761739662035,-14.72703525761085,0.10151930254689549,0.02109432495552898,0.01946978121249656,False
204,6,-281.851381232152,-14.202242523559335,0.11860160619142866,0.026252046120903226,0.019783784786017545,False
204,7,-280.79009883870003,-13.140960130107374,0.12905870992834953,0.11155925292510228,0.0765408015096231,False
204,8,-279.1239857082371,-11.474846999644456,0.2781108273408049,0.11307252956201504,0.08429352227594977,False
204,9,-265.73273632791364,1.916402380679017,2.4358236594703486,,,True
205,0,-267.64913870859266,0.0,2.3308643852862914,,,True
205,1,-281.95005753300984,-14.300918824417181,0.2075107294157366,0.03644630222781916,0.025677757014220155,False
205,2,-282.4214867360813,-14.772348027488647,0.07285216871758833,0.03189433121027616,0.02508821400206126,False
205,3,-282.42395803985505,-14.774819331262393,0.02346200472586674,0.034720600894435495,0.02615216278030866,False
205,4,-282.68767182746683,-15.03853311887417,0.15495772633977517,0.04325538191559664,0.03724666044131475,False
205,5,-282.3769038981688,-14.727765189576132,0.09933330714952215,0.02232732775622943,0.0174246843618435,False
205,6,-281.85318071251265,-14.204042003919994,0.11913993512029543,0.026080917360846792,0.019431851545724674,False
205,7,-280.79581016350835,-13.14667145491569,0.134550173120076,0.11522905280525061,0.07803929717344608,False
205,8,-279.12731365293007,-11.478174944337411,0.2851459373920769,0.11226614946876992,0.08428113957300917,False
205,9,-265.73273632791364,1.916402380679017,2.4358236594703486,,,True
206,0,-267.64913870859266,0.0,2.3308643852862914,,,True
206,1,-281.94525655983784,-14.296117851245185,0.21455104274874318,0.06988583434611993,0.06731178816415016,False
206,2,-282.4216978799267,-14.772559171334024,0.08697101296877548,0.03607364101123024,0.02906029553479866,False
206,3,-282.4257192596026,-14.776580551009943,0.025493702446234178,0.0347587144092794,0.026310997670572454,False
206,4,-282.687827465996,-15.03868875740335,0.15610186155819414,0.05619275852305768,0.04185075348270866,False
206,5,-282.37771698952866,-14.728578280936006,0.10116777372469114,0.023882925950613733,0.01747643862863217,False
206,6,-281.8552072173014,-14.206068508708768,0.1194402514011307,0.025978159755163124,0.019676501877690423,False
206,7,-280.8026451221871,-13.153506413594414,0.14040363037037054,0.11883321603812905,0.08074632816077099,False
206,8,-279.1322315033239,-11.483092794731249,0.2787807887455371,0.09665031988379313,0.08671965822910328,False
206,9,-265.73273632791364,1.916402380679017,2.4358236594703486,,,True
207,0,-267.64913870859266,0.0,2.3308643852862914,,,True
207,1,-281.9395758561728,-14.290437147580121,0.2283763316893026,0.07934681877103825,0.07665566134904021,False
207,2,-282.4219010318238,-14.77276232323112,0.09689085865997474,0.0401571677519534,0.031026057080565862,False
207,3,-282.4278729533497,-14.77873424475706,0.025322169566333024,0.03499142863829377,0.026682641794216436,False
207,4,-282.68801776934765,-15.038879060754994,0.15722133066653626,0.0650283540780977,0.04467410089960266,False
207,5,-282.3787536608778,-14.729614952285147,0.10677994658284747,0.02435294347958313,0.020067299958659243,False
207,6,-281.85768856494684,-14.208549856354182,0.11983379854387317,0.025897029392407844,0.020802873436049845,False
207,7,-280.8115104306748,-13.162371722082128,0.14650598515706623,0.1220606658934373,0.084464010164411,False
207,8,-279.1388132981841,-11.48967458959146,0.256586377305105,0.06488912014346095,0.042546628425542105,False
207,9,-265.73273632791364,1.916402380679017,2.4358236594703486,,,True
208,0,-267.64913870859266,0.0,2.3308643852862914,,,True
208,1,-281.93350038569315,-14.284361677100492,0.21286250324149378,0.028537134525531402,0.02659323971153315,False
208,2,-282.4222273774035,-14.773088668810828,0.10100781849527161,0.04344325595135246,0.030656012886313432,False
208,3,-282.43051211277606,-14.781373404183398,0.021675049220615715,0.03546520680316693,0.02731527941360106,False
208,4,-282.6883771644299,-15.039238455837221,0.1581390471063641,0.06453528500003447,0.04349547515120611,False
208,5,-282.38006212229004,-14.730923413697383,0.11193947002532131,0.02335829623186363,0.02192876690313722,False
208,6,-281.8607181370758,-14.211579428483162,0.12064261986598776,0.0257726051348604,0.02372115167597097,False
208,7,-280.8229328884066,-13.173794179813967,0.15144286656753214,0.12355527448063858,0.08705959833982758,False
208,8,-279.1456280628001,-11.496489354207426,0.24611868761954905,0.04293373784334515,0.040706497150921284,False
208,9,-265.73273632791364,1.916402380679017,2.4358236594703486,,,True
209,0,-267.64913870859266,0.0,2.3308643852862914,,,True
209,1,-281.9243628452763,-14.275224136683619,0.23625180850644342,0.06403190546442608,0.05531678590602877,False
209,2,-282.42277139209017,-14.77363268349751,0.09750359113934719,0.039580570096762,0.02752591070670737,False
209,3,-282.43372634478953,-14.784587636196875,0.021926616667494375,0.03616608163685367,0.02813002196013266,False
209,4,-282.6889671067424,-15.039828398149723,0.15870105322705233,0.05354390690961617,0.035136629986741295,False
209,5,-282.38167861416684,-14.732539905574185,0.10644357377338663,0.022668305905227087,0.022337904910139712,False
209,6,-281.8644286664553,-14.215289957862637,0.12201774127059399,0.02550656786369149,0.024849838833840256,False
209,7,-280.8375269979618,-13.18838828936913,0.15242526222195157,0.12060252980911769,0.08532709325000608,False
209,8,-279.1527388681062,-11.503600159513553,0.24629170029540168,0.05922682237499766,0.04928978906727764,False
209,9,-265.73273632791364,1.916402380679017,2.4358236594703486,,,True
210,0,-267.64913870859266,0.0,2.3308643852862914,,,True
210,1,-281.91341670020324,-14.264277991610584,0.24976437062275117,0.06492151530573312,0.05845672924465229,False
210,2,-282.4235696646115,-14.774430956018819,0.08697717345061971,0.03455418194563239,0.023868309706618764,False
210,3,-282.43759984872804,-14.788461140135382,0.025262331566202924,0.03694955879176809,0.02892022544255844,False
210,4,-282.68974345902814,-15.040604750435477,0.15897336141604967,0.04720893168265433,0.0338176303465175,False
210,5,-282.38361944245526,-14.734480733862597,0.0929642444168162,0.029051529378709126,0.027775362775427075,False
210,6,-281.86891492060425,-14.219776212011595,0.12384339173369238,0.029018861107448835,0.028761702733468543,False
210,7,-280.8554047391304,-13.206266030537734,0.14437193836081164,0.1083876604700537,0.0773318009099116,False
210,8,-279.1611617313956,-11.512023022802964,0.2162033913219505,0.08490073343097898,0.07481845362325755,False
210,9,-265.73273632791364,1.916402380679017,2.4358236594703486,,,True
211,0,-267.64913870859266,0.0,2.3308643852862914,,,True
211,1,-281.90027321909565,-14.251134510502993,0.24343742383978895,0.03888523218091701,0.035386700946677924,False
211,2,-282.42466386218894,-14.775525153596277,0.07587118597876347,0.03372712905102188,0.02573383248980237,False
211,3,-282.4422992361833,-14.793160527590658,0.024331757989793562,0.03759323904386139,0.029526456092034522,False
211,4,-282.6905920824962,-15.04145337390355,0.15930557209964982,0.03995949121711691,0.03336961399023508,False
211,5,-282.3860700741592,-14.736931365566534,0.09220174675999951,0.0336466781079782,0.03214948063704826,False
211,6,-281.8742986416313,-14.22515993303864,0.12623395751988803,0.034026819453524294,0.033143086240827596,False
211,7,-280.87560402641225,-13.226465317819589,0.1154721297786283,0.07669198474281741,0.059863318733538104,False
211,8,-279.1722946795009,-11.523155970908249,0.16370283846889994,0.06153981204985898,0.049951085414201915,False
211,9,-265.73273632791364,1.916402380679017,2.4358236594703486,,,True
212,0,-267.64913870859266,0.0,2.3308643852862914,,,True
212,1,-281.8836952199832,-14.234556511390565,0.2557926920999006,0.06494273614307468,0.05942592378711916,False
212,2,-282.42602129475694,-14.776882586164277,0.07733911458205439,0.028749717404262395,0.02143228756319194,False
212,3,-282.4479959103761,-14.798857201783449,0.024672520323526438,0.03789489693492218,0.030044260213928586,False
212,4,-282.69117707045143,-15.042038361858772,0.16012593752600768,0.03491154198997813,0.024018345648142602,False
212,5,-282.389227050669,-14.74008834207632,0.10719130252954492,0.03520128377980556,0.034359673106893876,False
212,6,-281.8807913590374,-14.231652650444744,0.1298740438255058,0.038487908273809705,0.03687536722925437,False
212,7,-280.89418733294593,-13.245048624353274,0.08685126850359622,0.06430074304320349,0.05381236289288305,False
212,8,-279.1860670973765,-11.53692838878385,0.1852307486642035,0.06514691439651209,0.05224449620611165,False
212,9,-265.73273632791364,1.916402380679017,2.4358236594703486,,,True
213,0,-267.64913870859266,0.0,2.3308643852862914,,,True
213,1,-281.8674587813684,-14.218320072775725,0.29445527019083656,0.030497194512306244,0.025810983674155148,False
213,2,-282.4272477075516,-14.778108998958942,0.07859911229649429,0.022966834803971534,0.016440367603251613,False
213,3,-282.4540017159265,-14.804863007333836,0.02269602324195707,0.03767977928843264,0.03050278453459682,False
213,4,-282.6911028499465,-15.041964141353844,0.16112126243206343,0.02435629316685074,0.0211279169230764,False
213,5,-282.39282474608933,-14.743686037496673,0.1030752597516449,0.03623267370991581,0.03587713838708682,False
213,6,-281.88762810893843,-14.23848940034577,0.1343836157639633,0.04343541086282626,0.041853187828195054,False
213,7,-280.9042411628062,-13.255102454213556,0.13042868912397337,0.13226631857673463,0.09116541774254454,False
213,8,-279.2030853571864,-11.553946648593751,0.18066205377950326,0.048223749843408756,0.04157923803473852,False
213,9,-265.73273632791364,1.916402380679017,2.4358236594703486,,,True
214,0,-267.64913870859266,0.0,2.3308643852862914,,,True
214,1,-281.8508688879481,-14.201730179355422,0.2977196275704125,0.047973271960557354,0.04704484753614378,False
214,2,-282.42832312076484,-14.779184412172185,0.07894073377725346,0.019965381530755125,0.01438355331442114,False
214,3,-282.4602802633132,-14.811141554720564,0.023314234990460772,0.0368271824665716,0.030491661586016294,False
214,4,-282.6906064505699,-15.041467741977215,0.1617131275789575,0.031030031249987933,0.023877519098611442,False
214,5,-282.3968536136101,-14.74771490501746,0.10169366820225403,0.03883574126495692,0.038708878917643366,False
214,6,-281.8948980435004,-14.245759334907746,0.1393046189826619,0.04972049274239983,0.04839857759236388,False
214,7,-280.9151628918878,-13.266024183295144,0.1814256358152287,0.17914473457212582,0.12215575342796563,False
214,8,-279.2212377798236,-11.572099071230923,0.18302464349361341,0.04858339362500607,0.04098676953591365,False
214,9,-265.73273632791364,1.916402380679017,2.4358236594703486,,,True
215,0,-267.64913870859266,0.0,2.3308643852862914,,,True
215,1,-281.835662203708,-14.186523495115352,0.27999009593874263,0.023990806164455047,0.02029065621373894,False
215,2,-282.4294656021687,-14.780326893576046,0.07893978560776518,0.02424433587193073,0.020076825873387986,False
215,3,-282.46665868556835,-14.817519976975689,0.027385313655539506,0.03528573568538693,0.02970032820998616,False
215,4,-282.69028223549685,-15.041143526904193,0.1617817210432383,0.04136866444442741,0.03315149275594418,False
215,5,-282.4014460431108,-14.75230733451815,0.11198173614048117,0.045444995985624334,0.04535738983911564,False
215,6,-281.90253587947655,-14.253397170883886,0.14518757829246878,0.058314205750852305,0.05718125744424031,False
215,7,-280.9388594157041,-13.289720707111428,0.14347294384356063,0.1454233635080201,0.12204023241838559,False
215,8,-279.2391178505452,-11.58997914195254,0.19028981109355714,0.04798038088375315,0.03835195625251521,False
215,9,-265.73273632791364,1.916402380679017,2.4358236594703486,,,True
216,0,-267.64913870859266,0.0,2.3308643852862914,,,True
216,1,-281.8221968306764,-14.173058122083717,0.30524576730391106,0.03243071460986517,0.02665912637236252,False
216,2,-282.43093680634104,-14.781798097748378,0.07869184006199441,0.028339751342974756,0.022574858157799377,False
216,3,-282.472950671886,-14.823811963293338,0.034336647746082735,0.036579133350491067,0.03527727997475362,False
216,4,-282.6905536990748,-15.041414990482167,0.16130012575188454,0.03868319870922712,0.028103115578938187,False
216,5,-282.40670812905904,-14.757569420466382,0.10983270281477861,0.0569600974541665,0.05688373153745905,False
216,6,-281.91054491501893,-14.261406206426273,0.15284008180087483,0.0682534082210871,0.06729208117041012,False
216,7,-280.96930995266996,-13.3201712440773,0.1802650408250437,0.16870313333553166,0.11359908040299577,False
216,8,-279.25767583566295,-11.608537127070292,0.16005725082988406,0.03514898766693182,0.030187781060854284,False
216,9,-265.73273632791364,1.916402380679017,2.4358236594703486,,,True
217,0,-267.64913870859266,0.0,2.3308643852862914,,,True
217,1,-281.8111438936385,-14.162005185045814,0.3319638068299925,0.020366632599468346,0.016259330521265093,False
217,2,-282.43275672680494,-14.78361801821228,0.0777983118621718,0.024432486307858457,0.018641807858303303,False
217,3,-282.47926858526785,-14.830129876675187,0.04213001512129177,0.04440036705088521,0.04202608372950117,False
217,4,-282.6912558176547,-15.04211710906202,0.15977939801005814,0.022997164276065445,0.014609190308707021,False
217,5,-282.4129536171345,-14.76381490854186,0.10183831136845946,0.07176368938547135,0.07142919778958509,False
217,6,-281.9192677746811,-14.27012906608843,0.16172933670800616,0.07716946463162735,0.076304695753413,False
217,7,-281.0024614758216,-13.353322767228917,0.219334753708883,0.1959655775969174,0.13390894406557716,False
217,8,-279.2754645589166,-11.626325850323951,0.11867415928114769,0.047496470913679326,0.041611298636782104,False
217,9,-265.73273632791364,1.916402380679017,2.4358236594703486,,,True
218,0,-267.64913870859266,0.0,2.3308643852862914,,,True
218,1,-281.80231982858254,-14.153181119989881,0.3168956456660019,0.02288192772030595,0.022442134497190017,False
218,2,-282.4347447692226,-14.78560606062996,0.0766014573073299,0.025951184846236933,0.019339730593701233,False
218,3,-282.4856858732379,-14.836547164645253,0.049268055119936253,0.051489784079274147,0.0484248451133796,False
218,4,-282.6919641037299,-15.042825395137243,0.1567405196541593,0.01636995758072888,0.013039132763464072,False
218,5,-282.42054937015746,-14.7714106615648,0.10258020031783373,0.08646367175328076,0.08583632078538256,False
218,6,-281.9289618332217,-14.279823124629047,0.17058116860317066,0.08363653632838414,0.08302677503147342,False
218,7,-281.04207894218075,-13.392940233588092,0.24573962367862615,0.21301697298805017,0.1449252544104361,False
218,8,-279.29293517465203,-11.64379646605937,0.103373712284878,0.06409449166592732,0.060388830403825,False
218,9,-265.73273632791364,1.916402380679017,2.4358236594703486,,,True
219,0,-267.64913870859266,0.0,2.3308643852862914,,,True
219,1,-281.7957494912919,-14.146610782699213,0.3038020271091041,0.019124059403283492,0.016615355242499887,False
219,2,-282.4367574837296,-14.787618775136934,0.07535630392879611,0.02748614235488304,0.020534562787750458,False
219,3,-282.49218744049665,-14.843048731903991,0.054090805507591044,0.056201860341393683,0.05355813086319958,False
219,4,-282.6926018866441,-15.043463178051468,0.15235216635929053,0.017418059960522543,0.01647324783271796,False
219,5,-282.42971622725605,-14.780577518663392,0.10364805520713559,0.09763560130290631,0.09709325075570377,False
219,6,-281.9394435975199,-14.290304888927267,0.17890860078029422,0.0855861632215319,0.08523663811357526,False
219,7,-281.08621624332784,-13.437077534735181,0.2226246489235472,0.18481244955934406,0.11636483338191424,False
219,8,-279.31130131289945,-11.662162604306786,0.11469127418753594,0.08147010524239928,0.07220084340939015,False
219,9,-265.73273632791364,1.916402380679017,2.4358236594703486,,,True
220,0,-267.64913870859266,0.0,2.3308643852862914,,,True
220,1,-281.7912418832528,-14.142103174660122,0.3180473643123323,0.01221890344330126,0.010895485913467333,False
220,2,-282.43883792642,-14.78969921782732,0.07392299915807128,0.028964411418589322,0.021601309410660255,False
220,3,-282.49889181845003,-14.849753109857375,0.05759632147528453,0.05951870959648122,0.05751501864980471,False
220,4,-282.69338910072145,-15.044250392128788,0.14718466635966965,0.022268647230180214,0.019719800649534235,False
220,5,-282.44071399904556,-14.791575290452897,0.10251650377055638,0.10359041124430755,0.10331007302739292,False
220,6,-281.9503640451097,-14.301225336517064,0.18685226066801724,0.0818342318518099,0.08162215244093395,False
220,7,-281.1205618770473,-13.471423168454635,0.11806199515120876,0.11422471483545274,0.10575264112679489,False
220,8,-279.33110917569695,-11.681970467104293,0.1446320806254103,0.10718873007771607,0.09387159167006749,False
220,9,-265.73273632791364,1.916402380679017,2.4358236594703486,,,True
221,0,-267.64913870859266,0.0,2.3308643852862914,,,True
221,1,-281.78833526727806,-14.139196558685398,0.3324905351684992,0.014548122673704353,0.01366082333396411,False
221,2,-282.4411562385956,-14.792017530002965,0.07225957205247414,0.03036359822383527,0.022892631157100243,False
221,3,-282.5062443567688,-14.857105648176116,0.06208098479482999,0.06370019399473603,0.06201322176793372,False
221,4,-282.6944698313532,-15.045331122760558,0.14168368689700966,0.019745396843511218,0.01789490550416668,False
221,5,-282.4540719693849,-14.804933260792268,0.10235533312366919,0.1034722539205482,0.10335402819150008,False
221,6,-281.9616155193666,-14.312476810773944,0.19453834530673444,0.07249599159023605,0.0723529287879978,False
221,7,-281.1297446040506,-13.480605895457927,0.23325522861708634,0.23425832913300657,0.20388872396716984,False
221,8,-279.3549055584587,-11.705766849866052,0.19349020801238262,0.15058364842682345,0.1336987539659647,False
221,9,-265.73273632791364,1.916402380679017,2.4358236594703486,,,True
222,0,-267.64913870859266,0.0,2.3308643852862914,,,True
222,1,-281.78686532079814,-14.137726612205483,0.3272707786017677,0.01214945311751816,0.011328921081955089,False
222,2,-282.4437632974376,-14.794624588844954,0.07056919657628613,0.031730589952942985,0.02416497745909319,False
222,3,-282.5144803564345,-14.86534164784183,0.06703761188478359,0.06823692685026891,0.06652836386041566,False
222,4,-282.695742155822,-15.046603447229359,0.13636296042977333,0.012964760188128933,0.01143041408163242,False
222,5,-282.46953919492853,-14.82040048633587,0.1024815096488322,0.09578588766623354,0.09563151243357397,False
222,6,-281.9725473513081,-14.323408642715435,0.2016609377532789,0.060581990111503774,0.05810363784576916,False
222,7,-281.1351933992735,-13.486054690680817,0.3062891203719118,0.2924579801136476,0.2588309829707865,False
222,8,-279.3882875009152,-11.739148792322567,0.27209699296710854,0.2215857622163119,0.19536737629844927,False
222,9,-265.73273632791364,1.916402380679017,2.4358236594703486,,,True
223,0,-267.64913870859266,0.0,2.3308643852862914,,,True
223,1,-281.78664388613873,-14.137505177546075,0.3154134575598907,0.012111854579540608,0.00972203311826648,False
223,2,-282.44642731235706,-14.7972886037644,0.06902148221506439,0.03307863447646107,0.025019845328283413,False
223,3,-282.5229436165199,-14.873804907927251,0.0703324258905206,0.07104259831230329,0.06920332283371092,False
223,4,-282.6969692429361,-15.047830534343461,0.13194761580924103,0.012221075616552477,0.010986981770347161,False
223,5,-282.4850128877963,-14.835874179203643,0.10264570867065945,0.08417572616061593,0.08360832162908811,False
223,6,-281.9814406062514,-14.332301897658738,0.2073929306645671,0.05711972029893309,0.04651146255780918,False
223,7,-281.1551193484047,-13.505980639812037,0.186252201509069,0.1853987999046971,0.15256066824131614,False
223,8,-279.43754724076143,-11.788408532168773,0.37551719688529656,0.31431102639343783,0.27961002383365297,False
223,9,-265.73273632791364,1.916402380679017,2.4358236594703486,,,True
224,0,-267.64913870859266,0.0,2.3308643852862914,,,True
224,1,-281.7874281833838,-14.138289474791122,0.3123041826269446,0.010976207883120655,0.009353446883384336,False
224,2,-282.44902535091103,-14.79988664231837,0.06758757150301557,0.0344573230105154,0.025568860233740505,False
224,3,-282.53123228410186,-14.882093575509202,0.07128520794513925,0.07147952177231799,0.06965453550361314,False
224,4,-282.69806630013005,-15.048927591537392,0.12855732688204408,0.011533134970853287,0.010617387045939126,False
224,5,-282.49914492540927,-14.85000621681661,0.0993414539134082,0.07451177218270935,0.07264278095650785,False
224,6,-281.98766605579203,-14.338527347199374,0.2113970429031897,0.05837844406713479,0.041384766584015374,False
224,7,-281.17081896095067,-13.52168025235801,0.14979902018969765,0.1498561723923781,0.10462622879405102,False
224,8,-279.51120158501396,-11.862062876421305,0.4772461425404583,0.400278062896482,0.3646024080901101,False
224,9,-265.73273632791364,1.916402380679017,2.4358236594703486,,,True
225,0,-267.64913870859266,0.0,2.3308643852862914,,,True
225,1,-281.7888898844377,-14.13975117584505,0.31549671260695217,0.009944410141538403,0.008512426186110653,False
225,2,-282.4515359118594,-14.802397203266764,0.06853895047730196,0.035820988861624325,0.026146629748195396,False
225,3,-282.53921042112256,-14.890071712529902,0.07000594947143507,0.06969300607455148,0.06799681022773717,False
225,4,-282.6990396632881,-15.049900954695431,0.12596136658061105,0.010785946584014865,0.010141595284304058,False
225,5,-282.51136833415364,-14.862229625560985,0.09635516939109688,0.06548602272282417,0.06286667906811011,False
225,6,-281.99156205376244,-14.342423345169777,0.21370991403053727,0.05770603904876718,0.04116993452967121,False
225,7,-281.1809039655841,-13.531765256991434,0.15307739785104668,0.1491913123377506,0.1227983364689252,False
225,8,-279.616343927863,-11.96720521927034,0.5841775523208262,0.48346751499364643,0.4491852128840146,False
225,9,-265.73273632791364,1.916402380679017,2.4358236594703486,,,True
226,0,-267.64913870859266,0.0,2.3308643852862914,,,True
226,1,-281.79073775997085,-14.141599051378194,0.3175288091503127,0.010065873544075577,0.008853113003590027,False
226,2,-282.45390644724966,-14.804767738657006,0.06931717709054888,0.03704393655646328,0.026865717298741994,False
226,3,-282.5466179541628,-14.897479245570139,0.06707882285932952,0.06630492509494876,0.0647110053587618,False
226,4,-282.699888668011,-15.05074995941834,0.12403830655826721,0.009995390278080796,0.009591797678595977,False
226,5,-282.5213098186101,-14.872171110017462,0.0951373410036547,0.05648006908730587,0.054090652996230955,False
226,6,-281.9936927590892,-14.344554050496527,0.21452083642839007,0.0561265900565094,0.04011246185530544,False
226,7,-281.1906962621344,-13.541557553541736,0.1512212057944578,0.15259698000005617,0.13136396098577147,False
226,8,-279.7551968438454,-12.106058135252738,0.5868590847860033,0.4586355199836488,0.42861638516709083,False
226,9,-265.73273632791364,1.916402380679017,2.4358236594703486,,,True
227,0,-267.64913870859266,0.0,2.3308643852862914,,,True
227,1,-281.79284846572506,-14.143709757132399,0.31551246541244604,0.008565802817477763,0.00815878333047132,False
227,2,-282.4561593003936,-14.80702059180095,0.06992909433215494,0.03808732695025018,0.027664043673006507,False
227,3,-282.55344010345596,-14.904301394863296,0.06325397474022021,0.06207893030789018,0.06050070633266671,False
227,4,-282.700635819964,-15.051497111371361,0.12270613954252754,0.009822977875031195,0.00900637297349181,False
227,5,-282.52927158315174,-14.88013287455908,0.09477030445955979,0.04876132432160931,0.0456578325507106,False
227,6,-281.9946961020246,-14.345557393431932,0.21419923960441054,0.05443282814633056,0.03921007314121251,False
227,7,-281.2017607903324,-13.552622081739742,0.16869278942134405,0.1704329297970884,0.11711134921653633,False
227,8,-279.8597267064996,-12.210587997906941,0.3193646887234951,0.27309924756058834,0.2632222053017524,False
227,9,-265.73273632791364,1.916402380679017,2.4358236594703486,,,True
228,0,-267.64913870859266,0.0,2.3308643852862914,,,True
228,1,-281.79551398814147,-14.146375279548806,0.30972790608373696,0.00766128909508618,0.006716409310682053,False
228,2,-282.45866188737193,-14.809523178779273,0.07046654047250464,0.03908477126975832,0.028539544554411128,False
228,3,-282.56065574772674,-14.911517039134083,0.05854569219904483,0.05727056805022246,0.05516283251509374,False
228,4,-282.7013986124492,-15.052259903856566,0.1218430705055406,0.009622144546391072,0.008336149357695584,False
228,5,-282.5366016837859,-14.887462975193216,0.0938513346156701,0.042582892591779505,0.036736401183661824,False
228,6,-281.9950476993796,-14.345908990786938,0.2129763684761908,0.05291797093706428,0.03890690948585913,False
228,7,-281.21510714306424,-13.565968434471586,0.15234671368731353,0.1391660945442834,0.11605318161906598,False
228,8,-279.82701786481584,-12.177879156223185,1.2430657911541503,1.2034343728457775,1.039816068155584,False
228,9,-265.73273632791364,1.916402380679017,2.4358236594703486,,,True
229,0,-267.64913870859266,0.0,2.3308643852862914,,,True
229,1,-281.79679705361684,-14.147658345024183,0.30807713109241647,0.008867809847924952,0.007864697443659028,False
229,2,-282.4594552706219,-14.810316562029243,0.07065630746957646,0.03924386987061332,0.028588376047074517,False
229,3,-282.5625049179339,-14.913366209341234,0.06126521831668468,0.05957856583935761,0.05785192441396949,False
229,4,-282.70155800360743,-15.052419295014772,0.1226287891296775,0.008623318833177818,0.008327488863728694,False
229,5,-282.53834112194437,-14.889202413351711,0.09156890541431144,0.04143079280877613,0.035892434874168315,False
229,6,-281.9950340028564,-14.345895294263755,0.21212598028880755,0.05337062683408166,0.039921556500419106,False
229,7,-281.22206553511455,-13.572926826521893,0.16244887959186546,0.12212384811701954,0.08218567104932262,False
229,8,-279.942499041636,-12.293360333043324,0.46220289263125547,0.3943285656895911,0.33550476395961565,False
229,9,-265.73273632791364,1.916402380679017,2.4358236594703486,,,True
230,0,-267.64913870859266,0.0,2.3308643852862914,,,True
230,1,-281.79756054709264,-14.148421838499985,0.307294895356055,0.007515011931281095,0.0063380399602375286,False
230,2,-282.45992857266447,-14.810789864071808,0.0707400745362527,0.03931182532969896,0.02870207728564319,False
230,3,-282.56359231021963,-14.914453601626974,0.06018391469138778,0.05842329698810005,0.056746841382202526,False
230,4,-282.70164625369,-15.052507545097342,0.12288536556692363,0.008375738683599029,0.008312017613846694,False
230,5,-282.53933378364434,-14.890195075051679,0.09211922062249388,0.04117572706455054,0.035842614534679046,False
230,6,-281.9949968830788,-14.345858174486125,0.2118423601255231,0.05322531413595347,0.03985076557940748,False
230,7,-281.22521195561933,-13.57607324702667,0.16958093057858656,0.12921264545090128,0.08802018852330568,False
230,8,-279.97810074694644,-12.32896203835378,0.36835260116584984,0.32046816748989143,0.2999858425239958,False
230,9,-265.73273632791364,1.916402380679017,2.4358236594703486,,,True
231,0,-267.64913870859266,0.0,2.3308643852862914,,,True
231,1,-281.79911160721576,-14.149972898623105,0.30581564013041407,0.007453074767856482,0.005662184040689919,False
231,2,-282.4608912322958,-14.811752523703149,0.07089876887838145,0.03944462205999993,0.028902414159813088,False
231,3,-282.56578135487564,-14.91664264628298,0.058912444292789704,0.057016332079905814,0.05532213796321567,False
231,4,-282.70181963930145,-15.052680930708789,0.12336830794304371,0.008343802408244352,0.008284329438950385,False
231,5,-282.5412983844485,-14.89215967585585,0.09248609699484439,0.040535475466005444,0.03530319192362104,False
231,6,-281.99488655102795,-14.345747842435287,0.211234243871269,0.05292329080042937,0.03965703748454232,False
231,7,-281.23150481155585,-13.582366102963192,0.18456088480939128,0.14258178183880532,0.09872328006818586,False
231,8,-280.01069793576244,-12.361559227169778,0.35620179739843555,0.30088945808813367,0.27840638435898724,False
231,9,-265.73273632791364,1.916402380679017,2.4358236594703486,,,True
232,0,-267.64913870859266,0.0,2.3308643852862914,,,True
232,1,-281.8014286834367,-14.152289974844052,0.303847824873441,0.007258064476820179,0.006402387272958018,False
232,2,-282.4623269020262,-14.813188193433518,0.0711041312393983,0.03962115925449489,0.029127594657238243,False
232,3,-282.56898443188066,-14.919845723288006,0.05766571672772764,0.055589772610296725,0.05395364748447997,False
232,4,-282.70206453263813,-15.052925824045474,0.12400944101278555,0.008297610942029748,0.008245476222716817,False
232,5,-282.54411145164465,-14.894972743051994,0.09189980528752284,0.039157931673350424,0.03378375014188999,False
232,6,-281.99465240999024,-14.345513701397579,0.21026975148850988,0.05243176876722974,0.03924637814584386,False
232,7,-281.2412343384804,-13.592095629887751,0.20784338727649657,0.16068057886519085,0.11335447384189892,False
232,8,-280.04851196148945,-12.399373252896794,0.30434018462968454,0.3678545241744833,0.34138853865120705,False
232,9,-265.73273632791364,1.916402380679017,2.4358236594703486,,,True
233,0,-267.64913870859266,0.0,2.3308643852862914,,,True
233,1,-281.80444310208645,-14.155304393493793,0.30147450205235493,0.008364350563748658,0.007520221011565577,False
233,2,-282.46419455905163,-14.815055850458975,0.07130916819269982,0.039796336885506295,0.02930517805274192,False
233,3,-282.57302429248045,-14.923885583887795,0.05529632223962571,0.05302161695516709,0.05146440809242242,False
233,4,-282.70236257640005,-15.05322386780739,0.12474970017146061,0.008230490345830184,0.008185513088552348,False
233,5,-282.5475745889902,-14.898435880397528,0.09061480264021518,0.0368324511995514,0.03125438456848165,False
233,6,-281.99425959273003,-14.345120884137373,0.2089455864434191,0.05168947384219027,0.03852708102182593,False
233,7,-281.2555684494713,-13.606429740878639,0.23954874689780864,0.18267787395545987,0.1324292986335257,False
233,8,-280.0943834277579,-12.44524471916526,0.18889576398995872,0.22172725338002885,0.16562960680028954,False
233,9,-265.73273632791364,1.916402380679017,2.4358236594703486,,,True
234,0,-267.64913870859266,0.0,2.3308643852862914,,,True
234,1,-281.8081983889818,-14.159059680389134,0.298339982557868,0.006922712626756857,0.006716285486709295,False
234,2,-282.4665208139178,-14.817382105325123,0.07145732824251194,0.03990820850033172,0.029368666654299797,False
234,3,-282.57782646244686,-14.928687753854206,0.050242299873969797,0.04776744717608203,0.04630781784532437,False
234,4,-282.7027067634602,-15.053568054867526,0.12559109927789425,0.008128261761903155,0.008089191192884508,False
234,5,-282.5516083385511,-14.902469629958432,0.08953253885287019,0.03357463484986499,0.027908920743388653,False
234,6,-281.99370009760986,-14.344561389017201,0.20719267845031847,0.05060504000810717,0.037416665126006825,False
234,7,-281.2775962659693,-13.628457557376635,0.2798859989829853,0.20806594154121252,0.15694328500955881,False
234,8,-280.1061707894278,-12.45703208083512,0.44422409833214294,0.44702789653171343,0.4323007108167766,False
234,9,-265.73273632791364,1.916402380679017,2.4358236594703486,,,True
235,0,-267.64913870859266,0.0,2.3308643852862914,,,True
235,1,-281.81254708812196,-14.1634083795293,0.2941942298346199,0.0068258740922224614,0.005852941771895248,False
235,2,-282.4692160631719,-14.820077354579269,0.07145861916460829,0.039873673884886225,0.029278772504422044,False
235,3,-282.5830563919033,-14.933917683310654,0.044642284216255164,0.042452732944050074,0.0400467504541022,False
235,4,-282.70307696550844,-15.053938256915785,0.1265411065295157,0.007993911394646284,0.00795978667384106,False
235,5,-282.55595195679143,-14.906813248198773,0.08902253434915428,0.02983376541320796,0.0261649769449562,False
235,6,-281.993033099804,-14.343894391211336,0.20500252942082642,0.04923224870759626,0.0359987915119077,False
235,7,-281.3103596652576,-13.66122095666492,0.32296751874772256,0.23075787999080588,0.18118599708716776,False
235,8,-280.12721924836467,-12.478080539772009,0.36688946046273807,0.3528239120301004,0.3418002064494523,False
235,9,-265.73273632791364,1.916402380679017,2.4358236594703486,,,True
236,0,-267.64913870859266,0.0,2.3308643852862914,,,True
236,1,-281.81743592974374,-14.168297221151079,0.28924071503790677,0.007079284679972766,0.005941199367205901,False
236,2,-282.4722429735599,-14.823104264967242,0.07121851556710296,0.03960858828091836,0.028996646900448023,False
236,3,-282.5884933454149,-14.939354636822259,0.04116782090466648,0.038900970468983796,0.037420447885478596,False
236,4,-282.7034620232108,-15.05432331461816,0.12762010983916183,0.007843751771518775,0.007812757603970783,False
236,5,-282.56046640709087,-14.911327698498212,0.08856200113504767,0.026151156505435376,0.025451273579185387,False
236,6,-281.9923483903217,-14.343209681729036,0.2022898570155688,0.04765058206254422,0.03436072265811292,False
236,7,-281.35820499712185,-13.709066288529186,0.35677790178969915,0.2845305094936139,0.22043691402115614,False
236,8,-280.16052956407225,-12.51139085547959,0.1560126974096696,0.1608603290048247,0.15095400415152216,False
236,9,-265.73273632791364,1.916402380679017,2.4358236594703486,,,True
237,0,-267.64913870859266,0.0,2.3308643852862914,,,True
237,1,-281.8226654675567,-14.173526758964044,0.2842939991901743,0.007656276683376743,0.007136751044516311,False
237,2,-282.4754674752669,-14.826328766674237,0.0706616277033345,0.03904440294073868,0.028484919664285076,False
237,3,-282.59378182549654,-14.944643116903876,0.0368245658185224,0.03454633190371017,0.03386835717955036,False
237,4,-282.70383700924475,-15.054698300652092,0.12878016952045304,0.007702356735001304,0.0076728488378527155,False
237,5,-282.5649082711508,-14.915769562558125,0.08745969642814705,0.028215866368960896,0.023796825608544913,False
237,6,-281.99180390399033,-14.342665195397672,0.19902916549659233,0.04600461910018973,0.03264382938456063,False
237,7,-281.4211926195952,-13.772053911002558,0.3392954233923612,0.2932581865669921,0.21228059254211004,False
237,8,-280.1744557032158,-12.525316994623154,0.24289156193915148,0.2415729785738415,0.23801259885565004,False
237,9,-265.73273632791364,1.916402380679017,2.4358236594703486,,,True
238,0,-267.64913870859266,0.0,2.3308643852862914,,,True
238,1,-281.82796971949017,-14.178831010897511,0.27967525161918666,0.007380871276470947,0.006892051200373054,False
238,2,-282.4787120595744,-14.829573350981718,0.069752712142351,0.038161200326248215,0.02774326327604139,False
238,3,-282.59862983167466,-14.949491123081998,0.03309605093256096,0.03088710074692165,0.03064639685797253,False
238,4,-282.70417839908845,-15.05503969049579,0.12990759013423903,0.007587159668290358,0.007555850224199009,False
238,5,-282.56906143045643,-14.91992272186377,0.086058042138359,0.02919363396578928,0.022719859331751437,False
238,6,-281.99150691727493,-14.342368208682274,0.195383694211084,0.044518579719035146,0.03189925101785655,False
238,7,-281.47353595897266,-13.824397250380002,0.3201828877093192,0.27463530823829363,0.21873262637525998,False
238,8,-280.1987694648044,-12.54963075621174,0.2352516540420277,0.2441824900118516,0.21503839055327362,False
238,9,-265.73273632791364,1.916402380679017,2.4358236594703486,,,True
239,0,-267.64913870859266,0.0,2.3308643852862914,,,True
239,1,-281.83351161957984,-14.184372910987179,0.2745386174675279,0.007991682709644853,0.005999667462530625,False
239,2,-282.48205933971485,-14.832920631122192,0.06841029016727337,0.03689601073856905,0.026729733281064948,False
239,3,-282.60320964274365,-14.954070934150991,0.030522928015485912,0.028460868847474476,0.028082158669533897,False
239,4,-282.7044914468569,-15.055352738264219,0.13096026734102983,0.007506637277955907,0.007465658013785816,False
239,5,-282.57307747408356,-14.923938765490902,0.08507918048657712,0.02631468301937136,0.02290548832852048,False
239,6,-281.99148936823974,-14.342350659647082,0.1914761729966116,0.04359217725009096,0.031825359152235166,False
239,7,-281.4860479198634,-13.836909211270722,0.5427741373187936,0.5429549873714096,0.40447536046618116,False
239,8,-280.2308897976598,-12.581751089067154,0.21083052736266003,0.186494692796264,0.15498199127450205,False
239,9,-265.73273632791364,1.916402380679017,2.4358236594703486,,,True
240,0,-267.64913870859266,0.0,2.3308643852862914,,,True
240,1,-281.83969216726035,-14.190553458667694,0.26807314787080255,0.00815015191523269,0.006420578294873889,False
240,2,-282.4857287949419,-14.836590086349247,0.06640754654518624,0.03506430218414063,0.025321722178183393,False
240,3,-282.60785114582893,-14.958712437236272,0.028653816391971277,0.026793082416818607,0.025698988477728876,False
240,4,-282.7047915982563,-15.055652889663634,0.13194358016460217,0.007468853265274602,0.007408591269585168,False
240,5,-282.57724297483526,-14.928104266242599,0.0846757895727934,0.029505909964806114,0.023639523554326566,False
240,6,-281.99172922289677,-14.342590514304106,0.18808693200695245,0.0438966273741918,0.032653788580845874,False
240,7,-281.4955600583995,-13.84642134980686,0.382742576846046,0.37932506741911876,0.34609564270270393,False
240,8,-280.2551045597355,-12.605965851142855,0.2409785294515431,0.2418465412928233,0.21953479150421218,False
240,9,-265.73273632791364,1.916402380679017,2.4358236594703486,,,True
241,0,-267.64913870859266,0.0,2.3308643852862914,,,True
241,1,-281.84634522853844,-14.19720651994578,0.26104772428861417,0.00830518644802811,0.007546584622666486,False
241,2,-282.48958994591817,-14.84045123732551,0.06365139271283066,0.03260591591758609,0.023492863702504176,False
241,3,-282.61242611633577,-14.96328740774311,0.027173602193638836,0.025502930023297607,0.023444928476476785,False
241,4,-282.7050626486442,-15.055923940051514,0.13278006292690087,0.0074745313382825924,0.007394374333888621,False
241,5,-282.5814318997826,-14.932293191189956,0.0843538826262084,0.029070548298316304,0.022621369520472643,False
241,6,-281.9921427278271,-14.343004019234456,0.18719611512339404,0.04565240844062152,0.034457669669012876,False
241,7,-281.5029209618786,-13.853782253285942,0.5127967025917477,0.5139554024693184,0.446388313111368,False
241,8,-280.2950879990882,-12.645949290495537,0.2775597527476383,0.23625520032102848,0.228383570302957,False
241,9,-265.73273632791364,1.916402380679017,2.4358236594703486,,,True
242,0,-267.64913870859266,0.0,2.3308643852862914,,,True
242,1,-281.8532024595894,-14.204063750996738,0.25444397802460306,0.008968177019914253,0.007401092954129845,False
242,2,-282.49345745247626,-14.844318743883605,0.0602189238250971,0.029596573779781365,0.021299566567067194,False
242,3,-282.61679700201034,-14.967658293417685,0.026354958566406274,0.024786900882870656,0.022063148158969086,False
242,4,-282.70529179566375,-15.056153087071095,0.1334397743153786,0.00750831137216551,0.007410356416002341,False
242,5,-282.5854806619931,-14.936341953400415,0.08375694080637885,0.02902525580992968,0.021720232437972664,False
242,6,-281.9926395229646,-14.343500814371964,0.18870682597849875,0.048071473519153966,0.03664387193229118,False
242,7,-281.5236428152101,-13.87450410661745,0.38736619918287923,0.3882190196462507,0.2899775477984218,False
242,8,-280.3405231314242,-12.691384422831561,0.3331356638364753,0.2928823453096072,0.2834087472361164,False
242,9,-265.73273632791364,1.916402380679017,2.4358236594703486,,,True
243,0,-267.64913870859266,0.0,2.3308643852862914,,,True
243,1,-281.8600356735047,-14.210896964912024,0.24794291244412142,0.009737746524894937,0.007157565469911207,False
243,2,-282.4971845211633,-14.84804581257066,0.05654184801130301,0.026417329753260346,0.018976641858004847,False
243,3,-282.6208935397334,-14.971754831140743,0.02614627968941886,0.02455119437855355,0.021808024898333996,False
243,4,-282.70547504189426,-15.056336333301601,0.13394391785351362,0.007555897371648082,0.007436096587953969,False
243,5,-282.58926908594395,-14.940130377351295,0.08334073731918173,0.03142262359025636,0.022218915897219926,False
243,6,-281.9932347275539,-14.344096018961238,0.18963322079149245,0.050218200446208824,0.03859619579797404,False
243,7,-281.5383991386884,-13.88926043009576,0.3627631065386634,0.3617894221910674,0.2437938649299792,False
243,8,-280.3906618172182,-12.741523108625529,0.3900123512905476,0.34959149197023137,0.32962984431673426,False
243,9,-265.73273632791364,1.916402380679017,2.4358236594703486,,,True
244,0,-267.64913870859266,0.0,2.3308643852862914,,,True
244,1,-281.8668604965553,-14.21772178796266,0.24080362613437836,0.010111866177556657,0.00789441268085106,False
244,2,-282.5007926059716,-14.851653897378924,0.05355770025396154,0.023907258444370746,0.017022864783123474,False
244,3,-282.6247949458219,-14.97565623722926,0.025879716684330478,0.024155117918376986,0.022580272302660263,False
244,4,-282.70562045955523,-15.056481750962575,0.13435024226500514,0.007597810259900801,0.007460202976837939,False
244,5,-282.5928140611536,-14.943675352560945,0.08347659239172134,0.032548592454969,0.024389945684677665,False
244,6,-281.99402731755185,-14.344888608959195,0.1881022148086929,0.051766099088850145,0.04008948005066115,False
244,7,-281.5494581329013,-13.900319424308634,0.38045565051764324,0.3815487750609402,0.24351074866403283,False
244,8,-280.4596627368584,-12.810524028265718,0.4405727015158047,0.3827911944065506,0.3580363623057406,False
244,9,-265.73273632791364,1.916402380679017,2.4358236594703486,,,True
245,0,-267.64913870859266,0.0,2.3308643852862914,,,True
245,1,-281.87333290272386,-14.2241941941312,0.23376086532026472,0.01034461046092869,0.008664346343167295,False
245,2,-282.50413299653735,-14.854994287944692,0.05140787132572676,0.022155144382139766,0.015651053869820075,False
245,3,-282.62835994200435,-14.979221233411693,0.025179656530489182,0.024487946161260352,0.023933777095312723,False
245,4,-282.7057297501698,-15.056591041577121,0.13467734789058106,0.007606788851357321,0.007470010119690536,False
245,5,-282.5959387393799,-14.946800030787244,0.08382023808586789,0.030607784115035182,0.024642188421762082,False
245,6,-281.9950637097535,-14.345925001160822,0.18518496033141266,0.05253457537254922,0.040912445853047895,False
245,7,-281.5675704626526,-13.918431754059952,0.26072317515774485,0.2638173945037603,0.18771591722129025,False
245,8,-280.53691220275005,-12.887773494157386,0.4621797861491427,0.38204185840627625,0.36191288685770945,False
245,9,-265.73273632791364,1.916402380679017,2.4358236594703486,,,True
246,0,-267.64913870859266,0.0,2.3308643852862914,,,True
246,1,-281.87951921876845,-14.230380510175792,0.22733304678530453,0.010751076561602676,0.008666048883543123,False
246,2,-282.50726937353056,-14.858130664937903,0.04986528416849758,0.02093154906084612,0.014783053474036278,False
246,3,-282.63166651430777,-14.982527805715108,0.025888055897885436,0.025999132998900318,0.024769763202737976,False
246,4,-282.70581348275834,-15.056674774165685,0.1349500668196401,0.0075724533487359965,0.007448649586436185,False
246,5,-282.5986776343375,-14.949538925744832,0.08395245690766985,0.028373319843174098,0.02456217433882304,False
246,6,-281.9963897162047,-14.347251007612044,0.18199591883268082,0.05269213282417997,0.04116812149905043,False
246,7,-281.57988243318283,-13.930743724590172,0.2163810958943964,0.2113566478204387,0.15341016733844698,False
246,8,-280.6267151361264,-12.977576427533734,0.44208632156934724,0.35026118283787955,0.3340615589919128,False
246,9,-265.73273632791364,1.916402380679017,2.4358236594703486,,,True
247,0,-267.64913870859266,0.0,2.3308643852862914,,,True
247,1,-281.8854008039069,-14.23626209531426,0.22144495880095555,0.01121038736253231,0.009026214092635093,False
247,2,-282.5102132380234,-14.861074529430766,0.048722880017167396,0.020368856982354872,0.015287300203746874,False
247,3,-282.63473281638494,-14.98559410779228,0.02748681439997033,0.027590753901867947,0.025654825415075768,False
247,4,-282.7058800708168,-15.056741362224159,0.13518035148341417,0.007494741815638992,0.007384211520019355,False
247,5,-282.60103207561934,-14.951893367026685,0.08393696911119766,0.027189584708545274,0.02497377201960625,False
247,6,-281.9979952820099,-14.348856573417265,0.17822482980858456,0.05253905220172398,0.041114186568784135,False
247,7,-281.5841659339537,-13.935027225361068,0.1426246352651329,0.12065064511698338,0.11750811635590724,False
247,8,-280.7223796284137,-13.073240919821046,0.30853594578805965,0.2602721949751111,0.2527998531201827,False
247,9,-265.73273632791364,1.916402380679017,2.4358236594703486,,,True
248,0,-267.64913870859266,0.0,2.3308643852862914,,,True
248,1,-281.89119048831515,-14.242051779722487,0.21551558315277694,0.011535831447064339,0.009410165815894026,False
248,2,-282.5130820050324,-14.863943296439743,0.04773989908214743,0.02108971624370726,0.01587808227591192,False
248,3,-282.6376861727707,-14.988547464178055,0.028900192728328035,0.02897654447019687,0.02630371150676818,False
248,4,-282.7059394364056,-15.056800727812913,0.1353823523981917,0.007366145661919647,0.007269936068170757,False
248,5,-282.60309430954163,-14.953955600948973,0.08405633877634772,0.025903602908623268,0.024838619587481563,False
248,6,-281.99993223796133,-14.350793529368673,0.17348241512779825,0.05236199201057853,0.04099409936850623,False
248,7,-281.5815805621179,-13.932441853525233,0.28454453600901713,0.2415318437094207,0.17761619687589936,False
248,8,-280.79577186716654,-13.146633158573877,0.3470595367406593,0.33284902143325185,0.32271387332415946,False
248,9,-265.73273632791364,1.916402380679017,2.4358236594703486,,,True
249,0,-267.64913870859266,0.0,2.3308643852862914,,,True
249,1,-281.8971395889987,-14.248000880406039,0.20919033627416636,0.011743295740713292,0.010060992432658834,False
249,2,-282.5160068863124,-14.866868177719766,0.046644215871740446,0.021588546804143564,0.016378694776362307,False
249,3,-282.6406614819748,-14.991522773382144,0.029632267815487067,0.02968977088990754,0.025990320630232402,False
249,4,-282.70600036757105,-15.056861658978391,0.13556363914592015,0.007625936027133416,0.0070968473968973725,False
249,5,-282.60495924396577,-14.955820535373107,0.08438565954332483,0.02362178378184071,0.023313941612593772,False
249,6,-282.0022560993373,-14.353117390744615,0.16869520810618926,0.0522723233445746,0.04087066196177946,False
249,7,-281.5832710735176,-13.934132364924949,0.21917658442716753,0.13042368722820932,0.11032776216495173,False
249,8,-280.8420616055007,-13.192922896908044,0.8380815596404357,0.675730976523054,0.6196675546595081,False
249,9,-265.73273632791364,1.916402380679017,2.4358236594703486,,,True
250,0,-267.64913870859266,0.0,2.3308643852862914,,,True
250,1,-281.90278828015613,-14.253649571563471,0.2031317441292609,0.011921774433380702,0.010265925180344377,False
250,2,-282.5187631975588,-14.869624488966167,0.045321235481169606,0.021724818279381143,0.01653246514535171,False
250,3,-282.6434300219519,-14.994291313359213,0.02955023276670121,0.02960431082561802,0.024611890916000207,False
250,4,-282.70606380849694,-15.056925099904277,0.13570171816459548,0.00850679473066937,0.007194280123076049,False
250,5,-282.60650750505806,-14.957368796465403,0.0847309251545534,0.021686279960179817,0.0211448390152749,False
250,6,-282.00473258782847,-14.355593879235812,0.16518182186443686,0.052201336629873564,0.04068145606064181,False
250,7,-281.584006655993,-13.934867947400335,0.2416388192793686,0.19736266498051966,0.14430855915748103,False
250,8,-280.96356382779675,-13.314425119204088,0.7614489765059627,0.6404579197157129,0.5889119846361603,False
250,9,-265.73273632791364,1.916402380679017,2.4358236594703486,,,True
251,0,-267.64913870859266,0.0,2.3308643852862914,,,True
251,1,-281.90747093205323,-14.25833222346057,0.19818913814474898,0.012078651656066216,0.01039048753726529,False
251,2,-282.52102536736015,-14.871886658767494,0.04395249853944511,0.021522554647013248,0.01631464511959934,False
251,3,-282.64567387694785,-14.996535168355194,0.029107691808707065,0.029155605195720673,0.022930650829878003,False
251,4,-282.706126711048,-15.056988002455341,0.13577276395016727,0.009264945869378387,0.00761997954847545,False
251,5,-282.60762869682,-14.958489988227313,0.08494721061457061,0.02095384734635606,0.019374602750795448,False
251,6,-282.00698485411095,-14.357846145518295,0.1627593070615973,0.05208114266032356,0.04044525680150031,False
251,7,-281.58630842765626,-13.937169719063604,0.2406008887970346,0.1554423885908421,0.12092017856887115,False
251,8,-281.1429359344522,-13.493797225859566,0.7140111636767984,0.7507737612499651,0.6884957963403049,False
251,9,-265.73273632791364,1.916402380679017,2.4358236594703486,,,True
252,0,-267.64913870859266,0.0,2.3308643852862914,,,True
252,1,-281.91148521081,-14.262346502217326,0.19403219717327927,0.012203453619669855,0.010679883928844003,False
252,2,-282.5229415218206,-14.87380281322794,0.04259070336467124,0.021117674024193372,0.015888047414699707,False
252,3,-282.6475514205101,-14.998412711917467,0.028574329791563744,0.02860551582001293,0.02125701038909986,False
252,4,-282.70619320105027,-15.05705449245761,0.13578444126516948,0.009906624106647123,0.007959390524365326,False
252,5,-282.60847496162313,-14.959336253030472,0.085104620269292,0.02072327521164898,0.01789798259929695,False
252,6,-282.00906580763865,-14.35992709904599,0.16028882651091636,0.05189225518815501,0.040181595977091006,False
252,7,-281.5888000461224,-13.939661337529742,0.19601369114910427,0.13082585718741127,0.12060737117540617,False
252,8,-281.3215500242038,-13.672411315611157,0.48787387052350156,0.4963878395647679,0.4549520320513059,False
252,9,-265.73273632791364,1.916402380679017,2.4358236594703486,,,True
253,0,-267.64913870859266,0.0,2.3308643852862914,,,True
253,1,-281.915307630327,-14.266168921734334,0.19011884143356927,0.012295999838114217,0.011099577689202663,False
253,2,-282.5247417261014,-14.875603017508752,0.04116474350487739,0.020559923264934846,0.01533769519084277,False
253,3,-282.64929207150493,-15.000153362912272,0.027936882685551834,0.02794456179642776,0.019431499675689315,False
253,4,-282.70627129367415,-15.05713258508149,0.13573845042105145,0.010492544352189794,0.008246316604981017,False
253,5,-282.60918642815363,-14.960047719560976,0.08530295562453435,0.020391173178501993,0.01629801523064958,False
253,6,-282.0111815331328,-14.36204282454014,0.15692602568207617,0.05164691267102382,0.039888574992257446,False
253,7,-281.59023078331336,-13.9410920747207,0.1672621003991849,0.1510782983860191,0.1329483348062434,False
253,8,-281.36208699061655,-13.712948282023888,0.7248041165202053,0.6806216700624262,0.524154092273362,False
253,9,-265.73273632791364,1.916402380679017,2.4358236594703486,,,True
254,0,-267.64913870859266,0.0,2.3308643852862914,,,True
254,1,-281.91723993315713,-14.268101224564475,0.18833453711641732,0.012242360917935182,0.011135351667565498,False
254,2,-282.52557685197587,-14.876438143383211,0.040940897143786584,0.02018465555210841,0.015207204413938705,False
254,3,-282.6500862944843,-15.000947585891652,0.027525744733952917,0.02749125088669687,0.019292687944516357,False
254,4,-282.70637756664075,-15.057238858048095,0.13551976159172743,0.01064451231956786,0.008266945171125714,False
254,5,-282.60934263231854,-14.960203923725885,0.08572730303746616,0.018165161944900945,0.014407625100594927,False
254,6,-282.01254211228576,-14.363403403693098,0.15216419079884932,0.05162192096657336,0.04011065305476398,False
254,7,-281.5916591101728,-13.942520401580168,0.20987307570146335,0.13053566432234243,0.10965741200599924,False
254,8,-281.40329808259855,-13.754159374005894,0.5795592274203522,0.6054950231436854,0.4902401808104968,False
254,9,-265.73273632791364,1.916402380679017,2.4358236594703486,,,True
255,0,-267.64913870859266,0.0,2.3308643852862914,,,True
255,1,-281.9180196114486,-14.268880902855926,0.1876216444280493,0.012227728085832673,0.011193923739334193,False
255,2,-282.5259125167489,-14.876773808156258,0.040808872023799125,0.019989080961438956,0.015043670169922748,False
255,3,-282.6504015707619,-15.001262862169256,0.027139609746733632,0.02710412771856752,0.0188943609783132,False
255,4,-282.7064222433796,-15.057283534786961,0.13546095672692443,0.0107008291018923,0.00827312489898455,False
255,5,-282.6093981196419,-14.960259411049265,0.08575316858992794,0.018179580744549978,0.014522160350810323,False
255,6,-282.0130885852408,-14.363949876648121,0.15234723558677252,0.05166486596310217,0.03992233613467714,False
255,7,-281.5927155284861,-13.943576819893451,0.16194144779094796,0.054859944049317516,0.048521903742445756,False
255,8,-281.45272472704664,-13.803586018453984,0.2496800866180576,0.26463814973274113,0.21152448180678438,False
255,9,-265.73273632791364,1.916402380679017,2.4358236594703486,,,True
256,0,-267.64913870859266,0.0,2.3308643852862914,,,True
256,1,-281.9196432889958,-14.270504580403156,0.18611672026784765,0.012195328206331613,0.011276214932112656,False
256,2,-282.52661083127964,-14.877472122686981,0.040517855164091114,0.019596424312191305,0.014750023428751386,False
256,3,-282.65105393066943,-15.001915222076775,0.026460752535040332,0.02641129227545064,0.018217778741139605,False
256,4,-282.7065151827672,-15.057376474174532,0.13534088382835174,0.010819285861216518,0.008284853331818989,False
256,5,-282.6095081287316,-14.960369420138932,0.08590275610617433,0.017627355708753983,0.014082490186806927,False
256,6,-282.0142326268744,-14.36509391828173,0.15182799367106803,0.05173484754871457,0.03970134994348168,False
256,7,-281.5919446804944,-13.942805971901748,0.17570604400720605,0.1079537900559715,0.09292989241955003,False
256,8,-281.46121018857775,-13.812071479985093,0.4216360580257296,0.4021052652584432,0.31203119594023765,False
256,9,-265.73273632791364,1.916402380679017,2.4358236594703486,,,True
257,0,-267.64913870859266,0.0,2.3308643852862914,,,True
257,1,-281.91983615495917,-14.270697446366512,0.1859339590222784,0.012191306040380092,0.011276530378627523,False
257,2,-282.52669342482557,-14.877554716232908,0.040482394251000066,0.019557160237646223,0.014732034602926825,False
257,3,-282.651130271689,-15.00199156309634,0.026417293067971474,0.026362892949472725,0.018185898901730974,False
257,4,-282.7065266982453,-15.057387989652625,0.13532775662758897,0.010833154630369688,0.00828619386587967,False
257,5,-282.6095196216655,-14.960380913072868,0.08594886833578587,0.017365421582811638,0.013873606042994865,False
257,6,-282.01437025192877,-14.365231543336108,0.15147560790057918,0.05173758800159057,0.039742442824638936,False
257,7,-281.5922440171797,-13.943105308587064,0.16563821232620277,0.08563270845551141,0.07863905598962251,False
257,8,-281.46949528538744,-13.82035657679478,0.3223294581316042,0.30590083945960084,0.2347018393097637,False
257,9,-265.73273632791364,1.916402380679017,2.4358236594703486,,,True
258,0,-267.64913870859266,0.0,2.3308643852862914,,,True
258,1,-281.92022538300034,-14.271086674407684,0.1855654913368649,0.012183272548697898,0.011279924622943981,False
258,2,-282.5268600715997,-14.877721363007026,0.0404095930584065,0.019477045587326502,0.014693411579034194,False
258,3,-282.65128410686486,-15.002145398272205,0.026321088698318593,0.026257466160423525,0.018107492793261362,False
258,4,-282.7065499286115,-15.057411220018821,0.13530146137203797,0.01086108596375219,0.0082888140442445,False
258,5,-282.6095425117568,-14.960403803164127,0.0860373292951118,0.016895812816022433,0.013494478555611082,False
258,6,-282.01464796089937,-14.365509252306708,0.15080560322772738,0.05174291221858348,0.03981521619456675,False
258,7,-281.5925023336612,-13.943363625068514,0.1579342623843079,0.05759846970007333,0.054016407213781995,False
258,8,-281.48070619601185,-13.831567487419193,0.17349251062227095,0.17139181656585428,0.13846628887066892,False
258,9,-265.73273632791364,1.916402380679017,2.4358236594703486,,,True
259,0,-267.64913870859266,0.0,2.3308643852862914,,,True
259,1,-281.92082681472243,-14.271688106129773,0.18499713962073963,0.012171108164140949,0.011291952269736718,False
259,2,-282.5271174635403,-14.877978754947662,0.04029387109984406,0.019350994347169227,0.01462767730301717,False
259,3,-282.6515211783899,-15.002382469797226,0.026150280341407366,0.026074317482882137,0.01795064631561095,False
259,4,-282.7065858137007,-15.057447105108054,0.1352613673690209,0.010904033057030199,0.008292619514974037,False
259,5,-282.6095770950525,-14.960438386459828,0.08616221430233502,0.016307942513707978,0.013015308204019386,False
259,6,-282.0150771279736,-14.365938419380939,0.14987597484517462,0.051750952815814676,0.039901782400528524,False
259,7,-281.5923810097963,-13.943242301203668,0.16483803752268622,0.06200405377596716,0.06136919578447922,False
259,8,-281.48917617573863,-13.840037467145976,0.1489087752855368,0.1488282617976034,0.11136065879787402,False
259,9,-265.73273632791364,1.916402380679017,2.4358236594703486,,,True
260,0,-267.64913870859266,0.0,2.3308643852862914,,,True
260,1,-281.92165358171843,-14.272514873125772,0.18421755100658202,0.012154906366171298,0.01131928024405175,False
260,2,-282.5274710571674,-14.878332348574759,0.04012856452852653,0.019173670969692615,0.014526459804287304,False
260,3,-282.6518457737314,-15.002707065138736,0.02587704627609101,0.025787362839692827,0.017731260316077295,False
260,4,-282.70663514312105,-15.057496434528389,0.1352072863795988,0.010962537677510348,0.008297325009862301,False
260,5,-282.6096231205072,-14.960484411914535,0.08631372565837514,0.015710693598583417,0.01253233467531075,False
260,6,-282.01566762411187,-14.366528915519211,0.14878038454093492,0.05176240434640349,0.03997600799211738,False
260,7,-281.5919341814716,-13.942795472878913,0.17929353995099293,0.08681800757817164,0.08200367894420382,False
260,8,-281.49397312307383,-13.84483441448117,0.1784697456675874,0.19137152844037683,0.14840076709577976,False
260,9,-265.73273632791364,1.916402380679017,2.4358236594703486,,,True
261,0,-267.64913870859266,0.0,2.3308643852862914,,,True
261,1,-281.92267272347465,-14.273534014881989,0.18325798698982765,0.012201022138465389,0.011363531790861768,False
261,2,-282.52790655528685,-14.878767846694188,0.03991543739121375,0.018950012359272506,0.014388474053612,False
261,3,-282.6522438349016,-15.003105126308924,0.025497457909224683,0.025394387777825534,0.017490828712530437,False
261,4,-282.7066959276932,-15.057557219100545,0.13514202122742544,0.011033739406482933,0.00830222643960751,False
261,5,-282.60967756288517,-14.960538854292508,0.08647850869666537,0.015186389041845202,0.0121177163775228,False
261,6,-282.0163970792594,-14.367258370666718,0.1476353228428975,0.05177773865386877,0.040015535078023315,False
261,7,-281.59152174506767,-13.942383036475007,0.1854599924753181,0.09645170491172127,0.08849088129625615,False
261,8,-281.4988377195634,-13.849699010970767,0.2548138326967472,0.26723533552079387,0.21257794117856316,False
261,9,-265.73273632791364,1.916402380679017,2.4358236594703486,,,True
262,0,-267.64913870859266,0.0,2.3308643852862914,,,True
262,1,-281.9238516629508,-14.274712954358165,0.18214848528109318,0.012344786979947378,0.011422111306154033,False
262,2,-282.5284098076497,-14.879271099057064,0.03965682414009018,0.018686115934536982,0.014215518537761797,False
262,3,-282.6527014116883,-15.003562703095668,0.025021864798111377,0.024906344461002924,0.017170685543478573,False
262,4,-282.7067662130264,-15.057627504433754,0.1350681604093783,0.011114717486207244,0.008306588047829131,False
262,5,-282.6097373980549,-14.960598689462245,0.08665058591609003,0.014757430620397681,0.011777787520614976,False
262,6,-282.0172437120408,-14.368105003448136,0.1464978358737153,0.051797473851140106,0.040012113559596885,False
262,7,-281.59128873431314,-13.94215002572048,0.17879775791693986,0.08499964113896755,0.08060836849654969,False
262,8,-281.50736089842144,-13.85822218982878,0.26511402021342234,0.2765064778557689,0.22088195356165052,False
262,9,-265.73273632791364,1.916402380679017,2.4358236594703486,,,True
263,0,-267.64913870859266,0.0,2.3308643852862914,,,True
263,1,-281.9251769393989,-14.27603823080625,0.18090059368943437,0.012511307648472388,0.011490703128253801,False
263,2,-282.5289747833767,-14.879836074784066,0.03935179189195476,0.018385159700064064,0.01400932484650863,False
263,3,-282.65321189071864,-15.004073182125978,0.024464863392670406,0.024337393583013435,0.016774434898716554,False
263,4,-282.7068452458559,-15.057706537263243,0.13498693621186342,0.011203697074093784,0.008309724734326382,False
263,5,-282.609800496165,-14.960661787572349,0.08683249382406383,0.014394377279067005,0.011469840042189192,False
263,6,-282.01819961013445,-14.369060901541786,0.14536151262626948,0.05182281884162885,0.039969901518436796,False
263,7,-281.5910390932265,-13.941900384633868,0.16632108461080894,0.06242293353779713,0.06210627774761389,False
263,8,-281.5196706576304,-13.87053194903774,0.21011476486592065,0.21979514438018383,0.17438426270895185,False
263,9,-265.73273632791364,1.916402380679017,2.4358236594703486,,,True
264,0,-267.64913870859266,0.0,2.3308643852862914,,,True
264,1,-281.92682633736723,-14.277687628774572,0.17934493101857732,0.012725419873181572,0.011573170025676207,False
264,2,-282.5296767015557,-14.880537992963013,0.038953023006654645,0.018007946432419528,0.013742894576010254,False
264,3,-282.65384109383615,-15.00470238524349,0.02377006373488261,0.023628427128200406,0.016249486474795148,False
264,4,-282.70694379131646,-15.057805082723803,0.13488809064233295,0.011310866295482872,0.0083108670196438,False
264,5,-282.60987257909335,-14.96073387050069,0.08705763207658862,0.013968051304896237,0.01108018602091467,False
264,6,-282.0193962376562,-14.370257529063565,0.14403072236310552,0.05186039671410697,0.03989587335742862,False
264,7,-281.5904275772076,-13.941288868614947,0.15905120340079554,0.05339627400304328,0.03820900993502439,False
264,8,-281.53376492213283,-13.884626213540173,0.08837510981089872,0.09607062317557337,0.06686597133202539,False
264,9,-265.73273632791364,1.916402380679017,2.4358236594703486,,,True
265,0,-267.64913870859266,0.0,2.3308643852862914,,,True
265,1,-281.92893146883887,-14.27979276024621,0.17735286056639232,0.0130091305835527,0.011668638191842084,False
265,2,-282.53057036747094,-14.881431658878284,0.03841754810449124,0.017528853144620084,0.013400378047029145,False
265,3,-282.654633740651,-15.00549503205832,0.022921069581141068,0.022759535352230804,0.016142562187638623,False
265,4,-282.7070700749845,-15.057931366391813,0.13476462770500694,0.011441036368342957,0.008307626195589932,False
265,5,-282.60995385261083,-14.96081514401817,0.08736522246613543,0.013253718340691155,0.010456059878053462,False
265,6,-282.0209359255208,-14.371797216928144,0.14226990351443242,0.05191940828511055,0.03982485618833405,False
265,7,-281.58935889736034,-13.940220188767682,0.16158623325860738,0.0660251411858127,0.0536803493223285,False
265,8,-281.5442086716177,-13.895069963025037,0.12764446265351168,0.12206612517466683,0.08878336353659519,False
265,9,-265.73273632791364,1.916402380679017,2.4358236594703486,,,True
266,0,-267.64913870859266,0.0,2.3308643852862914,,,True
266,1,-281.9315654707075,-14.282426762114824,0.17484684541662132,0.013380642234227108,0.011782504248521716,False
266,2,-282.5316852605653,-14.882546551972666,0.037713083539594607,0.016939271980438313,0.01298351569285811,False
266,3,-282.65560952645217,-15.006470817859508,0.02192793498196878,0.021739174885926933,0.01624481806916671,False
266,4,-282.7072283925489,-15.058089683956268,0.1346125210093455,0.011593457363022074,0.008295795935813099,False
266,5,-282.610039813861,-14.960901105268363,0.08779117432449028,0.012113617776698818,0.009531885811697375,False
266,6,-282.02288267073465,-14.373743962141987,0.13981455237365215,0.05200350732560691,0.039810233908437284,False
266,7,-281.58814232217003,-13.93900361357737,0.16247630358679488,0.05945716017228643,0.04671058926058614,False
266,8,-281.55197710192203,-13.902838393329375,0.24398532556625183,0.23915269505183687,0.17731474451456322,False
266,9,-265.73273632791364,1.916402380679017,2.4358236594703486,,,True
267,0,-267.64913870859266,0.0,2.3308643852862914,,,True
267,1,-281.9347419418291,-14.28560323323643,0.17180669017498898,0.013854582685690833,0.011930006499131314,False
267,2,-282.5330252832848,-14.883886574692156,0.03682386869574598,0.01624608173132023,0.01250469225571926,False
267,3,-282.6567634592778,-15.007624750685125,0.02097272580609118,0.020591366706863914,0.01644198759035881,False
267,4,-282.70741881891934,-15.058280110326677,0.13443069472356448,0.011761745661132096,0.008269455735057989,False
267,5,-282.61012218044175,-14.96098347184909,0.08834477066771494,0.010746731469312359,0.008452939413438965,False
267,6,-282.02525966297844,-14.376120954385783,0.13655195162899408,0.0521078852728391,0.03987463688945935,False
267,7,-281.58658864058395,-13.937449931991296,0.16804022541232772,0.04931631613543419,0.0456814249258244,False
267,8,-281.56431232361695,-13.915173615024287,0.17740686163728037,0.17729843330789533,0.13128749111514998,False
267,9,-265.73273632791364,1.916402380679017,2.4358236594703486,,,True
268,0,-267.64913870859266,0.0,2.3308643852862914,,,True
268,1,-281.93858766183973,-14.289448953247074,0.16811434455700824,0.014468345328934963,0.012131107533661768,False
268,2,-282.5346406347178,-14.88550192612513,0.03617989091404212,0.015440197821966687,0.011958485310601613,False
268,3,-282.6581259769242,-15.008987268331566,0.021188098470862077,0.019343575729574704,0.016700467599526665,False
268,4,-282.70764882111536,-15.058510112522697,0.13421117220002257,0.011939952273507097,0.008219217062997795,False
268,5,-282.6101897810246,-14.961051072431928,0.08903843485551352,0.00955025987990392,0.0074635109145043755,False
268,6,-282.02818040339025,-14.379041694797593,0.1323951928662547,0.052237673676033027,0.04003690689362732,False
268,7,-281.5842995313413,-13.935160822748628,0.1838851842060375,0.06767777842204777,0.06587097366167385,False
268,8,-281.57677589278586,-13.927637184193202,0.11216947779914373,0.11374078671763721,0.08826439160209835,False
268,9,-265.73273632791364,1.916402380679017,2.4358236594703486,,,True
269,0,-267.64913870859266,0.0,2.3308643852862914,,,True
269,1,-281.94329459265276,-14.294155884060103,0.16360246695194416,0.015284365264003428,0.012391899620590233,False
269,2,-282.53660678174833,-14.887468073155674,0.035476916398140594,0.014510546928561444,0.011325223235481484,False
269,3,-282.6597417594696,-15.010603050876966,0.021448630428085206,0.018152287898072595,0.016975850239701037,False
269,4,-282.7079295904174,-15.058790881824734,0.13394281648244002,0.012117436541542848,0.008296184142034696,False
269,5,-282.6102226908341,-14.961083982241462,0.08988005507055787,0.008837319484886823,0.006716114447808345,False
269,6,-282.0318202622765,-14.382681553683824,0.12741088151506663,0.05241277350030934,0.04026453428517353,False
269,7,-281.5816670431122,-13.932528334519532,0.182712049170774,0.05392971819125852,0.05391986734212635,False
269,8,-281.5852111836423,-13.936072475049627,0.21773210117460035,0.20324846110276426,0.162617628360393,False
269,9,-265.73273632791364,1.916402380679017,2.4358236594703486,,,True
270,0,-267.64913870859266,0.0,2.3308643852862914,,,True
270,1,-281.94884491725804,-14.299706208665384,0.1582825325339424,0.016350745986384075,0.012696316729426413,False
270,2,-282.5389118766291,-14.889773168036413,0.03464554224581315,0.013504456905242709,0.010638930101071706,False
270,3,-282.6615807391176,-15.012442030524937,0.021750353518376765,0.01751532219563394,0.017299796659846635,False
270,4,-282.7082554002859,-15.059116691693248,0.1336312124133209,0.01227409701191863,0.008472847295021632,False
270,5,-282.61019645726276,-14.9610577486701,0.09087711787224577,0.008014767417970223,0.00614292687589396,False
270,6,-282.03620393662266,-14.387065228029996,0.12179099407416269,0.05263423597760271,0.04040345498761105,False
270,7,-281.57836746041534,-13.929228751822677,0.17980812441290953,0.050787591360892434,0.04326133672003697,False
270,8,-281.60243293039434,-13.953294221801684,0.1460898094066655,0.13522332698627032,0.10339033014267604,False
270,9,-265.73273632791364,1.916402380679017,2.4358236594703486,,,True
271,0,-267.64913870859266,0.0,2.3308643852862914,,,True
271,1,-281.9554141380946,-14.306275429501966,0.15199802030381496,0.017773106910410612,0.013045439272161044,False
271,2,-282.54162147880425,-14.892482770211586,0.03365005959848941,0.012471891757829515,0.009936323914815089,False
271,3,-282.66367200318587,-15.014533294593207,0.0220970832217977,0.017942725761066303,0.017634958821339367,False
271,4,-282.708632279245,-15.059493570652364,0.13327717516888388,0.012390280914799916,0.008614149907666246,False
271,5,-282.6100681715923,-14.960929462999616,0.09213637574929914,0.007950017490007039,0.006507923623197752,False
271,6,-282.04151974937474,-14.392381040782084,0.11529262860432075,0.052972446824374575,0.040532520418787944,False
271,7,-281.5743843140375,-13.925245605444843,0.18632262910382677,0.055331621077649905,0.0523900604863058,False
271,8,-281.62265498222183,-13.973516273629173,0.18108286760699757,0.1823782937939816,0.13821258935096203,False
271,9,-265.73273632791364,1.916402380679017,2.4358236594703486,,,True
272,0,-267.64913870859266,0.0,2.3308643852862914,,,True
272,1,-281.963100735109,-14.313962026516322,0.1446757170691673,0.01968929588267188,0.013600100862218167,False
272,2,-282.54476875533135,-14.895630046738688,0.03246926139126285,0.011528898349051481,0.009338959063030528,False
272,3,-282.66602358552007,-15.016884876927406,0.022490058391476178,0.01944126062626503,0.01766003152239073,False
272,4,-282.7090553091292,-15.059916600536553,0.13290237894423879,0.01245150802058192,0.008698454835192847,False
272,5,-282.6097804197817,-14.960641711189055,0.09375059851545688,0.008691751988581799,0.006979492468567494,False
272,6,-282.04789992305666,-14.398761214464002,0.10757152730565382,0.053536128505772454,0.04087608592443528,False
272,7,-281.5698823909008,-13.920743682308114,0.2030533428107166,0.049681057622195504,0.03877533560823693,False
272,8,-281.65298509211664,-14.003846383523978,0.22482631228524094,0.20348966486677222,0.147258204370352,False
272,9,-265.73273632791364,1.916402380679017,2.4358236594703486,,,True
273,0,-267.64913870859266,0.0,2.3308643852862914,,,True
273,1,-281.9715578922083,-14.322419183615636,0.13675970589622138,0.022170390257576715,0.015383199445657218,False
273,2,-282.5482032116418,-14.899064503049146,0.031170085819843867,0.010841213386059555,0.008976025830572595,False
273,3,-282.66852455000867,-15.01938584141601,0.022914049222813447,0.02113955520149245,0.01684459231898504,False
273,4,-282.70949173510996,-15.060353026517305,0.13257635945233537,0.012461218816333743,0.008718909544841776,False
273,5,-282.60927784754654,-14.960139138953878,0.0956171149788986,0.009606022025926517,0.007557858445543289,False
273,6,-282.0550962766332,-14.405957568040549,0.09919783318676477,0.05464737166470161,0.041679128468030825,False
273,7,-281.5654050990402,-13.91626639044756,0.2076774811254206,0.05308089226893285,0.03880237923231761,False
273,8,-281.69456445838233,-14.045425749789672,0.25581616531066875,0.21386137440050057,0.15377958180336643,False
273,9,-265.73273632791364,1.916402380679017,2.4358236594703486,,,True
274,0,-267.64913870859266,0.0,2.3308643852862914,,,True
274,1,-281.9795869513565,-14.33044824276385,0.12949926201818,0.02497220140139904,0.01738555302608736,False
274,2,-282.5514319126729,-14.902293204080252,0.02995602214028318,0.010485197946353445,0.008841877267801954,False
274,3,-282.67084340645755,-15.021704697864891,0.023326434045162332,0.021874587594426436,0.015252889121589385,False
274,4,-282.7098719828182,-15.060733274225527,0.13240103361138936,0.012448630333173507,0.009164496817520571,False
274,5,-282.6085966447639,-14.959457936171248,0.09744336122775112,0.010570982781655771,0.008168125916121814,False
274,6,-282.0620962605516,-14.412957551958925,0.09194710505592303,0.05667809507909841,0.04295228305141331,False
274,7,-281.5621016277197,-13.91296291912704,0.19541695811140683,0.07436757564435052,0.06841252500408425,False
274,8,-281.7449517732441,-14.095813064651452,0.21180954261627544,0.16095595125215184,0.11320548216801196,False
274,9,-265.73273632791364,1.916402380679017,2.4358236594703486,,,True
275,0,-267.64913870859266,0.0,2.3308643852862914,,,True
275,1,-281.98718672608743,-14.33804801749477,0.12296891211236329,0.028135395149298935,0.019638998399184465,False
275,2,-282.5544461145995,-14.905307406006841,0.02939093855562343,0.010349964883039697,0.008828070457970499,False
275,3,-282.67299858171657,-15.02385987312391,0.023755698669368358,0.021195472852054108,0.01467086497212476,False
275,4,-282.71019772604774,-15.06105901745508,0.13241544820631657,0.012433754268945548,0.009752400428671482,False
275,5,-282.6077337644616,-14.958595055868955,0.09930272927977093,0.01157962045476733,0.008808466135606258,False
275,6,-282.06890359650356,-14.419764887910901,0.08609965163414114,0.06006507669950663,0.04516910219956158,False
275,7,-281.5604171446549,-13.911278436062219,0.18743313366392372,0.07301221762143427,0.06039180127151371,False
275,8,-281.7760205952276,-14.12688188663492,0.12659845514550638,0.14229764742010362,0.12539636378315563,False
275,9,-265.73273632791364,1.916402380679017,2.4358236594703486,,,True
276,0,-267.64913870859266,0.0,2.3308643852862914,,,True
276,1,-281.9953421145133,-14.346203405920619,0.11642448622066336,0.032239707622420476,0.022488605376316143,False
276,2,-282.5576186858025,-14.908479977209822,0.028990654234426507,0.01040430724463666,0.008964599382374594,False
276,3,-282.67525202498877,-15.026113316396106,0.024298356611898254,0.01914964098760601,0.013393245620361326,False
276,4,-282.7105014233538,-15.061362714761117,0.1326629580104823,0.012411412576566696,0.01048697541457975,False
276,5,-282.60655638570745,-14.95741767711479,0.10142843434369998,0.01279752807108765,0.009585844818604788,False
276,6,-282.07648242581297,-14.42734371722031,0.08094895562704821,0.06593327913557376,0.04890384954526137,False
276,7,-281.5600843978035,-13.910945689210848,0.18246081498377867,0.05711519409684844,0.0489447854468621,False
276,8,-281.77207870754853,-14.122939998955871,0.42317132004996033,0.42594154020361763,0.3824435127340011,False
276,9,-265.73273632791364,1.916402380679017,2.4358236594703486,,,True
277,0,-267.64913870859266,0.0,2.3308643852862914,,,True
277,1,-281.9957791305236,-14.346640421930942,0.11628690135796531,0.03256135903072075,0.02286153089193653,False
277,2,-282.55776539679846,-14.9086266882058,0.029005292490471152,0.0103664663181863,0.008903805923131305,False
277,3,-282.675357170696,-15.026218462103316,0.024367474733426646,0.018675529336792795,0.013102323759812726,False
277,4,-282.7105218101185,-15.061383101525848,0.13274532991398036,0.012394081082552081,0.010518988849541205,False
277,5,-282.6064313595988,-14.957292651006128,0.10156760127658743,0.012841923398130978,0.009610693173039388,False
277,6,-282.0769010683229,-14.427762359730252,0.08098153028977079,0.06662572450481774,0.05020343584194686,False
277,7,-281.56069039965803,-13.91155169106537,0.17405524870557562,0.06275649812327361,0.046578506459740064,False
277,8,-281.7888956082485,-14.139756899655822,0.25285688055771,0.26157800523962005,0.23386027465505743,False
277,9,-265.73273632791364,1.916402380679017,2.4358236594703486,,,True
278,0,-267.64913870859266,0.0,2.3308643852862914,,,True
278,1,-281.99667326642856,-14.3475345578359,0.11598513829945054,0.03323783941774738,0.023537137815364848,False
278,2,-282.5580641454126,-14.908925436819914,0.029032703157057194,0.010304354541194069,0.008804483670392086,False
278,3,-282.6755690210616,-15.02643031246896,0.024509659805596103,0.017767592671590175,0.012418385675133686,False
278,4,-282.710562326135,-15.061423617542346,0.13291882683834755,0.012374195036623592,0.010588936913203192,False
278,5,-282.6061745226558,-14.957035814063147,0.10185430670958383,0.012941772999861103,0.009669877095097337,False
278,6,-282.0777629205188,-14.428624211926149,0.08108416477105448,0.06812043418064788,0.05231702574061182,False
278,7,-281.56179391730905,-13.912655208716387,0.16565735613514757,0.07563210736532706,0.0602648623037878,False
278,8,-281.8038125018094,-14.154673793216716,0.14006626028698865,0.13866880961702902,0.11953299454480544,False
278,9,-265.73273632791364,1.916402380679017,2.4358236594703486,,,True
279,0,-267.64913870859266,0.0,2.3308643852862914,,,True
279,1,-281.9980845559145,-14.34894584732183,0.1154720449801751,0.03434812917000051,0.024421672362490054,False
279,2,-282.5585315229874,-14.909392814394721,0.029070108530588463,0.010238440569729826,0.008703148117272488,False
279,3,-282.6758946304172,-15.026755921824531,0.024736304006234063,0.016481749256216552,0.011199515549410925,False
279,4,-282.7106229184767,-15.061484209884043,0.13320385547814387,0.01237252264961611,0.010710067943873525,False
279,5,-282.6057663035547,-14.956627594962015,0.10231141738770685,0.013124015274054705,0.009784254996949314,False
279,6,-282.0791416110295,-14.430002902436854,0.08133115724023325,0.07054331207020835,0.05449069154455264,False
279,7,-281.56356672629255,-13.91442801769989,0.16025736498881105,0.07800653948915713,0.06340399691365382,False
279,8,-281.8080505295821,-14.158911820989431,0.1474769982115119,0.12251783873084736,0.11415388365304571,False
279,9,-265.73273632791364,1.916402380679017,2.4358236594703486,,,True
280,0,-267.64913870859266,0.0,2.3308643852862914,,,True
280,1,-281.9999888288395,-14.350850120246832,0.11476206871693469,0.03592596292006815,0.02546197418397707,False
280,2,-282.55915371228775,-14.910015003695094,0.02911386967820259,0.010181418189180889,0.008624815678171274,False
280,3,-282.67631811956613,-15.027179410973474,0.025045969269044625,0.014959200600936692,0.010169660495519232,False
280,4,-282.7106981804921,-15.061559471899443,0.13360061735218984,0.012387557983568873,0.010889179658549453,False
280,5,-282.60521052268075,-14.95607181408809,0.10293236034859725,0.013413950412010205,0.00997100846329604,False
280,6,-282.0810436741069,-14.431904965514263,0.08175366840886383,0.07390881178428224,0.056367949518957114,False
280,7,-281.5659823870899,-13.91684367849723,0.15694492538031193,0.06568343841961136,0.0486126682515878,False
280,8,-281.80694012055596,-14.157801411963305,0.23135302943829741,0.19606075644925933,0.1767788113596997,False
280,9,-265.73273632791364,1.916402380679017,2.4358236594703486,,,True
281,0,-267.64913870859266,0.0,2.3308643852862914,,,True
281,1,-282.00232956860657,-14.35319086001391,0.11391145471892641,0.03799881190061375,0.026746190362172483,False
281,2,-282.559904475379,-14.91076576678637,0.029163065999397247,0.010125503077376589,0.00855809829367462,False
281,3,-282.6768158123244,-15.027677103731719,0.02543163783843791,0.013315373855317562,0.009736967252812295,False
281,4,-282.71078055423584,-15.06164184564318,0.13409490165400334,0.012390652236345228,0.011127537413708699,False
281,5,-282.604520705935,-14.955381997342329,0.1036948906145494,0.013831670725547862,0.010240578951624162,False
281,6,-282.08345669576875,-14.434317987176087,0.08228233622237117,0.07833256902669705,0.05848575947305601,False
281,7,-281.56872784051836,-13.919589131925704,0.1560547543148588,0.0560945800712691,0.04673402646830688,False
281,8,-281.8064365321528,-14.157297823560157,0.24649765431240564,0.19897562501369817,0.17525438900244766,False
281,9,-265.73273632791364,1.916402380679017,2.4358236594703486,,,True
282,0,-267.64913870859266,0.0,2.3308643852862914,,,True
282,1,-282.00506740978847,-14.355928701195808,0.11296592027394825,0.040620707542077326,0.028434356539166095,False
282,2,-282.56076146452835,-14.911622755935696,0.029219175889276226,0.010053789339942635,0.008474730215066069,False
282,3,-282.67736859100415,-15.028229882411495,0.025888191557567684,0.011619700771992068,0.009258820802199058,False
282,4,-282.7108627916562,-15.061724083063552,0.13467166866289568,0.012353286914234629,0.011426313901776036,False
282,5,-282.6037063915152,-14.954567682922516,0.1045778140781705,0.014394295566418174,0.01060230717029914,False
282,6,-282.0864012403622,-14.437262531769534,0.08276910928841173,0.08400458368818457,0.061715028763935025,False
282,7,-281.57173855605674,-13.922599847464085,0.14989403364020745,0.05290880666462645,0.045898207594522594,False
282,8,-281.81000067158345,-14.160861962990793,0.22163645355482073,0.17398961461182078,0.13589668870246,False
282,9,-265.73273632791364,1.916402380679017,2.4358236594703486,,,True
283,0,-267.64913870859266,0.0,2.3308643852862914,,,True
283,1,-282.0081973737741,-14.359058665181465,0.1119431807379839,0.04388927434490494,0.030663953477939168,False
283,2,-282.5617106298961,-14.912571921303424,0.029285066236136595,0.009954093191367717,0.008355825923665116,False
283,3,-282.6779646304552,-15.028825921862563,0.02641486903449904,0.009974870440739036,0.008747869281116427,False
283,4,-282.71093827668983,-15.061799568097172,0.1353226628421584,0.012368037414561687,0.011789875659116829,False
283,5,-282.60276837493615,-14.953629666343488,0.10556703662690052,0.015119236962314226,0.011069853738356443,False
283,6,-282.0899587313835,-14.440820022790831,0.0830413784720264,0.09117997472028375,0.06662577966931406,False
283,7,-281.5749845496251,-13.92584584103247,0.135894028499823,0.05222685421079073,0.04022996842593095,False
283,8,-281.81787818016596,-14.168739471573303,0.18083855142370742,0.15600183178176774,0.1333908026060465,False
283,9,-265.73273632791364,1.916402380679017,2.4358236594703486,,,True
284,0,-267.64913870859266,0.0,2.3308643852862914,,,True
284,1,-282.0121803758989,-14.36304166730622,0.11072364641896101,0.04847793691245351,0.03387228983056049,False
284,2,-282.5628661692325,-14.913727460639848,0.029374845266451545,0.009809295979038872,0.008187032592389697,False
284,3,-282.67867124958406,-15.029532540991397,0.027087391672338958,0.008404614194603702,0.008160119256919259,False
284,4,-282.7110061937669,-15.061867485174218,0.1361346294205183,0.012831434419956038,0.012280377499168032,False
284,5,-282.6015694137984,-14.952430705205757,0.10678351259875114,0.016142375273024562,0.011739156311590983,False
284,6,-282.09484032878555,-14.445701620192892,0.08418132660248258,0.10141101176591778,0.07408003608693738,False
284,7,-281.5787427152848,-13.92960400669216,0.12142616616027059,0.05728683792049796,0.045742105756833136,False
284,8,-281.8272842554699,-14.17814554687726,0.14044456770925978,0.0961033491313236,0.08215300734344856,False
284,9,-265.73273632791364,1.916402380679017,2.4358236594703486,,,True
285,0,-267.64913870859266,0.0,2.3308643852862914,,,True
285,1,-282.01737751865795,-14.368238810065293,0.10930575315081922,0.0551652631053739,0.03838497754068349,False
285,2,-282.5642779633429,-14.915139254750216,0.02950581652976036,0.009622528350410683,0.00799972412103386,False
285,3,-282.67951220818975,-15.03037349959709,0.027955548307386047,0.007774127883966946,0.007502714139128875,False
285,4,-282.7110505958375,-15.061911887244833,0.13716399106777222,0.01346961827065598,0.012953034478165239,False
285,5,-282.6000108472849,-14.950872138692262,0.10828125299483173,0.017599341114468772,0.012713203044101944,False
285,6,-282.10192923791533,-14.45279052932267,0.10072069251099983,0.11654554501379619,0.08411245652683406,False
285,7,-281.58327427768927,-13.934135569096611,0.11264635028662594,0.050888660881672335,0.03921850748296385,False
285,8,-281.83271516176546,-14.183576453172805,0.13786985437127855,0.13937805570109962,0.10642373871333946,False
285,9,-265.73273632791364,1.916402380679017,2.4358236594703486,,,True
286,0,-267.64913870859266,0.0,2.3308643852862914,,,True
286,1,-282.02427841437145,-14.375139705778793,0.10782915959634966,0.06512186132551046,0.04471382468205128,False
286,2,-282.56597832077125,-14.916839612178592,0.029705916897758006,0.009396953549541481,0.007834353404376078,False
286,3,-282.6805001636851,-15.031361455092451,0.029063612682028787,0.007726497953414612,0.006792830724782747,False
286,4,-282.7110445145596,-15.061905805966944,0.1384654294090942,0.014345795202290944,0.013868764668430986,False
286,5,-282.59798708575414,-14.948848377161482,0.11009444687424477,0.019662514290483886,0.0141113188602475,False
286,6,-282.11281893961,-14.46368023101735,0.1256800017011759,0.13951266817747154,0.09726609070128123,False
286,7,-281.5886074889373,-13.939468780344669,0.11091018151802237,0.04024378030761956,0.03505724740432893,False
286,8,-281.83558141432,-14.186442705727359,0.1448453675434183,0.16041029987110206,0.13883115249351408,False
286,9,-265.73273632791364,1.916402380679017,2.4358236594703486,,,True
287,0,-267.64913870859266,0.0,2.3308643852862914,,,True
287,1,-282.0336692758135,-14.38453056722085,0.1192592026592922,0.08015433186161706,0.054120139882772096,False
287,2,-282.5679794446344,-14.918840736041716,0.030018914861955657,0.009084408532298823,0.007635169975608187,False
287,3,-282.681635839397,-15.032497130804359,0.030447684722807657,0.008528993361824251,0.006432606532068819,False
287,4,-282.7109491458941,-15.06181043730146,0.14008470299190087,0.015519413987080061,0.015094013406890013,False
287,5,-282.59538206486684,-14.94624335627418,0.11225003875134668,0.02253875981046598,0.016063519796128915,False
287,6,-282.13065020596116,-14.481511497368501,0.16326963386860963,0.174393915351248,0.11656443797973864,False
287,7,-281.5947972967616,-13.945658588168953,0.09651076831291464,0.03644352119424425,0.029512331542044627,False
287,8,-281.8438900073787,-14.19475129878606,0.11398415679728213,0.11116367811427548,0.09748759138454875,False
287,9,-265.73273632791364,1.916402380679017,2.4358236594703486,,,True
288,0,-267.64913870859266,0.0,2.3308643852862914,,,True
288,1,-282.0464046438058,-14.397265935213113,0.1448066694977069,0.10193435296898727,0.06813097701539265,False
288,2,-282.5701588295791,-14.92102012098644,0.030492107141198887,0.008595551352147245,0.007266388562923514,False
288,3,-282.6828459257594,-15.03370721716675,0.03205896798840951,0.00927702245509639,0.0071971553843889,False
288,4,-282.71072288845016,-15.061584179857505,0.14197402712976204,0.016988966471611664,0.01663270524548729,False
288,5,-282.5922046109981,-14.943065902405465,0.11468026934271452,0.026254889748570355,0.018605136621998284,False
288,6,-282.16023074675286,-14.5110920381602,0.21017257458006366,0.21812177483488665,0.15047873998235492,False
288,7,-281.60145817087823,-13.952319462285573,0.0780384314215131,0.0427556839986919,0.037795034449093205,False
288,8,-281.8524774623271,-14.203338753734442,0.11881632181343181,0.0948130275497482,0.08378977835557645,False
288,9,-265.73273632791364,1.916402380679017,2.4358236594703486,,,True
289,0,-267.64913870859266,0.0,2.3308643852862914,,,True
289,1,-282.06173023681237,-14.412591528219707,0.17557914737165323,0.12765950153871516,0.0862187444218005,False
289,2,-282.57209899984286,-14.922960291250206,0.031079093309778327,0.007976180855944946,0.006771534193394011,False
289,3,-282.6839048132655,-15.034766104672826,0.033605698790113304,0.009864144672576859,0.007838046034772405,False
289,4,-282.71039036827375,-15.06125165968109,0.1438051973423172,0.01854042202067623,0.018246898426453457,False
289,5,-282.58894445209285,-14.939805743500187,0.11702360051089696,0.030114765486149435,0.021323981408590955,False
289,6,-282.2007488012438,-14.551610092651117,0.23858317059468406,0.24377449990043418,0.16766943300607956,False
289,7,-281.6075540970162,-13.958415388423532,0.07113481194254577,0.03303120175543506,0.025039505388097214,False
289,8,-281.8570655775016,-14.207926868908942,0.15160952093695745,0.14092153457025364,0.10689248618203534,False
289,9,-265.73273632791364,1.916402380679017,2.4358236594703486,,,True
290,0,-267.64913870859266,0.0,2.3308643852862914,,,True
290,1,-282.0803995807831,-14.431260872190421,0.20941507934383197,0.15472529501610213,0.10567030251398345,False
290,2,-282.5737468856489,-14.924608177056257,0.03174904624752969,0.008589405388719886,0.006907422390230292,False
290,3,-282.6847955979905,-15.035656889397842,0.035036565592409724,0.010334108243261201,0.008378304921872302,False
290,4,-282.7099825540042,-15.060843845411569,0.14550669782787803,0.02026956646975442,0.020027346736399367,False
290,5,-282.58566564218745,-14.936526933594791,0.11929378308642613,0.0337811737677902,0.023982285608648887,False
290,6,-282.2463242970922,-14.597185588499542,0.2006595901010266,0.2038562199004047,0.13167898496004624,False
290,7,-281.61286116282326,-13.963722454230606,0.0645544298085024,0.03256251165776131,0.02854556271626428,False
290,8,-281.86590391018257,-14.216765201589908,0.13156675076511262,0.10178840946405973,0.07961523161069592,False
290,9,-265.73273632791364,1.916402380679017,2.4358236594703486,,,True
291,0,-267.64913870859266,0.0,2.3308643852862914,,,True
291,1,-282.1038352204824,-14.454696511889722,0.242438917705866,0.17886717701020857,0.12202777150904585,False
291,2,-282.57512290590273,-14.925984197310072,0.032975493199418955,0.009766104148342879,0.008010286739552227,False
291,3,-282.68554095175443,-15.036402243161774,0.03636824278341276,0.01073491170547702,0.008852652471842266,False
291,4,-282.70951881849,-15.060380109897324,0.14707463575296847,0.02226830255816167,0.022068142016698482,False
291,5,-282.5822883193515,-14.933149610758846,0.12161069526047591,0.03685924745803651,0.026203351437083862,False
291,6,-282.27710159804076,-14.6279628894481,0.12677002217038277,0.13546378588004862,0.12591742309194057,False
291,7,-281.61758193775154,-13.96844322915888,0.05089180809373741,0.02914037312060383,0.02713317578072836,False
291,8,-281.8749138722506,-14.225775163657943,0.13203561056546217,0.07644764156953948,0.04954011084144195,False
291,9,-265.73273632791364,1.916402380679017,2.4358236594703486,,,True
292,0,-267.64913870859266,0.0,2.3308643852862914,,,True
292,1,-282.1356800894662,-14.486541380873518,0.2654207236341564,0.19014680003649562,0.13271034892761416,False
292,2,-282.5763373148672,-14.927198606274544,0.03453691620267831,0.011098558945836947,0.009243900855130662,False
292,3,-282.6862126361893,-15.037073927596623,0.037725001421861006,0.011138384592603585,0.009327491283919461,False
292,4,-282.7089734234896,-15.059834714896965,0.1486333912545867,0.024702942650522215,0.024531687503918993,False
292,5,-282.57841066196113,-14.92927195336847,0.1242779910514292,0.03863269301995424,0.02727612218133399,False
292,6,-282.27637414738956,-14.627235438796902,0.33812469220971114,0.34041723918064304,0.30622228710949195,False
292,7,-281.6221982296196,-13.973059521026926,0.04481333796493704,0.028169455502638857,0.02586317328851873,False
292,8,-281.8811859050586,-14.232047196465942,0.12784181953471727,0.10115969769154098,0.09040784418091267,False
292,9,-265.73273632791364,1.916402380679017,2.4358236594703486,,,True
293,0,-267.64913870859266,0.0,2.3308643852862914,,,True
293,1,-282.1754057312103,-14.526267022617617,0.23888974789657685,0.15316573630173017,0.12057316359870705,False
293,2,-282.57741343630886,-14.9282747277162,0.03649551773338342,0.012751002759171326,0.010949192556088137,False
293,3,-282.68683548831973,-15.03769677972707,0.039154295014983985,0.011587732815026673,0.009835454188178857,False
293,4,-282.70834840326745,-15.059209694674792,0.15021200635456206,0.027733572812482333,0.02757415849098155,False
293,5,-282.57379650509506,-14.924657796502402,0.127367005375822,0.0383510926044359,0.027722184091085303,False
293,6,-282.2827005335812,-14.633561824988533,0.33818990301681445,0.3405705667663719,0.30414808047248715,False
293,7,-281.6268494999278,-13.977710791335141,0.04342455295219004,0.024166840026065978,0.021365508309143237,False
293,8,-281.8876193047357,-14.238480596143063,0.11840981878792348,0.09669204125972691,0.08469880444359745,False
293,9,-265.73273632791364,1.916402380679017,2.4358236594703486,,,True
294,0,-267.64913870859266,0.0,2.3308643852862914,,,True
294,1,-282.20685883963193,-14.557720131039275,0.1307978055707968,0.1286999973550626,0.11561631507205206,False
294,2,-282.5782216235644,-14.92908291497173,0.03878663878962855,0.016050350243050508,0.013473456021079869,False
294,3,-282.68735647221996,-15.038217763627301,0.040547050280855354,0.012078120212406224,0.010362791420188547,False
294,4,-282.70772137052893,-15.05858266193627,0.1516244618720266,0.031214149838505185,0.031074013554711767,False
294,5,-282.5687585183658,-14.919619809773167,0.13050220843007676,0.03660211212041446,0.02757561816884515,False
294,6,-282.3029778466388,-14.653839138046123,0.1887960000599529,0.18985237082040246,0.1577875074033616,False
294,7,-281.63112983185385,-13.981991123261196,0.03878215215148327,0.023812228441846113,0.02062410934621707,False
294,8,-281.8941156476234,-14.244976939030721,0.10463324809358782,0.046567232876177214,0.04022459605436875,False
294,9,-265.73273632791364,1.916402380679017,2.4358236594703486,,,True
295,0,-267.64913870859266,0.0,2.3308643852862914,,,True
295,1,-282.21624378087193,-14.567105072279276,0.24090527987427293,0.27279422272540904,0.24198923459595134,False
295,2,-282.5787494675965,-14.929610759003822,0.041686660149150206,0.019144485775792027,0.015757860800576826,False
295,3,-282.6878089914914,-15.03867028289875,0.04202851575153013,0.012682251487521994,0.010979993733766204,False
295,4,-282.7070836238671,-15.057944915274447,0.15289956021322668,0.03562508636496082,0.03550052330786007,False
295,5,-282.5628666990308,-14.913727990438133,0.13360988870151289,0.03407374658497866,0.026093025397403963,False
295,6,-282.30758597844004,-14.658447269847386,0.20226973954942387,0.20140619834806733,0.1661827356808114,False
295,7,-281.6354168381039,-13.98627812951122,0.031967566395651334,0.025525630839665876,0.02229148050671207,False
295,8,-281.8986023981425,-14.249463689549827,0.10828593718308184,0.04910847335540217,0.041539280860448384,False
295,9,-265.73273632791364,1.916402380679017,2.4358236594703486,,,True
296,0,-267.64913870859266,0.0,2.3308643852862914,,,True
296,1,-282.23143771023456,-14.5822990016419,0.10646115112986769,0.11103733338603716,0.11074377590527695,False
296,2,-282.57854390386336,-14.929405195270704,0.04233762941582084,0.01819327435176185,0.014900626653352837,False
296,3,-282.687810526348,-15.038671817755358,0.04229215607435855,0.012891998469855497,0.011175758693266646,False
296,4,-282.70698575516343,-15.057847046570771,0.1528529365650747,0.03686922113411614,0.036783259908062374,False
296,5,-282.5617202402485,-14.91258153165586,0.13365659545968828,0.032954189614628406,0.024875056587390535,False
296,6,-282.31797501743745,-14.668836308844789,0.09301506474143309,0.09335998697829495,0.0915558788034665,False
296,7,-281.63615233233213,-13.987013623739472,0.03581899106947198,0.022463613170576272,0.018632662370880845,False
296,8,-281.9001501902844,-14.251011481691762,0.0984492937789076,0.034542677616250725,0.033014623254508865,False
296,9,-265.73273632791364,1.916402380679017,2.4358236594703486,,,True
297,0,-267.64913870859266,0.0,2.3308643852862914,,,True
297,1,-282.2379051158973,-14.58876640730466,0.1893776039445739,0.14677085955331504,0.13019552204336274,False
297,2,-282.57812039571166,-14.928981687119006,0.043367676033463226,0.017080874373040678,0.013819203929269854,False
297,3,-282.6878086414654,-15.038669932872722,0.042829272557636855,0.013294676212437118,0.011521069807681965,False
297,4,-282.7068127035334,-15.057673994940728,0.15281563551463703,0.03941698060241163,0.039289020482993854,False
297,5,-282.5593029691056,-14.910164260512943,0.13408921982683464,0.031267881861029696,0.02351909800073674,False
297,6,-282.3207788265415,-14.671640117948868,0.1729719333580686,0.17569742141616,0.16031672632605562,False
297,7,-281.637611109013,-13.988472400420335,0.03506238788643908,0.021866726884402374,0.017856468612587155,False
297,8,-281.9015683857417,-14.252429677149053,0.09422157184741364,0.0446615930042331,0.03828179801907064,False
297,9,-265.73273632791364,1.916402380679017,2.4358236594703486,,,True
298,0,-267.64913870859266,0.0,2.3308643852862914,,,True
298,1,-282.2397596022583,-14.59062089366563,0.16793955799264124,0.1210373679412848,0.1112462073511103,False
298,2,-282.57807344233044,-14.928934733737776,0.04342597260371958,0.017152322757529606,0.0138807191389323,False
298,3,-282.68780644495416,-15.038667736361504,0.04289380194097426,0.013341075774978277,0.011558166325717035,False
298,4,-282.70679639883383,-15.057657690241172,0.15281295267262082,0.03973342718616961,0.039612797688656796,False
298,5,-282.55901370445326,-14.909874995860605,0.1342230902571796,0.031182192717211236,0.023689206929905594,False
298,6,-282.3226533395686,-14.673514630975944,0.13214226855258424,0.13480693497799195,0.12284525485840703,False
298,7,-281.63777763279086,-13.988638924198199,0.03422276381668926,0.022200208596174994,0.018320892009478895,False
298,8,-281.90183599725594,-14.252697288663285,0.09582631268444211,0.03632898524597605,0.029844705184371413,False
298,9,-265.73273632791364,1.916402380679017,2.4358236594703486,,,True
299,0,-267.64913870859266,0.0,2.3308643852862914,,,True
299,1,-282.2425905377637,-14.593451829171045,0.1305843938641241,0.08033877620637439,0.07613768518645063,False
299,2,-282.57797774946243,-14.928839040869775,0.0435629530942867,0.01728892099326031,0.013987914952927553,False
299,3,-282.68780170196464,-15.038662993371986,0.0430247775314139,0.013436153034824472,0.011635502940464995,False
299,4,-282.7067659327338,-15.057627224141129,0.1528060060985615,0.040376006594795184,0.04026339049270991,False
299,5,-282.55843016457334,-14.909291455980679,0.134481549132706,0.031039665491887986,0.023970822697490096,False
299,6,-282.32484436349273,-14.67570565490007,0.07013426685544365,0.06757199305412796,0.06090683869613984,False
299,7,-281.6381102967935,-13.988971588200855,0.03332694863909041,0.022678546875760586,0.01899473367183208,False
299,8,-281.90227803343726,-14.253139324844597,0.09841172596585554,0.027523595600789322,0.02616536964958216,False
299,9,-265.73273632791364,1.916402380679017,2.4358236594703486,,,True
300,0,-267.64913870859266,0.0,2.3308643852862914,,,True
300,1,-282.2453628700339,-14.596224161441228,0.09490571178375098,0.06528385112735799,0.06064314678659346,False
300,2,-282.57782808990913,-14.928689381316474,0.04382019474512381,0.017464988765721737,0.014107449067881384,False
300,3,-282.6877935455542,-15.038654836961541,0.043228159406260416,0.01358585628328899,0.011760392657445311,False
300,4,-282.70672574585086,-15.057587037258202,0.1527902324644045,0.041375157917370904,0.041263028924984235,False
300,5,-282.55753341088746,-14.9083947022948,0.13484946047665225,0.03086287424009381,0.024253615737777366,False
300,6,-282.325939626853,-14.67680091826037,0.07141445221642763,0.06142150003678239,0.04508650589756845,False
300,7,-281.6386181943167,-13.989479485724019,0.03301922691205627,0.02294597052427591,0.019436989362824182,False
300,8,-281.90279906049034,-14.253660351897679,0.10084018190005482,0.02767806799366839,0.026128462407479198,False
300,9,-265.73273632791364,1.916402380679017,2.4358236594703486,,,True
301,0,-267.64913870859266,0.0,2.3308643852862914,,,True
301,1,-282.2477999679388,-14.598661259346159,0.09977467331483635,0.07548896967359893,0.07276953442560917,False
301,2,-282.5776203204227,-14.928481611830023,0.04424108945231414,0.017621722727507415,0.014188119388978656,False
301,3,-282.6877807400481,-15.038642031455424,0.043507407227615286,0.013794191135928408,0.01193852067116194,False
301,4,-282.70668500416224,-15.05754629556958,0.1527567032499225,0.042759952684182596,0.0426368386822284,False
301,5,-282.5563178714448,-14.907179162852117,0.13529908679837188,0.030646940528503294,0.024405503290605344,False
301,6,-282.3261602104865,-14.677021501893819,0.09929429667929067,0.10299289264986151,0.08809610018691894,False
301,7,-281.63930399336135,-13.990165284768693,0.03326526988217087,0.02266936881509111,0.019251816539390457,False
301,8,-281.9033839910388,-14.254245282446163,0.10191396085117987,0.027296054426679546,0.025492449157527148,False
301,9,-265.73273632791364,1.916402380679017,2.4358236594703486,,,True
302,0,-267.64913870859266,0.0,2.3308643852862914,,,True
302,1,-282.25052674673486,-14.601388038142204,0.09768500148327391,0.09938386018186122,0.08101556531209066,False
302,2,-282.57735734619393,-14.928218637601276,0.04483342832875404,0.017697937817712055,0.014184413924682556,False
302,3,-282.6877622001403,-15.03862349154764,0.043855421996417385,0.014055855149048982,0.01216550248170212,False
302,4,-282.70665837894666,-15.057519670353997,0.15269413470410614,0.04452628277151001,0.044384482236423765,False
302,5,-282.5548207428128,-14.905682034220149,0.13579414049369917,0.030394565497290974,0.02436191203464274,False
302,6,-282.3267014442868,-14.677562735694153,0.11120112597906408,0.11539180400205559,0.10408221592143622,False
302,7,-281.6401397438991,-13.991001035306454,0.03402388938797199,0.021883743008042907,0.0184558466035002,False
302,8,-281.9040792208989,-14.254940512306234,0.10132689274313489,0.027030923627504703,0.02435396282830416,False
302,9,-265.73273632791364,1.916402380679017,2.4358236594703486,,,True
303,0,-267.64913870859266,0.0,2.3308643852862914,,,True
303,1,-282.25414564522,-14.60500693662732,0.09973312038629688,0.10499479377932708,0.0862656720751801,False
303,2,-282.57704110829127,-14.92790239969861,0.04558116516517162,0.01766979908874315,0.014072845290280769,False
303,3,-282.68773657101553,-15.038597862422876,0.044265998229993185,0.01436501627509269,0.012434509817017101,False
303,4,-282.70666361930273,-15.057524910710072,0.15258899794383513,0.04668385094157607,0.04652437212710523,False
303,5,-282.55307231163704,-14.90393360304438,0.13631160837152212,0.03014908544880235,0.024148708752570663,False
303,6,-282.32805652943375,-14.678917820841093,0.09340188752136387,0.09800840537957771,0.0931314716123624,False
303,7,-281.6410968590136,-13.991958150420942,0.03521894669806025,0.020909373608081407,0.01739128082476179,False
303,8,-281.90492001407534,-14.255781305482685,0.09966295891093872,0.02526926185859089,0.023025525396499515,False
303,9,-265.73273632791364,1.916402380679017,2.4358236594703486,,,True
304,0,-267.64913870859266,0.0,2.3308643852862914,,,True
304,1,-282.2585570961369,-14.609418387544224,0.08589704875790868,0.08284899410684961,0.07444495389948703,False
304,2,-282.57666912407456,-14.927530415481897,0.046454899580660305,0.01756042810826011,0.013853918876034528,False
304,3,-282.6877017743262,-15.038563065733513,0.044738711691073664,0.014719730061970655,0.012741142310120718,False
304,4,-282.7067233676079,-15.05758465901522,0.1524240531062463,0.04927521295346732,0.04910672914958544,False
304,5,-282.5510779584081,-14.901939249815428,0.136842746394359,0.029995473941663166,0.023865403769814948,False
304,6,-282.3296820863072,-14.680543377714514,0.0814294323948147,0.0632655517179364,0.06096432088411499,False
304,7,-281.6421625716288,-13.993023863036115,0.03613623120437262,0.020094683896918722,0.016477529147147344,False
304,8,-281.9058895671717,-14.25675085857904,0.09788341645825575,0.024047226918776806,0.02273457790620291,False
304,9,-265.73273632791364,1.916402380679017,2.4358236594703486,,,True
305,0,-267.64913870859266,0.0,2.3308643852862914,,,True
305,1,-282.2637769180802,-14.614638209487566,0.07204067710484652,0.05994087261007645,0.059628687897649156,False
305,2,-282.57618449253334,-14.927045783940684,0.047517906474121914,0.01741401641174415,0.01351945066173565,False
305,3,-282.68764890470857,-15.038510196115908,0.045340359904981586,0.015168210638959262,0.013123711488087803,False
305,4,-282.7068922420217,-15.057753533429036,0.15214614049493286,0.05273134844693238,0.05256145143689992,False
305,5,-282.54856487754597,-14.899426168953312,0.13744627124307077,0.03004577515137963,0.023659867447866453,False
305,6,-282.3309152468278,-14.681776538235113,0.08445226923026584,0.046671026550913985,0.0416937258347626,False
305,7,-281.64346843254714,-13.994329723954479,0.036128406488472264,0.01958448131893177,0.01594878852189337,False
305,8,-281.90705032540154,-14.257911616808883,0.0967279752869995,0.022753599844958297,0.022712923947704543,False
305,9,-265.73273632791364,1.916402380679017,2.4358236594703486,,,True
306,0,-267.64913870859266,0.0,2.3308643852862914,,,True
306,1,-282.2696675201672,-14.620528811574559,0.08681753134454648,0.06924829839447211,0.06325282787928908,False
306,2,-282.575553041368,-14.926414332775323,0.04872248899486063,0.01731925072918339,0.013131789672210558,False
306,3,-282.6875680035904,-15.03842929499774,0.0461051627343205,0.015734109597187598,0.013599492607347993,False
306,4,-282.7072754226522,-15.058136714059515,0.1516955767633897,0.05729992620299449,0.057121141555360605,False
306,5,-282.54540437105675,-14.896265662464089,0.13813390649275284,0.030457145774285186,0.02383163167449162,False
306,6,-282.331645480373,-14.682506771780368,0.08762803979818093,0.061528911078169386,0.05420227570636998,False
306,7,-281.6450550813216,-13.995916372728914,0.035775793630115404,0.019275401367686736,0.01571790045767137,False
306,8,-281.90836731049757,-14.259228601904908,0.09646262316837398,0.022132798677020893,0.021919480020348377,False
306,9,-265.73273632791364,1.916402380679017,2.4358236594703486,,,True
307,0,-267.64913870859266,0.0,2.3308643852862914,,,True
307,1,-282.2765344305477,-14.627395721955054,0.09247651224681057,0.07321091150297787,0.07223094325002231,False
307,2,-282.57473946260194,-14.925600754009281,0.05001801548655172,0.017337675422155394,0.012799497572805723,False
307,3,-282.6874455410248,-15.038306832432113,0.04706628403457878,0.016441760782562213,0.014190331768387545,False
307,4,-282.7080589771929,-15.058920268600218,0.15100045632397152,0.06313152504903574,0.06292346288018545,False
307,5,-282.54148217875587,-14.892343470163212,0.13890782501247942,0.031328604895040184,0.02461050826829278,False
307,6,-282.3327465655857,-14.683607856993035,0.09105791979498075,0.06830689080253423,0.06013388923807163,False
307,7,-281.64694980813783,-13.997811099545174,0.03625579639724745,0.019160224722211735,0.015075820489042921,False
307,8,-281.9098666355728,-14.260727926980167,0.09589390690919791,0.021736981169192947,0.020953859411754882,False
307,9,-265.73273632791364,1.916402380679017,2.4358236594703486,,,True
308,0,-267.64913870859266,0.0,2.3308643852862914,,,True
308,1,-282.2843058499897,-14.635167141397062,0.08592197739773123,0.0694783230648211,0.04787005794858338,False
308,2,-282.573691715962,-14.924553007369354,0.051454242288924944,0.017452310914810015,0.012599559046627197,False
308,3,-282.68725963899124,-15.038120930398577,0.04827318303889878,0.01732823845161896,0.014933862655143933,False
308,4,-282.70958572101506,-15.0604470124224,0.1499645183235679,0.07030364284278573,0.07006787505608522,False
308,5,-282.536640917926,-14.88750220933332,0.13976602836385565,0.03258511063156314,0.025817866908197533,False
308,6,-282.33424274383196,-14.685104035239306,0.0952769572069642,0.05148994997313315,0.040133557029909735,False
308,7,-281.6491892744981,-14.00005056590544,0.038091730207574906,0.018740846104279302,0.013475597392930753,False
308,8,-281.9116514177316,-14.262512709138946,0.09369665237636103,0.020236735624778086,0.020041220550103718,False
308,9,-265.73273632791364,1.916402380679017,2.4358236594703486,,,True
309,0,-267.64913870859266,0.0,2.3308643852862914,,,True
309,1,-282.29302468836136,-14.643885979768697,0.07812287972498405,0.06535308046881314,0.05513968842734636,False
309,2,-282.5723369907409,-14.923198282148235,0.053254766733932764,0.01751472429629005,0.012443895881439914,False
309,3,-282.6869757932573,-15.037837084664659,0.04978989004653566,0.018432950094816342,0.01586613288594428,False
309,4,-282.71247209786253,-15.063333389269872,0.14852971833592707,0.07835935124639394,0.07814291648020373,False
309,5,-282.5306825231075,-14.881543814514828,0.14070232851237835,0.033637875822079756,0.026511067746281154,False
309,6,-282.3355949437083,-14.686456235115656,0.10102660339066792,0.06141784021831602,0.05438702329587899,False
309,7,-281.65180376643787,-14.002665057845206,0.040277596736921766,0.019341169314692937,0.012982736367578372,False
309,8,-281.9136961641266,-14.264557455533918,0.09148678672005475,0.017350686517550062,0.017349349001650857,False
309,9,-265.73273632791364,1.916402380679017,2.4358236594703486,,,True
310,0,-267.64913870859266,0.0,2.3308643852862914,,,True
310,1,-282.30262598403976,-14.653487275447105,0.0577519607546194,0.04472788215889428,0.03669128658653216,False
310,2,-282.57058838257313,-14.921449673980476,0.055734004283955293,0.017235110368297463,0.01207675961092805,False
310,3,-282.68654474865843,-15.037406040065775,0.051678168107161214,0.01976694320805427,0.01698098129409814,False
310,4,-282.71767699484485,-15.068538286252192,0.14689362816566487,0.08495537549420748,0.08478661102174972,False
310,5,-282.52338841623646,-14.874249707643799,0.14170722527795346,0.03340434112564903,0.025275189766366436,False
310,6,-282.3371972035477,-14.688058494955044,0.1083620495738661,0.05244653296639393,0.046234456695539786,False
310,7,-281.6548173740301,-14.005678665437415,0.04051316680946138,0.02107483830136394,0.01335594753013622,False
310,8,-281.91585500255104,-14.266716293958382,0.09255104833361653,0.01709794744582351,0.01663548588716603,False
310,9,-265.73273632791364,1.916402380679017,2.4358236594703486,,,True
311,0,-267.64913870859266,0.0,2.3308643852862914,,,True
311,1,-282.312314970516,-14.663176261923354,0.06876860911369059,0.06706050110071639,0.04906005944099374,False
311,2,-282.56832419909256,-14.919185490499899,0.05909716734079659,0.016364280197214982,0.012253896811763927,False
311,3,-282.6858880741951,-15.036749365602418,0.05401984015139037,0.021313932743728923,0.018251198067812585,False
311,4,-282.72644011798934,-15.077301409396682,0.14590403796259283,0.08510390573954593,0.08501568105599201,False
311,5,-282.51438469056507,-14.865245981972407,0.14284004848940565,0.03104197098772309,0.02229185306610578,False
311,6,-282.3384141075691,-14.689275398976463,0.11673235991424305,0.067495305767516,0.053198822547259716,False
311,7,-281.65827724952806,-14.009138540935396,0.04264625256911726,0.02321334605448112,0.016069030765322092,False
311,8,-281.91825035552324,-14.269111646930583,0.09258683657391967,0.014177546139303424,0.012590147474297547,False
311,9,-265.73273632791364,1.916402380679017,2.4358236594703486,,,True
312,0,-267.64913870859266,0.0,2.3308643852862914,,,True
312,1,-282.3222814150678,-14.673142706475119,0.046230603533940644,0.03499078298960743,0.026263812405090795,False
312,2,-282.5656089972061,-14.916470288613425,0.06299640142408114,0.014755792608476419,0.01186782360352338,False
312,3,-282.68496502314264,-15.035826314549979,0.05669594391935707,0.02287140414843207,0.019531515580551814,False
312,4,-282.738629915081,-15.089491206488333,0.14736391305200588,0.07472161988108929,0.07458561272227528,False
312,5,-282.5039622032872,-14.854823494694529,0.1443368761901476,0.028454302714196317,0.020947921229480995,False
312,6,-282.33947576364176,-14.690337055049099,0.12522460927220627,0.03941110140704901,0.031128287825506876,False
312,7,-281.66197084077385,-14.012832132181188,0.04764574307358667,0.026363052919075983,0.02218636782556321,False
312,8,-281.9206290554457,-14.271490346853057,0.08490087674180509,0.010999372561142567,0.009352476382463797,False
312,9,-265.73273632791364,1.916402380679017,2.4358236594703486,,,True
313,0,-267.64913870859266,0.0,2.3308643852862914,,,True
313,1,-282.3301179692621,-14.68097926066946,0.057047118995981624,0.03610716102671107,0.028583749561585662,False
313,2,-282.562750607247,-14.913611898654324,0.06687750207872493,0.012786341149373765,0.010412998934242733,False
313,3,-282.68382406932614,-15.034685360733477,0.059381070477184654,0.02411360946085512,0.02058520286741194,False
313,4,-282.75168913725724,-15.102550428664586,0.15241427068674154,0.06984874427843263,0.06221112379492579,False
313,5,-282.49335286880086,-14.844214160208196,0.14602574792485865,0.026910287688439765,0.019023240089546735,False
313,6,-282.3395021201378,-14.69036341154515,0.13375115343154473,0.04397602181721117,0.029479589400631515,False
313,7,-281.6654988258685,-14.016360117275838,0.048772651541487404,0.030147397592936023,0.02364535194032984,False
313,8,-281.92279535101954,-14.273656642426886,0.08149488840061042,0.01142710856654551,0.009139013772558076,False
313,9,-265.73273632791364,1.916402380679017,2.4358236594703486,,,True
314,0,-267.64913870859266,0.0,2.3308643852862914,,,True
314,1,-282.33643806602595,-14.68729935743329,0.05183434447515992,0.03826096580097603,0.029706982073286113,False
314,2,-282.5597479685184,-14.910609259925764,0.07084101624009959,0.012112798949758575,0.008888628480565154,False
314,3,-282.68242856202914,-15.033289853436486,0.062046297252153076,0.024890478314461128,0.021226255572999977,False
314,4,-282.7633886977351,-15.114249989142422,0.16053398636266575,0.05823376242371275,0.0522053613178476,False
314,5,-282.48259176718136,-14.833453058588702,0.14748309947439442,0.025410296681085378,0.017918048461136264,False
314,6,-282.3389985956614,-14.689859887068735,0.14313478546390515,0.03404946669274355,0.024738971068518304,False
314,7,-281.6689843290901,-14.019845620497449,0.05483567359396937,0.03447121530939215,0.030121497371070793,False
314,8,-281.924952465258,-14.275813756665343,0.08048921271399433,0.009028657268078366,0.007554806496918809,False
314,9,-265.73273632791364,1.916402380679017,2.4358236594703486,,,True
315,0,-267.64913870859266,0.0,2.3308643852862914,,,True
315,1,-282.34183842882044,-14.692699720227779,0.04791980659156084,0.03686145725876937,0.02590995115201269,False
315,2,-282.55660668338635,-14.90746797479369,0.07461706956787682,0.01259104656019134,0.009829263479369087,False
315,3,-282.68073738934226,-15.031598680749596,0.06465826180677776,0.025134859633956255,0.021431974152237014,False
315,4,-282.77139471141004,-15.12225600281738,0.17050456065948,0.05957990147805189,0.04400820627751475,False
315,5,-282.47172258183156,-14.822583873238898,0.14816111812131094,0.024146395869883538,0.018117824404915397,False
315,6,-282.33742259309906,-14.688283884506404,0.15396461763593355,0.03367195785727165,0.027831143699624257,False
315,7,-281.6725626359305,-14.02342392733783,0.059703226881696034,0.03895279603905929,0.034626745768055384,False
315,8,-281.9271562847987,-14.278017576206025,0.07680583271156471,0.01389864623174624,0.009857097986425523,False
315,9,-265.73273632791364,1.916402380679017,2.4358236594703486,,,True
316,0,-267.64913870859266,0.0,2.3308643852862914,,,True
316,1,-282.34662037555574,-14.697481666963085,0.05331993545542807,0.03665374154370835,0.029785654257432966,False
316,2,-282.55334185482684,-14.904203146234181,0.07765286706122305,0.012838768780282062,0.009890405715472141,False
316,3,-282.67871645272726,-15.029577744134599,0.06715352896015807,0.02484494573139255,0.021218083874362654,False
316,4,-282.77503731729905,-15.125898608706393,0.1813264183072877,0.06170971930759382,0.053002983878659315,False
316,5,-282.4608133986471,-14.811674690054417,0.14777416573635452,0.024233714669542605,0.020166976992478176,False
316,6,-282.33472117503004,-14.685582466437381,0.16572294366516296,0.026011665017332434,0.021165364988593265,False
316,7,-281.6763836025892,-14.027244893996567,0.06410016521200414,0.04272259461870294,0.037739692284223664,False
316,8,-281.92952158060217,-14.280382872009511,0.07600363977292757,0.008205564704826335,0.006769620107159213,False
316,9,-265.73273632791364,1.916402380679017,2.4358236594703486,,,True
317,0,-267.64913870859266,0.0,2.3308643852862914,,,True
317,1,-282.3511622330261,-14.702023524433457,0.06208627522189886,0.048389161595633993,0.03775463194758551,False
317,2,-282.55000830621225,-14.90086959761959,0.07944665907056564,0.012583519984294151,0.00924578083350142,False
317,3,-282.67636010806746,-15.027221399474797,0.06942536562509104,0.02405619358228347,0.02054423168728715,False
317,4,-282.7759410414453,-15.126802332852662,0.19211071468573218,0.06241883708380343,0.05636480737409973,False
317,5,-282.45003869322386,-14.8008999846312,0.14661323522402836,0.025739329666759913,0.020753884365296488,False
317,6,-282.3306369990722,-14.681498290479567,0.17788603321185256,0.02469548323764355,0.023334446311200636,False
317,7,-281.68055658567084,-14.031417877078184,0.07201922888674289,0.04602505957818464,0.042983078547871145,False
317,8,-281.9320341160852,-14.28289540749256,0.07164698374522457,0.01371956238576321,0.013058787204333363,False
317,9,-265.73273632791364,1.916402380679017,2.4358236594703486,,,True
318,0,-267.64913870859266,0.0,2.3308643852862914,,,True
318,1,-282.3549420043113,-14.705803295718624,0.08766969941582431,0.09700747267765884,0.07490793094712749,False
318,2,-282.54671503321686,-14.897576324624197,0.07986136172101173,0.012070559407209738,0.009067826974244988,False
318,3,-282.67371008063276,-15.0245713720401,0.07136007854785316,0.02290273789362993,0.019538370437192257,False
318,4,-282.77623456602043,-15.127095857427776,0.2022753193311543,0.07091132278562914,0.06695332748477921,False
318,5,-282.43968267290956,-14.790543964316896,0.14519841043531045,0.02772987915433564,0.021889355616663476,False
318,6,-282.3252568131868,-14.676118104594138,0.19086387758497755,0.02764965805073112,0.025340972190206982,False
318,7,-281.68514223675663,-14.036003528163974,0.0753059159105426,0.04730989675394108,0.043481972266732886,False
318,8,-281.9347084043744,-14.28556969578176,0.06579502655893704,0.018563196916086298,0.013455777714745676,False
318,9,-265.73273632791364,1.916402380679017,2.4358236594703486,,,True
319,0,-267.64913870859266,0.0,2.3308643852862914,,,True
319,1,-282.35719700673724,-14.708058298144579,0.1882434572399115,0.18197615151645619,0.13729334512649427,False
319,2,-282.5435889274121,-14.89445021881943,0.07937072648541867,0.011083643905158973,0.00900043393614696,False
319,3,-282.6708579447865,-15.02171923619386,0.07287247620583517,0.021491123149781667,0.018289169048502488,False
319,4,-282.77617908774414,-15.127040379151481,0.2121603831647044,0.06389749648627792,0.055673648306308415,False
319,5,-282.4300539933115,-14.780915284718844,0.14397612773160917,0.03074708946568846,0.023754878755940123,False
319,6,-282.31876313772636,-14.669624429133705,0.20488911833624643,0.027842207189386986,0.02715460540713927,False
319,7,-281.69015994658463,-14.04102123799197,0.0836581789116233,0.04933875813104922,0.04754260434473628,False
319,8,-281.93743899726474,-14.288300288672076,0.06741641218584768,0.03292339222633416,0.02726538159378434,False
319,9,-265.73273632791364,1.916402380679017,2.4358236594703486,,,True
320,0,-267.64913870859266,0.0,2.3308643852862914,,,True
320,1,-282.3570483094501,-14.70790960085742,0.2998983985261488,0.3164526287689105,0.23693913917541734,False
320,2,-282.5407023179339,-14.891563609341233,0.0785362624942696,0.013615347335500792,0.009771848867524245,False
320,3,-282.667893182964,-15.018754474371349,0.07395697708153762,0.01985260049013365,0.01678336141161151,False
320,4,-282.77346771111434,-15.124329002521677,0.22230870076515505,0.04615498526061245,0.03539064448959461,False
320,5,-282.42132024526643,-14.77218153667377,0.1428544989772038,0.03521395266555707,0.026917210953173513,False
320,6,-282.31147167258524,-14.662332963992583,0.21979798742737605,0.029310177969015055,0.028569931344079584,False
320,7,-281.69577985572545,-14.046641147132789,0.0902532173989608,0.051891185713265835,0.05045585818274571,False
320,8,-281.9401327158141,-14.290994007221457,0.06426492236908644,0.04585115914005197,0.03228993459332933,False
320,9,-265.73273632791364,1.916402380679017,2.4358236594703486,,,True
321,0,-267.64913870859266,0.0,2.3308643852862914,,,True
321,1,-282.3528528692311,-14.70371416063847,0.4369549733874156,0.42911474600764776,0.3198999140005021,False
321,2,-282.538091633788,-14.888952925195326,0.07748179016876747,0.020518613914232903,0.013124678896944917,False
321,3,-282.6648860313351,-15.015747322742413,0.0746643717663169,0.01805196347343931,0.015110999019683425,False
321,4,-282.7660714564237,-15.116932747831015,0.23198417631219811,0.06628142625870247,0.061614207493105026,False
321,5,-282.4135556813853,-14.764416972792617,0.1414807413307462,0.04023317880449469,0.02941190211625416,False
321,6,-282.30346826438625,-14.654329555793595,0.2349386839605515,0.030686754971816242,0.029694090733507074,False
321,7,-281.70230923792514,-14.053170529332476,0.0980819249535776,0.055795130637972375,0.054494753920455066,False
321,8,-281.9427502189783,-14.293611510385631,0.062456657132288054,0.05589675095460539,0.04247611545684426,False
321,9,-265.73273632791364,1.916402380679017,2.4358236594703486,,,True
322,0,-267.64913870859266,0.0,2.3308643852862914,,,True
322,1,-282.2891492225041,-14.64001051391142,1.4193231113223048,1.4350479470027322,1.0746101082669064,False
322,2,-282.53794050362546,-14.888801795032805,0.07724123694674079,0.05155539832518726,0.03869566885761725,False
322,3,-282.6644504741611,-15.015311765568413,0.07455205847223305,0.018179753600396423,0.01566008184821889,False
322,4,-282.76752722458673,-15.11838851599407,0.23093883078124985,0.049591820912453254,0.049591435727524266,False
322,5,-282.41307993436095,-14.763941225768292,0.14076725483838526,0.040716529895423854,0.029391246894273727,False
322,6,-282.30207285976894,-14.652934151176282,0.23699934899203032,0.030694366993520773,0.029845041288103738,False
322,7,-281.70380963593743,-14.054670927344773,0.09963770844754706,0.06999617981763888,0.06204335572857158,False
322,8,-281.9423368651212,-14.293198156528547,0.14699183836428162,0.13363745979976044,0.0964754818493598,False
322,9,-265.73273632791364,1.916402380679017,2.4358236594703486,,,True
323,0,-267.64913870859266,0.0,2.3308643852862914,,,True
323,1,-282.36095031847094,-14.711811609878282,0.2137116479547986,0.20582640403716582,0.1590333189208795,False
323,2,-282.5380552450964,-14.888916536503757,0.07723490489300781,0.008456786210853069,0.007700099930952427,False
323,3,-282.664342000445,-15.015203291852345,0.07454541718888213,0.018011848352873634,0.015361478056711068,False
323,4,-282.76766618858073,-15.118527479988074,0.23113710737941373,0.04407517650329725,0.04347808982094471,False
323,5,-282.4129605702575,-14.763821861664837,0.14065019143222057,0.040932020813216334,0.02978767060815185,False
323,6,-282.3017527011258,-14.652613992533134,0.23757673778618396,0.030721407441804932,0.029837539298552665,False
323,7,-281.7042933594054,-14.055154650812767,0.10109535657753141,0.05631195658288715,0.0544172187090977,False
323,8,-281.9433180088356,-14.294179300242945,0.062204667065542965,0.01897937331274015,0.01384785343340012,False
323,9,-265.73273632791364,1.916402380679017,2.4358236594703486,,,True
324,0,-267.64913870859266,0.0,2.3308643852862914,,,True
324,1,-282.3617311131478,-14.712592404555153,0.1709277645294903,0.1628657539710131,0.1282332282940887,False
324,2,-282.5380517765295,-14.888913067936869,0.07723615001427105,0.008445961973204175,0.007837929206482396,False
324,3,-282.66431494397347,-15.015176235380807,0.07454260930396407,0.01798756684196086,0.015325356287171087,False
324,4,-282.76768924695216,-15.1185505383595,0.23117666781856372,0.04340966845656752,0.042818948427328904,False
324,5,-282.41293065146874,-14.763791942876082,0.14062336401581343,0.04097990441079412,0.029841968378831882,False
324,6,-282.3016645293344,-14.652525820741744,0.2377252920807158,0.030720896054570124,0.02983261670184876,False
324,7,-281.70439992532494,-14.055261216732276,0.10134508874309898,0.05636128496199759,0.054491820478600336,False
324,8,-281.94334310816413,-14.29420439957147,0.0622086105396227,0.015574148165413998,0.01155400017297013,False
324,9,-265.73273632791364,1.916402380679017,2.4358236594703486,,,True
325,0,-267.64913870859266,0.0,2.3308643852862914,,,True
325,1,-282.3626114370625,-14.713472728469867,0.09765518503094499,0.08532697962355329,0.07210456636928934,False
325,2,-282.53804469600385,-14.888905987411192,0.07723795601644293,0.008481530958041446,0.008092575750345861,False
325,3,-282.664260447792,-15.015121739199344,0.07453689703352677,0.017940353637962675,0.015256353988079306,False
325,4,-282.76773047157786,-15.118591762985204,0.23125520676168215,0.042248368311901666,0.04154324614506504,False
325,5,-282.4128704637842,-14.763731755191543,0.14056946747955137,0.04107590661148541,0.029945853137959805,False
325,6,-282.30148497405906,-14.652346265466406,0.23802442225820797,0.03071919973124005,0.029822562137346662,False
325,7,-281.7046158491871,-14.055477140594462,0.10183825310786529,0.056460562566000294,0.054636883128251906,False
325,8,-281.9433892756839,-14.29425056709124,0.06221446323529652,0.00963408061409936,0.00749939323788903,False
325,9,-265.73273632791364,1.916402380679017,2.4358236594703486,,,True
326,0,-267.64913870859266,0.0,2.3308643852862914,,,True
326,1,-282.3627891805297,-14.713650471937058,0.09733628509747602,0.04439342542796495,0.03212860075760875,False
326,2,-282.53803368801607,-14.888894979423412,0.0772388630153673,0.008629994228521188,0.008423022806963913,False
326,3,-282.6641770681139,-15.015038359521213,0.0745279444318724,0.017872282283136552,0.015160578226912223,False
326,4,-282.76778030958866,-15.118641600996,0.23137227274393232,0.04120950034095793,0.03972403520088864,False
326,5,-282.41277856967434,-14.763639861081685,0.14048734771529198,0.04122134192593332,0.030090441618284725,False
326,6,-282.3012060463849,-14.652067337792232,0.2384817732239184,0.030715125430459827,0.02980711806264234,False
326,7,-281.70494975473184,-14.055811046139183,0.10256688573166217,0.05661219740658457,0.05484552796045568,False
326,8,-281.94345262417755,-14.294313915584894,0.06221913320517408,0.01064751443912089,0.00894658834082435,False
326,9,-265.73273632791364,1.916402380679017,2.4358236594703486,,,True
327,0,-267.64913870859266,0.0,2.3308643852862914,,,True
327,1,-282.3621712254761,-14.713032516883459,0.09733445981291314,0.11155580884545378,0.0813719819890907,False
327,2,-282.53801859632495,-14.888879887732287,0.07723665303150208,0.00889107793819918,0.00876614226503501,False
327,3,-282.66406413758943,-15.014925428996776,0.07451531186166942,0.017786970173826154,0.015048370369471934,False
327,4,-282.7678234812122,-15.118684772619531,0.2315248918176435,0.03970848949213136,0.03823213927576422,False
327,5,-282.4126545042947,-14.763515795702062,0.14037668712467105,0.04141517192003947,0.030260289611854778,False
327,6,-282.3008224387323,-14.651683730139666,0.2391002871173758,0.030707490298261746,0.02978671924452337,False
327,7,-281.7054092380064,-14.056270529413723,0.10350746778962336,0.05681709267907649,0.0551052620525248,False
327,8,-281.94353276365314,-14.29439405506048,0.06222149295161568,0.014505552700010995,0.012915691483167074,False
327,9,-265.73273632791364,1.916402380679017,2.4358236594703486,,,True
328,0,-267.64913870859266,0.0,2.3308643852862914,,,True
328,1,-282.3615256777757,-14.712386969183058,0.13661499302924424,0.15199274943819557,0.11235826479175275,False
328,2,-282.53799986984643,-14.888861161253772,0.07722914017756123,0.009173337841464941,0.009055418772422465,False
328,3,-282.66392478044236,-15.014786071849699,0.07449891512272187,0.017689787112124496,0.014932540467785273,False
328,4,-282.76784115897067,-15.11870245037801,0.23170463201324135,0.037745719385655546,0.03664809862673909,False
328,5,-282.4125021050248,-14.763363396432169,0.14024077437557433,0.041649666160131646,0.0304353659753151,False
328,6,-282.3003433514544,-14.651204642861728,0.23986156607809306,0.03069601421218646,0.029763053665677414,False
328,7,-281.7059880467409,-14.056849338148254,0.10460940989007306,0.05706952455764378,0.05539816734068236,False
328,8,-281.9436310370835,-14.294492328490833,0.06222674870550399,0.01689392139004413,0.014867843977125095,False
328,9,-265.73273632791364,1.916402380679017,2.4358236594703486,,,True
329,0,-267.64913870859266,0.0,2.3308643852862914,,,True
329,1,-282.36146672281563,-14.712328014222976,0.12403599880422568,0.13900570247815777,0.1027596396900774,False
329,2,-282.537977955304,-14.888839246711314,0.07721446853650442,0.009370743556860241,0.009247085756987817,False
329,3,-282.6637618677137,-15.014623159121015,0.07447871616618221,0.01758410200663696,0.01482202431220669,False
329,4,-282.76781600888796,-15.118677300295303,0.23190361791505076,0.03535128575233687,0.03457788991445318,False
329,5,-282.41232500569345,-14.763186297100788,0.14008246138619462,0.0419180856664151,0.030600681833018947,False
329,6,-282.29977882467773,-14.650640116085071,0.24074807524282013,0.030681171525102097,0.029738116954328465,False
329,7,-281.7066816543304,-14.057542945737737,0.10583480037769087,0.057364738565489196,0.055712898137427455,False
329,8,-281.94374811807216,-14.294609409479506,0.06224689833366225,0.016272086215943223,0.014353981242180682,False
329,9,-265.73273632791364,1.916402380679017,2.4358236594703486,,,True
330,0,-267.64913870859266,0.0,2.3308643852862914,,,True
330,1,-282.36175408885555,-14.71261538026289,0.10023087068557925,0.08093989542716291,0.0586714293007374,False
330,2,-282.5379528982654,-14.888814189672757,0.07719079934524777,0.009437337153094796,0.009323183322731483,False
330,3,-282.6635758221834,-15.014437113590759,0.07445456452033233,0.01747022985410795,0.014720544993762026,False
330,4,-282.76773178422934,-15.118593075636682,0.23211680253900294,0.03255619018338874,0.032039196975586694,False
330,5,-282.41212423313436,-14.762985524541705,0.13990203938537096,0.04221878671014562,0.03074854288460112,False
330,6,-282.2991308107354,-14.649992102142733,0.24175495736573446,0.03066368207548334,0.02971358781686701,False
330,7,-281.70749693753896,-14.058358228946304,0.10717402428742259,0.05770319306632456,0.0560481122302036,False
330,8,-281.9438819384259,-14.294743229833216,0.062299790169368076,0.01305142167646451,0.011636685581088572,False
330,9,-265.73273632791364,1.916402380679017,2.4358236594703486,,,True
331,0,-267.64913870859266,0.0,2.3308643852862914,,,True
331,1,-282.3616349852352,-14.712496276642526,0.10230012283304551,0.04456826188897754,0.03304702546786928,False
331,2,-282.53792097768843,-14.88878226909577,0.07715175104890414,0.00941806483647931,0.00928744755160601,False
331,3,-282.6633402530662,-15.014201544473565,0.07442301947775777,0.01733124277112344,0.014616422175163898,False
331,4,-282.76754858169375,-15.118409873101086,0.23236626177645586,0.029971289012257873,0.02873535064037859,False
331,5,-282.41187238159273,-14.76273367300007,0.13967362792381635,0.04259464349223605,0.03089222562189578,False
331,6,-282.2983060990746,-14.64916739048192,0.24302011475074747,0.03064204102391583,0.029688042755043435,False
331,7,-281.70856623790223,-14.059427529309573,0.10881392008442148,0.05813551183369705,0.05765428421631031,False
331,8,-281.9440455451818,-14.29490683658912,0.062422356465939036,0.0091139414949696,0.007149900873689435,False
331,9,-265.73273632791364,1.916402380679017,2.4358236594703486,,,True
332,0,-267.64913870859266,0.0,2.3308643852862914,,,True
332,1,-282.3607641520266,-14.711625443433945,0.11286954869730949,0.1000373947638017,0.07713833143491847,False
332,2,-282.53788001532735,-14.888741306734687,0.07709193198794385,0.009476578370688259,0.009203580282432794,False
332,3,-282.66304160041534,-15.013902891822681,0.0743829977619235,0.017153704340394284,0.014495814396945543,False
332,4,-282.7672117296303,-15.118073021037617,0.23265491904195837,0.029688211071346046,0.02471065497282781,False
332,5,-282.4115572069148,-14.76241849832212,0.1393834926938041,0.043072617499980106,0.031045571700971,False
332,6,-282.29725155501694,-14.648112846424283,0.24460819024056982,0.030616572890198326,0.02966088913776864,False
332,7,-281.7099820404667,-14.060843331874025,0.11087500111050573,0.05992322539456852,0.059632623559197226,False
332,8,-281.9442424790608,-14.295103770468131,0.06265454727408679,0.010124385703194625,0.007476049547953989,False
332,9,-265.73273632791364,1.916402380679017,2.4358236594703486,,,True
333,0,-267.64913870859266,0.0,2.3308643852862914,,,True
333,1,-282.36004936361826,-14.7109106550256,0.12681052931971448,0.11357276654535163,0.08736624244942424,False
333,2,-282.5378285524023,-14.88868984380963,0.0770086965551968,0.009737028146151393,0.009240697885341782,False
333,3,-282.66267077729816,-15.013532068705501,0.07433498040443837,0.016919524949326477,0.01432934887097301,False
333,4,-282.76666294557674,-15.117524236984082,0.23298041783398984,0.029408555845062464,0.020935825856446155,False
333,5,-282.4111729607047,-14.762034252112016,0.139022236740011,0.043679610139369565,0.03124549185491764,False
333,6,-282.29592503323187,-14.646786324639208,0.24655823482293607,0.0305888013049353,0.029628771007282406,False
333,7,-281.7118318557071,-14.06269314711443,0.11348628498583005,0.06186392935983344,0.06155701468537024,False
333,8,-281.9444795257634,-14.295340817170768,0.06300063391183194,0.011860537302547687,0.00854615126083441,False
333,9,-265.73273632791364,1.916402380679017,2.4358236594703486,,,True
334,0,-267.64913870859266,0.0,2.3308643852862914,,,True
334,1,-282.35981548821655,-14.710676779623896,0.10804787844552888,0.04753556696278631,0.0406048790251432,False
334,2,-282.53776478330246,-14.888626074709805,0.07689998339275336,0.010126250683754856,0.009614008693426932,False
334,3,-282.66221448821557,-15.013075779622909,0.07427966710267549,0.016601615284735204,0.014073960683803318,False
334,4,-282.76583286330225,-15.116694154709592,0.2333380661282701,0.029083286637914613,0.02202877647976865,False
334,5,-282.4107118739468,-14.76157316535415,0.1385766641392121,0.04445427395645152,0.03155370585034557,False
334,6,-282.294267330322,-14.645128621729327,0.248929003270963,0.030561878349838378,0.029585948584864106,False
334,7,-281.7142469771323,-14.065108268539632,0.11681231122112931,0.06355678929936145,0.06317265533408373,False
334,8,-281.944762730041,-14.295624021448361,0.06341205541119417,0.007596038806096857,0.005512509863986967,False
334,9,-265.73273632791364,1.916402380679017,2.4358236594703486,,,True
335,0,-267.64913870859266,0.0,2.3308643852862914,,,True
335,1,-282.35866801040106,-14.709529301808402,0.10939724674057211,0.08004874046981164,0.05890704192907672,False
335,2,-282.53768512944794,-14.888546420855278,0.07676254716549047,0.01071962943562578,0.0104655975765793,False
335,3,-282.661648403103,-15.012509694510356,0.07421698900761664,0.016161723094956924,0.013677584634466089,False
335,4,-282.7646276611248,-15.115488952532132,0.23371648000707104,0.028625730573441685,0.0237977951301773,False
335,5,-282.4101592863558,-14.761020577763134,0.1380231998465032,0.045458078222860215,0.03205635757636926,False
335,6,-282.2921773212302,-14.643038612637554,0.25183415436309137,0.030541698260685587,0.029524417377078574,False
335,7,-281.7174574634451,-14.068318754852442,0.1210546741430522,0.06497473937871857,0.06445369350741371,False
335,8,-281.9450896477948,-14.295950939202157,0.0637781811906679,0.010654956744809653,0.009503042372736711,False
335,9,-265.73273632791364,1.916402380679017,2.4358236594703486,,,True
336,0,-267.64913870859266,0.0,2.3308643852862914,,,True
336,1,-282.3572045162864,-14.708065807693742,0.11195181702697035,0.10136596322550553,0.07551749714939447,False
336,2,-282.53758690916334,-14.888448200570679,0.07659486984182662,0.01168869246382558,0.011535110226930163,False
336,3,-282.66095391289525,-15.011815204302593,0.07414516671966835,0.015578421804194725,0.013125628475216268,False
336,4,-282.76297313539544,-15.113834426802782,0.2340863521422959,0.0287476399517079,0.025438754851339406,False
336,5,-282.4095138104591,-14.76037510186643,0.13734319800417827,0.046734812743184966,0.03305264373806544,False
336,6,-282.28956758570916,-14.640428877116506,0.25536710706842,0.0305345414460398,0.029435427552730292,False
336,7,-281.7216991957662,-14.072560487173519,0.12627282069729548,0.06596773836587656,0.0653654176077556,False
336,8,-281.94545946783,-14.296320759237346,0.06402149346968723,0.012656383295372145,0.011099957197466181,False
336,9,-265.73273632791364,1.916402380679017,2.4358236594703486,,,True
337,0,-267.64913870859266,0.0,2.3308643852862914,,,True
337,1,-282.355898301291,-14.706759592698347,0.11664386999106677,0.04288577831127274,0.031298137608314236,False
337,2,-282.53746893098105,-14.88833022238839,0.07639236046382893,0.012444879049361745,0.012277846139377865,False
337,3,-282.66011110158513,-15.010972392992471,0.0740574813113631,0.014843935679189067,0.012450548179751634,False
337,4,-282.760809348292,-15.111670639699355,0.2344003614718793,0.028402108277386314,0.02700598929522273,False
337,5,-282.40878331396914,-14.75964460537648,0.1365095560172885,0.048314651207935815,0.03427438581021999,False
337,6,-282.28633215868723,-14.637193450094571,0.259641658813908,0.030545606614373163,0.02931325823092243,False
337,7,-281.7272383452117,-14.078099636619015,0.13245751563068062,0.06580686355777692,0.06526927002765093,False
337,8,-281.94587016791615,-14.296731459323496,0.06430819582959628,0.006622042416879205,0.005546299915465141,False
337,9,-265.73273632791364,1.916402380679017,2.4358236594703486,,,True
338,0,-267.64913870859266,0.0,2.3308643852862914,,,True
338,1,-282.3531916300779,-14.704052921485243,0.12184646039947983,0.09893141280973357,0.08065517485750766,False
338,2,-282.5373288220979,-14.888190113505232,0.07614052429396746,0.01315454977200626,0.01263282002549677,False
338,3,-282.65908452728405,-15.009945818691392,0.07394057338707705,0.013933462086538083,0.011691217284762277,False
338,4,-282.7580561155287,-15.10891740693603,0.23459198714904397,0.029433967301223666,0.027598966814892777,False
338,5,-282.4079799618594,-14.758841253266723,0.1354591078022195,0.050234703979439826,0.0359157628358413,False
338,6,-282.2822922949175,-14.633153586324852,0.26486306222459227,0.03058208982073214,0.029161196458061013,False
338,7,-281.7344420009674,-14.08530329237476,0.13974804925729262,0.06443897777226372,0.06247233471180963,False
338,8,-281.94629770525813,-14.297158996665473,0.06510933173262493,0.010488899863542631,0.007457063580972045,False
338,9,-265.73273632791364,1.916402380679017,2.4358236594703486,,,True
339,0,-267.64913870859266,0.0,2.3308643852862914,,,True
339,1,-282.3505538786934,-14.701415170100745,0.12910012484810687,0.03901664764579015,0.02862409550593276,False
339,2,-282.5371714729716,-14.88803276437892,0.0758221610878588,0.014644640753207882,0.013990094882242031,False
339,3,-282.6578558825575,-15.00871717396484,0.07378883584282797,0.01279557668282343,0.01079147278133535,False
339,4,-282.75468010746295,-15.105541398870287,0.23463105695344114,0.02717328699494186,0.02513772580846738,False
339,5,-282.4071572860733,-14.758018577480641,0.134125270603571,0.052479842855546424,0.03806534812447955,False
339,6,-282.27732330046126,-14.628184591868603,0.2711468653039259,0.03064826103959497,0.02897511099237277,False
339,7,-281.74338843750695,-14.094249728914292,0.1485862790153371,0.06573867244061074,0.06045980905327477,False
339,8,-281.9467232977212,-14.297584589128519,0.06655862734323735,0.005110932070870768,0.004526575792012326,False
339,9,-265.73273632791364,1.916402380679017,2.4358236594703486,,,True
340,0,-267.64913870859266,0.0,2.3308643852862914,,,True
340,1,-282.3460805057783,-14.696941797185616,0.1386352901585932,0.0836617190661417,0.06282415765520821,False
340,2,-282.53700770544765,-14.88786899685499,0.07541662610985814,0.01736945372051863,0.017161150019636404,False
340,3,-282.65638415016014,-15.007245441567477,0.07360235153757881,0.01130528457409695,0.00955896503714447,False
340,4,-282.7505488085409,-15.101410099948225,0.23457490993326924,0.026388390239193267,0.02125718939927848,False
340,5,-282.40639605314914,-14.757257344556479,0.13240575303232646,0.05509893668513523,0.04057961154543027,False
340,6,-282.2711684240302,-14.62202971543752,0.2786933111924118,0.03076320107052442,0.028737509074322622,False
340,7,-281.75394803088545,-14.104809322292795,0.15928351004744606,0.06337421633686684,0.05794038762002541,False
340,8,-281.94708643660834,-14.297947728015686,0.06794008005105043,0.010598500016907864,0.008557755893469401,False
340,9,-265.73273632791364,1.916402380679017,2.4358236594703486,,,True
341,0,-267.64913870859266,0.0,2.3308643852862914,,,True
341,1,-282.33980468474306,-14.690665976150399,0.14995755430927943,0.11867841700540568,0.08773884431552575,False
341,2,-282.53687169754585,-14.88773298895319,0.0749474297403489,0.019341938814768405,0.018895280795127187,False
341,3,-282.6546503768026,-15.00551166820992,0.07337042550258803,0.00937561379308121,0.007890279070073277,False
341,4,-282.7454522776353,-15.09631356904265,0.234776512073172,0.02450600923950987,0.02029536725931344,False
341,5,-282.40585673715697,-14.756718028564308,0.13027982619063067,0.058114920436944086,0.04300911897458684,False
341,6,-282.2636200748804,-14.614481366287748,0.28756903591120253,0.030961944710010684,0.030012697979613537,False
341,7,-281.7648558124584,-14.115717103865734,0.17138950302627254,0.055352851013145986,0.05282751929185378,False
341,8,-281.94731923030315,-14.298180521710492,0.06905430484306625,0.011008405560326676,0.00826056079969936,False
341,9,-265.73273632791364,1.916402380679017,2.4358236594703486,,,True
342,0,-267.64913870859266,0.0,2.3308643852862914,,,True
342,1,-282.3326111274256,-14.683472418832935,0.16244577966570367,0.09327017720066047,0.07128314247343992,False
342,2,-282.53683483433343,-14.887696125740774,0.07453466001933325,0.022303743889070148,0.021331651295368046,False
342,3,-282.6528373055353,-15.003698596942627,0.07306648941360486,0.007238241077523362,0.00615342236180321,False
342,4,-282.7396311019352,-15.090492393342515,0.23599362493744935,0.02259396676885726,0.01858555026898301,False
342,5,-282.40578908544353,-14.756650376850871,0.1279779903601272,0.061260330351851855,0.04522166440423404,False
342,6,-282.2553151077236,-14.606176399130959,0.2968943450698926,0.031711576594511987,0.03158281708505949,False
342,7,-281.77279921487343,-14.123660506280771,0.18217566551242034,0.04684605435644697,0.045555857289703,False
342,8,-281.9473198486718,-14.298181140079123,0.07147426227880896,0.007209309265498027,0.005046244151895223,False
342,9,-265.73273632791364,1.916402380679017,2.4358236594703486,,,True
343,0,-267.64913870859266,0.0,2.3308643852862914,,,True
343,1,-282.3238965260539,-14.674757817461227,0.16820472560348967,0.07007349817819007,0.0541890323238952,False
343,2,-282.5369782119184,-14.887839503325722,0.07424847223370815,0.027751012924990676,0.027382545530520233,False
343,3,-282.6510783407422,-15.001939632149515,0.07268764159982329,0.005022380365102293,0.004439441611313993,False
343,4,-282.73328678554066,-15.084148076947997,0.23899144297913927,0.020676524734508248,0.01788891772681658,False
343,5,-282.40637683893124,-14.757238130338578,0.1255490528884338,0.06443017876055583,0.0477284019415182,False
343,6,-282.24668871518986,-14.597550006597203,0.30622898684789895,0.03277215832789393,0.03243948625956719,False
343,7,-281.77622518711973,-14.127086478527076,0.18955205593394803,0.040346471870702325,0.038651319687025384,False
343,8,-281.9470221755799,-14.29788346698723,0.07362971729918202,0.007561773587469441,0.005805714675139013,False
343,9,-265.73273632791364,1.916402380679017,2.4358236594703486,,,True
344,0,-267.64913870859266,0.0,2.3308643852862914,,,True
344,1,-282.3134912271046,-14.664352518511919,0.18086300608212197,0.0410923132531843,0.030303848405467973,False
344,2,-282.53741047350695,-14.888271764914293,0.07412668555494033,0.029745446850546982,0.027109716707140116,False
344,3,-282.6493907596007,-15.000252051008033,0.0722568100975948,0.003743089528092245,0.003376580661438395,False
344,4,-282.72643196940464,-15.077293260811985,0.2434032980211192,0.018327996351842225,0.0170348898659697,False
344,5,-282.4078297545624,-14.758691045969726,0.12286314158717025,0.06772007739523987,0.04998669005137326,False
344,6,-282.23759786700236,-14.588459158409705,0.3159178028370505,0.032893538410180855,0.032272712862625175,False
344,7,-281.77605815878906,-14.126919450196397,0.1936933440196579,0.04607076463509745,0.044501294187362046,False
344,8,-281.94638379136995,-14.297245082777295,0.07558603837744134,0.008529989556865068,0.006815849821065139,False
344,9,-265.73273632791364,1.916402380679017,2.4358236594703486,,,True
345,0,-267.64913870859266,0.0,2.3308643852862914,,,True
345,1,-282.3015977492091,-14.652459040616463,0.18855247125809635,0.04144613525671424,0.033494553683375686,False
345,2,-282.5382911000411,-14.88915239144842,0.07425768120486737,0.03845925636806704,0.037579529389026485,False
345,3,-282.6478097346966,-14.99867102610392,0.07172521916131665,0.003209226106921095,0.0028788783618286734,False
345,4,-282.7192374556125,-15.070098747019813,0.247383411406382,0.02161114637601414,0.018631427553793208,False
345,5,-282.41039249353724,-14.761253784944586,0.11986530938554191,0.07075178672759858,0.05140951000534934,False
345,6,-282.22792414653895,-14.578785437946294,0.326278171204986,0.03155000500015453,0.030597349917646517,False
345,7,-281.77401076413776,-14.124872055545097,0.1942998610653869,0.05631932751721265,0.05364479608436396,False
345,8,-281.94537722893426,-14.296238520341603,0.07851269393088947,0.009103866102629015,0.006826256917094156,False
345,9,-265.73273632791364,1.916402380679017,2.4358236594703486,,,True
346,0,-267.64913870859266,0.0,2.3308643852862914,,,True
346,1,-282.2888476568758,-14.639708948283157,0.19683929588016427,0.04262806550299291,0.02886946597650232,False
346,2,-282.53977314683095,-14.890634438238294,0.07474897985186875,0.03848656196835801,0.030835568869098724,False
346,3,-282.646386793185,-14.997248084592343,0.07107088481289613,0.002993917421126495,0.0026232068170730753,False
346,4,-282.71192931151097,-15.062790602918312,0.24907516832077733,0.02629211036290107,0.02034150549122879,False
346,5,-282.4142440154535,-14.765105306860846,0.11655865053392582,0.0728661760045283,0.05255118767609209,False
346,6,-282.21761177264204,-14.568473064049385,0.33748165136693037,0.030901982835335115,0.027591441007125843,False
346,7,-281.77131526086333,-14.122176552270673,0.19402503306313934,0.05360755243090911,0.05176463206299689,False
346,8,-281.9439954704384,-14.294856761845722,0.08103344858077313,0.012829521996306749,0.009953491478843076,False
346,9,-265.73273632791364,1.916402380679017,2.4358236594703486,,,True
347,0,-267.64913870859266,0.0,2.3308643852862914,,,True
347,1,-282.2759573514662,-14.626818642873559,0.2015240195817491,0.04778789384511533,0.030562835802679638,False
347,2,-282.541974173791,-14.892835465198345,0.0831468725566392,0.04844557737292591,0.04565109102487313,False
347,3,-282.6451734022954,-14.996034693702768,0.07035243065744151,0.0052328395678408945,0.003520533472560228,False
347,4,-282.7046887887909,-15.055550080198259,0.24792280036915362,0.02980504725785982,0.021166062441005606,False
347,5,-282.41947599070755,-14.770337282114895,0.11313958503294343,0.07462439882937515,0.05255411195866511,False
347,6,-282.2066225210337,-14.557483812441035,0.34953622545543545,0.030331341225026242,0.026035027372160943,False
347,7,-281.76832229334934,-14.119183584756684,0.19383707284668014,0.04624550623619691,0.03911578292307096,False
347,8,-281.942251870807,-14.293113162214354,0.08413749362026504,0.01944205574541639,0.014668097329853587,False
347,9,-265.73273632791364,1.916402380679017,2.4358236594703486,,,True
348,0,-267.64913870859266,0.0,2.3308643852862914,,,True
348,1,-282.2635685870814,-14.61442987848875,0.20867644712561703,0.04854817638494587,0.032750096944477655,False
348,2,-282.5447797563205,-14.89564104772785,0.07712688074042115,0.05545000488540599,0.03607804781687586,False
348,3,-282.64421073046464,-14.995072021871977,0.06955179912670417,0.007655147333867641,0.005260732779578107,False
348,4,-282.69762274013306,-15.048484031540397,0.24490679371471116,0.030103268084174507,0.022363789386148438,False
348,5,-282.42625501271476,-14.777116304122103,0.10983511939484218,0.07781708727804507,0.05200131379514467,False
348,6,-282.1949307614203,-14.545792052827665,0.362207332978058,0.029704589108829667,0.02584912271690495,False
348,7,-281.7649967527335,-14.11585804414085,0.19417521671321294,0.05095052006281843,0.035952840181350365,False
348,8,-281.9401641658601,-14.291025457267438,0.08647887058313343,0.028161136562918042,0.02048002363145361,False
348,9,-265.73273632791364,1.916402380679017,2.4358236594703486,,,True
349,0,-267.64913870859266,0.0,2.3308643852862914,,,True
349,1,-282.252066059359,-14.602927350766322,0.20916665444148677,0.04453762144891942,0.03314982535533793,False
349,2,-282.5479478943187,-14.898809185726066,0.09382974004911038,0.054484221400813014,0.046281350575880086,False
349,3,-282.6435219275571,-14.994383218964458,0.06866882669141787,0.00986334908984045,0.0068335915270464976,False
349,4,-282.69076518639895,-15.04162647780629,0.24195218587666417,0.028497577186108798,0.02169912677562886,False
349,5,-282.4349079435975,-14.785769235004864,0.1066211985059785,0.08352128596322379,0.0547208269156642,False
349,6,-282.182519750708,-14.533381042115366,0.37521533631602105,0.02915848217296818,0.025740916507785178,False
349,7,-281.76135705669867,-14.112218348106012,0.19500258157192202,0.05135450541796835,0.03702607051021575,False
349,8,-281.9377662222947,-14.288627513702068,0.09081048722801499,0.04285108499257514,0.03180790438894288,False
349,9,-265.73273632791364,1.916402380679017,2.4358236594703486,,,True
350,0,-267.64913870859266,0.0,2.3308643852862914,,,True
350,1,-282.24171695741734,-14.59257824882468,0.2156055707830576,0.06495501063704752,0.04655681448619438,False
350,2,-282.550871803788,-14.901733095195368,0.0808201321965361,0.06699907874635985,0.04636334298654233,False
350,3,-282.64311370045874,-14.993974991866082,0.06777256178373003,0.01180122013116458,0.008280301826699232,False
350,4,-282.68424882692375,-15.03511011833109,0.24016231731016613,0.028339116093297194,0.02130552961749421,False
350,5,-282.44583071735246,-14.796692008759806,0.10342445472077386,0.09313518858894791,0.06085327181219767,False
350,6,-282.16940216037415,-14.520263451781489,0.38843102388330303,0.028770090634214006,0.02575313961633143,False
350,7,-281.75748328252917,-14.108344573936506,0.195301266937585,0.04860073359929965,0.039070833077442364,False
350,8,-281.93507184672706,-14.285933138134396,0.09170411827407064,0.06001149192453288,0.042520412030038694,False
350,9,-265.73273632791364,1.916402380679017,2.4358236594703486,,,True
351,0,-267.64913870859266,0.0,2.3308643852862914,,,True
351,1,-282.2326788487213,-14.583540140128662,0.21222876461600398,0.08929185912528116,0.06325425296296702,False
351,2,-282.5531463206338,-14.904007612041141,0.08681863631064896,0.04968363648363923,0.044532780368209894,False
351,3,-282.6429747067526,-14.993835998159966,0.06686727725057315,0.013378137524595043,0.009457347476151285,False
351,4,-282.6782276562253,-15.029088947632658,0.23865067141806964,0.02961418203750937,0.02197377939678373,False
351,5,-282.45976736872564,-14.810628660132977,0.10017525500716978,0.11025138871164547,0.07795524749741099,False
351,6,-282.1556211386272,-14.506482430034566,0.4018177547844552,0.028477581276462514,0.025754298694741017,False
351,7,-281.753417618828,-14.104278910235337,0.1957741033297517,0.042884063991462704,0.032030271490574386,False
351,8,-281.93217801318224,-14.283039304589579,0.0974510358893439,0.07855096111392197,0.057416201195677974,False
351,9,-265.73273632791364,1.916402380679017,2.4358236594703486,,,True
352,0,-267.64913870859266,0.0,2.3308643852862914,,,True
352,1,-282.22526137393413,-14.576122665341472,0.21904627307057398,0.10595492037739826,0.07530344412259979,False
352,2,-282.55414449430845,-14.905005785715787,0.08331533047609936,0.042453877077127805,0.03170093251110447,False
352,3,-282.64308428514653,-14.99394557655387,0.06596398152654477,0.014573311504517461,0.010286249064725975,False
352,4,-282.6728147422481,-15.02367603365542,0.23633268310286829,0.03208915408934396,0.023573345168367153,False
352,5,-282.4786140733113,-14.829475364718633,0.1210644549359483,0.13845250110814372,0.09991386621680311,False
352,6,-282.14128630706614,-14.49214759847348,0.41524178006985807,0.028181066597810268,0.02561634207487148,False
352,7,-281.7491752697675,-14.100036561174818,0.19646882530464893,0.036526539742749414,0.03232188303559754,False
352,8,-281.9291638339711,-14.280025125378415,0.11391518930010872,0.08607020411358701,0.06052419731230185,False
352,9,-265.73273632791364,1.916402380679017,2.4358236594703486,,,True
353,0,-267.64913870859266,0.0,2.3308643852862914,,,True
353,1,-282.2196626219561,-14.570523913363445,0.21239800962227084,0.10122095415306115,0.07035153454641972,False
353,2,-282.5537935970347,-14.904654888442053,0.08371495479061163,0.019369545157886255,0.015614306677924943,False
353,3,-282.64341020505947,-14.994271496466808,0.06512199181353971,0.015413789386412802,0.010902277395532008,False
353,4,-282.6681037876547,-15.018965079062014,0.23269181700845584,0.035606684930913055,0.02566632197670059,False
353,5,-282.50565440558967,-14.856515696997008,0.1668005186393439,0.179085011035167,0.12901967441464618,False
353,6,-282.12664737136595,-14.477508662773289,0.4283342017752289,0.027879211192508784,0.025404414805520723,False
353,7,-281.74480291540783,-14.095664206815172,0.19824543148865298,0.028995742069047446,0.02119674207595477,False
353,8,-281.92630284713766,-14.277164138545004,0.10277795637707446,0.07480352376715406,0.05447367691030939,False
353,9,-265.73273632791364,1.916402380679017,2.4358236594703486,,,True
354,0,-267.64913870859266,0.0,2.3308643852862914,,,True
354,1,-282.2160197485874,-14.566881039994769,0.21688096282640956,0.05745369967802598,0.046349140138077345,False
354,2,-282.55232009311464,-14.903181384521986,0.08363556240099775,0.022943201790060996,0.01793677960169171,False
354,3,-282.64390176574386,-14.994763057151204,0.06436624588013325,0.015976812231463102,0.011351728596398873,False
354,4,-282.6641633229401,-15.015024614347453,0.2275219415320047,0.03982935476324655,0.028134657335616053,False
354,5,-282.54471733977005,-14.895578631177386,0.21407466761180732,0.2218467550074744,0.16047630344881686,False
354,6,-282.11213586856206,-14.462997159969404,0.44052056549824675,0.02754941340065153,0.02516854492818115,False
354,7,-281.74040067968076,-14.091261971088102,0.20053282092327912,0.02383380347892395,0.022112491157267024,False
354,8,-281.92358463715914,-14.274445928566479,0.10319518015121158,0.02895345599934958,0.02118953378040837,False
354,9,-265.73273632791364,1.916402380679017,2.4358236594703486,,,True
355,0,-267.64913870859266,0.0,2.3308643852862914,,,True
355,1,-282.2135352991331,-14.564396590540468,0.214826772819006,0.04224253494679857,0.0361323598742333,False
355,2,-282.5503391188364,-14.901200410243746,0.0832355886544735,0.033511922795578374,0.03006015989398475,False
355,3,-282.6444990310923,-14.995360322499664,0.06369723370599117,0.016372450763810553,0.011649795257996219,False
355,4,-282.6610103596845,-15.011871651091838,0.22032769669517768,0.043464466852552015,0.03105054223795096,False
355,5,-282.5963261291178,-14.947187420525154,0.2290981943798527,0.23332872593106715,0.1671117318272943,False
355,6,-282.0982548708429,-14.44911616225022,0.45122273162640103,0.02716087908497668,0.024923665570513915,False
355,7,-281.73609272931134,-14.086954020718679,0.20353992384492883,0.025769970949042573,0.02532677154709002,False
355,8,-281.9207748529316,-14.271636144338913,0.1053896784239756,0.032280610110588,0.02332697296147371,False
355,9,-265.73273632791364,1.916402380679017,2.4358236594703486,,,True
356,0,-267.64913870859266,0.0,2.3308643852862914,,,True
356,1,-282.2119904642562,-14.56285175566353,0.2102902491877244,0.062064725940139294,0.04563900315748525,False
356,2,-282.5482656926154,-14.899126984022757,0.08259044939445086,0.030686551615270286,0.02826630051433958,False
356,3,-282.6451583728668,-14.996019664274115,0.06311364917284477,0.016817237360765014,0.01197761380351101,False
356,4,-282.65864888384317,-15.009510175250512,0.20762401576981487,0.11234936968304458,0.07742496482017616,False
356,5,-282.64955888243276,-15.000420173840098,0.16817416343725625,0.17194026883950356,0.13355094165291373,False
356,6,-282.0852338165406,-14.43609510794795,0.4601328008914591,0.026666420942463562,0.024651263852646904,False
356,7,-281.73196039866195,-14.082821690069295,0.20630421443224586,0.029442141767036623,0.028823952856984504,False
356,8,-281.91812061578884,-14.268981907196178,0.10878115203559988,0.04266000954861426,0.03087763986448962,False
356,9,-265.73273632791364,1.916402380679017,2.4358236594703486,,,True
357,0,-267.64913870859266,0.0,2.3308643852862914,,,True
357,1,-282.21148378652924,-14.562345077936584,0.21091098211032272,0.01677330291468096,0.014097343515532044,False
357,2,-282.54619563708036,-14.8970569284877,0.08193120095800806,0.026455448318493304,0.022721719330095442,False
357,3,-282.64588866467307,-14.996749956080407,0.0625795717123977,0.01785739828544688,0.01277560188605018,False
357,4,-282.65952455017975,-15.010385841587095,0.1207811559140697,0.11584249669628796,0.08348371582495978,False
357,5,-282.67335069974627,-15.024211991153607,0.22528465909126463,0.22607268111647535,0.20394662451555032,False
357,6,-282.07258785031956,-14.423449141726906,0.4674896184666072,0.026058916669406663,0.024353012324435198,False
357,7,-281.7278879881812,-14.078749279588521,0.20837812808908593,0.03368699394576783,0.032788930614343334,False
357,8,-281.9156386353187,-14.266499926726055,0.10980692597711571,0.012210233691628986,0.00886198362934103,False
357,9,-265.73273632791364,1.916402380679017,2.4358236594703486,,,True
358,0,-267.64913870859266,0.0,2.3308643852862914,,,True
358,1,-282.2112590758229,-14.56212036723025,0.21102311396982293,0.06045565956368715,0.04584366579201514,False
358,2,-282.5439800955904,-14.894841386997768,0.08224144348884548,0.02463683672421365,0.019188881997493065,False
358,3,-282.6467841732432,-14.997645464650532,0.06199185157064989,0.01886436906003603,0.013542598941303014,False
358,4,-282.66180701059886,-15.012668302006205,0.09218323841694703,0.0789129622196714,0.07357420309407701,False
358,5,-282.6550668202507,-15.005928111658022,0.6113134720945813,0.6129156795748458,0.5521599490262258,False
358,6,-282.05878483303184,-14.409646124439178,0.4739670822117162,0.025284399410545635,0.023978182608303346,False
358,7,-281.72341397928216,-14.074275270689498,0.21030950136771792,0.03922993490160134,0.037879130985990474,False
358,8,-281.9127257781906,-14.263587069597918,0.11064185061420556,0.04231059721719467,0.02965775242369733,False
358,9,-265.73273632791364,1.916402380679017,2.4358236594703486,,,True
359,0,-267.64913870859266,0.0,2.3308643852862914,,,True
359,1,-282.2106703822627,-14.56153167367006,0.22510964674228415,0.1848820852496109,0.13431182605390565,False
359,2,-282.54389699674243,-14.894758288149774,0.08173991885976828,0.030788174051789994,0.026621826137913366,False
359,3,-282.6472075285375,-14.99806881994482,0.061777393948904684,0.018864134796159025,0.01329664365757119,False
359,4,-282.66440395401196,-15.0152652454193,0.183180150330272,0.17697551023237598,0.1176799626188859,False
359,5,-282.6884898744533,-15.039351165860637,0.32865981440130876,0.3329968225779351,0.3057873533186397,False
359,6,-282.05628269073384,-14.407143982141179,0.47233347771850565,0.025550973663906455,0.024375094022264454,False
359,7,-281.7227697777597,-14.07363106916705,0.2063872455981011,0.04003064070884041,0.038804336075033814,False
359,8,-281.91113955182675,-14.262000843234091,0.1560950741152358,0.14874052263852935,0.10697083368766623,False
359,9,-265.73273632791364,1.916402380679017,2.4358236594703486,,,True
360,0,-267.64913870859266,0.0,2.3308643852862914,,,True
360,1,-282.2125856594158,-14.563446950823163,0.2092189946689209,0.048545614443180084,0.037435921422900295,False
360,2,-282.5438825031755,-14.894743794582837,0.08166536406286089,0.021140396964012296,0.016288164174307847,False
360,3,-282.6473262769832,-14.998187568390563,0.061761954993607836,0.01888440092539451,0.01344409911201806,False
360,4,-282.66737445538854,-15.018235746795881,0.0948100155922889,0.08986533484404473,0.06065781228768881,False
360,5,-282.7029648587079,-15.053826150115242,0.1956277237421472,0.19648212379454083,0.1870108946763245,False
360,6,-282.0555913087744,-14.406452600181751,0.47241249920865824,0.02541375484526408,0.024237738392506553,False
360,7,-281.7225822412472,-14.07344353265455,0.2072925207692032,0.04095040100673219,0.03966377185890604,False
360,8,-281.91192691747506,-14.262788208882398,0.11097134866176593,0.04134752212560687,0.02897988226375713,False
360,9,-265.73273632791364,1.916402380679017,2.4358236594703486,,,True
361,0,-267.64913870859266,0.0,2.3308643852862914,,,True
361,1,-282.2114495476808,-14.562310839088127,0.21479960872984855,0.19902365658712867,0.14287691492899876,False
361,2,-282.5437918733754,-14.894653164782767,0.08147659639195436,0.023540850240372568,0.019774301061178993,False
361,3,-282.6475724125944,-14.99843370400174,0.061704708870913186,0.018922458251397406,0.013617841580343721,False
361,4,-282.66975867536536,-15.0206199667727,0.07103533266960824,0.06298773763246768,0.05834103948761008,False
361,5,-282.71099205313277,-15.061853344540111,0.12115316665549884,0.11990788016754567,0.1079571244086644,False
361,6,-282.0541502913869,-14.405011582794259,0.4726142457858134,0.025160884583585143,0.02400225310686685,False
361,7,-281.7221793428073,-14.073040634214635,0.208070162824565,0.04237366578650095,0.040977926716189016,False
361,8,-281.91058855704415,-14.261449848451491,0.1733240388220629,0.14203154884541158,0.10109570792140102,False
361,9,-265.73273632791364,1.916402380679017,2.4358236594703486,,,True
362,0,-267.64913870859266,0.0,2.3308643852862914,,,True
362,1,-282.21249207267357,-14.56335336408091,0.21231423719567571,0.1338056138547551,0.09479375589326,False
362,2,-282.54378999811877,-14.89465128952611,0.08144297966838959,0.022146984381669798,0.018448836449757724,False
362,3,-282.64760211232954,-14.998463403736878,0.06168881270710692,0.018920950005351468,0.01359311224834333,False
362,4,-282.67020562314366,-15.021066914551,0.07078522579880875,0.05662686376139981,0.053285652409780865,False
362,5,-282.71185002574134,-15.062711317148683,0.10579944419599101,0.10479260108509332,0.09599375103531009,False
362,6,-282.0539764460848,-14.40483773749213,0.47265187218093163,0.02515513937786955,0.024004933193231395,False
362,7,-281.72213516280505,-14.072996454212387,0.20773418021553475,0.042503888884462375,0.04110966737553587,False
362,8,-281.91108822780166,-14.261949519208997,0.13172721770286666,0.10041827067928859,0.07074479650645814,False
362,9,-265.73273632791364,1.916402380679017,2.4358236594703486,,,True
363,0,-267.64913870859266,0.0,2.3308643852862914,,,True
363,1,-282.2133801825657,-14.564241473973027,0.20818487423889342,0.03165085688084336,0.0258152489875656,False
363,2,-282.54377756850624,-14.894638859913584,0.08137575167686444,0.020256106227478265,0.01615743147443134,False
363,3,-282.6476622357123,-14.99852352711963,0.06165809657172106,0.01891993972451068,0.013550423040663687,False
363,4,-282.67099252539333,-15.021853816800672,0.07040127932294107,0.04548750233812372,0.04396234390872807,False
363,5,-282.7132532145599,-15.064114505967268,0.07982789685745861,0.07954457929095197,0.07405315080587244,False
363,6,-282.0536242699236,-14.404485561330944,0.47272815878389307,0.025141835602310588,0.024008356903659017,False
363,7,-281.72204224916777,-14.072903540575112,0.20713853665431542,0.042735304055257085,0.04134021272210565,False
363,8,-281.91148500479903,-14.262346296206374,0.111499386326331,0.02824453529255966,0.020009198638735518,False
363,9,-265.73273632791364,1.916402380679017,2.4358236594703486,,,True
364,0,-267.64913870859266,0.0,2.3308643852862914,,,True
364,1,-282.2133129844811,-14.564174275888433,0.2039518283587239,0.07947111816080549,0.05704500214475903,False
364,2,-282.54374548882146,-14.894606780228798,0.08127462115469998,0.01987209413263734,0.01672356173868199,False
364,3,-282.6477554255902,-14.99861671699756,0.06161415595008196,0.018923192876439104,0.013503339524324956,False
364,4,-282.67199163754935,-15.022852928956695,0.06988153779276318,0.0398926067045544,0.03588286233183205,False
364,5,-282.7147923153299,-15.065653606737214,0.07126672914065155,0.06077090566804719,0.053182928939651604,False
364,6,-282.0530779266289,-14.403939218036214,0.472846716108178,0.025116419638483666,0.024007934204956293,False
364,7,-281.72189401101156,-14.072755302418898,0.20641486015394156,0.043071499337066624,0.04166732151426473,False
364,8,-281.9112548124127,-14.262116103820063,0.11329147038513965,0.05366351399443132,0.03869696158011173,False
364,9,-265.73273632791364,1.916402380679017,2.4358236594703486,,,True
365,0,-267.64913870859266,0.0,2.3308643852862914,,,True
365,1,-282.21297757337186,-14.5638388647792,0.20135418865088658,0.13371298969311476,0.09634125026003973,False
365,2,-282.5436953850626,-14.89455667646996,0.08114547547923226,0.022961438941690487,0.01955976968218115,False
365,3,-282.64788077691406,-14.998742068321405,0.061560795519067055,0.018934875737705498,0.013471238163165183,False
365,4,-282.67311680235326,-15.023978093760604,0.06898613488034176,0.04184281286116341,0.03452002721131704,False
365,5,-282.71620537114666,-15.067066662553998,0.07076555214314116,0.060756914545643796,0.058303767120461834,False
365,6,-282.0523424070852,-14.403203698492518,0.47300663227702716,0.025073144099804913,0.023996474588752002,False
365,7,-281.721694294291,-14.072555585698353,0.2057326778633787,0.04357390482191028,0.04214883520622492,False
365,8,-281.9107013962873,-14.261562687694664,0.11443312448790395,0.10328188349819495,0.07439557759626089,False
365,9,-265.73273632791364,1.916402380679017,2.4358236594703486,,,True
366,0,-267.64913870859266,0.0,2.3308643852862914,,,True
366,1,-282.21333162316637,-14.56419291457371,0.20115728657634688,0.12981264053406513,0.0935062226488254,False
366,2,-282.5436359750447,-14.89449726645205,0.08099802506669673,0.02341606082990196,0.01974723851772471,False
366,3,-282.64803368431285,-14.99889497572019,0.06150213055213621,0.018957525621931245,0.013468965675005242,False
366,4,-282.6743846236758,-15.025245915083133,0.06752999799814971,0.056987657756211854,0.03977819010403097,False
366,5,-282.71758075622665,-15.068442047633994,0.0705933638567125,0.06728283152966968,0.06527325607601438,False
366,6,-282.05144450516167,-14.40230579656901,0.4732018753731025,0.025008178486791637,0.023967629268291074,False
366,7,-281.7214545022577,-14.072315793665041,0.2052136880937472,0.04429807907580003,0.04284015462022114,False
366,8,-281.9104721500612,-14.261333441468537,0.11454245234515187,0.10388989654830502,0.07483328003309145,False
366,9,-265.73273632791364,1.916402380679017,2.4358236594703486,,,True
367,0,-267.64913870859266,0.0,2.3308643852862914,,,True
367,1,-282.21425224559107,-14.56511353699841,0.2031354501272535,0.07412635019015999,0.05343264804624125,False
367,2,-282.5435694550994,-14.894430746506714,0.08083798803153996,0.020508133329821054,0.017196437928192584,False
367,3,-282.64821207823746,-14.999073369644805,0.06143990796880354,0.018992979117324595,0.01350412595282526,False
367,4,-282.6758803526434,-15.02674164405073,0.06860530404499077,0.06297310403170432,0.04314417493812233,False
367,5,-282.71921296984107,-15.070074261248408,0.07158847356744802,0.07573928509330445,0.06921824089480416,False
367,6,-282.0503963743756,-14.401257665782964,0.4734290374067861,0.024918656126798503,0.023916555751719866,False
367,7,-281.7211790872329,-14.072040378640224,0.20491441341120836,0.045239408856479285,0.043736503744659,False
367,8,-281.91055754463594,-14.261418836043276,0.11370420969659602,0.05930972406560051,0.042780168932307794,False
367,9,-265.73273632791364,1.916402380679017,2.4358236594703486,,,True
368,0,-267.64913870859266,0.0,2.3308643852862914,,,True
368,1,-282.21488156961664,-14.565742861023978,0.20625598931463374,0.021948870009628318,0.01838556426749608,False
368,2,-282.5434887376797,-14.894350029087036,0.08066609247496215,0.015997283368330825,0.012670611710570122,False
368,3,-282.6484173119734,-14.99927860338073,0.061373379087999,0.019043338939231633,0.013577790947435105,False
368,4,-282.6776536374771,-15.02851492888442,0.06401108885467761,0.057909777042993986,0.03769830565091626,False
368,5,-282.72131941288444,-15.072180704291782,0.07120566855813767,0.07131843854346925,0.062039711527474645,False
368,6,-282.0491905013381,-14.400051792745444,0.47368812163261137,0.024801825787011844,0.023839159574408412,False
368,7,-281.7208653096702,-14.071726601077557,0.20482917544286225,0.04634776607163527,0.04478771521315402,False
368,8,-281.910416321586,-14.261277612993354,0.1123911895143497,0.010449927813804171,0.0076370381499295875,False
368,9,-265.73273632791364,1.916402380679017,2.4358236594703486,,,True
369,0,-267.64913870859266,0.0,2.3308643852862914,,,True
369,1,-282.2149546378982,-14.56581592930553,0.20903601467267022,0.09718706178844176,0.06863250239078042,False
369,2,-282.5433741524972,-14.894235443904563,0.08045874151988622,0.016577251339783626,0.013660358981588211,False
369,3,-282.64867828571766,-14.999539577125006,0.06129144699912254,0.019118454333524975,0.013694883566903134,False
369,4,-282.67986184715426,-15.030723138561598,0.0631039438944699,0.04192168248333265,0.03470737375318355,False
369,5,-282.72412662593797,-15.074987917345311,0.07174573132481925,0.05224172738519395,0.0476419620186746,False
369,6,-282.0476582704972,-14.39851956190455,0.47401153508307725,0.024639179716524556,0.02372017202271738,False
369,7,-281.720472010123,-14.07133330153033,0.20486611193133622,0.04772428329392894,0.04609095645283158,False
369,8,-281.90980159734005,-14.26066288874739,0.11126001221566606,0.06834221687789989,0.04745650765755784,False
369,9,-265.73273632791364,1.916402380679017,2.4358236594703486,,,True
370,0,-267.64913870859266,0.0,2.3308643852862914,,,True
370,1,-282.21544204223585,-14.56630333364319,0.20920094077857054,0.10654208624020904,0.07581552723469956,False
370,2,-282.54322234082895,-14.894083632236288,0.08020391278201097,0.01637857933551473,0.014032520518227712,False
370,3,-282.64900456819714,-14.999865859604483,0.06118614620527792,0.019223659516992,0.013841000023569836,False
370,4,-282.68237290636057,-15.03323419776791,0.0632865575122812,0.03955137789289395,0.035959024294037675,False
370,5,-282.7273517377664,-15.078213029173753,0.07197794260148822,0.045486265165132406,0.0401643253621224,False
370,6,-282.0457456347937,-14.39660692620106,0.47440251070171574,0.02442512617982023,0.0235535935431179,False
370,7,-281.71999504839164,-14.07085633979898,0.20478334824370442,0.04939633843935002,0.04768181188334,False
370,8,-281.9092386612283,-14.260099952635642,0.11134373947852279,0.07943876805254091,0.05552269999545296,False
370,9,-265.73273632791364,1.916402380679017,2.4358236594703486,,,True
371,0,-267.64913870859266,0.0,2.3308643852862914,,,True
371,1,-282.21661443753464,-14.567475728941986,0.20578892282179193,0.026864303029944775,0.021220463400476675,False
371,2,-282.54303421471957,-14.89389550612691,0.07988068721685393,0.01437773909825549,0.012261541400146512,False
371,3,-282.64940986465797,-15.00027115606531,0.06104535151410462,0.019365778331512283,0.013994798408462721,False
371,4,-282.6851647786535,-15.036026070060814,0.06447187206655984,0.039533361296852726,0.036736625044244846,False
371,5,-282.7308847551971,-15.08174604660445,0.07136800393005321,0.05710557573733185,0.041762039802787636,False
371,6,-282.04337781472293,-14.394239106130271,0.4748591455783482,0.024156939398526468,0.023337193095166006,False
371,7,-281.71942727932264,-14.070288570729986,0.2042587756602954,0.05136471134271527,0.049573672780261036,False
371,8,-281.9089380402902,-14.259799331697536,0.11277616595866792,0.02596611377514336,0.01833278897866335,False
371,9,-265.73273632791364,1.916402380679017,2.4358236594703486,,,True
372,0,-267.64913870859266,0.0,2.3308643852862914,,,True
372,1,-282.217135259335,-14.56799655074235,0.2010709494582543,0.08182586515341513,0.05861457579630503,False
372,2,-282.5427896321254,-14.893650923532732,0.07955715263841874,0.01113071029568762,0.008461743247920945,False
372,3,-282.6499201821193,-15.000781473526615,0.06085164397477327,0.019560922466578822,0.014143844563069434,False
372,4,-282.6884660850841,-15.039327376491428,0.06711911341046571,0.03916396342071672,0.03623238446786229,False
372,5,-282.73520716944506,-15.086068460852402,0.06945239089511179,0.056972719313425915,0.04171690095656377,False
372,6,-282.0404174400167,-14.391278731424052,0.4753678934977505,0.02383312074845581,0.023071045519050523,False
372,7,-281.71874830468073,-14.069609596088071,0.2030760821902478,0.053596088926512485,0.05174837045905542,False
372,8,-281.90806071794697,-14.258922009354308,0.11497015371036001,0.05986677804274156,0.043193164273271384,False
372,9,-265.73273632791364,1.916402380679017,2.4358236594703486,,,True
373,0,-267.64913870859266,0.0,2.3308643852862914,,,True
373,1,-282.2180969073024,-14.568958198709765,0.20004743481627046,0.08033079250661122,0.05784886259786508,False
373,2,-282.5424768267741,-14.893338118181418,0.07935317886754013,0.013812726660426922,0.009966902174422481,False
373,3,-282.65055250738976,-15.001413798797103,0.0605991922644669,0.019838055351448534,0.014329370955078346,False
373,4,-282.6922804370592,-15.043141728466537,0.06969872070914937,0.03830612159623955,0.034438475549494474,False
373,5,-282.740520496547,-15.091381787954333,0.06655712061591752,0.042505607721887766,0.03893531782543903,False
373,6,-282.0367895479805,-14.387650839387845,0.4758744589495945,0.023447402966617268,0.022744862736570545,False
373,7,-281.7179660697418,-14.068827361149147,0.2015840503539998,0.056232611797593125,0.05435872160559142,False
373,8,-281.9070971187151,-14.257958410122455,0.1155639193860796,0.06773541398335363,0.04886075237574314,False
373,9,-265.73273632791364,1.916402380679017,2.4358236594703486,,,True
374,0,-267.64913870859266,0.0,2.3308643852862914,,,True
374,1,-282.2194011914795,-14.570262482886847,0.20387731803340445,0.04829700486215539,0.03409293254843312,False
374,2,-282.54210851950427,-14.892969810911609,0.07910628659751684,0.0071942883788872316,0.005213663583688802,False
374,3,-282.65133659307446,-15.002197884481802,0.060282448948223995,0.02024762303780744,0.01464882166000056,False
374,4,-282.69640226924423,-15.047263560651572,0.0669567206905561,0.03780539076891266,0.03243361555053935,False
374,5,-282.74645214075224,-15.09731343215958,0.06341972658401643,0.04473204096040972,0.04237676666872853,False
374,6,-282.0323717291222,-14.38323302052953,0.4762714127054403,0.022963744879464388,0.022307190373029806,False
374,7,-281.717087803217,-14.067949094624339,0.20055815891078826,0.05951334421441601,0.05764570371738528,False
374,8,-281.9061395829023,-14.257000874309654,0.11395391704333363,0.0309805019716143,0.02161113913725822,False
374,9,-265.73273632791364,1.916402380679017,2.4358236594703486,,,True
375,0,-267.64913870859266,0.0,2.3308643852862914,,,True
375,1,-282.2204416750985,-14.571302966505868,0.20452190259235992,0.08044158990467294,0.05842942752086972,False
375,2,-282.54167047136883,-14.892531762776173,0.07881164857822388,0.010094645074170924,0.008232013409580255,False
375,3,-282.6523200168996,-15.003181308306921,0.05988140247805035,0.020859545446353937,0.015212776100202921,False
375,4,-282.70088031425934,-15.051741605666678,0.06027831747368654,0.03795237199824648,0.03211364099034729,False
375,5,-282.7532069957726,-15.104068287179928,0.06124976829808307,0.06329197366749276,0.061264624435668165,False
375,6,-282.02699178441253,-14.377853075819871,0.4763591948584091,0.02228323109851126,0.021621046117718982,False
375,7,-281.71614276232515,-14.06700405373249,0.20047037285656724,0.06380806842585418,0.061964975730111886,False
375,8,-281.90457570064086,-14.255436992048203,0.11384528864482371,0.0652517579755327,0.045380279674259845,False
375,9,-265.73273632791364,1.916402380679017,2.4358236594703486,,,True
376,0,-267.64913870859266,0.0,2.3308643852862914,,,True
376,1,-282.2218661932973,-14.572727484704615,0.19803745527074731,0.07028322968376652,0.051810977670349936,False
376,2,-282.54120652000495,-14.89206781141229,0.07848279127673617,0.00484928627287128,0.00377975975936357,False
376,3,-282.6535367581356,-15.004398049542942,0.05935122725505793,0.02172542029736786,0.016018491807452913,False
376,4,-282.7056465894829,-15.056507880890251,0.05944644193730628,0.03793763707998761,0.03365918193049408,False
376,5,-282.76109434879857,-15.111955640205906,0.05446164815421715,0.03827527350515582,0.037982359411317536,False
376,6,-282.02059987078877,-14.371461162196113,0.47592914781465784,0.021236980724731055,0.020447196668155948,False
376,7,-281.7152646615266,-14.06612595293393,0.20008858846491542,0.07009304469497461,0.06821047650438605,False
376,8,-281.90299486392655,-14.253856155333892,0.11718401536210198,0.047323347701471355,0.03413917933487147,False
376,9,-265.73273632791364,1.916402380679017,2.4358236594703486,,,True
377,0,-267.64913870859266,0.0,2.3308643852862914,,,True
377,1,-282.22358834968236,-14.5744496410897,0.19821895714838117,0.019471736678497754,0.015372521903752014,False
377,2,-282.5407501802217,-14.891611471629062,0.07811187929149639,0.01241439900549889,0.010061368333935037,False
377,3,-282.65505765248827,-15.005918943895608,0.05859501101143419,0.0229125979279493,0.01699728560820745,False
377,4,-282.7104078429611,-15.061269134368445,0.07074463857272446,0.037549672571563095,0.03441465537055565,False
377,5,-282.76952373090796,-15.120385022315304,0.05249443973004541,0.05224336833543159,0.039564196074110096,False
377,6,-282.0130789847775,-14.363940276184849,0.4746723789422754,0.019719923346707052,0.018570655677833142,False
377,7,-281.71484076128485,-14.065702052692188,0.1981820833757634,0.0812482440572546,0.07903425619004578,False
377,8,-281.9010040996237,-14.25186539103106,0.11771174206195015,0.028528004772784,0.020516364267306752,False
377,9,-265.73273632791364,1.916402380679017,2.4358236594703486,,,True
378,0,-267.64913870859266,0.0,2.3308643852862914,,,True
378,1,-282.2246861143401,-14.575547405747443,0.20111810844649528,0.10141063171341502,0.07511768213168493,False
378,2,-282.54042264709665,-14.891283938503989,0.07767091320176703,0.014465538648678482,0.012120856685797324,False
378,3,-282.6569736581206,-15.007834949527933,0.05751206600752523,0.024557042909397017,0.018314538966834774,False
378,4,-282.71510142975626,-15.0659627211636,0.0756853596242486,0.03616583203765059,0.03177691023553597,False
378,5,-282.7787724828349,-15.129633774242222,0.05279130464676903,0.05270774793753267,0.0425987481778341,False
378,6,-282.00438450560443,-14.355245797011776,0.4721752357510525,0.02058962740967355,0.020437291085775716,False
378,7,-281.7161647210171,-14.067026012424435,0.19702720520081093,0.10460680008602087,0.1010735237954338,False
378,8,-281.89818640998726,-14.249047701394602,0.11788309044439785,0.08402991441332154,0.05942557497557277,False
378,9,-265.73273632791364,1.916402380679017,2.4358236594703486,,,True
379,0,-267.64913870859266,0.0,2.3308643852862914,,,True
379,1,-282.22564972024026,-14.576511011647597,0.19072589159900677,0.14598704298905432,0.10737402634838861,False
379,2,-282.5403600266674,-14.891221318074713,0.07723122880035879,0.007310840567694493,0.006518906510866599,False
379,3,-282.6591721057961,-15.010033397203415,0.056122665200291445,0.026627205923202994,0.020163440872970284,False
379,4,-282.71891205252814,-15.06977334393548,0.06306836244633746,0.036601247918161335,0.029198280065864692,False
379,5,-282.78759709828626,-15.138458389693596,0.04308293376285619,0.04267553238424559,0.04195286551835542,False
379,6,-281.9954279925523,-14.346289283959663,0.46820347201812046,0.023973426762012563,0.023893172590004955,False
379,7,-281.72253022323343,-14.073391514640775,0.1965891721785887,0.14780753797788698,0.14078809250041757,False
379,8,-281.8953177694,-14.246179060807322,0.121878979196792,0.10535468479446014,0.07585877331559694,False
379,9,-265.73273632791364,1.916402380679017,2.4358236594703486,,,True
380,0,-267.64913870859266,0.0,2.3308643852862914,,,True
380,1,-282.2273741575975,-14.578235449004865,0.1986940240763412,0.12213515530810576,0.08989830517277632,False
380,2,-282.54063675569455,-14.89149804710189,0.07682361732382366,0.010373954029259166,0.008924335709540742,False
380,3,-282.66141444300285,-15.012275734410196,0.05446337301273337,0.028780263594238655,0.022038439314601196,False
380,4,-282.7214636657799,-15.07232495718722,0.06875669171041174,0.033230735408619524,0.028941017128435977,False
380,5,-282.79485705853256,-15.145718349939898,0.03909910106467804,0.03857663718439658,0.037250411206810205,False
380,6,-281.98752433235165,-14.338385623758995,0.4624857997998146,0.02871327775745487,0.02869852235354358,False
380,7,-281.7396129218513,-14.09047421325863,0.1986321017065744,0.20746529915132755,0.1937884573757209,False
380,8,-281.89297498130315,-14.243836272710496,0.11865775008121782,0.07817809641625488,0.05565357993833985,False
380,9,-265.73273632791364,1.916402380679017,2.4358236594703486,,,True
381,0,-267.64913870859266,0.0,2.3308643852862914,,,True
381,1,-282.2291520525585,-14.580013343965845,0.19062428878076063,0.04369447853802787,0.03144420907988575,False
381,2,-282.5412752293247,-14.892136520732038,0.07644398194741803,0.01680801341162903,0.01458605813276652,False
381,3,-282.66362639044513,-15.014487681852472,0.052552188987226585,0.030842241503487314,0.0237410058487378,False
381,4,-282.7228371314245,-15.073698422831853,0.08319046423852754,0.03129821921542765,0.02823950015332679,False
381,5,-282.80072373734833,-15.151585028755676,0.029696694949794926,0.030772954927763788,0.02557848173337563,False
381,6,-281.9811545038279,-14.332015795235236,0.4544933107269886,0.035156642896524384,0.035133594316290255,False
381,7,-281.775424018926,-14.126285310333344,0.2661718316099683,0.26042331245482514,0.23469855169657755,False
381,8,-281.89100432858504,-14.241865619992382,0.12170531337870066,0.013598843653217634,0.00978840606111596,False
381,9,-265.73273632791364,1.916402380679017,2.4358236594703486,,,True
382,0,-267.64913870859266,0.0,2.3308643852862914,,,True
382,1,-282.2300504075654,-14.580911698972727,0.18909074578542936,0.050531485018174595,0.036525984235541376,False
382,2,-282.54221585922687,-14.893077150634213,0.07613453450307059,0.011008660888378194,0.010113168439830397,False
382,3,-282.6657069731235,-15.01656826453086,0.05053926704226901,0.03271240222951905,0.02537657350727309,False
382,4,-282.7235085188879,-15.074369810295252,0.07967224361797806,0.03146553678273567,0.02561442958084,False
382,5,-282.8055233653838,-15.156384656791147,0.03271368449361009,0.03448893880515011,0.02340748664812041,False
382,6,-281.97664515209743,-14.327506443504774,0.44415641413363505,0.042675136805268236,0.04253616421365355,False
382,7,-281.83257309069256,-14.183434382099904,0.2943327170382297,0.27526572744895317,0.2450853567848768,False
382,8,-281.88901700115275,-14.239878292560093,0.12313777908604137,0.048719053415101535,0.035230939852663144,False
382,9,-265.73273632791364,1.916402380679017,2.4358236594703486,,,True
383,0,-267.64913870859266,0.0,2.3308643852862914,,,True
383,1,-282.23073087908415,-14.58159217049149,0.19205096582593678,0.06676527536724741,0.048357928358160225,False
383,2,-282.5433655561329,-14.894226847540267,0.07586872727510807,0.011889793385229868,0.011104045047916226,False
383,3,-282.66764411716724,-15.018505408574583,0.04847915013459005,0.034344702699057886,0.026896587641791262,False
383,4,-282.72369013424714,-15.074551425654477,0.07556678591836853,0.031537623495807805,0.024147452576693082,False
383,5,-282.8094525843659,-15.160313875773227,0.02565427676494668,0.026015657573508457,0.022521535869464503,False
383,6,-281.9739068135017,-14.324768104909026,0.43130594356726687,0.04973129180615864,0.04937641280607688,False
383,7,-281.8862289701718,-14.23709026157917,0.20464516870863886,0.15966479972748532,0.11440696658386182,False
383,8,-281.8875655054005,-14.238426796807857,0.12138449518899543,0.04253746772849875,0.030240055205660425,False
383,9,-265.73273632791364,1.916402380679017,2.4358236594703486,,,True
384,0,-267.64913870859266,0.0,2.3308643852862914,,,True
384,1,-282.2317075134298,-14.582568804837138,0.18728916007262283,0.015591563874038658,0.010800771891126828,False
384,2,-282.54487716797234,-14.895738459379686,0.0755944878506801,0.014241353908054756,0.012377291297451952,False
384,3,-282.66971912570943,-15.020580417116776,0.04605264815670004,0.035908889551465345,0.028370615683820575,False
384,4,-282.72363143646885,-15.07449272787619,0.08173960559044983,0.03188893470517894,0.025380549619791384,False
384,5,-282.81317486750004,-15.164036158907379,0.03075639528236005,0.029147060017369084,0.0233732838414341,False
384,6,-281.97270017047776,-14.323561461885106,0.4130901686861551,0.05614898157742828,0.05133345009789687,False
384,7,-281.87684143202193,-14.227702723429275,0.6973630911869788,0.7082062145849044,0.7038720012192733,False
384,8,-281.8863913817836,-14.237252673190937,0.12241326809265558,0.008801315652618985,0.006525372923269127,False
384,9,-265.73273632791364,1.916402380679017,2.4358236594703486,,,True
385,0,-267.64913870859266,0.0,2.3308643852862914,,,True
385,1,-282.23181779829457,-14.582679089701912,0.18795332833816059,0.010812682493742,0.008055084515382536,False
385,2,-282.5452563435855,-14.896117634992834,0.07557576813239068,0.01107144618718064,0.010363734337456808,False
385,3,-282.670036899153,-15.020898190560331,0.045647294133389124,0.03595566660062641,0.02823332717647842,False
385,4,-282.72377828066385,-15.074639572071192,0.08275773839582969,0.031879674163894846,0.024762462433729104,False
385,5,-282.8137969203947,-15.16465821180202,0.02373500511459319,0.024760997462976334,0.023027706649371607,False
385,6,-281.9737200242992,-14.324581315706553,0.40776051961632503,0.04891068916644143,0.041230294763571124,False
385,7,-281.91888961133316,-14.269750902740498,0.19441991789707738,0.10035303571859172,0.07721226728591228,False
385,8,-281.8864289887887,-14.23729028019602,0.12240316203813613,0.005706319603131359,0.004238757248001026,False
385,9,-265.73273632791364,1.916402380679017,2.4358236594703486,,,True
386,0,-267.64913870859266,0.0,2.3308643852862914,,,True
386,1,-282.2320608004345,-14.582922091841851,0.18739660869044256,0.010852278421274201,0.007910534807640276,False
386,2,-282.54609760429844,-14.89695889570578,0.07552154733907497,0.011217644464503651,0.010614113074290376,False
386,3,-282.6707441758637,-15.021605467271058,0.044822720368279834,0.03615498433423784,0.028318227745047744,False
386,4,-282.7240596251782,-15.07492091658554,0.08375761420175408,0.0318437508069899,0.024262710589814086,False
386,5,-282.81493857183887,-15.165799863246207,0.02292197459602898,0.024655500033285812,0.022638669992980448,False
386,6,-281.97583720281057,-14.326698494217908,0.39851488360945114,0.04253583923345879,0.033411330784465426,False
386,7,-281.90955146588624,-14.26041275729358,0.3905746347528049,0.35613163344930765,0.3557919185150776,False
386,8,-281.88650329066047,-14.237364582067812,0.12210140976575981,0.006308464840346852,0.004593080562889026,False
386,9,-265.73273632791364,1.916402380679017,2.4358236594703486,,,True
387,0,-267.64913870859266,0.0,2.3308643852862914,,,True
387,1,-282.2320957577317,-14.582957049139054,0.18717025153853722,0.006924418031955085,0.005200829971256223,False
387,2,-282.54619428810304,-14.89705557951038,0.07551475785499182,0.010751627803797974,0.010109560600743136,False
387,3,-282.6708245208672,-15.02168581227454,0.04474547473979973,0.03619209227145821,0.028400112220649705,False
387,4,-282.72409575583214,-15.07495704723948,0.08353751390155559,0.03180906318726009,0.024394237253595963,False
387,5,-282.81508320608475,-15.165944497492092,0.022854537890519062,0.024506544489681502,0.022599877605322817,False
387,6,-281.9760588783952,-14.32692016980252,0.3980592970787683,0.04316580511057849,0.034537655357439204,False
387,7,-281.91464427222394,-14.26550556363128,0.3532073303411572,0.31917360608204487,0.31896342689285784,False
387,8,-281.8865113366538,-14.237372628061166,0.1220815230316557,0.003919641689064452,0.002980528700827512,False
387,9,-265.73273632791364,1.916402380679017,2.4358236594703486,,,True
388,0,-267.64913870859266,0.0,2.3308643852862914,,,True
388,1,-282.2321621062647,-14.583023397672036,0.18678920917202563,0.003090697276262905,0.002320180370763388,False
388,2,-282.5463875403923,-14.89724883179963,0.07550142778561088,0.010402676337794127,0.009296198009961076,False
388,3,-282.6709860336417,-15.021847325049066,0.0445867564387235,0.036263551764283815,0.028548849613406726,False
388,4,-282.7241651897134,-15.075026481120744,0.08316109690431789,0.03174624296542771,0.024616204386553577,False
388,5,-282.8153537543428,-15.166215045750164,0.022717167332042074,0.02447196539779297,0.02252481487708426,False
388,6,-281.97650873507627,-14.327370026483607,0.3970652101962966,0.04441118688012369,0.03663732138130458,False
388,7,-281.9224920824387,-14.273353373846021,0.2771504902709072,0.2445701744045699,0.24288895863396193,False
388,8,-281.8865255236061,-14.237386815013451,0.12205351250975723,0.0016609566932664697,0.0012474434867049506,False
388,9,-265.73273632791364,1.916402380679017,2.4358236594703486,,,True
389,0,-267.64913870859266,0.0,2.3308643852862914,,,True
389,1,-282.2322609929299,-14.583122284337264,0.18637497306936776,0.007368289004805609,0.00533727966951664,False
389,2,-282.5466819672828,-14.89754325869012,0.07548176895103649,0.011329273534564687,0.010200605689064637,False
389,3,-282.67123288274854,-15.022094174155882,0.04433479685026184,0.036363875302542224,0.02873688739576086,False
389,4,-282.72426561173756,-15.075126903144906,0.08274653592387671,0.0316614127825779,0.024851156579550306,False
389,5,-282.8157346116262,-15.166595903033567,0.022502963450716295,0.024418387936122336,0.02241646374438285,False
389,6,-281.9772083399944,-14.328069631401718,0.39534017941429606,0.0461720023581064,0.039388445106409146,False
389,7,-281.9293086489889,-14.280169940396263,0.2045834446042697,0.1379621570668425,0.126165880997343,False
389,8,-281.88654488711853,-14.237406178525873,0.12203571929379337,0.0042743904246702645,0.0034054774095519237,False
389,9,-265.73273632791364,1.916402380679017,2.4358236594703486,,,True
390,0,-267.64913870859266,0.0,2.3308643852862914,,,True
390,1,-282.23240301907117,-14.583264310478512,0.18604934220457128,0.008318864092752003,0.005890760446825471,False
390,2,-282.54709186541544,-14.89795315682278,0.07545544757182543,0.011971046776685845,0.010627657002621234,False
390,3,-282.6715757807947,-15.022437072202024,0.04396637332282368,0.03648536019070515,0.028929319376581095,False
390,4,-282.7243992454331,-15.07526053684046,0.08244888385812657,0.031552241326035464,0.02499658648755703,False
390,5,-282.8162382033124,-15.167099494719764,0.022198919947655195,0.02434099341965819,0.022275776427126193,False
390,6,-281.97820638153667,-14.329067672944007,0.3925421437226711,0.04813618570180692,0.04224261773828893,False
390,7,-281.9318446584872,-14.282705949894535,0.21754941792333918,0.10679884317154853,0.08511117502543075,False
390,8,-281.88657075025003,-14.237432041657371,0.12204127800083074,0.004947924125970986,0.003878346306637426,False
390,9,-265.73273632791364,1.916402380679017,2.4358236594703486,,,True
391,0,-267.64913870859266,0.0,2.3308643852862914,,,True
391,1,-282.2325915822203,-14.583452873627664,0.1858345908419461,0.00466052407221044,0.0035011199345641006,False
391,2,-282.54761596580477,-14.898477257212107,0.07542231433085277,0.011023950960365157,0.009781363472098008,False
391,3,-282.6720124618965,-15.022873753303827,0.04347280677328604,0.036617052268313494,0.029096491446778085,False
391,4,-282.7245653579853,-15.075426649392625,0.0823932258219657,0.0314142264831038,0.024976886687731795,False
391,5,-282.8168735846715,-15.167734876078839,0.022619355034169345,0.0242386557361958,0.022107266443510604,False
391,6,-281.97951920190576,-14.3303804933131,0.38841937738800886,0.049709574622826325,0.04441503003836364,False
391,7,-281.93063689849066,-14.281498189898002,0.23018975380450726,0.23011561765511718,0.22047598860614,False
391,8,-281.8866021253393,-14.237463416746664,0.12205767729909896,0.0029431983916112766,0.002428955776976225,False
391,9,-265.73273632791364,1.916402380679017,2.4358236594703486,,,True
392,0,-267.64913870859266,0.0,2.3308643852862914,,,True
392,1,-282.23281537419183,-14.583676665599171,0.18562290627512684,0.0033914816534127475,0.002675582175433226,False
392,2,-282.5482257431161,-14.899087034523461,0.07538281855024798,0.011331538975722139,0.008844481096980683,False
392,3,-282.6725192508991,-15.023380542306427,0.04287803753605351,0.03675147577039678,0.029238182739030744,False
392,4,-282.7247539098074,-15.07561520121476,0.08257028597194947,0.03125151218926043,0.024812659296618945,False
392,5,-282.8176066151759,-15.16846790658326,0.021355192874941715,0.024119437667112706,0.02192005868503129,False
392,6,-281.98109212573974,-14.331953417147076,0.38308840911319475,0.05046612366992498,0.04544540988143169,False
392,7,-281.93020227032684,-14.281063561734186,0.27463869446068573,0.2984011755092561,0.2923101711652294,False
392,8,-281.8866346294607,-14.237495920868014,0.12205489075319476,0.0015799684784564407,0.001336614895595515,False
392,9,-265.73273632791364,1.916402380679017,2.4358236594703486,,,True
393,0,-267.64913870859266,0.0,2.3308643852862914,,,True
393,1,-282.23307111279087,-14.583932404198208,0.18529450961530097,0.006801546979691504,0.0049868623762658005,False
393,2,-282.54890482451094,-14.899766115918283,0.07533672452498359,0.011671581345156655,0.009236627184244117,False
393,3,-282.67308214708095,-15.023943438488288,0.042199647970984355,0.03688817738702612,0.029370965914090923,False
393,4,-282.7249570280918,-15.075818319499149,0.0829051171642705,0.031068465948504282,0.02456329162509679,False
393,5,-282.8184017873548,-15.169263078762128,0.020865295367505164,0.02399106586223862,0.021720338898043954,False
393,6,-281.98289631491167,-14.333757606319011,0.37668369942792057,0.05032887794718288,0.04530572984002822,False
393,7,-281.9337856715207,-14.284646962928036,0.2539858902530554,0.2782848265547562,0.2737883176322724,False
393,8,-281.8866659038158,-14.237527195223151,0.12201349985317561,0.003746099349608944,0.0026613097343806086,False
393,9,-265.73273632791364,1.916402380679017,2.4358236594703486,,,True
394,0,-267.64913870859266,0.0,2.3308643852862914,,,True
394,1,-282.2333988730303,-14.584260164437637,0.18469724900291037,0.006409161478014766,0.004639337558251048,False
394,2,-282.5497376883029,-14.900598979710253,0.07527691236837271,0.01208259830509896,0.00925563125719504,False
394,3,-282.67376921827815,-15.024630509685494,0.04135565389506963,0.0370458526611631,0.029533726708726987,False
394,4,-282.7251949808961,-15.076056272303447,0.08333974966827785,0.03084015282545132,0.024267482642611606,False
394,5,-282.81933258050594,-15.170193871913284,0.020297056549192387,0.02384428587271169,0.021488977107131053,False
394,6,-281.9851786132945,-14.336039904701863,0.368415831168955,0.04939941561913104,0.04413001543918745,False
394,7,-281.9405612276197,-14.291422519027037,0.2468884405335823,0.16669867815715608,0.16175833079142884,False
394,8,-281.8866982225745,-14.237559513981864,0.12192207232407286,0.0036905368785493903,0.0025804641121673537,False
394,9,-265.73273632791364,1.916402380679017,2.4358236594703486,,,True
395,0,-267.64913870859266,0.0,2.3308643852862914,,,True
395,1,-282.2338331488216,-14.58469444022893,0.1837331715061906,0.00248900827594819,0.0017659722667720513,False
395,2,-282.55078520021397,-14.901646491621307,0.07519721945008327,0.012589471968519925,0.009271996449482128,False
395,3,-282.6746274143541,-15.025488705761461,0.040286907623093234,0.03723646039075581,0.029772772021356475,False
395,4,-282.72547899125357,-15.076340282660908,0.08370417763005235,0.030536371893352003,0.02401709805671508,False
395,5,-282.8204417137043,-15.171303005111668,0.0196497906991148,0.023678866551940674,0.021221827580355283,False
395,6,-281.9881526232639,-14.339013914671227,0.35779834425146456,0.04822588035089812,0.042543772042727565,False
395,7,-281.9449362256969,-14.295797517104234,0.2421147044129301,0.06255597856900506,0.05726074343614827,False
395,8,-281.8867280214147,-14.237589312822024,0.12180733931568564,0.0014325920597828008,0.001154675751036228,False
395,9,-265.73273632791364,1.916402380679017,2.4358236594703486,,,True
396,0,-267.64913870859266,0.0,2.3308643852862914,,,True
396,1,-282.23442351257063,-14.58528480397797,0.1825242398225541,0.006460354002622846,0.004234911018870545,False
396,2,-282.55213013013434,-14.902991421541685,0.07508936356430408,0.01322822446053942,0.009724549300277205,False
396,3,-282.67572027190613,-15.02658156331347,0.03890634218903431,0.037470371130485736,0.030139531136975192,False
396,4,-282.72582678350375,-15.07668807491109,0.08373642624234075,0.030102497246303334,0.023894881659084072,False
396,5,-282.8217999735055,-15.172661264912847,0.019402004361742595,0.02349429766409384,0.020919192627208236,False
396,6,-281.9921383656475,-14.342999657054861,0.3444034017853839,0.04814827570813845,0.042165496422923686,False
396,7,-281.9445305118754,-14.295391803282769,0.23784698556513487,0.17184552406147746,0.17007283150820618,False
396,8,-281.8867462947885,-14.23760758619585,0.12177594929153682,0.0037816631599027414,0.0030115561695427204,False
396,9,-265.73273632791364,1.916402380679017,2.4358236594703486,,,True
397,0,-267.64913870859266,0.0,2.3308643852862914,,,True
397,1,-282.2352005416064,-14.58606183301373,0.18134083905389478,0.004631976192031886,0.0028121636958484517,False
397,2,-282.5537909121092,-14.904652203516548,0.07494630617534648,0.01400120749737328,0.010270524566115631,False
397,3,-282.6770539989328,-15.027915290340161,0.03717552248477095,0.037734432998806564,0.030624346333568295,False
397,4,-282.7262304934343,-15.077091784841627,0.08341576366458282,0.02950765754679885,0.023799399844897463,False
397,5,-282.8233823054194,-15.174243596826727,0.020048078156670725,0.023298541970427446,0.02059247283845255,False
397,6,-281.99730381691893,-14.34816510832627,0.3285107328222512,0.05046154871459838,0.04455390176781871,False
397,7,-281.94524172268046,-14.296103014087805,0.2444767183054009,0.19828932527993645,0.19811531262065724,False
397,8,-281.88674588224853,-14.237607173655874,0.1218952097936274,0.0029394340803306496,0.0023695125952047633,False
397,9,-265.73273632791364,1.916402380679017,2.4358236594703486,,,True
398,0,-267.64913870859266,0.0,2.3308643852862914,,,True
398,1,-282.2362149597104,-14.587076251117765,0.18008185392276405,0.00482827764046501,0.00378533116617114,False
398,2,-282.55582263625786,-14.906683927665199,0.0747528510560461,0.0149192896075683,0.010916628969389103,False
398,3,-282.6786596605194,-15.029520951926713,0.03499668474947866,0.03799368019397161,0.031149976865490724,False
398,4,-282.7266879161833,-15.077549207590664,0.08293340595232583,0.02870323115476689,0.023493184386574197,False
398,5,-282.8251781432843,-15.176039434691631,0.02076200384063562,0.023093882416632305,0.02026844966284732,False
398,6,-282.00404645773256,-14.354907749139898,0.30981306318778506,0.05599716253886839,0.05044045406991221,False
398,7,-281.94970755575525,-14.300568847162594,0.25309417141543816,0.11024034942923495,0.10778350496264288,False
398,8,-281.88671146044396,-14.237572751851303,0.12209236840804806,0.002338323539920732,0.0016529631094283031,False
398,9,-265.73273632791364,1.916402380679017,2.4358236594703486,,,True
399,0,-267.64913870859266,0.0,2.3308643852862914,,,True
399,1,-282.2375890412616,-14.588450332668913,0.1781242167474561,0.004828314450598001,0.003992483187199702,False
399,2,-282.5583606460393,-14.90922193744666,0.07447588422434971,0.01600907773970924,0.011686326366109563,False
399,3,-282.680623265204,-15.03148455661136,0.032158338573298244,0.03818300192359102,0.03158673955199513,False
399,4,-282.7272208208106,-15.078082112217942,0.08260495240490051,0.02760706175847455,0.022723038488220514,False
399,5,-282.8272568978622,-15.178118189269526,0.021636839021041212,0.022879915821718787,0.019997404786961215,False
399,6,-282.0133234294709,-14.364184720878256,0.2866089508077158,0.06518527345127767,0.06250063273975727,False
399,7,-281.95012058529716,-14.300981876704498,0.26903969565578606,0.11593745797395628,0.10741149464643772,False
399,8,-281.88661409637996,-14.237475387787299,0.12219536174841421,0.0025665855763628855,0.0017193593804932517,False
399,9,-265.73273632791364,1.916402380679017,2.4358236594703486,,,True
400,0,-267.64913870859266,0.0,2.3308643852862914,,,True
400,1,-282.2394472879233,-14.590308579330667,0.17529703275953287,0.006724377929032501,0.005485650835200943,False
400,2,-282.5615183803246,-14.91237967173197,0.07406400502862534,0.017266310666014917,0.012581009901708481,False
400,3,-282.6829961799931,-15.033857471400438,0.02854772914610463,0.03828808303908212,0.032006338043770434,False
400,4,-282.72783920129655,-15.078700492703888,0.08248134099811204,0.026220635642569743,0.021684368075696018,False
400,5,-282.8296203096693,-15.180481601076622,0.02282650300366541,0.02269505964399395,0.019783460015089682,False
400,6,-282.02657674228635,-14.377438033693693,0.25608731857499906,0.08452012060929238,0.08336195016979367,False
400,7,-281.94749241500483,-14.298353706412172,0.27311021116173656,0.19573365175367372,0.19264327818952368,False
400,8,-281.8864165089289,-14.237277800336244,0.12236127295715028,0.0031849601094207226,0.0024018553860761455,False
400,9,-265.73273632791364,1.916402380679017,2.4358236594703486,,,True
401,0,-267.64913870859266,0.0,2.3308643852862914,,,True
401,1,-282.2419135270122,-14.592774818419514,0.17231715795801708,0.00891676306281987,0.006910353647399792,False
401,2,-282.56537267451245,-14.916233965919787,0.07344721351048754,0.01866775380125651,0.013574441263949437,False
401,3,-282.68578687032993,-15.036648161737276,0.024241521824212117,0.03835260314195569,0.032632315808119025,False
401,4,-282.7285357194969,-15.079397010904245,0.0820247131966555,0.024566298456255208,0.02075829115528763,False
401,5,-282.8322284235921,-15.183089714999426,0.024321718170771806,0.022614633072593933,0.019831060633494133,False
401,6,-282.0462385477962,-14.39709983920352,0.21560826637212555,0.11874865019335934,0.11602458235898987,False
401,7,-281.94921581499364,-14.300077106400977,0.268074849236055,0.04129253498984848,0.03601769540424301,False
401,8,-281.88607719314075,-14.23693848454809,0.12302900675028118,0.0019305370540014667,0.0018438169249488886,False
401,9,-265.73273632791364,1.916402380679017,2.4358236594703486,,,True
402,0,-267.64913870859266,0.0,2.3308643852862914,,,True
402,1,-282.2452917426247,-14.596153034032056,0.1684834606318001,0.011912632961160293,0.009295207425763596,False
402,2,-282.57018149806913,-14.921042789476473,0.07248282742513427,0.020187417241729393,0.014640719307775414,False
402,3,-282.6891058904639,-15.039967181871248,0.019183134206045702,0.03827138648011245,0.03325536098649782,False
402,4,-282.72937218316224,-15.080233474569582,0.08051159128892846,0.022492724054619675,0.019630275062045746,False
402,5,-282.8351485225709,-15.186009813978217,0.02592195808505253,0.022720698888552975,0.020010898488053402,False
402,6,-282.0793058890977,-14.430167180505066,0.16280828274215772,0.18157392033998193,0.17506323180352695,False
402,7,-281.9438021987441,-14.294663490151436,0.2709591887389199,0.15792767152316986,0.15393964173004915,False
402,8,-281.88550044399733,-14.236361735404671,0.12395776732620718,0.004489338916955618,0.0028812688378989796,False
402,9,-265.73273632791364,1.916402380679017,2.4358236594703486,,,True
403,0,-267.64913870859266,0.0,2.3308643852862914,,,True
403,1,-282.2488813124677,-14.599742603875029,0.16411952012281927,0.015037894386274453,0.01188872835173135,False
403,2,-282.5748607132114,-14.925722004618763,0.07128842688719324,0.021363765572564343,0.015470681925633157,False
403,3,-282.6921722996206,-15.04303359102795,0.014839823334545912,0.03800252100573803,0.03354190218276896,False
403,4,-282.7301938511946,-15.08105514260194,0.07889976167043922,0.021416539256799316,0.018428734983038358,False
403,5,-282.83770413832195,-15.188565429729294,0.02712489100709026,0.022977523776625892,0.02025272350339308,False
403,6,-282.1263437817028,-14.477205073110156,0.23414589599403082,0.2457727876523269,0.23189123235618425,False
403,7,-281.9441457603666,-14.29500705177395,0.26944669564647283,0.06881233769538432,0.06567793369508555,False
403,8,-281.88478927237975,-14.23565056378709,0.12466210462315745,0.004837807298454638,0.003306623745504849,False
403,9,-265.73273632791364,1.916402380679017,2.4358236594703486,,,True
404,0,-267.64913870859266,0.0,2.3308643852862914,,,True
404,1,-282.2524981409792,-14.603359432386526,0.1606221025228945,0.017795650927819665,0.013815553135462353,False
404,2,-282.579183405169,-14.930044696576317,0.06995281741120175,0.022191630571243952,0.0160477276060829,False
404,3,-282.69487967328155,-15.045740964688889,0.013726448735452042,0.03760304014357753,0.03354102544765432,False
404,4,-282.73103929977333,-15.08190059118067,0.07769338612778544,0.02162067350008205,0.018649579785818483,False
404,5,-282.8398650968238,-15.190726388231155,0.028044114649987063,0.023321937350284847,0.020670415976648555,False
404,6,-282.18319461188383,-14.534055903291176,0.20044535016067366,0.20213370163540814,0.1671985634604045,False
404,7,-281.94173410763193,-14.292595399039271,0.27362557393164355,0.10423952927098634,0.0999328216380861,False
404,8,-281.8839880212235,-14.234849312630843,0.12581744077927146,0.00373757099018816,0.0028740208398679193,False
404,9,-265.73273632791364,1.916402380679017,2.4358236594703486,,,True
405,0,-267.64913870859266,0.0,2.3308643852862914,,,True
405,1,-282.2562613964371,-14.607122687844424,0.15701151331797286,0.02064484110850653,0.016083130123074062,False
405,2,-282.5833355799251,-14.93419687133246,0.06843590967472463,0.022736721187066388,0.016420680997228515,False
405,3,-282.69738771817174,-15.04824900957908,0.014297814922084809,0.037214027805451896,0.03356550355617929,False
405,4,-282.7319830015855,-15.082844292992831,0.07662995622648776,0.021908847108311483,0.01899066343555861,False
405,5,-282.8417764251161,-15.19263771652345,0.028691015333395617,0.024123555924543818,0.0212608731191373,False
405,6,-282.2208600832753,-14.571721374682625,0.34269719118426395,0.33943027171568485,0.2890188397171353,False
405,7,-281.94042133980884,-14.291282631216177,0.2730500901146175,0.10070772277483825,0.09741334568140397,False
405,8,-281.8830805149498,-14.233941806357166,0.12701893396074684,0.00443714770113187,0.0031876216012562205,False
405,9,-265.73273632791364,1.916402380679017,2.4358236594703486,,,True
406,0,-267.64913870859266,0.0,2.3308643852862914,,,True
406,1,-282.2605036452263,-14.611364936633663,0.1529826528119493,0.023791330197453348,0.018754037510473005,False
406,2,-282.58769812289034,-14.938559414297686,0.06655536250017716,0.02301719849532001,0.01660618850585899,False
406,3,-282.6999494539018,-15.05081074530915,0.014985005722551395,0.0368620403563297,0.03369723231373219,False
406,4,-282.73312399448696,-15.0839852858943,0.07530186409661735,0.02207842270078532,0.0192530781518032,False
406,5,-282.84362628727837,-15.19448757868571,0.02906555453855628,0.025102265077013755,0.021912354070854068,False
406,6,-282.2452878670236,-14.596149158430933,0.5273385412618637,0.5215936590431142,0.497598409831501,False
406,7,-281.94001822587256,-14.290879517279905,0.2626774443437343,0.041275071519820385,0.0380671408847987,False
406,8,-281.88199506493856,-14.232856356345906,0.12818376640304643,0.004595785088638937,0.0035293357801886374,False
406,9,-265.73273632791364,1.916402380679017,2.4358236594703486,,,True
407,0,-267.64913870859266,0.0,2.3308643852862914,,,True
407,1,-282.2649860887775,-14.615847380184846,0.14931047898643987,0.026803198788993624,0.021071788959736278,False
407,2,-282.5920292429629,-14.942890534370235,0.06438560828060551,0.023021063882493736,0.016584879808334188,False
407,3,-282.7024429282998,-15.053304219707115,0.01578478223154058,0.03648074550840217,0.03371355377582626,False
407,4,-282.73440246930835,-15.08526376071569,0.0737380600151826,0.022060243179775205,0.0193299600824113,False
407,5,-282.8452996004751,-15.196160891882414,0.029315705623586513,0.025858177230782965,0.022402192935579695,False
407,6,-282.29109214333107,-14.641953434738411,0.17751669897727668,0.17473359009644232,0.16949085241361292,False
407,7,-281.93817432427954,-14.289035615686885,0.2548338123753621,0.09858551307076222,0.09538916666043745,False
407,8,-281.8808001634703,-14.231661454877667,0.12953738127490946,0.0048368376557369796,0.0036830055622263185,False
407,9,-265.73273632791364,1.916402380679017,2.4358236594703486,,,True
408,0,-267.64913870859266,0.0,2.3308643852862914,,,True
408,1,-282.2698496125181,-14.620710903925442,0.145578751313894,0.029861635670331076,0.02341971357809234,False
408,2,-282.5964444450034,-14.947305736410726,0.061898704944488125,0.022782227402920047,0.016371777022520004,False
408,3,-282.7049597484611,-15.05582103986842,0.01672539182563334,0.03591523100796527,0.03336726668491835,False
408,4,-282.7358785097189,-15.086739801126214,0.07210316251064391,0.021972557189132453,0.019324800288028125,False
408,5,-282.8468281229382,-15.197689414345518,0.029547729217424084,0.026297152371798103,0.022627503076778195,False
408,6,-282.31518605094107,-14.666047342348406,0.2850326989130223,0.28098630851797807,0.2744119468731693,False
408,7,-281.9384199544777,-14.289281245885036,0.2564802205924997,0.033524813709819995,0.03108246448951889,False
408,8,-281.879464169312,-14.230325460719314,0.1310611801090216,0.005320727826070925,0.00381295936589132,False
408,9,-265.73273632791364,1.916402380679017,2.4358236594703486,,,True
409,0,-267.64913870859266,0.0,2.3308643852862914,,,True
409,1,-282.2752001009817,-14.626061392389033,0.14147091118994917,0.03312916580946268,0.026192538438121336,False
409,2,-282.6010346687732,-14.951895960180536,0.05913612498851258,0.022371662732212368,0.016005074503141942,False
409,3,-282.70757411793625,-15.058435409343588,0.017887360675463232,0.035329679828991364,0.03299733383117949,False
409,4,-282.73757658054876,-15.088437871956103,0.07059054058106277,0.021909674965815924,0.019334355490566453,False
409,5,-282.8482098497384,-15.199071141145737,0.029423439634892242,0.026789024020812954,0.022779225693169786,False
409,6,-282.34699392020116,-14.697855211608498,0.23860546883633393,0.23599181390547452,0.22066961228685658,False
409,7,-281.93763456389615,-14.288495855303495,0.2572803354291298,0.06774295736685536,0.0674125618742487,False
409,8,-281.87797202397655,-14.228833315383895,0.1325317122911458,0.005027517170550369,0.003759114540343769,False
409,9,-265.73273632791364,1.916402380679017,2.4358236594703486,,,True
410,0,-267.64913870859266,0.0,2.3308643852862914,,,True
410,1,-282.28088583498334,-14.631747126390678,0.13763883485874914,0.036236540147865766,0.028789066977067054,False
410,2,-282.60566699316314,-14.956528284570481,0.05665471768573075,0.022192158692030606,0.015719705155461765,False
410,3,-282.71022930115436,-15.061090592561698,0.019262948539412687,0.03481418639269925,0.032762760749442,False
410,4,-282.73944410586125,-15.090305397268594,0.06918654330785708,0.021810264373115798,0.01931748893213613,False
410,5,-282.8493671223982,-15.200228413805519,0.028794952635083082,0.02738544223560457,0.023292358268883366,False
410,6,-282.3784653787795,-14.729326670186822,0.14413938237043217,0.14411156510975554,0.11280581851508074,False
410,7,-281.9375517872859,-14.288413078693225,0.2487943831146855,0.05876142330214235,0.05869473277772562,False
410,8,-281.8763819209702,-14.227243212377516,0.13402413876015215,0.0049891632912492725,0.003765488346443201,False
410,9,-265.73273632791364,1.916402380679017,2.4358236594703486,,,True
411,0,-267.64913870859266,0.0,2.3308643852862914,,,True
411,1,-282.28707929449513,-14.63794058590247,0.13386192537074382,0.039157353533171034,0.03115802517028383,False
411,2,-282.6104850466616,-14.96134633806895,0.054462521875121246,0.022302769673908818,0.015850406748967292,False
411,3,-282.7130235057441,-15.063884797151445,0.021195735707143924,0.03422893382813532,0.03244986816500628,False
411,4,-282.74152964912366,-15.092390940531004,0.06759279752862526,0.021535183774934692,0.019150679903279958,False
411,5,-282.85030683499645,-15.201168126403786,0.028157767496752886,0.027922358973314465,0.023777941153524166,False
411,6,-282.40330649577686,-14.754167787184201,0.2526706807684978,0.251886638228094,0.2458853827459982,False
411,7,-281.9381364440054,-14.28899773541275,0.2402014867150428,0.028345706929160292,0.02819294139530827,False
411,8,-281.8746684841799,-14.225529775587233,0.13559582227724026,0.005085701033474565,0.0038907498522082282,False
411,9,-265.73273632791364,1.916402380679017,2.4358236594703486,,,True
412,0,-267.64913870859266,0.0,2.3308643852862914,,,True
412,1,-282.29369305341766,-14.644554344824996,0.1298448930462327,0.04189650599635397,0.033579192083831796,False
412,2,-282.6154338682144,-14.966295159621723,0.05256761380225383,0.022659955913028457,0.016491940528124725,False
412,3,-282.715937101181,-15.066798392588339,0.02309478572005053,0.03349846123945828,0.03194976992482938,False
412,4,-282.7437853513144,-15.094646642721727,0.06577693966662657,0.021063165716160796,0.019098775058416447,False
412,5,-282.8509949319671,-15.20185622337442,0.028614389047420502,0.028321173057672903,0.024179506306035915,False
412,6,-282.43226771336305,-14.783129004770387,0.11106601733081765,0.10958642184932889,0.09902826661351752,False
412,7,-281.9384937752849,-14.289355066692224,0.2375530871846847,0.060033581162693,0.0592368575429301,False
412,8,-281.8728806606258,-14.223741952033151,0.1370392996411689,0.004463941415881626,0.0036914584359260963,False
412,9,-265.73273632791364,1.916402380679017,2.4358236594703486,,,True
413,0,-267.64913870859266,0.0,2.3308643852862914,,,True
413,1,-282.30084724086566,-14.651708532273005,0.12593771943624552,0.04422981025571767,0.03581643028254066,False
413,2,-282.6206097778604,-14.97147106926775,0.050864363316138445,0.023160932869115382,0.017389341820728044,False
413,3,-282.7190369231762,-15.069898214583532,0.024992215578920975,0.03335673859704874,0.03128410023920704,False
413,4,-282.7462440536926,-15.09710534509992,0.06392262055427855,0.020484149698009366,0.018981922281433104,False
413,5,-282.8514268368218,-15.202288128229156,0.029275025265509996,0.028585950083500254,0.024455943576998866,False
413,6,-282.44914968360575,-14.800010975013095,0.18457412295509323,0.18325197051736475,0.15493128725948757,False
413,7,-281.94009543546684,-14.290956726874185,0.23497757262236962,0.021000390196635677,0.01838193425250521,False
413,8,-281.87102267779494,-14.221883969202281,0.13842060857427887,0.004059545597023238,0.003399712805982765,False
413,9,-265.73273632791364,1.916402380679017,2.4358236594703486,,,True
414,0,-267.64913870859266,0.0,2.3308643852862914,,,True
414,1,-282.3086425313968,-14.65950382280414,0.12618312386657055,0.04592655485879904,0.0375492368246836,False
414,2,-282.6261036777182,-14.97696496912556,0.049027249987187646,0.023595956121733264,0.018584244470986437,False
414,3,-282.7223830510691,-15.073244342476414,0.02737605763432758,0.03533151391630929,0.03307667395590594,False
414,4,-282.7489178965409,-15.09977918794823,0.06213826894381092,0.019892947848594363,0.018724181081068606,False
414,5,-282.85159101349876,-15.202452304906103,0.03084865914051129,0.028738711716846114,0.02465738984702605,False
414,6,-282.4650717417328,-14.81593303314014,0.16574148346765943,0.16463233706552183,0.13277700226882513,False
414,7,-281.9417348363057,-14.292596127713068,0.2301204272766323,0.04648621495849858,0.0437729244121691,False
414,8,-281.86909873339823,-14.219960024805573,0.13976233029143667,0.0041133550891134735,0.0032881057727578056,False
414,9,-265.73273632791364,1.916402380679017,2.4358236594703486,,,True
415,0,-267.64913870859266,0.0,2.3308643852862914,,,True
415,1,-282.31692785387656,-14.667789145283905,0.1264138316022858,0.046909154861319385,0.03892947972702445,False
415,2,-282.6318230775039,-14.982684368911237,0.046549669307227405,0.023545017498024835,0.02040487487500074,False
415,3,-282.72591968660396,-15.0767809780113,0.030124661050020072,0.03690593457594893,0.03438318821758953,False
415,4,-282.7517383422656,-15.102599633672924,0.060309833180785276,0.019400905511443002,0.018379005594262705,False
415,5,-282.8514731055037,-15.202334396911056,0.031739782518553694,0.028826408926289078,0.024809094522187623,False
415,6,-282.47905288664646,-14.829914178053798,0.08724982025258868,0.0864744525585316,0.08282144472961395,False
415,7,-281.9442362405596,-14.295097531966917,0.22382719585345168,0.0350612459809612,0.03221334778838092,False
415,8,-281.867180143012,-14.21804143441932,0.1408573682807089,0.0033704364848114905,0.0029047533238365777,False
415,9,-265.73273632791364,1.916402380679017,2.4358236594703486,,,True
416,0,-267.64913870859266,0.0,2.3308643852862914,,,True
416,1,-282.3257916010899,-14.676652892497259,0.12551391970480005,0.046981128750661426,0.03986110288719034,False
416,2,-282.6378337776845,-14.988695069091818,0.0427234392229102,0.022467358851457342,0.0221629839618826,False
416,3,-282.72968612202044,-15.08054741342778,0.03287554719918255,0.03788724093661532,0.034739120931909735,False
416,4,-282.75472911299414,-15.105590404401482,0.058238263701663705,0.018855486050034738,0.017971616250952255,False
416,5,-282.85106264589984,-15.201923937307185,0.031899129892058876,0.02888408269057022,0.024899573487036218,False
416,6,-282.48597266099296,-14.836833952400298,0.14701921124514697,0.1469332024948871,0.14471811016295005,False
416,7,-281.9474686916495,-14.298329983056817,0.21570477509855576,0.02313754508368702,0.021871447027084514,False
416,8,-281.86529170438905,-14.216152995796392,0.14174693229037655,0.003101696378346779,0.0023428422399710933,False
416,9,-265.73273632791364,1.916402380679017,2.4358236594703486,,,True
417,0,-267.64913870859266,0.0,2.3308643852862914,,,True
417,1,-282.33514015193396,-14.686001443341297,0.12302368695929992,0.045848332708181214,0.039919906549024754,False
417,2,-282.64406406602296,-14.994925357430304,0.03699513935529652,0.024317643792182247,0.024059615661147345,False
417,3,-282.7336363847431,-15.08449767615042,0.035549318462625074,0.03852702684149965,0.034285805176372836,False
417,4,-282.7578534541688,-15.108714745576151,0.055999899087626,0.018263955348174283,0.017492961569544406,False
417,5,-282.85034833781134,-15.201209629218681,0.03250004931382459,0.028908857695176426,0.02496067273050625,False
417,6,-282.49346428112204,-14.844325572529385,0.10025251216204954,0.09987056912638058,0.09785447932554614,False
417,7,-281.95102005953953,-14.301881350946871,0.20659956610821564,0.042466342995566474,0.04163010709012611,False
417,8,-281.8634830690754,-14.214344360482755,0.14248205423543653,0.0022067027199819712,0.0020796914273154142,False
417,9,-265.73273632791364,1.916402380679017,2.4358236594703486,,,True
418,0,-267.64913870859266,0.0,2.3308643852862914,,,True
418,1,-282.3447853083385,-14.695646599745828,0.1188014114717491,0.0435267932182185,0.039166461716763766,False
418,2,-282.65037853436763,-15.001239825774974,0.03398212714250119,0.026842296658598205,0.02656628578656523,False
418,3,-282.73772232014073,-15.088583611548074,0.038000758447195984,0.039661576422343615,0.03402717886536456,False
418,4,-282.7610583346976,-15.111919626104964,0.05378792242961269,0.01760635026801996,0.01691844527659211,False
418,5,-282.84933535656216,-15.200196647969506,0.032908327265436535,0.029000621746092508,0.025519309994779898,False
418,6,-282.49926080455566,-14.850122095963002,0.08746211623529437,0.07002656579609275,0.051255129497150824,False
418,7,-281.95547700691134,-14.306338298318678,0.19976779278526482,0.028789425914025474,0.027837987086529677,False
418,8,-281.8618358921309,-14.21269718353824,0.1428665688860511,0.002086444371419233,0.0017523936710260426,False
418,9,-265.73273632791364,1.916402380679017,2.4358236594703486,,,True
419,0,-267.64913870859266,0.0,2.3308643852862914,,,True
419,1,-282.3546543130578,-14.70551560446512,0.1125333196710921,0.04002761196214527,0.03751504309396342,False
419,2,-282.6567457756498,-15.007607067057165,0.03440134300537339,0.02957701194672466,0.02928383323588755,False
419,3,-282.7420003227436,-15.092861614150934,0.040069774326642646,0.0413052085430815,0.034011003761045995,False
419,4,-282.76433877850604,-15.115200069913385,0.051648257043176674,0.016868831767844553,0.016243344312779975,False
419,5,-282.84802654466694,-15.198887836074277,0.03323827126679407,0.02925242300046217,0.025977289109415512,False
419,6,-282.502977497757,-14.853838789164342,0.1041880310323656,0.10287995850375435,0.08695723197649043,False
419,7,-281.96028972787065,-14.311151019277986,0.19453732146155028,0.037110864498142965,0.03644469279462756,False
419,8,-281.86041076030426,-14.211272051711603,0.142822667236743,0.0024803119588573024,0.001819184028666116,False
419,9,-265.73273632791364,1.916402380679017,2.4358236594703486,,,True
420,0,-267.64913870859266,0.0,2.3308643852862914,,,True
420,1,-282.3645597348341,-14.715421026241415,0.1036289006183626,0.03522339868005415,0.03441865981274668,False
420,2,-282.663104678236,-15.013965969643323,0.034486390065586174,0.03183779537943231,0.03152865702503651,False
420,3,-282.7465005201544,-15.097361811561768,0.041641943245959996,0.04348960743972847,0.034413457021119184,False
420,4,-282.7676564168561,-15.118517708263425,0.049510459622871573,0.01607631244559442,0.015502765532516935,False
420,5,-282.8464398972219,-15.19730118862924,0.03429879304051276,0.029645975528005356,0.026114220380443295,False
420,6,-282.5080891998609,-14.858950491268217,0.08223091519314928,0.07461168634090021,0.05931993843083264,False
420,7,-281.9655764712245,-14.316437762631836,0.18699853218652876,0.03931820496020278,0.03897351733503699,False
420,8,-281.85926310895115,-14.210124400358495,0.1424651088710967,0.003553298120906833,0.0028412337303959693,False
420,9,-265.73273632791364,1.916402380679017,2.4358236594703486,,,True
421,0,-267.64913870859266,0.0,2.3308643852862914,,,True
421,1,-282.3743262911345,-14.725187582541821,0.09190015395434872,0.03226649609020816,0.03010255513121961,False
421,2,-282.66944092411364,-15.020302215520985,0.03416136609783154,0.03342932627172038,0.03310716904042822,False
421,3,-282.75127418515274,-15.102135476560079,0.04267803650173012,0.04619250287537072,0.03533825788311389,False
421,4,-282.77098460919717,-15.121845900604512,0.047341441402558526,0.015253941161872349,0.014723919455662114,False
421,5,-282.8446016751648,-15.195462966572165,0.03537380781481119,0.030141627113797337,0.02660311880885555,False
421,6,-282.5126392643973,-14.863500555804649,0.09005922230975606,0.05888775402615569,0.04772495630114836,False
421,7,-281.9714597663524,-14.322321057759723,0.17684150029304735,0.03590185950295816,0.03537409688911772,False
421,8,-281.8584565718007,-14.209317863208014,0.14173566164959603,0.004842148549530019,0.003961189362166378,False
421,9,-265.73273632791364,1.916402380679017,2.4358236594703486,,,True
422,0,-267.64913870859266,0.0,2.3308643852862914,,,True
422,1,-282.38387722477796,-14.734738516185303,0.0828376298180337,0.03558105032732818,0.032760174880220566,False
422,2,-282.67579079278624,-15.026652084193586,0.03324340956425876,0.034165038982918866,0.03384365902413276,False
422,3,-282.75641753156134,-15.10727882296868,0.04332228773108791,0.04941791453581481,0.036777735078420325,False
422,4,-282.7743267196166,-15.125188011023965,0.04519854425916507,0.014412612658578305,0.013916167379900694,False
422,5,-282.8425176990961,-15.193378990503447,0.03637073140523856,0.030706020518662454,0.027419661595598666,False
422,6,-282.5157824402769,-14.866643731684235,0.10260323600717039,0.07721569295400149,0.0572634539505347,False
422,7,-281.97750256126153,-14.328363852668872,0.1674259083718635,0.03375130211375874,0.03311940176636893,False
422,8,-281.8580405819815,-14.208901873388868,0.1404910314542539,0.006119083624920514,0.0049807652661727694,False
422,9,-265.73273632791364,1.916402380679017,2.4358236594703486,,,True
423,0,-267.64913870859266,0.0,2.3308643852862914,,,True
423,1,-282.39313138082184,-14.743992672229183,0.07585817794970508,0.03832891735329458,0.034780313181741004,False
423,2,-282.6821164836058,-15.032977775013137,0.030932364112561887,0.03331487859649253,0.03302409314396277,False
423,3,-282.76198482733037,-15.112846118737707,0.04380152902322598,0.05326052898183255,0.03873704192260319,False
423,4,-282.77766980328283,-15.128531094690175,0.04316844982090041,0.01413209989815923,0.01309549236359567,False
423,5,-282.8401930306702,-15.191054322077548,0.03730748110268409,0.031372568488507606,0.02838196557336465,False
423,6,-282.5190441604518,-14.869905451859154,0.1068023900934802,0.07779702423848991,0.06010731552386001,False
423,7,-281.98387278355636,-14.334734074963706,0.15955883621291073,0.036288254657139855,0.035741061296357936,False
423,8,-281.8580419265453,-14.208903217952638,0.138781572200602,0.007414953585264228,0.005968516280455072,False
423,9,-265.73273632791364,1.916402380679017,2.4358236594703486,,,True
424,0,-267.64913870859266,0.0,2.3308643852862914,,,True
424,1,-282.40208506941434,-14.752946360821682,0.06837952677114609,0.04012711204621956,0.035880935362111115,False
424,2,-282.6883219646831,-15.039183256090439,0.026479501251053365,0.030239286115960523,0.030016354556554166,False
424,3,-282.7679729712827,-15.11883426269003,0.0452574383272429,0.057879263075201005,0.04121389002127604,False
424,4,-282.7809972032637,-15.131858494671064,0.04127791332056914,0.0146132732469867,0.013116475208479793,False
424,5,-282.837649034386,-15.188510325793345,0.03821008140911652,0.03220860408457929,0.029565356067536623,False
424,6,-282.5223795797698,-14.873240871177131,0.09663397725933481,0.062106342617826445,0.048932451582315205,False
424,7,-281.9904637293741,-14.341325020781426,0.15127986879213,0.04145050036480295,0.04077278895280251,False
424,8,-281.85848742538644,-14.209348716793784,0.1366905279655602,0.008805846979491556,0.007038895503756332,False
424,9,-265.73273632791364,1.916402380679017,2.4358236594703486,,,True
425,0,-267.64913870859266,0.0,2.3308643852862914,,,True
425,1,-282.41085451131477,-14.761715802722108,0.060647812204487415,0.04044994797448095,0.03566945957509582,False
425,2,-282.69429420184406,-15.0451554932514,0.02626385901534241,0.027465176353111912,0.027269392934755134,False
425,3,-282.77432944456325,-15.125190735970591,0.0504517082651766,0.06343940136534043,0.044148781754855676,False
425,4,-282.78430261501285,-15.135163906420189,0.03950736726577431,0.015202132500802991,0.013842222462339286,False
425,5,-282.8349044511175,-15.185765742524836,0.03913554881246754,0.033236683954124255,0.030973634646002744,False
425,6,-282.5254652788252,-14.87632657023255,0.08165678712979421,0.058169401280389665,0.053700497305006575,False
425,7,-281.99705755286277,-14.347918844270112,0.14220078486113474,0.045521790541777546,0.04395578100187691,False
425,8,-281.8593952018062,-14.210256493213535,0.13417981206914537,0.010206543116776698,0.008102318389772847,False
425,9,-265.73273632791364,1.916402380679017,2.4358236594703486,,,True
426,0,-267.64913870859266,0.0,2.3308643852862914,,,True
426,1,-282.419547780393,-14.770409071800316,0.05327490703739404,0.0391447524578088,0.03419495904180421,False
426,2,-282.6999253154071,-15.050786606814427,0.03215165057730989,0.03287645368542609,0.031358459766316835,False
426,3,-282.780976370234,-15.131837661641327,0.056588178636119216,0.069998213080362,0.04732284829732966,False
426,4,-282.7875799848762,-15.138441276283515,0.037854206315191,0.015905887152357693,0.014651957917194298,False
426,5,-282.8319759571638,-15.182837248571161,0.0401502969048127,0.03440074432933022,0.03249850937902811,False
426,6,-282.5285858469964,-14.879447138403748,0.0727713713383654,0.056460902836857826,0.03946725724995646,False
426,7,-282.00381547203114,-14.354676763438476,0.13378426017591008,0.045830423732641866,0.043565960399129425,False
426,8,-281.8607659493308,-14.211627240738153,0.13121196053514303,0.01152785501804951,0.009055866031553634,False
426,9,-265.73273632791364,1.916402380679017,2.4358236594703486,,,True
427,0,-267.64913870859266,0.0,2.3308643852862914,,,True
427,1,-282.4281592158951,-14.779020507302448,0.04698237794147525,0.03630035204488129,0.03169183349501305,False
427,2,-282.70516933296665,-15.056030624373989,0.04112721646493717,0.04125509429101565,0.034995368988719626,False
427,3,-282.7878965454689,-15.138757836876266,0.06366197764962045,0.07747323724644374,0.05271241556096066,False
427,4,-282.79082411195577,-15.141685403363113,0.03635343628189777,0.0167256028496687,0.015548941372211196,False
427,5,-282.82888532357276,-15.179746614980104,0.04127701358037764,0.035612503029083024,0.03399935105239962,False
427,6,-282.5319829012813,-14.882844192688651,0.07291385417495172,0.045495301241617464,0.03746084972997719,False
427,7,-282.01063409004496,-14.3614953814523,0.1267514867316268,0.04409763525770231,0.041400641218027924,False
427,8,-281.8625919517036,-14.213453243110962,0.12784733192241776,0.012809349320252043,0.009955125078662145,False
427,9,-265.73273632791364,1.916402380679017,2.4358236594703486,,,True
428,0,-267.64913870859266,0.0,2.3308643852862914,,,True
428,1,-282.4365696824416,-14.787430973848927,0.0420864002339654,0.03203236065426071,0.028218868740178746,False
428,2,-282.71008356906543,-15.060944860472773,0.05066722384033697,0.0502396437186155,0.03710178017899016,False
428,3,-282.7951728937641,-15.146034185171459,0.07152588283659804,0.08572609105652235,0.060694315052808576,False
428,4,-282.79403460607705,-15.144895897484389,0.03504825086747761,0.017551235638145972,0.01644879236150391,False
428,5,-282.8256571466412,-15.17651843804856,0.042449455366105414,0.03682524765137384,0.03540360862400156,False
428,6,-282.53564371031973,-14.886505001727073,0.07892127926275361,0.041169714731889274,0.03655834513004592,False
428,7,-282.01735760047114,-14.368218891878485,0.12060559531676485,0.043801690389186604,0.040074468438843366,False
428,8,-281.8648591480281,-14.215720439435415,0.12416004221974658,0.014097634405681675,0.010868485754122954,False
428,9,-265.73273632791364,1.916402380679017,2.4358236594703486,,,True
429,0,-267.64913870859266,0.0,2.3308643852862914,,,True
429,1,-282.44462565085695,-14.79548694226429,0.03838718150838018,0.031176638073660664,0.025859530835639022,False
429,2,-282.71480887627126,-15.065670167678604,0.058119768660648254,0.057294631992863033,0.04257122736655815,False
429,3,-282.8029461121065,-15.153807403513838,0.07984404700556513,0.09454204405385154,0.06908631878643545,False
429,4,-282.79721192858756,-15.148073219994899,0.03399675254959856,0.018159896710427188,0.017125451939981766,False
429,5,-282.82232413554686,-15.173185426954205,0.043551814591708954,0.03806363189874596,0.03673641974140418,False
429,6,-282.5393258535522,-14.890187144959555,0.08465997820464834,0.035728194006324134,0.032600118620421704,False
429,7,-282.0240788936301,-14.374940185037417,0.11468901011592189,0.04508596161243313,0.040872411534732624,False
429,8,-281.86754508308354,-14.218406374490883,0.1201637933639297,0.01535068904499808,0.011751729498609672,False
429,9,-265.73273632791364,1.916402380679017,2.4358236594703486,,,True
430,0,-267.64913870859266,0.0,2.3308643852862914,,,True
430,1,-282.4522329755647,-14.803094266972039,0.03548224244191659,0.03183451738063259,0.02621954081912316,False
430,2,-282.7195001571283,-15.070361448535664,0.061523885805641804,0.060536204538181315,0.04731532788744159,False
430,3,-282.8113671361872,-15.162228427594528,0.08821473119010968,0.10336646190662857,0.07699983696897622,False
430,4,-282.8003595073608,-15.151220798768122,0.03303321122946959,0.01911813440449119,0.017963132037451427,False
430,5,-282.81892898191256,-15.169790273319904,0.04455498892289393,0.039382799664286386,0.038065205493177004,False
430,6,-282.5429881679297,-14.893849459337048,0.08575707556416771,0.0379146606254094,0.030707284241094698,False
430,7,-282.0307690688852,-14.381630360292547,0.1097905511470685,0.04783737304979193,0.04348242798572784,False
430,8,-281.87061929639475,-14.221480587802091,0.11586211718178054,0.0165179367928791,0.012544960708440474,False
430,9,-265.73273632791364,1.916402380679017,2.4358236594703486,,,True
431,0,-267.64913870859266,0.0,2.3308643852862914,,,True
431,1,-282.45938069440456,-14.8102419858119,0.03656963157194966,0.030740051046087777,0.02531518594513913,False
431,2,-282.72424750818254,-15.075108799589884,0.06030571117994972,0.05938360832623001,0.04727385450056789,False
431,3,-282.82056535627953,-15.171426647686872,0.09646620167820594,0.1120483468761523,0.08410671259862315,False
431,4,-282.80351343767427,-15.15437472908161,0.031187994562130117,0.021173080205275377,0.019562669593387195,False
431,5,-282.81551893500153,-15.166380226408876,0.0456344941968172,0.04080873172470554,0.039426265569418674,False
431,6,-282.5468170871999,-14.897678378607225,0.08084870607544138,0.03983558411096216,0.03702810796852607,False
431,7,-282.03735029427236,-14.388211585679699,0.1065636238416646,0.050663115186937405,0.046471259474042445,False
431,8,-281.87404114831094,-14.224902439718278,0.11130836390978728,0.017614947713267718,0.013271209087028647,False
431,9,-265.73273632791364,1.916402380679017,2.4358236594703486,,,True
432,0,-267.64913870859266,0.0,2.3308643852862914,,,True
432,1,-282.4661072202288,-14.816968511636162,0.03766151349579377,0.02794996234163015,0.023231087985029614,False
432,2,-282.7290479764031,-15.079909267810422,0.05519541547724629,0.05450384646897087,0.043382349740546895,False
432,3,-282.83065709936136,-15.181518390768701,0.10486025903311096,0.12080008415843561,0.09099006847443047,False
432,4,-282.80676016559335,-15.157621457000687,0.027398288973257582,0.024052646816354332,0.02196297739156336,False
432,5,-282.81214184595063,-15.163003137357975,0.04690235687254468,0.042311485717482174,0.04079419145553057,False
432,6,-282.5507875974713,-14.90164888887864,0.0729573107434065,0.037751580155600664,0.031104288861024683,False
432,7,-282.04389884135685,-14.39476013276419,0.1045450998190147,0.05259787332981566,0.048117737419682845,False
432,8,-281.8777626333546,-14.228623924761962,0.10657729260118959,0.018673440889374476,0.013976887264097078,False
432,9,-265.73273632791364,1.916402380679017,2.4358236594703486,,,True
433,0,-267.64913870859266,0.0,2.3308643852862914,,,True
433,1,-282.4724580977022,-14.823319389109542,0.035637282278514634,0.02872013127716314,0.023323819043936038,False
433,2,-282.73383783733186,-15.084699128739203,0.04759478228523973,0.047254007612829295,0.03702403596570725,False
433,3,-282.84177495557867,-15.192636246986012,0.11368416875658043,0.12984146010037276,0.09840898445548028,False
433,4,-282.8101775179489,-15.161038809356228,0.026608692206345506,0.026370865356984668,0.02410512143733124,False
433,5,-282.8088388256346,-15.15970011704195,0.0478652403842786,0.043791086986445814,0.042099546841334184,False
433,6,-282.5547613161998,-14.905622607607143,0.06689837131774416,0.04333283380882746,0.03325002673709299,False
433,7,-282.0504458399147,-14.401307131322028,0.10302662498889174,0.05387836882063292,0.048188787824492284,False
433,8,-281.88173483695937,-14.232596128366708,0.10171733775138424,0.0196822752874603,0.01465427107474035,False
433,9,-265.73273632791364,1.916402380679017,2.4358236594703486,,,True
434,0,-267.64913870859266,0.0,2.3308643852862914,,,True
434,1,-282.4784598869235,-14.829321178330815,0.030752389925788763,0.027561023965792148,0.023083113035346867,False
434,2,-282.7385444423338,-15.08940573374116,0.042292385334689216,0.03915247356256016,0.03093893503032194,False
434,3,-282.8540754605036,-15.204936751910964,0.12282218971606562,0.13902214109518213,0.10650522766576423,False
434,4,-282.8137695873278,-15.164630878735124,0.02794062614290652,0.027729210740200894,0.0253753363473995,False
434,5,-282.8056346135466,-15.156495904953942,0.048991092961722646,0.04506077886169189,0.043265990848712375,False
434,6,-282.55877126131895,-14.909632552726293,0.062477573963737904,0.05147815575841678,0.03625823665709299,False
434,7,-282.05693946188444,-14.407800753291781,0.10190312351283036,0.05518898623675278,0.04801881993366605,False
434,8,-281.8859109610259,-14.23677225243324,0.09675697899632527,0.02061028736888285,0.015267462440911976,False
434,9,-265.73273632791364,1.916402380679017,2.4358236594703486,,,True
435,0,-267.64913870859266,0.0,2.3308643852862914,,,True
435,1,-282.4841105331857,-14.834971824593026,0.02794709943012022,0.02810890848584848,0.023774256366308387,False
435,2,-282.74312059883573,-15.093981890243072,0.047272817034446364,0.03381976910680937,0.030627790585471496,False
435,3,-282.8677177525646,-15.218579043971943,0.13166821290048825,0.1477343386041787,0.11477328898097718,False
435,4,-282.817495533941,-15.168356825348326,0.02895075378039415,0.028793968682664005,0.026288737891497514,False
435,5,-282.8025286267077,-15.153389918115067,0.049981598095132515,0.046191087907565945,0.04431609056419405,False
435,6,-282.56292893307,-14.913790224477339,0.056778045990342974,0.055440187187961516,0.03736872978263629,False
435,7,-282.06340516879544,-14.414266460202782,0.10169723841877282,0.057269437771645365,0.048975611204658896,False
435,8,-281.8902447600349,-14.241106051442216,0.09173560234537602,0.02145072794726511,0.015810212062306376,False
435,9,-265.73273632791364,1.916402380679017,2.4358236594703486,,,True
436,0,-267.64913870859266,0.0,2.3308643852862914,,,True
436,1,-282.48939341956134,-14.84025471096868,0.03232755128226914,0.03144947419491464,0.025273302227086483,False
436,2,-282.7475523394362,-15.098413630843538,0.05177790096612875,0.033528602804646375,0.029923959460227044,False
436,3,-282.8828265360589,-15.233687827466213,0.1392879169374698,0.15506466663539217,0.12242563670851901,False
436,4,-282.8213302641147,-15.172191555522033,0.029333665687024942,0.02909612204895177,0.026461142322880486,False
436,5,-282.79951383697545,-15.150375128382791,0.050753806409051666,0.047176623504712,0.04528030408252215,False
436,6,-282.56730970295894,-14.918170994366278,0.05031816576861357,0.054767960576726823,0.03777712638181719,False
436,7,-282.06989606686767,-14.420757358275011,0.10248326553201893,0.060157299871424916,0.05128242157162209,False
436,8,-281.8946898476519,-14.245551139059216,0.086705997272455,0.022221771931540835,0.016307840234520775,False
436,9,-265.73273632791364,1.916402380679017,2.4358236594703486,,,True
437,0,-267.64913870859266,0.0,2.3308643852862914,,,True
437,1,-282.4943051068605,-14.84516639826785,0.037771841756904935,0.03612589019886609,0.027559805630749397,False
437,2,-282.75184801942896,-15.102709310836303,0.05561217183942825,0.03289118113636277,0.02902709961491352,False
437,3,-282.8994722374505,-15.250333528857823,0.14462755534700666,0.1599765689506095,0.12854415663056082,False
437,4,-282.82524514732194,-15.176106438729278,0.028813140522148537,0.0282892380140896,0.025602681609395,False
437,5,-282.79657821108526,-15.147439502492603,0.05127898035795895,0.04803263943638309,0.0461947761827424,False
437,6,-282.57196735343007,-14.92282864483741,0.046303109973778435,0.05262947633058647,0.038859423984219245,False
437,7,-282.07639529013204,-14.427256581539382,0.10364794805542134,0.06328579913019118,0.054082470140171174,False
437,8,-281.89920231265205,-14.250063604059392,0.08171254546042711,0.02293381579538978,0.01677504104191521,False
437,9,-265.73273632791364,1.916402380679017,2.4358236594703486,,,True
438,0,-267.64913870859266,0.0,2.3308643852862914,,,True
438,1,-282.4988751424952,-14.849736433902535,0.041295837789458036,0.03896241326431226,0.02834723988506991,False
438,2,-282.75602081488535,-15.106882106292687,0.058544202462878885,0.031894186947387,0.029553217279580768,False
438,3,-282.9177322439017,-15.268593535309037,0.1467538301805392,0.16151632110679826,0.1321620532947681,False
438,4,-282.829185219669,-15.180046511076341,0.02722956031532737,0.02623247428450379,0.023569855621907356,False
438,5,-282.79370840200966,-15.144569693416997,0.05162040696955856,0.04877128808936759,0.04706752203896897,False
438,6,-282.5768980260877,-14.927759317495031,0.04741397150555772,0.05271366424325522,0.041069347824651214,False
438,7,-282.0828829003034,-14.43374419171073,0.10426619982792631,0.06568499351843836,0.05615716681812305,False
438,8,-281.9037421746581,-14.254603466065419,0.07678201223989133,0.02357608443386212,0.017198002057249955,False
438,9,-265.73273632791364,1.916402380679017,2.4358236594703486,,,True
439,0,-267.64913870859266,0.0,2.3308643852862914,,,True
439,1,-282.50316713504174,-14.854028426449077,0.0427595703437799,0.039870216337964136,0.027944050094694455,False
439,2,-282.7600768675426,-15.11093815894992,0.0603845501061013,0.030565508587002153,0.029782236258478315,False
439,3,-282.9378453725101,-15.288706663917424,0.1454399782582402,0.1593681720730108,0.1330882398521717,False
439,4,-282.8330836956853,-15.183944987092616,0.024907232986726754,0.023317428022580862,0.020665562341485904,False
439,5,-282.7908914729163,-15.141752764323655,0.05188884343200724,0.049391197197541134,0.04787252119946894,False
439,6,-282.5820328416937,-14.932894133101058,0.05242411171262561,0.05591994008301823,0.04371129200281682,False
439,7,-282.0893885509021,-14.440249842309413,0.10411447565693929,0.06697819879273186,0.05689979473012536,False
439,8,-281.9082732131451,-14.259134504552435,0.07193463328923802,0.02413412057196201,0.017557144322849227,False
439,9,-265.73273632791364,1.916402380679017,2.4358236594703486,,,True
440,0,-267.64913870859266,0.0,2.3308643852862914,,,True
440,1,-282.5072541844327,-14.858115475840066,0.04239224241642586,0.03910982663567312,0.02842798606090372,False
440,2,-282.7640108268521,-15.114872118259427,0.06106709226608787,0.030214237646907876,0.029749947638793305,False
440,3,-282.9603786997176,-15.311239991124921,0.18152618490410927,0.1873053752909284,0.16876009765700217,False
440,4,-282.83689871266733,-15.187760004074676,0.022991893694213457,0.020774885249801957,0.017961314937232232,False
440,5,-282.7881155869733,-15.138976878380618,0.052152601595574465,0.04988327192473465,0.048569857432816665,False
440,6,-282.58730116508866,-14.938162456496002,0.05667636270212025,0.05918439060490679,0.045530012211913766,False
440,7,-282.0959380615657,-14.446799352973017,0.10385527116488773,0.06777193078836416,0.05664171604146667,False
440,8,-281.91276143573,-14.263622727137317,0.06719619001570676,0.024609000216339588,0.017852306527787975,False
440,9,-265.73273632791364,1.916402380679017,2.4358236594703486,,,True
441,0,-267.64913870859266,0.0,2.3308643852862914,,,True
441,1,-282.51118460878394,-14.862045900191276,0.04066114821023385,0.03717148763973009,0.02775589934833787,False
441,2,-282.76780757066024,-15.11866886206758,0.060689699094438845,0.030197147095113307,0.029519042086651903,False
441,3,-282.98622996971034,-15.337091261117678,0.2263401419282369,0.23195665212572433,0.21045561020944017,False
441,4,-282.8406073539888,-15.191468645396128,0.021622915319466526,0.018819325377295856,0.01726923260972601,False
441,5,-282.7853713045567,-15.136232595964032,0.05239099500903293,0.05024492166608101,0.04913286099186577,False
441,6,-282.59264219897534,-14.943503490382682,0.05671068177049885,0.05928039191710353,0.04561245627638299,False
441,7,-282.1025333259397,-14.453394617347044,0.10430910260092555,0.06901757782632985,0.05622947646542605,False
441,8,-281.91717354539946,-14.268034836806805,0.0625967149377908,0.02501542112868831,0.018100096811850923,False
441,9,-265.73273632791364,1.916402380679017,2.4358236594703486,,,True
442,0,-267.64913870859266,0.0,2.3308643852862914,,,True
442,1,-282.51496850307217,-14.86582979447951,0.038136649020357516,0.03494048801296504,0.026228945191881174,False
442,2,-282.7714493973529,-15.122310688760251,0.05947826733216184,0.03010894851358158,0.029163635949892457,False
442,3,-283.0158355978954,-15.366696889302716,0.25505124584067207,0.2608406283127229,0.23882506642616905,False
442,4,-282.84418905635766,-15.195050347765005,0.02088531569519375,0.017561314729219565,0.01731027546707138,False
442,5,-282.78265199206135,-15.133513283468687,0.05253106755571181,0.05048919538482047,0.04956175481487711,False
442,6,-282.5979744401189,-14.94883573152623,0.05257201960178938,0.05589109349574737,0.04397366193834133,False
442,7,-282.1091982386155,-14.460059530022818,0.10580962599006391,0.07125230591812175,0.05636481571491796,False
442,8,-281.92147822589425,-14.272339517301589,0.05816027853374621,0.025366492655757383,0.018313908159485765,False
442,9,-265.73273632791364,1.916402380679017,2.4358236594703486,,,True
443,0,-267.64913870859266,0.0,2.3308643852862914,,,True
443,1,-282.51859015639036,-14.869451447797701,0.03537280239129189,0.03506063510557399,0.026511993059007817,False
443,2,-282.7749294750868,-15.125790766494163,0.05771318389057159,0.030008293151301456,0.028751825279631,False
443,3,-283.0468068786171,-15.397668170024417,0.22316991554846588,0.22983275143357973,0.21415607272769938,False
443,4,-282.8476315344416,-15.198492825848916,0.02121245871493812,0.01744237759176764,0.01716828935297556,False
443,5,-282.77995111538496,-15.130812406792302,0.05251820318081887,0.05063990565787273,0.0498759665181305,False
443,6,-282.60322156948683,-14.954082860894175,0.04676549167427598,0.05107692928861686,0.04144547519266871,False
443,7,-282.11599974818364,-14.466861039590981,0.10806377403201177,0.07425067614975148,0.05727924612309376,False
443,8,-281.9256544946534,-14.276515786060713,0.05389481788289055,0.02566541503183066,0.01849348623013156,False
443,9,-265.73273632791364,1.916402380679017,2.4358236594703486,,,True
444,0,-267.64913870859266,0.0,2.3308643852862914,,,True
444,1,-282.52204309926026,-14.8729043906676,0.032789917266570545,0.034902940649916066,0.026856944171484015,False
444,2,-282.7782668936917,-15.129128185099034,0.05566666831854441,0.029928926478396164,0.028330983597003874,False
444,3,-283.072449580578,-15.423310871985336,0.3668417485925751,0.36425815895022856,0.2723620014617854,False
444,4,-282.8509422373862,-15.201803528793562,0.021201546280843864,0.01702437384594384,0.01674398582724386,False
444,5,-282.7772524381014,-15.128113729508755,0.05235256135361372,0.050723000053244295,0.05010156452162169,False
444,6,-282.60836505069324,-14.959226342100578,0.0422170437967273,0.04733780695699684,0.03903662803823213,False
444,7,-282.12304032547,-14.473901616877356,0.11055303263187573,0.07742347783151272,0.05881422936434512,False
444,8,-281.9297068487035,-14.280568140110859,0.049782230911019264,0.02591023678503827,0.01863149717708156,False
444,9,-265.73273632791364,1.916402380679017,2.4358236594703486,,,True
445,0,-267.64913870859266,0.0,2.3308643852862914,,,True
445,1,-282.52534216288154,-14.876203454288884,0.0320029821554867,0.03447030937336088,0.026806909557198912,False
445,2,-282.78150280688055,-15.132364098287894,0.053580445745268795,0.029879012686120653,0.027918741684643165,False
445,3,-283.0889955962816,-15.439856887688961,0.5780144850498186,0.5724237992037322,0.37836818181514525,False
445,4,-282.85414927144075,-15.205010562848088,0.02089452198087737,0.016700239660301774,0.016031683667669005,False
445,5,-282.7745191850855,-15.125380476492865,0.05208321070120327,0.05077770638457634,0.05028227346793519,False
445,6,-282.6134312830068,-14.964292574414117,0.040532996166245956,0.04600380459737736,0.03755301167719028,False
445,7,-282.1304470612016,-14.481308352608949,0.11309327553682184,0.0805293655773764,0.06063433476249911,False
445,8,-281.9336618845078,-14.284523175915126,0.04578159691184708,0.02610395375770484,0.018725774603650616,False
445,9,-265.73273632791364,1.916402380679017,2.4358236594703486,,,True
446,0,-267.64913870859266,0.0,2.3308643852862914,,,True
446,1,-282.52848965187326,-14.879350943280599,0.03135191813696803,0.03387078629124469,0.026468033607961315,False
446,2,-282.7846598898976,-15.135521181304966,0.051650778807075394,0.029850908708473484,0.02751077831335979,False
446,3,-283.10585164759004,-15.456712938997384,0.7149312942122859,0.7083402383870923,0.48825416032480645,False
446,4,-282.8572650309142,-15.208126322321561,0.021018876725285515,0.016878731022302716,0.015123756012642152,False
446,5,-282.7717218078131,-15.122583099220435,0.051767193937338946,0.050853310961213045,0.05047214731148906,False
446,6,-282.618408822163,-14.96927011357036,0.041061899264646824,0.046535492119516575,0.037418839401885284,False
446,7,-282.1383034165424,-14.489164707949726,0.1158777764008781,0.08383607541137454,0.0625115228007091,False
446,8,-281.937520087916,-14.288381379323368,0.04187789473933236,0.02625846893266753,0.018948262739742462,False
446,9,-265.73273632791364,1.916402380679017,2.4358236594703486,,,True
447,0,-267.64913870859266,0.0,2.3308643852862914,,,True
447,1,-282.5314668092917,-14.882328100699056,0.030624105523442375,0.03322192260303762,0.026846163855981653,False
447,2,-282.7877270038837,-15.138588295291015,0.05001951750166659,0.029834178046562885,0.027103547827568374,False
447,3,-283.1359092137353,-15.486770505142658,0.6701928162870047,0.6647018616029032,0.4833094836736336,False
447,4,-282.8602615271805,-15.211122818587853,0.024030764976812034,0.017815390570919697,0.014867446440896482,False
447,5,-282.76887542660813,-15.119736718015474,0.05143020153536036,0.050964915309675764,0.050683596855579015,False
447,6,-282.62322323793234,-14.974084529339677,0.0420845175771839,0.047443745403224956,0.03683731274967227,False
447,7,-282.1466242260692,-14.497485517476548,0.11924535324312543,0.08781913276373873,0.06449522162336656,False
447,8,-281.9412376524655,-14.292098943872816,0.038111293653525065,0.026385003445903974,0.019398623286007475,False
447,9,-265.73273632791364,1.916402380679017,2.4358236594703486,,,True
448,0,-267.64913870859266,0.0,2.3308643852862914,,,True
448,1,-282.5342710513233,-14.885132342730628,0.03017291268500062,0.03259008447096887,0.02823349665354879,False
448,2,-282.7906941783864,-15.14155546979373,0.0487609979734514,0.029823235475540662,0.026704624755796436,False
448,3,-283.1751587933601,-15.526020084767424,0.4424966636199853,0.43880029758511185,0.34117330406999563,False
448,4,-282.86310240385353,-15.213963695260873,0.027819639210914255,0.018429302059091695,0.01517950039021667,False
448,5,-282.7660178384539,-15.116879129861218,0.0510607501300294,0.051083225077488865,0.05088100427717353,False
448,6,-282.6278059076911,-14.978667199098425,0.042632685341778,0.04768171102116146,0.03655561499624102,False
448,7,-282.1554318452801,-14.506293136687418,0.12365070272671219,0.0928469341401944,0.06660864500182437,False
448,8,-281.9447723104452,-14.295633601852558,0.03453286065679463,0.02649134962358957,0.019837468934855898,False
448,9,-265.73273632791364,1.916402380679017,2.4358236594703486,,,True
449,0,-267.64913870859266,0.0,2.3308643852862914,,,True
449,1,-282.5369505353442,-14.887811826751545,0.03257163632640841,0.03197008762993082,0.028972011492205185,False
449,2,-282.79359559346636,-15.144456884873705,0.04786900527043738,0.029817927187261048,0.02632935532433411,False
449,3,-283.2056610717585,-15.556522363165868,0.1616245782274725,0.1565776509606227,0.14622421164027313,False
449,4,-282.86578491595185,-15.21664620735919,0.03201214570802187,0.01853165691093618,0.015534873466014754,False
449,5,-282.7631630011564,-15.114024292563727,0.050615766931851366,0.051150289493715057,0.05100313254317368,False
449,6,-282.63217515625655,-14.983036447663892,0.042975850255784674,0.04715552745207417,0.03674869620035832,False
449,7,-282.16489746840875,-14.515758759816094,0.1295223659657889,0.09910320856199793,0.0690053395268324,False
449,8,-281.9481365849007,-14.298997876308022,0.031147286020506884,0.02658002728807062,0.020249221029530327,False
449,9,-265.73273632791364,1.916402380679017,2.4358236594703486,,,True
450,0,-267.64913870859266,0.0,2.3308643852862914,,,True
450,1,-282.5395884406199,-14.890449732027264,0.03497073143789383,0.03129412230174017,0.028899630803689992,False
450,2,-282.796510201748,-15.147371493155333,0.04726283373266025,0.02981979368507813,0.025990288689943016,False
450,3,-283.2174707458465,-15.568332037253867,0.19722494399053048,0.20738532306822913,0.15459427845943977,False
450,4,-282.86834289547124,-15.219204186878585,0.036202672101759835,0.0197625643742969,0.01591898036644217,False
450,5,-282.76028076341026,-15.111142054817606,0.05114333170211434,0.051128693718098334,0.051016174374792764,False
450,6,-282.6364213574828,-14.98728264889013,0.04401906826116209,0.046397637177194584,0.03717822947456644,False
450,7,-282.17541580266175,-14.526277094069087,0.13697694082510037,0.10638186964343736,0.07190612697050258,False
450,8,-281.9513941955122,-14.302255486919535,0.027911691776660766,0.026646957145879294,0.020651301319787086,False
450,9,-265.73273632791364,1.916402380679017,2.4358236594703486,,,True
451,0,-267.64913870859266,0.0,2.3308643852862914,,,True
451,1,-282.5422252384369,-14.893086529844254,0.037068196828687686,0.030494097914297594,0.027907983550698623,False
451,2,-282.7995016839223,-15.150362975329642,0.04680433758266604,0.02983157800558409,0.025685369812135768,False
451,3,-283.21625039066294,-15.567111682070276,0.3433683491555359,0.3416821932244334,0.24408746470905215,False
451,4,-282.8708104405166,-15.221671731923948,0.04011346616792314,0.0213511643323041,0.016876062705908416,False
451,5,-282.75731756277344,-15.108178854180778,0.05167437045493127,0.05109254070875883,0.051004243705808854,False
451,6,-282.64059911174115,-14.991460403148494,0.046377122102044505,0.04599000401700455,0.037668963608880855,False
451,7,-282.18741810986205,-14.538279401269392,0.14562764596380864,0.11699603332628053,0.07762315426928092,False
451,8,-281.9545898436815,-14.305451135088845,0.024792710503702266,0.026681050803841196,0.02108747410129632,False
451,9,-265.73273632791364,1.916402380679017,2.4358236594703486,,,True
452,0,-267.64913870859266,0.0,2.3308643852862914,,,True
452,1,-282.5448410579603,-14.895702349367639,0.03865448463701874,0.029560771340849102,0.025930796114382412,False
452,2,-282.8025870967748,-15.153448388182142,0.04634734738533697,0.02984653870069764,0.02539663323662128,False
452,3,-283.21297650812585,-15.56383779953319,0.4058502277608219,0.40326526783281497,0.2681005618659593,False
452,4,-282.87318733683344,-15.22404862824078,0.04365560497568644,0.022907845918121922,0.01828553678809341,False
452,5,-282.75424677237635,-15.105108063783689,0.05218423524334809,0.05115338182376087,0.05108585243109031,False
452,6,-282.6447116433646,-14.995572934771928,0.04980355874720456,0.04590611462682563,0.03833628517855233,False
452,7,-282.20114383634325,-14.55200512775059,0.15453200105885667,0.12794903229574148,0.08760187813712972,False
452,8,-281.95771679538376,-14.308578086791101,0.02181955878196835,0.02667389047646981,0.02158231549821594,False
452,9,-265.73273632791364,1.916402380679017,2.4358236594703486,,,True
453,0,-267.64913870859266,0.0,2.3308643852862914,,,True
453,1,-282.54739270046514,-14.89825399187248,0.039607241255253854,0.03100356755013647,0.027572824522314153,False
453,2,-282.8057570037889,-15.156618295196267,0.045746303069271986,0.03218688621717847,0.028077870850596834,False
453,3,-283.21493418085856,-15.565795472265904,0.3788769047846888,0.37486203495973186,0.2982448041511682,False
453,4,-282.875449155032,-15.226310446439356,0.04685368083930454,0.024443741374330884,0.01967594578755161,False
453,5,-282.75107596725917,-15.10193725866651,0.05269818602012765,0.05136593868798591,0.051317383894455726,False
453,6,-282.64873893310755,-14.999600224514893,0.0537137997516203,0.04523473261994871,0.03946306963190574,False
453,7,-282.2165044956198,-14.567365787027143,0.16265805328404292,0.13164156679549266,0.0922694893358289,False
453,8,-281.9607439518629,-14.311605243270265,0.02127258402265341,0.026626195459117426,0.022126617305401323,False
453,9,-265.73273632791364,1.916402380679017,2.4358236594703486,,,True
454,0,-267.64913870859266,0.0,2.3308643852862914,,,True
454,1,-282.5498429817617,-14.900704273169026,0.039905322623896095,0.03273594784398187,0.02934029267924255,False
454,2,-282.80899549736614,-15.159856788773482,0.0448606445991966,0.0345775287117914,0.0306283413811739,False
454,3,-283.2222099513267,-15.573071242734045,0.2802244553248186,0.2804601089200326,0.27697222059516713,False
454,4,-282.87756657820864,-15.228427869615984,0.04980096658654086,0.02597444187452037,0.02109149267547692,False
454,5,-282.74783394617,-15.098695237577317,0.053192364499939145,0.05172542073756998,0.0516920553384151,False
454,6,-282.65262589729093,-15.003487188698273,0.05819968384512419,0.04299724006138184,0.04114397830544592,False
454,7,-282.23300857874176,-14.583869870149101,0.1698053780038007,0.13095757020546883,0.08773386626778296,False
454,8,-281.96364162497196,-14.314502916379297,0.02093460490849369,0.026547888722869686,0.02268892570232711,False
454,9,-265.73273632791364,1.916402380679017,2.4358236594703486,,,True
455,0,-267.64913870859266,0.0,2.3308643852862914,,,True
455,1,-282.5521825412793,-14.903043832686649,0.03962177923805596,0.03453428582614614,0.03110368528493568,False
455,2,-282.81230017435945,-15.163161465766791,0.043749912645051986,0.036540229443362396,0.0327996178555697,False
455,3,-283.2288531582999,-15.57971444970724,0.20839133005249766,0.21686583912937962,0.21143507207355441,False
455,4,-282.8795195614255,-15.230380852832866,0.052633376351041254,0.027522027489183032,0.02256952881602873,False
455,5,-282.7445453881272,-15.095406679534562,0.053603215277519344,0.05216282822693621,0.05213893511283041,False
455,6,-282.6563001434962,-15.007161434903537,0.06419498630081033,0.043798555580349945,0.04291565258918942,False
455,7,-282.2499616128581,-14.600822904265442,0.17593318593029875,0.1332441048401402,0.07816503918233239,False
455,8,-281.9664000385556,-14.317261329962946,0.020640872460805704,0.02645172642663574,0.023237975252094308,False
455,9,-265.73273632791364,1.916402380679017,2.4358236594703486,,,True
456,0,-267.64913870859266,0.0,2.3308643852862914,,,True
456,1,-282.5544309771056,-14.905292268512937,0.038891540072151815,0.03637526880495191,0.03285327101654297,False
456,2,-282.8156885666183,-15.166549858025633,0.043602931444465864,0.037954737816799776,0.03441722168206777,False
456,3,-283.22977102839434,-15.58063231980168,0.34456979875525623,0.33374382466072944,0.22178066267757515,False
456,4,-282.88130094937134,-15.232162240778678,0.05549848240278902,0.029113565347772836,0.024131856197184477,False
456,5,-282.74122282702274,-15.09208411843008,0.053854572457574024,0.052550891345769034,0.052531776855108736,False
456,6,-282.65971498546827,-15.01057627687561,0.07217025306865862,0.04489884931299936,0.04393741112173533,False
456,7,-282.2668036154645,-14.617664906871823,0.17966243034339163,0.133039803871199,0.07873472790822235,False
456,8,-281.9690307958268,-14.319892087234166,0.020401197908033804,0.026344518326042,0.02376472659178942,False
456,9,-265.73273632791364,1.916402380679017,2.4358236594703486,,,True
457,0,-267.64913870859266,0.0,2.3308643852862914,,,True
457,1,-282.5566079452386,-14.907469236645966,0.03786310554744798,0.038250342718375505,0.03459190787229066,False
457,2,-282.81917212191934,-15.170033413326678,0.04336916617335218,0.038730609985273966,0.03533867013084293,False
457,3,-283.2276321258945,-15.578493417301843,0.43708374167120484,0.4276397841813982,0.2646126873923354,False
457,4,-282.8829080666088,-15.233769358016161,0.058497310370296283,0.030761597936297225,0.025768002242142044,False
457,5,-282.73787100272506,-15.088732294132399,0.053887765511266554,0.05281964764291155,0.05280289407790563,False
457,6,-282.6628500934778,-15.013711384885141,0.08138687161801277,0.04488417971834936,0.04375912458340295,False
457,7,-282.283103753436,-14.633965044843364,0.17938102813255336,0.12910279539729863,0.07762013732733632,False
457,8,-281.9715434799943,-14.322404771401636,0.020231890431929016,0.026561357174868114,0.02428899273885484,False
457,9,-265.73273632791364,1.916402380679017,2.4358236594703486,,,True
458,0,-267.64913870859266,0.0,2.3308643852862914,,,True
458,1,-282.55871949482196,-14.909580786229299,0.03747178592284578,0.04014914366504529,0.03633907546217338,False
458,2,-282.8227349375271,-15.173596228934457,0.043042798790544026,0.038807348410145444,0.03546309074102926,False
458,3,-283.2288437774039,-15.579705068811222,0.40518093926375276,0.3975418244707328,0.23583983661556238,False
458,4,-282.8843288764573,-15.23519016786463,0.06165824272584511,0.032448255407061984,0.02743488878693598,False
458,5,-282.73450962427705,-15.085370915684393,0.053681805203673987,0.052947193624176464,0.052932306790394415,False
458,6,-282.6657073200888,-15.016568611496155,0.09063688019125303,0.04386190090759015,0.04265009021535203,False
458,7,-282.29839123358977,-14.64925252499711,0.1747615861901712,0.12114972298521563,0.07487681642734523,False
458,8,-281.97393109965174,-14.324792391059077,0.020692303327560252,0.02716024234378341,0.024834373841952247,False
458,9,-265.73273632791364,1.916402380679017,2.4358236594703486,,,True
459,0,-267.64913870859266,0.0,2.3308643852862914,,,True
459,1,-282.5607730555273,-14.911634346934648,0.03905789634044604,0.04207690976262031,0.03814702062942755,False
459,2,-282.826348109493,-15.177209400900324,0.042617595234816036,0.03817309029321261,0.03473768398473927,False
459,3,-283.2352744169509,-15.586135708358256,0.2815622467164946,0.27682171813453815,0.18385935812346474,False
459,4,-282.8855435727777,-15.236404864185033,0.06498165707378742,0.034136197940703654,0.029077729539512293,False
459,5,-282.73117525391785,-15.082036545325195,0.05326132241429221,0.052931484340474455,0.0529191880305611,False
459,6,-282.66832310669565,-15.019184398102993,0.09888646111228393,0.04240983454480995,0.041343343848921,False
459,7,-282.312268349991,-14.663129641398314,0.16630131570134155,0.10937811680990614,0.08170474613617643,False
459,8,-281.97618340973395,-14.32704470114129,0.02133118753387261,0.02777446575418531,0.025406917114708317,False
459,9,-265.73273632791364,1.916402380679017,2.4358236594703486,,,True
460,0,-267.64913870859266,0.0,2.3308643852862914,,,True
460,1,-282.56278707211334,-14.913648363520679,0.04076276573357363,0.044089121169086073,0.04012226595239711,False
460,2,-282.82998898226583,-15.180850273673173,0.04208789651038526,0.03709960451840794,0.03343651323304945,False
460,3,-283.2444741627223,-15.595335454129668,0.28528887780009854,0.2795005664667356,0.22388744235633715,False
460,4,-282.8865327012587,-15.237393992666057,0.06847645947033974,0.03579042224732464,0.03065562999448394,False
460,5,-282.7279013636786,-15.078762655085939,0.052704549820682144,0.052793371338121585,0.05278457758886454,False
460,6,-282.67075819449406,-15.021619485901397,0.10536936353551887,0.04136955704830692,0.040692697764186075,False
460,7,-282.3246026206707,-14.675463912078044,0.15441981743614344,0.11718492614866576,0.09723247209044465,False
460,8,-281.9782985483001,-14.329159839707415,0.02191511299651652,0.028386449482853467,0.025991982107671136,False
460,9,-265.73273632791364,1.916402380679017,2.4358236594703486,,,True
461,0,-267.64913870859266,0.0,2.3308643852862914,,,True
461,1,-282.5647906491372,-14.915651940544535,0.042707282514341194,0.046305562541985146,0.04242213584054863,False
461,2,-282.8336559803437,-15.18451727175102,0.04144996566421841,0.03613137379679736,0.03218965269373946,False
461,3,-283.25374286795613,-15.604604159363475,0.3036328673050005,0.29879216459011265,0.244796016102123,False
461,4,-282.88727911140364,-15.238140402810984,0.07215043893474476,0.037394327649001045,0.03216005457282554,False
461,5,-282.7247073976805,-15.075568689087845,0.05212895257464378,0.05257996441017165,0.0525744633593206,False
461,6,-282.67306522010097,-15.023926511508307,0.10979366627922478,0.04242285625872575,0.041278492568907775,False
461,7,-282.3355221348259,-14.686383426233249,0.13931153827862644,0.13097226116731034,0.10556861352537031,False
461,8,-281.98028199736245,-14.331143288769795,0.02243070953088998,0.028973871601541322,0.026562471645139626,False
461,9,-265.73273632791364,1.916402380679017,2.4358236594703486,,,True
462,0,-267.64913870859266,0.0,2.3308643852862914,,,True
462,1,-282.56682337335553,-14.917684664762874,0.045070962114396325,0.04889727921518477,0.04522771892807959,False
462,2,-282.83735934233806,-15.188220633745402,0.04070093863879771,0.03536654744178567,0.031072761414328114,False
462,3,-283.2611619975599,-15.612023288967237,0.27727223441916676,0.27222225585158266,0.18558791657651913,False
462,4,-282.88776601354243,-15.238627304949773,0.07597734166073389,0.03895167257007183,0.03361535858021164,False
462,5,-282.721598925461,-15.072460216868365,0.051654009605197164,0.05234679857115303,0.052342421841829925,False
462,6,-282.6752704116287,-15.026131703036015,0.11218280684385909,0.043739255145446215,0.042999133904632975,False
462,7,-282.34520609945355,-14.69606739086089,0.13883983942935185,0.13079840078359423,0.10948674399160013,False
462,8,-281.9821419410998,-14.333003232507167,0.022859397308994143,0.029518513859769266,0.027094606569949692,False
462,9,-265.73273632791364,1.916402380679017,2.4358236594703486,,,True
463,0,-267.64913870859266,0.0,2.3308643852862914,,,True
463,1,-282.56893594482904,-14.919797236236377,0.04805614322233461,0.052050204348135905,0.04870308623520729,False
463,2,-282.8411103167019,-15.191971608109213,0.039839183095226466,0.0348641078499213,0.030126546384906604,False
463,3,-283.2663780187046,-15.617239310111927,0.252072418553973,0.24636051800660205,0.19098230694417906,False
463,4,-282.88797650764036,-15.238837799047701,0.07988007478322154,0.04047817494752396,0.035064081168637636,False
463,5,-282.7185679880643,-15.069429279471649,0.05136555157159952,0.052132950392850076,0.05212534611039269,False
463,6,-282.67739243275315,-15.028253724160493,0.11282595790435206,0.04527904848780933,0.04519778730207951,False
463,7,-282.3535744685466,-14.704435759953924,0.1316047834702393,0.11880746265235693,0.10068776974277042,False
463,8,-281.9838855414434,-14.334746832850726,0.023179087151947598,0.030016456341530988,0.027581814724602347,False
463,9,-265.73273632791364,1.916402380679017,2.4358236594703486,,,True
464,0,-267.64913870859266,0.0,2.3308643852862914,,,True
464,1,-282.5711852181055,-14.922046509512825,0.05181477535493735,0.05589766837984595,0.052935523666083006,False
464,2,-282.8449134405069,-15.195774731914241,0.03886743898564654,0.03466128916797917,0.029385283570724022,False
464,3,-283.2718989710128,-15.622760262420115,0.2543639749890498,0.24859312012589896,0.22916793514833908,False
464,4,-282.8878955523496,-15.23875684375696,0.08374319389785227,0.041987847698737236,0.03654233396593282,False
464,5,-282.7155967881701,-15.066458079577444,0.051298874817086615,0.051943088447861684,0.05192580535600329,False
464,6,-282.6794496417941,-15.030310933201463,0.11219359495397108,0.047470770076610685,0.04712099967564721,False
464,7,-282.3601565333769,-14.711017824784221,0.10840141015634805,0.09750555903763108,0.08105233576582582,False
464,8,-281.9855136763389,-14.336374967746224,0.024904892173319867,0.030477942006458196,0.028035818026153937,False
464,9,-265.73273632791364,1.916402380679017,2.4358236594703486,,,True
465,0,-267.64913870859266,0.0,2.3308643852862914,,,True
465,1,-282.5736338494396,-14.924495140846943,0.056397872362888075,0.06047826571744414,0.057911791048698445,False
465,2,-282.8487692484786,-15.199630539885959,0.03779170797000656,0.03477564293450803,0.028875183792721432,False
465,3,-283.28023421705046,-15.631095508457804,0.24121948218405898,0.24550234685912775,0.2095630521751997,False
465,4,-282.88750885528,-15.238370146687316,0.08744472123494161,0.04348166344430948,0.03805868023946611,False
465,5,-282.7126714489459,-15.063532740353253,0.05142848265961657,0.05172897968207566,0.051693633331117664,False
465,6,-282.68146012345994,-15.032321414867283,0.11068852837308625,0.049127542811681246,0.04835083183468278,False
465,7,-282.36442712704616,-14.715288418453497,0.09573975059211404,0.07527232374460731,0.07237389280221283,False
465,8,-281.98702165829036,-14.3378829496977,0.027460919393775807,0.03091378372408488,0.028472282588463228,False
465,9,-265.73273632791364,1.916402380679017,2.4358236594703486,,,True
466,0,-267.64913870859266,0.0,2.3308643852862914,,,True
466,1,-282.57636212505383,-14.927223416461175,0.061763932046244086,0.06574765273900889,0.06354332001993176,False
466,2,-282.852683728231,-15.20354501963834,0.03661584516767162,0.03520347161857459,0.028603135204616284,False
466,3,-283.28908096891644,-15.639942260323778,0.14662731881875257,0.1490931396259448,0.12317205819755714,False
466,4,-282.88679835045957,-15.237659641866912,0.09088619953682976,0.04494741810001014,0.03959208498559083,False
466,5,-282.7097903942413,-15.060651685648622,0.05166864525721232,0.05137826533202137,0.05131474787275784,False
466,6,-282.6834439528734,-15.034305244280745,0.10849279643755363,0.05152076089644113,0.04902803705323748,False
466,7,-282.36630670982606,-14.717168001233404,0.11290146622341309,0.10817478598902758,0.1027222315079329,False
466,8,-281.98840768934826,-14.339268980755605,0.030009349241500918,0.03132834951241627,0.02889839352127651,False
466,9,-265.73273632791364,1.916402380679017,2.4358236594703486,,,True
467,0,-267.64913870859266,0.0,2.3308643852862914,,,True
467,1,-282.579479017989,-14.930340309396342,0.06776369173078495,0.07155897205670221,0.06965284577112588,False
467,2,-282.85668291049035,-15.20754420189769,0.03533868060892508,0.03593076367662667,0.028560729331873515,False
467,3,-283.2932888789801,-15.644150170387434,0.10660175764898826,0.10250278124539389,0.08938724518015528,False
467,4,-282.88573791549885,-15.236599206906192,0.09403014828406084,0.046365761196078804,0.04110128850674981,False
467,5,-282.70695831554684,-15.057819606954183,0.05190013395256827,0.050730929876516416,0.05062737880436838,False
467,6,-282.68542554819254,-15.036286839599882,0.10551620449418485,0.054513218221004585,0.04962324772245111,False
467,7,-282.3664017845417,-14.717263075949063,0.1364541178214178,0.13723359270735366,0.12893229939429604,False
467,8,-281.98967706190297,-14.340538353310308,0.03254094590757274,0.03172021080744113,0.029309380738587444,False
467,9,-265.73273632791364,1.916402380679017,2.4358236594703486,,,True
468,0,-267.64913870859266,0.0,2.3308643852862914,,,True
468,1,-282.58309109032894,-14.933952381736276,0.07397857057309368,0.07749317394327432,0.07581528525336603,False
468,2,-282.86079928719937,-15.211660578606711,0.036320448659364346,0.0369520559247529,0.028752795919834512,False
468,3,-283.29221114533175,-15.64307243673909,0.1558037120454391,0.14729522020366848,0.119001677243842,False
468,4,-282.8843047575213,-15.235166048928647,0.09695175441690898,0.047719090767612535,0.042544705614887435,False
468,5,-282.70416810645554,-15.055029397862882,0.052058029494643644,0.04968892257865717,0.04952977421668958,False
468,6,-282.68741560673664,-15.038276898143977,0.10157132305208369,0.05643755222191595,0.05056540058851358,False
468,7,-282.3657454951138,-14.71660678652114,0.1588969198246279,0.15855773375806692,0.14798760803961353,False
468,8,-281.9908302475013,-14.341691538908663,0.0350457518698373,0.03208219359315316,0.02969195296224993,False
468,9,-265.73273632791364,1.916402380679017,2.4358236594703486,,,True
469,0,-267.64913870859266,0.0,2.3308643852862914,,,True
469,1,-282.5872591976986,-14.938120489105927,0.0796713132443377,0.08280705315212282,0.08130675658013246,False
469,2,-282.8650443218469,-15.215905613254222,0.03785988570186331,0.038256407273386764,0.029190452365150867,False
469,3,-283.290293771146,-15.641155062553366,0.22084957295424543,0.2135250839430529,0.18043312857592184,False
469,4,-282.88249126240487,-15.23335255381221,0.09979830389154348,0.048994742205092826,0.043897874379831545,False
469,5,-282.701414932147,-15.052276223554315,0.052134340044132525,0.04826990906418546,0.04803057376240244,False
469,6,-282.68939749239587,-15.04025878380321,0.09674654836837837,0.056824071185631306,0.05186933152892787,False
469,7,-282.36530992468397,-14.716171216091311,0.17629427382938487,0.1704616512778954,0.1584364805016212,False
469,8,-281.9918543185154,-14.34271560992272,0.037494368712235195,0.03240583169748203,0.030034614441922028,False
469,9,-265.73273632791364,1.916402380679017,2.4358236594703486,,,True
470,0,-267.64913870859266,0.0,2.3308643852862914,,,True
470,1,-282.59200960344333,-14.942870894850671,0.0839904075068505,0.08664051448693533,0.0852945853137718,False
470,2,-282.869413757472,-15.22027504887933,0.039649811749617465,0.03981071233718281,0.029854281420063713,False
470,3,-283.2908249436258,-15.641686235033148,0.21546091261007638,0.20886776025992562,0.17544299205402222,False
470,4,-282.88029705609415,-15.231158347501491,0.10270061716964922,0.05017903601520371,0.045146415822527305,False
470,5,-282.69871772203714,-15.049579013444486,0.0521101445206914,0.04653732398886593,0.04617940446957791,False
470,6,-282.691339193036,-15.042200484443356,0.09156231012611607,0.05775083045304524,0.05308353838482739,False
470,7,-282.3658434383683,-14.716704729775643,0.18689374867069405,0.17243529046472106,0.16001875610862049,False
470,8,-281.99273396471006,-14.343595256117396,0.03985732543030393,0.03268797040831312,0.030334097063747005,False
470,9,-265.73273632791364,1.916402380679017,2.4358236594703486,,,True
471,0,-267.64913870859266,0.0,2.3308643852862914,,,True
471,1,-282.5973490158682,-14.94821030727553,0.0861412333400851,0.08818858712367292,0.0869993375438352,False
471,2,-282.87390193394685,-15.224763225354195,0.041655458900302395,0.0415756884543386,0.030691885858101182,False
471,3,-283.2927225974204,-15.64358388882772,0.14341811270493318,0.1377886439081464,0.11985232300115486,False
471,4,-282.8777234279263,-15.22858471933364,0.10573522780190502,0.05125885051083029,0.04628418828335493,False
471,5,-282.6961097027412,-15.046970994148523,0.05195132217247871,0.044556691577150684,0.044024808094926676,False
471,6,-282.6932032174881,-15.044064508895417,0.08685404203955938,0.0587314411956897,0.053501411488554196,False
471,7,-282.3677829172944,-14.718644208701733,0.19040520139382294,0.16495188578188258,0.15355239421853983,False
471,8,-281.99345938243465,-14.344320673841992,0.04212036071070242,0.032934327081074605,0.03059651287750443,False
471,9,-265.73273632791364,1.916402380679017,2.4358236594703486,,,True
472,0,-267.64913870859266,0.0,2.3308643852862914,,,True
472,1,-282.6032743892214,-14.954135680628724,0.08551318474915102,0.0868308948356835,0.08581553854137781,False
472,2,-282.8785111742328,-15.229372465640154,0.04385482494738019,0.04352745506070098,0.031639567365731126,False
472,3,-283.29268672603894,-15.643548017446278,0.11708962771534119,0.1151625028217449,0.10712999198607592,False
472,4,-282.8747675365811,-15.22562882798843,0.10890327895233538,0.052224891753349455,0.047314801119037755,False
472,5,-282.69362041920715,-15.044481710614491,0.05162876988524125,0.04244915088178341,0.04165459229012436,False
472,6,-282.69495377402234,-15.045815065429679,0.08339800751559266,0.05828464160688485,0.05259145951495826,False
472,7,-282.3712079947426,-14.722069286149917,0.18763082473146883,0.15001784066324106,0.141184520241665,False
472,8,-281.9940275999467,-14.34488889135406,0.04428718900280311,0.033156679812177216,0.030833329137261785,False
472,9,-265.73273632791364,1.916402380679017,2.4358236594703486,,,True
473,0,-267.64913870859266,0.0,2.3308643852862914,,,True
473,1,-282.6097533873103,-14.960614678717661,0.08175115723457749,0.08221286347826842,0.08138080426113421,False
473,2,-282.88324541684324,-15.234106708250579,0.04624157480891522,0.04566070748137416,0.03265264775961336,False
473,3,-283.2897516290842,-15.640612920491549,0.16898789880382625,0.1615484562968252,0.1416528629689346,False
473,4,-282.8714249069792,-15.222286198386541,0.1121212945052897,0.053075036499399895,0.04825293829062047,False
473,5,-282.69125478878846,-15.042116080195797,0.0511599397244896,0.04092692190539309,0.03916301583512392,False
473,6,-282.69656082341066,-15.047422114818005,0.08137490618965795,0.056570886064355196,0.050414172600539035,False
473,7,-282.375834598482,-14.726695889889356,0.18015871416008197,0.13035000169580033,0.12505790872717115,False
473,8,-281.9944375739749,-14.345298865382233,0.04636725164209399,0.03336433488913382,0.03105177801685128,False
473,9,-265.73273632791364,1.916402380679017,2.4358236594703486,,,True
474,0,-267.64913870859266,0.0,2.3308643852862914,,,True
474,1,-282.6166815739217,-14.967542865329051,0.07539250124650322,0.07432620869087274,0.07364617907855393,False
474,2,-282.8880909174417,-15.238952208849014,0.04880814824211893,0.04796811840457299,0.03371307623470965,False
474,3,-283.2867536932414,-15.637614984648735,0.21431456514821007,0.20561884417366824,0.1629418263508879,False
474,4,-282.86770086619356,-15.2185621576009,0.1152497966597935,0.05381228902594858,0.04911608115770278,False
474,5,-282.68898807636964,-15.03984936777698,0.0506299925241626,0.03944572217841815,0.036583150519861884,False
474,6,-282.69801479531077,-15.04887608671811,0.08019450493827057,0.05613500335224606,0.04760041031988395,False
474,7,-282.38114415002843,-14.732005441435774,0.1701448463599746,0.1116498051427426,0.10705740914434939,False
474,8,-281.9946857119471,-14.345547003354454,0.04835988970000612,0.0335553296947607,0.031245599549254217,False
474,9,-265.73273632791364,1.916402380679017,2.4358236594703486,,,True
475,0,-267.64913870859266,0.0,2.3308643852862914,,,True
475,1,-282.6238792262726,-14.974740517679948,0.07854135297554664,0.0739581896895935,0.06308673995110174,False
475,2,-282.89301363293475,-15.243874924342094,0.05153855129164337,0.05043202018875381,0.034800633988638585,False
475,3,-283.28655169327214,-15.637412984679486,0.1944348019065333,0.18495317436749517,0.15075926794882294,False
475,4,-282.8636110783075,-15.214472369714827,0.11814750935615652,0.054435408439114034,0.0499071983851389,False
475,5,-282.68679267047537,-15.037653961882711,0.05013523536130794,0.03771998171310438,0.03401267264342213,False
475,6,-282.69933094162275,-15.050192233030089,0.07930849552140139,0.057676039752398385,0.04531398643494735,False
475,7,-282.38670429869796,-14.737565590105305,0.15922032597169541,0.11410957109470632,0.08875519037933731,False
475,8,-281.9947696631635,-14.345630954570822,0.050257677931759455,0.03371620636607157,0.031397204275376074,False
475,9,-265.73273632791364,1.916402380679017,2.4358236594703486,,,True
476,0,-267.64913870859266,0.0,2.3308643852862914,,,True
476,1,-282.63112010006625,-14.981981391473596,0.07865724594400836,0.07139948520039555,0.05748949167322141,False
476,2,-282.89797807476486,-15.248839366172206,0.05442066613561677,0.05303855887719458,0.036470292231392254,False
476,3,-283.28875256910396,-15.639613860511304,0.16018405485042184,0.15066976670977678,0.11971642458207334,False
476,4,-282.859172113254,-15.210033404661317,0.12071383156044849,0.054935051701382624,0.05060976666164824,False
476,5,-282.68465512277135,-15.035516414178687,0.04976382416646491,0.035761300599078484,0.031505240771578735,False
476,6,-282.7005440284655,-15.051405319872856,0.07832652559417859,0.05846323186666416,0.04579171680571374,False
476,7,-282.39233502288613,-14.74319631429347,0.14778605643371553,0.11327823479147445,0.08610393987797704,False
476,8,-281.99469203184753,-14.345553323254876,0.05205661455698212,0.03382919748489321,0.03148720812021961,False
476,9,-265.73273632791364,1.916402380679017,2.4358236594703486,,,True
477,0,-267.64913870859266,0.0,2.3308643852862914,,,True
477,1,-282.6381632312804,-14.989024522687714,0.07488242720948887,0.06558012648028178,0.05483804353017909,False
477,2,-282.9029664991631,-15.253827790570426,0.057454227210120425,0.05578703971099119,0.03897209561066217,False
477,3,-283.2912002563106,-15.642061547717958,0.1609020088207383,0.15339632955735047,0.10701098288402762,False
477,4,-282.8543929378793,-15.205254229286652,0.12292258489098626,0.05529881346027289,0.05119714036400951,False
477,5,-282.6825766027228,-15.033437894130145,0.049578698955478784,0.034325173743065325,0.029071970639942914,False
477,6,-282.7016896837961,-15.052550975203417,0.0771763424846977,0.05780817213622655,0.04648769537270107,False
477,7,-282.3980605195659,-14.74892181097323,0.13511822927428346,0.10888511210025774,0.09429119421331443,False
477,8,-281.99445873947485,-14.345320030882192,0.053759026228651835,0.03387945322771548,0.03150020939946968,False
477,9,-265.73273632791364,1.916402380679017,2.4358236594703486,,,True
478,0,-267.64913870859266,0.0,2.3308643852862914,,,True
478,1,-282.6447721911994,-14.995633482606763,0.06723870400005089,0.056735201394290447,0.04916484865618487,False
478,2,-282.90798089311784,-15.258842184525179,0.06064204153893308,0.05868065852557465,0.04173477304974104,False
478,3,-283.2930722116017,-15.643933503009066,0.13953013265322725,0.13504334834956963,0.08420938099022883,False
478,4,-282.84927647731445,-15.200137768721788,0.12483788935135612,0.055521331958413134,0.05164992270745568,False
478,5,-282.68056050803386,-15.031421799441205,0.04960585958097433,0.03365715741420936,0.028354198375502654,False
478,6,-282.7027752781231,-15.053636569530454,0.07620560351536283,0.055428576419216107,0.048070318852449084,False
478,7,-282.40392759977425,-14.75478889118159,0.12024444044695666,0.10080385213066882,0.09568101966365733,False
478,8,-281.9940754114307,-14.344936702838027,0.055368776401367684,0.03385832789840218,0.031424217366493694,False
478,9,-265.73273632791364,1.916402380679017,2.4358236594703486,,,True
479,0,-267.64913870859266,0.0,2.3308643852862914,,,True
479,1,-282.650739196847,-15.001600488254326,0.056823259687590624,0.04611904801820959,0.04086699811814714,False
479,2,-282.91303413221533,-15.263895423622671,0.06398078109263876,0.06171610056040614,0.04484064390246103,False
479,3,-283.2950383734496,-15.645899664856927,0.16068956840418075,0.15107085420749966,0.1270762632802659,False
479,4,-282.84382576748,-15.194687058887325,0.12657187763980243,0.05560698189599119,0.05196369848836119,False
479,5,-282.6786097990936,-15.02947109050092,0.049828589471443877,0.03297183099626768,0.028419689241761924,False
479,6,-282.70376579879587,-15.054627090203212,0.07611352497594576,0.05676121846753921,0.05051510407327643,False
479,7,-282.40985836076413,-14.760719652171474,0.10284596032348467,0.0915498640892988,0.0894941329899359,False
479,8,-281.9935463356236,-14.344407627030932,0.05688906423124686,0.033765055028538285,0.03125129357063744,False
479,9,-265.73273632791364,1.916402380679017,2.4358236594703486,,,True
480,0,-267.64913870859266,0.0,2.3308643852862914,,,True
480,1,-282.65592124872626,-15.0067825401336,0.045661347970706215,0.036658668847934776,0.03112291360057677,False
480,2,-282.91814679684376,-15.269008088251098,0.06746483282204295,0.0648862110486707,0.04833529997457137,False
480,3,-283.2974062279712,-15.648267519378521,0.1439286306713222,0.1354283991813814,0.12452771843059353,False
480,4,-282.83804294192726,-15.188904233334597,0.12821998180666186,0.05556354145513608,0.05214224162637823,False
480,5,-282.67673603462583,-15.027597326033174,0.05018318011352697,0.03225950018204992,0.028398540885411137,False
480,6,-282.70459877734226,-15.055460068749596,0.07761152431850674,0.05794425902487776,0.05141586509721908,False
480,7,-282.4156432617515,-14.766504553158825,0.08362796077578329,0.07945528505110303,0.0760004314160733,False
480,8,-281.9928756498556,-14.343736941262932,0.058327948517104766,0.03360000967857706,0.03097297814969855,False
480,9,-265.73273632791364,1.916402380679017,2.4358236594703486,,,True
481,0,-267.64913870859266,0.0,2.3308643852862914,,,True
481,1,-282.66026889371415,-15.011130185121488,0.03668301087610348,0.03531510308938525,0.03166063388357545,False
481,2,-282.9233496731824,-15.274210964589713,0.07112268333642788,0.0682100918169041,0.05221354661865306,False
481,3,-283.2994696443702,-15.65033093577756,0.13403255481975826,0.13586957766074018,0.11373873443207959,False
481,4,-282.83192360402484,-15.182784895432178,0.1298245178029758,0.055399223383720546,0.05219286620966077,False
481,5,-282.67495993082684,-15.025821222234185,0.05056777883943334,0.03147859627226971,0.02821727238828029,False
481,6,-282.7052129463549,-15.056074237762232,0.08091712148581283,0.05711500495439826,0.049574851846027876,False
481,7,-282.42100979352665,-14.771871084933991,0.06454381151856947,0.06397460146439128,0.056591205042112576,False
481,8,-281.99206800260527,-14.342929294012606,0.059702527692751944,0.033358978909734896,0.030576056479790635,False
481,9,-265.73273632791364,1.916402380679017,2.4358236594703486,,,True
482,0,-267.64913870859266,0.0,2.3308643852862914,,,True
482,1,-282.66382656636347,-15.01468785777081,0.0361185836387712,0.035116036052641846,0.03197202983838594,False
482,2,-282.92868292315495,-15.279544214562293,0.07495257367083114,0.07167028649833367,0.05637608003278794,False
482,3,-283.3005685498049,-15.651429841212234,0.15134384575297427,0.14717483596164338,0.11690267314417596,False
482,4,-282.8254532900057,-15.176314581413067,0.1313616155422771,0.05512990125683049,0.05213271054305603,False
482,5,-282.6733038152915,-15.024165106698831,0.05087786490515132,0.030567088692109393,0.027799194173137087,False
482,6,-282.7055674990674,-15.05642879047474,0.08564474420996772,0.0544394340904601,0.04486775151696181,False
482,7,-282.42570973127545,-14.776571022682788,0.04913817496695157,0.054978513257145444,0.04417864440266825,False
482,8,-281.9911266482576,-14.341987939664932,0.061036676072201916,0.03304095462903194,0.030057364321001548,False
482,9,-265.73273632791364,1.916402380679017,2.4358236594703486,,,True
483,0,-267.64913870859266,0.0,2.3308643852862914,,,True
483,1,-282.6667019730803,-15.017563264487649,0.039679750283662954,0.03943134218076889,0.03935777122001243,False
483,2,-282.9341863324185,-15.285047623825847,0.07891928556950063,0.07520997931221796,0.06062794172418707,False
483,3,-283.3011246611192,-15.651985952526559,0.15897205292818145,0.15031816674764698,0.14383523702936274,False
483,4,-282.81861383567707,-15.16947512708441,0.13276231628388668,0.05476477916119208,0.051974926692641435,False
483,5,-282.671782836861,-15.022644128268325,0.05105418095388658,0.029467749673019742,0.027087592462124922,False
483,6,-282.70564555790327,-15.056506849310608,0.0912595958655176,0.05120549857275382,0.038591988487612576,False
483,7,-282.429602449266,-14.780463740673326,0.041467337142437485,0.06187474427913215,0.048672388029509524,False
483,8,-281.9900529027732,-14.340914194180527,0.06235206694152136,0.032689260301586885,0.02949127842661308,False
483,9,-265.73273632791364,1.916402380679017,2.4358236594703486,,,True
484,0,-267.64913870859266,0.0,2.3308643852862914,,,True
484,1,-282.66902701040306,-15.019888301810397,0.04455351940476656,0.04448802711417648,0.04402557266847867,False
484,2,-282.9398933423381,-15.29075463374545,0.08296840804840408,0.07875080974506178,0.06475431179969146,False
484,3,-283.3020684780365,-15.652929769443858,0.1401622586131472,0.12882089053916518,0.1282717511764278,False
484,4,-282.8113938838443,-15.16225517525163,0.13395118514595272,0.054307795603738995,0.05172587013538743,False
484,5,-282.6704089161934,-15.021270207600764,0.051069643185878436,0.028148851318287822,0.026788029301033717,False
484,6,-282.70545460905015,-15.056315900457491,0.09741960590675271,0.04876746333469822,0.03473054407293134,False
484,7,-282.43270624120714,-14.783567532614484,0.04086067969706937,0.06654188111950507,0.05132195301235229,False
484,8,-281.98884818411034,-14.33970947551768,0.06366438993960345,0.03229261562679571,0.028873770286675187,False
484,9,-265.73273632791364,1.916402380679017,2.4358236594703486,,,True
485,0,-267.64913870859266,0.0,2.3308643852862914,,,True
485,1,-282.67093491154765,-15.021796202954988,0.047357140646310664,0.047340586253197925,0.0458653217814943,False
485,2,-282.9458343074243,-15.296695598831661,0.08705007088964747,0.08222335645923959,0.06861730479858565,False
485,3,-283.30348052382885,-15.654341815236194,0.09738306320425155,0.08638938696979917,0.07304677016108535,False
485,4,-282.8037896629341,-15.154650954341434,0.13488186467120533,0.05375574260701604,0.05137963254981408,False
485,5,-282.6692012668525,-15.020062558259838,0.05092006059598792,0.02902935064981555,0.027947443329435464,False
485,6,-282.7050262264738,-15.05588751788116,0.10399321975906305,0.047541947623771834,0.03575280934649595,False
485,7,-282.4351842566035,-14.786045548010861,0.04440875876839169,0.06775224197121119,0.05046890782948748,False
485,8,-281.98751591706196,-14.338377208469296,0.0649899331673109,0.031835509819501506,0.029905702652190023,False
485,9,-265.73273632791364,1.916402380679017,2.4358236594703486,,,True
486,0,-267.64913870859266,0.0,2.3308643852862914,,,True
486,1,-282.67255137396666,-15.023412665373996,0.048000494766148476,0.04798349696457958,0.045183714851727064,False
486,2,-282.95204161658114,-15.302902907988482,0.09113707060098777,0.08558750381763208,0.07219053301795648,False
486,3,-283.3044473073287,-15.655308598736042,0.0768318664540703,0.07662255911077977,0.07505903402373379,False
486,4,-282.79580166723474,-15.146662958642082,0.13556350200970088,0.053100127232704755,0.050920857571350855,False
486,5,-282.6681881476701,-15.019049439077435,0.0506132025334841,0.029443404220279086,0.028435102123177836,False
486,6,-282.7044083260451,-15.055269617452439,0.11097487349268557,0.04723114841618602,0.03514633490764784,False
486,7,-282.43726836967176,-14.788129661079097,0.049971531509264616,0.0650536339646146,0.046786127678084787,False
486,8,-281.9860616125741,-14.336922903981417,0.06634866962339309,0.032180750681577566,0.031473708621882,False
486,9,-265.73273632791364,1.916402380679017,2.4358236594703486,,,True
487,0,-267.64913870859266,0.0,2.3308643852862914,,,True
487,1,-282.67398795201757,-15.02484924342491,0.04723444263157985,0.04720449016391148,0.04420893111779674,False
487,2,-282.9585461067536,-15.309407398160943,0.09521583478188836,0.0888217394262294,0.07552721627241266,False
487,3,-283.3043681247326,-15.655229416139946,0.1116094496514373,0.12232212489517306,0.09341090191965433,False
487,4,-282.7874359656573,-15.138297257064664,0.13607399097140796,0.05233651520518743,0.05033894600566401,False
487,5,-282.6674001340979,-15.018261425505216,0.0501651565293303,0.03088093242469768,0.028318744269801733,False
487,6,-282.70365207311005,-15.05451336451739,0.11824851548082126,0.04738776411850349,0.033197467058458614,False
487,7,-282.43915193744783,-14.790013228855173,0.052391218621712685,0.0591379828123673,0.047191741790039446,False
487,8,-281.98449145230256,-14.335352743709905,0.06775657488657696,0.034082446268387113,0.033289108066748514,False
487,9,-265.73273632791364,1.916402380679017,2.4358236594703486,,,True
488,0,-267.64913870859266,0.0,2.3308643852862914,,,True
488,1,-282.6753380750422,-15.026199366449532,0.056302518902650776,0.057103156119479526,0.05183977765958967,False
488,2,-282.9653645853212,-15.316225876728538,0.09925199876304816,0.09188440664995243,0.0786821886227915,False
488,3,-283.3038592930253,-15.654720584432653,0.14289955680666935,0.15705326722003515,0.11369966530025692,False
488,4,-282.7787124468963,-15.129573738303634,0.1365397500284335,0.05147239868486421,0.049640400079567173,False
488,5,-282.6668583528271,-15.017719644234433,0.049593820505615636,0.03282278566630166,0.028761499123099016,False
488,6,-282.70280021689075,-15.053661508298092,0.12542930299272034,0.04737767154595125,0.03101823118594637,False
488,7,-282.44091483533134,-14.791776126738682,0.051644326273666954,0.05211038972148293,0.04641018188985048,False
488,8,-281.9828126224727,-14.333673913880034,0.06923114417670545,0.036270976157774575,0.03538952807879297,False
488,9,-265.73273632791364,1.916402380679017,2.4358236594703486,,,True
489,0,-267.64913870859266,0.0,2.3308643852862914,,,True
489,1,-282.6766829976184,-15.027544289025741,0.06422227406268242,0.06512489018913695,0.05896596388342713,False
489,2,-282.9724933070024,-15.323354598409765,0.10317172478112277,0.09469204807053523,0.0816648139720831,False
489,3,-283.3039995648845,-15.654860856291862,0.1390632649114642,0.15527288681135032,0.11444865446240396,False
489,4,-282.76966798381784,-15.12052927522518,0.13708765940637738,0.05052525883596996,0.04884558932034837,False
489,5,-282.666582399514,-15.017443690921368,0.04890801262267495,0.034526623238944947,0.029978426975347378,False
489,6,-282.70187387053113,-15.052735161938472,0.13224749807322583,0.04637379051555844,0.0313285153944399,False
489,7,-282.4425427330834,-14.79340402449077,0.04880414183652174,0.04724459055108607,0.04464974584841616,False
489,8,-281.9810363111934,-14.331897602600748,0.0708068585256927,0.038790762237575466,0.03782295861884877,False
489,9,-265.73273632791364,1.916402380679017,2.4358236594703486,,,True
490,0,-267.64913870859266,0.0,2.3308643852862914,,,True
490,1,-282.67809286338263,-15.028954154789972,0.06776377705877829,0.06885033139905211,0.06191457071232717,False
490,2,-282.9799114579332,-15.330772749340554,0.10686249568492537,0.09711834919257598,0.0844258435129694,False
490,3,-283.3050956564517,-15.655956947859067,0.09976943340831551,0.11809015237765716,0.08912684175110086,False
490,4,-282.7603519664798,-15.11121325788713,0.13780683220478185,0.04951595541464121,0.047978873309720074,False
490,5,-282.6665998146557,-15.017461106063024,0.04810459960820742,0.03575968316930084,0.03085461775029637,False
490,6,-282.70087648692424,-15.051737778331585,0.13825295886547181,0.043686091909580796,0.029734264448371954,False
490,7,-282.4439991013004,-14.794860392707733,0.045227061291909135,0.048032578397475274,0.0451512714116587,False
490,8,-281.979180319467,-14.330041610874332,0.07246145636351284,0.04170331864666911,0.0406518352969692,False
490,9,-265.73273632791364,1.916402380679017,2.4358236594703486,,,True
491,0,-267.64913870859266,0.0,2.3308643852862914,,,True
491,1,-282.67961273145403,-15.03047402286137,0.06649905459585814,0.06783613798123014,0.060479620358398115,False
491,2,-282.9875873059335,-15.338448597340857,0.11015836167489168,0.09897619024647666,0.08682009656633842,False
491,3,-283.30649042269806,-15.657351714105403,0.08979533286930447,0.08259575479749225,0.06537438324962673,False
491,4,-282.7508168022872,-15.101678093694545,0.13872744977242932,0.04846453755886444,0.04706364097303918,False
491,5,-282.66694491219835,-15.017806203605687,0.0471753856649475,0.03638668339859011,0.031316094339723696,False
491,6,-282.6998013687287,-15.050662660136027,0.14324613737491998,0.0391821083789383,0.027722702127172722,False
491,7,-282.4452815702857,-14.796142861693056,0.06774724721716012,0.0530458495738571,0.04659080221389206,False
491,8,-281.9772693328235,-14.328130624230823,0.07416439679556289,0.04508707567434717,0.043954404835949624,False
491,9,-265.73273632791364,1.916402380679017,2.4358236594703486,,,True
492,0,-267.64913870859266,0.0,2.3308643852862914,,,True
492,1,-282.68124837828316,-15.032109669690499,0.06090127137520965,0.06254726805198528,0.05524487830687659,False
492,2,-282.9954797034444,-15.346340994851744,0.11281027904106888,0.09998546108697355,0.08856042844660549,False
492,3,-283.30752128653313,-15.658382577940472,0.09671867101601495,0.12167603301216935,0.09478374309508358,False
492,4,-282.74111013692254,-15.091971428329884,0.13981010841919025,0.047387822954556846,0.046121416994063025,False
492,5,-282.66764931478735,-15.018510606194695,0.046118556191112076,0.03642008812012005,0.031364156578512686,False
492,6,-282.698630612609,-15.04949190401635,0.14733191024600092,0.03346974270955183,0.027044917223294173,False
492,7,-282.44643500519146,-14.797296296598802,0.08901872477003983,0.06090247969973596,0.04744995887932993,False
492,8,-281.9753338233329,-14.326195114740244,0.07588049279349397,0.049027172532563806,0.04781612273051283,False
492,9,-265.73273632791364,1.916402380679017,2.4358236594703486,,,True
493,0,-267.64913870859266,0.0,2.3308643852862914,,,True
493,1,-282.68297035064637,-15.033831642053713,0.05225459963101087,0.054265394960501014,0.0474378787918679,False
493,2,-283.00353368288074,-15.354394974288084,0.11448486829183692,0.09977394902814861,0.08924178418568704,False
493,3,-283.3084110427235,-15.659272334130833,0.12469639028962998,0.1470605704315243,0.11943071002491128,False
493,4,-282.73127641601945,-15.082137707426796,0.14095508453853262,0.04629257795052369,0.04516605560390795,False
493,5,-282.6687315199141,-15.019592811321445,0.04494725232135904,0.03602828959425271,0.031091406231330998,False
493,6,-282.69735193236613,-15.048213223773473,0.15074988139733594,0.03335664325780074,0.025169288359934143,False
493,7,-282.4475203622578,-14.79838165366516,0.10632378668010405,0.06804801158670233,0.04845320980902473,False
493,8,-281.9734100909641,-14.324271382371421,0.07757054319891497,0.05359715247905587,0.052312041548133174,False
493,9,-265.73273632791364,1.916402380679017,2.4358236594703486,,,True
494,0,-267.64913870859266,0.0,2.3308643852862914,,,True
494,1,-282.68473715900376,-15.0355984504111,0.045847589271808445,0.04640374192576643,0.03854638799444337,False
494,2,-283.0116787535176,-15.362540044924913,0.11482568572570874,0.09794378042991463,0.0884617455217647,False
494,3,-283.3099028301383,-15.66076412154564,0.1212999905497117,0.14199320532544196,0.11619152818605599,False
494,4,-282.72136797026354,-15.072229261670884,0.14203695502235508,0.04517522787464845,0.04420024436973792,False
494,5,-282.67019949279404,-15.021060784201381,0.04368601356113741,0.03548449459975013,0.03065440727232451,False
494,6,-282.6959664929933,-15.046827784400648,0.1536339129134216,0.032936904653802335,0.023734609882547247,False
494,7,-282.4485780027317,-14.799439294139063,0.1187860679587061,0.07251472537981578,0.049545806003118704,False
494,8,-281.9715442135864,-14.322405504993753,0.07919820607531108,0.05884971394787667,0.05749776389380881,False
494,9,-265.73273632791364,1.916402380679017,2.4358236594703486,,,True
495,0,-267.64913870859266,0.0,2.3308643852862914,,,True
495,1,-282.6865184622724,-15.037379753679716,0.045259942273047866,0.04604219946848586,0.03473512935279643,False
495,2,-283.019834389911,-15.370695681318352,0.11354749476235781,0.09416856608821898,0.08594614444975605,False
495,3,-283.3122429838594,-15.663104275266733,0.08836767347527565,0.10703815457149587,0.0870043965602967,False
495,4,-282.711452027694,-15.06231331910135,0.14294330698675517,0.04402219493236903,0.043211529860666675,False
495,5,-282.67206089187505,-15.02292218328239,0.04235990244153768,0.0351175617101926,0.030238231837575666,False
495,6,-282.6944842818349,-15.04534557324223,0.155906143183559,0.03183095229815552,0.022510660319689416,False
495,7,-282.4496125325247,-14.800473823932066,0.12608999610873184,0.07336828556301375,0.0501597467805707,False
495,8,-281.9697943280114,-14.320655619418744,0.0807357024132388,0.06482233235084317,0.06341482800271661,False
495,9,-265.73273632791364,1.916402380679017,2.4358236594703486,,,True
496,0,-267.64913870859266,0.0,2.3308643852862914,,,True
496,1,-282.68829968911643,-15.039160980523775,0.04219998443808045,0.043216780261906444,0.03349798214300326,False
496,2,-283.02791700850076,-15.378778299908106,0.1105248759267424,0.08828406031899724,0.08161010437433223,False
496,3,-283.3148971566013,-15.66575844800866,0.06197828184378045,0.09019985765697687,0.0820758136487929,False
496,4,-282.7016060215268,-15.05246731293414,0.1435988003105513,0.04392648158807056,0.0421747765483954,False
496,5,-282.6743279903674,-15.025189281774715,0.04098341884859475,0.035351067863617316,0.030046711546722414,False
496,6,-282.69291834198094,-15.043779633388283,0.1575986541390355,0.030167849161466188,0.022209885835559662,False
496,7,-282.4505930694433,-14.801454360850641,0.12836956931208407,0.07046770870973956,0.049337669372162246,False
496,8,-281.9682319943302,-14.319093285737551,0.08216379593674628,0.07153924207866165,0.07009146166801541,False
496,9,-265.73273632791364,1.916402380679017,2.4358236594703486,,,True
497,0,-267.64913870859266,0.0,2.3308643852862914,,,True
497,1,-282.6900723665457,-15.040933657953019,0.03626937004143693,0.03844505856816104,0.035777497260154945,False
497,2,-283.0358432147898,-15.386704506197134,0.10586579243199926,0.08037417192557882,0.07553767338386316,False
497,3,-283.3171813185172,-15.668042609924555,0.06037424397977935,0.09451797874816528,0.08529932191447442,False
497,4,-282.6919007962209,-15.042762087628262,0.14397363521225073,0.04326236595605245,0.04106014562769215,False
497,5,-282.67701891164353,-15.02788020305087,0.039537891487316366,0.03684044690454598,0.03015809009291237,False
497,6,-282.6912816580756,-15.042142949482923,0.1585739075069582,0.028151564234392783,0.022017955582552484,False
497,7,-282.45146291310044,-14.802324204507784,0.12618167595279242,0.06431248541254575,0.04535578049438652,False
497,8,-281.96694183221337,-14.317803123620706,0.08346894312221112,0.07899109485919706,0.07752041423289466,False
497,9,-265.73273632791364,1.916402380679017,2.4358236594703486,,,True
498,0,-267.64913870859266,0.0,2.3308643852862914,,,True
498,1,-282.691823758214,-15.042685049621355,0.02796351180200645,0.03897277949543568,0.036655330643260944,False
498,2,-283.0435293790874,-15.394390670494715,0.09998004699247497,0.07089396826499267,0.06788850783738697,False
498,3,-283.31889033450506,-15.669751625912397,0.08415390300062774,0.0980531722731439,0.08766927886255958,False
498,4,-282.6823823308024,-15.033243622209739,0.14407967451850978,0.041820347380322705,0.03984105682751539,False
498,5,-282.68018419126463,-15.03104548267197,0.037843978294891584,0.05272246610016993,0.0411045570771342,False
498,6,-282.6895848012214,-15.040446092628713,0.15862607029548978,0.025970406343743792,0.021239347637371387,False
498,7,-282.45215643787293,-14.80301772928027,0.12048446883898183,0.05589887298996228,0.039248634240759375,False
498,8,-281.96601862259683,-14.316879914004176,0.08464111043114847,0.08708968542478042,0.08561324286114579,False
498,9,-265.73273632791364,1.916402380679017,2.4358236594703486,,,True
499,0,-267.64913870859266,0.0,2.3308643852862914,,,True
499,1,-282.6935344103146,-15.044395701721953,0.02759399283412405,0.038371921406325886,0.036200266796706314,False
499,2,-283.0508783324925,-15.401739623899857,0.09368783317588197,0.06096849655037132,0.05882175641341237,False
499,3,-283.3202346234194,-15.671095914826765,0.09842228318851658,0.10680159098561721,0.08942522135987405,False
499,4,-282.67308324536526,-15.023944536772603,0.14395483602272996,0.04313500754258043,0.03995589686990529,False
499,5,-282.6838475985945,-15.034708890001866,0.036257862495510204,0.05055123870318986,0.040739540739481175,False
499,6,-282.6878386455587,-15.038699936966054,0.15769764171753467,0.024228998549497047,0.01999788624357458,False
499,7,-282.45262074703635,-14.80348203844369,0.11255003095901256,0.05323747624585976,0.03803603339550681,False
499,8,-281.9655652867221,-14.316426578129438,0.08567112519042555,0.09560529445562435,0.09413967441855006,False
499,9,-265.73273632791364,1.916402380679017,2.4358236594703486,,,True
500,0,-267.64913870859266,0.0,2.3308643852862914,,,True
500,1,-282.6951908734035,-15.046052164810817,0.028520266543218677,0.03796357266572545,0.036970386286365495,False
500,2,-283.05779985901864,-15.408661150425985,0.09473999518276403,0.06023634766324971,0.05111022967195799,False
500,3,-283.3214097357971,-15.672271027204431,0.09996804817212163,0.10329871643586948,0.09130475171140831,False
500,4,-282.6640208016445,-15.014882093051824,0.14354973949410504,0.043782038809404775,0.04077826800054868,False
500,5,-282.68787991926115,-15.03874121066849,0.03646465830624658,0.0400948387098054,0.0333367553300541,False
500,6,-282.68605666283383,-15.036917954241176,0.15597604079774688,0.023311244149250447,0.018659495977553852,False
500,7,-282.45283729958,-14.803698590987324,0.10382346608900485,0.05240834830506879,0.04270041024628784,False
500,8,-281.96569017824834,-14.316551469655678,0.09310247076609786,0.10416142479631758,0.10272502161443271,False
500,9,-265.73273632791364,1.916402380679017,2.4358236594703486,,,True
