path,directory,file,suffix,size_bytes,kind,calculation,nat,ntyp,prefix,num_of_images,job_done,has_error_hint,error_hints,final_total_energy_Ry,n_total_energy_lines,neb_first_activation_forward_eV,neb_activation_overflow,neb_initial_path_length_bohr,classification
/scratch16/pclancy3/victor/V-ST/convergence/kpts_D3/Bulk-NoSOC-D3-kPts_6.in,/scratch16/pclancy3/victor/V-ST/convergence/kpts_D3,Bulk-NoSOC-D3-kPts_6.in,.in,4753,scf,scf,60,2,sb2te3_convergence,,False,False,,,0,,False,,qe_input_template_candidate
/scratch16/pclancy3/victor/V-ST/convergence/kpts_D3/Bulk-NoSOC-D3-kPts_8.in,/scratch16/pclancy3/victor/V-ST/convergence/kpts_D3,Bulk-NoSOC-D3-kPts_8.in,.in,4753,scf,scf,60,2,sb2te3_convergence,,False,False,,,0,,False,,qe_input_template_candidate
/scratch16/pclancy3/victor/V-ST/convergence/kpts_D3/slurm-811404.out,/scratch16/pclancy3/victor/V-ST/convergence/kpts_D3,slurm-811404.out,.out,706,qe_output_unknown,,,,,,False,False,,,0,,False,,partial_or_unknown_qe_output
/scratch16/pclancy3/victor/V-ST/convergence/kpts_D3/slurm-721343.out,/scratch16/pclancy3/victor/V-ST/convergence/kpts_D3,slurm-721343.out,.out,564,qe_output_unknown,,,,,,False,False,,-5391.57408553,5,,False,,partial_or_unknown_qe_output
/scratch16/pclancy3/victor/V-ST/convergence/kpts_D3/Bulk-NoSOC-D3-kPts_1.out,/scratch16/pclancy3/victor/V-ST/convergence/kpts_D3,Bulk-NoSOC-D3-kPts_1.out,.out,42457,qe_output_unknown,,,,,,True,False,,-9653.26626195,1,,False,,completed_qe_output_candidate
/scratch16/pclancy3/victor/V-ST/convergence/kpts_D3/Bulk-NoSOC-D3-kPts_6.out,/scratch16/pclancy3/victor/V-ST/convergence/kpts_D3,Bulk-NoSOC-D3-kPts_6.out,.out,714362,qe_output_unknown,,,,,,True,False,,-9652.91516183,1,,False,,completed_qe_output_candidate
/scratch16/pclancy3/victor/V-ST/convergence/kpts_D3/Bulk-NoSOC-D3-kPts_2.in,/scratch16/pclancy3/victor/V-ST/convergence/kpts_D3,Bulk-NoSOC-D3-kPts_2.in,.in,4753,scf,scf,60,2,sb2te3_convergence,,False,False,,,0,,False,,qe_input_template_candidate
/scratch16/pclancy3/victor/V-ST/convergence/kpts_D3/slurm-8135090.out,/scratch16/pclancy3/victor/V-ST/convergence/kpts_D3,slurm-8135090.out,.out,539,qe_output_unknown,,,,,,False,False,,-9652.91516183,4,,False,,partial_or_unknown_qe_output
/scratch16/pclancy3/victor/V-ST/convergence/kpts_D3/slurm-720583.out,/scratch16/pclancy3/victor/V-ST/convergence/kpts_D3,slurm-720583.out,.out,744,qe_output_unknown,,,,,,False,False,,,0,,False,,partial_or_unknown_qe_output
/scratch16/pclancy3/victor/V-ST/convergence/kpts_D3/Bulk-NoSOC-D3-kPts_2.out,/scratch16/pclancy3/victor/V-ST/convergence/kpts_D3,Bulk-NoSOC-D3-kPts_2.out,.out,64111,qe_output_unknown,,,,,,True,False,,-9652.90238185,1,,False,,completed_qe_output_candidate
/scratch16/pclancy3/victor/V-ST/convergence/kpts_D3/Bulk-NoSOC-D3-kPts_4.out,/scratch16/pclancy3/victor/V-ST/convergence/kpts_D3,Bulk-NoSOC-D3-kPts_4.out,.out,248643,qe_output_unknown,,,,,,True,False,,-9652.91479721,1,,False,,completed_qe_output_candidate
/scratch16/pclancy3/victor/V-ST/convergence/kpts_D3/Bulk-NoSOC-D3-kPts_8.out,/scratch16/pclancy3/victor/V-ST/convergence/kpts_D3,Bulk-NoSOC-D3-kPts_8.out,.out,46569,qe_output_unknown,,,,,,False,False,,,0,,False,,partial_or_unknown_qe_output
/scratch16/pclancy3/victor/V-ST/convergence/kpts_D3/slurm-720534.out,/scratch16/pclancy3/victor/V-ST/convergence/kpts_D3,slurm-720534.out,.out,774,qe_output_unknown,,,,,,False,False,,,0,,False,,partial_or_unknown_qe_output
/scratch16/pclancy3/victor/V-ST/convergence/kpts_D3/Bulk-NoSOC-D3-kPts_4.in,/scratch16/pclancy3/victor/V-ST/convergence/kpts_D3,Bulk-NoSOC-D3-kPts_4.in,.in,4753,scf,scf,60,2,sb2te3_convergence,,False,False,,,0,,False,,qe_input_template_candidate
/scratch16/pclancy3/victor/V-ST/convergence/kpts_D3/Bulk-NoSOC-D3-kPts_1.in,/scratch16/pclancy3/victor/V-ST/convergence/kpts_D3,Bulk-NoSOC-D3-kPts_1.in,.in,4753,scf,scf,60,2,sb2te3_convergence,,False,False,,,0,,False,,qe_input_template_candidate
/scratch16/pclancy3/victor/V-ST/convergence/ecutwfc3/Bulk-NoSOC-NonREL-2K_20.in,/scratch16/pclancy3/victor/V-ST/convergence/ecutwfc3,Bulk-NoSOC-NonREL-2K_20.in,.in,4512,scf,scf,60,2,sb2te3_convergence,,False,False,,,0,,False,,qe_input_template_candidate
/scratch16/pclancy3/victor/V-ST/convergence/ecutwfc3/Bulk-NoSOC-NonREL-2K_56.out,/scratch16/pclancy3/victor/V-ST/convergence/ecutwfc3,Bulk-NoSOC-NonREL-2K_56.out,.out,30440,qe_output_unknown,,,,,,True,False,,-5393.37120344,1,,False,,completed_qe_output_candidate
/scratch16/pclancy3/victor/V-ST/convergence/ecutwfc3/Bulk-NoSOC-NonREL-2K_68.out,/scratch16/pclancy3/victor/V-ST/convergence/ecutwfc3,Bulk-NoSOC-NonREL-2K_68.out,.out,27022,qe_output_unknown,,,,,,True,False,,-5393.37676344,1,,False,,completed_qe_output_candidate
/scratch16/pclancy3/victor/V-ST/convergence/ecutwfc3/Bulk-NoSOC-NonREL-2K_16.out,/scratch16/pclancy3/victor/V-ST/convergence/ecutwfc3,Bulk-NoSOC-NonREL-2K_16.out,.out,27967,qe_output_unknown,,,,,,True,False,,-5273.51957029,1,,False,,completed_qe_output_candidate
/scratch16/pclancy3/victor/V-ST/convergence/ecutwfc3/Bulk-NoSOC-NonREL-2K_12.in,/scratch16/pclancy3/victor/V-ST/convergence/ecutwfc3,Bulk-NoSOC-NonREL-2K_12.in,.in,4512,scf,scf,60,2,sb2te3_convergence,,False,False,,,0,,False,,qe_input_template_candidate
/scratch16/pclancy3/victor/V-ST/convergence/ecutwfc3/Bulk-NoSOC-NonREL-2K_24.in,/scratch16/pclancy3/victor/V-ST/convergence/ecutwfc3,Bulk-NoSOC-NonREL-2K_24.in,.in,4512,scf,scf,60,2,sb2te3_convergence,,False,False,,,0,,False,,qe_input_template_candidate
/scratch16/pclancy3/victor/V-ST/convergence/ecutwfc3/Bulk-NoSOC-NonREL-2K_72.out,/scratch16/pclancy3/victor/V-ST/convergence/ecutwfc3,Bulk-NoSOC-NonREL-2K_72.out,.out,29180,qe_output_unknown,,,,,,True,False,,-5393.37784035,1,,False,,completed_qe_output_candidate
/scratch16/pclancy3/victor/V-ST/convergence/ecutwfc3/Bulk-NoSOC-NonREL-2K_20.out,/scratch16/pclancy3/victor/V-ST/convergence/ecutwfc3,Bulk-NoSOC-NonREL-2K_20.out,.out,28597,qe_output_unknown,,,,,,True,False,,-5360.74046317,1,,False,,completed_qe_output_candidate
/scratch16/pclancy3/victor/V-ST/convergence/ecutwfc3/Bulk-NoSOC-NonREL-2K_16.in,/scratch16/pclancy3/victor/V-ST/convergence/ecutwfc3,Bulk-NoSOC-NonREL-2K_16.in,.in,4512,scf,scf,60,2,sb2te3_convergence,,False,False,,,0,,False,,qe_input_template_candidate
/scratch16/pclancy3/victor/V-ST/convergence/ecutwfc3/Bulk-NoSOC-NonREL-2K_56.in,/scratch16/pclancy3/victor/V-ST/convergence/ecutwfc3,Bulk-NoSOC-NonREL-2K_56.in,.in,4512,scf,scf,60,2,sb2te3_convergence,,False,False,,,0,,False,,qe_input_template_candidate
/scratch16/pclancy3/victor/V-ST/convergence/ecutwfc3/Bulk-NoSOC-NonREL-2K_12.out,/scratch16/pclancy3/victor/V-ST/convergence/ecutwfc3,Bulk-NoSOC-NonREL-2K_12.out,.out,30842,qe_output_unknown,,,,,,True,False,,-4980.12310102,1,,False,,completed_qe_output_candidate
/scratch16/pclancy3/victor/V-ST/convergence/ecutwfc3/Bulk-NoSOC-NonREL-2K_64.out,/scratch16/pclancy3/victor/V-ST/convergence/ecutwfc3,Bulk-NoSOC-NonREL-2K_64.out,.out,29857,qe_output_unknown,,,,,,True,False,,-5393.37451676,1,,False,,completed_qe_output_candidate
/scratch16/pclancy3/victor/V-ST/convergence/ecutwfc3/slurm-1316421.out,/scratch16/pclancy3/victor/V-ST/convergence/ecutwfc3,slurm-1316421.out,.out,453,qe_output_unknown,,,,,,False,False,,-5393.37784035,4,,False,,partial_or_unknown_qe_output
/scratch16/pclancy3/victor/V-ST/convergence/ecutwfc3/slurm-664057.out,/scratch16/pclancy3/victor/V-ST/convergence/ecutwfc3,slurm-664057.out,.out,638,qe_output_unknown,,,,,,False,False,,-5393.37120344,5,,False,,partial_or_unknown_qe_output
/scratch16/pclancy3/victor/V-ST/convergence/ecutwfc3/Bulk-NoSOC-NonREL-2K_60.in,/scratch16/pclancy3/victor/V-ST/convergence/ecutwfc3,Bulk-NoSOC-NonREL-2K_60.in,.in,4512,scf,scf,60,2,sb2te3_convergence,,False,False,,,0,,False,,qe_input_template_candidate
/scratch16/pclancy3/victor/V-ST/convergence/ecutwfc3/Bulk-NoSOC-NonREL-2K_64.in,/scratch16/pclancy3/victor/V-ST/convergence/ecutwfc3,Bulk-NoSOC-NonREL-2K_64.in,.in,4512,scf,scf,60,2,sb2te3_convergence,,False,False,,,0,,False,,qe_input_template_candidate
/scratch16/pclancy3/victor/V-ST/convergence/ecutwfc3/Bulk-NoSOC-NonREL-2K_60.out,/scratch16/pclancy3/victor/V-ST/convergence/ecutwfc3,Bulk-NoSOC-NonREL-2K_60.out,.out,27967,qe_output_unknown,,,,,,True,False,,-5393.37218749,1,,False,,completed_qe_output_candidate
/scratch16/pclancy3/victor/V-ST/convergence/ecutwfc3/Bulk-NoSOC-NonREL-2K_72.in,/scratch16/pclancy3/victor/V-ST/convergence/ecutwfc3,Bulk-NoSOC-NonREL-2K_72.in,.in,4512,scf,scf,60,2,sb2te3_convergence,,False,False,,,0,,False,,qe_input_template_candidate
/scratch16/pclancy3/victor/V-ST/convergence/ecutwfc3/Bulk-NoSOC-NonREL-2K_24.out,/scratch16/pclancy3/victor/V-ST/convergence/ecutwfc3,Bulk-NoSOC-NonREL-2K_24.out,.out,28597,qe_output_unknown,,,,,,True,False,,-5384.93913822,1,,False,,completed_qe_output_candidate
/scratch16/pclancy3/victor/V-ST/convergence/ecutwfc3/Bulk-NoSOC-NonREL-2K_68.in,/scratch16/pclancy3/victor/V-ST/convergence/ecutwfc3,Bulk-NoSOC-NonREL-2K_68.in,.in,4512,scf,scf,60,2,sb2te3_convergence,,False,False,,,0,,False,,qe_input_template_candidate
/scratch16/pclancy3/victor/V-ST/convergence/ecutwfc4/slurm-671445.out,/scratch16/pclancy3/victor/V-ST/convergence/ecutwfc4,slurm-671445.out,.out,188,qe_output_unknown,,,,,,False,False,,-4475.79045851,1,,False,,partial_or_unknown_qe_output
/scratch16/pclancy3/victor/V-ST/convergence/ecutwfc4/Bulk-NoSOC-NonREL-2K_8.out,/scratch16/pclancy3/victor/V-ST/convergence/ecutwfc4,Bulk-NoSOC-NonREL-2K_8.out,.out,51280,qe_output_unknown,,,,,,True,False,,-4475.79045851,1,,False,,completed_qe_output_candidate
/scratch16/pclancy3/victor/V-ST/convergence/ecutwfc4/Bulk-NoSOC-NonREL-2K_8.in,/scratch16/pclancy3/victor/V-ST/convergence/ecutwfc4,Bulk-NoSOC-NonREL-2K_8.in,.in,4511,scf,scf,60,2,sb2te3_convergence,,False,False,,,0,,False,,qe_input_template_candidate
/scratch16/pclancy3/victor/V-ST/convergence/ecutwfc4/Bulk-NoSOC-NonREL-2K_4.in,/scratch16/pclancy3/victor/V-ST/convergence/ecutwfc4,Bulk-NoSOC-NonREL-2K_4.in,.in,4511,scf,scf,60,2,sb2te3_convergence,,False,False,,,0,,False,,qe_input_template_candidate
/scratch16/pclancy3/victor/V-ST/convergence/ecutwfc4/Bulk-NoSOC-NonREL-2K_4.out,/scratch16/pclancy3/victor/V-ST/convergence/ecutwfc4,Bulk-NoSOC-NonREL-2K_4.out,.out,50920,qe_output_unknown,,,,,,True,True,convergence NOT achieved;stopping,,0,,False,,quarantine_or_restart_review
/scratch16/pclancy3/victor/V-ST/convergence/energy/Bulk-NoSOC-NonRel-2K-36.in,/scratch16/pclancy3/victor/V-ST/convergence/energy,Bulk-NoSOC-NonRel-2K-36.in,.in,4776,vc-relax,vc-relax,60,2,sb2te3_60,,False,False,,,0,,False,,qe_input_template_candidate
/scratch16/pclancy3/victor/V-ST/convergence/energy/Bulk-NoSOC-NonRel-2K-40.in,/scratch16/pclancy3/victor/V-ST/convergence/energy,Bulk-NoSOC-NonRel-2K-40.in,.in,4776,vc-relax,vc-relax,60,2,sb2te3_60,,False,False,,,0,,False,,qe_input_template_candidate
/scratch16/pclancy3/victor/V-ST/convergence/energy/Bulk-NoSOC-NonRel-2K-24.out,/scratch16/pclancy3/victor/V-ST/convergence/energy,Bulk-NoSOC-NonRel-2K-24.out,.out,454762,qe_output_unknown,,,,,,False,False,,-5390.48173456,6,,False,,partial_or_unknown_qe_output
/scratch16/pclancy3/victor/V-ST/convergence/energy/Bulk-NoSOC-NonRel-2K.in,/scratch16/pclancy3/victor/V-ST/convergence/energy,Bulk-NoSOC-NonRel-2K.in,.in,4823,vc-relax,vc-relax,60,2,sb2te3_60,,False,False,,,0,,False,,qe_input_template_candidate
/scratch16/pclancy3/victor/V-ST/convergence/energy/Bulk-NoSOC-NonRel-2K-40.out,/scratch16/pclancy3/victor/V-ST/convergence/energy,Bulk-NoSOC-NonRel-2K-40.out,.out,26,qe_output_unknown,,,,,,False,False,,,0,,False,,partial_or_unknown_qe_output
/scratch16/pclancy3/victor/V-ST/convergence/energy/Bulk-NoSOC-NonRel-2K-44.in,/scratch16/pclancy3/victor/V-ST/convergence/energy,Bulk-NoSOC-NonRel-2K-44.in,.in,4776,vc-relax,vc-relax,60,2,sb2te3_60,,False,False,,,0,,False,,qe_input_template_candidate
/scratch16/pclancy3/victor/V-ST/convergence/energy/Bulk-NoSOC-NonRel-2K-36.out,/scratch16/pclancy3/victor/V-ST/convergence/energy,Bulk-NoSOC-NonRel-2K-36.out,.out,26,qe_output_unknown,,,,,,False,False,,,0,,False,,partial_or_unknown_qe_output
/scratch16/pclancy3/victor/V-ST/convergence/energy/Bulk-NoSOC-NonRel-2K-48.out,/scratch16/pclancy3/victor/V-ST/convergence/energy,Bulk-NoSOC-NonRel-2K-48.out,.out,26,qe_output_unknown,,,,,,False,False,,,0,,False,,partial_or_unknown_qe_output
/scratch16/pclancy3/victor/V-ST/convergence/energy/slurm-605759.out,/scratch16/pclancy3/victor/V-ST/convergence/energy,slurm-605759.out,.out,27492,qe_output_unknown,,,,,,False,False,,,0,,False,,partial_or_unknown_qe_output
/scratch16/pclancy3/victor/V-ST/convergence/energy/Bulk-NoSOC-NonRel-2K-52.out,/scratch16/pclancy3/victor/V-ST/convergence/energy,Bulk-NoSOC-NonRel-2K-52.out,.out,26,qe_output_unknown,,,,,,False,False,,,0,,False,,partial_or_unknown_qe_output
/scratch16/pclancy3/victor/V-ST/convergence/energy/Bulk-NoSOC-NonRel-2K-44.out,/scratch16/pclancy3/victor/V-ST/convergence/energy,Bulk-NoSOC-NonRel-2K-44.out,.out,26,qe_output_unknown,,,,,,False,False,,,0,,False,,partial_or_unknown_qe_output
/scratch16/pclancy3/victor/V-ST/convergence/energy/slurm-613847.out,/scratch16/pclancy3/victor/V-ST/convergence/energy,slurm-613847.out,.out,2621,qe_output_unknown,,,,,,False,False,,,0,,False,,partial_or_unknown_qe_output
/scratch16/pclancy3/victor/V-ST/convergence/energy/Bulk-NoSOC-NonRel-2K-28.out,/scratch16/pclancy3/victor/V-ST/convergence/energy,Bulk-NoSOC-NonRel-2K-28.out,.out,26,qe_output_unknown,,,,,,False,False,,,0,,False,,partial_or_unknown_qe_output
/scratch16/pclancy3/victor/V-ST/convergence/energy/slurm-608200.out,/scratch16/pclancy3/victor/V-ST/convergence/energy,slurm-608200.out,.out,166548,qe_output_unknown,,,,,,False,False,,,0,,False,,partial_or_unknown_qe_output
/scratch16/pclancy3/victor/V-ST/convergence/energy/slurm-613791.out,/scratch16/pclancy3/victor/V-ST/convergence/energy,slurm-613791.out,.out,3378,qe_output_unknown,,,,,,False,True,%%%%%%%%;error in routine,,0,,False,,quarantine_or_restart_review
/scratch16/pclancy3/victor/V-ST/convergence/energy/slurm-606329.out,/scratch16/pclancy3/victor/V-ST/convergence/energy,slurm-606329.out,.out,44772,qe_output_unknown,,,,,,False,False,,,0,,False,,partial_or_unknown_qe_output
/scratch16/pclancy3/victor/V-ST/convergence/energy/Bulk-NoSOC-NonRel-2K-32.out,/scratch16/pclancy3/victor/V-ST/convergence/energy,Bulk-NoSOC-NonRel-2K-32.out,.out,26,qe_output_unknown,,,,,,False,False,,,0,,False,,partial_or_unknown_qe_output
/scratch16/pclancy3/victor/V-ST/convergence/energy/Bulk-NoSOC-NonRel-2K-52.in,/scratch16/pclancy3/victor/V-ST/convergence/energy,Bulk-NoSOC-NonRel-2K-52.in,.in,4776,vc-relax,vc-relax,60,2,sb2te3_60,,False,False,,,0,,False,,qe_input_template_candidate
/scratch16/pclancy3/victor/V-ST/convergence/energy/slurm-607236.out,/scratch16/pclancy3/victor/V-ST/convergence/energy,slurm-607236.out,.out,29425,qe_output_unknown,,,,,,False,False,,,0,,False,,partial_or_unknown_qe_output
/scratch16/pclancy3/victor/V-ST/convergence/energy/Bulk-NoSOC-NonRel-2K-24.in,/scratch16/pclancy3/victor/V-ST/convergence/energy,Bulk-NoSOC-NonRel-2K-24.in,.in,4776,vc-relax,vc-relax,60,2,sb2te3_60,,False,False,,,0,,False,,qe_input_template_candidate
/scratch16/pclancy3/victor/V-ST/convergence/energy/Bulk-NoSOC-NonRel-2K-28.in,/scratch16/pclancy3/victor/V-ST/convergence/energy,Bulk-NoSOC-NonRel-2K-28.in,.in,4776,vc-relax,vc-relax,60,2,sb2te3_60,,False,False,,,0,,False,,qe_input_template_candidate
/scratch16/pclancy3/victor/V-ST/convergence/energy/Bulk-NoSOC-NonRel-2K-48.in,/scratch16/pclancy3/victor/V-ST/convergence/energy,Bulk-NoSOC-NonRel-2K-48.in,.in,4776,vc-relax,vc-relax,60,2,sb2te3_60,,False,False,,,0,,False,,qe_input_template_candidate
/scratch16/pclancy3/victor/V-ST/convergence/energy/Bulk-NoSOC-NonRel-2K-32.in,/scratch16/pclancy3/victor/V-ST/convergence/energy,Bulk-NoSOC-NonRel-2K-32.in,.in,4776,vc-relax,vc-relax,60,2,sb2te3_60,,False,False,,,0,,False,,qe_input_template_candidate
/scratch16/pclancy3/victor/V-ST/convergence/kpts/Bulk-NoSOC-NonREL-kPts_5.out,/scratch16/pclancy3/victor/V-ST/convergence/kpts,Bulk-NoSOC-NonREL-kPts_5.out,.out,131467,qe_output_unknown,,,,,,True,False,,-5391.57408553,1,,False,,completed_qe_output_candidate
/scratch16/pclancy3/victor/V-ST/convergence/kpts/Bulk-NoSOC-NonREL-kPts_2.cif,/scratch16/pclancy3/victor/V-ST/convergence/kpts,Bulk-NoSOC-NonREL-kPts_2.cif,.cif,3856,structure_or_other,,,,,,False,False,,,0,,False,,structure_candidate
/scratch16/pclancy3/victor/V-ST/convergence/kpts/Bulk-NoSOC-NonREL-kPts_1.out,/scratch16/pclancy3/victor/V-ST/convergence/kpts,Bulk-NoSOC-NonREL-kPts_1.out,.out,21972,qe_output_unknown,,,,,,True,False,,-5391.92069612,1,,False,,completed_qe_output_candidate
/scratch16/pclancy3/victor/V-ST/convergence/kpts/Bulk-NoSOC-NonREL-kPts_2.in,/scratch16/pclancy3/victor/V-ST/convergence/kpts,Bulk-NoSOC-NonREL-kPts_2.in,.in,4532,scf,scf,60,2,sb2te3_convergence,,False,False,,,0,,False,,qe_input_template_candidate
/scratch16/pclancy3/victor/V-ST/convergence/kpts/Bulk-NoSOC-NonREL-kPts_gamma.out,/scratch16/pclancy3/victor/V-ST/convergence/kpts,Bulk-NoSOC-NonREL-kPts_gamma.out,.out,23466,qe_output_unknown,,,,,,True,False,,-5390.67548221,1,,False,,completed_qe_output_candidate
/scratch16/pclancy3/victor/V-ST/convergence/kpts/Bulk-NoSOC-NonREL-kPts_3.cif,/scratch16/pclancy3/victor/V-ST/convergence/kpts,Bulk-NoSOC-NonREL-kPts_3.cif,.cif,3856,structure_or_other,,,,,,False,False,,,0,,False,,structure_candidate
/scratch16/pclancy3/victor/V-ST/convergence/kpts/Bulk-NoSOC-NonREL-kPts_4.out,/scratch16/pclancy3/victor/V-ST/convergence/kpts,Bulk-NoSOC-NonREL-kPts_4.out,.out,77822,qe_output_unknown,,,,,,True,False,,-5391.57687373,1,,False,,completed_qe_output_candidate
/scratch16/pclancy3/victor/V-ST/convergence/kpts/slurm-811404.out,/scratch16/pclancy3/victor/V-ST/convergence/kpts,slurm-811404.out,.out,706,qe_output_unknown,,,,,,False,False,,,0,,False,,partial_or_unknown_qe_output
/scratch16/pclancy3/victor/V-ST/convergence/kpts/slurm-721343.out,/scratch16/pclancy3/victor/V-ST/convergence/kpts,slurm-721343.out,.out,564,qe_output_unknown,,,,,,False,False,,-5391.57408553,5,,False,,partial_or_unknown_qe_output
/scratch16/pclancy3/victor/V-ST/convergence/kpts/Bulk-NoSOC-NonREL-kPts_2.out,/scratch16/pclancy3/victor/V-ST/convergence/kpts,Bulk-NoSOC-NonREL-kPts_2.out,.out,27967,qe_output_unknown,,,,,,True,False,,-5391.55674547,1,,False,,completed_qe_output_candidate
/scratch16/pclancy3/victor/V-ST/convergence/kpts/slurm-720583.out,/scratch16/pclancy3/victor/V-ST/convergence/kpts,slurm-720583.out,.out,744,qe_output_unknown,,,,,,False,False,,,0,,False,,partial_or_unknown_qe_output
/scratch16/pclancy3/victor/V-ST/convergence/kpts/Bulk-NoSOC-NonREL-kPts_4.in,/scratch16/pclancy3/victor/V-ST/convergence/kpts,Bulk-NoSOC-NonREL-kPts_4.in,.in,4532,scf,scf,60,2,sb2te3_convergence,,False,False,,,0,,False,,qe_input_template_candidate
/scratch16/pclancy3/victor/V-ST/convergence/kpts/Bulk-NoSOC-NonREL-kPts_3.out,/scratch16/pclancy3/victor/V-ST/convergence/kpts,Bulk-NoSOC-NonREL-kPts_3.out,.out,46587,qe_output_unknown,,,,,,True,False,,-5391.57582110,1,,False,,completed_qe_output_candidate
/scratch16/pclancy3/victor/V-ST/convergence/kpts/Bulk-NoSOC-NonREL-kPts_5.in,/scratch16/pclancy3/victor/V-ST/convergence/kpts,Bulk-NoSOC-NonREL-kPts_5.in,.in,4532,scf,scf,60,2,sb2te3_convergence,,False,False,,,0,,False,,qe_input_template_candidate
/scratch16/pclancy3/victor/V-ST/convergence/kpts/slurm-720534.out,/scratch16/pclancy3/victor/V-ST/convergence/kpts,slurm-720534.out,.out,774,qe_output_unknown,,,,,,False,False,,,0,,False,,partial_or_unknown_qe_output
/scratch16/pclancy3/victor/V-ST/convergence/kpts/Bulk-NoSOC-NonREL-kPts_3.xyz,/scratch16/pclancy3/victor/V-ST/convergence/kpts,Bulk-NoSOC-NonREL-kPts_3.xyz,.xyz,3448,structure_or_other,,,,,,False,False,,,0,,False,,structure_candidate
/scratch16/pclancy3/victor/V-ST/convergence/kpts/Bulk-NoSOC-NonREL-kPts_3.in,/scratch16/pclancy3/victor/V-ST/convergence/kpts,Bulk-NoSOC-NonREL-kPts_3.in,.in,4532,scf,scf,60,2,sb2te3_convergence,,False,False,,,0,,False,,qe_input_template_candidate
/scratch16/pclancy3/victor/V-ST/convergence/kpts/Bulk-NoSOC-NonREL-kPts_gamma.in,/scratch16/pclancy3/victor/V-ST/convergence/kpts,Bulk-NoSOC-NonREL-kPts_gamma.in,.in,4516,scf,scf,60,2,sb2te3_convergence,,False,False,,,0,,False,,qe_input_template_candidate
/scratch16/pclancy3/victor/V-ST/convergence/kpts/Bulk-NoSOC-NonREL-kPts_2.xyz,/scratch16/pclancy3/victor/V-ST/convergence/kpts,Bulk-NoSOC-NonREL-kPts_2.xyz,.xyz,3448,structure_or_other,,,,,,False,False,,,0,,False,,structure_candidate
/scratch16/pclancy3/victor/V-ST/convergence/kpts/Bulk-NoSOC-NonREL-kPts_1.in,/scratch16/pclancy3/victor/V-ST/convergence/kpts,Bulk-NoSOC-NonREL-kPts_1.in,.in,4532,scf,scf,60,2,sb2te3_convergence,,False,False,,,0,,False,,qe_input_template_candidate
/scratch16/pclancy3/victor/V-ST/convergence/ecutwfc_paramC_vcrelax/slurm-778209.out,/scratch16/pclancy3/victor/V-ST/convergence/ecutwfc_paramC_vcrelax,slurm-778209.out,.out,2339,qe_output_unknown,,,,,,False,False,,,0,,False,,partial_or_unknown_qe_output
/scratch16/pclancy3/victor/V-ST/convergence/ecutwfc_paramC_vcrelax/slurm-771829.out,/scratch16/pclancy3/victor/V-ST/convergence/ecutwfc_paramC_vcrelax,slurm-771829.out,.out,262,qe_output_unknown,,,,,,False,False,,,0,,False,,partial_or_unknown_qe_output
/scratch16/pclancy3/victor/V-ST/convergence/ecutwfc_paramC_vcrelax/Bulk-NoSOC-NonREL-2K-VCRelax_100.out,/scratch16/pclancy3/victor/V-ST/convergence/ecutwfc_paramC_vcrelax,Bulk-NoSOC-NonREL-2K-VCRelax_100.out,.out,1172548,qe_output_unknown,,,,,,True,False,,-5393.41135364,21,,False,,completed_qe_output_candidate
/scratch16/pclancy3/victor/V-ST/convergence/ecutwfc_paramC_vcrelax/Bulk-NoSOC-NonREL-2K-VCRelax_76.in,/scratch16/pclancy3/victor/V-ST/convergence/ecutwfc_paramC_vcrelax,Bulk-NoSOC-NonREL-2K-VCRelax_76.in,.in,4683,vc-relax,vc-relax,60,2,sb2te3_vcr_convergence,,False,False,,,0,,False,,qe_input_template_candidate
/scratch16/pclancy3/victor/V-ST/convergence/ecutwfc_paramC_vcrelax/Bulk-NoSOC-NonREL-2K-VCRelax_64.out,/scratch16/pclancy3/victor/V-ST/convergence/ecutwfc_paramC_vcrelax,Bulk-NoSOC-NonREL-2K-VCRelax_64.out,.out,1162216,qe_output_unknown,,,,,,True,False,,-5393.38673104,21,,False,,completed_qe_output_candidate
/scratch16/pclancy3/victor/V-ST/convergence/ecutwfc_paramC_vcrelax/Bulk-NoSOC-NonREL-2K-VCRelax_44.in,/scratch16/pclancy3/victor/V-ST/convergence/ecutwfc_paramC_vcrelax,Bulk-NoSOC-NonREL-2K-VCRelax_44.in,.in,4683,vc-relax,vc-relax,60,2,sb2te3_vcr_convergence,,False,False,,,0,,False,,qe_input_template_candidate
/scratch16/pclancy3/victor/V-ST/convergence/ecutwfc_paramC_vcrelax/Bulk-NoSOC-NonREL-2K-VCRelax_56.out,/scratch16/pclancy3/victor/V-ST/convergence/ecutwfc_paramC_vcrelax,Bulk-NoSOC-NonREL-2K-VCRelax_56.out,.out,1228189,qe_output_unknown,,,,,,True,False,,-5393.38349017,22,,False,,completed_qe_output_candidate
/scratch16/pclancy3/victor/V-ST/convergence/ecutwfc_paramC_vcrelax/Bulk-NoSOC-NonREL-2K-VCRelax_92.out,/scratch16/pclancy3/victor/V-ST/convergence/ecutwfc_paramC_vcrelax,Bulk-NoSOC-NonREL-2K-VCRelax_92.out,.out,1165031,qe_output_unknown,,,,,,True,False,,-5393.39995722,21,,False,,completed_qe_output_candidate
/scratch16/pclancy3/victor/V-ST/convergence/ecutwfc_paramC_vcrelax/Bulk-NoSOC-NonREL-2K-VCRelax_56.in,/scratch16/pclancy3/victor/V-ST/convergence/ecutwfc_paramC_vcrelax,Bulk-NoSOC-NonREL-2K-VCRelax_56.in,.in,4683,vc-relax,vc-relax,60,2,sb2te3_vcr_convergence,,False,False,,,0,,False,,qe_input_template_candidate
/scratch16/pclancy3/victor/V-ST/convergence/ecutwfc_paramC_vcrelax/Bulk-NoSOC-NonREL-2K-VCRelax_60.in,/scratch16/pclancy3/victor/V-ST/convergence/ecutwfc_paramC_vcrelax,Bulk-NoSOC-NonREL-2K-VCRelax_60.in,.in,4683,vc-relax,vc-relax,60,2,sb2te3_vcr_convergence,,False,False,,,0,,False,,qe_input_template_candidate
/scratch16/pclancy3/victor/V-ST/convergence/ecutwfc_paramC_vcrelax/Bulk-NoSOC-NonREL-2K-VCRelax_88.out,/scratch16/pclancy3/victor/V-ST/convergence/ecutwfc_paramC_vcrelax,Bulk-NoSOC-NonREL-2K-VCRelax_88.out,.out,1175798,qe_output_unknown,,,,,,True,False,,-5393.39525125,21,,False,,completed_qe_output_candidate
/scratch16/pclancy3/victor/V-ST/convergence/ecutwfc_paramC_vcrelax/Bulk-NoSOC-NonREL-2K-VCRelax_84.in,/scratch16/pclancy3/victor/V-ST/convergence/ecutwfc_paramC_vcrelax,Bulk-NoSOC-NonREL-2K-VCRelax_84.in,.in,4683,vc-relax,vc-relax,60,2,sb2te3_vcr_convergence,,False,False,,,0,,False,,qe_input_template_candidate
/scratch16/pclancy3/victor/V-ST/convergence/ecutwfc_paramC_vcrelax/Bulk-NoSOC-NonREL-2K-VCRelax_100.in,/scratch16/pclancy3/victor/V-ST/convergence/ecutwfc_paramC_vcrelax,Bulk-NoSOC-NonREL-2K-VCRelax_100.in,.in,4684,vc-relax,vc-relax,60,2,sb2te3_vcr_convergence,,False,False,,,0,,False,,qe_input_template_candidate
/scratch16/pclancy3/victor/V-ST/convergence/ecutwfc_paramC_vcrelax/Bulk-NoSOC-NonREL-2K-VCRelax_96.in,/scratch16/pclancy3/victor/V-ST/convergence/ecutwfc_paramC_vcrelax,Bulk-NoSOC-NonREL-2K-VCRelax_96.in,.in,4683,vc-relax,vc-relax,60,2,sb2te3_vcr_convergence,,False,False,,,0,,False,,qe_input_template_candidate
/scratch16/pclancy3/victor/V-ST/convergence/ecutwfc_paramC_vcrelax/Bulk-NoSOC-NonREL-2K-VCRelax_52.out,/scratch16/pclancy3/victor/V-ST/convergence/ecutwfc_paramC_vcrelax,Bulk-NoSOC-NonREL-2K-VCRelax_52.out,.out,1175021,qe_output_unknown,,,,,,True,False,,-5393.38256678,21,,False,,completed_qe_output_candidate
/scratch16/pclancy3/victor/V-ST/convergence/ecutwfc_paramC_vcrelax/Bulk-NoSOC-NonREL-2K-VCRelax_68.in,/scratch16/pclancy3/victor/V-ST/convergence/ecutwfc_paramC_vcrelax,Bulk-NoSOC-NonREL-2K-VCRelax_68.in,.in,4683,vc-relax,vc-relax,60,2,sb2te3_vcr_convergence,,False,False,,,0,,False,,qe_input_template_candidate
/scratch16/pclancy3/victor/V-ST/convergence/ecutwfc_paramC_vcrelax/Bulk-NoSOC-NonREL-2K-VCRelax_72.out,/scratch16/pclancy3/victor/V-ST/convergence/ecutwfc_paramC_vcrelax,Bulk-NoSOC-NonREL-2K-VCRelax_72.out,.out,1213914,qe_output_unknown,,,,,,True,False,,-5393.39009841,22,,False,,completed_qe_output_candidate
/scratch16/pclancy3/victor/V-ST/convergence/ecutwfc_paramC_vcrelax/slurm-776891.out,/scratch16/pclancy3/victor/V-ST/convergence/ecutwfc_paramC_vcrelax,slurm-776891.out,.out,2764,qe_output_unknown,,,,,,False,False,,,0,,False,,partial_or_unknown_qe_output
/scratch16/pclancy3/victor/V-ST/convergence/ecutwfc_paramC_vcrelax/slurm-773522.out,/scratch16/pclancy3/victor/V-ST/convergence/ecutwfc_paramC_vcrelax,slurm-773522.out,.out,2549,qe_output_unknown,,,,,,False,False,,,0,,False,,partial_or_unknown_qe_output
/scratch16/pclancy3/victor/V-ST/convergence/ecutwfc_paramC_vcrelax/Bulk-NoSOC-NonREL-2K-VCRelax_84.out,/scratch16/pclancy3/victor/V-ST/convergence/ecutwfc_paramC_vcrelax,Bulk-NoSOC-NonREL-2K-VCRelax_84.out,.out,1169988,qe_output_unknown,,,,,,True,False,,-5393.39212474,21,,False,,completed_qe_output_candidate
/scratch16/pclancy3/victor/V-ST/convergence/ecutwfc_paramC_vcrelax/Bulk-NoSOC-NonREL-2K-VCRelax_92.in,/scratch16/pclancy3/victor/V-ST/convergence/ecutwfc_paramC_vcrelax,Bulk-NoSOC-NonREL-2K-VCRelax_92.in,.in,4683,vc-relax,vc-relax,60,2,sb2te3_vcr_convergence,,False,False,,,0,,False,,qe_input_template_candidate
/scratch16/pclancy3/victor/V-ST/convergence/ecutwfc_paramC_vcrelax/Bulk-NoSOC-NonREL-2K-VCRelax_32.out,/scratch16/pclancy3/victor/V-ST/convergence/ecutwfc_paramC_vcrelax,Bulk-NoSOC-NonREL-2K-VCRelax_32.out,.out,782675,qe_output_unknown,,,,,,True,False,,-5393.05905509,14,,False,,completed_qe_output_candidate
/scratch16/pclancy3/victor/V-ST/convergence/ecutwfc_paramC_vcrelax/Bulk-NoSOC-NonREL-2K-VCRelax_48.out,/scratch16/pclancy3/victor/V-ST/convergence/ecutwfc_paramC_vcrelax,Bulk-NoSOC-NonREL-2K-VCRelax_48.out,.out,1176768,qe_output_unknown,,,,,,True,False,,-5393.37724544,21,,False,,completed_qe_output_candidate
/scratch16/pclancy3/victor/V-ST/convergence/ecutwfc_paramC_vcrelax/Bulk-NoSOC-NonREL-2K-VCRelax_68.out,/scratch16/pclancy3/victor/V-ST/convergence/ecutwfc_paramC_vcrelax,Bulk-NoSOC-NonREL-2K-VCRelax_68.out,.out,1122381,qe_output_unknown,,,,,,True,False,,-5393.38900197,20,,False,,completed_qe_output_candidate
/scratch16/pclancy3/victor/V-ST/convergence/ecutwfc_paramC_vcrelax/Bulk-NoSOC-NonREL-2K-VCRelax_60.out,/scratch16/pclancy3/victor/V-ST/convergence/ecutwfc_paramC_vcrelax,Bulk-NoSOC-NonREL-2K-VCRelax_60.out,.out,1192771,qe_output_unknown,,,,,,True,False,,-5393.38443241,21,,False,,completed_qe_output_candidate
/scratch16/pclancy3/victor/V-ST/convergence/ecutwfc_paramC_vcrelax/Bulk-NoSOC-NonREL-2K-VCRelax_28.out,/scratch16/pclancy3/victor/V-ST/convergence/ecutwfc_paramC_vcrelax,Bulk-NoSOC-NonREL-2K-VCRelax_28.out,.out,911924,qe_output_unknown,,,,,,True,False,,-5391.23503473,16,,False,,completed_qe_output_candidate
/scratch16/pclancy3/victor/V-ST/convergence/ecutwfc_paramC_vcrelax/Bulk-NoSOC-NonREL-2K-VCRelax_52.in,/scratch16/pclancy3/victor/V-ST/convergence/ecutwfc_paramC_vcrelax,Bulk-NoSOC-NonREL-2K-VCRelax_52.in,.in,4683,vc-relax,vc-relax,60,2,sb2te3_vcr_convergence,,False,False,,,0,,False,,qe_input_template_candidate
/scratch16/pclancy3/victor/V-ST/convergence/ecutwfc_paramC_vcrelax/Bulk-NoSOC-NonREL-2K-VCRelax_80.in,/scratch16/pclancy3/victor/V-ST/convergence/ecutwfc_paramC_vcrelax,Bulk-NoSOC-NonREL-2K-VCRelax_80.in,.in,4683,vc-relax,vc-relax,60,2,sb2te3_vcr_convergence,,False,False,,,0,,False,,qe_input_template_candidate
/scratch16/pclancy3/victor/V-ST/convergence/ecutwfc_paramC_vcrelax/Bulk-NoSOC-NonREL-2K-VCRelax_96.out,/scratch16/pclancy3/victor/V-ST/convergence/ecutwfc_paramC_vcrelax,Bulk-NoSOC-NonREL-2K-VCRelax_96.out,.out,1166248,qe_output_unknown,,,,,,True,False,,-5393.40566385,21,,False,,completed_qe_output_candidate
/scratch16/pclancy3/victor/V-ST/convergence/ecutwfc_paramC_vcrelax/Bulk-NoSOC-NonREL-2K-VCRelax_80.out,/scratch16/pclancy3/victor/V-ST/convergence/ecutwfc_paramC_vcrelax,Bulk-NoSOC-NonREL-2K-VCRelax_80.out,.out,1180336,qe_output_unknown,,,,,,True,False,,-5393.39065766,21,,False,,completed_qe_output_candidate
/scratch16/pclancy3/victor/V-ST/convergence/ecutwfc_paramC_vcrelax/slurm-770863.out,/scratch16/pclancy3/victor/V-ST/convergence/ecutwfc_paramC_vcrelax,slurm-770863.out,.out,108,qe_output_unknown,,,,,,False,False,,,0,,False,,partial_or_unknown_qe_output
/scratch16/pclancy3/victor/V-ST/convergence/ecutwfc_paramC_vcrelax/Bulk-NoSOC-NonREL-2K-VCRelax_28.in,/scratch16/pclancy3/victor/V-ST/convergence/ecutwfc_paramC_vcrelax,Bulk-NoSOC-NonREL-2K-VCRelax_28.in,.in,4683,vc-relax,vc-relax,60,2,sb2te3_vcr_convergence,,False,False,,,0,,False,,qe_input_template_candidate
/scratch16/pclancy3/victor/V-ST/convergence/ecutwfc_paramC_vcrelax/slurm-771832.out,/scratch16/pclancy3/victor/V-ST/convergence/ecutwfc_paramC_vcrelax,slurm-771832.out,.out,925,qe_output_unknown,,,,,,False,False,,,0,,False,,partial_or_unknown_qe_output
/scratch16/pclancy3/victor/V-ST/convergence/ecutwfc_paramC_vcrelax/Bulk-NoSOC-NonREL-2K-VCRelax_24.in,/scratch16/pclancy3/victor/V-ST/convergence/ecutwfc_paramC_vcrelax,Bulk-NoSOC-NonREL-2K-VCRelax_24.in,.in,4683,vc-relax,vc-relax,60,2,sb2te3_vcr_convergence,,False,False,,,0,,False,,qe_input_template_candidate
/scratch16/pclancy3/victor/V-ST/convergence/ecutwfc_paramC_vcrelax/Bulk-NoSOC-NonREL-2K-VCRelax_72.in,/scratch16/pclancy3/victor/V-ST/convergence/ecutwfc_paramC_vcrelax,Bulk-NoSOC-NonREL-2K-VCRelax_72.in,.in,4683,vc-relax,vc-relax,60,2,sb2te3_vcr_convergence,,False,False,,,0,,False,,qe_input_template_candidate
/scratch16/pclancy3/victor/V-ST/convergence/ecutwfc_paramC_vcrelax/Bulk-NoSOC-NonREL-2K-VCRelax_40.in,/scratch16/pclancy3/victor/V-ST/convergence/ecutwfc_paramC_vcrelax,Bulk-NoSOC-NonREL-2K-VCRelax_40.in,.in,4683,vc-relax,vc-relax,60,2,sb2te3_vcr_convergence,,False,False,,,0,,False,,qe_input_template_candidate
/scratch16/pclancy3/victor/V-ST/convergence/ecutwfc_paramC_vcrelax/Bulk-NoSOC-NonREL-2K-VCRelax_32.in,/scratch16/pclancy3/victor/V-ST/convergence/ecutwfc_paramC_vcrelax,Bulk-NoSOC-NonREL-2K-VCRelax_32.in,.in,4683,vc-relax,vc-relax,60,2,sb2te3_vcr_convergence,,False,False,,,0,,False,,qe_input_template_candidate
/scratch16/pclancy3/victor/V-ST/convergence/ecutwfc_paramC_vcrelax/Bulk-NoSOC-NonREL-2K-VCRelax_88.in,/scratch16/pclancy3/victor/V-ST/convergence/ecutwfc_paramC_vcrelax,Bulk-NoSOC-NonREL-2K-VCRelax_88.in,.in,4683,vc-relax,vc-relax,60,2,sb2te3_vcr_convergence,,False,False,,,0,,False,,qe_input_template_candidate
/scratch16/pclancy3/victor/V-ST/convergence/ecutwfc_paramC_vcrelax/Bulk-NoSOC-NonREL-2K-VCRelax_36.in,/scratch16/pclancy3/victor/V-ST/convergence/ecutwfc_paramC_vcrelax,Bulk-NoSOC-NonREL-2K-VCRelax_36.in,.in,4683,vc-relax,vc-relax,60,2,sb2te3_vcr_convergence,,False,False,,,0,,False,,qe_input_template_candidate
/scratch16/pclancy3/victor/V-ST/convergence/ecutwfc_paramC_vcrelax/Bulk-NoSOC-NonREL-2K-VCRelax_44.out,/scratch16/pclancy3/victor/V-ST/convergence/ecutwfc_paramC_vcrelax,Bulk-NoSOC-NonREL-2K-VCRelax_44.out,.out,1174835,qe_output_unknown,,,,,,True,False,,-5393.36691210,21,,False,,completed_qe_output_candidate
/scratch16/pclancy3/victor/V-ST/convergence/ecutwfc_paramC_vcrelax/Bulk-NoSOC-NonREL-2K-VCRelax_24.out,/scratch16/pclancy3/victor/V-ST/convergence/ecutwfc_paramC_vcrelax,Bulk-NoSOC-NonREL-2K-VCRelax_24.out,.out,808784,qe_output_unknown,,,,,,True,False,,-5383.59331533,14,,False,,completed_qe_output_candidate
/scratch16/pclancy3/victor/V-ST/convergence/ecutwfc_paramC_vcrelax/slurm-771834.out,/scratch16/pclancy3/victor/V-ST/convergence/ecutwfc_paramC_vcrelax,slurm-771834.out,.out,1340,qe_output_unknown,,,,,,False,False,,,0,,False,,partial_or_unknown_qe_output
/scratch16/pclancy3/victor/V-ST/convergence/ecutwfc_paramC_vcrelax/Bulk-NoSOC-NonREL-2K-VCRelax_76.out,/scratch16/pclancy3/victor/V-ST/convergence/ecutwfc_paramC_vcrelax,Bulk-NoSOC-NonREL-2K-VCRelax_76.out,.out,1216430,qe_output_unknown,,,,,,True,False,,-5393.39031676,22,,False,,completed_qe_output_candidate
/scratch16/pclancy3/victor/V-ST/convergence/ecutwfc_paramC_vcrelax/Bulk-NoSOC-NonREL-2K-VCRelax_36.out,/scratch16/pclancy3/victor/V-ST/convergence/ecutwfc_paramC_vcrelax,Bulk-NoSOC-NonREL-2K-VCRelax_36.out,.out,943203,qe_output_unknown,,,,,,True,False,,-5393.34731185,17,,False,,completed_qe_output_candidate
/scratch16/pclancy3/victor/V-ST/convergence/ecutwfc_paramC_vcrelax/Bulk-NoSOC-NonREL-2K-VCRelax_40.out,/scratch16/pclancy3/victor/V-ST/convergence/ecutwfc_paramC_vcrelax,Bulk-NoSOC-NonREL-2K-VCRelax_40.out,.out,1178049,qe_output_unknown,,,,,,True,False,,-5393.36175323,21,,False,,completed_qe_output_candidate
/scratch16/pclancy3/victor/V-ST/convergence/ecutwfc_paramC_vcrelax/slurm-771837.out,/scratch16/pclancy3/victor/V-ST/convergence/ecutwfc_paramC_vcrelax,slurm-771837.out,.out,910,qe_output_unknown,,,,,,False,False,,,0,,False,,partial_or_unknown_qe_output
/scratch16/pclancy3/victor/V-ST/convergence/ecutwfc_paramC_vcrelax/Bulk-NoSOC-NonREL-2K-VCRelax_64.in,/scratch16/pclancy3/victor/V-ST/convergence/ecutwfc_paramC_vcrelax,Bulk-NoSOC-NonREL-2K-VCRelax_64.in,.in,4683,vc-relax,vc-relax,60,2,sb2te3_vcr_convergence,,False,False,,,0,,False,,qe_input_template_candidate
/scratch16/pclancy3/victor/V-ST/convergence/ecutwfc_paramC_vcrelax/Bulk-NoSOC-NonREL-2K-VCRelax_48.in,/scratch16/pclancy3/victor/V-ST/convergence/ecutwfc_paramC_vcrelax,Bulk-NoSOC-NonREL-2K-VCRelax_48.in,.in,4683,vc-relax,vc-relax,60,2,sb2te3_vcr_convergence,,False,False,,,0,,False,,qe_input_template_candidate
/scratch16/pclancy3/victor/V-ST/convergence/ecutwfc_paramC_vcrelax/slurm-778235.out,/scratch16/pclancy3/victor/V-ST/convergence/ecutwfc_paramC_vcrelax,slurm-778235.out,.out,3016,qe_output_unknown,,,,,,False,False,,,0,,False,,partial_or_unknown_qe_output
/scratch16/pclancy3/victor/V-ST/convergence/ecutwfc_paramC_vcrelax/slurm-771838.out,/scratch16/pclancy3/victor/V-ST/convergence/ecutwfc_paramC_vcrelax,slurm-771838.out,.out,2338,qe_output_unknown,,,,,,False,False,,,0,,False,,partial_or_unknown_qe_output
/scratch16/pclancy3/victor/V-ST/convergence/ecutwfc_paramC_vcrelax/xyz/original.xyz,/scratch16/pclancy3/victor/V-ST/convergence/ecutwfc_paramC_vcrelax/xyz,original.xyz,.xyz,4444,structure_or_other,,,,,,False,False,,,0,,False,,structure_candidate
/scratch16/pclancy3/victor/V-ST/convergence/ecutwfc_paramC_vcrelax/xyz/original2.xyz,/scratch16/pclancy3/victor/V-ST/convergence/ecutwfc_paramC_vcrelax/xyz,original2.xyz,.xyz,1887,structure_or_other,,,,,,False,False,,,0,,False,,structure_candidate
/scratch16/pclancy3/victor/V-ST/convergence/ecutwfc_paramC_vcrelax/xyz/Bulk-NoSOC-NonREL-2K-VCRelax_40.xyz,/scratch16/pclancy3/victor/V-ST/convergence/ecutwfc_paramC_vcrelax/xyz,Bulk-NoSOC-NonREL-2K-VCRelax_40.xyz,.xyz,6624,structure_or_other,,,,,,False,False,,,0,,False,,structure_candidate
/scratch16/pclancy3/victor/V-ST/convergence/ecutwfc_paramC_vcrelax/xyz/Bulk-NoSOC-NonREL-2K-VCRelax_60.in,/scratch16/pclancy3/victor/V-ST/convergence/ecutwfc_paramC_vcrelax/xyz,Bulk-NoSOC-NonREL-2K-VCRelax_60.in,.in,4683,vc-relax,vc-relax,60,2,sb2te3_vcr_convergence,,False,False,,,0,,False,,qe_input_template_candidate
/scratch16/pclancy3/victor/V-ST/convergence/ecutwfc_paramC_vcrelax/xyz/Bulk-NoSOC-NonREL-2K-VCRelax_60.out,/scratch16/pclancy3/victor/V-ST/convergence/ecutwfc_paramC_vcrelax/xyz,Bulk-NoSOC-NonREL-2K-VCRelax_60.out,.out,6624,qe_output_unknown,,,,,,False,False,,,0,,False,,partial_or_unknown_qe_output
/scratch16/pclancy3/victor/V-ST/convergence/ecutwfc_paramC_vcrelax/xyz/Bulk-NoSOC-NonREL-2K-VCRelax_60.xyz,/scratch16/pclancy3/victor/V-ST/convergence/ecutwfc_paramC_vcrelax/xyz,Bulk-NoSOC-NonREL-2K-VCRelax_60.xyz,.xyz,45,structure_or_other,,,,,,False,False,,,0,,False,,structure_candidate
/scratch16/pclancy3/victor/V-ST/convergence/ecutwfc_paramC_vcrelax/xyz/Bulk-NoSOC-NonREL-2K-VCRelax_40.out,/scratch16/pclancy3/victor/V-ST/convergence/ecutwfc_paramC_vcrelax/xyz,Bulk-NoSOC-NonREL-2K-VCRelax_40.out,.out,1178049,qe_output_unknown,,,,,,True,False,,-5393.36175323,21,,False,,completed_qe_output_candidate
/scratch16/pclancy3/victor/V-ST/convergence/kpts_D3_SOC/slurm-8135224.out,/scratch16/pclancy3/victor/V-ST/convergence/kpts_D3_SOC,slurm-8135224.out,.out,539,qe_output_unknown,,,,,,False,False,,-9653.33676837,4,,False,,partial_or_unknown_qe_output
/scratch16/pclancy3/victor/V-ST/convergence/kpts_D3_SOC/slurm-811404.out,/scratch16/pclancy3/victor/V-ST/convergence/kpts_D3_SOC,slurm-811404.out,.out,706,qe_output_unknown,,,,,,False,False,,,0,,False,,partial_or_unknown_qe_output
/scratch16/pclancy3/victor/V-ST/convergence/kpts_D3_SOC/slurm-721343.out,/scratch16/pclancy3/victor/V-ST/convergence/kpts_D3_SOC,slurm-721343.out,.out,564,qe_output_unknown,,,,,,False,False,,-5391.57408553,5,,False,,partial_or_unknown_qe_output
/scratch16/pclancy3/victor/V-ST/convergence/kpts_D3_SOC/Bulk-NoSOC-D3-kPts_1.out,/scratch16/pclancy3/victor/V-ST/convergence/kpts_D3_SOC,Bulk-NoSOC-D3-kPts_1.out,.out,53213,qe_output_unknown,,,,,,True,False,,-9653.69820812,1,,False,,completed_qe_output_candidate
/scratch16/pclancy3/victor/V-ST/convergence/kpts_D3_SOC/Bulk-NoSOC-D3-kPts_2.in,/scratch16/pclancy3/victor/V-ST/convergence/kpts_D3_SOC,Bulk-NoSOC-D3-kPts_2.in,.in,4797,scf,scf,60,2,sb2te3_convergence,,False,False,,,0,,False,,qe_input_template_candidate
/scratch16/pclancy3/victor/V-ST/convergence/kpts_D3_SOC/slurm-720583.out,/scratch16/pclancy3/victor/V-ST/convergence/kpts_D3_SOC,slurm-720583.out,.out,744,qe_output_unknown,,,,,,False,False,,,0,,False,,partial_or_unknown_qe_output
/scratch16/pclancy3/victor/V-ST/convergence/kpts_D3_SOC/Bulk-NoSOC-D3-kPts_2.out,/scratch16/pclancy3/victor/V-ST/convergence/kpts_D3_SOC,Bulk-NoSOC-D3-kPts_2.out,.out,95796,qe_output_unknown,,,,,,True,False,,-9653.33676837,1,,False,,completed_qe_output_candidate
/scratch16/pclancy3/victor/V-ST/convergence/kpts_D3_SOC/Bulk-NoSOC-D3-kPts_4.out,/scratch16/pclancy3/victor/V-ST/convergence/kpts_D3_SOC,Bulk-NoSOC-D3-kPts_4.out,.out,30155,qe_output_unknown,,,,,,False,False,,,0,,False,,partial_or_unknown_qe_output
/scratch16/pclancy3/victor/V-ST/convergence/kpts_D3_SOC/slurm-720534.out,/scratch16/pclancy3/victor/V-ST/convergence/kpts_D3_SOC,slurm-720534.out,.out,774,qe_output_unknown,,,,,,False,False,,,0,,False,,partial_or_unknown_qe_output
/scratch16/pclancy3/victor/V-ST/convergence/kpts_D3_SOC/Bulk-NoSOC-D3-kPts_4.in,/scratch16/pclancy3/victor/V-ST/convergence/kpts_D3_SOC,Bulk-NoSOC-D3-kPts_4.in,.in,4797,scf,scf,60,2,sb2te3_convergence,,False,False,,,0,,False,,qe_input_template_candidate
/scratch16/pclancy3/victor/V-ST/convergence/kpts_D3_SOC/Bulk-NoSOC-D3-kPts_1.in,/scratch16/pclancy3/victor/V-ST/convergence/kpts_D3_SOC,Bulk-NoSOC-D3-kPts_1.in,.in,4797,scf,scf,60,2,sb2te3_convergence,,False,False,,,0,,False,,qe_input_template_candidate
/scratch16/pclancy3/victor/V-ST/convergence/ecutwfc2/Bulk-NoSOC-NonREL-2K_48.out,/scratch16/pclancy3/victor/V-ST/convergence/ecutwfc2,Bulk-NoSOC-NonREL-2K_48.out,.out,27920,qe_output_unknown,,,,,,True,False,,-5393.36505363,1,,False,,completed_qe_output_candidate
/scratch16/pclancy3/victor/V-ST/convergence/ecutwfc2/Bulk-NoSOC-NonREL-2K_28.cif,/scratch16/pclancy3/victor/V-ST/convergence/ecutwfc2,Bulk-NoSOC-NonREL-2K_28.cif,.cif,3856,structure_or_other,,,,,,False,False,,,0,,False,,structure_candidate
/scratch16/pclancy3/victor/V-ST/convergence/ecutwfc2/Bulk-NoSOC-NonREL-2K_40.in,/scratch16/pclancy3/victor/V-ST/convergence/ecutwfc2,Bulk-NoSOC-NonREL-2K_40.in,.in,4512,scf,scf,60,2,sb2te3_convergence,,False,False,,,0,,False,,qe_input_template_candidate
/scratch16/pclancy3/victor/V-ST/convergence/ecutwfc2/Bulk-NoSOC-NonREL-2K_36.out,/scratch16/pclancy3/victor/V-ST/convergence/ecutwfc2,Bulk-NoSOC-NonREL-2K_36.out,.out,29542,qe_output_unknown,,,,,,True,False,,-5393.33612423,1,,False,,completed_qe_output_candidate
/scratch16/pclancy3/victor/V-ST/convergence/ecutwfc2/Bulk-NoSOC-NonREL-2K_36.in,/scratch16/pclancy3/victor/V-ST/convergence/ecutwfc2,Bulk-NoSOC-NonREL-2K_36.in,.in,4512,scf,scf,60,2,sb2te3_convergence,,False,False,,,0,,False,,qe_input_template_candidate
/scratch16/pclancy3/victor/V-ST/convergence/ecutwfc2/Bulk-NoSOC-NonREL-2K_44.in,/scratch16/pclancy3/victor/V-ST/convergence/ecutwfc2,Bulk-NoSOC-NonREL-2K_44.in,.in,4512,scf,scf,60,2,sb2te3_convergence,,False,False,,,0,,False,,qe_input_template_candidate
/scratch16/pclancy3/victor/V-ST/convergence/ecutwfc2/Bulk-NoSOC-NonREL-2K_32.in,/scratch16/pclancy3/victor/V-ST/convergence/ecutwfc2,Bulk-NoSOC-NonREL-2K_32.in,.in,4512,scf,scf,60,2,sb2te3_convergence,,False,False,,,0,,False,,qe_input_template_candidate
/scratch16/pclancy3/victor/V-ST/convergence/ecutwfc2/Bulk-NoSOC-NonREL-2K_24.in,/scratch16/pclancy3/victor/V-ST/convergence/ecutwfc2,Bulk-NoSOC-NonREL-2K_24.in,.in,4512,scf,scf,60,2,sb2te3_convergence,,False,False,,,0,,False,,qe_input_template_candidate
/scratch16/pclancy3/victor/V-ST/convergence/ecutwfc2/Bulk-NoSOC-NonREL-2K_44.out,/scratch16/pclancy3/victor/V-ST/convergence/ecutwfc2,Bulk-NoSOC-NonREL-2K_44.out,.out,30755,qe_output_unknown,,,,,,True,False,,-5393.35478674,1,,False,,completed_qe_output_candidate
/scratch16/pclancy3/victor/V-ST/convergence/ecutwfc2/slurm-627290.out,/scratch16/pclancy3/victor/V-ST/convergence/ecutwfc2,slurm-627290.out,.out,877,qe_output_unknown,,,,,,False,False,,-5393.37030200,8,,False,,partial_or_unknown_qe_output
/scratch16/pclancy3/victor/V-ST/convergence/ecutwfc2/slurm-627253.out,/scratch16/pclancy3/victor/V-ST/convergence/ecutwfc2,slurm-627253.out,.out,108,qe_output_unknown,,,,,,False,False,,,0,,False,,partial_or_unknown_qe_output
/scratch16/pclancy3/victor/V-ST/convergence/ecutwfc2/Bulk-NoSOC-NonREL-2K_48.in,/scratch16/pclancy3/victor/V-ST/convergence/ecutwfc2,Bulk-NoSOC-NonREL-2K_48.in,.in,4512,scf,scf,60,2,sb2te3_convergence,,False,False,,,0,,False,,qe_input_template_candidate
/scratch16/pclancy3/victor/V-ST/convergence/ecutwfc2/slurm-627114.out,/scratch16/pclancy3/victor/V-ST/convergence/ecutwfc2,slurm-627114.out,.out,1245,qe_output_unknown,,,,,,False,False,,,0,,False,,partial_or_unknown_qe_output
/scratch16/pclancy3/victor/V-ST/convergence/ecutwfc2/Bulk-NoSOC-NonREL-2K_28.xyz,/scratch16/pclancy3/victor/V-ST/convergence/ecutwfc2,Bulk-NoSOC-NonREL-2K_28.xyz,.xyz,3448,structure_or_other,,,,,,False,False,,,0,,False,,structure_candidate
/scratch16/pclancy3/victor/V-ST/convergence/ecutwfc2/Bulk-NoSOC-NonREL-2K_52.out,/scratch16/pclancy3/victor/V-ST/convergence/ecutwfc2,Bulk-NoSOC-NonREL-2K_52.out,.out,33275,qe_output_unknown,,,,,,True,False,,-5393.37030200,1,,False,,completed_qe_output_candidate
/scratch16/pclancy3/victor/V-ST/convergence/ecutwfc2/Bulk-NoSOC-NonREL-2K_52.in,/scratch16/pclancy3/victor/V-ST/convergence/ecutwfc2,Bulk-NoSOC-NonREL-2K_52.in,.in,4512,scf,scf,60,2,sb2te3_convergence,,False,False,,,0,,False,,qe_input_template_candidate
/scratch16/pclancy3/victor/V-ST/convergence/ecutwfc2/Bulk-NoSOC-NonREL-2K_40.out,/scratch16/pclancy3/victor/V-ST/convergence/ecutwfc2,Bulk-NoSOC-NonREL-2K_40.out,.out,26975,qe_output_unknown,,,,,,True,False,,-5393.34947570,1,,False,,completed_qe_output_candidate
/scratch16/pclancy3/victor/V-ST/convergence/ecutwfc2/Bulk-NoSOC-NonREL-2K_28.out,/scratch16/pclancy3/victor/V-ST/convergence/ecutwfc2,Bulk-NoSOC-NonREL-2K_28.out,.out,27967,qe_output_unknown,,,,,,True,False,,-5391.55674547,1,,False,,completed_qe_output_candidate
/scratch16/pclancy3/victor/V-ST/convergence/ecutwfc2/Bulk-NoSOC-NonREL-2K_32.out,/scratch16/pclancy3/victor/V-ST/convergence/ecutwfc2,Bulk-NoSOC-NonREL-2K_32.out,.out,28282,qe_output_unknown,,,,,,True,False,,-5393.09260833,1,,False,,completed_qe_output_candidate
/scratch16/pclancy3/victor/V-ST/convergence/ecutwfc2/Bulk-NoSOC-NonREL-2K_24.out,/scratch16/pclancy3/victor/V-ST/convergence/ecutwfc2,Bulk-NoSOC-NonREL-2K_24.out,.out,28597,qe_output_unknown,,,,,,True,False,,-5384.93913822,1,,False,,completed_qe_output_candidate
/scratch16/pclancy3/victor/V-ST/convergence/ecutwfc2/Bulk-NoSOC-NonREL-2K_28.in,/scratch16/pclancy3/victor/V-ST/convergence/ecutwfc2,Bulk-NoSOC-NonREL-2K_28.in,.in,4512,scf,scf,60,2,sb2te3_convergence,,False,False,,,0,,False,,qe_input_template_candidate
/scratch16/pclancy3/victor/V-ST/convergence/ecutrho/Bulk-NoSOC-NonREL-2K-ecutrho_100.out,/scratch16/pclancy3/victor/V-ST/convergence/ecutrho,Bulk-NoSOC-NonREL-2K-ecutrho_100.out,.out,29935,qe_output_unknown,,,,,,True,False,,-5391.70797360,1,,False,,completed_qe_output_candidate
/scratch16/pclancy3/victor/V-ST/convergence/ecutrho/Bulk-NoSOC-NonREL-2K-ecutrho_280.in,/scratch16/pclancy3/victor/V-ST/convergence/ecutrho,Bulk-NoSOC-NonREL-2K-ecutrho_280.in,.in,4531,scf,scf,60,2,sb2te3_convergence,,False,False,,,0,,False,,qe_input_template_candidate
/scratch16/pclancy3/victor/V-ST/convergence/ecutrho/Bulk-NoSOC-NonREL-2K-ecutrho_168.in,/scratch16/pclancy3/victor/V-ST/convergence/ecutrho,Bulk-NoSOC-NonREL-2K-ecutrho_168.in,.in,4531,scf,scf,60,2,sb2te3_convergence,,False,False,,,0,,False,,qe_input_template_candidate
/scratch16/pclancy3/victor/V-ST/convergence/ecutrho/Bulk-NoSOC-NonREL-2K-ecutrho_280.out,/scratch16/pclancy3/victor/V-ST/convergence/ecutrho,Bulk-NoSOC-NonREL-2K-ecutrho_280.out,.out,28063,qe_output_unknown,,,,,,True,False,,-5391.51348628,1,,False,,completed_qe_output_candidate
/scratch16/pclancy3/victor/V-ST/convergence/ecutrho/Bulk-NoSOC-NonREL-2K-ecutrho_80.out,/scratch16/pclancy3/victor/V-ST/convergence/ecutrho,Bulk-NoSOC-NonREL-2K-ecutrho_80.out,.out,28990,qe_output_unknown,,,,,,True,False,,-5393.02463181,1,,False,,completed_qe_output_candidate
/scratch16/pclancy3/victor/V-ST/convergence/ecutrho/Bulk-NoSOC-NonREL-2K-ecutrho_50.out,/scratch16/pclancy3/victor/V-ST/convergence/ecutrho,Bulk-NoSOC-NonREL-2K-ecutrho_50.out,.out,27730,qe_output_unknown,,,,,,True,False,,-5400.66205268,1,,False,,completed_qe_output_candidate
/scratch16/pclancy3/victor/V-ST/convergence/ecutrho/Bulk-NoSOC-NonREL-2K-ecutrho_224.out,/scratch16/pclancy3/victor/V-ST/convergence/ecutrho,Bulk-NoSOC-NonREL-2K-ecutrho_224.out,.out,28063,qe_output_unknown,,,,,,True,False,,-5391.51285997,1,,False,,completed_qe_output_candidate
/scratch16/pclancy3/victor/V-ST/convergence/ecutrho/Bulk-NoSOC-NonREL-2K-ecutrho_392.in,/scratch16/pclancy3/victor/V-ST/convergence/ecutrho,Bulk-NoSOC-NonREL-2K-ecutrho_392.in,.in,4531,scf,scf,60,2,sb2te3_convergence,,False,False,,,0,,False,,qe_input_template_candidate
/scratch16/pclancy3/victor/V-ST/convergence/ecutrho/Bulk-NoSOC-NonREL-2K-ecutrho_70.out,/scratch16/pclancy3/victor/V-ST/convergence/ecutrho,Bulk-NoSOC-NonREL-2K-ecutrho_70.out,.out,28360,qe_output_unknown,,,,,,True,False,,-5394.86332783,1,,False,,completed_qe_output_candidate
/scratch16/pclancy3/victor/V-ST/convergence/ecutrho/Bulk-NoSOC-NonREL-2K-ecutrho_50.in,/scratch16/pclancy3/victor/V-ST/convergence/ecutrho,Bulk-NoSOC-NonREL-2K-ecutrho_50.in,.in,4530,scf,scf,60,2,sb2te3_convergence,,False,False,,,0,,False,,qe_input_template_candidate
/scratch16/pclancy3/victor/V-ST/convergence/ecutrho/Bulk-NoSOC-NonREL-2K-ecutrho_336.in,/scratch16/pclancy3/victor/V-ST/convergence/ecutrho,Bulk-NoSOC-NonREL-2K-ecutrho_336.in,.in,4531,scf,scf,60,2,sb2te3_convergence,,False,False,,,0,,False,,qe_input_template_candidate
/scratch16/pclancy3/victor/V-ST/convergence/ecutrho/Bulk-NoSOC-NonREL-2K-ecutrho_90.in,/scratch16/pclancy3/victor/V-ST/convergence/ecutrho,Bulk-NoSOC-NonREL-2K-ecutrho_90.in,.in,4530,scf,scf,60,2,sb2te3_convergence,,False,False,,,0,,False,,qe_input_template_candidate
/scratch16/pclancy3/victor/V-ST/convergence/ecutrho/Bulk-NoSOC-NonREL-2K-ecutrho_224.in,/scratch16/pclancy3/victor/V-ST/convergence/ecutrho,Bulk-NoSOC-NonREL-2K-ecutrho_224.in,.in,4531,scf,scf,60,2,sb2te3_convergence,,False,False,,,0,,False,,qe_input_template_candidate
/scratch16/pclancy3/victor/V-ST/convergence/ecutrho/Bulk-NoSOC-NonREL-2K-ecutrho_90.out,/scratch16/pclancy3/victor/V-ST/convergence/ecutrho,Bulk-NoSOC-NonREL-2K-ecutrho_90.out,.out,29935,qe_output_unknown,,,,,,True,False,,-5392.12786228,1,,False,,completed_qe_output_candidate
/scratch16/pclancy3/victor/V-ST/convergence/ecutrho/Bulk-NoSOC-NonREL-2K-ecutrho_168.out,/scratch16/pclancy3/victor/V-ST/convergence/ecutrho,Bulk-NoSOC-NonREL-2K-ecutrho_168.out,.out,28378,qe_output_unknown,,,,,,True,False,,-5391.51283879,1,,False,,completed_qe_output_candidate
/scratch16/pclancy3/victor/V-ST/convergence/ecutrho/Bulk-NoSOC-NonREL-2K-ecutrho_100.in,/scratch16/pclancy3/victor/V-ST/convergence/ecutrho,Bulk-NoSOC-NonREL-2K-ecutrho_100.in,.in,4531,scf,scf,60,2,sb2te3_convergence,,False,False,,,0,,False,,qe_input_template_candidate
/scratch16/pclancy3/victor/V-ST/convergence/ecutrho/Bulk-NoSOC-NonREL-2K-ecutrho_40.in,/scratch16/pclancy3/victor/V-ST/convergence/ecutrho,Bulk-NoSOC-NonREL-2K-ecutrho_40.in,.in,4530,scf,scf,60,2,sb2te3_convergence,,False,False,,,0,,False,,qe_input_template_candidate
/scratch16/pclancy3/victor/V-ST/convergence/ecutrho/Bulk-NoSOC-NonREL-2K-ecutrho_60.out,/scratch16/pclancy3/victor/V-ST/convergence/ecutrho,Bulk-NoSOC-NonREL-2K-ecutrho_60.out,.out,29620,qe_output_unknown,,,,,,True,False,,-5397.57054279,1,,False,,completed_qe_output_candidate
/scratch16/pclancy3/victor/V-ST/convergence/ecutrho/Bulk-NoSOC-NonREL-2K-ecutrho_60.in,/scratch16/pclancy3/victor/V-ST/convergence/ecutrho,Bulk-NoSOC-NonREL-2K-ecutrho_60.in,.in,4530,scf,scf,60,2,sb2te3_convergence,,False,False,,,0,,False,,qe_input_template_candidate
/scratch16/pclancy3/victor/V-ST/convergence/ecutrho/Bulk-NoSOC-NonREL-2K-ecutrho_336.out,/scratch16/pclancy3/victor/V-ST/convergence/ecutrho,Bulk-NoSOC-NonREL-2K-ecutrho_336.out,.out,28693,qe_output_unknown,,,,,,True,False,,-5391.51307652,1,,False,,completed_qe_output_candidate
/scratch16/pclancy3/victor/V-ST/convergence/ecutrho/slurm-701095.out,/scratch16/pclancy3/victor/V-ST/convergence/ecutrho,slurm-701095.out,.out,828,qe_output_unknown,,,,,,False,False,,-5400.01141943,7,,False,,partial_or_unknown_qe_output
/scratch16/pclancy3/victor/V-ST/convergence/ecutrho/Bulk-NoSOC-NonREL-2K-ecutrho_112.in,/scratch16/pclancy3/victor/V-ST/convergence/ecutrho,Bulk-NoSOC-NonREL-2K-ecutrho_112.in,.in,4531,scf,scf,60,2,sb2te3_convergence,,False,False,,,0,,False,,qe_input_template_candidate
/scratch16/pclancy3/victor/V-ST/convergence/ecutrho/Bulk-NoSOC-NonREL-2K-ecutrho_112.out,/scratch16/pclancy3/victor/V-ST/convergence/ecutrho,Bulk-NoSOC-NonREL-2K-ecutrho_112.out,.out,27967,qe_output_unknown,,,,,,True,False,,-5391.55674547,1,,False,,completed_qe_output_candidate
/scratch16/pclancy3/victor/V-ST/convergence/ecutrho/Bulk-NoSOC-NonREL-2K-ecutrho_70.in,/scratch16/pclancy3/victor/V-ST/convergence/ecutrho,Bulk-NoSOC-NonREL-2K-ecutrho_70.in,.in,4530,scf,scf,60,2,sb2te3_convergence,,False,False,,,0,,False,,qe_input_template_candidate
/scratch16/pclancy3/victor/V-ST/convergence/ecutrho/Bulk-NoSOC-NonREL-2K-ecutrho_40.out,/scratch16/pclancy3/victor/V-ST/convergence/ecutrho,Bulk-NoSOC-NonREL-2K-ecutrho_40.out,.out,32336,qe_output_unknown,,,,,,True,False,,-5400.01141943,1,,False,,completed_qe_output_candidate
/scratch16/pclancy3/victor/V-ST/convergence/ecutrho/Bulk-NoSOC-NonREL-2K-ecutrho_80.in,/scratch16/pclancy3/victor/V-ST/convergence/ecutrho,Bulk-NoSOC-NonREL-2K-ecutrho_80.in,.in,4530,scf,scf,60,2,sb2te3_convergence,,False,False,,,0,,False,,qe_input_template_candidate
/scratch16/pclancy3/victor/V-ST/convergence/ecutrho/slurm-682252.out,/scratch16/pclancy3/victor/V-ST/convergence/ecutrho,slurm-682252.out,.out,719,qe_output_unknown,,,,,,False,False,,-5391.51294470,6,,False,,partial_or_unknown_qe_output
/scratch16/pclancy3/victor/V-ST/convergence/ecutrho/Bulk-NoSOC-NonREL-2K-ecutrho_392.out,/scratch16/pclancy3/victor/V-ST/convergence/ecutrho,Bulk-NoSOC-NonREL-2K-ecutrho_392.out,.out,28063,qe_output_unknown,,,,,,True,False,,-5391.51294470,1,,False,,completed_qe_output_candidate
/scratch16/pclancy3/victor/V-ST/charge4_tmi/slurm-14229333.out,/scratch16/pclancy3/victor/V-ST/charge4_tmi,slurm-14229333.out,.out,2169,qe_output_unknown,,,,,,False,False,,,0,,False,,partial_or_unknown_qe_output
/scratch16/pclancy3/victor/V-ST/charge4_tmi/slurm-14215345.out,/scratch16/pclancy3/victor/V-ST/charge4_tmi,slurm-14215345.out,.out,3310,qe_output_unknown,,,,,,False,False,,,0,,False,,partial_or_unknown_qe_output
/scratch16/pclancy3/victor/V-ST/charge4_tmi/slurm-14243710.out,/scratch16/pclancy3/victor/V-ST/charge4_tmi,slurm-14243710.out,.out,2169,qe_output_unknown,,,,,,False,False,,,0,,False,,partial_or_unknown_qe_output
/scratch16/pclancy3/victor/V-ST/charge4_tmi/V-TMi1_D3.in,/scratch16/pclancy3/victor/V-ST/charge4_tmi,V-TMi1_D3.in,.in,4501,relax,relax,61,3,interstitial_tmi1,,False,False,,,0,,False,,qe_input_template_candidate
/scratch16/pclancy3/victor/V-ST/charge4_tmi/V-TMi4_D3.out,/scratch16/pclancy3/victor/V-ST/charge4_tmi,V-TMi4_D3.out,.out,3997859,qe_output_unknown,,,,,,True,False,,-9798.22541337,41,,False,,completed_qe_output_candidate
/scratch16/pclancy3/victor/V-ST/charge4_tmi/slurm-14218530.out,/scratch16/pclancy3/victor/V-ST/charge4_tmi,slurm-14218530.out,.out,3393,qe_output_unknown,,,,,,False,False,,,0,,False,,partial_or_unknown_qe_output
/scratch16/pclancy3/victor/V-ST/charge4_tmi/slurm-14161342.out,/scratch16/pclancy3/victor/V-ST/charge4_tmi,slurm-14161342.out,.out,3309,qe_output_unknown,,,,,,False,False,,,0,,False,,partial_or_unknown_qe_output
/scratch16/pclancy3/victor/V-ST/charge4_tmi/V-TMi4_D3.in,/scratch16/pclancy3/victor/V-ST/charge4_tmi,V-TMi4_D3.in,.in,4501,relax,relax,61,3,interstitial_tmi4,,False,False,,,0,,False,,qe_input_template_candidate
/scratch16/pclancy3/victor/V-ST/charge4_tmi/V-TMi1_D3.out,/scratch16/pclancy3/victor/V-ST/charge4_tmi,V-TMi1_D3.out,.out,2526127,qe_output_unknown,,,,,,True,False,,-9798.25184086,26,,False,,completed_qe_output_candidate
/scratch16/pclancy3/victor/V-ST/charge4_tmi/V-TMi3_D3.in,/scratch16/pclancy3/victor/V-ST/charge4_tmi,V-TMi3_D3.in,.in,4501,relax,relax,61,3,interstitial_tmi3,,False,False,,,0,,False,,qe_input_template_candidate
/scratch16/pclancy3/victor/V-ST/charge4_tmi/slurm-14161345.out,/scratch16/pclancy3/victor/V-ST/charge4_tmi,slurm-14161345.out,.out,3310,qe_output_unknown,,,,,,False,False,,,0,,False,,partial_or_unknown_qe_output
/scratch16/pclancy3/victor/V-ST/charge4_tmi/slurm-14161344.out,/scratch16/pclancy3/victor/V-ST/charge4_tmi,slurm-14161344.out,.out,3310,qe_output_unknown,,,,,,False,False,,,0,,False,,partial_or_unknown_qe_output
/scratch16/pclancy3/victor/V-ST/charge4_tmi/slurm-14218475.out,/scratch16/pclancy3/victor/V-ST/charge4_tmi,slurm-14218475.out,.out,3602,qe_output_unknown,,,,,,False,False,,,0,,False,,partial_or_unknown_qe_output
/scratch16/pclancy3/victor/V-ST/charge4_tmi/slurm-14229331.out,/scratch16/pclancy3/victor/V-ST/charge4_tmi,slurm-14229331.out,.out,2169,qe_output_unknown,,,,,,False,False,,,0,,False,,partial_or_unknown_qe_output
/scratch16/pclancy3/victor/V-ST/charge4_tmi/slurm-14215347.out,/scratch16/pclancy3/victor/V-ST/charge4_tmi,slurm-14215347.out,.out,3310,qe_output_unknown,,,,,,False,False,,,0,,False,,partial_or_unknown_qe_output
/scratch16/pclancy3/victor/V-ST/charge4_tmi/slurm-14243711.out,/scratch16/pclancy3/victor/V-ST/charge4_tmi,slurm-14243711.out,.out,2169,qe_output_unknown,,,,,,False,False,,,0,,False,,partial_or_unknown_qe_output
/scratch16/pclancy3/victor/V-ST/charge4_tmi/slurm-14215348.out,/scratch16/pclancy3/victor/V-ST/charge4_tmi,slurm-14215348.out,.out,3309,qe_output_unknown,,,,,,False,False,,,0,,False,,partial_or_unknown_qe_output
/scratch16/pclancy3/victor/V-ST/charge4_tmi/slurm-14229332.out,/scratch16/pclancy3/victor/V-ST/charge4_tmi,slurm-14229332.out,.out,2169,qe_output_unknown,,,,,,False,False,,,0,,False,,partial_or_unknown_qe_output
/scratch16/pclancy3/victor/V-ST/charge4_tmi/slurm-14243708.out,/scratch16/pclancy3/victor/V-ST/charge4_tmi,slurm-14243708.out,.out,2169,qe_output_unknown,,,,,,False,False,,,0,,False,,partial_or_unknown_qe_output
/scratch16/pclancy3/victor/V-ST/charge4_tmi/slurm-14229334.out,/scratch16/pclancy3/victor/V-ST/charge4_tmi,slurm-14229334.out,.out,2169,qe_output_unknown,,,,,,False,False,,,0,,False,,partial_or_unknown_qe_output
/scratch16/pclancy3/victor/V-ST/charge4_tmi/slurm-14161343.out,/scratch16/pclancy3/victor/V-ST/charge4_tmi,slurm-14161343.out,.out,3309,qe_output_unknown,,,,,,False,False,,,0,,False,,partial_or_unknown_qe_output
/scratch16/pclancy3/victor/V-ST/charge4_tmi/V-TMi2_D3.out,/scratch16/pclancy3/victor/V-ST/charge4_tmi,V-TMi2_D3.out,.out,3131745,qe_output_unknown,,,,,,True,False,,-9798.23003285,32,,False,,completed_qe_output_candidate
/scratch16/pclancy3/victor/V-ST/charge4_tmi/test.out,/scratch16/pclancy3/victor/V-ST/charge4_tmi,test.out,.out,29,qe_output_unknown,,,,,,False,False,,,0,,False,,partial_or_unknown_qe_output
/scratch16/pclancy3/victor/V-ST/charge4_tmi/V-TMi2_D3.in,/scratch16/pclancy3/victor/V-ST/charge4_tmi,V-TMi2_D3.in,.in,4500,relax,relax,61,3,interstitial_tmi2,,False,False,,,0,,False,,qe_input_template_candidate
/scratch16/pclancy3/victor/V-ST/charge4_tmi/slurm-14243709.out,/scratch16/pclancy3/victor/V-ST/charge4_tmi,slurm-14243709.out,.out,2169,qe_output_unknown,,,,,,False,False,,,0,,False,,partial_or_unknown_qe_output
/scratch16/pclancy3/victor/V-ST/charge4_tmi/slurm-14218493.out,/scratch16/pclancy3/victor/V-ST/charge4_tmi,slurm-14218493.out,.out,3394,qe_output_unknown,,,,,,False,False,,,0,,False,,partial_or_unknown_qe_output
/scratch16/pclancy3/victor/V-ST/charge4_tmi/V-TMi3_D3.out,/scratch16/pclancy3/victor/V-ST/charge4_tmi,V-TMi3_D3.out,.out,4215769,qe_output_unknown,,,,,,False,False,,-9798.21111575,41,,False,,partial_or_unknown_qe_output
/scratch16/pclancy3/victor/V-ST/charge4_tmi/slurm-14215346.out,/scratch16/pclancy3/victor/V-ST/charge4_tmi,slurm-14215346.out,.out,3310,qe_output_unknown,,,,,,False,False,,,0,,False,,partial_or_unknown_qe_output
/scratch16/pclancy3/victor/V-ST/charge4_tmi/.test/slurm-14231905.out,/scratch16/pclancy3/victor/V-ST/charge4_tmi/.test,slurm-14231905.out,.out,1720,qe_output_unknown,,,,,,False,False,,,0,,False,,partial_or_unknown_qe_output
/scratch16/pclancy3/victor/V-ST/interstitial_D3_SOC/Sb2Te3_vcrelax_D3_nosym_k4.in,/scratch16/pclancy3/victor/V-ST/interstitial_D3_SOC,Sb2Te3_vcrelax_D3_nosym_k4.in,.in,4832,vc-relax,vc-relax,60,2,sb2te3_vcr,,False,False,,,0,,False,,qe_input_template_candidate
/scratch16/pclancy3/victor/V-ST/interstitial_D3_SOC/V-TMi2_D3_SOC.out,/scratch16/pclancy3/victor/V-ST/interstitial_D3_SOC,V-TMi2_D3_SOC.out,.out,3092904,qe_output_unknown,,,,,,False,False,,-9795.46159677,22,,False,,partial_or_unknown_qe_output
/scratch16/pclancy3/victor/V-ST/interstitial_D3_SOC/slurm-9356505.out,/scratch16/pclancy3/victor/V-ST/interstitial_D3_SOC,slurm-9356505.out,.out,2103,qe_output_unknown,,,,,,False,False,,,0,,False,,partial_or_unknown_qe_output
/scratch16/pclancy3/victor/V-ST/interstitial_D3_SOC/V-TMi2_D3_SOC.in,/scratch16/pclancy3/victor/V-ST/interstitial_D3_SOC,V-TMi2_D3_SOC.in,.in,4577,relax,relax,61,3,interstitial_tmi2,,False,False,,,0,,False,,qe_input_template_candidate
/scratch16/pclancy3/victor/V-ST/interstitial_D3_SOC/slurm-8576117.out,/scratch16/pclancy3/victor/V-ST/interstitial_D3_SOC,slurm-8576117.out,.out,2247,qe_output_unknown,,,,,,False,False,,,0,,False,,partial_or_unknown_qe_output
/scratch16/pclancy3/victor/V-ST/interstitial_D3_SOC/Sb2Te3_vcrelax_D3_sym.in,/scratch16/pclancy3/victor/V-ST/interstitial_D3_SOC,Sb2Te3_vcrelax_D3_sym.in,.in,4848,vc-relax,vc-relax,60,2,sb2te3_vcr,,False,False,,,0,,False,,qe_input_template_candidate
/scratch16/pclancy3/victor/V-ST/interstitial_D3_SOC/V-TMi4_D3_SOC_v2.out,/scratch16/pclancy3/victor/V-ST/interstitial_D3_SOC,V-TMi4_D3_SOC_v2.out,.out,6396928,qe_output_unknown,,,,,,False,False,,-9795.41611695,29,,False,,partial_or_unknown_qe_output
/scratch16/pclancy3/victor/V-ST/interstitial_D3_SOC/V-TMi3_D3.in,/scratch16/pclancy3/victor/V-ST/interstitial_D3_SOC,V-TMi3_D3.in,.in,4481,relax,relax,61,3,interstitial_tmi3,,False,False,,,0,,False,,qe_input_template_candidate
/scratch16/pclancy3/victor/V-ST/interstitial_D3_SOC/Sb2Te3_vcrelax_D3_SOC.in,/scratch16/pclancy3/victor/V-ST/interstitial_D3_SOC,Sb2Te3_vcrelax_D3_SOC.in,.in,4915,vc-relax,vc-relax,60,2,sb2te3_vcr,,False,False,,,0,,False,,qe_input_template_candidate
/scratch16/pclancy3/victor/V-ST/interstitial_D3_SOC/V-TMi1_D3_SOC.out,/scratch16/pclancy3/victor/V-ST/interstitial_D3_SOC,V-TMi1_D3_SOC.out,.out,3356089,qe_output_unknown,,,,,,True,False,,-9795.44080474,24,,False,,completed_qe_output_candidate
/scratch16/pclancy3/victor/V-ST/interstitial_D3_SOC/slurm-8438000.out,/scratch16/pclancy3/victor/V-ST/interstitial_D3_SOC,slurm-8438000.out,.out,2004,qe_output_unknown,,,,,,False,False,,,0,,False,,partial_or_unknown_qe_output
/scratch16/pclancy3/victor/V-ST/interstitial_D3_SOC/V-TMi4_D3_SOC.out,/scratch16/pclancy3/victor/V-ST/interstitial_D3_SOC,V-TMi4_D3_SOC.out,.out,181173,qe_output_unknown,,,,,,False,False,,-9795.25325978,1,,False,,partial_or_unknown_qe_output
/scratch16/pclancy3/victor/V-ST/interstitial_D3_SOC/V-TMi2_D3_SOC_v2.out,/scratch16/pclancy3/victor/V-ST/interstitial_D3_SOC,V-TMi2_D3_SOC_v2.out,.out,4483934,qe_output_unknown,,,,,,False,False,,-9795.46178876,29,,False,,partial_or_unknown_qe_output
/scratch16/pclancy3/victor/V-ST/interstitial_D3_SOC/slurm-9341534.out,/scratch16/pclancy3/victor/V-ST/interstitial_D3_SOC,slurm-9341534.out,.out,2103,qe_output_unknown,,,,,,False,False,,,0,,False,,partial_or_unknown_qe_output
/scratch16/pclancy3/victor/V-ST/interstitial_D3_SOC/V-TMi1+TMi4-vdW2_D3.in,/scratch16/pclancy3/victor/V-ST/interstitial_D3_SOC,V-TMi1+TMi4-vdW2_D3.in,.in,4537,relax,relax,62,3,interstitial_tmi1,,False,False,,,0,,False,,qe_input_template_candidate
/scratch16/pclancy3/victor/V-ST/interstitial_D3_SOC/V-TMi1_D3_SOC.in,/scratch16/pclancy3/victor/V-ST/interstitial_D3_SOC,V-TMi1_D3_SOC.in,.in,4578,relax,relax,61,3,interstitial_tmi1,,False,False,,,0,,False,,qe_input_template_candidate
/scratch16/pclancy3/victor/V-ST/interstitial_D3_SOC/Sb2Te3_vcrelax_D3_SOC.xyz,/scratch16/pclancy3/victor/V-ST/interstitial_D3_SOC,Sb2Te3_vcrelax_D3_SOC.xyz,.xyz,6629,structure_or_other,,,,,,False,False,,,0,,False,,structure_candidate
/scratch16/pclancy3/victor/V-ST/interstitial_D3_SOC/slurm-9739950.out,/scratch16/pclancy3/victor/V-ST/interstitial_D3_SOC,slurm-9739950.out,.out,2004,qe_output_unknown,,,,,,False,False,,,0,,False,,partial_or_unknown_qe_output
/scratch16/pclancy3/victor/V-ST/interstitial_D3_SOC/V-TMi1_Pos2.in,/scratch16/pclancy3/victor/V-ST/interstitial_D3_SOC,V-TMi1_Pos2.in,.in,4447,relax,relax,61,3,interstitial_tmi1_pos2,,False,False,,,0,,False,,qe_input_template_candidate
/scratch16/pclancy3/victor/V-ST/interstitial_D3_SOC/slurm-9341510.out,/scratch16/pclancy3/victor/V-ST/interstitial_D3_SOC,slurm-9341510.out,.out,2004,qe_output_unknown,,,,,,False,False,,,0,,False,,partial_or_unknown_qe_output
/scratch16/pclancy3/victor/V-ST/interstitial_D3_SOC/V-TMi4_D3_SOC.in,/scratch16/pclancy3/victor/V-ST/interstitial_D3_SOC,V-TMi4_D3_SOC.in,.in,4579,relax,relax,61,3,interstitial_tmi2,,False,False,,,0,,False,,qe_input_template_candidate
/scratch16/pclancy3/victor/V-ST/interstitial_D3_SOC/Sb2Te3_vcrelax_D3_sym_k4.in,/scratch16/pclancy3/victor/V-ST/interstitial_D3_SOC,Sb2Te3_vcrelax_D3_sym_k4.in,.in,4813,vc-relax,vc-relax,60,2,sb2te3_vcr,,False,False,,,0,,False,,qe_input_template_candidate
/scratch16/pclancy3/victor/V-ST/interstitial_D3_SOC/slurm-8576125.out,/scratch16/pclancy3/victor/V-ST/interstitial_D3_SOC,slurm-8576125.out,.out,2247,qe_output_unknown,,,,,,False,False,,,0,,False,,partial_or_unknown_qe_output
/scratch16/pclancy3/victor/V-ST/interstitial_D3_SOC/Sb2Te3_vcrelax_D3_SOC.out,/scratch16/pclancy3/victor/V-ST/interstitial_D3_SOC,Sb2Te3_vcrelax_D3_SOC.out,.out,2432569,qe_output_unknown,,,,,,True,False,,-9653.36481444,20,,False,,completed_qe_output_candidate
/scratch16/pclancy3/victor/V-ST/interstitial_D3_SOC/slurm-8576104.out,/scratch16/pclancy3/victor/V-ST/interstitial_D3_SOC,slurm-8576104.out,.out,2004,qe_output_unknown,,,,,,False,False,,,0,,False,,partial_or_unknown_qe_output
/scratch16/pclancy3/victor/V-ST/interstitial_D3_SOC/V-TMi1+2TMi4-vdW3_D3.in,/scratch16/pclancy3/victor/V-ST/interstitial_D3_SOC,V-TMi1+2TMi4-vdW3_D3.in,.in,4588,relax,relax,63,3,interstitial_tmi1,,False,False,,,0,,False,,qe_input_template_candidate
/scratch16/pclancy3/victor/V-ST/charge3_tmi/slurm-14229333.out,/scratch16/pclancy3/victor/V-ST/charge3_tmi,slurm-14229333.out,.out,2169,qe_output_unknown,,,,,,False,False,,,0,,False,,partial_or_unknown_qe_output
/scratch16/pclancy3/victor/V-ST/charge3_tmi/slurm-14215345.out,/scratch16/pclancy3/victor/V-ST/charge3_tmi,slurm-14215345.out,.out,3310,qe_output_unknown,,,,,,False,False,,,0,,False,,partial_or_unknown_qe_output
/scratch16/pclancy3/victor/V-ST/charge3_tmi/V-TMi1_D3.in,/scratch16/pclancy3/victor/V-ST/charge3_tmi,V-TMi1_D3.in,.in,4501,relax,relax,61,3,interstitial_tmi1,,False,False,,,0,,False,,qe_input_template_candidate
/scratch16/pclancy3/victor/V-ST/charge3_tmi/V-TMi4_D3.out,/scratch16/pclancy3/victor/V-ST/charge3_tmi,V-TMi4_D3.out,.out,2627991,qe_output_unknown,,,,,,True,False,,-9797.42022899,27,,False,,completed_qe_output_candidate
/scratch16/pclancy3/victor/V-ST/charge3_tmi/slurm-14218530.out,/scratch16/pclancy3/victor/V-ST/charge3_tmi,slurm-14218530.out,.out,3393,qe_output_unknown,,,,,,False,False,,,0,,False,,partial_or_unknown_qe_output
/scratch16/pclancy3/victor/V-ST/charge3_tmi/slurm-14161342.out,/scratch16/pclancy3/victor/V-ST/charge3_tmi,slurm-14161342.out,.out,3309,qe_output_unknown,,,,,,False,False,,,0,,False,,partial_or_unknown_qe_output
/scratch16/pclancy3/victor/V-ST/charge3_tmi/V-TMi4_D3.in,/scratch16/pclancy3/victor/V-ST/charge3_tmi,V-TMi4_D3.in,.in,4501,relax,relax,61,3,interstitial_tmi4,,False,False,,,0,,False,,qe_input_template_candidate
/scratch16/pclancy3/victor/V-ST/charge3_tmi/V-TMi1_D3.out,/scratch16/pclancy3/victor/V-ST/charge3_tmi,V-TMi1_D3.out,.out,2513428,qe_output_unknown,,,,,,True,False,,-9797.45495940,26,,False,,completed_qe_output_candidate
/scratch16/pclancy3/victor/V-ST/charge3_tmi/V-TMi3_D3.in,/scratch16/pclancy3/victor/V-ST/charge3_tmi,V-TMi3_D3.in,.in,4501,relax,relax,61,3,interstitial_tmi3,,False,False,,,0,,False,,qe_input_template_candidate
/scratch16/pclancy3/victor/V-ST/charge3_tmi/slurm-14161345.out,/scratch16/pclancy3/victor/V-ST/charge3_tmi,slurm-14161345.out,.out,3310,qe_output_unknown,,,,,,False,False,,,0,,False,,partial_or_unknown_qe_output
/scratch16/pclancy3/victor/V-ST/charge3_tmi/slurm-14161344.out,/scratch16/pclancy3/victor/V-ST/charge3_tmi,slurm-14161344.out,.out,3310,qe_output_unknown,,,,,,False,False,,,0,,False,,partial_or_unknown_qe_output
/scratch16/pclancy3/victor/V-ST/charge3_tmi/slurm-14218475.out,/scratch16/pclancy3/victor/V-ST/charge3_tmi,slurm-14218475.out,.out,3602,qe_output_unknown,,,,,,False,False,,,0,,False,,partial_or_unknown_qe_output
/scratch16/pclancy3/victor/V-ST/charge3_tmi/slurm-14229331.out,/scratch16/pclancy3/victor/V-ST/charge3_tmi,slurm-14229331.out,.out,2169,qe_output_unknown,,,,,,False,False,,,0,,False,,partial_or_unknown_qe_output
/scratch16/pclancy3/victor/V-ST/charge3_tmi/slurm-14215347.out,/scratch16/pclancy3/victor/V-ST/charge3_tmi,slurm-14215347.out,.out,3310,qe_output_unknown,,,,,,False,False,,,0,,False,,partial_or_unknown_qe_output
/scratch16/pclancy3/victor/V-ST/charge3_tmi/slurm-14215348.out,/scratch16/pclancy3/victor/V-ST/charge3_tmi,slurm-14215348.out,.out,3309,qe_output_unknown,,,,,,False,False,,,0,,False,,partial_or_unknown_qe_output
/scratch16/pclancy3/victor/V-ST/charge3_tmi/slurm-14229332.out,/scratch16/pclancy3/victor/V-ST/charge3_tmi,slurm-14229332.out,.out,2169,qe_output_unknown,,,,,,False,False,,,0,,False,,partial_or_unknown_qe_output
/scratch16/pclancy3/victor/V-ST/charge3_tmi/slurm-14229334.out,/scratch16/pclancy3/victor/V-ST/charge3_tmi,slurm-14229334.out,.out,2169,qe_output_unknown,,,,,,False,False,,,0,,False,,partial_or_unknown_qe_output
/scratch16/pclancy3/victor/V-ST/charge3_tmi/slurm-14161343.out,/scratch16/pclancy3/victor/V-ST/charge3_tmi,slurm-14161343.out,.out,3309,qe_output_unknown,,,,,,False,False,,,0,,False,,partial_or_unknown_qe_output
/scratch16/pclancy3/victor/V-ST/charge3_tmi/V-TMi2_D3.out,/scratch16/pclancy3/victor/V-ST/charge3_tmi,V-TMi2_D3.out,.out,4877712,qe_output_unknown,,,,,,False,False,,-9797.44021610,41,,False,,partial_or_unknown_qe_output
/scratch16/pclancy3/victor/V-ST/charge3_tmi/test.out,/scratch16/pclancy3/victor/V-ST/charge3_tmi,test.out,.out,29,qe_output_unknown,,,,,,False,False,,,0,,False,,partial_or_unknown_qe_output
/scratch16/pclancy3/victor/V-ST/charge3_tmi/V-TMi2_D3.in,/scratch16/pclancy3/victor/V-ST/charge3_tmi,V-TMi2_D3.in,.in,4500,relax,relax,61,3,interstitial_tmi2,,False,False,,,0,,False,,qe_input_template_candidate
/scratch16/pclancy3/victor/V-ST/charge3_tmi/slurm-14218493.out,/scratch16/pclancy3/victor/V-ST/charge3_tmi,slurm-14218493.out,.out,3394,qe_output_unknown,,,,,,False,False,,,0,,False,,partial_or_unknown_qe_output
/scratch16/pclancy3/victor/V-ST/charge3_tmi/V-TMi3_D3.out,/scratch16/pclancy3/victor/V-ST/charge3_tmi,V-TMi3_D3.out,.out,4224469,qe_output_unknown,,,,,,False,False,,-9797.41583906,41,,False,,partial_or_unknown_qe_output
/scratch16/pclancy3/victor/V-ST/charge3_tmi/slurm-14215346.out,/scratch16/pclancy3/victor/V-ST/charge3_tmi,slurm-14215346.out,.out,3310,qe_output_unknown,,,,,,False,False,,,0,,False,,partial_or_unknown_qe_output
/scratch16/pclancy3/victor/V-ST/charge3_tmi/.test/slurm-14259131.out,/scratch16/pclancy3/victor/V-ST/charge3_tmi/.test,slurm-14259131.out,.out,1720,qe_output_unknown,,,,,,False,False,,,0,,False,,partial_or_unknown_qe_output
/scratch16/pclancy3/victor/V-ST/neb/slurm-1192840.out,/scratch16/pclancy3/victor/V-ST/neb,slurm-1192840.out,.out,2240,qe_output_unknown,,,,,,False,False,,,0,,False,,partial_or_unknown_qe_output
/scratch16/pclancy3/victor/V-ST/neb/V1-Bands-SCF.in,/scratch16/pclancy3/victor/V-ST/neb,V1-Bands-SCF.in,.in,4391,scf,scf,61,3,v-sb2te3_bands,,False,False,,,0,,False,,qe_input_template_candidate
/scratch16/pclancy3/victor/V-ST/neb/pw_2.in,/scratch16/pclancy3/victor/V-ST/neb,pw_2.in,.in,4164,qe_input_unknown,,61,3,v-sb2te3,,False,False,,,0,,False,,qe_input_template_candidate
/scratch16/pclancy3/victor/V-ST/neb/neb.out,/scratch16/pclancy3/victor/V-ST/neb,neb.out,.out,2393,neb,,,,,5,False,False,,,0,,False,20.1492,neb_needs_input_or_restart_review
/scratch16/pclancy3/victor/V-ST/neb/V-TMi1_Pos2.xyz,/scratch16/pclancy3/victor/V-ST/neb,V-TMi1_Pos2.xyz,.xyz,6623,structure_or_other,,,,,,False,False,,,0,,False,,structure_candidate
/scratch16/pclancy3/victor/V-ST/neb/neb.in,/scratch16/pclancy3/victor/V-ST/neb,neb.in,.in,8359,neb,,61,3,v-sb2te3,5,False,False,,,0,,False,,neb_needs_input_or_restart_review
/scratch16/pclancy3/victor/V-ST/neb/pw_1.in,/scratch16/pclancy3/victor/V-ST/neb,pw_1.in,.in,4164,qe_input_unknown,,61,3,v-sb2te3,,False,False,,,0,,False,,qe_input_template_candidate
/scratch16/pclancy3/victor/V-ST/neb/out/v-sb2te3_2/PW.out,/scratch16/pclancy3/victor/V-ST/neb/out/v-sb2te3_2,PW.out,.out,25953,qe_output_unknown,,,,,,False,False,,,0,,False,,partial_or_unknown_qe_output
/scratch16/pclancy3/victor/V-ST/neb/out/v-sb2te3_1/PW.out,/scratch16/pclancy3/victor/V-ST/neb/out/v-sb2te3_1,PW.out,.out,93672,qe_output_unknown,,,,,,False,False,,-5538.33611229,1,,False,,partial_or_unknown_qe_output
/scratch16/pclancy3/victor/V-ST/bands_smearing/bands_1dopant_ql_tmi2/V1_QL-Bands-NSCF.out,/scratch16/pclancy3/victor/V-ST/bands_smearing/bands_1dopant_ql_tmi2,V1_QL-Bands-NSCF.out,.out,353112,qe_output_unknown,,,,,,True,False,,,0,,False,,completed_qe_output_candidate
/scratch16/pclancy3/victor/V-ST/bands_smearing/bands_1dopant_ql_tmi2/slurm-1172644.out,/scratch16/pclancy3/victor/V-ST/bands_smearing/bands_1dopant_ql_tmi2,slurm-1172644.out,.out,19976,qe_output_unknown,,,,,,False,False,,,0,,False,,partial_or_unknown_qe_output
/scratch16/pclancy3/victor/V-ST/bands_smearing/bands_1dopant_ql_tmi2/V1_QL-Bands-SCF.out,/scratch16/pclancy3/victor/V-ST/bands_smearing/bands_1dopant_ql_tmi2,V1_QL-Bands-SCF.out,.out,473747,qe_output_unknown,,,,,,True,False,,-5538.36867107,1,,False,,completed_qe_output_candidate
/scratch16/pclancy3/victor/V-ST/bands_smearing/bands_1dopant_ql_tmi2/V-TMi2.xyz,/scratch16/pclancy3/victor/V-ST/bands_smearing/bands_1dopant_ql_tmi2,V-TMi2.xyz,.xyz,6621,structure_or_other,,,,,,False,False,,,0,,False,,structure_candidate
/scratch16/pclancy3/victor/V-ST/bands_smearing/bands_1dopant_ql_tmi2/V-TMi2.in,/scratch16/pclancy3/victor/V-ST/bands_smearing/bands_1dopant_ql_tmi2,V-TMi2.in,.in,4421,relax,relax,61,3,interstitial_tmi2,,False,False,,,0,,False,,qe_input_template_candidate
/scratch16/pclancy3/victor/V-ST/bands_smearing/bands_1dopant_ql_tmi2/V1_QL-Bands-SCF.in,/scratch16/pclancy3/victor/V-ST/bands_smearing/bands_1dopant_ql_tmi2,V1_QL-Bands-SCF.in,.in,4438,scf,scf,61,3,v-sb2te3_bands,,False,False,,,0,,False,,qe_input_template_candidate
/scratch16/pclancy3/victor/V-ST/bands_smearing/bands_1dopant_ql_tmi2/slurm-1172664.out,/scratch16/pclancy3/victor/V-ST/bands_smearing/bands_1dopant_ql_tmi2,slurm-1172664.out,.out,2120,qe_output_unknown,,,,,,False,False,,,0,,False,,partial_or_unknown_qe_output
/scratch16/pclancy3/victor/V-ST/bands_smearing/bands_1dopant_ql_tmi2/slurm-1172657.out,/scratch16/pclancy3/victor/V-ST/bands_smearing/bands_1dopant_ql_tmi2,slurm-1172657.out,.out,15539,qe_output_unknown,,,,,,False,False,,,0,,False,,partial_or_unknown_qe_output
/scratch16/pclancy3/victor/V-ST/bands_smearing/bands_1dopant_ql_tmi2/slurm-1172402.out,/scratch16/pclancy3/victor/V-ST/bands_smearing/bands_1dopant_ql_tmi2,slurm-1172402.out,.out,2441,qe_output_unknown,,,,,,False,False,,,0,,False,,partial_or_unknown_qe_output
/scratch16/pclancy3/victor/V-ST/bands_smearing/bands_1dopant_ql_tmi2/slurm-1172452.out,/scratch16/pclancy3/victor/V-ST/bands_smearing/bands_1dopant_ql_tmi2,slurm-1172452.out,.out,9485,qe_output_unknown,,,,,,False,False,,,0,,False,,partial_or_unknown_qe_output
/scratch16/pclancy3/victor/V-ST/bands_smearing/bands_1dopant_ql_tmi2/V1_QL-Bands.out,/scratch16/pclancy3/victor/V-ST/bands_smearing/bands_1dopant_ql_tmi2,V1_QL-Bands.out,.out,1796329,qe_output_unknown,,,,,,True,False,,,0,,False,,completed_qe_output_candidate
/scratch16/pclancy3/victor/V-ST/bands_smearing/bands_1dopant_ql_tmi2/V1_QL-Bands.in,/scratch16/pclancy3/victor/V-ST/bands_smearing/bands_1dopant_ql_tmi2,V1_QL-Bands.in,.in,80,qe_input_unknown,,,,v-sb2te3_bands,,False,False,,,0,,False,,qe_input_template_candidate
/scratch16/pclancy3/victor/V-ST/bands_smearing/bands_1dopant_ql_tmi2/V1_QL-Bands-NSCF.in,/scratch16/pclancy3/victor/V-ST/bands_smearing/bands_1dopant_ql_tmi2,V1_QL-Bands-NSCF.in,.in,4799,bands,bands,61,3,v-sb2te3_bands,,False,False,,,0,,False,,qe_input_template_candidate
/scratch16/pclancy3/victor/V-ST/bands_smearing/bands_2dopant_gap/V2-Bands.in,/scratch16/pclancy3/victor/V-ST/bands_smearing/bands_2dopant_gap,V2-Bands.in,.in,81,qe_input_unknown,,,,v2-sb2te3_bands,,False,False,,,0,,False,,qe_input_template_candidate
/scratch16/pclancy3/victor/V-ST/bands_smearing/bands_2dopant_gap/slurm-1175809.out,/scratch16/pclancy3/victor/V-ST/bands_smearing/bands_2dopant_gap,slurm-1175809.out,.out,2324,qe_output_unknown,,,,,,False,False,,,0,,False,,partial_or_unknown_qe_output
/scratch16/pclancy3/victor/V-ST/bands_smearing/bands_2dopant_gap/V-TMi1+TMi4-vdW2.xyz,/scratch16/pclancy3/victor/V-ST/bands_smearing/bands_2dopant_gap,V-TMi1+TMi4-vdW2.xyz,.xyz,6728,structure_or_other,,,,,,False,False,,,0,,False,,structure_candidate
/scratch16/pclancy3/victor/V-ST/bands_smearing/bands_2dopant_gap/V2-Bands-SCF.out,/scratch16/pclancy3/victor/V-ST/bands_smearing/bands_2dopant_gap,V2-Bands-SCF.out,.out,55546,qe_output_unknown,,,,,,False,False,,,0,,False,,partial_or_unknown_qe_output
/scratch16/pclancy3/victor/V-ST/bands_smearing/bands_2dopant_gap/slurm-1175967.out,/scratch16/pclancy3/victor/V-ST/bands_smearing/bands_2dopant_gap,slurm-1175967.out,.out,2211,qe_output_unknown,,,,,,False,False,,,0,,False,,partial_or_unknown_qe_output
/scratch16/pclancy3/victor/V-ST/bands_smearing/bands_2dopant_gap/V2-Bands-NSCF.out,/scratch16/pclancy3/victor/V-ST/bands_smearing/bands_2dopant_gap,V2-Bands-NSCF.out,.out,13774,qe_output_unknown,,,,,,False,True,%%%%%%%%;error in routine;stopping,,0,,False,,quarantine_or_restart_review
/scratch16/pclancy3/victor/V-ST/bands_smearing/bands_2dopant_gap/slurm-1175915.out,/scratch16/pclancy3/victor/V-ST/bands_smearing/bands_2dopant_gap,slurm-1175915.out,.out,2525,qe_output_unknown,,,,,,False,False,,,0,,False,,partial_or_unknown_qe_output
/scratch16/pclancy3/victor/V-ST/bands_smearing/bands_2dopant_gap/slurm-1172973.out,/scratch16/pclancy3/victor/V-ST/bands_smearing/bands_2dopant_gap,slurm-1172973.out,.out,2630,qe_output_unknown,,,,,,False,False,,,0,,False,,partial_or_unknown_qe_output
/scratch16/pclancy3/victor/V-ST/bands_smearing/bands_2dopant_gap/V2-Bands.out,/scratch16/pclancy3/victor/V-ST/bands_smearing/bands_2dopant_gap,V2-Bands.out,.out,13259,qe_output_unknown,,,,,,False,True,%%%%%%%%;error in routine;stopping,,0,,False,,quarantine_or_restart_review
/scratch16/pclancy3/victor/V-ST/bands_smearing/bands_2dopant_gap/V2-Bands-SCF.in,/scratch16/pclancy3/victor/V-ST/bands_smearing/bands_2dopant_gap,V2-Bands-SCF.in,.in,4470,scf,scf,62,3,v2-sb2te3_bands,,False,False,,,0,,False,,qe_input_template_candidate
/scratch16/pclancy3/victor/V-ST/bands_smearing/bands_2dopant_gap/V2-Bands-NSCF.in,/scratch16/pclancy3/victor/V-ST/bands_smearing/bands_2dopant_gap,V2-Bands-NSCF.in,.in,4832,bands,bands,62,3,v2-sb2te3_bands,,False,False,,,0,,False,,qe_input_template_candidate
/scratch16/pclancy3/victor/V-ST/bands_smearing/bands_2dopant_gap/V-TMi1+TMi4-vdW2.in,/scratch16/pclancy3/victor/V-ST/bands_smearing/bands_2dopant_gap,V-TMi1+TMi4-vdW2.in,.in,4494,relax,relax,62,3,interstitial_tmi1,,False,False,,,0,,False,,qe_input_template_candidate
/scratch16/pclancy3/victor/V-ST/bands_smearing/bands_1dopant_gap/slurm-1106504.out,/scratch16/pclancy3/victor/V-ST/bands_smearing/bands_1dopant_gap,slurm-1106504.out,.out,2834,qe_output_unknown,,,,,,False,False,,,0,,False,,partial_or_unknown_qe_output
/scratch16/pclancy3/victor/V-ST/bands_smearing/bands_1dopant_gap/slurm-1108899.out,/scratch16/pclancy3/victor/V-ST/bands_smearing/bands_1dopant_gap,slurm-1108899.out,.out,3035,qe_output_unknown,,,,,,False,False,,,0,,False,,partial_or_unknown_qe_output
/scratch16/pclancy3/victor/V-ST/bands_smearing/bands_1dopant_gap/V1-Bands.out,/scratch16/pclancy3/victor/V-ST/bands_smearing/bands_1dopant_gap,V1-Bands.out,.out,1059777,qe_output_unknown,,,,,,True,False,,,0,,False,,completed_qe_output_candidate
/scratch16/pclancy3/victor/V-ST/bands_smearing/bands_1dopant_gap/V1-Bands-SCF.in,/scratch16/pclancy3/victor/V-ST/bands_smearing/bands_1dopant_gap,V1-Bands-SCF.in,.in,4391,scf,scf,61,3,v-sb2te3_bands,,False,False,,,0,,False,,qe_input_template_candidate
/scratch16/pclancy3/victor/V-ST/bands_smearing/bands_1dopant_gap/slurm-1164542.out,/scratch16/pclancy3/victor/V-ST/bands_smearing/bands_1dopant_gap,slurm-1164542.out,.out,2831,qe_output_unknown,,,,,,False,False,,,0,,False,,partial_or_unknown_qe_output
/scratch16/pclancy3/victor/V-ST/bands_smearing/bands_1dopant_gap/slurm-1107306.out,/scratch16/pclancy3/victor/V-ST/bands_smearing/bands_1dopant_gap,slurm-1107306.out,.out,3032,qe_output_unknown,,,,,,False,False,,,0,,False,,partial_or_unknown_qe_output
/scratch16/pclancy3/victor/V-ST/bands_smearing/bands_1dopant_gap/slurm-1166381.out,/scratch16/pclancy3/victor/V-ST/bands_smearing/bands_1dopant_gap,slurm-1166381.out,.out,2933,qe_output_unknown,,,,,,False,False,,,0,,False,,partial_or_unknown_qe_output
/scratch16/pclancy3/victor/V-ST/bands_smearing/bands_1dopant_gap/V1-Bands-SCF.out,/scratch16/pclancy3/victor/V-ST/bands_smearing/bands_1dopant_gap,V1-Bands-SCF.out,.out,474165,qe_output_unknown,,,,,,True,False,,-5538.34723713,1,,False,,completed_qe_output_candidate
/scratch16/pclancy3/victor/V-ST/bands_smearing/bands_1dopant_gap/slurm-1169538.out,/scratch16/pclancy3/victor/V-ST/bands_smearing/bands_1dopant_gap,slurm-1169538.out,.out,2729,qe_output_unknown,,,,,,False,False,,,0,,False,,partial_or_unknown_qe_output
/scratch16/pclancy3/victor/V-ST/bands_smearing/bands_1dopant_gap/slurm-1168187.out,/scratch16/pclancy3/victor/V-ST/bands_smearing/bands_1dopant_gap,slurm-1168187.out,.out,2729,qe_output_unknown,,,,,,False,False,,,0,,False,,partial_or_unknown_qe_output
/scratch16/pclancy3/victor/V-ST/bands_smearing/bands_1dopant_gap/slurm-1106471.out,/scratch16/pclancy3/victor/V-ST/bands_smearing/bands_1dopant_gap,slurm-1106471.out,.out,2423,qe_output_unknown,,,,,,False,False,,,0,,False,,partial_or_unknown_qe_output
/scratch16/pclancy3/victor/V-ST/bands_smearing/bands_1dopant_gap/V1-Bands-NSCF.out,/scratch16/pclancy3/victor/V-ST/bands_smearing/bands_1dopant_gap,V1-Bands-NSCF.out,.out,355674,qe_output_unknown,,,,,,True,False,,,0,,False,,completed_qe_output_candidate
/scratch16/pclancy3/victor/V-ST/bands_smearing/bands_1dopant_gap/slurm-1107107.out,/scratch16/pclancy3/victor/V-ST/bands_smearing/bands_1dopant_gap,slurm-1107107.out,.out,2420,qe_output_unknown,,,,,,False,False,,,0,,False,,partial_or_unknown_qe_output
/scratch16/pclancy3/victor/V-ST/bands_smearing/bands_1dopant_gap/slurm-1172344.out,/scratch16/pclancy3/victor/V-ST/bands_smearing/bands_1dopant_gap,slurm-1172344.out,.out,2120,qe_output_unknown,,,,,,False,False,,,0,,False,,partial_or_unknown_qe_output
/scratch16/pclancy3/victor/V-ST/bands_smearing/bands_1dopant_gap/slurm-1170287.out,/scratch16/pclancy3/victor/V-ST/bands_smearing/bands_1dopant_gap,slurm-1170287.out,.out,2930,qe_output_unknown,,,,,,False,False,,,0,,False,,partial_or_unknown_qe_output
/scratch16/pclancy3/victor/V-ST/bands_smearing/bands_1dopant_gap/V1-Bands.in,/scratch16/pclancy3/victor/V-ST/bands_smearing/bands_1dopant_gap,V1-Bands.in,.in,80,qe_input_unknown,,,,v-sb2te3_bands,,False,False,,,0,,False,,qe_input_template_candidate
/scratch16/pclancy3/victor/V-ST/bands_smearing/bands_1dopant_gap/slurm-1106466.out,/scratch16/pclancy3/victor/V-ST/bands_smearing/bands_1dopant_gap,slurm-1106466.out,.out,2930,qe_output_unknown,,,,,,False,False,,,0,,False,,partial_or_unknown_qe_output
/scratch16/pclancy3/victor/V-ST/bands_smearing/bands_1dopant_gap/slurm-1172129.out,/scratch16/pclancy3/victor/V-ST/bands_smearing/bands_1dopant_gap,slurm-1172129.out,.out,2211,qe_output_unknown,,,,,,False,False,,,0,,False,,partial_or_unknown_qe_output
/scratch16/pclancy3/victor/V-ST/bands_smearing/bands_1dopant_gap/slurm-1170162.out,/scratch16/pclancy3/victor/V-ST/bands_smearing/bands_1dopant_gap,slurm-1170162.out,.out,2528,qe_output_unknown,,,,,,False,False,,,0,,False,,partial_or_unknown_qe_output
/scratch16/pclancy3/victor/V-ST/bands_smearing/bands_1dopant_gap/V1-Bands-NSCF.in,/scratch16/pclancy3/victor/V-ST/bands_smearing/bands_1dopant_gap,V1-Bands-NSCF.in,.in,4750,bands,bands,61,3,v-sb2te3_bands,,False,False,,,0,,False,,qe_input_template_candidate
/scratch16/pclancy3/victor/V-ST/bands_smearing/bands_1dopant_gap/slurm-1107916.out,/scratch16/pclancy3/victor/V-ST/bands_smearing/bands_1dopant_gap,slurm-1107916.out,.out,2525,qe_output_unknown,,,,,,False,False,,,0,,False,,partial_or_unknown_qe_output
/scratch16/pclancy3/victor/V-ST/bands_smearing/bands_2dopant_gap_copy/V2-Bands.in,/scratch16/pclancy3/victor/V-ST/bands_smearing/bands_2dopant_gap_copy,V2-Bands.in,.in,81,qe_input_unknown,,,,v2-sb2te3_bands,,False,False,,,0,,False,,qe_input_template_candidate
/scratch16/pclancy3/victor/V-ST/bands_smearing/bands_2dopant_gap_copy/slurm-1175809.out,/scratch16/pclancy3/victor/V-ST/bands_smearing/bands_2dopant_gap_copy,slurm-1175809.out,.out,2324,qe_output_unknown,,,,,,False,False,,,0,,False,,partial_or_unknown_qe_output
/scratch16/pclancy3/victor/V-ST/bands_smearing/bands_2dopant_gap_copy/slurm-1179737.out,/scratch16/pclancy3/victor/V-ST/bands_smearing/bands_2dopant_gap_copy,slurm-1179737.out,.out,2120,qe_output_unknown,,,,,,False,False,,,0,,False,,partial_or_unknown_qe_output
/scratch16/pclancy3/victor/V-ST/bands_smearing/bands_2dopant_gap_copy/V-TMi1+TMi4-vdW2.xyz,/scratch16/pclancy3/victor/V-ST/bands_smearing/bands_2dopant_gap_copy,V-TMi1+TMi4-vdW2.xyz,.xyz,6728,structure_or_other,,,,,,False,False,,,0,,False,,structure_candidate
/scratch16/pclancy3/victor/V-ST/bands_smearing/bands_2dopant_gap_copy/V2-Bands-SCF.out,/scratch16/pclancy3/victor/V-ST/bands_smearing/bands_2dopant_gap_copy,V2-Bands-SCF.out,.out,412922,qe_output_unknown,,,,,,True,False,,-5683.37384655,1,,False,,completed_qe_output_candidate
/scratch16/pclancy3/victor/V-ST/bands_smearing/bands_2dopant_gap_copy/slurm-1175967.out,/scratch16/pclancy3/victor/V-ST/bands_smearing/bands_2dopant_gap_copy,slurm-1175967.out,.out,1975,qe_output_unknown,,,,,,False,False,,,0,,False,,partial_or_unknown_qe_output
/scratch16/pclancy3/victor/V-ST/bands_smearing/bands_2dopant_gap_copy/V2-Bands-NSCF.out,/scratch16/pclancy3/victor/V-ST/bands_smearing/bands_2dopant_gap_copy,V2-Bands-NSCF.out,.out,357395,qe_output_unknown,,,,,,True,False,,,0,,False,,completed_qe_output_candidate
/scratch16/pclancy3/victor/V-ST/bands_smearing/bands_2dopant_gap_copy/slurm-1175915.out,/scratch16/pclancy3/victor/V-ST/bands_smearing/bands_2dopant_gap_copy,slurm-1175915.out,.out,2525,qe_output_unknown,,,,,,False,False,,,0,,False,,partial_or_unknown_qe_output
/scratch16/pclancy3/victor/V-ST/bands_smearing/bands_2dopant_gap_copy/slurm-1172973.out,/scratch16/pclancy3/victor/V-ST/bands_smearing/bands_2dopant_gap_copy,slurm-1172973.out,.out,2630,qe_output_unknown,,,,,,False,False,,,0,,False,,partial_or_unknown_qe_output
/scratch16/pclancy3/victor/V-ST/bands_smearing/bands_2dopant_gap_copy/V2-Bands.out,/scratch16/pclancy3/victor/V-ST/bands_smearing/bands_2dopant_gap_copy,V2-Bands.out,.out,2109284,qe_output_unknown,,,,,,True,False,,,0,,False,,completed_qe_output_candidate
/scratch16/pclancy3/victor/V-ST/bands_smearing/bands_2dopant_gap_copy/V2-Bands-SCF.in,/scratch16/pclancy3/victor/V-ST/bands_smearing/bands_2dopant_gap_copy,V2-Bands-SCF.in,.in,4470,scf,scf,62,3,v2-sb2te3_bands,,False,False,,,0,,False,,qe_input_template_candidate
/scratch16/pclancy3/victor/V-ST/bands_smearing/bands_2dopant_gap_copy/V2-Bands-NSCF.in,/scratch16/pclancy3/victor/V-ST/bands_smearing/bands_2dopant_gap_copy,V2-Bands-NSCF.in,.in,4832,bands,bands,62,3,v2-sb2te3_bands,,False,False,,,0,,False,,qe_input_template_candidate
/scratch16/pclancy3/victor/V-ST/bands_smearing/bands_2dopant_gap_copy/V-TMi1+TMi4-vdW2.in,/scratch16/pclancy3/victor/V-ST/bands_smearing/bands_2dopant_gap_copy,V-TMi1+TMi4-vdW2.in,.in,4494,relax,relax,62,3,interstitial_tmi1,,False,False,,,0,,False,,qe_input_template_candidate
/scratch16/pclancy3/victor/V-ST/bands_smearing/bands_bulk/slurm-1104164.out,/scratch16/pclancy3/victor/V-ST/bands_smearing/bands_bulk,slurm-1104164.out,.out,2211,qe_output_unknown,,,,,,False,False,,,0,,False,,partial_or_unknown_qe_output
/scratch16/pclancy3/victor/V-ST/bands_smearing/bands_bulk/Bulk-Bands-NSCF2.out,/scratch16/pclancy3/victor/V-ST/bands_smearing/bands_bulk,Bulk-Bands-NSCF2.out,.out,320379,qe_output_unknown,,,,,,True,False,,,0,,False,,completed_qe_output_candidate
/scratch16/pclancy3/victor/V-ST/bands_smearing/bands_bulk/Bulk-Bands-SCF.in,/scratch16/pclancy3/victor/V-ST/bands_smearing/bands_bulk,Bulk-Bands-SCF.in,.in,4300,scf,scf,60,2,sb2te3_bands,,False,False,,,0,,False,,qe_input_template_candidate
/scratch16/pclancy3/victor/V-ST/bands_smearing/bands_bulk/slurm-1099438.out,/scratch16/pclancy3/victor/V-ST/bands_smearing/bands_bulk,slurm-1099438.out,.out,2120,qe_output_unknown,,,,,,False,False,,,0,,False,,partial_or_unknown_qe_output
/scratch16/pclancy3/victor/V-ST/bands_smearing/bands_bulk/Bulk-Bands.out,/scratch16/pclancy3/victor/V-ST/bands_smearing/bands_bulk,Bulk-Bands.out,.out,1523394,qe_output_unknown,,,,,,True,False,,,0,,False,,completed_qe_output_candidate
/scratch16/pclancy3/victor/V-ST/bands_smearing/bands_bulk/Bulk-Bands-NSCF2.in,/scratch16/pclancy3/victor/V-ST/bands_smearing/bands_bulk,Bulk-Bands-NSCF2.in,.in,4664,bands,bands,60,2,sb2te3_bands,,False,False,,,0,,False,,qe_input_template_candidate
/scratch16/pclancy3/victor/V-ST/bands_smearing/bands_bulk/Bulk-Bands-SCF.out,/scratch16/pclancy3/victor/V-ST/bands_smearing/bands_bulk,Bulk-Bands-SCF.out,.out,232971,qe_output_unknown,,,,,,True,False,,-5393.38886405,1,,False,,completed_qe_output_candidate
/scratch16/pclancy3/victor/V-ST/bands_smearing/bands_bulk/Bulk-Bands.in,/scratch16/pclancy3/victor/V-ST/bands_smearing/bands_bulk,Bulk-Bands.in,.in,78,qe_input_unknown,,,,sb2te3_bands,,False,False,,,0,,False,,qe_input_template_candidate
/scratch16/pclancy3/victor/V-ST/bands_smearing/verbosity/Bulk-Bands-SCF-verbosity.out,/scratch16/pclancy3/victor/V-ST/bands_smearing/verbosity,Bulk-Bands-SCF-verbosity.out,.out,460025,qe_output_unknown,,,,,,True,False,,-5393.38886405,1,,False,,completed_qe_output_candidate
/scratch16/pclancy3/victor/V-ST/bands_smearing/verbosity/Bulk-Bands-SCF-verbosity.in,/scratch16/pclancy3/victor/V-ST/bands_smearing/verbosity,Bulk-Bands-SCF-verbosity.in,.in,4323,scf,scf,60,2,sb2te3_bands,,False,False,,,0,,False,,qe_input_template_candidate
/scratch16/pclancy3/victor/V-ST/bands_smearing/verbosity/slurm-1104183.out,/scratch16/pclancy3/victor/V-ST/bands_smearing/verbosity,slurm-1104183.out,.out,2004,qe_output_unknown,,,,,,False,False,,,0,,False,,partial_or_unknown_qe_output
/scratch16/pclancy3/victor/V-ST/bands_smearing/bands_3dopant_gap_copy/slurm-1172975.out,/scratch16/pclancy3/victor/V-ST/bands_smearing/bands_3dopant_gap_copy,slurm-1172975.out,.out,2423,qe_output_unknown,,,,,,False,False,,,0,,False,,partial_or_unknown_qe_output
/scratch16/pclancy3/victor/V-ST/bands_smearing/bands_3dopant_gap_copy/V3-Bands.out,/scratch16/pclancy3/victor/V-ST/bands_smearing/bands_3dopant_gap_copy,V3-Bands.out,.out,1991266,qe_output_unknown,,,,,,True,False,,,0,,False,,completed_qe_output_candidate
/scratch16/pclancy3/victor/V-ST/bands_smearing/bands_3dopant_gap_copy/V3-Bands-NSCF2.in,/scratch16/pclancy3/victor/V-ST/bands_smearing/bands_3dopant_gap_copy,V3-Bands-NSCF2.in,.in,4879,bands,bands,63,3,v3-sb2te3_bands,,False,False,,,0,,False,,qe_input_template_candidate
/scratch16/pclancy3/victor/V-ST/bands_smearing/bands_3dopant_gap_copy/V3-Bands-SCF2.in,/scratch16/pclancy3/victor/V-ST/bands_smearing/bands_3dopant_gap_copy,V3-Bands-SCF2.in,.in,4522,scf,scf,63,3,v3-sb2te3_bands,,False,False,,,0,,False,,qe_input_template_candidate
/scratch16/pclancy3/victor/V-ST/bands_smearing/bands_3dopant_gap_copy/V3-Bands.in,/scratch16/pclancy3/victor/V-ST/bands_smearing/bands_3dopant_gap_copy,V3-Bands.in,.in,81,qe_input_unknown,,,,v3-sb2te3_bands,,False,False,,,0,,False,,qe_input_template_candidate
/scratch16/pclancy3/victor/V-ST/bands_smearing/bands_3dopant_gap_copy/slurm-1176047.out,/scratch16/pclancy3/victor/V-ST/bands_smearing/bands_3dopant_gap_copy,slurm-1176047.out,.out,1975,qe_output_unknown,,,,,,False,False,,,0,,False,,partial_or_unknown_qe_output
/scratch16/pclancy3/victor/V-ST/bands_smearing/bands_3dopant_gap_copy/V-TMi1+2TMi4-vdW3.in,/scratch16/pclancy3/victor/V-ST/bands_smearing/bands_3dopant_gap_copy,V-TMi1+2TMi4-vdW3.in,.in,4560,relax,relax,63,3,interstitial_tmi1,,False,False,,,0,,False,,qe_input_template_candidate
/scratch16/pclancy3/victor/V-ST/bands_smearing/bands_3dopant_gap_copy/V3-Bands-NSCF2.out,/scratch16/pclancy3/victor/V-ST/bands_smearing/bands_3dopant_gap_copy,V3-Bands-NSCF2.out,.out,365951,qe_output_unknown,,,,,,True,False,,,0,,False,,completed_qe_output_candidate
/scratch16/pclancy3/victor/V-ST/bands_smearing/bands_3dopant_gap_copy/slurm-1175811.out,/scratch16/pclancy3/victor/V-ST/bands_smearing/bands_3dopant_gap_copy,slurm-1175811.out,.out,2426,qe_output_unknown,,,,,,False,False,,,0,,False,,partial_or_unknown_qe_output
/scratch16/pclancy3/victor/V-ST/bands_smearing/bands_3dopant_gap_copy/slurm-1181285.out,/scratch16/pclancy3/victor/V-ST/bands_smearing/bands_3dopant_gap_copy,slurm-1181285.out,.out,870,qe_output_unknown,,,,,,False,False,,,0,,False,,partial_or_unknown_qe_output
/scratch16/pclancy3/victor/V-ST/bands_smearing/bands_3dopant_gap_copy/V3-Bands-NSCF.out,/scratch16/pclancy3/victor/V-ST/bands_smearing/bands_3dopant_gap_copy,V3-Bands-NSCF.out,.out,13774,qe_output_unknown,,,,,,False,True,%%%%%%%%;error in routine;stopping,,0,,False,,quarantine_or_restart_review
/scratch16/pclancy3/victor/V-ST/bands_smearing/bands_3dopant_gap_copy/V3-Bands-SCF2.out,/scratch16/pclancy3/victor/V-ST/bands_smearing/bands_3dopant_gap_copy,V3-Bands-SCF2.out,.out,415298,qe_output_unknown,,,,,,True,False,,-5828.40321774,1,,False,,completed_qe_output_candidate
/scratch16/pclancy3/victor/V-ST/bands_smearing/bands_3dopant_gap_copy/V-TMi1+2TMi4-vdW3.xyz,/scratch16/pclancy3/victor/V-ST/bands_smearing/bands_3dopant_gap_copy,V-TMi1+2TMi4-vdW3.xyz,.xyz,6833,structure_or_other,,,,,,False,False,,,0,,False,,structure_candidate
/scratch16/pclancy3/victor/V-ST/bands_smearing/bands_3dopant_gap_copy/V3-Bands-SCF.out,/scratch16/pclancy3/victor/V-ST/bands_smearing/bands_3dopant_gap_copy,V3-Bands-SCF.out,.out,47191,qe_output_unknown,,,,,,False,False,,,0,,False,,partial_or_unknown_qe_output
/scratch16/pclancy3/victor/V-ST/bands_smearing/bands_3dopant_gap/slurm-1172975.out,/scratch16/pclancy3/victor/V-ST/bands_smearing/bands_3dopant_gap,slurm-1172975.out,.out,2423,qe_output_unknown,,,,,,False,False,,,0,,False,,partial_or_unknown_qe_output
/scratch16/pclancy3/victor/V-ST/bands_smearing/bands_3dopant_gap/V3-Bands.out,/scratch16/pclancy3/victor/V-ST/bands_smearing/bands_3dopant_gap,V3-Bands.out,.out,1981446,qe_output_unknown,,,,,,True,False,,,0,,False,,completed_qe_output_candidate
/scratch16/pclancy3/victor/V-ST/bands_smearing/bands_3dopant_gap/V3-Bands.in,/scratch16/pclancy3/victor/V-ST/bands_smearing/bands_3dopant_gap,V3-Bands.in,.in,81,qe_input_unknown,,,,v3-sb2te3_bands,,False,False,,,0,,False,,qe_input_template_candidate
/scratch16/pclancy3/victor/V-ST/bands_smearing/bands_3dopant_gap/slurm-1176047.out,/scratch16/pclancy3/victor/V-ST/bands_smearing/bands_3dopant_gap,slurm-1176047.out,.out,2120,qe_output_unknown,,,,,,False,False,,,0,,False,,partial_or_unknown_qe_output
/scratch16/pclancy3/victor/V-ST/bands_smearing/bands_3dopant_gap/V3-Bands-SCF.in,/scratch16/pclancy3/victor/V-ST/bands_smearing/bands_3dopant_gap,V3-Bands-SCF.in,.in,4522,scf,scf,63,3,v3-sb2te3_bands,,False,False,,,0,,False,,qe_input_template_candidate
/scratch16/pclancy3/victor/V-ST/bands_smearing/bands_3dopant_gap/V3-Bands-NSCF.in,/scratch16/pclancy3/victor/V-ST/bands_smearing/bands_3dopant_gap,V3-Bands-NSCF.in,.in,4879,bands,bands,63,3,v3-sb2te3_bands,,False,False,,,0,,False,,qe_input_template_candidate
/scratch16/pclancy3/victor/V-ST/bands_smearing/bands_3dopant_gap/V-TMi1+2TMi4-vdW3.in,/scratch16/pclancy3/victor/V-ST/bands_smearing/bands_3dopant_gap,V-TMi1+2TMi4-vdW3.in,.in,4560,relax,relax,63,3,interstitial_tmi1,,False,False,,,0,,False,,qe_input_template_candidate
/scratch16/pclancy3/victor/V-ST/bands_smearing/bands_3dopant_gap/slurm-1175811.out,/scratch16/pclancy3/victor/V-ST/bands_smearing/bands_3dopant_gap,slurm-1175811.out,.out,2426,qe_output_unknown,,,,,,False,False,,,0,,False,,partial_or_unknown_qe_output
/scratch16/pclancy3/victor/V-ST/bands_smearing/bands_3dopant_gap/V3-Bands-NSCF.out,/scratch16/pclancy3/victor/V-ST/bands_smearing/bands_3dopant_gap,V3-Bands-NSCF.out,.out,366334,qe_output_unknown,,,,,,True,False,,,0,,False,,completed_qe_output_candidate
/scratch16/pclancy3/victor/V-ST/bands_smearing/bands_3dopant_gap/V-TMi1+2TMi4-vdW3.xyz,/scratch16/pclancy3/victor/V-ST/bands_smearing/bands_3dopant_gap,V-TMi1+2TMi4-vdW3.xyz,.xyz,6833,structure_or_other,,,,,,False,False,,,0,,False,,structure_candidate
/scratch16/pclancy3/victor/V-ST/bands_smearing/bands_3dopant_gap/V3-Bands-SCF.out,/scratch16/pclancy3/victor/V-ST/bands_smearing/bands_3dopant_gap,V3-Bands-SCF.out,.out,1271690,qe_output_unknown,,,,,,True,False,,-5828.40327189,1,,False,,completed_qe_output_candidate
/scratch16/pclancy3/victor/V-ST/charge4_cr/slurm-14250141.out,/scratch16/pclancy3/victor/V-ST/charge4_cr,slurm-14250141.out,.out,2169,qe_output_unknown,,,,,,False,False,,,0,,False,,partial_or_unknown_qe_output
/scratch16/pclancy3/victor/V-ST/charge4_cr/Cr-TMi4_D3.out,/scratch16/pclancy3/victor/V-ST/charge4_cr,Cr-TMi4_D3.out,.out,2631902,qe_output_unknown,,,,,,True,False,,-9823.50614243,27,,False,,completed_qe_output_candidate
/scratch16/pclancy3/victor/V-ST/charge4_cr/slurm-14250142.out,/scratch16/pclancy3/victor/V-ST/charge4_cr,slurm-14250142.out,.out,2265,qe_output_unknown,,,,,,False,False,,,0,,False,,partial_or_unknown_qe_output
/scratch16/pclancy3/victor/V-ST/charge4_cr/V-TMi1_D3.in,/scratch16/pclancy3/victor/V-ST/charge4_cr,V-TMi1_D3.in,.in,4503,relax,relax,61,3,interstitial_tmi1,,False,False,,,0,,False,,qe_input_template_candidate
/scratch16/pclancy3/victor/V-ST/charge4_cr/V-TMi4_D3.in,/scratch16/pclancy3/victor/V-ST/charge4_cr,V-TMi4_D3.in,.in,4503,relax,relax,61,3,interstitial_tmi4,,False,False,,,0,,False,,qe_input_template_candidate
/scratch16/pclancy3/victor/V-ST/charge4_cr/Cr-TMi2_D3.out,/scratch16/pclancy3/victor/V-ST/charge4_cr,Cr-TMi2_D3.out,.out,3328975,qe_output_unknown,,,,,,True,False,,-9823.50414639,34,,False,,completed_qe_output_candidate
/scratch16/pclancy3/victor/V-ST/charge4_cr/V-TMi3_D3.in,/scratch16/pclancy3/victor/V-ST/charge4_cr,V-TMi3_D3.in,.in,4503,relax,relax,61,3,interstitial_tmi3,,False,False,,,0,,False,,qe_input_template_candidate
/scratch16/pclancy3/victor/V-ST/charge4_cr/Cr-TMi3_D3.out,/scratch16/pclancy3/victor/V-ST/charge4_cr,Cr-TMi3_D3.out,.out,4934955,qe_output_unknown,,,,,,False,False,,-9823.37721700,40,,False,,partial_or_unknown_qe_output
/scratch16/pclancy3/victor/V-ST/charge4_cr/slurm-14250140.out,/scratch16/pclancy3/victor/V-ST/charge4_cr,slurm-14250140.out,.out,2169,qe_output_unknown,,,,,,False,False,,,0,,False,,partial_or_unknown_qe_output
/scratch16/pclancy3/victor/V-ST/charge4_cr/Cr-TMi1_D3.out,/scratch16/pclancy3/victor/V-ST/charge4_cr,Cr-TMi1_D3.out,.out,1949727,qe_output_unknown,,,,,,True,False,,-9823.52729286,20,,False,,completed_qe_output_candidate
/scratch16/pclancy3/victor/V-ST/charge4_cr/V-TMi2_D3.in,/scratch16/pclancy3/victor/V-ST/charge4_cr,V-TMi2_D3.in,.in,4502,relax,relax,61,3,interstitial_tmi2,,False,False,,,0,,False,,qe_input_template_candidate
/scratch16/pclancy3/victor/V-ST/charge4_cr/slurm-14250143.out,/scratch16/pclancy3/victor/V-ST/charge4_cr,slurm-14250143.out,.out,2169,qe_output_unknown,,,,,,False,False,,,0,,False,,partial_or_unknown_qe_output
/scratch16/pclancy3/victor/V-ST/ecutwfc_D3_SOC_REL/Bulk-NoSOC-NonREL-2K_20.in,/scratch16/pclancy3/victor/V-ST/ecutwfc_D3_SOC_REL,Bulk-NoSOC-NonREL-2K_20.in,.in,4777,scf,scf,60,2,sb2te3_convergence,,False,False,,,0,,False,,qe_input_template_candidate
/scratch16/pclancy3/victor/V-ST/ecutwfc_D3_SOC_REL/Bulk-NoSOC-NonREL-2K_40.in,/scratch16/pclancy3/victor/V-ST/ecutwfc_D3_SOC_REL,Bulk-NoSOC-NonREL-2K_40.in,.in,4777,scf,scf,60,2,sb2te3_convergence,,False,False,,,0,,False,,qe_input_template_candidate
/scratch16/pclancy3/victor/V-ST/ecutwfc_D3_SOC_REL/Bulk-NoSOC-NonREL-2K_50.out,/scratch16/pclancy3/victor/V-ST/ecutwfc_D3_SOC_REL,Bulk-NoSOC-NonREL-2K_50.out,.out,95753,qe_output_unknown,,,,,,True,False,,-9653.30960499,1,,False,,completed_qe_output_candidate
/scratch16/pclancy3/victor/V-ST/ecutwfc_D3_SOC_REL/Bulk-NoSOC-NonREL-2K_80.out,/scratch16/pclancy3/victor/V-ST/ecutwfc_D3_SOC_REL,Bulk-NoSOC-NonREL-2K_80.out,.out,28135,qe_output_unknown,,,,,,False,False,,,0,,False,,partial_or_unknown_qe_output
/scratch16/pclancy3/victor/V-ST/ecutwfc_D3_SOC_REL/Bulk-NoSOC-NonREL-2K_20.out,/scratch16/pclancy3/victor/V-ST/ecutwfc_D3_SOC_REL,Bulk-NoSOC-NonREL-2K_20.out,.out,96449,qe_output_unknown,,,,,,True,False,,-9480.39752105,1,,False,,completed_qe_output_candidate
/scratch16/pclancy3/victor/V-ST/ecutwfc_D3_SOC_REL/slurm-671445.out,/scratch16/pclancy3/victor/V-ST/ecutwfc_D3_SOC_REL,slurm-671445.out,.out,188,qe_output_unknown,,,,,,False,False,,-4475.79045851,1,,False,,partial_or_unknown_qe_output
/scratch16/pclancy3/victor/V-ST/ecutwfc_D3_SOC_REL/Bulk-NoSOC-NonREL-2K_70.out,/scratch16/pclancy3/victor/V-ST/ecutwfc_D3_SOC_REL,Bulk-NoSOC-NonREL-2K_70.out,.out,95796,qe_output_unknown,,,,,,True,False,,-9653.33725346,1,,False,,completed_qe_output_candidate
/scratch16/pclancy3/victor/V-ST/ecutwfc_D3_SOC_REL/slurm-6745047.out,/scratch16/pclancy3/victor/V-ST/ecutwfc_D3_SOC_REL,slurm-6745047.out,.out,763,qe_output_unknown,,,,,,False,False,,-9653.33725346,6,,False,,partial_or_unknown_qe_output
/scratch16/pclancy3/victor/V-ST/ecutwfc_D3_SOC_REL/slurm-6741288.out,/scratch16/pclancy3/victor/V-ST/ecutwfc_D3_SOC_REL,slurm-6741288.out,.out,1704,qe_output_unknown,,,,,,False,False,,,0,,False,,partial_or_unknown_qe_output
/scratch16/pclancy3/victor/V-ST/ecutwfc_D3_SOC_REL/Bulk-NoSOC-NonREL-2K_50.in,/scratch16/pclancy3/victor/V-ST/ecutwfc_D3_SOC_REL,Bulk-NoSOC-NonREL-2K_50.in,.in,4777,scf,scf,60,2,sb2te3_convergence,,False,False,,,0,,False,,qe_input_template_candidate
/scratch16/pclancy3/victor/V-ST/ecutwfc_D3_SOC_REL/Bulk-NoSOC-NonREL-2K_30.in,/scratch16/pclancy3/victor/V-ST/ecutwfc_D3_SOC_REL,Bulk-NoSOC-NonREL-2K_30.in,.in,4777,scf,scf,60,2,sb2te3_convergence,,False,False,,,0,,False,,qe_input_template_candidate
/scratch16/pclancy3/victor/V-ST/ecutwfc_D3_SOC_REL/Bulk-NoSOC-NonREL-2K_80.in,/scratch16/pclancy3/victor/V-ST/ecutwfc_D3_SOC_REL,Bulk-NoSOC-NonREL-2K_80.in,.in,4777,scf,scf,60,2,sb2te3_convergence,,False,False,,,0,,False,,qe_input_template_candidate
/scratch16/pclancy3/victor/V-ST/ecutwfc_D3_SOC_REL/Bulk-NoSOC-NonREL-2K_70.in,/scratch16/pclancy3/victor/V-ST/ecutwfc_D3_SOC_REL,Bulk-NoSOC-NonREL-2K_70.in,.in,4777,scf,scf,60,2,sb2te3_convergence,,False,False,,,0,,False,,qe_input_template_candidate
/scratch16/pclancy3/victor/V-ST/ecutwfc_D3_SOC_REL/Bulk-NoSOC-NonREL-2K_60.in,/scratch16/pclancy3/victor/V-ST/ecutwfc_D3_SOC_REL,Bulk-NoSOC-NonREL-2K_60.in,.in,4777,scf,scf,60,2,sb2te3_convergence,,False,False,,,0,,False,,qe_input_template_candidate
/scratch16/pclancy3/victor/V-ST/ecutwfc_D3_SOC_REL/Bulk-NoSOC-NonREL-2K_60.out,/scratch16/pclancy3/victor/V-ST/ecutwfc_D3_SOC_REL,Bulk-NoSOC-NonREL-2K_60.out,.out,95796,qe_output_unknown,,,,,,True,False,,-9653.33676837,1,,False,,completed_qe_output_candidate
/scratch16/pclancy3/victor/V-ST/ecutwfc_D3_SOC_REL/Bulk-NoSOC-NonREL-2K_40.out,/scratch16/pclancy3/victor/V-ST/ecutwfc_D3_SOC_REL,Bulk-NoSOC-NonREL-2K_40.out,.out,95624,qe_output_unknown,,,,,,True,False,,-9652.96909182,1,,False,,completed_qe_output_candidate
/scratch16/pclancy3/victor/V-ST/ecutwfc_D3_SOC_REL/Bulk-NoSOC-NonREL-2K_30.out,/scratch16/pclancy3/victor/V-ST/ecutwfc_D3_SOC_REL,Bulk-NoSOC-NonREL-2K_30.out,.out,95982,qe_output_unknown,,,,,,True,False,,-9642.25985068,1,,False,,completed_qe_output_candidate
/scratch16/pclancy3/victor/V-ST/ecutwfc_D3/Bulk-D3-REL-2K_20.out,/scratch16/pclancy3/victor/V-ST/ecutwfc_D3,Bulk-D3-REL-2K_20.out,.out,64893,qe_output_unknown,,,,,,True,False,,-9479.87560862,1,,False,,completed_qe_output_candidate
/scratch16/pclancy3/victor/V-ST/ecutwfc_D3/Bulk-D3-REL-2K_70.in,/scratch16/pclancy3/victor/V-ST/ecutwfc_D3,Bulk-D3-REL-2K_70.in,.in,4733,scf,scf,60,2,sb2te3_convergence,,False,False,,,0,,False,,qe_input_template_candidate
/scratch16/pclancy3/victor/V-ST/ecutwfc_D3/Bulk-D3-REL-2K_30.out,/scratch16/pclancy3/victor/V-ST/ecutwfc_D3,Bulk-D3-REL-2K_30.out,.out,64068,qe_output_unknown,,,,,,True,False,,-9641.82011614,1,,False,,completed_qe_output_candidate
/scratch16/pclancy3/victor/V-ST/ecutwfc_D3/Bulk-D3-REL-2K_120.out,/scratch16/pclancy3/victor/V-ST/ecutwfc_D3,Bulk-D3-REL-2K_120.out,.out,64111,qe_output_unknown,,,,,,True,False,,-9652.90325888,1,,False,,completed_qe_output_candidate
/scratch16/pclancy3/victor/V-ST/ecutwfc_D3/Bulk-D3-REL-2K_70.out,/scratch16/pclancy3/victor/V-ST/ecutwfc_D3,Bulk-D3-REL-2K_70.out,.out,64111,qe_output_unknown,,,,,,True,False,,-9652.90286785,1,,False,,completed_qe_output_candidate
/scratch16/pclancy3/victor/V-ST/ecutwfc_D3/Bulk-D3-REL-2K_80.out,/scratch16/pclancy3/victor/V-ST/ecutwfc_D3,Bulk-D3-REL-2K_80.out,.out,63839,qe_output_unknown,,,,,,True,False,,-9652.90309822,1,,False,,completed_qe_output_candidate
/scratch16/pclancy3/victor/V-ST/ecutwfc_D3/Bulk-D3-REL-2K_90.out,/scratch16/pclancy3/victor/V-ST/ecutwfc_D3,Bulk-D3-REL-2K_90.out,.out,64111,qe_output_unknown,,,,,,True,False,,-9652.90327499,1,,False,,completed_qe_output_candidate
/scratch16/pclancy3/victor/V-ST/ecutwfc_D3/slurm-671445.out,/scratch16/pclancy3/victor/V-ST/ecutwfc_D3,slurm-671445.out,.out,188,qe_output_unknown,,,,,,False,False,,-4475.79045851,1,,False,,partial_or_unknown_qe_output
/scratch16/pclancy3/victor/V-ST/ecutwfc_D3/Bulk-D3-REL-2K_50.in,/scratch16/pclancy3/victor/V-ST/ecutwfc_D3,Bulk-D3-REL-2K_50.in,.in,4733,scf,scf,60,2,sb2te3_convergence,,False,False,,,0,,False,,qe_input_template_candidate
/scratch16/pclancy3/victor/V-ST/ecutwfc_D3/Bulk-D3-REL-2K_20.in,/scratch16/pclancy3/victor/V-ST/ecutwfc_D3,Bulk-D3-REL-2K_20.in,.in,4733,scf,scf,60,2,sb2te3_convergence,,False,False,,,0,,False,,qe_input_template_candidate
/scratch16/pclancy3/victor/V-ST/ecutwfc_D3/slurm-6745047.out,/scratch16/pclancy3/victor/V-ST/ecutwfc_D3,slurm-6745047.out,.out,763,qe_output_unknown,,,,,,False,False,,-9653.33725346,6,,False,,partial_or_unknown_qe_output
/scratch16/pclancy3/victor/V-ST/ecutwfc_D3/Bulk-D3-REL-2K_40.in,/scratch16/pclancy3/victor/V-ST/ecutwfc_D3,Bulk-D3-REL-2K_40.in,.in,4733,scf,scf,60,2,sb2te3_convergence,,False,False,,,0,,False,,qe_input_template_candidate
/scratch16/pclancy3/victor/V-ST/ecutwfc_D3/slurm-6741288.out,/scratch16/pclancy3/victor/V-ST/ecutwfc_D3,slurm-6741288.out,.out,1704,qe_output_unknown,,,,,,False,False,,,0,,False,,partial_or_unknown_qe_output
/scratch16/pclancy3/victor/V-ST/ecutwfc_D3/Bulk-D3-REL-2K_60.out,/scratch16/pclancy3/victor/V-ST/ecutwfc_D3,Bulk-D3-REL-2K_60.out,.out,64111,qe_output_unknown,,,,,,True,False,,-9652.90238185,1,,False,,completed_qe_output_candidate
/scratch16/pclancy3/victor/V-ST/ecutwfc_D3/Bulk-D3-REL-2K_110.in,/scratch16/pclancy3/victor/V-ST/ecutwfc_D3,Bulk-D3-REL-2K_110.in,.in,4734,scf,scf,60,2,sb2te3_convergence,,False,False,,,0,,False,,qe_input_template_candidate
/scratch16/pclancy3/victor/V-ST/ecutwfc_D3/Bulk-D3-REL-2K_40.out,/scratch16/pclancy3/victor/V-ST/ecutwfc_D3,Bulk-D3-REL-2K_40.out,.out,64068,qe_output_unknown,,,,,,True,False,,-9652.53462356,1,,False,,completed_qe_output_candidate
/scratch16/pclancy3/victor/V-ST/ecutwfc_D3/Bulk-D3-REL-2K_30.in,/scratch16/pclancy3/victor/V-ST/ecutwfc_D3,Bulk-D3-REL-2K_30.in,.in,4733,scf,scf,60,2,sb2te3_convergence,,False,False,,,0,,False,,qe_input_template_candidate
/scratch16/pclancy3/victor/V-ST/ecutwfc_D3/Bulk-D3-REL-2K_60.in,/scratch16/pclancy3/victor/V-ST/ecutwfc_D3,Bulk-D3-REL-2K_60.in,.in,4733,scf,scf,60,2,sb2te3_convergence,,False,False,,,0,,False,,qe_input_template_candidate
/scratch16/pclancy3/victor/V-ST/ecutwfc_D3/slurm-8134626.out,/scratch16/pclancy3/victor/V-ST/ecutwfc_D3,slurm-8134626.out,.out,1132,qe_output_unknown,,,,,,False,False,,-9652.90325888,11,,False,,partial_or_unknown_qe_output
/scratch16/pclancy3/victor/V-ST/ecutwfc_D3/Bulk-D3-REL-2K_90.in,/scratch16/pclancy3/victor/V-ST/ecutwfc_D3,Bulk-D3-REL-2K_90.in,.in,4733,scf,scf,60,2,sb2te3_convergence,,False,False,,,0,,False,,qe_input_template_candidate
/scratch16/pclancy3/victor/V-ST/ecutwfc_D3/Bulk-D3-REL-2K_120.in,/scratch16/pclancy3/victor/V-ST/ecutwfc_D3,Bulk-D3-REL-2K_120.in,.in,4734,scf,scf,60,2,sb2te3_convergence,,False,False,,,0,,False,,qe_input_template_candidate
/scratch16/pclancy3/victor/V-ST/ecutwfc_D3/Bulk-D3-REL-2K_50.out,/scratch16/pclancy3/victor/V-ST/ecutwfc_D3,Bulk-D3-REL-2K_50.out,.out,64111,qe_output_unknown,,,,,,True,False,,-9652.87519974,1,,False,,completed_qe_output_candidate
/scratch16/pclancy3/victor/V-ST/ecutwfc_D3/Bulk-D3-REL-2K_80.in,/scratch16/pclancy3/victor/V-ST/ecutwfc_D3,Bulk-D3-REL-2K_80.in,.in,4733,scf,scf,60,2,sb2te3_convergence,,False,False,,,0,,False,,qe_input_template_candidate
/scratch16/pclancy3/victor/V-ST/ecutwfc_D3/Bulk-D3-REL-2K_100.in,/scratch16/pclancy3/victor/V-ST/ecutwfc_D3,Bulk-D3-REL-2K_100.in,.in,4734,scf,scf,60,2,sb2te3_convergence,,False,False,,,0,,False,,qe_input_template_candidate
/scratch16/pclancy3/victor/V-ST/ecutwfc_D3/Bulk-D3-REL-2K_100.out,/scratch16/pclancy3/victor/V-ST/ecutwfc_D3,Bulk-D3-REL-2K_100.out,.out,64154,qe_output_unknown,,,,,,True,False,,-9652.90326497,1,,False,,completed_qe_output_candidate
/scratch16/pclancy3/victor/V-ST/ecutwfc_D3/Bulk-D3-REL-2K_110.out,/scratch16/pclancy3/victor/V-ST/ecutwfc_D3,Bulk-D3-REL-2K_110.out,.out,64111,qe_output_unknown,,,,,,True,False,,-9652.90322702,1,,False,,completed_qe_output_candidate
/scratch16/pclancy3/victor/V-ST/new_interstitial/2L_octo_V2.xyz,/scratch16/pclancy3/victor/V-ST/new_interstitial,2L_octo_V2.xyz,.xyz,7247,structure_or_other,,,,,,False,False,,,0,,False,,structure_candidate
/scratch16/pclancy3/victor/V-ST/new_interstitial/2L_tetra_V2_v3.xyz,/scratch16/pclancy3/victor/V-ST/new_interstitial,2L_tetra_V2_v3.xyz,.xyz,7247,structure_or_other,,,,,,False,False,,,0,,False,,structure_candidate
/scratch16/pclancy3/victor/V-ST/new_interstitial/2L_hetra_V1.xyz,/scratch16/pclancy3/victor/V-ST/new_interstitial,2L_hetra_V1.xyz,.xyz,7184,structure_or_other,,,,,,False,False,,,0,,False,,structure_candidate
/scratch16/pclancy3/victor/V-ST/new_interstitial/2L_octo_V3.xyz,/scratch16/pclancy3/victor/V-ST/new_interstitial,2L_octo_V3.xyz,.xyz,7310,structure_or_other,,,,,,False,False,,,0,,False,,structure_candidate
/scratch16/pclancy3/victor/V-ST/new_interstitial/2L_o3_t1.xyz,/scratch16/pclancy3/victor/V-ST/new_interstitial,2L_o3_t1.xyz,.xyz,7373,structure_or_other,,,,,,False,False,,,0,,False,,structure_candidate
/scratch16/pclancy3/victor/V-ST/new_interstitial/bulk_vcrelax.out,/scratch16/pclancy3/victor/V-ST/new_interstitial,bulk_vcrelax.out,.out,544071,qe_output_unknown,,,,,,True,False,,-12870.38964754,4,,False,,completed_qe_output_candidate
/scratch16/pclancy3/victor/V-ST/new_interstitial/bulk_vcrelax.xyz,/scratch16/pclancy3/victor/V-ST/new_interstitial,bulk_vcrelax.xyz,.xyz,8847,structure_or_other,,,,,,False,False,,,0,,False,,structure_candidate
/scratch16/pclancy3/victor/V-ST/new_interstitial/2L_octo_V1_v2.xyz,/scratch16/pclancy3/victor/V-ST/new_interstitial,2L_octo_V1_v2.xyz,.xyz,7184,structure_or_other,,,,,,False,False,,,0,,False,,structure_candidate
/scratch16/pclancy3/victor/V-ST/new_interstitial/2L_hetra_V1_v2.in,/scratch16/pclancy3/victor/V-ST/new_interstitial,2L_hetra_V1_v2.in,.in,4848,vc-relax,vc-relax,60,2,sb2te3_vcr,,False,False,,,0,,False,,qe_input_template_candidate
/scratch16/pclancy3/victor/V-ST/new_interstitial/2L_octo_V1.xyz,/scratch16/pclancy3/victor/V-ST/new_interstitial,2L_octo_V1.xyz,.xyz,7184,structure_or_other,,,,,,False,False,,,0,,False,,structure_candidate
/scratch16/pclancy3/victor/V-ST/new_interstitial/2L_tetra_V2_v2.xyz,/scratch16/pclancy3/victor/V-ST/new_interstitial,2L_tetra_V2_v2.xyz,.xyz,7247,structure_or_other,,,,,,False,False,,,0,,False,,structure_candidate
/scratch16/pclancy3/victor/V-ST/new_interstitial/2L_octo_tetra_all.xyz,/scratch16/pclancy3/victor/V-ST/new_interstitial,2L_octo_tetra_all.xyz,.xyz,7562,structure_or_other,,,,,,False,False,,,0,,False,,structure_candidate
/scratch16/pclancy3/victor/V-ST/new_interstitial/2L_tetra_V4.xyz,/scratch16/pclancy3/victor/V-ST/new_interstitial,2L_tetra_V4.xyz,.xyz,7373,structure_or_other,,,,,,False,False,,,0,,False,,structure_candidate
/scratch16/pclancy3/victor/V-ST/new_interstitial/2L_hetra_V1_v3.xyz,/scratch16/pclancy3/victor/V-ST/new_interstitial,2L_hetra_V1_v3.xyz,.xyz,7184,structure_or_other,,,,,,False,False,,,0,,False,,structure_candidate
/scratch16/pclancy3/victor/V-ST/new_interstitial/bulk_relax.out,/scratch16/pclancy3/victor/V-ST/new_interstitial,bulk_relax.out,.out,543943,qe_output_unknown,,,,,,True,False,,-12870.38964754,4,,False,,completed_qe_output_candidate
/scratch16/pclancy3/victor/V-ST/new_interstitial/bulk_qe_input_vc.in,/scratch16/pclancy3/victor/V-ST/new_interstitial,bulk_qe_input_vc.in,.in,5829,vc-relax,vc-relax,80,2,v-sb2te3,,False,False,,,0,,False,,qe_input_template_candidate
/scratch16/pclancy3/victor/V-ST/new_interstitial/bulk_relax.xyz,/scratch16/pclancy3/victor/V-ST/new_interstitial,bulk_relax.xyz,.xyz,8847,structure_or_other,,,,,,False,False,,,0,,False,,structure_candidate
/scratch16/pclancy3/victor/V-ST/new_interstitial/2L_tetra_V1.xyz,/scratch16/pclancy3/victor/V-ST/new_interstitial,2L_tetra_V1.xyz,.xyz,7184,structure_or_other,,,,,,False,False,,,0,,False,,structure_candidate
/scratch16/pclancy3/victor/V-ST/new_interstitial/2L_tetra_V2_v4.xyz,/scratch16/pclancy3/victor/V-ST/new_interstitial,2L_tetra_V2_v4.xyz,.xyz,7247,structure_or_other,,,,,,False,False,,,0,,False,,structure_candidate
/scratch16/pclancy3/victor/V-ST/new_interstitial/2L_o3_t2.xyz,/scratch16/pclancy3/victor/V-ST/new_interstitial,2L_o3_t2.xyz,.xyz,7436,structure_or_other,,,,,,False,False,,,0,,False,,structure_candidate
/scratch16/pclancy3/victor/V-ST/new_interstitial/2L_hetra_V1_v2.xyz,/scratch16/pclancy3/victor/V-ST/new_interstitial,2L_hetra_V1_v2.xyz,.xyz,7184,structure_or_other,,,,,,False,False,,,0,,False,,structure_candidate
/scratch16/pclancy3/victor/V-ST/new_interstitial/2L_hetra_V1_v5_surface.xyz,/scratch16/pclancy3/victor/V-ST/new_interstitial,2L_hetra_V1_v5_surface.xyz,.xyz,7184,structure_or_other,,,,,,False,False,,,0,,False,,structure_candidate
/scratch16/pclancy3/victor/V-ST/new_interstitial/2L_tetra_V1_v2.xyz,/scratch16/pclancy3/victor/V-ST/new_interstitial,2L_tetra_V1_v2.xyz,.xyz,7184,structure_or_other,,,,,,False,False,,,0,,False,,structure_candidate
/scratch16/pclancy3/victor/V-ST/new_interstitial/2L_tetra_V3.xyz,/scratch16/pclancy3/victor/V-ST/new_interstitial,2L_tetra_V3.xyz,.xyz,7310,structure_or_other,,,,,,False,False,,,0,,False,,structure_candidate
/scratch16/pclancy3/victor/V-ST/new_interstitial/2L_hetra_V1_v4.xyz,/scratch16/pclancy3/victor/V-ST/new_interstitial,2L_hetra_V1_v4.xyz,.xyz,7184,structure_or_other,,,,,,False,False,,,0,,False,,structure_candidate
/scratch16/pclancy3/victor/V-ST/new_interstitial/after_relax_bulk.cif,/scratch16/pclancy3/victor/V-ST/new_interstitial,after_relax_bulk.cif,.cif,4972,structure_or_other,,,,,,False,False,,,0,,False,,structure_candidate
/scratch16/pclancy3/victor/V-ST/new_interstitial/2L_octo_V2_v2.xyz,/scratch16/pclancy3/victor/V-ST/new_interstitial,2L_octo_V2_v2.xyz,.xyz,7247,structure_or_other,,,,,,False,False,,,0,,False,,structure_candidate
/scratch16/pclancy3/victor/V-ST/new_interstitial/bulk_qe_input.in,/scratch16/pclancy3/victor/V-ST/new_interstitial,bulk_qe_input.in,.in,5826,relax,relax,80,2,v-sb2te3,,False,False,,,0,,False,,qe_input_template_candidate
/scratch16/pclancy3/victor/V-ST/new_interstitial/slurm-10134470.out,/scratch16/pclancy3/victor/V-ST/new_interstitial,slurm-10134470.out,.out,2004,qe_output_unknown,,,,,,False,False,,,0,,False,,partial_or_unknown_qe_output
/scratch16/pclancy3/victor/V-ST/new_interstitial/2L_hetra_V1_v5_surface_2.xyz,/scratch16/pclancy3/victor/V-ST/new_interstitial,2L_hetra_V1_v5_surface_2.xyz,.xyz,7184,structure_or_other,,,,,,False,False,,,0,,False,,structure_candidate
/scratch16/pclancy3/victor/V-ST/new_interstitial/2L_o3_t3.xyz,/scratch16/pclancy3/victor/V-ST/new_interstitial,2L_o3_t3.xyz,.xyz,7499,structure_or_other,,,,,,False,False,,,0,,False,,structure_candidate
/scratch16/pclancy3/victor/V-ST/new_interstitial/slurm-10134469.out,/scratch16/pclancy3/victor/V-ST/new_interstitial,slurm-10134469.out,.out,2004,qe_output_unknown,,,,,,False,False,,,0,,False,,partial_or_unknown_qe_output
/scratch16/pclancy3/victor/V-ST/new_interstitial/2L_tetra_V2.xyz,/scratch16/pclancy3/victor/V-ST/new_interstitial,2L_tetra_V2.xyz,.xyz,7247,structure_or_other,,,,,,False,False,,,0,,False,,structure_candidate
/scratch16/pclancy3/victor/V-ST/new_interstitial/todo/2L_octo_V2.xyz,/scratch16/pclancy3/victor/V-ST/new_interstitial/todo,2L_octo_V2.xyz,.xyz,7247,structure_or_other,,,,,,False,False,,,0,,False,,structure_candidate
/scratch16/pclancy3/victor/V-ST/new_interstitial/todo/2L_octo_V1_v2_relaxed.out,/scratch16/pclancy3/victor/V-ST/new_interstitial/todo,2L_octo_V1_v2_relaxed.out,.out,3055793,qe_output_unknown,,,,,,True,False,,-13012.46645461,25,,False,,completed_qe_output_candidate
/scratch16/pclancy3/victor/V-ST/new_interstitial/todo/2L_octo_V2_v2_relaxed.out,/scratch16/pclancy3/victor/V-ST/new_interstitial/todo,2L_octo_V2_v2_relaxed.out,.out,162872,qe_output_unknown,,,,,,False,False,,-13154.47423725,1,,False,,partial_or_unknown_qe_output
/scratch16/pclancy3/victor/V-ST/new_interstitial/todo/2L_octo_V3.xyz,/scratch16/pclancy3/victor/V-ST/new_interstitial/todo,2L_octo_V3.xyz,.xyz,7310,structure_or_other,,,,,,False,False,,,0,,False,,structure_candidate
/scratch16/pclancy3/victor/V-ST/new_interstitial/todo/slurm-10310129.out,/scratch16/pclancy3/victor/V-ST/new_interstitial/todo,slurm-10310129.out,.out,2851,qe_output_unknown,,,,,,False,False,,,0,,False,,partial_or_unknown_qe_output
/scratch16/pclancy3/victor/V-ST/new_interstitial/todo/slurm-10309912.out,/scratch16/pclancy3/victor/V-ST/new_interstitial/todo,slurm-10309912.out,.out,2310,qe_output_unknown,,,,,,False,False,,,0,,False,,partial_or_unknown_qe_output
/scratch16/pclancy3/victor/V-ST/new_interstitial/todo/2L_octo_V1_v2.xyz,/scratch16/pclancy3/victor/V-ST/new_interstitial/todo,2L_octo_V1_v2.xyz,.xyz,7184,structure_or_other,,,,,,False,False,,,0,,False,,structure_candidate
/scratch16/pclancy3/victor/V-ST/new_interstitial/todo/slurm-10310044.out,/scratch16/pclancy3/victor/V-ST/new_interstitial/todo,slurm-10310044.out,.out,2213,qe_output_unknown,,,,,,False,False,,,0,,False,,partial_or_unknown_qe_output
/scratch16/pclancy3/victor/V-ST/new_interstitial/todo/2L_octo_V1.xyz,/scratch16/pclancy3/victor/V-ST/new_interstitial/todo,2L_octo_V1.xyz,.xyz,7184,structure_or_other,,,,,,False,False,,,0,,False,,structure_candidate
/scratch16/pclancy3/victor/V-ST/new_interstitial/todo/slurm-10369085.out,/scratch16/pclancy3/victor/V-ST/new_interstitial/todo,slurm-10369085.out,.out,2103,qe_output_unknown,,,,,,False,False,,,0,,False,,partial_or_unknown_qe_output
/scratch16/pclancy3/victor/V-ST/new_interstitial/todo/slurm-10310026.out,/scratch16/pclancy3/victor/V-ST/new_interstitial/todo,slurm-10310026.out,.out,2310,qe_output_unknown,,,,,,False,False,,,0,,False,,partial_or_unknown_qe_output
/scratch16/pclancy3/victor/V-ST/new_interstitial/todo/slurm-10310188.out,/scratch16/pclancy3/victor/V-ST/new_interstitial/todo,slurm-10310188.out,.out,2103,qe_output_unknown,,,,,,False,False,,,0,,False,,partial_or_unknown_qe_output
/scratch16/pclancy3/victor/V-ST/new_interstitial/todo/slurm-10805577.out,/scratch16/pclancy3/victor/V-ST/new_interstitial/todo,slurm-10805577.out,.out,2004,qe_output_unknown,,,,,,False,False,,,0,,False,,partial_or_unknown_qe_output
/scratch16/pclancy3/victor/V-ST/new_interstitial/todo/slurm-10309998.out,/scratch16/pclancy3/victor/V-ST/new_interstitial/todo,slurm-10309998.out,.out,2103,qe_output_unknown,,,,,,False,False,,,0,,False,,partial_or_unknown_qe_output
/scratch16/pclancy3/victor/V-ST/new_interstitial/todo/2L_octo_V1_v2.in,/scratch16/pclancy3/victor/V-ST/new_interstitial/todo,2L_octo_V1_v2.in,.in,4588,relax,relax,81,3,v-sb2te3,,False,False,,,0,,False,,qe_input_template_candidate
/scratch16/pclancy3/victor/V-ST/new_interstitial/todo/2L_octo_V3_relaxed.out,/scratch16/pclancy3/victor/V-ST/new_interstitial/todo,2L_octo_V3_relaxed.out,.out,169462,qe_output_unknown,,,,,,False,False,,-13296.53224083,1,,False,,partial_or_unknown_qe_output
/scratch16/pclancy3/victor/V-ST/new_interstitial/todo/slurm-10310004.out,/scratch16/pclancy3/victor/V-ST/new_interstitial/todo,slurm-10310004.out,.out,2851,qe_output_unknown,,,,,,False,False,,,0,,False,,partial_or_unknown_qe_output
/scratch16/pclancy3/victor/V-ST/new_interstitial/todo/slurm-10309843.out,/scratch16/pclancy3/victor/V-ST/new_interstitial/todo,slurm-10309843.out,.out,2103,qe_output_unknown,,,,,,False,False,,,0,,False,,partial_or_unknown_qe_output
/scratch16/pclancy3/victor/V-ST/new_interstitial/todo/slurm-10310017.out,/scratch16/pclancy3/victor/V-ST/new_interstitial/todo,slurm-10310017.out,.out,2851,qe_output_unknown,,,,,,False,False,,,0,,False,,partial_or_unknown_qe_output
/scratch16/pclancy3/victor/V-ST/new_interstitial/todo/2L_tetra_V1_v2.in,/scratch16/pclancy3/victor/V-ST/new_interstitial/todo,2L_tetra_V1_v2.in,.in,4587,relax,relax,81,3,v-sb2te3,,False,False,,,0,,False,,qe_input_template_candidate
/scratch16/pclancy3/victor/V-ST/new_interstitial/todo/2L_tetra_V1.xyz,/scratch16/pclancy3/victor/V-ST/new_interstitial/todo,2L_tetra_V1.xyz,.xyz,7184,structure_or_other,,,,,,False,False,,,0,,False,,structure_candidate
/scratch16/pclancy3/victor/V-ST/new_interstitial/todo/2L_octo_V3.in,/scratch16/pclancy3/victor/V-ST/new_interstitial/todo,2L_octo_V3.in,.in,4676,relax,relax,83,3,v-sb2te3,,False,False,,,0,,False,,qe_input_template_candidate
/scratch16/pclancy3/victor/V-ST/new_interstitial/todo/2L_octo_V2.in,/scratch16/pclancy3/victor/V-ST/new_interstitial/todo,2L_octo_V2.in,.in,4631,relax,relax,82,3,v-sb2te3,,False,False,,,0,,False,,qe_input_template_candidate
/scratch16/pclancy3/victor/V-ST/new_interstitial/todo/2L_tetra_V1_v2.xyz,/scratch16/pclancy3/victor/V-ST/new_interstitial/todo,2L_tetra_V1_v2.xyz,.xyz,7184,structure_or_other,,,,,,False,False,,,0,,False,,structure_candidate
/scratch16/pclancy3/victor/V-ST/new_interstitial/todo/slurm-10310001.out,/scratch16/pclancy3/victor/V-ST/new_interstitial/todo,slurm-10310001.out,.out,2103,qe_output_unknown,,,,,,False,False,,,0,,False,,partial_or_unknown_qe_output
/scratch16/pclancy3/victor/V-ST/new_interstitial/todo/2L_octo_V2_v2.in,/scratch16/pclancy3/victor/V-ST/new_interstitial/todo,2L_octo_V2_v2.in,.in,4632,relax,relax,82,3,v-sb2te3,,False,False,,,0,,False,,qe_input_template_candidate
/scratch16/pclancy3/victor/V-ST/new_interstitial/todo/2L_octo_V2_v2.xyz,/scratch16/pclancy3/victor/V-ST/new_interstitial/todo,2L_octo_V2_v2.xyz,.xyz,7247,structure_or_other,,,,,,False,False,,,0,,False,,structure_candidate
/scratch16/pclancy3/victor/V-ST/new_interstitial/todo/slurm-10309869.out,/scratch16/pclancy3/victor/V-ST/new_interstitial/todo,slurm-10309869.out,.out,2412,qe_output_unknown,,,,,,False,False,,,0,,False,,partial_or_unknown_qe_output
/scratch16/pclancy3/victor/V-ST/new_interstitial/todo/2L_tetra_V1.in,/scratch16/pclancy3/victor/V-ST/new_interstitial/todo,2L_tetra_V1.in,.in,4588,relax,relax,81,3,v-sb2te3,,False,False,,,0,,False,,qe_input_template_candidate
/scratch16/pclancy3/victor/V-ST/new_interstitial/todo/slurm-10365547.out,/scratch16/pclancy3/victor/V-ST/new_interstitial/todo,slurm-10365547.out,.out,2004,qe_output_unknown,,,,,,False,False,,,0,,False,,partial_or_unknown_qe_output
/scratch16/pclancy3/victor/V-ST/new_interstitial/todo/2L_tetra_V1_v2_relaxed.out,/scratch16/pclancy3/victor/V-ST/new_interstitial/todo,2L_tetra_V1_v2_relaxed.out,.out,147280,qe_output_unknown,,,,,,False,True,%%%%%%%%;error in routine;stopping,-13012.28736980,1,,False,,quarantine_or_restart_review
/scratch16/pclancy3/victor/V-ST/new_interstitial/todo/2L_octo_V1.in,/scratch16/pclancy3/victor/V-ST/new_interstitial/todo,2L_octo_V1.in,.in,4588,relax,relax,81,3,v-sb2te3,,False,False,,,0,,False,,qe_input_template_candidate
/scratch16/pclancy3/victor/V-ST/new_interstitial/todo/2L_octo_V2_relaxed.out,/scratch16/pclancy3/victor/V-ST/new_interstitial/todo,2L_octo_V2_relaxed.out,.out,163352,qe_output_unknown,,,,,,False,False,,-13154.48523953,1,,False,,partial_or_unknown_qe_output
/scratch16/pclancy3/victor/V-ST/new_interstitial/todo/slurm-10310085.out,/scratch16/pclancy3/victor/V-ST/new_interstitial/todo,slurm-10310085.out,.out,2103,qe_output_unknown,,,,,,False,False,,,0,,False,,partial_or_unknown_qe_output
/scratch16/pclancy3/victor/V-ST/new_interstitial/todo/2L_octo_V1_relaxed.out,/scratch16/pclancy3/victor/V-ST/new_interstitial/todo,2L_octo_V1_relaxed.out,.out,2917724,qe_output_unknown,,,,,,True,False,,-13012.46198959,24,,False,,completed_qe_output_candidate
/scratch16/pclancy3/victor/V-ST/new_interstitial/todo/2L_tetra_V1_relaxed.out,/scratch16/pclancy3/victor/V-ST/new_interstitial/todo,2L_tetra_V1_relaxed.out,.out,269692,qe_output_unknown,,,,,,False,True,%%%%%%%%;error in routine;stopping,-13012.36724350,2,,False,,quarantine_or_restart_review
/scratch16/pclancy3/victor/V-ST/new_interstitial/Diffusion_Traj/4.out,/scratch16/pclancy3/victor/V-ST/new_interstitial/Diffusion_Traj,4.out,.out,4010196,qe_output_unknown,,,,,,False,False,,-13012.44094149,33,,False,,partial_or_unknown_qe_output
/scratch16/pclancy3/victor/V-ST/new_interstitial/Diffusion_Traj/slurm-7129288.out,/scratch16/pclancy3/victor/V-ST/new_interstitial/Diffusion_Traj,slurm-7129288.out,.out,2103,qe_output_unknown,,,,,,False,False,,,0,,False,,partial_or_unknown_qe_output
/scratch16/pclancy3/victor/V-ST/new_interstitial/Diffusion_Traj/slurm-7101120.out,/scratch16/pclancy3/victor/V-ST/new_interstitial/Diffusion_Traj,slurm-7101120.out,.out,2103,qe_output_unknown,,,,,,False,False,,,0,,False,,partial_or_unknown_qe_output
/scratch16/pclancy3/victor/V-ST/new_interstitial/Diffusion_Traj/slurm-7077027.out,/scratch16/pclancy3/victor/V-ST/new_interstitial/Diffusion_Traj,slurm-7077027.out,.out,2103,qe_output_unknown,,,,,,False,False,,,0,,False,,partial_or_unknown_qe_output
/scratch16/pclancy3/victor/V-ST/new_interstitial/Diffusion_Traj/5-2L_hetra_V1_v5_surface copy.xyz,/scratch16/pclancy3/victor/V-ST/new_interstitial/Diffusion_Traj,5-2L_hetra_V1_v5_surface copy.xyz,.xyz,7184,structure_or_other,,,,,,False,False,,,0,,False,,structure_candidate
/scratch16/pclancy3/victor/V-ST/new_interstitial/Diffusion_Traj/2.in,/scratch16/pclancy3/victor/V-ST/new_interstitial/Diffusion_Traj,2.in,.in,5918,relax,relax,81,3,v-sb2te3,,False,False,,,0,,False,,qe_input_template_candidate
/scratch16/pclancy3/victor/V-ST/new_interstitial/Diffusion_Traj/slurm-7101136.out,/scratch16/pclancy3/victor/V-ST/new_interstitial/Diffusion_Traj,slurm-7101136.out,.out,2004,qe_output_unknown,,,,,,False,False,,,0,,False,,partial_or_unknown_qe_output
/scratch16/pclancy3/victor/V-ST/new_interstitial/Diffusion_Traj/4.xyz,/scratch16/pclancy3/victor/V-ST/new_interstitial/Diffusion_Traj,4.xyz,.xyz,8755,structure_or_other,,,,,,False,False,,,0,,False,,structure_candidate
/scratch16/pclancy3/victor/V-ST/new_interstitial/Diffusion_Traj/slurm-7077028.out,/scratch16/pclancy3/victor/V-ST/new_interstitial/Diffusion_Traj,slurm-7077028.out,.out,2103,qe_output_unknown,,,,,,False,False,,,0,,False,,partial_or_unknown_qe_output
/scratch16/pclancy3/victor/V-ST/new_interstitial/Diffusion_Traj/4- 2L_hetra_V1_v4.xyz,/scratch16/pclancy3/victor/V-ST/new_interstitial/Diffusion_Traj,4- 2L_hetra_V1_v4.xyz,.xyz,7184,structure_or_other,,,,,,False,False,,,0,,False,,structure_candidate
/scratch16/pclancy3/victor/V-ST/new_interstitial/Diffusion_Traj/1.in,/scratch16/pclancy3/victor/V-ST/new_interstitial/Diffusion_Traj,1.in,.in,5920,relax,relax,81,3,v-sb2te3,,False,False,,,0,,False,,qe_input_template_candidate
/scratch16/pclancy3/victor/V-ST/new_interstitial/Diffusion_Traj/1.xyz,/scratch16/pclancy3/victor/V-ST/new_interstitial/Diffusion_Traj,1.xyz,.xyz,8757,structure_or_other,,,,,,False,False,,,0,,False,,structure_candidate
/scratch16/pclancy3/victor/V-ST/new_interstitial/Diffusion_Traj/slurm-7101102.out,/scratch16/pclancy3/victor/V-ST/new_interstitial/Diffusion_Traj,slurm-7101102.out,.out,80,qe_output_unknown,,,,,,False,False,,,0,,False,,partial_or_unknown_qe_output
/scratch16/pclancy3/victor/V-ST/new_interstitial/Diffusion_Traj/slurm-7059067.out,/scratch16/pclancy3/victor/V-ST/new_interstitial/Diffusion_Traj,slurm-7059067.out,.out,2103,qe_output_unknown,,,,,,False,False,,,0,,False,,partial_or_unknown_qe_output
/scratch16/pclancy3/victor/V-ST/new_interstitial/Diffusion_Traj/slurm-7454176.out,/scratch16/pclancy3/victor/V-ST/new_interstitial/Diffusion_Traj,slurm-7454176.out,.out,2103,qe_output_unknown,,,,,,False,False,,,0,,False,,partial_or_unknown_qe_output
/scratch16/pclancy3/victor/V-ST/new_interstitial/Diffusion_Traj/0-2L_octo_V1.xyz,/scratch16/pclancy3/victor/V-ST/new_interstitial/Diffusion_Traj,0-2L_octo_V1.xyz,.xyz,7184,structure_or_other,,,,,,False,False,,,0,,False,,structure_candidate
/scratch16/pclancy3/victor/V-ST/new_interstitial/Diffusion_Traj/5.2.in,/scratch16/pclancy3/victor/V-ST/new_interstitial/Diffusion_Traj,5.2.in,.in,5916,relax,relax,81,3,v-sb2te3,,False,False,,,0,,False,,qe_input_template_candidate
/scratch16/pclancy3/victor/V-ST/new_interstitial/Diffusion_Traj/slurm-7129287.out,/scratch16/pclancy3/victor/V-ST/new_interstitial/Diffusion_Traj,slurm-7129287.out,.out,2103,qe_output_unknown,,,,,,False,False,,,0,,False,,partial_or_unknown_qe_output
/scratch16/pclancy3/victor/V-ST/new_interstitial/Diffusion_Traj/slurm-7226936.out,/scratch16/pclancy3/victor/V-ST/new_interstitial/Diffusion_Traj,slurm-7226936.out,.out,2103,qe_output_unknown,,,,,,False,False,,,0,,False,,partial_or_unknown_qe_output
/scratch16/pclancy3/victor/V-ST/new_interstitial/Diffusion_Traj/slurm-7310104.out,/scratch16/pclancy3/victor/V-ST/new_interstitial/Diffusion_Traj,slurm-7310104.out,.out,2103,qe_output_unknown,,,,,,False,False,,,0,,False,,partial_or_unknown_qe_output
/scratch16/pclancy3/victor/V-ST/new_interstitial/Diffusion_Traj/0.in,/scratch16/pclancy3/victor/V-ST/new_interstitial/Diffusion_Traj,0.in,.in,5914,relax,relax,81,3,v-sb2te3,,False,False,,,0,,False,,qe_input_template_candidate
/scratch16/pclancy3/victor/V-ST/new_interstitial/Diffusion_Traj/slurm-7042450.out,/scratch16/pclancy3/victor/V-ST/new_interstitial/Diffusion_Traj,slurm-7042450.out,.out,2103,qe_output_unknown,,,,,,False,False,,,0,,False,,partial_or_unknown_qe_output
/scratch16/pclancy3/victor/V-ST/new_interstitial/Diffusion_Traj/slurm-7042385.out,/scratch16/pclancy3/victor/V-ST/new_interstitial/Diffusion_Traj,slurm-7042385.out,.out,2103,qe_output_unknown,,,,,,False,False,,,0,,False,,partial_or_unknown_qe_output
/scratch16/pclancy3/victor/V-ST/new_interstitial/Diffusion_Traj/slurm-7129286.out,/scratch16/pclancy3/victor/V-ST/new_interstitial/Diffusion_Traj,slurm-7129286.out,.out,2103,qe_output_unknown,,,,,,False,False,,,0,,False,,partial_or_unknown_qe_output
/scratch16/pclancy3/victor/V-ST/new_interstitial/Diffusion_Traj/3.xyz,/scratch16/pclancy3/victor/V-ST/new_interstitial/Diffusion_Traj,3.xyz,.xyz,8757,structure_or_other,,,,,,False,False,,,0,,False,,structure_candidate
/scratch16/pclancy3/victor/V-ST/new_interstitial/Diffusion_Traj/0.xyz,/scratch16/pclancy3/victor/V-ST/new_interstitial/Diffusion_Traj,0.xyz,.xyz,8757,structure_or_other,,,,,,False,False,,,0,,False,,structure_candidate
/scratch16/pclancy3/victor/V-ST/new_interstitial/Diffusion_Traj/slurm-7755185.out,/scratch16/pclancy3/victor/V-ST/new_interstitial/Diffusion_Traj,slurm-7755185.out,.out,2004,qe_output_unknown,,,,,,False,False,,,0,,False,,partial_or_unknown_qe_output
/scratch16/pclancy3/victor/V-ST/new_interstitial/Diffusion_Traj/3.out,/scratch16/pclancy3/victor/V-ST/new_interstitial/Diffusion_Traj,3.out,.out,276875,qe_output_unknown,,,,,,False,True,%%%%%%%%;error in routine;stopping,-13012.41755565,2,,False,,quarantine_or_restart_review
/scratch16/pclancy3/victor/V-ST/new_interstitial/Diffusion_Traj/1-2L_hetra_V1 copy.xyz,/scratch16/pclancy3/victor/V-ST/new_interstitial/Diffusion_Traj,1-2L_hetra_V1 copy.xyz,.xyz,7184,structure_or_other,,,,,,False,False,,,0,,False,,structure_candidate
/scratch16/pclancy3/victor/V-ST/new_interstitial/Diffusion_Traj/slurm-7454233.out,/scratch16/pclancy3/victor/V-ST/new_interstitial/Diffusion_Traj,slurm-7454233.out,.out,2004,qe_output_unknown,,,,,,False,False,,,0,,False,,partial_or_unknown_qe_output
/scratch16/pclancy3/victor/V-ST/new_interstitial/Diffusion_Traj/5_2-2L_hetra_V1_v5_surface_2.xyz,/scratch16/pclancy3/victor/V-ST/new_interstitial/Diffusion_Traj,5_2-2L_hetra_V1_v5_surface_2.xyz,.xyz,7184,structure_or_other,,,,,,False,False,,,0,,False,,structure_candidate
/scratch16/pclancy3/victor/V-ST/new_interstitial/Diffusion_Traj/slurm-7022195.out,/scratch16/pclancy3/victor/V-ST/new_interstitial/Diffusion_Traj,slurm-7022195.out,.out,2103,qe_output_unknown,,,,,,False,False,,,0,,False,,partial_or_unknown_qe_output
/scratch16/pclancy3/victor/V-ST/new_interstitial/Diffusion_Traj/2.out,/scratch16/pclancy3/victor/V-ST/new_interstitial/Diffusion_Traj,2.out,.out,3520355,qe_output_unknown,,,,,,True,False,,-13012.48357704,29,,False,,completed_qe_output_candidate
/scratch16/pclancy3/victor/V-ST/new_interstitial/Diffusion_Traj/2-2L_hetra_V1_v2.xyz,/scratch16/pclancy3/victor/V-ST/new_interstitial/Diffusion_Traj,2-2L_hetra_V1_v2.xyz,.xyz,7184,structure_or_other,,,,,,False,False,,,0,,False,,structure_candidate
/scratch16/pclancy3/victor/V-ST/new_interstitial/Diffusion_Traj/slurm-7226932.out,/scratch16/pclancy3/victor/V-ST/new_interstitial/Diffusion_Traj,slurm-7226932.out,.out,2004,qe_output_unknown,,,,,,False,False,,,0,,False,,partial_or_unknown_qe_output
/scratch16/pclancy3/victor/V-ST/new_interstitial/Diffusion_Traj/slurm-7042526.out,/scratch16/pclancy3/victor/V-ST/new_interstitial/Diffusion_Traj,slurm-7042526.out,.out,2103,qe_output_unknown,,,,,,False,False,,,0,,False,,partial_or_unknown_qe_output
/scratch16/pclancy3/victor/V-ST/new_interstitial/Diffusion_Traj/1.out,/scratch16/pclancy3/victor/V-ST/new_interstitial/Diffusion_Traj,1.out,.out,151493,qe_output_unknown,,,,,,False,True,%%%%%%%%;error in routine;stopping,-13012.38398129,1,,False,,quarantine_or_restart_review
/scratch16/pclancy3/victor/V-ST/new_interstitial/Diffusion_Traj/5.1.xyz,/scratch16/pclancy3/victor/V-ST/new_interstitial/Diffusion_Traj,5.1.xyz,.xyz,8755,structure_or_other,,,,,,False,False,,,0,,False,,structure_candidate
/scratch16/pclancy3/victor/V-ST/new_interstitial/Diffusion_Traj/1 copy.in,/scratch16/pclancy3/victor/V-ST/new_interstitial/Diffusion_Traj,1 copy.in,.in,5919,relax,relax,81,3,v-sb2te3,,False,False,,,0,,False,,qe_input_template_candidate
/scratch16/pclancy3/victor/V-ST/new_interstitial/Diffusion_Traj/5-2L_hetra_V1_v5_surface.xyz,/scratch16/pclancy3/victor/V-ST/new_interstitial/Diffusion_Traj,5-2L_hetra_V1_v5_surface.xyz,.xyz,7184,structure_or_other,,,,,,False,False,,,0,,False,,structure_candidate
/scratch16/pclancy3/victor/V-ST/new_interstitial/Diffusion_Traj/3-2L_hetra_V1_v3 copy.xyz,/scratch16/pclancy3/victor/V-ST/new_interstitial/Diffusion_Traj,3-2L_hetra_V1_v3 copy.xyz,.xyz,7184,structure_or_other,,,,,,False,False,,,0,,False,,structure_candidate
/scratch16/pclancy3/victor/V-ST/new_interstitial/Diffusion_Traj/0.out,/scratch16/pclancy3/victor/V-ST/new_interstitial/Diffusion_Traj,0.out,.out,2776861,qe_output_unknown,,,,,,True,False,,-13012.46104488,22,,False,,completed_qe_output_candidate
/scratch16/pclancy3/victor/V-ST/new_interstitial/Diffusion_Traj/1_v2.out,/scratch16/pclancy3/victor/V-ST/new_interstitial/Diffusion_Traj,1_v2.out,.out,4617812,qe_output_unknown,,,,,,False,False,,-13012.44226745,33,,False,,partial_or_unknown_qe_output
/scratch16/pclancy3/victor/V-ST/new_interstitial/Diffusion_Traj/5_2-2L_hetra_V1_v5_surface_2 copy.xyz,/scratch16/pclancy3/victor/V-ST/new_interstitial/Diffusion_Traj,5_2-2L_hetra_V1_v5_surface_2 copy.xyz,.xyz,7184,structure_or_other,,,,,,False,False,,,0,,False,,structure_candidate
/scratch16/pclancy3/victor/V-ST/new_interstitial/Diffusion_Traj/3_v2.out,/scratch16/pclancy3/victor/V-ST/new_interstitial/Diffusion_Traj,3_v2.out,.out,3520192,qe_output_unknown,,,,,,True,False,,-13012.48370619,29,,False,,completed_qe_output_candidate
/scratch16/pclancy3/victor/V-ST/new_interstitial/Diffusion_Traj/5.2.out,/scratch16/pclancy3/victor/V-ST/new_interstitial/Diffusion_Traj,5.2.out,.out,3166263,qe_output_unknown,,,,,,True,False,,-13012.40934423,26,,False,,completed_qe_output_candidate
/scratch16/pclancy3/victor/V-ST/new_interstitial/Diffusion_Traj/0-2L_octo_V1 copy.xyz,/scratch16/pclancy3/victor/V-ST/new_interstitial/Diffusion_Traj,0-2L_octo_V1 copy.xyz,.xyz,7184,structure_or_other,,,,,,False,False,,,0,,False,,structure_candidate
/scratch16/pclancy3/victor/V-ST/new_interstitial/Diffusion_Traj/4.in,/scratch16/pclancy3/victor/V-ST/new_interstitial/Diffusion_Traj,4.in,.in,5914,relax,relax,81,3,v-sb2te3,,False,False,,,0,,False,,qe_input_template_candidate
/scratch16/pclancy3/victor/V-ST/new_interstitial/Diffusion_Traj/slurm-7310082.out,/scratch16/pclancy3/victor/V-ST/new_interstitial/Diffusion_Traj,slurm-7310082.out,.out,2004,qe_output_unknown,,,,,,False,False,,,0,,False,,partial_or_unknown_qe_output
/scratch16/pclancy3/victor/V-ST/new_interstitial/Diffusion_Traj/4- 2L_hetra_V1_v4 copy.xyz,/scratch16/pclancy3/victor/V-ST/new_interstitial/Diffusion_Traj,4- 2L_hetra_V1_v4 copy.xyz,.xyz,7184,structure_or_other,,,,,,False,False,,,0,,False,,structure_candidate
/scratch16/pclancy3/victor/V-ST/new_interstitial/Diffusion_Traj/3-2L_hetra_V1_v3.xyz,/scratch16/pclancy3/victor/V-ST/new_interstitial/Diffusion_Traj,3-2L_hetra_V1_v3.xyz,.xyz,7184,structure_or_other,,,,,,False,False,,,0,,False,,structure_candidate
/scratch16/pclancy3/victor/V-ST/new_interstitial/Diffusion_Traj/1-2L_hetra_V1.xyz,/scratch16/pclancy3/victor/V-ST/new_interstitial/Diffusion_Traj,1-2L_hetra_V1.xyz,.xyz,7184,structure_or_other,,,,,,False,False,,,0,,False,,structure_candidate
/scratch16/pclancy3/victor/V-ST/new_interstitial/Diffusion_Traj/slurm-7129285.out,/scratch16/pclancy3/victor/V-ST/new_interstitial/Diffusion_Traj,slurm-7129285.out,.out,2004,qe_output_unknown,,,,,,False,False,,,0,,False,,partial_or_unknown_qe_output
/scratch16/pclancy3/victor/V-ST/new_interstitial/Diffusion_Traj/5.1.out,/scratch16/pclancy3/victor/V-ST/new_interstitial/Diffusion_Traj,5.1.out,.out,3050639,qe_output_unknown,,,,,,True,False,,-13012.40933428,25,,False,,completed_qe_output_candidate
/scratch16/pclancy3/victor/V-ST/new_interstitial/Diffusion_Traj/5.1.in,/scratch16/pclancy3/victor/V-ST/new_interstitial/Diffusion_Traj,5.1.in,.in,5914,relax,relax,81,3,v-sb2te3,,False,False,,,0,,False,,qe_input_template_candidate
/scratch16/pclancy3/victor/V-ST/new_interstitial/Diffusion_Traj/slurm-7042355.out,/scratch16/pclancy3/victor/V-ST/new_interstitial/Diffusion_Traj,slurm-7042355.out,.out,2103,qe_output_unknown,,,,,,False,False,,,0,,False,,partial_or_unknown_qe_output
/scratch16/pclancy3/victor/V-ST/new_interstitial/Diffusion_Traj/slurm-7042525.out,/scratch16/pclancy3/victor/V-ST/new_interstitial/Diffusion_Traj,slurm-7042525.out,.out,2103,qe_output_unknown,,,,,,False,False,,,0,,False,,partial_or_unknown_qe_output
/scratch16/pclancy3/victor/V-ST/new_interstitial/Diffusion_Traj/3.in,/scratch16/pclancy3/victor/V-ST/new_interstitial/Diffusion_Traj,3.in,.in,5915,relax,relax,81,3,v-sb2te3,,False,False,,,0,,False,,qe_input_template_candidate
/scratch16/pclancy3/victor/V-ST/new_interstitial/Diffusion_Traj/slurm-7022189.out,/scratch16/pclancy3/victor/V-ST/new_interstitial/Diffusion_Traj,slurm-7022189.out,.out,2004,qe_output_unknown,,,,,,False,False,,,0,,False,,partial_or_unknown_qe_output
/scratch16/pclancy3/victor/V-ST/new_interstitial/Diffusion_Traj/slurm-7059070.out,/scratch16/pclancy3/victor/V-ST/new_interstitial/Diffusion_Traj,slurm-7059070.out,.out,2103,qe_output_unknown,,,,,,False,False,,,0,,False,,partial_or_unknown_qe_output
/scratch16/pclancy3/victor/V-ST/new_interstitial/Diffusion_Traj/slurm-7073299.out,/scratch16/pclancy3/victor/V-ST/new_interstitial/Diffusion_Traj,slurm-7073299.out,.out,2004,qe_output_unknown,,,,,,False,False,,,0,,False,,partial_or_unknown_qe_output
/scratch16/pclancy3/victor/V-ST/new_interstitial/Diffusion_Traj/5.2.xyz,/scratch16/pclancy3/victor/V-ST/new_interstitial/Diffusion_Traj,5.2.xyz,.xyz,8755,structure_or_other,,,,,,False,False,,,0,,False,,structure_candidate
/scratch16/pclancy3/victor/V-ST/new_interstitial/Diffusion_Traj/2.xyz,/scratch16/pclancy3/victor/V-ST/new_interstitial/Diffusion_Traj,2.xyz,.xyz,8755,structure_or_other,,,,,,False,False,,,0,,False,,structure_candidate
/scratch16/pclancy3/victor/V-ST/new_interstitial/Diffusion_Traj/slurm-7041168.out,/scratch16/pclancy3/victor/V-ST/new_interstitial/Diffusion_Traj,slurm-7041168.out,.out,2103,qe_output_unknown,,,,,,False,False,,,0,,False,,partial_or_unknown_qe_output
/scratch16/pclancy3/victor/V-ST/new_interstitial/Diffusion_Traj/2-2L_hetra_V1_v2 copy.xyz,/scratch16/pclancy3/victor/V-ST/new_interstitial/Diffusion_Traj,2-2L_hetra_V1_v2 copy.xyz,.xyz,7184,structure_or_other,,,,,,False,False,,,0,,False,,structure_candidate
/scratch16/pclancy3/victor/V-ST/new_interstitial/Diffusion_Traj/neb/slurm-11856725.out,/scratch16/pclancy3/victor/V-ST/new_interstitial/Diffusion_Traj/neb,slurm-11856725.out,.out,2213,qe_output_unknown,,,,,,False,False,,,0,,False,,partial_or_unknown_qe_output
/scratch16/pclancy3/victor/V-ST/new_interstitial/Diffusion_Traj/neb/slurm-10365548.out,/scratch16/pclancy3/victor/V-ST/new_interstitial/Diffusion_Traj/neb,slurm-10365548.out,.out,2074,qe_output_unknown,,,,,,False,False,,,0,,False,,partial_or_unknown_qe_output
/scratch16/pclancy3/victor/V-ST/new_interstitial/Diffusion_Traj/neb/4- 2L_hetra_V1_v4.xyz,/scratch16/pclancy3/victor/V-ST/new_interstitial/Diffusion_Traj/neb,4- 2L_hetra_V1_v4.xyz,.xyz,7184,structure_or_other,,,,,,False,False,,,0,,False,,structure_candidate
/scratch16/pclancy3/victor/V-ST/new_interstitial/Diffusion_Traj/neb/01_neb.out,/scratch16/pclancy3/victor/V-ST/new_interstitial/Diffusion_Traj/neb,01_neb.out,.out,0,neb,,,,,,False,False,,,0,,False,,neb_needs_input_or_restart_review
/scratch16/pclancy3/victor/V-ST/new_interstitial/Diffusion_Traj/neb/slurm-11761363.out,/scratch16/pclancy3/victor/V-ST/new_interstitial/Diffusion_Traj/neb,slurm-11761363.out,.out,963,qe_output_unknown,,,,,,False,False,,,0,,False,,partial_or_unknown_qe_output
/scratch16/pclancy3/victor/V-ST/new_interstitial/Diffusion_Traj/neb/slurm-11640108.out,/scratch16/pclancy3/victor/V-ST/new_interstitial/Diffusion_Traj/neb,slurm-11640108.out,.out,2056,qe_output_unknown,,,,,,False,False,,,0,,False,,partial_or_unknown_qe_output
/scratch16/pclancy3/victor/V-ST/new_interstitial/Diffusion_Traj/neb/01_v-sb2te3_v2.xyz,/scratch16/pclancy3/victor/V-ST/new_interstitial/Diffusion_Traj/neb,01_v-sb2te3_v2.xyz,.xyz,8276,structure_or_other,,,,,,False,False,,,0,,False,,structure_candidate
/scratch16/pclancy3/victor/V-ST/new_interstitial/Diffusion_Traj/neb/12_neb.in,/scratch16/pclancy3/victor/V-ST/new_interstitial/Diffusion_Traj/neb,12_neb.in,.in,10008,neb,,81,3,v-sb2te3,3,False,False,,,0,,False,,neb_needs_input_or_restart_review
/scratch16/pclancy3/victor/V-ST/new_interstitial/Diffusion_Traj/neb/slurm-11784168.out,/scratch16/pclancy3/victor/V-ST/new_interstitial/Diffusion_Traj/neb,slurm-11784168.out,.out,999,qe_output_unknown,,,,,,False,False,,,0,,False,,partial_or_unknown_qe_output
/scratch16/pclancy3/victor/V-ST/new_interstitial/Diffusion_Traj/neb/34_neb.out,/scratch16/pclancy3/victor/V-ST/new_interstitial/Diffusion_Traj/neb,34_neb.out,.out,2921,neb,,,,,3,False,False,,,0,5.003261,False,5.6425,partial_neb_candidate
/scratch16/pclancy3/victor/V-ST/new_interstitial/Diffusion_Traj/neb/0-2L_octo_V1.xyz,/scratch16/pclancy3/victor/V-ST/new_interstitial/Diffusion_Traj/neb,0-2L_octo_V1.xyz,.xyz,7184,structure_or_other,,,,,,False,False,,,0,,False,,structure_candidate
/scratch16/pclancy3/victor/V-ST/new_interstitial/Diffusion_Traj/neb/slurm-11784169.out,/scratch16/pclancy3/victor/V-ST/new_interstitial/Diffusion_Traj/neb,slurm-11784169.out,.out,963,qe_output_unknown,,,,,,False,False,,,0,,False,,partial_or_unknown_qe_output
/scratch16/pclancy3/victor/V-ST/new_interstitial/Diffusion_Traj/neb/pw_2.in,/scratch16/pclancy3/victor/V-ST/new_interstitial/Diffusion_Traj/neb,pw_2.in,.in,5356,qe_input_unknown,,81,3,v-sb2te3,,False,False,,,0,,False,,qe_input_template_candidate
/scratch16/pclancy3/victor/V-ST/new_interstitial/Diffusion_Traj/neb/12_neb.out,/scratch16/pclancy3/victor/V-ST/new_interstitial/Diffusion_Traj/neb,12_neb.out,.out,16647,neb,,,,,3,False,False,,,0,,False,5.6618,neb_needs_input_or_restart_review
/scratch16/pclancy3/victor/V-ST/new_interstitial/Diffusion_Traj/neb/slurm-10217151.out,/scratch16/pclancy3/victor/V-ST/new_interstitial/Diffusion_Traj/neb,slurm-10217151.out,.out,2106,qe_output_unknown,,,,,,False,False,,,0,,False,,partial_or_unknown_qe_output
/scratch16/pclancy3/victor/V-ST/new_interstitial/Diffusion_Traj/neb/01_neb_v2.in,/scratch16/pclancy3/victor/V-ST/new_interstitial/Diffusion_Traj/neb,01_neb_v2.in,.in,8659,neb,,81,3,01_v-sb2te3_v2,2,False,False,,,0,,False,,neb_needs_input_or_restart_review
/scratch16/pclancy3/victor/V-ST/new_interstitial/Diffusion_Traj/neb/12_neb_parallel.out,/scratch16/pclancy3/victor/V-ST/new_interstitial/Diffusion_Traj/neb,12_neb_parallel.out,.out,20649,neb,,,,,3,False,False,,,0,5.218393,False,5.6618,partial_neb_candidate
/scratch16/pclancy3/victor/V-ST/new_interstitial/Diffusion_Traj/neb/slurm-11761361.out,/scratch16/pclancy3/victor/V-ST/new_interstitial/Diffusion_Traj/neb,slurm-11761361.out,.out,963,qe_output_unknown,,,,,,False,False,,,0,,False,,partial_or_unknown_qe_output
/scratch16/pclancy3/victor/V-ST/new_interstitial/Diffusion_Traj/neb/0_qe_input.in,/scratch16/pclancy3/victor/V-ST/new_interstitial/Diffusion_Traj/neb,0_qe_input.in,.in,4003,qe_input_unknown,,81,3,,,False,False,,,0,,False,,qe_input_template_candidate
/scratch16/pclancy3/victor/V-ST/new_interstitial/Diffusion_Traj/neb/slurm-11856726.out,/scratch16/pclancy3/victor/V-ST/new_interstitial/Diffusion_Traj/neb,slurm-11856726.out,.out,2249,qe_output_unknown,,,,,,False,False,,,0,,False,,partial_or_unknown_qe_output
/scratch16/pclancy3/victor/V-ST/new_interstitial/Diffusion_Traj/neb/slurm-11761374.out,/scratch16/pclancy3/victor/V-ST/new_interstitial/Diffusion_Traj/neb,slurm-11761374.out,.out,963,qe_output_unknown,,,,,,False,False,,,0,,False,,partial_or_unknown_qe_output
/scratch16/pclancy3/victor/V-ST/new_interstitial/Diffusion_Traj/neb/5_2-2L_hetra_V1_v5_surface_2.xyz,/scratch16/pclancy3/victor/V-ST/new_interstitial/Diffusion_Traj/neb,5_2-2L_hetra_V1_v5_surface_2.xyz,.xyz,7184,structure_or_other,,,,,,False,False,,,0,,False,,structure_candidate
/scratch16/pclancy3/victor/V-ST/new_interstitial/Diffusion_Traj/neb/slurm-11775107.out,/scratch16/pclancy3/victor/V-ST/new_interstitial/Diffusion_Traj/neb,slurm-11775107.out,.out,2043,qe_output_unknown,,,,,,False,False,,,0,,False,,partial_or_unknown_qe_output
/scratch16/pclancy3/victor/V-ST/new_interstitial/Diffusion_Traj/neb/slurm-10805546.out,/scratch16/pclancy3/victor/V-ST/new_interstitial/Diffusion_Traj/neb,slurm-10805546.out,.out,2249,qe_output_unknown,,,,,,False,False,,,0,,False,,partial_or_unknown_qe_output
/scratch16/pclancy3/victor/V-ST/new_interstitial/Diffusion_Traj/neb/slurm-10217142.out,/scratch16/pclancy3/victor/V-ST/new_interstitial/Diffusion_Traj/neb,slurm-10217142.out,.out,2208,qe_output_unknown,,,,,,False,False,,,0,,False,,partial_or_unknown_qe_output
/scratch16/pclancy3/victor/V-ST/new_interstitial/Diffusion_Traj/neb/1_qe_input.in,/scratch16/pclancy3/victor/V-ST/new_interstitial/Diffusion_Traj/neb,1_qe_input.in,.in,4003,qe_input_unknown,,81,3,,,False,False,,,0,,False,,qe_input_template_candidate
/scratch16/pclancy3/victor/V-ST/new_interstitial/Diffusion_Traj/neb/2-2L_hetra_V1_v2.xyz,/scratch16/pclancy3/victor/V-ST/new_interstitial/Diffusion_Traj/neb,2-2L_hetra_V1_v2.xyz,.xyz,7184,structure_or_other,,,,,,False,False,,,0,,False,,structure_candidate
/scratch16/pclancy3/victor/V-ST/new_interstitial/Diffusion_Traj/neb/23_neb.out,/scratch16/pclancy3/victor/V-ST/new_interstitial/Diffusion_Traj/neb,23_neb.out,.out,64133,neb,,,,,3,False,False,,,0,4.597821,False,6.0992,partial_neb_candidate
/scratch16/pclancy3/victor/V-ST/new_interstitial/Diffusion_Traj/neb/v-sb2te3.xyz,/scratch16/pclancy3/victor/V-ST/new_interstitial/Diffusion_Traj/neb,v-sb2te3.xyz,.xyz,12414,structure_or_other,,,,,,False,False,,,0,,False,,structure_candidate
/scratch16/pclancy3/victor/V-ST/new_interstitial/Diffusion_Traj/neb/5-2L_hetra_V1_v5_surface.xyz,/scratch16/pclancy3/victor/V-ST/new_interstitial/Diffusion_Traj/neb,5-2L_hetra_V1_v5_surface.xyz,.xyz,7184,structure_or_other,,,,,,False,False,,,0,,False,,structure_candidate
/scratch16/pclancy3/victor/V-ST/new_interstitial/Diffusion_Traj/neb/23_neb.in,/scratch16/pclancy3/victor/V-ST/new_interstitial/Diffusion_Traj/neb,23_neb.in,.in,11351,neb,,81,3,v-sb2te3,3,False,False,,,0,,False,,neb_needs_input_or_restart_review
/scratch16/pclancy3/victor/V-ST/new_interstitial/Diffusion_Traj/neb/slurm-10134463.out,/scratch16/pclancy3/victor/V-ST/new_interstitial/Diffusion_Traj/neb,slurm-10134463.out,.out,2213,qe_output_unknown,,,,,,False,False,,,0,,False,,partial_or_unknown_qe_output
/scratch16/pclancy3/victor/V-ST/new_interstitial/Diffusion_Traj/neb/slurm-11879819.out,/scratch16/pclancy3/victor/V-ST/new_interstitial/Diffusion_Traj/neb,slurm-11879819.out,.out,5173,qe_output_unknown,,,,,,False,True,segmentation fault,,0,,False,,quarantine_or_restart_review
/scratch16/pclancy3/victor/V-ST/new_interstitial/Diffusion_Traj/neb/01_neb_v2.out,/scratch16/pclancy3/victor/V-ST/new_interstitial/Diffusion_Traj/neb,01_neb_v2.out,.out,20229,neb,,,,,2,False,False,,,0,0.288848,False,,partial_neb_candidate
/scratch16/pclancy3/victor/V-ST/new_interstitial/Diffusion_Traj/neb/slurm-11188128.out,/scratch16/pclancy3/victor/V-ST/new_interstitial/Diffusion_Traj/neb,slurm-11188128.out,.out,2249,qe_output_unknown,,,,,,False,False,,,0,,False,,partial_or_unknown_qe_output
/scratch16/pclancy3/victor/V-ST/new_interstitial/Diffusion_Traj/neb/slurm-10217154.out,/scratch16/pclancy3/victor/V-ST/new_interstitial/Diffusion_Traj/neb,slurm-10217154.out,.out,2249,qe_output_unknown,,,,,,False,False,,,0,,False,,partial_or_unknown_qe_output
/scratch16/pclancy3/victor/V-ST/new_interstitial/Diffusion_Traj/neb/3-2L_hetra_V1_v3.xyz,/scratch16/pclancy3/victor/V-ST/new_interstitial/Diffusion_Traj/neb,3-2L_hetra_V1_v3.xyz,.xyz,7184,structure_or_other,,,,,,False,False,,,0,,False,,structure_candidate
/scratch16/pclancy3/victor/V-ST/new_interstitial/Diffusion_Traj/neb/slurm-10134464.out,/scratch16/pclancy3/victor/V-ST/new_interstitial/Diffusion_Traj/neb,slurm-10134464.out,.out,2249,qe_output_unknown,,,,,,False,False,,,0,,False,,partial_or_unknown_qe_output
/scratch16/pclancy3/victor/V-ST/new_interstitial/Diffusion_Traj/neb/01_neb_run2.out,/scratch16/pclancy3/victor/V-ST/new_interstitial/Diffusion_Traj/neb,01_neb_run2.out,.out,78030,neb,,,,,3,False,False,,,0,1.075851,False,,partial_neb_candidate
/scratch16/pclancy3/victor/V-ST/new_interstitial/Diffusion_Traj/neb/1-2L_hetra_V1.xyz,/scratch16/pclancy3/victor/V-ST/new_interstitial/Diffusion_Traj/neb,1-2L_hetra_V1.xyz,.xyz,7184,structure_or_other,,,,,,False,False,,,0,,False,,structure_candidate
/scratch16/pclancy3/victor/V-ST/new_interstitial/Diffusion_Traj/neb/34_neb_parallel.out,/scratch16/pclancy3/victor/V-ST/new_interstitial/Diffusion_Traj/neb,34_neb_parallel.out,.out,58769,neb,,,,,3,False,False,,,0,5.003261,False,5.6425,partial_neb_candidate
/scratch16/pclancy3/victor/V-ST/new_interstitial/Diffusion_Traj/neb/slurm-11385919.out,/scratch16/pclancy3/victor/V-ST/new_interstitial/Diffusion_Traj/neb,slurm-11385919.out,.out,1975,qe_output_unknown,,,,,,False,False,,,0,,False,,partial_or_unknown_qe_output
/scratch16/pclancy3/victor/V-ST/new_interstitial/Diffusion_Traj/neb/pw_1.in,/scratch16/pclancy3/victor/V-ST/new_interstitial/Diffusion_Traj/neb,pw_1.in,.in,4495,qe_input_unknown,,81,3,v-sb2te3,,False,False,,,0,,False,,qe_input_template_candidate
/scratch16/pclancy3/victor/V-ST/new_interstitial/Diffusion_Traj/neb/12_neb_parallel.in,/scratch16/pclancy3/victor/V-ST/new_interstitial/Diffusion_Traj/neb,12_neb_parallel.in,.in,10008,neb,,81,3,v-sb2te3,3,False,False,,,0,,False,,neb_needs_input_or_restart_review
/scratch16/pclancy3/victor/V-ST/new_interstitial/Diffusion_Traj/neb/34_neb.in,/scratch16/pclancy3/victor/V-ST/new_interstitial/Diffusion_Traj/neb,34_neb.in,.in,11362,neb,,81,3,v-sb2te3,3,False,False,,,0,,False,,neb_needs_input_or_restart_review
/scratch16/pclancy3/victor/V-ST/new_interstitial/Diffusion_Traj/neb/01_neb_run1.out,/scratch16/pclancy3/victor/V-ST/new_interstitial/Diffusion_Traj/neb,01_neb_run1.out,.out,79761,neb,,,,,3,False,False,,,0,4.115818,False,6.3389,partial_neb_candidate
/scratch16/pclancy3/victor/V-ST/new_interstitial/Diffusion_Traj/neb/slurm-10805548.out,/scratch16/pclancy3/victor/V-ST/new_interstitial/Diffusion_Traj/neb,slurm-10805548.out,.out,2249,qe_output_unknown,,,,,,False,False,,,0,,False,,partial_or_unknown_qe_output
/scratch16/pclancy3/victor/V-ST/new_interstitial/Diffusion_Traj/neb/01_neb.in,/scratch16/pclancy3/victor/V-ST/new_interstitial/Diffusion_Traj/neb,01_neb.in,.in,8653,neb,,81,3,v-sb2te3,3,False,False,,,0,,False,,neb_needs_input_or_restart_review
/scratch16/pclancy3/victor/V-ST/new_interstitial/Diffusion_Traj/neb/slurm-10217147.out,/scratch16/pclancy3/victor/V-ST/new_interstitial/Diffusion_Traj/neb,slurm-10217147.out,.out,2109,qe_output_unknown,,,,,,False,False,,,0,,False,,partial_or_unknown_qe_output
/scratch16/pclancy3/victor/V-ST/new_interstitial/Diffusion_Traj/neb/01_neb_run3.out,/scratch16/pclancy3/victor/V-ST/new_interstitial/Diffusion_Traj/neb,01_neb_run3.out,.out,96718,neb,,,,,3,False,False,,,0,1.040537,False,,partial_neb_candidate
/scratch16/pclancy3/victor/V-ST/new_interstitial/Diffusion_Traj/neb_3/slurm-14153412.out,/scratch16/pclancy3/victor/V-ST/new_interstitial/Diffusion_Traj/neb_3,slurm-14153412.out,.out,2249,qe_output_unknown,,,,,,False,False,,,0,,False,,partial_or_unknown_qe_output
/scratch16/pclancy3/victor/V-ST/new_interstitial/Diffusion_Traj/neb_3/pw_2.in,/scratch16/pclancy3/victor/V-ST/new_interstitial/Diffusion_Traj/neb_3,pw_2.in,.in,5361,qe_input_unknown,,81,3,55_v-sb2te3,,False,False,,,0,,False,,qe_input_template_candidate
/scratch16/pclancy3/victor/V-ST/new_interstitial/Diffusion_Traj/neb_3/55_v-sb2te3.xyz,/scratch16/pclancy3/victor/V-ST/new_interstitial/Diffusion_Traj/neb_3,55_v-sb2te3.xyz,.xyz,41380,structure_or_other,,,,,,False,False,,,0,,False,,structure_candidate
/scratch16/pclancy3/victor/V-ST/new_interstitial/Diffusion_Traj/neb_3/55_neb.in,/scratch16/pclancy3/victor/V-ST/new_interstitial/Diffusion_Traj/neb_3,55_neb.in,.in,11367,neb,,81,3,55_v-sb2te3,10,False,False,,,0,,False,,neb_needs_input_or_restart_review
/scratch16/pclancy3/victor/V-ST/new_interstitial/Diffusion_Traj/neb_3/55_neb.out,/scratch16/pclancy3/victor/V-ST/new_interstitial/Diffusion_Traj/neb_3,55_neb.out,.out,20574,neb,,,,,10,False,False,,,0,2.920645,False,,partial_neb_candidate
/scratch16/pclancy3/victor/V-ST/new_interstitial/Diffusion_Traj/neb_3/slurm-15619736.out,/scratch16/pclancy3/victor/V-ST/new_interstitial/Diffusion_Traj/neb_3,slurm-15619736.out,.out,2414,qe_output_unknown,,,,,,False,False,,,0,,False,,partial_or_unknown_qe_output
/scratch16/pclancy3/victor/V-ST/new_interstitial/Diffusion_Traj/neb_3/55_neb copy.out,/scratch16/pclancy3/victor/V-ST/new_interstitial/Diffusion_Traj/neb_3,55_neb copy.out,.out,13015,neb,,,,,10,False,False,,,0,28.478909,False,8.0789,partial_neb_candidate
/scratch16/pclancy3/victor/V-ST/new_interstitial/Diffusion_Traj/neb_3/pw_1.in,/scratch16/pclancy3/victor/V-ST/new_interstitial/Diffusion_Traj/neb_3,pw_1.in,.in,5361,qe_input_unknown,,81,3,55_v-sb2te3,,False,False,,,0,,False,,qe_input_template_candidate
/scratch16/pclancy3/victor/V-ST/new_interstitial/Diffusion_Traj/neb_3/out55/55_v-sb2te3_4/PW.out,/scratch16/pclancy3/victor/V-ST/new_interstitial/Diffusion_Traj/neb_3/out55/55_v-sb2te3_4,PW.out,.out,2178166,qe_output_unknown,,,,,,False,False,,-13012.62208292,20,,False,,partial_or_unknown_qe_output
/scratch16/pclancy3/victor/V-ST/new_interstitial/Diffusion_Traj/neb_3/out55/55_v-sb2te3_3/PW.out,/scratch16/pclancy3/victor/V-ST/new_interstitial/Diffusion_Traj/neb_3/out55/55_v-sb2te3_3,PW.out,.out,2153029,qe_output_unknown,,,,,,False,False,,-13012.67032711,20,,False,,partial_or_unknown_qe_output
/scratch16/pclancy3/victor/V-ST/new_interstitial/Diffusion_Traj/neb_3/out55/55_v-sb2te3_1/PW.out,/scratch16/pclancy3/victor/V-ST/new_interstitial/Diffusion_Traj/neb_3/out55/55_v-sb2te3_1,PW.out,.out,2093146,qe_output_unknown,,,,,,False,False,,-13012.73915947,20,,False,,partial_or_unknown_qe_output
/scratch16/pclancy3/victor/V-ST/new_interstitial/Diffusion_Traj/neb_3/out55/55_v-sb2te3_8/PW.out,/scratch16/pclancy3/victor/V-ST/new_interstitial/Diffusion_Traj/neb_3/out55/55_v-sb2te3_8,PW.out,.out,1972970,qe_output_unknown,,,,,,False,False,,-13012.66010972,18,,False,,partial_or_unknown_qe_output
/scratch16/pclancy3/victor/V-ST/new_interstitial/Diffusion_Traj/neb_3/out55/55_v-sb2te3_9/PW.out,/scratch16/pclancy3/victor/V-ST/new_interstitial/Diffusion_Traj/neb_3/out55/55_v-sb2te3_9,PW.out,.out,1911883,qe_output_unknown,,,,,,False,False,,-13012.70079312,18,,False,,partial_or_unknown_qe_output
/scratch16/pclancy3/victor/V-ST/new_interstitial/Diffusion_Traj/neb_3/out55/55_v-sb2te3_2/PW.out,/scratch16/pclancy3/victor/V-ST/new_interstitial/Diffusion_Traj/neb_3/out55/55_v-sb2te3_2,PW.out,.out,2115996,qe_output_unknown,,,,,,False,False,,-13012.71462497,20,,False,,partial_or_unknown_qe_output
/scratch16/pclancy3/victor/V-ST/new_interstitial/Diffusion_Traj/neb_3/out55/55_v-sb2te3_10/PW.out,/scratch16/pclancy3/victor/V-ST/new_interstitial/Diffusion_Traj/neb_3/out55/55_v-sb2te3_10,PW.out,.out,1892725,qe_output_unknown,,,,,,False,False,,-13012.73275093,18,,False,,partial_or_unknown_qe_output
/scratch16/pclancy3/victor/V-ST/new_interstitial/Diffusion_Traj/neb_3/out55/55_v-sb2te3_6/PW.out,/scratch16/pclancy3/victor/V-ST/new_interstitial/Diffusion_Traj/neb_3/out55/55_v-sb2te3_6,PW.out,.out,2198761,qe_output_unknown,,,,,,False,False,,-13012.59829083,20,,False,,partial_or_unknown_qe_output
/scratch16/pclancy3/victor/V-ST/new_interstitial/Diffusion_Traj/neb_3/out55/55_v-sb2te3_7/PW.out,/scratch16/pclancy3/victor/V-ST/new_interstitial/Diffusion_Traj/neb_3/out55/55_v-sb2te3_7,PW.out,.out,2096558,qe_output_unknown,,,,,,False,False,,-13012.62751192,19,,False,,partial_or_unknown_qe_output
/scratch16/pclancy3/victor/V-ST/new_interstitial/Diffusion_Traj/neb_3/out55/55_v-sb2te3_5/PW.out,/scratch16/pclancy3/victor/V-ST/new_interstitial/Diffusion_Traj/neb_3/out55/55_v-sb2te3_5,PW.out,.out,2193935,qe_output_unknown,,,,,,False,False,,-13012.59613976,20,,False,,partial_or_unknown_qe_output
/scratch16/pclancy3/victor/V-ST/new_interstitial/Diffusion_Traj/neb_2/34_v-sb2te3.xyz,/scratch16/pclancy3/victor/V-ST/new_interstitial/Diffusion_Traj/neb_2,34_v-sb2te3.xyz,.xyz,41380,structure_or_other,,,,,,False,False,,,0,,False,,structure_candidate
/scratch16/pclancy3/victor/V-ST/new_interstitial/Diffusion_Traj/neb_2/slurm-12778086.out,/scratch16/pclancy3/victor/V-ST/new_interstitial/Diffusion_Traj/neb_2,slurm-12778086.out,.out,2249,qe_output_unknown,,,,,,False,False,,,0,,False,,partial_or_unknown_qe_output
/scratch16/pclancy3/victor/V-ST/new_interstitial/Diffusion_Traj/neb_2/slurm-12079487.out,/scratch16/pclancy3/victor/V-ST/new_interstitial/Diffusion_Traj/neb_2,slurm-12079487.out,.out,3854,qe_output_unknown,,,,,,False,True,segmentation fault,,0,,False,,quarantine_or_restart_review
/scratch16/pclancy3/victor/V-ST/new_interstitial/Diffusion_Traj/neb_2/12_v-sb2te3.xyz,/scratch16/pclancy3/victor/V-ST/new_interstitial/Diffusion_Traj/neb_2,12_v-sb2te3.xyz,.xyz,41380,structure_or_other,,,,,,False,False,,,0,,False,,structure_candidate
/scratch16/pclancy3/victor/V-ST/new_interstitial/Diffusion_Traj/neb_2/slurm-12110571.out,/scratch16/pclancy3/victor/V-ST/new_interstitial/Diffusion_Traj/neb_2,slurm-12110571.out,.out,2249,qe_output_unknown,,,,,,False,False,,,0,,False,,partial_or_unknown_qe_output
/scratch16/pclancy3/victor/V-ST/new_interstitial/Diffusion_Traj/neb_2/slurm-12668382.out,/scratch16/pclancy3/victor/V-ST/new_interstitial/Diffusion_Traj/neb_2,slurm-12668382.out,.out,2729,qe_output_unknown,,,,,,False,False,,,0,,False,,partial_or_unknown_qe_output
/scratch16/pclancy3/victor/V-ST/new_interstitial/Diffusion_Traj/neb_2/01_neb.out,/scratch16/pclancy3/victor/V-ST/new_interstitial/Diffusion_Traj/neb_2,01_neb.out,.out,32752,neb,,,,,10,False,False,,,0,4.319435,False,6.3389,partial_neb_candidate
/scratch16/pclancy3/victor/V-ST/new_interstitial/Diffusion_Traj/neb_2/slurm-12052221.out,/scratch16/pclancy3/victor/V-ST/new_interstitial/Diffusion_Traj/neb_2,slurm-12052221.out,.out,2249,qe_output_unknown,,,,,,False,False,,,0,,False,,partial_or_unknown_qe_output
/scratch16/pclancy3/victor/V-ST/new_interstitial/Diffusion_Traj/neb_2/slurm-12056086.out,/scratch16/pclancy3/victor/V-ST/new_interstitial/Diffusion_Traj/neb_2,slurm-12056086.out,.out,2249,qe_output_unknown,,,,,,False,False,,,0,,False,,partial_or_unknown_qe_output
/scratch16/pclancy3/victor/V-ST/new_interstitial/Diffusion_Traj/neb_2/12_neb.in,/scratch16/pclancy3/victor/V-ST/new_interstitial/Diffusion_Traj/neb_2,12_neb.in,.in,10037,neb,,81,3,12_v-sb2te3,10,False,False,,,0,,False,,neb_needs_input_or_restart_review
/scratch16/pclancy3/victor/V-ST/new_interstitial/Diffusion_Traj/neb_2/23_neb_run1.out,/scratch16/pclancy3/victor/V-ST/new_interstitial/Diffusion_Traj/neb_2,23_neb_run1.out,.out,8177,neb,,,,,10,False,False,,,0,4.503927,False,6.0992,partial_neb_candidate
/scratch16/pclancy3/victor/V-ST/new_interstitial/Diffusion_Traj/neb_2/slurm-14140629.out,/scratch16/pclancy3/victor/V-ST/new_interstitial/Diffusion_Traj/neb_2,slurm-14140629.out,.out,3301,qe_output_unknown,,,,,,False,False,,,0,,False,,partial_or_unknown_qe_output
/scratch16/pclancy3/victor/V-ST/new_interstitial/Diffusion_Traj/neb_2/34_neb.out,/scratch16/pclancy3/victor/V-ST/new_interstitial/Diffusion_Traj/neb_2,34_neb.out,.out,15837,neb,,,,,10,False,False,,,0,4.997499,False,5.6425,partial_neb_candidate
/scratch16/pclancy3/victor/V-ST/new_interstitial/Diffusion_Traj/neb_2/slurm-12079488.out,/scratch16/pclancy3/victor/V-ST/new_interstitial/Diffusion_Traj/neb_2,slurm-12079488.out,.out,2347,qe_output_unknown,,,,,,False,True,segmentation fault,,0,,False,,quarantine_or_restart_review
/scratch16/pclancy3/victor/V-ST/new_interstitial/Diffusion_Traj/neb_2/55_cr-sb2te3.xyz,/scratch16/pclancy3/victor/V-ST/new_interstitial/Diffusion_Traj/neb_2,55_cr-sb2te3.xyz,.xyz,41380,structure_or_other,,,,,,False,False,,,0,,False,,structure_candidate
/scratch16/pclancy3/victor/V-ST/new_interstitial/Diffusion_Traj/neb_2/slurm-13506477.out,/scratch16/pclancy3/victor/V-ST/new_interstitial/Diffusion_Traj/neb_2,slurm-13506477.out,.out,2249,qe_output_unknown,,,,,,False,False,,,0,,False,,partial_or_unknown_qe_output
/scratch16/pclancy3/victor/V-ST/new_interstitial/Diffusion_Traj/neb_2/55_neb_cr.out,/scratch16/pclancy3/victor/V-ST/new_interstitial/Diffusion_Traj/neb_2,55_neb_cr.out,.out,61172,neb,,,,,10,False,False,,,0,25.885592,False,8.0789,partial_neb_candidate
/scratch16/pclancy3/victor/V-ST/new_interstitial/Diffusion_Traj/neb_2/23_v-sb2te3.xyz,/scratch16/pclancy3/victor/V-ST/new_interstitial/Diffusion_Traj/neb_2,23_v-sb2te3.xyz,.xyz,41380,structure_or_other,,,,,,False,False,,,0,,False,,structure_candidate
/scratch16/pclancy3/victor/V-ST/new_interstitial/Diffusion_Traj/neb_2/pw_2.in,/scratch16/pclancy3/victor/V-ST/new_interstitial/Diffusion_Traj/neb_2,pw_2.in,.in,5366,qe_input_unknown,,81,3,55_cr-sb2te3,,False,False,,,0,,False,,qe_input_template_candidate
/scratch16/pclancy3/victor/V-ST/new_interstitial/Diffusion_Traj/neb_2/12_neb.out,/scratch16/pclancy3/victor/V-ST/new_interstitial/Diffusion_Traj/neb_2,12_neb.out,.out,17556,neb,,,,,10,False,False,,,0,5.078892,False,5.6618,partial_neb_candidate
/scratch16/pclancy3/victor/V-ST/new_interstitial/Diffusion_Traj/neb_2/slurm-12110591.out,/scratch16/pclancy3/victor/V-ST/new_interstitial/Diffusion_Traj/neb_2,slurm-12110591.out,.out,3484,qe_output_unknown,,,,,,False,False,,,0,,False,,partial_or_unknown_qe_output
/scratch16/pclancy3/victor/V-ST/new_interstitial/Diffusion_Traj/neb_2/slurm-12076349.out,/scratch16/pclancy3/victor/V-ST/new_interstitial/Diffusion_Traj/neb_2,slurm-12076349.out,.out,2612,qe_output_unknown,,,,,,False,False,,,0,,False,,partial_or_unknown_qe_output
/scratch16/pclancy3/victor/V-ST/new_interstitial/Diffusion_Traj/neb_2/slurm-12668380.out,/scratch16/pclancy3/victor/V-ST/new_interstitial/Diffusion_Traj/neb_2,slurm-12668380.out,.out,2249,qe_output_unknown,,,,,,False,False,,,0,,False,,partial_or_unknown_qe_output
/scratch16/pclancy3/victor/V-ST/new_interstitial/Diffusion_Traj/neb_2/slurm-12076347.out,/scratch16/pclancy3/victor/V-ST/new_interstitial/Diffusion_Traj/neb_2,slurm-12076347.out,.out,2612,qe_output_unknown,,,,,,False,False,,,0,,False,,partial_or_unknown_qe_output
/scratch16/pclancy3/victor/V-ST/new_interstitial/Diffusion_Traj/neb_2/45_v-sb2te3.xyz,/scratch16/pclancy3/victor/V-ST/new_interstitial/Diffusion_Traj/neb_2,45_v-sb2te3.xyz,.xyz,41380,structure_or_other,,,,,,False,False,,,0,,False,,structure_candidate
/scratch16/pclancy3/victor/V-ST/new_interstitial/Diffusion_Traj/neb_2/slurm-12052225.out,/scratch16/pclancy3/victor/V-ST/new_interstitial/Diffusion_Traj/neb_2,slurm-12052225.out,.out,2249,qe_output_unknown,,,,,,False,False,,,0,,False,,partial_or_unknown_qe_output
/scratch16/pclancy3/victor/V-ST/new_interstitial/Diffusion_Traj/neb_2/slurm-12052230.out,/scratch16/pclancy3/victor/V-ST/new_interstitial/Diffusion_Traj/neb_2,slurm-12052230.out,.out,2249,qe_output_unknown,,,,,,False,False,,,0,,False,,partial_or_unknown_qe_output
/scratch16/pclancy3/victor/V-ST/new_interstitial/Diffusion_Traj/neb_2/45_neb.out,/scratch16/pclancy3/victor/V-ST/new_interstitial/Diffusion_Traj/neb_2,45_neb.out,.out,67026,neb,,,,,10,False,False,,,0,28.478909,False,8.0789,partial_neb_candidate
/scratch16/pclancy3/victor/V-ST/new_interstitial/Diffusion_Traj/neb_2/23_neb.out,/scratch16/pclancy3/victor/V-ST/new_interstitial/Diffusion_Traj/neb_2,23_neb.out,.out,41527,neb,,,,,10,False,False,,,0,1.588739,False,,partial_neb_candidate
/scratch16/pclancy3/victor/V-ST/new_interstitial/Diffusion_Traj/neb_2/slurm-12079489.out,/scratch16/pclancy3/victor/V-ST/new_interstitial/Diffusion_Traj/neb_2,slurm-12079489.out,.out,3562,qe_output_unknown,,,,,,False,False,,,0,,False,,partial_or_unknown_qe_output
/scratch16/pclancy3/victor/V-ST/new_interstitial/Diffusion_Traj/neb_2/55_v-sb2te3.xyz,/scratch16/pclancy3/victor/V-ST/new_interstitial/Diffusion_Traj/neb_2,55_v-sb2te3.xyz,.xyz,41380,structure_or_other,,,,,,False,False,,,0,,False,,structure_candidate
/scratch16/pclancy3/victor/V-ST/new_interstitial/Diffusion_Traj/neb_2/55_neb_cr.in,/scratch16/pclancy3/victor/V-ST/new_interstitial/Diffusion_Traj/neb_2,55_neb_cr.in,.in,11378,neb,,81,3,55_cr-sb2te3,10,False,False,,,0,,False,,neb_needs_input_or_restart_review
/scratch16/pclancy3/victor/V-ST/new_interstitial/Diffusion_Traj/neb_2/slurm-12076331.out,/scratch16/pclancy3/victor/V-ST/new_interstitial/Diffusion_Traj/neb_2,slurm-12076331.out,.out,2106,qe_output_unknown,,,,,,False,False,,,0,,False,,partial_or_unknown_qe_output
/scratch16/pclancy3/victor/V-ST/new_interstitial/Diffusion_Traj/neb_2/23_neb.in,/scratch16/pclancy3/victor/V-ST/new_interstitial/Diffusion_Traj/neb_2,23_neb.in,.in,11375,neb,,81,3,23_v-sb2te3,10,False,False,,,0,,False,,neb_needs_input_or_restart_review
/scratch16/pclancy3/victor/V-ST/new_interstitial/Diffusion_Traj/neb_2/55_neb.in,/scratch16/pclancy3/victor/V-ST/new_interstitial/Diffusion_Traj/neb_2,55_neb.in,.in,11367,neb,,81,3,55_v-sb2te3,10,False,False,,,0,,False,,neb_needs_input_or_restart_review
/scratch16/pclancy3/victor/V-ST/new_interstitial/Diffusion_Traj/neb_2/01_v-sb2te3.xyz,/scratch16/pclancy3/victor/V-ST/new_interstitial/Diffusion_Traj/neb_2,01_v-sb2te3.xyz,.xyz,41380,structure_or_other,,,,,,False,False,,,0,,False,,structure_candidate
/scratch16/pclancy3/victor/V-ST/new_interstitial/Diffusion_Traj/neb_2/55_neb.out,/scratch16/pclancy3/victor/V-ST/new_interstitial/Diffusion_Traj/neb_2,55_neb.out,.out,0,neb,,,,,,False,False,,,0,,False,,neb_needs_input_or_restart_review
/scratch16/pclancy3/victor/V-ST/new_interstitial/Diffusion_Traj/neb_2/slurm-12046535.out,/scratch16/pclancy3/victor/V-ST/new_interstitial/Diffusion_Traj/neb_2,slurm-12046535.out,.out,2213,qe_output_unknown,,,,,,False,False,,,0,,False,,partial_or_unknown_qe_output
/scratch16/pclancy3/victor/V-ST/new_interstitial/Diffusion_Traj/neb_2/slurm-12668381.out,/scratch16/pclancy3/victor/V-ST/new_interstitial/Diffusion_Traj/neb_2,slurm-12668381.out,.out,2249,qe_output_unknown,,,,,,False,False,,,0,,False,,partial_or_unknown_qe_output
/scratch16/pclancy3/victor/V-ST/new_interstitial/Diffusion_Traj/neb_2/slurm-14063134.out,/scratch16/pclancy3/victor/V-ST/new_interstitial/Diffusion_Traj/neb_2,slurm-14063134.out,.out,3302,qe_output_unknown,,,,,,False,False,,,0,,False,,partial_or_unknown_qe_output
/scratch16/pclancy3/victor/V-ST/new_interstitial/Diffusion_Traj/neb_2/pw_1.in,/scratch16/pclancy3/victor/V-ST/new_interstitial/Diffusion_Traj/neb_2,pw_1.in,.in,5366,qe_input_unknown,,81,3,55_cr-sb2te3,,False,False,,,0,,False,,qe_input_template_candidate
/scratch16/pclancy3/victor/V-ST/new_interstitial/Diffusion_Traj/neb_2/55_neb_run1.out,/scratch16/pclancy3/victor/V-ST/new_interstitial/Diffusion_Traj/neb_2,55_neb_run1.out,.out,16068,neb,,,,,10,False,False,,,0,28.478909,False,8.0789,partial_neb_candidate
/scratch16/pclancy3/victor/V-ST/new_interstitial/Diffusion_Traj/neb_2/34_neb.in,/scratch16/pclancy3/victor/V-ST/new_interstitial/Diffusion_Traj/neb_2,34_neb.in,.in,11391,neb,,81,3,34_v-sb2te3,10,False,False,,,0,,False,,neb_needs_input_or_restart_review
/scratch16/pclancy3/victor/V-ST/new_interstitial/Diffusion_Traj/neb_2/slurm-12110598.out,/scratch16/pclancy3/victor/V-ST/new_interstitial/Diffusion_Traj/neb_2,slurm-12110598.out,.out,3856,qe_output_unknown,,,,,,False,True,segmentation fault,,0,,False,,quarantine_or_restart_review
/scratch16/pclancy3/victor/V-ST/new_interstitial/Diffusion_Traj/neb_2/45_neb.in,/scratch16/pclancy3/victor/V-ST/new_interstitial/Diffusion_Traj/neb_2,45_neb.in,.in,11371,neb,,81,3,45_v-sb2te3,10,False,False,,,0,,False,,neb_needs_input_or_restart_review
/scratch16/pclancy3/victor/V-ST/new_interstitial/Diffusion_Traj/neb_2/01_neb.in,/scratch16/pclancy3/victor/V-ST/new_interstitial/Diffusion_Traj/neb_2,01_neb.in,.in,8687,neb,,81,3,01_v-sb2te3,10,False,False,,,0,,False,,neb_needs_input_or_restart_review
/scratch16/pclancy3/victor/V-ST/new_interstitial/Diffusion_Traj/neb_2/slurm-14057380.out,/scratch16/pclancy3/victor/V-ST/new_interstitial/Diffusion_Traj/neb_2,slurm-14057380.out,.out,3302,qe_output_unknown,,,,,,False,False,,,0,,False,,partial_or_unknown_qe_output
/scratch16/pclancy3/victor/V-ST/new_interstitial/Diffusion_Traj/neb_2/out45/45_v-sb2te3_1/PW.out,/scratch16/pclancy3/victor/V-ST/new_interstitial/Diffusion_Traj/neb_2/out45/45_v-sb2te3_1,PW.out,.out,3951,qe_output_unknown,,,,,,False,False,,,0,,False,,partial_or_unknown_qe_output
/scratch16/pclancy3/victor/V-ST/new_interstitial/Diffusion_Traj/neb_2/out55cr/55_cr-sb2te3_2/PW.out,/scratch16/pclancy3/victor/V-ST/new_interstitial/Diffusion_Traj/neb_2/out55cr/55_cr-sb2te3_2,PW.out,.out,4204950,qe_output_unknown,,,,,,False,False,,-13038.06795257,38,,False,,partial_or_unknown_qe_output
/scratch16/pclancy3/victor/V-ST/new_interstitial/Diffusion_Traj/neb_2/out55cr/55_cr-sb2te3_4/PW.out,/scratch16/pclancy3/victor/V-ST/new_interstitial/Diffusion_Traj/neb_2/out55cr/55_cr-sb2te3_4,PW.out,.out,4317271,qe_output_unknown,,,,,,False,False,,-13038.00159953,37,,False,,partial_or_unknown_qe_output
/scratch16/pclancy3/victor/V-ST/new_interstitial/Diffusion_Traj/neb_2/out55cr/55_cr-sb2te3_3/PW.out,/scratch16/pclancy3/victor/V-ST/new_interstitial/Diffusion_Traj/neb_2/out55cr/55_cr-sb2te3_3,PW.out,.out,4269252,qe_output_unknown,,,,,,False,False,,-13038.02670149,37,,False,,partial_or_unknown_qe_output
/scratch16/pclancy3/victor/V-ST/new_interstitial/Diffusion_Traj/neb_2/out55cr/55_cr-sb2te3_6/PW.out,/scratch16/pclancy3/victor/V-ST/new_interstitial/Diffusion_Traj/neb_2/out55cr/55_cr-sb2te3_6,PW.out,.out,4362306,qe_output_unknown,,,,,,False,False,,-13037.98901754,36,,False,,partial_or_unknown_qe_output
/scratch16/pclancy3/victor/V-ST/new_interstitial/Diffusion_Traj/neb_2/out55cr/55_cr-sb2te3_1/PW.out,/scratch16/pclancy3/victor/V-ST/new_interstitial/Diffusion_Traj/neb_2/out55cr/55_cr-sb2te3_1,PW.out,.out,4176280,qe_output_unknown,,,,,,False,False,,-13038.08809905,38,,False,,partial_or_unknown_qe_output
/scratch16/pclancy3/victor/V-ST/new_interstitial/Diffusion_Traj/neb_2/out55cr/55_cr-sb2te3_8/PW.out,/scratch16/pclancy3/victor/V-ST/new_interstitial/Diffusion_Traj/neb_2/out55cr/55_cr-sb2te3_8,PW.out,.out,4266515,qe_output_unknown,,,,,,False,False,,-13038.02971738,37,,False,,partial_or_unknown_qe_output
/scratch16/pclancy3/victor/V-ST/new_interstitial/Diffusion_Traj/neb_2/out55cr/55_cr-sb2te3_9/PW.out,/scratch16/pclancy3/victor/V-ST/new_interstitial/Diffusion_Traj/neb_2/out55cr/55_cr-sb2te3_9,PW.out,.out,4140316,qe_output_unknown,,,,,,False,False,,-13038.07223660,38,,False,,partial_or_unknown_qe_output
/scratch16/pclancy3/victor/V-ST/new_interstitial/Diffusion_Traj/neb_2/out55cr/55_cr-sb2te3_10/PW.out,/scratch16/pclancy3/victor/V-ST/new_interstitial/Diffusion_Traj/neb_2/out55cr/55_cr-sb2te3_10,PW.out,.out,4061819,qe_output_unknown,,,,,,False,False,,-13038.09315765,38,,False,,partial_or_unknown_qe_output
/scratch16/pclancy3/victor/V-ST/new_interstitial/Diffusion_Traj/neb_2/out55cr/55_cr-sb2te3_7/PW.out,/scratch16/pclancy3/victor/V-ST/new_interstitial/Diffusion_Traj/neb_2/out55cr/55_cr-sb2te3_7,PW.out,.out,4304221,qe_output_unknown,,,,,,False,False,,-13038.00391220,37,,False,,partial_or_unknown_qe_output
/scratch16/pclancy3/victor/V-ST/new_interstitial/Diffusion_Traj/neb_2/out55cr/55_cr-sb2te3_5/PW.out,/scratch16/pclancy3/victor/V-ST/new_interstitial/Diffusion_Traj/neb_2/out55cr/55_cr-sb2te3_5,PW.out,.out,4376969,qe_output_unknown,,,,,,False,False,,-13037.98712120,36,,False,,partial_or_unknown_qe_output
/scratch16/pclancy3/victor/V-ST/new_interstitial/Diffusion_Traj/neb_2/out01/01_v-sb2te3_3/PW.out,/scratch16/pclancy3/victor/V-ST/new_interstitial/Diffusion_Traj/neb_2/out01/01_v-sb2te3_3,PW.out,.out,1974266,qe_output_unknown,,,,,,False,False,,-13012.80935542,19,,False,,partial_or_unknown_qe_output
/scratch16/pclancy3/victor/V-ST/new_interstitial/Diffusion_Traj/neb_2/out01/01_v-sb2te3_5/PW.out,/scratch16/pclancy3/victor/V-ST/new_interstitial/Diffusion_Traj/neb_2/out01/01_v-sb2te3_5,PW.out,.out,2000193,qe_output_unknown,,,,,,False,False,,-13012.74428535,19,,False,,partial_or_unknown_qe_output
/scratch16/pclancy3/victor/V-ST/new_interstitial/Diffusion_Traj/neb_2/out01/01_v-sb2te3_9/PW.out,/scratch16/pclancy3/victor/V-ST/new_interstitial/Diffusion_Traj/neb_2/out01/01_v-sb2te3_9,PW.out,.out,1890782,qe_output_unknown,,,,,,False,False,,-13012.80551883,18,,False,,partial_or_unknown_qe_output
/scratch16/pclancy3/victor/V-ST/new_interstitial/Diffusion_Traj/neb_2/out01/01_v-sb2te3_7/PW.out,/scratch16/pclancy3/victor/V-ST/new_interstitial/Diffusion_Traj/neb_2/out01/01_v-sb2te3_7,PW.out,.out,2012630,qe_output_unknown,,,,,,False,False,,-13012.77731236,19,,False,,partial_or_unknown_qe_output
/scratch16/pclancy3/victor/V-ST/new_interstitial/Diffusion_Traj/neb_2/out01/01_v-sb2te3_2/PW.out,/scratch16/pclancy3/victor/V-ST/new_interstitial/Diffusion_Traj/neb_2/out01/01_v-sb2te3_2,PW.out,.out,1978836,qe_output_unknown,,,,,,False,False,,-13012.83116160,19,,False,,partial_or_unknown_qe_output
/scratch16/pclancy3/victor/V-ST/new_interstitial/Diffusion_Traj/neb_2/out01/01_v-sb2te3_4/PW.out,/scratch16/pclancy3/victor/V-ST/new_interstitial/Diffusion_Traj/neb_2/out01/01_v-sb2te3_4,PW.out,.out,1998261,qe_output_unknown,,,,,,False,False,,-13012.77454220,19,,False,,partial_or_unknown_qe_output
/scratch16/pclancy3/victor/V-ST/new_interstitial/Diffusion_Traj/neb_2/out01/01_v-sb2te3_6/PW.out,/scratch16/pclancy3/victor/V-ST/new_interstitial/Diffusion_Traj/neb_2/out01/01_v-sb2te3_6,PW.out,.out,2009118,qe_output_unknown,,,,,,False,False,,-13012.74971732,19,,False,,partial_or_unknown_qe_output
/scratch16/pclancy3/victor/V-ST/new_interstitial/Diffusion_Traj/neb_2/out01/01_v-sb2te3_8/PW.out,/scratch16/pclancy3/victor/V-ST/new_interstitial/Diffusion_Traj/neb_2/out01/01_v-sb2te3_8,PW.out,.out,1923615,qe_output_unknown,,,,,,False,False,,-13012.79484898,18,,False,,partial_or_unknown_qe_output
/scratch16/pclancy3/victor/V-ST/new_interstitial/Diffusion_Traj/neb_2/out01/01_v-sb2te3_10/PW.out,/scratch16/pclancy3/victor/V-ST/new_interstitial/Diffusion_Traj/neb_2/out01/01_v-sb2te3_10,PW.out,.out,1898883,qe_output_unknown,,,,,,False,False,,-13012.80286070,18,,False,,partial_or_unknown_qe_output
/scratch16/pclancy3/victor/V-ST/new_interstitial/Diffusion_Traj/neb_2/out01/01_v-sb2te3_1/PW.out,/scratch16/pclancy3/victor/V-ST/new_interstitial/Diffusion_Traj/neb_2/out01/01_v-sb2te3_1,PW.out,.out,1961105,qe_output_unknown,,,,,,False,False,,-13012.83866614,19,,False,,partial_or_unknown_qe_output
/scratch16/pclancy3/victor/V-ST/new_interstitial/Diffusion_Traj/neb_2/out12/12_v-sb2te3_4/PW.out,/scratch16/pclancy3/victor/V-ST/new_interstitial/Diffusion_Traj/neb_2/out12/12_v-sb2te3_4,PW.out,.out,1189780,qe_output_unknown,,,,,,False,False,,-13012.75659814,11,,False,,partial_or_unknown_qe_output
/scratch16/pclancy3/victor/V-ST/new_interstitial/Diffusion_Traj/neb_2/out12/12_v-sb2te3_9/PW.out,/scratch16/pclancy3/victor/V-ST/new_interstitial/Diffusion_Traj/neb_2/out12/12_v-sb2te3_9,PW.out,.out,1100667,qe_output_unknown,,,,,,False,False,,-13012.81886032,10,,False,,partial_or_unknown_qe_output
/scratch16/pclancy3/victor/V-ST/new_interstitial/Diffusion_Traj/neb_2/out12/12_v-sb2te3_5/PW.out,/scratch16/pclancy3/victor/V-ST/new_interstitial/Diffusion_Traj/neb_2/out12/12_v-sb2te3_5,PW.out,.out,1192972,qe_output_unknown,,,,,,False,False,,-13012.70673594,11,,False,,partial_or_unknown_qe_output
/scratch16/pclancy3/victor/V-ST/new_interstitial/Diffusion_Traj/neb_2/out12/12_v-sb2te3_2/PW.out,/scratch16/pclancy3/victor/V-ST/new_interstitial/Diffusion_Traj/neb_2/out12/12_v-sb2te3_2,PW.out,.out,1180615,qe_output_unknown,,,,,,False,False,,-13012.79978981,11,,False,,partial_or_unknown_qe_output
/scratch16/pclancy3/victor/V-ST/new_interstitial/Diffusion_Traj/neb_2/out12/12_v-sb2te3_1/PW.out,/scratch16/pclancy3/victor/V-ST/new_interstitial/Diffusion_Traj/neb_2/out12/12_v-sb2te3_1,PW.out,.out,1178374,qe_output_unknown,,,,,,False,False,,-13012.80254251,11,,False,,partial_or_unknown_qe_output
/scratch16/pclancy3/victor/V-ST/new_interstitial/Diffusion_Traj/neb_2/out12/12_v-sb2te3_3/PW.out,/scratch16/pclancy3/victor/V-ST/new_interstitial/Diffusion_Traj/neb_2/out12/12_v-sb2te3_3,PW.out,.out,1190239,qe_output_unknown,,,,,,False,False,,-13012.79522878,11,,False,,partial_or_unknown_qe_output
/scratch16/pclancy3/victor/V-ST/new_interstitial/Diffusion_Traj/neb_2/out12/12_v-sb2te3_7/PW.out,/scratch16/pclancy3/victor/V-ST/new_interstitial/Diffusion_Traj/neb_2/out12/12_v-sb2te3_7,PW.out,.out,1191710,qe_output_unknown,,,,,,False,False,,-13012.74802070,11,,False,,partial_or_unknown_qe_output
/scratch16/pclancy3/victor/V-ST/new_interstitial/Diffusion_Traj/neb_2/out12/12_v-sb2te3_10/PW.out,/scratch16/pclancy3/victor/V-ST/new_interstitial/Diffusion_Traj/neb_2/out12/12_v-sb2te3_10,PW.out,.out,1066689,qe_output_unknown,,,,,,False,False,,-13012.81614488,10,,False,,partial_or_unknown_qe_output
/scratch16/pclancy3/victor/V-ST/new_interstitial/Diffusion_Traj/neb_2/out12/12_v-sb2te3_8/PW.out,/scratch16/pclancy3/victor/V-ST/new_interstitial/Diffusion_Traj/neb_2/out12/12_v-sb2te3_8,PW.out,.out,1188882,qe_output_unknown,,,,,,False,False,,-13012.80515926,11,,False,,partial_or_unknown_qe_output
/scratch16/pclancy3/victor/V-ST/new_interstitial/Diffusion_Traj/neb_2/out12/12_v-sb2te3_6/PW.out,/scratch16/pclancy3/victor/V-ST/new_interstitial/Diffusion_Traj/neb_2/out12/12_v-sb2te3_6,PW.out,.out,1199847,qe_output_unknown,,,,,,False,False,,-13012.70887965,11,,False,,partial_or_unknown_qe_output
/scratch16/pclancy3/victor/V-ST/new_interstitial/Diffusion_Traj/neb_2/out34/34_v-sb2te3_8/PW.out,/scratch16/pclancy3/victor/V-ST/new_interstitial/Diffusion_Traj/neb_2/out34/34_v-sb2te3_8,PW.out,.out,969436,qe_output_unknown,,,,,,False,False,,-13012.79945766,9,,False,,partial_or_unknown_qe_output
/scratch16/pclancy3/victor/V-ST/new_interstitial/Diffusion_Traj/neb_2/out34/34_v-sb2te3_5/PW.out,/scratch16/pclancy3/victor/V-ST/new_interstitial/Diffusion_Traj/neb_2/out34/34_v-sb2te3_5,PW.out,.out,1009601,qe_output_unknown,,,,,,False,False,,-13012.73205172,9,,False,,partial_or_unknown_qe_output
/scratch16/pclancy3/victor/V-ST/new_interstitial/Diffusion_Traj/neb_2/out34/34_v-sb2te3_3/PW.out,/scratch16/pclancy3/victor/V-ST/new_interstitial/Diffusion_Traj/neb_2/out34/34_v-sb2te3_3,PW.out,.out,1077415,qe_output_unknown,,,,,,False,False,,-13012.80177950,10,,False,,partial_or_unknown_qe_output
/scratch16/pclancy3/victor/V-ST/new_interstitial/Diffusion_Traj/neb_2/out34/34_v-sb2te3_4/PW.out,/scratch16/pclancy3/victor/V-ST/new_interstitial/Diffusion_Traj/neb_2/out34/34_v-sb2te3_4,PW.out,.out,1074780,qe_output_unknown,,,,,,False,False,,-13012.75754711,10,,False,,partial_or_unknown_qe_output
/scratch16/pclancy3/victor/V-ST/new_interstitial/Diffusion_Traj/neb_2/out34/34_v-sb2te3_6/PW.out,/scratch16/pclancy3/victor/V-ST/new_interstitial/Diffusion_Traj/neb_2/out34/34_v-sb2te3_6,PW.out,.out,973161,qe_output_unknown,,,,,,False,False,,-13012.72467625,9,,False,,partial_or_unknown_qe_output
/scratch16/pclancy3/victor/V-ST/new_interstitial/Diffusion_Traj/neb_2/out34/34_v-sb2te3_7/PW.out,/scratch16/pclancy3/victor/V-ST/new_interstitial/Diffusion_Traj/neb_2/out34/34_v-sb2te3_7,PW.out,.out,968252,qe_output_unknown,,,,,,False,False,,-13012.75951633,9,,False,,partial_or_unknown_qe_output
/scratch16/pclancy3/victor/V-ST/new_interstitial/Diffusion_Traj/neb_2/out34/34_v-sb2te3_2/PW.out,/scratch16/pclancy3/victor/V-ST/new_interstitial/Diffusion_Traj/neb_2/out34/34_v-sb2te3_2,PW.out,.out,1070051,qe_output_unknown,,,,,,False,False,,-13012.82145260,10,,False,,partial_or_unknown_qe_output
/scratch16/pclancy3/victor/V-ST/new_interstitial/Diffusion_Traj/neb_2/out34/34_v-sb2te3_9/PW.out,/scratch16/pclancy3/victor/V-ST/new_interstitial/Diffusion_Traj/neb_2/out34/34_v-sb2te3_9,PW.out,.out,967310,qe_output_unknown,,,,,,False,False,,-13012.80233732,9,,False,,partial_or_unknown_qe_output
/scratch16/pclancy3/victor/V-ST/new_interstitial/Diffusion_Traj/neb_2/out34/34_v-sb2te3_1/PW.out,/scratch16/pclancy3/victor/V-ST/new_interstitial/Diffusion_Traj/neb_2/out34/34_v-sb2te3_1,PW.out,.out,1075420,qe_output_unknown,,,,,,False,False,,-13012.81107701,10,,False,,partial_or_unknown_qe_output
/scratch16/pclancy3/victor/V-ST/new_interstitial/Diffusion_Traj/neb_2/out34/34_v-sb2te3_10/PW.out,/scratch16/pclancy3/victor/V-ST/new_interstitial/Diffusion_Traj/neb_2/out34/34_v-sb2te3_10,PW.out,.out,982034,qe_output_unknown,,,,,,False,False,,-13012.78676406,9,,False,,partial_or_unknown_qe_output
/scratch16/pclancy3/victor/V-ST/new_interstitial/Diffusion_Traj/neb_2/out23/23_v-sb2te3_9/PW.out,/scratch16/pclancy3/victor/V-ST/new_interstitial/Diffusion_Traj/neb_2/out23/23_v-sb2te3_9,PW.out,.out,3424523,qe_output_unknown,,,,,,False,False,,-13012.82804567,33,,False,,partial_or_unknown_qe_output
/scratch16/pclancy3/victor/V-ST/new_interstitial/Diffusion_Traj/neb_2/out23/23_v-sb2te3_4/PW.out,/scratch16/pclancy3/victor/V-ST/new_interstitial/Diffusion_Traj/neb_2/out23/23_v-sb2te3_4,PW.out,.out,3601538,qe_output_unknown,,,,,,False,False,,-13012.76892129,34,,False,,partial_or_unknown_qe_output
/scratch16/pclancy3/victor/V-ST/new_interstitial/Diffusion_Traj/neb_2/out23/23_v-sb2te3_6/PW.out,/scratch16/pclancy3/victor/V-ST/new_interstitial/Diffusion_Traj/neb_2/out23/23_v-sb2te3_6,PW.out,.out,3615961,qe_output_unknown,,,,,,False,False,,-13012.72440144,34,,False,,partial_or_unknown_qe_output
/scratch16/pclancy3/victor/V-ST/new_interstitial/Diffusion_Traj/neb_2/out23/23_v-sb2te3_3/PW.out,/scratch16/pclancy3/victor/V-ST/new_interstitial/Diffusion_Traj/neb_2/out23/23_v-sb2te3_3,PW.out,.out,3577711,qe_output_unknown,,,,,,False,False,,-13012.81997963,34,,False,,partial_or_unknown_qe_output
/scratch16/pclancy3/victor/V-ST/new_interstitial/Diffusion_Traj/neb_2/out23/23_v-sb2te3_2/PW.out,/scratch16/pclancy3/victor/V-ST/new_interstitial/Diffusion_Traj/neb_2/out23/23_v-sb2te3_2,PW.out,.out,3615678,qe_output_unknown,,,,,,False,False,,-13012.82747871,34,,False,,partial_or_unknown_qe_output
/scratch16/pclancy3/victor/V-ST/new_interstitial/Diffusion_Traj/neb_2/out23/23_v-sb2te3_7/PW.out,/scratch16/pclancy3/victor/V-ST/new_interstitial/Diffusion_Traj/neb_2/out23/23_v-sb2te3_7,PW.out,.out,3534176,qe_output_unknown,,,,,,False,False,,-13012.75369904,33,,False,,partial_or_unknown_qe_output
/scratch16/pclancy3/victor/V-ST/new_interstitial/Diffusion_Traj/neb_2/out23/23_v-sb2te3_1/PW.out,/scratch16/pclancy3/victor/V-ST/new_interstitial/Diffusion_Traj/neb_2/out23/23_v-sb2te3_1,PW.out,.out,3712842,qe_output_unknown,,,,,,False,False,,-13012.83911743,35,,False,,partial_or_unknown_qe_output
/scratch16/pclancy3/victor/V-ST/new_interstitial/Diffusion_Traj/neb_2/out23/23_v-sb2te3_10/PW.out,/scratch16/pclancy3/victor/V-ST/new_interstitial/Diffusion_Traj/neb_2/out23/23_v-sb2te3_10,PW.out,.out,3308014,qe_output_unknown,,,,,,False,False,,-13012.82719524,31,,False,,partial_or_unknown_qe_output
/scratch16/pclancy3/victor/V-ST/new_interstitial/Diffusion_Traj/neb_2/out23/23_v-sb2te3_5/PW.out,/scratch16/pclancy3/victor/V-ST/new_interstitial/Diffusion_Traj/neb_2/out23/23_v-sb2te3_5,PW.out,.out,3606757,qe_output_unknown,,,,,,False,False,,-13012.72976334,34,,False,,partial_or_unknown_qe_output
/scratch16/pclancy3/victor/V-ST/new_interstitial/Diffusion_Traj/neb_2/out23/23_v-sb2te3_8/PW.out,/scratch16/pclancy3/victor/V-ST/new_interstitial/Diffusion_Traj/neb_2/out23/23_v-sb2te3_8,PW.out,.out,3482151,qe_output_unknown,,,,,,False,False,,-13012.81058236,33,,False,,partial_or_unknown_qe_output
/scratch16/pclancy3/victor/V-ST/new_interstitial/Diffusion_Traj/neb_2/out55/55_v-sb2te3_4/PW.out,/scratch16/pclancy3/victor/V-ST/new_interstitial/Diffusion_Traj/neb_2/out55/55_v-sb2te3_4,PW.out,.out,2222132,qe_output_unknown,,,,,,False,False,,-13012.38612625,20,,False,,partial_or_unknown_qe_output
/scratch16/pclancy3/victor/V-ST/new_interstitial/Diffusion_Traj/neb_2/out55/55_v-sb2te3_3/PW.out,/scratch16/pclancy3/victor/V-ST/new_interstitial/Diffusion_Traj/neb_2/out55/55_v-sb2te3_3,PW.out,.out,2378542,qe_output_unknown,,,,,,False,False,,-13012.44598408,21,,False,,partial_or_unknown_qe_output
/scratch16/pclancy3/victor/V-ST/new_interstitial/Diffusion_Traj/neb_2/out55/55_v-sb2te3_1/PW.out,/scratch16/pclancy3/victor/V-ST/new_interstitial/Diffusion_Traj/neb_2/out55/55_v-sb2te3_1,PW.out,.out,2310649,qe_output_unknown,,,,,,False,False,,-13012.72942097,21,,False,,partial_or_unknown_qe_output
/scratch16/pclancy3/victor/V-ST/new_interstitial/Diffusion_Traj/neb_2/out55/55_v-sb2te3_8/PW.out,/scratch16/pclancy3/victor/V-ST/new_interstitial/Diffusion_Traj/neb_2/out55/55_v-sb2te3_8,PW.out,.out,2110892,qe_output_unknown,,,,,,False,False,,-13012.41297020,18,,False,,partial_or_unknown_qe_output
/scratch16/pclancy3/victor/V-ST/new_interstitial/Diffusion_Traj/neb_2/out55/55_v-sb2te3_9/PW.out,/scratch16/pclancy3/victor/V-ST/new_interstitial/Diffusion_Traj/neb_2/out55/55_v-sb2te3_9,PW.out,.out,2060874,qe_output_unknown,,,,,,False,False,,-13012.63578932,19,,False,,partial_or_unknown_qe_output
/scratch16/pclancy3/victor/V-ST/new_interstitial/Diffusion_Traj/neb_2/out55/55_v-sb2te3_2/PW.out,/scratch16/pclancy3/victor/V-ST/new_interstitial/Diffusion_Traj/neb_2/out55/55_v-sb2te3_2,PW.out,.out,2368908,qe_output_unknown,,,,,,False,False,,-13012.65461637,21,,False,,partial_or_unknown_qe_output
/scratch16/pclancy3/victor/V-ST/new_interstitial/Diffusion_Traj/neb_2/out55/55_v-sb2te3_10/PW.out,/scratch16/pclancy3/victor/V-ST/new_interstitial/Diffusion_Traj/neb_2/out55/55_v-sb2te3_10,PW.out,.out,2237887,qe_output_unknown,,,,,,False,False,,-13012.71742145,20,,False,,partial_or_unknown_qe_output
/scratch16/pclancy3/victor/V-ST/new_interstitial/Diffusion_Traj/neb_2/out55/55_v-sb2te3_6/PW.out,/scratch16/pclancy3/victor/V-ST/new_interstitial/Diffusion_Traj/neb_2/out55/55_v-sb2te3_6,PW.out,.out,1905153,qe_output_unknown,,,,,,False,False,,-13012.34297840,18,,False,,partial_or_unknown_qe_output
/scratch16/pclancy3/victor/V-ST/new_interstitial/Diffusion_Traj/neb_2/out55/55_v-sb2te3_7/PW.out,/scratch16/pclancy3/victor/V-ST/new_interstitial/Diffusion_Traj/neb_2/out55/55_v-sb2te3_7,PW.out,.out,1980457,qe_output_unknown,,,,,,False,False,,-13012.39170169,18,,False,,partial_or_unknown_qe_output
/scratch16/pclancy3/victor/V-ST/new_interstitial/Diffusion_Traj/neb_2/out55/55_v-sb2te3_5/PW.out,/scratch16/pclancy3/victor/V-ST/new_interstitial/Diffusion_Traj/neb_2/out55/55_v-sb2te3_5,PW.out,.out,1990883,qe_output_unknown,,,,,,False,False,,-13012.35419688,20,,False,,partial_or_unknown_qe_output
/scratch16/pclancy3/victor/V-ST/interstitial_relax/bulk-vcrelax-D3-SOC.xyz,/scratch16/pclancy3/victor/V-ST/interstitial_relax,bulk-vcrelax-D3-SOC.xyz,.xyz,6616,structure_or_other,,,,,,False,False,,,0,,False,,structure_candidate
/scratch16/pclancy3/victor/V-ST/interstitial_relax/bulk-vcrelax.in,/scratch16/pclancy3/victor/V-ST/interstitial_relax,bulk-vcrelax.in,.in,4877,vc-relax,vc-relax,60,2,sb2te3_vcrelax,,False,False,,,0,,False,,qe_input_template_candidate
/scratch16/pclancy3/victor/V-ST/interstitial_relax/bulk-vcrelax.out,/scratch16/pclancy3/victor/V-ST/interstitial_relax,bulk-vcrelax.out,.out,866530,qe_output_unknown,,,,,,True,False,,-5391.23696685,16,,False,,completed_qe_output_candidate
/scratch16/pclancy3/victor/V-ST/interstitial_relax/slurm-756540.out,/scratch16/pclancy3/victor/V-ST/interstitial_relax,slurm-756540.out,.out,2004,qe_output_unknown,,,,,,False,False,,,0,,False,,partial_or_unknown_qe_output
/scratch16/pclancy3/victor/V-ST/interstitial_relax/bulk-vcrelax-D3.xyz,/scratch16/pclancy3/victor/V-ST/interstitial_relax,bulk-vcrelax-D3.xyz,.xyz,6616,structure_or_other,,,,,,False,False,,,0,,False,,structure_candidate
/scratch16/pclancy3/victor/V-ST/interstitial_relax/bulk-vcrelax-D3.out,/scratch16/pclancy3/victor/V-ST/interstitial_relax,bulk-vcrelax-D3.out,.out,949631,qe_output_unknown,,,,,,True,False,,-5392.37665802,16,,False,,completed_qe_output_candidate
/scratch16/pclancy3/victor/V-ST/interstitial_relax/bulk-vcrelax-D3-SOC.out,/scratch16/pclancy3/victor/V-ST/interstitial_relax,bulk-vcrelax-D3-SOC.out,.out,1106218,qe_output_unknown,,,,,,True,False,,-5392.37798369,16,,False,,completed_qe_output_candidate
/scratch16/pclancy3/victor/V-ST/interstitial_relax/slurm-763668.out,/scratch16/pclancy3/victor/V-ST/interstitial_relax,slurm-763668.out,.out,2004,qe_output_unknown,,,,,,False,False,,,0,,False,,partial_or_unknown_qe_output
/scratch16/pclancy3/victor/V-ST/interstitial_relax/bulk-vcrelax-D3.in,/scratch16/pclancy3/victor/V-ST/interstitial_relax,bulk-vcrelax-D3.in,.in,4879,vc-relax,vc-relax,60,2,sb2te3_vcrelax,,False,False,,,0,,False,,qe_input_template_candidate
/scratch16/pclancy3/victor/V-ST/interstitial_relax/bulk-vcrelax.xyz,/scratch16/pclancy3/victor/V-ST/interstitial_relax,bulk-vcrelax.xyz,.xyz,6614,structure_or_other,,,,,,False,False,,,0,,False,,structure_candidate
/scratch16/pclancy3/victor/V-ST/interstitial_relax/slurm-762982.out,/scratch16/pclancy3/victor/V-ST/interstitial_relax,slurm-762982.out,.out,2004,qe_output_unknown,,,,,,False,False,,,0,,False,,partial_or_unknown_qe_output
/scratch16/pclancy3/victor/V-ST/interstitial_relax/bulk-vcrelax-D3-SOC.in,/scratch16/pclancy3/victor/V-ST/interstitial_relax,bulk-vcrelax-D3-SOC.in,.in,4921,vc-relax,vc-relax,60,2,sb2te3_vcrelax,,False,False,,,0,,False,,qe_input_template_candidate
/scratch16/pclancy3/victor/V-ST/charge2_cr/slurm-14250133.out,/scratch16/pclancy3/victor/V-ST/charge2_cr,slurm-14250133.out,.out,2265,qe_output_unknown,,,,,,False,False,,,0,,False,,partial_or_unknown_qe_output
/scratch16/pclancy3/victor/V-ST/charge2_cr/Cr-TMi4_D3.out,/scratch16/pclancy3/victor/V-ST/charge2_cr,Cr-TMi4_D3.out,.out,4912730,qe_output_unknown,,,,,,False,False,,-9821.91287773,41,,False,,partial_or_unknown_qe_output
/scratch16/pclancy3/victor/V-ST/charge2_cr/V-TMi1_D3.in,/scratch16/pclancy3/victor/V-ST/charge2_cr,V-TMi1_D3.in,.in,4503,relax,relax,61,3,interstitial_tmi1,,False,False,,,0,,False,,qe_input_template_candidate
/scratch16/pclancy3/victor/V-ST/charge2_cr/V-TMi4_D3.in,/scratch16/pclancy3/victor/V-ST/charge2_cr,V-TMi4_D3.in,.in,4503,relax,relax,61,3,interstitial_tmi4,,False,False,,,0,,False,,qe_input_template_candidate
/scratch16/pclancy3/victor/V-ST/charge2_cr/Cr-TMi2_D3.out,/scratch16/pclancy3/victor/V-ST/charge2_cr,Cr-TMi2_D3.out,.out,3602311,qe_output_unknown,,,,,,True,False,,-9821.94474795,37,,False,,completed_qe_output_candidate
/scratch16/pclancy3/victor/V-ST/charge2_cr/V-TMi3_D3.in,/scratch16/pclancy3/victor/V-ST/charge2_cr,V-TMi3_D3.in,.in,4503,relax,relax,61,3,interstitial_tmi3,,False,False,,,0,,False,,qe_input_template_candidate
/scratch16/pclancy3/victor/V-ST/charge2_cr/Cr-TMi3_D3.out,/scratch16/pclancy3/victor/V-ST/charge2_cr,Cr-TMi3_D3.out,.out,4903359,qe_output_unknown,,,,,,False,False,,-9821.80833829,41,,False,,partial_or_unknown_qe_output
/scratch16/pclancy3/victor/V-ST/charge2_cr/slurm-14250130.out,/scratch16/pclancy3/victor/V-ST/charge2_cr,slurm-14250130.out,.out,2169,qe_output_unknown,,,,,,False,False,,,0,,False,,partial_or_unknown_qe_output
/scratch16/pclancy3/victor/V-ST/charge2_cr/slurm-14250134.out,/scratch16/pclancy3/victor/V-ST/charge2_cr,slurm-14250134.out,.out,2265,qe_output_unknown,,,,,,False,False,,,0,,False,,partial_or_unknown_qe_output
/scratch16/pclancy3/victor/V-ST/charge2_cr/slurm-14250131.out,/scratch16/pclancy3/victor/V-ST/charge2_cr,slurm-14250131.out,.out,2169,qe_output_unknown,,,,,,False,False,,,0,,False,,partial_or_unknown_qe_output
/scratch16/pclancy3/victor/V-ST/charge2_cr/Cr-TMi1_D3.out,/scratch16/pclancy3/victor/V-ST/charge2_cr,Cr-TMi1_D3.out,.out,1930789,qe_output_unknown,,,,,,True,False,,-9821.93431061,20,,False,,completed_qe_output_candidate
/scratch16/pclancy3/victor/V-ST/charge2_cr/V-TMi2_D3.in,/scratch16/pclancy3/victor/V-ST/charge2_cr,V-TMi2_D3.in,.in,4502,relax,relax,61,3,interstitial_tmi2,,False,False,,,0,,False,,qe_input_template_candidate
/scratch16/pclancy3/victor/V-ST/relax/2.in,/scratch16/pclancy3/victor/V-ST/relax,2.in,.in,4834,vc-relax,vc-relax,60,2,sb2te3_60,,False,False,,,0,,False,,qe_input_template_candidate
/scratch16/pclancy3/victor/V-ST/relax/1.in,/scratch16/pclancy3/victor/V-ST/relax,1.in,.in,4816,vc-relax,vc-relax,60,2,sb2te3_60,,False,False,,,0,,False,,qe_input_template_candidate
/scratch16/pclancy3/victor/V-ST/relax/12-D3-NoSOC-RelPP-KAuto2.out,/scratch16/pclancy3/victor/V-ST/relax,12-D3-NoSOC-RelPP-KAuto2.out,.out,1243221,qe_output_unknown,,,,,,True,False,,-9678.93674158,14,,False,,completed_qe_output_candidate
/scratch16/pclancy3/victor/V-ST/relax/5.in,/scratch16/pclancy3/victor/V-ST/relax,5.in,.in,4821,vc-relax,vc-relax,60,2,sb2te3_60,,False,False,,,0,,False,,qe_input_template_candidate
/scratch16/pclancy3/victor/V-ST/relax/2-DFT-NoSOC-RelPP-KAuto2.out,/scratch16/pclancy3/victor/V-ST/relax,2-DFT-NoSOC-RelPP-KAuto2.out,.out,1165029,qe_output_unknown,,,,,,True,False,,-9677.83813755,14,,False,,completed_qe_output_candidate
/scratch16/pclancy3/victor/V-ST/relax/5-DFT-NoSOC-NonRelPP-KAuto2.out,/scratch16/pclancy3/victor/V-ST/relax,5-DFT-NoSOC-NonRelPP-KAuto2.out,.out,1314501,qe_output_unknown,,,,,,True,False,,-5393.35956947,18,,False,,completed_qe_output_candidate
/scratch16/pclancy3/victor/V-ST/relax/12.in,/scratch16/pclancy3/victor/V-ST/relax,12.in,.in,4838,vc-relax,vc-relax,60,2,sb2te3_60,,False,False,,,0,,False,,qe_input_template_candidate
/scratch16/pclancy3/victor/V-ST/charge3_cr/Cr-TMi4_D3.out,/scratch16/pclancy3/victor/V-ST/charge3_cr,Cr-TMi4_D3.out,.out,2539125,qe_output_unknown,,,,,,True,False,,-9822.70834236,26,,False,,completed_qe_output_candidate
/scratch16/pclancy3/victor/V-ST/charge3_cr/V-TMi1_D3.in,/scratch16/pclancy3/victor/V-ST/charge3_cr,V-TMi1_D3.in,.in,4503,relax,relax,61,3,interstitial_tmi1,,False,False,,,0,,False,,qe_input_template_candidate
/scratch16/pclancy3/victor/V-ST/charge3_cr/V-TMi4_D3.in,/scratch16/pclancy3/victor/V-ST/charge3_cr,V-TMi4_D3.in,.in,4503,relax,relax,61,3,interstitial_tmi4,,False,False,,,0,,False,,qe_input_template_candidate
/scratch16/pclancy3/victor/V-ST/charge3_cr/Cr-TMi2_D3.out,/scratch16/pclancy3/victor/V-ST/charge3_cr,Cr-TMi2_D3.out,.out,4406209,qe_output_unknown,,,,,,False,False,,-9822.71254512,41,,False,,partial_or_unknown_qe_output
/scratch16/pclancy3/victor/V-ST/charge3_cr/V-TMi3_D3.in,/scratch16/pclancy3/victor/V-ST/charge3_cr,V-TMi3_D3.in,.in,4503,relax,relax,61,3,interstitial_tmi3,,False,False,,,0,,False,,qe_input_template_candidate
/scratch16/pclancy3/victor/V-ST/charge3_cr/slurm-14250137.out,/scratch16/pclancy3/victor/V-ST/charge3_cr,slurm-14250137.out,.out,2265,qe_output_unknown,,,,,,False,False,,,0,,False,,partial_or_unknown_qe_output
/scratch16/pclancy3/victor/V-ST/charge3_cr/Cr-TMi3_D3.out,/scratch16/pclancy3/victor/V-ST/charge3_cr,Cr-TMi3_D3.out,.out,4917739,qe_output_unknown,,,,,,False,False,,-9822.59592178,41,,False,,partial_or_unknown_qe_output
/scratch16/pclancy3/victor/V-ST/charge3_cr/slurm-14250135.out,/scratch16/pclancy3/victor/V-ST/charge3_cr,slurm-14250135.out,.out,2169,qe_output_unknown,,,,,,False,False,,,0,,False,,partial_or_unknown_qe_output
/scratch16/pclancy3/victor/V-ST/charge3_cr/Cr-TMi1_D3.out,/scratch16/pclancy3/victor/V-ST/charge3_cr,Cr-TMi1_D3.out,.out,1752297,qe_output_unknown,,,,,,True,False,,-9822.73530463,18,,False,,completed_qe_output_candidate
/scratch16/pclancy3/victor/V-ST/charge3_cr/slurm-14250136.out,/scratch16/pclancy3/victor/V-ST/charge3_cr,slurm-14250136.out,.out,2169,qe_output_unknown,,,,,,False,False,,,0,,False,,partial_or_unknown_qe_output
/scratch16/pclancy3/victor/V-ST/charge3_cr/V-TMi2_D3.in,/scratch16/pclancy3/victor/V-ST/charge3_cr,V-TMi2_D3.in,.in,4502,relax,relax,61,3,interstitial_tmi2,,False,False,,,0,,False,,qe_input_template_candidate
/scratch16/pclancy3/victor/V-ST/charge3_cr/slurm-14250138.out,/scratch16/pclancy3/victor/V-ST/charge3_cr,slurm-14250138.out,.out,2169,qe_output_unknown,,,,,,False,False,,,0,,False,,partial_or_unknown_qe_output
/scratch16/pclancy3/victor/V-ST/bands/Bulk-Bands-NSCF2.out,/scratch16/pclancy3/victor/V-ST/bands,Bulk-Bands-NSCF2.out,.out,270643,qe_output_unknown,,,,,,True,False,,,0,,False,,completed_qe_output_candidate
/scratch16/pclancy3/victor/V-ST/bands/slurm-812959.out,/scratch16/pclancy3/victor/V-ST/bands,slurm-812959.out,.out,2106,qe_output_unknown,,,,,,False,False,,,0,,False,,partial_or_unknown_qe_output
/scratch16/pclancy3/victor/V-ST/bands/Bulk-Bands-SCF.in,/scratch16/pclancy3/victor/V-ST/bands,Bulk-Bands-SCF.in,.in,4217,scf,scf,60,2,sb2te3_bands,,False,False,,,0,,False,,qe_input_template_candidate
/scratch16/pclancy3/victor/V-ST/bands/Bulk-NoSOC-NonREL-2K-VCRelax_60.in,/scratch16/pclancy3/victor/V-ST/bands,Bulk-NoSOC-NonREL-2K-VCRelax_60.in,.in,4330,vc-relax,vc-relax,60,2,sb2te3_vcr_convergence,,False,False,,,0,,False,,qe_input_template_candidate
/scratch16/pclancy3/victor/V-ST/bands/Bulk-Bands copy.in,/scratch16/pclancy3/victor/V-ST/bands,Bulk-Bands copy.in,.in,87,qe_input_unknown,,,,sb2te3_bands,,False,False,,,0,,False,,qe_input_template_candidate
/scratch16/pclancy3/victor/V-ST/bands/Bulk-Bands.out,/scratch16/pclancy3/victor/V-ST/bands,Bulk-Bands.out,.out,1272388,qe_output_unknown,,,,,,True,False,,,0,,False,,completed_qe_output_candidate
/scratch16/pclancy3/victor/V-ST/bands/Bulk-Bands-NSCF.in,/scratch16/pclancy3/victor/V-ST/bands,Bulk-Bands-NSCF.in,.in,4571,bands,bands,60,2,sb2te3_bands,,False,False,,,0,,False,,qe_input_template_candidate
/scratch16/pclancy3/victor/V-ST/bands/slurm-820183.out,/scratch16/pclancy3/victor/V-ST/bands,slurm-820183.out,.out,2004,qe_output_unknown,,,,,,False,False,,,0,,False,,partial_or_unknown_qe_output
/scratch16/pclancy3/victor/V-ST/bands/Bulk-Bands-NSCF2.in,/scratch16/pclancy3/victor/V-ST/bands,Bulk-Bands-NSCF2.in,.in,4581,bands,bands,60,2,sb2te3_bands,,False,False,,,0,,False,,qe_input_template_candidate
/scratch16/pclancy3/victor/V-ST/bands/slurm-812794.out,/scratch16/pclancy3/victor/V-ST/bands,slurm-812794.out,.out,2004,qe_output_unknown,,,,,,False,False,,,0,,False,,partial_or_unknown_qe_output
/scratch16/pclancy3/victor/V-ST/bands/Bulk-Bands-SCF.out,/scratch16/pclancy3/victor/V-ST/bands,Bulk-Bands-SCF.out,.out,198364,qe_output_unknown,,,,,,True,False,,-5393.39391416,1,,False,,completed_qe_output_candidate
/scratch16/pclancy3/victor/V-ST/bands/slurm-812964.out,/scratch16/pclancy3/victor/V-ST/bands,slurm-812964.out,.out,2004,qe_output_unknown,,,,,,False,False,,,0,,False,,partial_or_unknown_qe_output
/scratch16/pclancy3/victor/V-ST/bands/Bulk-NoSOC-NonREL-2K-VCRelax_60.xyz,/scratch16/pclancy3/victor/V-ST/bands,Bulk-NoSOC-NonREL-2K-VCRelax_60.xyz,.xyz,6624,structure_or_other,,,,,,False,False,,,0,,False,,structure_candidate
/scratch16/pclancy3/victor/V-ST/bands/slurm-822014.out,/scratch16/pclancy3/victor/V-ST/bands,slurm-822014.out,.out,2004,qe_output_unknown,,,,,,False,False,,,0,,False,,partial_or_unknown_qe_output
/scratch16/pclancy3/victor/V-ST/bands/Bulk-Bands.in,/scratch16/pclancy3/victor/V-ST/bands,Bulk-Bands.in,.in,87,qe_input_unknown,,,,sb2te3_bands,,False,False,,,0,,False,,qe_input_template_candidate
/scratch16/pclancy3/victor/V-ST/bands/slurm-812960.out,/scratch16/pclancy3/victor/V-ST/bands,slurm-812960.out,.out,2004,qe_output_unknown,,,,,,False,False,,,0,,False,,partial_or_unknown_qe_output
/scratch16/pclancy3/victor/V-ST/bands/slurm-812787.out,/scratch16/pclancy3/victor/V-ST/bands,slurm-812787.out,.out,2106,qe_output_unknown,,,,,,False,False,,,0,,False,,partial_or_unknown_qe_output
/scratch16/pclancy3/victor/V-ST/bands/Bulk-Bands-NSCF.out,/scratch16/pclancy3/victor/V-ST/bands,Bulk-Bands-NSCF.out,.out,40603,qe_output_unknown,,,,,,True,False,,,0,,False,,completed_qe_output_candidate
/scratch16/pclancy3/victor/V-ST/neb2 copy/V1-Bands-SCF.in,/scratch16/pclancy3/victor/V-ST/neb2 copy,V1-Bands-SCF.in,.in,4391,scf,scf,61,3,v-sb2te3_bands,,False,False,,,0,,False,,qe_input_template_candidate
/scratch16/pclancy3/victor/V-ST/neb2 copy/neb.out,/scratch16/pclancy3/victor/V-ST/neb2 copy,neb.out,.out,10176,neb,,,,,33,False,False,,,0,627.040883,False,20.1492,partial_neb_candidate
/scratch16/pclancy3/victor/V-ST/neb2 copy/V-TMi1_Pos2.xyz,/scratch16/pclancy3/victor/V-ST/neb2 copy,V-TMi1_Pos2.xyz,.xyz,6623,structure_or_other,,,,,,False,False,,,0,,False,,structure_candidate
/scratch16/pclancy3/victor/V-ST/neb2 copy/neb.in,/scratch16/pclancy3/victor/V-ST/neb2 copy,neb.in,.in,8324,neb,,61,3,v-sb2te3,33,False,False,,,0,,False,,neb_needs_input_or_restart_review
/scratch16/pclancy3/victor/V-ST/neb2 copy/out/v-sb2te3_1/PW.out,/scratch16/pclancy3/victor/V-ST/neb2 copy/out/v-sb2te3_1,PW.out,.out,177894,qe_output_unknown,,,,,,False,False,,-5538.33610839,2,,False,,partial_or_unknown_qe_output
/scratch16/pclancy3/victor/V-ST/Ef/V_bulk.out,/scratch16/pclancy3/victor/V-ST/Ef,V_bulk.out,.out,251180,qe_output_unknown,,,,,,True,False,,-7834.03244606,4,,False,,completed_qe_output_candidate
/scratch16/pclancy3/victor/V-ST/Ef/V_D3_SOC.out,/scratch16/pclancy3/victor/V-ST/Ef,V_D3_SOC.out,.out,355179,qe_output_unknown,,,,,,True,False,,-7679.41867243,4,,False,,completed_qe_output_candidate
/scratch16/pclancy3/victor/V-ST/Ef/slurm-8577341.out,/scratch16/pclancy3/victor/V-ST/Ef,slurm-8577341.out,.out,2211,qe_output_unknown,,,,,,False,False,,,0,,False,,partial_or_unknown_qe_output
/scratch16/pclancy3/victor/V-ST/Ef/slurm-8582089.out,/scratch16/pclancy3/victor/V-ST/Ef,slurm-8582089.out,.out,2004,qe_output_unknown,,,,,,False,False,,,0,,False,,partial_or_unknown_qe_output
/scratch16/pclancy3/victor/V-ST/Ef/V_D3.in,/scratch16/pclancy3/victor/V-ST/Ef,V_D3.in,.in,4321,vc-relax,vc-relax,54,1,v-bulk,,False,False,,,0,,False,,qe_input_template_candidate
/scratch16/pclancy3/victor/V-ST/Ef/V_D3_SOC.in,/scratch16/pclancy3/victor/V-ST/Ef,V_D3_SOC.in,.in,4365,vc-relax,vc-relax,54,1,v-bulk,,False,False,,,0,,False,,qe_input_template_candidate
/scratch16/pclancy3/victor/V-ST/Ef/V_D3.out,/scratch16/pclancy3/victor/V-ST/Ef,V_D3.out,.out,420832,qe_output_unknown,,,,,,True,False,,-7679.29755143,4,,False,,completed_qe_output_candidate
/scratch16/pclancy3/victor/V-ST/Ef/V.in,/scratch16/pclancy3/victor/V-ST/Ef,V.in,.in,4250,vc-relax,vc-relax,54,1,v-bulk,,False,False,,,0,,False,,qe_input_template_candidate
/scratch16/pclancy3/victor/V-ST/Ef/slurm-4278120.out,/scratch16/pclancy3/victor/V-ST/Ef,slurm-4278120.out,.out,2004,qe_output_unknown,,,,,,False,False,,,0,,False,,partial_or_unknown_qe_output
/scratch16/pclancy3/victor/V-ST/Ef/slurm-1056738.out,/scratch16/pclancy3/victor/V-ST/Ef,slurm-1056738.out,.out,2004,qe_output_unknown,,,,,,False,False,,,0,,False,,partial_or_unknown_qe_output
/scratch16/pclancy3/victor/V-ST/Ef/V.cif,/scratch16/pclancy3/victor/V-ST/Ef,V.cif,.cif,808,structure_or_other,,,,,,False,False,,,0,,False,,structure_candidate
/scratch16/pclancy3/victor/V-ST/Ef/V_convergence/V-3K-ecutwfc_40.in,/scratch16/pclancy3/victor/V-ST/Ef/V_convergence,V-3K-ecutwfc_40.in,.in,4188,scf,scf,54,1,v_convergence,,False,False,,,0,,False,,qe_input_template_candidate
/scratch16/pclancy3/victor/V-ST/Ef/V_convergence/V-kPts_4.out,/scratch16/pclancy3/victor/V-ST/Ef/V_convergence,V-kPts_4.out,.out,35036,qe_output_unknown,,,,,,True,False,,-7834.02647798,1,,False,,completed_qe_output_candidate
/scratch16/pclancy3/victor/V-ST/Ef/V_convergence/V-3K-ecutwfc_60.out,/scratch16/pclancy3/victor/V-ST/Ef/V_convergence,V-3K-ecutwfc_60.out,.out,34712,qe_output_unknown,,,,,,True,False,,-7834.02332094,1,,False,,completed_qe_output_candidate
/scratch16/pclancy3/victor/V-ST/Ef/V_convergence/V-3K-ecutwfc_50.in,/scratch16/pclancy3/victor/V-ST/Ef/V_convergence,V-3K-ecutwfc_50.in,.in,4188,scf,scf,54,1,v_convergence,,False,False,,,0,,False,,qe_input_template_candidate
/scratch16/pclancy3/victor/V-ST/Ef/V_convergence/V-3K-ecutwfc_20.out,/scratch16/pclancy3/victor/V-ST/Ef/V_convergence,V-3K-ecutwfc_20.out,.out,35471,qe_output_unknown,,,,,,True,False,,-7810.21202311,1,,False,,completed_qe_output_candidate
/scratch16/pclancy3/victor/V-ST/Ef/V_convergence/V-3K-ecutwfc_20.in,/scratch16/pclancy3/victor/V-ST/Ef/V_convergence,V-3K-ecutwfc_20.in,.in,4188,scf,scf,54,1,v_convergence,,False,False,,,0,,False,,qe_input_template_candidate
/scratch16/pclancy3/victor/V-ST/Ef/V_convergence/V-3K-ecutwfc_30.out,/scratch16/pclancy3/victor/V-ST/Ef/V_convergence,V-3K-ecutwfc_30.out,.out,34431,qe_output_unknown,,,,,,True,False,,-7833.59143508,1,,False,,completed_qe_output_candidate
/scratch16/pclancy3/victor/V-ST/Ef/V_convergence/V-3K-ecutwfc_30.in,/scratch16/pclancy3/victor/V-ST/Ef/V_convergence,V-3K-ecutwfc_30.in,.in,4188,scf,scf,54,1,v_convergence,,False,False,,,0,,False,,qe_input_template_candidate
/scratch16/pclancy3/victor/V-ST/Ef/V_convergence/V-kPts_2.out,/scratch16/pclancy3/victor/V-ST/Ef/V_convergence,V-kPts_2.out,.out,23139,qe_output_unknown,,,,,,True,False,,-7834.06060191,1,,False,,completed_qe_output_candidate
/scratch16/pclancy3/victor/V-ST/Ef/V_convergence/V-3K-ecutwfc_60.in,/scratch16/pclancy3/victor/V-ST/Ef/V_convergence,V-3K-ecutwfc_60.in,.in,4188,scf,scf,54,1,v_convergence,,False,False,,,0,,False,,qe_input_template_candidate
/scratch16/pclancy3/victor/V-ST/Ef/V_convergence/V-3K-ecutwfc_80.out,/scratch16/pclancy3/victor/V-ST/Ef/V_convergence,V-3K-ecutwfc_80.out,.out,35208,qe_output_unknown,,,,,,True,False,,-7834.02687611,1,,False,,completed_qe_output_candidate
/scratch16/pclancy3/victor/V-ST/Ef/V_convergence/V-3K-ecutwfc_90.out,/scratch16/pclancy3/victor/V-ST/Ef/V_convergence,V-3K-ecutwfc_90.out,.out,35036,qe_output_unknown,,,,,,True,False,,-7834.03024480,1,,False,,completed_qe_output_candidate
/scratch16/pclancy3/victor/V-ST/Ef/V_convergence/slurm-1099483.out,/scratch16/pclancy3/victor/V-ST/Ef/V_convergence,slurm-1099483.out,.out,484,qe_output_unknown,,,,,,False,False,,-7834.02813420,5,,False,,partial_or_unknown_qe_output
/scratch16/pclancy3/victor/V-ST/Ef/V_convergence/V-kPts_4.in,/scratch16/pclancy3/victor/V-ST/Ef/V_convergence,V-kPts_4.in,.in,4188,scf,scf,54,1,v_convergence,,False,False,,,0,,False,,qe_input_template_candidate
/scratch16/pclancy3/victor/V-ST/Ef/V_convergence/V-kPts_1.out,/scratch16/pclancy3/victor/V-ST/Ef/V_convergence,V-kPts_1.out,.out,23420,qe_output_unknown,,,,,,True,False,,-7834.15020504,1,,False,,completed_qe_output_candidate
/scratch16/pclancy3/victor/V-ST/Ef/V_convergence/slurm-1099479.out,/scratch16/pclancy3/victor/V-ST/Ef/V_convergence,slurm-1099479.out,.out,813,qe_output_unknown,,,,,,False,False,,-7834.03024480,8,,False,,partial_or_unknown_qe_output
/scratch16/pclancy3/victor/V-ST/Ef/V_convergence/V-kPts_5.in,/scratch16/pclancy3/victor/V-ST/Ef/V_convergence,V-kPts_5.in,.in,4188,scf,scf,54,1,v_convergence,,False,False,,,0,,False,,qe_input_template_candidate
/scratch16/pclancy3/victor/V-ST/Ef/V_convergence/V-kPts_5.out,/scratch16/pclancy3/victor/V-ST/Ef/V_convergence,V-kPts_5.out,.out,60361,qe_output_unknown,,,,,,True,False,,-7834.02813420,1,,False,,completed_qe_output_candidate
/scratch16/pclancy3/victor/V-ST/Ef/V_convergence/V-3K-ecutwfc_70.in,/scratch16/pclancy3/victor/V-ST/Ef/V_convergence,V-3K-ecutwfc_70.in,.in,4188,scf,scf,54,1,v_convergence,,False,False,,,0,,False,,qe_input_template_candidate
/scratch16/pclancy3/victor/V-ST/Ef/V_convergence/V-3K-ecutwfc_90.in,/scratch16/pclancy3/victor/V-ST/Ef/V_convergence,V-3K-ecutwfc_90.in,.in,4188,scf,scf,54,1,v_convergence,,False,False,,,0,,False,,qe_input_template_candidate
/scratch16/pclancy3/victor/V-ST/Ef/V_convergence/V-3K-ecutwfc_40.out,/scratch16/pclancy3/victor/V-ST/Ef/V_convergence,V-3K-ecutwfc_40.out,.out,35661,qe_output_unknown,,,,,,True,False,,-7834.01566632,1,,False,,completed_qe_output_candidate
/scratch16/pclancy3/victor/V-ST/Ef/V_convergence/V-3K-ecutwfc_70.out,/scratch16/pclancy3/victor/V-ST/Ef/V_convergence,V-3K-ecutwfc_70.out,.out,35208,qe_output_unknown,,,,,,True,False,,-7834.02646544,1,,False,,completed_qe_output_candidate
/scratch16/pclancy3/victor/V-ST/Ef/V_convergence/V-3K-ecutwfc_80.in,/scratch16/pclancy3/victor/V-ST/Ef/V_convergence,V-3K-ecutwfc_80.in,.in,4188,scf,scf,54,1,v_convergence,,False,False,,,0,,False,,qe_input_template_candidate
/scratch16/pclancy3/victor/V-ST/Ef/V_convergence/V-kPts_2.in,/scratch16/pclancy3/victor/V-ST/Ef/V_convergence,V-kPts_2.in,.in,4188,scf,scf,54,1,v_convergence,,False,False,,,0,,False,,qe_input_template_candidate
/scratch16/pclancy3/victor/V-ST/Ef/V_convergence/V-kPts_3.in,/scratch16/pclancy3/victor/V-ST/Ef/V_convergence,V-kPts_3.in,.in,4188,scf,scf,54,1,v_convergence,,False,False,,,0,,False,,qe_input_template_candidate
/scratch16/pclancy3/victor/V-ST/Ef/V_convergence/V-kPts_3.out,/scratch16/pclancy3/victor/V-ST/Ef/V_convergence,V-kPts_3.out,.out,35208,qe_output_unknown,,,,,,True,False,,-7834.02646544,1,,False,,completed_qe_output_candidate
/scratch16/pclancy3/victor/V-ST/Ef/V_convergence/V-kPts_1.in,/scratch16/pclancy3/victor/V-ST/Ef/V_convergence,V-kPts_1.in,.in,4188,scf,scf,54,1,v_convergence,,False,False,,,0,,False,,qe_input_template_candidate
/scratch16/pclancy3/victor/V-ST/Ef/V_convergence/V-3K-ecutwfc_50.out,/scratch16/pclancy3/victor/V-ST/Ef/V_convergence,V-3K-ecutwfc_50.out,.out,34259,qe_output_unknown,,,,,,True,False,,-7834.02077239,1,,False,,completed_qe_output_candidate
/scratch16/pclancy3/victor/V-ST/Ef/trash/V_mp-146_computed.cif,/scratch16/pclancy3/victor/V-ST/Ef/trash,V_mp-146_computed.cif,.cif,692,structure_or_other,,,,,,False,False,,,0,,False,,structure_candidate
/scratch16/pclancy3/victor/V-ST/Ef/trash/V_mp-146_primitive.cif,/scratch16/pclancy3/victor/V-ST/Ef/trash,V_mp-146_primitive.cif,.cif,692,structure_or_other,,,,,,False,False,,,0,,False,,structure_candidate
/scratch16/pclancy3/victor/V-ST/Ef/trash/V_mp-146_conventional_standard.cif,/scratch16/pclancy3/victor/V-ST/Ef/trash,V_mp-146_conventional_standard.cif,.cif,739,structure_or_other,,,,,,False,False,,,0,,False,,structure_candidate
/scratch16/pclancy3/victor/V-ST/neb2/neb3.out,/scratch16/pclancy3/victor/V-ST/neb2,neb3.out,.out,98653,neb,,,,,3,False,False,,,0,4.177595,False,20.1492,partial_neb_candidate
/scratch16/pclancy3/victor/V-ST/neb2/slurm-1234727.out,/scratch16/pclancy3/victor/V-ST/neb2,slurm-1234727.out,.out,2321,qe_output_unknown,,,,,,False,False,,,0,,False,,partial_or_unknown_qe_output
/scratch16/pclancy3/victor/V-ST/neb2/neb2.in,/scratch16/pclancy3/victor/V-ST/neb2,neb2.in,.in,8323,neb,,61,3,v-sb2te3,3,False,False,,,0,,False,,neb_needs_input_or_restart_review
/scratch16/pclancy3/victor/V-ST/neb2/slurm-1195444.out,/scratch16/pclancy3/victor/V-ST/neb2,slurm-1195444.out,.out,3291,qe_output_unknown,,,,,,False,False,,,0,,False,,partial_or_unknown_qe_output
/scratch16/pclancy3/victor/V-ST/neb2/slurm-1192840.out,/scratch16/pclancy3/victor/V-ST/neb2,slurm-1192840.out,.out,2004,qe_output_unknown,,,,,,False,False,,,0,,False,,partial_or_unknown_qe_output
/scratch16/pclancy3/victor/V-ST/neb2/V1-Bands-SCF.in,/scratch16/pclancy3/victor/V-ST/neb2,V1-Bands-SCF.in,.in,4391,scf,scf,61,3,v-sb2te3_bands,,False,False,,,0,,False,,qe_input_template_candidate
/scratch16/pclancy3/victor/V-ST/neb2/pw_2.in,/scratch16/pclancy3/victor/V-ST/neb2,pw_2.in,.in,4112,qe_input_unknown,,61,3,v-sb2te3,,False,False,,,0,,False,,qe_input_template_candidate
/scratch16/pclancy3/victor/V-ST/neb2/neb.out,/scratch16/pclancy3/victor/V-ST/neb2,neb.out,.out,33507,neb,,,,,33,False,False,,,0,627.040883,False,20.1492,partial_neb_candidate
/scratch16/pclancy3/victor/V-ST/neb2/neb4.out,/scratch16/pclancy3/victor/V-ST/neb2,neb4.out,.out,37642,neb,,,,,3,False,False,,,0,4.074833,False,20.1492,partial_neb_candidate
/scratch16/pclancy3/victor/V-ST/neb2/slurm-1223563.out,/scratch16/pclancy3/victor/V-ST/neb2,slurm-1223563.out,.out,2540,qe_output_unknown,,,,,,False,False,,,0,,False,,partial_or_unknown_qe_output
/scratch16/pclancy3/victor/V-ST/neb2/neb5.in,/scratch16/pclancy3/victor/V-ST/neb2,neb5.in,.in,8307,neb,,61,3,v-sb2te3,3,False,False,,,0,,False,,neb_needs_input_or_restart_review
/scratch16/pclancy3/victor/V-ST/neb2/slurm-1197196.out,/scratch16/pclancy3/victor/V-ST/neb2,slurm-1197196.out,.out,3291,qe_output_unknown,,,,,,False,False,,,0,,False,,partial_or_unknown_qe_output
/scratch16/pclancy3/victor/V-ST/neb2/neb3.in,/scratch16/pclancy3/victor/V-ST/neb2,neb3.in,.in,8323,neb,,61,3,v-sb2te3,3,False,False,,,0,,False,,neb_needs_input_or_restart_review
/scratch16/pclancy3/victor/V-ST/neb2/neb2.out,/scratch16/pclancy3/victor/V-ST/neb2,neb2.out,.out,70543,neb,,,,,3,False,False,,,0,4.178365,False,20.1492,partial_neb_candidate
/scratch16/pclancy3/victor/V-ST/neb2/slurm-1225949.out,/scratch16/pclancy3/victor/V-ST/neb2,slurm-1225949.out,.out,438905,qe_output_unknown,,,,,,False,True,segmentation fault,,0,,False,,quarantine_or_restart_review
/scratch16/pclancy3/victor/V-ST/neb2/v-sb2te3.xyz,/scratch16/pclancy3/victor/V-ST/neb2,v-sb2te3.xyz,.xyz,9354,structure_or_other,,,,,,False,False,,,0,,False,,structure_candidate
/scratch16/pclancy3/victor/V-ST/neb2/neb5.out,/scratch16/pclancy3/victor/V-ST/neb2,neb5.out,.out,999524,neb,,,,,3,True,False,,,0,4.522590,True,20.1492,quarantine_neb_overflow
/scratch16/pclancy3/victor/V-ST/neb2/V-TMi1_Pos2.xyz,/scratch16/pclancy3/victor/V-ST/neb2,V-TMi1_Pos2.xyz,.xyz,6623,structure_or_other,,,,,,False,False,,,0,,False,,structure_candidate
/scratch16/pclancy3/victor/V-ST/neb2/neb.in,/scratch16/pclancy3/victor/V-ST/neb2,neb.in,.in,8323,neb,,61,3,v-sb2te3,3,False,False,,,0,,False,,neb_needs_input_or_restart_review
/scratch16/pclancy3/victor/V-ST/neb2/slurm-1193627.out,/scratch16/pclancy3/victor/V-ST/neb2,slurm-1193627.out,.out,2240,qe_output_unknown,,,,,,False,False,,,0,,False,,partial_or_unknown_qe_output
/scratch16/pclancy3/victor/V-ST/neb2/slurm-1234720.out,/scratch16/pclancy3/victor/V-ST/neb2,slurm-1234720.out,.out,3291,qe_output_unknown,,,,,,False,False,,,0,,False,,partial_or_unknown_qe_output
/scratch16/pclancy3/victor/V-ST/neb2/pw_1.in,/scratch16/pclancy3/victor/V-ST/neb2,pw_1.in,.in,4112,qe_input_unknown,,61,3,v-sb2te3,,False,False,,,0,,False,,qe_input_template_candidate
/scratch16/pclancy3/victor/V-ST/neb2/neb4.in,/scratch16/pclancy3/victor/V-ST/neb2,neb4.in,.in,8323,neb,,61,3,v-sb2te3,3,False,False,,,0,,False,,neb_needs_input_or_restart_review
/scratch16/pclancy3/victor/V-ST/neb2/out/v-sb2te3_21/PW.out,/scratch16/pclancy3/victor/V-ST/neb2/out/v-sb2te3_21,PW.out,.out,448166,qe_output_unknown,,,,,,False,False,,-5535.15819130,4,,False,,partial_or_unknown_qe_output
/scratch16/pclancy3/victor/V-ST/neb2/out/v-sb2te3_6/PW.out,/scratch16/pclancy3/victor/V-ST/neb2/out/v-sb2te3_6,PW.out,.out,446277,qe_output_unknown,,,,,,False,False,,-5535.67696913,4,,False,,partial_or_unknown_qe_output
/scratch16/pclancy3/victor/V-ST/neb2/out/v-sb2te3_29/PW.out,/scratch16/pclancy3/victor/V-ST/neb2/out/v-sb2te3_29,PW.out,.out,443382,qe_output_unknown,,,,,,False,False,,-5537.32381956,4,,False,,partial_or_unknown_qe_output
/scratch16/pclancy3/victor/V-ST/neb2/out/v-sb2te3_24/PW.out,/scratch16/pclancy3/victor/V-ST/neb2/out/v-sb2te3_24,PW.out,.out,458283,qe_output_unknown,,,,,,False,False,,-5530.37675930,4,,False,,partial_or_unknown_qe_output
/scratch16/pclancy3/victor/V-ST/neb2/out/v-sb2te3_20/PW.out,/scratch16/pclancy3/victor/V-ST/neb2/out/v-sb2te3_20,PW.out,.out,443502,qe_output_unknown,,,,,,False,False,,-5537.07204170,4,,False,,partial_or_unknown_qe_output
/scratch16/pclancy3/victor/V-ST/neb2/out/v-sb2te3_7/PW.out,/scratch16/pclancy3/victor/V-ST/neb2/out/v-sb2te3_7,PW.out,.out,457976,qe_output_unknown,,,,,,False,False,,-5532.78943038,4,,False,,partial_or_unknown_qe_output
/scratch16/pclancy3/victor/V-ST/neb2/out/v-sb2te3_23/PW.out,/scratch16/pclancy3/victor/V-ST/neb2/out/v-sb2te3_23,PW.out,.out,458645,qe_output_unknown,,,,,,False,False,,-5530.64082771,4,,False,,partial_or_unknown_qe_output
/scratch16/pclancy3/victor/V-ST/neb2/out/v-sb2te3_16/PW.out,/scratch16/pclancy3/victor/V-ST/neb2/out/v-sb2te3_16,PW.out,.out,442090,qe_output_unknown,,,,,,False,False,,-5537.99615552,4,,False,,partial_or_unknown_qe_output
/scratch16/pclancy3/victor/V-ST/neb2/out/v-sb2te3_14/PW.out,/scratch16/pclancy3/victor/V-ST/neb2/out/v-sb2te3_14,PW.out,.out,443416,qe_output_unknown,,,,,,False,False,,-5537.06957069,4,,False,,partial_or_unknown_qe_output
/scratch16/pclancy3/victor/V-ST/neb2/out/v-sb2te3_19/PW.out,/scratch16/pclancy3/victor/V-ST/neb2/out/v-sb2te3_19,PW.out,.out,445372,qe_output_unknown,,,,,,False,False,,-5537.80214974,4,,False,,partial_or_unknown_qe_output
/scratch16/pclancy3/victor/V-ST/neb2/out/v-sb2te3_17/PW.out,/scratch16/pclancy3/victor/V-ST/neb2/out/v-sb2te3_17,PW.out,.out,440444,qe_output_unknown,,,,,,False,False,,-5538.03024615,4,,False,,partial_or_unknown_qe_output
/scratch16/pclancy3/victor/V-ST/neb2/out/v-sb2te3_12/PW.out,/scratch16/pclancy3/victor/V-ST/neb2/out/v-sb2te3_12,PW.out,.out,459461,qe_output_unknown,,,,,,False,False,,-5532.27640155,4,,False,,partial_or_unknown_qe_output
/scratch16/pclancy3/victor/V-ST/neb2/out/v-sb2te3_27/PW.out,/scratch16/pclancy3/victor/V-ST/neb2/out/v-sb2te3_27,PW.out,.out,457171,qe_output_unknown,,,,,,False,False,,-5532.78130910,4,,False,,partial_or_unknown_qe_output
/scratch16/pclancy3/victor/V-ST/neb2/out/v-sb2te3_32/PW.out,/scratch16/pclancy3/victor/V-ST/neb2/out/v-sb2te3_32,PW.out,.out,439507,qe_output_unknown,,,,,,False,False,,-5538.32500701,4,,False,,partial_or_unknown_qe_output
/scratch16/pclancy3/victor/V-ST/neb2/out/v-sb2te3_31/PW.out,/scratch16/pclancy3/victor/V-ST/neb2/out/v-sb2te3_31,PW.out,.out,444214,qe_output_unknown,,,,,,False,False,,-5538.25490353,4,,False,,partial_or_unknown_qe_output
/scratch16/pclancy3/victor/V-ST/neb2/out/v-sb2te3_25/PW.out,/scratch16/pclancy3/victor/V-ST/neb2/out/v-sb2te3_25,PW.out,.out,455759,qe_output_unknown,,,,,,False,False,,-5530.29233806,4,,False,,partial_or_unknown_qe_output
/scratch16/pclancy3/victor/V-ST/neb2/out/v-sb2te3_4/PW.out,/scratch16/pclancy3/victor/V-ST/neb2/out/v-sb2te3_4,PW.out,.out,442787,qe_output_unknown,,,,,,False,False,,-5538.00440995,4,,False,,partial_or_unknown_qe_output
/scratch16/pclancy3/victor/V-ST/neb2/out/v-sb2te3_2/PW.out,/scratch16/pclancy3/victor/V-ST/neb2/out/v-sb2te3_2,PW.out,.out,69103254,qe_output_unknown,,,,,,False,False,,-5537.45856348,56,,False,,partial_or_unknown_qe_output
/scratch16/pclancy3/victor/V-ST/neb2/out/v-sb2te3_28/PW.out,/scratch16/pclancy3/victor/V-ST/neb2/out/v-sb2te3_28,PW.out,.out,446379,qe_output_unknown,,,,,,False,False,,-5535.67137671,4,,False,,partial_or_unknown_qe_output
/scratch16/pclancy3/victor/V-ST/neb2/out/v-sb2te3_11/PW.out,/scratch16/pclancy3/victor/V-ST/neb2/out/v-sb2te3_11,PW.out,.out,457704,qe_output_unknown,,,,,,False,False,,-5530.64111389,4,,False,,partial_or_unknown_qe_output
/scratch16/pclancy3/victor/V-ST/neb2/out/v-sb2te3_5/PW.out,/scratch16/pclancy3/victor/V-ST/neb2/out/v-sb2te3_5,PW.out,.out,443332,qe_output_unknown,,,,,,False,False,,-5537.32608084,4,,False,,partial_or_unknown_qe_output
/scratch16/pclancy3/victor/V-ST/neb2/out/v-sb2te3_10/PW.out,/scratch16/pclancy3/victor/V-ST/neb2/out/v-sb2te3_10,PW.out,.out,458326,qe_output_unknown,,,,,,False,False,,-5530.37729743,4,,False,,partial_or_unknown_qe_output
/scratch16/pclancy3/victor/V-ST/neb2/out/v-sb2te3_33/PW.out,/scratch16/pclancy3/victor/V-ST/neb2/out/v-sb2te3_33,PW.out,.out,334978,qe_output_unknown,,,,,,False,False,,-5538.33600285,4,,False,,partial_or_unknown_qe_output
/scratch16/pclancy3/victor/V-ST/neb2/out/v-sb2te3_3/PW.out,/scratch16/pclancy3/victor/V-ST/neb2/out/v-sb2te3_3,PW.out,.out,71024459,qe_output_unknown,,,,,,False,False,,-5537.56889197,57,,False,,partial_or_unknown_qe_output
/scratch16/pclancy3/victor/V-ST/neb2/out/v-sb2te3_1/PW.out,/scratch16/pclancy3/victor/V-ST/neb2/out/v-sb2te3_1,PW.out,.out,74261518,qe_output_unknown,,,,,,False,False,,-5537.56830040,59,,False,,partial_or_unknown_qe_output
/scratch16/pclancy3/victor/V-ST/neb2/out/v-sb2te3_15/PW.out,/scratch16/pclancy3/victor/V-ST/neb2/out/v-sb2te3_15,PW.out,.out,445329,qe_output_unknown,,,,,,False,False,,-5537.80103131,4,,False,,partial_or_unknown_qe_output
/scratch16/pclancy3/victor/V-ST/neb2/out/v-sb2te3_8/PW.out,/scratch16/pclancy3/victor/V-ST/neb2/out/v-sb2te3_8,PW.out,.out,456525,qe_output_unknown,,,,,,False,False,,-5530.71405382,4,,False,,partial_or_unknown_qe_output
/scratch16/pclancy3/victor/V-ST/neb2/out/v-sb2te3_13/PW.out,/scratch16/pclancy3/victor/V-ST/neb2/out/v-sb2te3_13,PW.out,.out,448209,qe_output_unknown,,,,,,False,False,,-5535.15399806,4,,False,,partial_or_unknown_qe_output
/scratch16/pclancy3/victor/V-ST/neb2/out/v-sb2te3_18/PW.out,/scratch16/pclancy3/victor/V-ST/neb2/out/v-sb2te3_18,PW.out,.out,443511,qe_output_unknown,,,,,,False,False,,-5537.99660622,4,,False,,partial_or_unknown_qe_output
/scratch16/pclancy3/victor/V-ST/neb2/out/v-sb2te3_30/PW.out,/scratch16/pclancy3/victor/V-ST/neb2/out/v-sb2te3_30,PW.out,.out,442387,qe_output_unknown,,,,,,False,False,,-5538.00353550,4,,False,,partial_or_unknown_qe_output
/scratch16/pclancy3/victor/V-ST/neb2/out/v-sb2te3_9/PW.out,/scratch16/pclancy3/victor/V-ST/neb2/out/v-sb2te3_9,PW.out,.out,455666,qe_output_unknown,,,,,,False,False,,-5530.29273812,4,,False,,partial_or_unknown_qe_output
/scratch16/pclancy3/victor/V-ST/neb2/out/v-sb2te3_22/PW.out,/scratch16/pclancy3/victor/V-ST/neb2/out/v-sb2te3_22,PW.out,.out,458830,qe_output_unknown,,,,,,False,False,,-5532.27900892,4,,False,,partial_or_unknown_qe_output
/scratch16/pclancy3/victor/V-ST/neb2/out/v-sb2te3_26/PW.out,/scratch16/pclancy3/victor/V-ST/neb2/out/v-sb2te3_26,PW.out,.out,457957,qe_output_unknown,,,,,,False,False,,-5530.70957579,4,,False,,partial_or_unknown_qe_output
/scratch16/pclancy3/victor/V-ST/interstitial_D3/Sb2Te3_vcrelax_D3_nosym_k4.in,/scratch16/pclancy3/victor/V-ST/interstitial_D3,Sb2Te3_vcrelax_D3_nosym_k4.in,.in,4832,vc-relax,vc-relax,60,2,sb2te3_vcr,,False,False,,,0,,False,,qe_input_template_candidate
/scratch16/pclancy3/victor/V-ST/interstitial_D3/Sb2Te3_vcrelax_D3_sym_80_640_newpp.out,/scratch16/pclancy3/victor/V-ST/interstitial_D3,Sb2Te3_vcrelax_D3_sym_80_640_newpp.out,.out,1829600,qe_output_unknown,,,,,,True,False,,-9652.93566635,20,,False,,completed_qe_output_candidate
/scratch16/pclancy3/victor/V-ST/interstitial_D3/V-TMi1_D3.in,/scratch16/pclancy3/victor/V-ST/interstitial_D3,V-TMi1_D3.in,.in,4481,relax,relax,61,3,interstitial_tmi1,,False,False,,,0,,False,,qe_input_template_candidate
/scratch16/pclancy3/victor/V-ST/interstitial_D3/V-TMi4_D3.out,/scratch16/pclancy3/victor/V-ST/interstitial_D3,V-TMi4_D3.out,.out,4312555,qe_output_unknown,,,,,,False,False,,-9794.98003769,41,,False,,partial_or_unknown_qe_output
/scratch16/pclancy3/victor/V-ST/interstitial_D3/slurm-4360872.out,/scratch16/pclancy3/victor/V-ST/interstitial_D3,slurm-4360872.out,.out,2004,qe_output_unknown,,,,,,False,False,,,0,,False,,partial_or_unknown_qe_output
/scratch16/pclancy3/victor/V-ST/interstitial_D3/V-TMi4_D3.in,/scratch16/pclancy3/victor/V-ST/interstitial_D3,V-TMi4_D3.in,.in,4481,relax,relax,61,3,interstitial_tmi4,,False,False,,,0,,False,,qe_input_template_candidate
/scratch16/pclancy3/victor/V-ST/interstitial_D3/Sb2Te3_vcrelax_D3_sym.xyz,/scratch16/pclancy3/victor/V-ST/interstitial_D3,Sb2Te3_vcrelax_D3_sym.xyz,.xyz,6817,structure_or_other,,,,,,False,False,,,0,,False,,structure_candidate
/scratch16/pclancy3/victor/V-ST/interstitial_D3/Sb2Te3_vcrelax_D3.in,/scratch16/pclancy3/victor/V-ST/interstitial_D3,Sb2Te3_vcrelax_D3.in,.in,4832,vc-relax,vc-relax,60,2,sb2te3_vcr,,False,False,,,0,,False,,qe_input_template_candidate
/scratch16/pclancy3/victor/V-ST/interstitial_D3/V-TMi1_D3.out,/scratch16/pclancy3/victor/V-ST/interstitial_D3,V-TMi1_D3.out,.out,2431407,qe_output_unknown,,,,,,True,False,,-9795.00509437,25,,False,,completed_qe_output_candidate
/scratch16/pclancy3/victor/V-ST/interstitial_D3/Sb2Te3_vcrelax_D3_sym.in,/scratch16/pclancy3/victor/V-ST/interstitial_D3,Sb2Te3_vcrelax_D3_sym.in,.in,4848,vc-relax,vc-relax,60,2,sb2te3_vcr,,False,False,,,0,,False,,qe_input_template_candidate
/scratch16/pclancy3/victor/V-ST/interstitial_D3/V-TMi3_D3.in,/scratch16/pclancy3/victor/V-ST/interstitial_D3,V-TMi3_D3.in,.in,4481,relax,relax,61,3,interstitial_tmi3,,False,False,,,0,,False,,qe_input_template_candidate
/scratch16/pclancy3/victor/V-ST/interstitial_D3/Sb2Te3_vcrelax_D3_sym80.out,/scratch16/pclancy3/victor/V-ST/interstitial_D3,Sb2Te3_vcrelax_D3_sym80.out,.out,2856974,qe_output_unknown,,,,,,True,False,,-9690.86588831,33,,False,,completed_qe_output_candidate
/scratch16/pclancy3/victor/V-ST/interstitial_D3/Sb2Te3_vcrelax_D3_sym_80_640.out,/scratch16/pclancy3/victor/V-ST/interstitial_D3,Sb2Te3_vcrelax_D3_sym_80_640.out,.out,2847684,qe_output_unknown,,,,,,True,False,,-9690.86593508,33,,False,,completed_qe_output_candidate
/scratch16/pclancy3/victor/V-ST/interstitial_D3/Sb2Te3_vcrelax_D3_sym_k4.out,/scratch16/pclancy3/victor/V-ST/interstitial_D3,Sb2Te3_vcrelax_D3_sym_k4.out,.out,10706141,qe_output_unknown,,,,,,False,False,,-9690.62543776,15,,False,,partial_or_unknown_qe_output
/scratch16/pclancy3/victor/V-ST/interstitial_D3/Sb2Te3_vcrelax_D3_sym80.xyz,/scratch16/pclancy3/victor/V-ST/interstitial_D3,Sb2Te3_vcrelax_D3_sym80.xyz,.xyz,6624,structure_or_other,,,,,,False,False,,,0,,False,,structure_candidate
/scratch16/pclancy3/victor/V-ST/interstitial_D3/Sb2Te3_vcrelax_D3_sym_80_640.xyz,/scratch16/pclancy3/victor/V-ST/interstitial_D3,Sb2Te3_vcrelax_D3_sym_80_640.xyz,.xyz,6623,structure_or_other,,,,,,False,False,,,0,,False,,structure_candidate
/scratch16/pclancy3/victor/V-ST/interstitial_D3/slurm-4278674.out,/scratch16/pclancy3/victor/V-ST/interstitial_D3,slurm-4278674.out,.out,2854,qe_output_unknown,,,,,,False,False,,,0,,False,,partial_or_unknown_qe_output
/scratch16/pclancy3/victor/V-ST/interstitial_D3/Sb2Te3_vcrelax_D3_sym_80_640_newpp.xyz,/scratch16/pclancy3/victor/V-ST/interstitial_D3,Sb2Te3_vcrelax_D3_sym_80_640_newpp.xyz,.xyz,6625,structure_or_other,,,,,,False,False,,,0,,False,,structure_candidate
/scratch16/pclancy3/victor/V-ST/interstitial_D3/slurm-4188480.out,/scratch16/pclancy3/victor/V-ST/interstitial_D3,slurm-4188480.out,.out,2004,qe_output_unknown,,,,,,False,False,,,0,,False,,partial_or_unknown_qe_output
/scratch16/pclancy3/victor/V-ST/interstitial_D3/slurm-2575270.out,/scratch16/pclancy3/victor/V-ST/interstitial_D3,slurm-2575270.out,.out,2004,qe_output_unknown,,,,,,False,False,,,0,,False,,partial_or_unknown_qe_output
/scratch16/pclancy3/victor/V-ST/interstitial_D3/slurm-4277992.out,/scratch16/pclancy3/victor/V-ST/interstitial_D3,slurm-4277992.out,.out,2004,qe_output_unknown,,,,,,False,False,,,0,,False,,partial_or_unknown_qe_output
/scratch16/pclancy3/victor/V-ST/interstitial_D3/slurm-2779591.out,/scratch16/pclancy3/victor/V-ST/interstitial_D3,slurm-2779591.out,.out,2103,qe_output_unknown,,,,,,False,False,,,0,,False,,partial_or_unknown_qe_output
/scratch16/pclancy3/victor/V-ST/interstitial_D3/slurm-4188772.out,/scratch16/pclancy3/victor/V-ST/interstitial_D3,slurm-4188772.out,.out,2004,qe_output_unknown,,,,,,False,False,,,0,,False,,partial_or_unknown_qe_output
/scratch16/pclancy3/victor/V-ST/interstitial_D3/slurm-4186976.out,/scratch16/pclancy3/victor/V-ST/interstitial_D3,slurm-4186976.out,.out,2004,qe_output_unknown,,,,,,False,False,,,0,,False,,partial_or_unknown_qe_output
/scratch16/pclancy3/victor/V-ST/interstitial_D3/slurm-2847786.out,/scratch16/pclancy3/victor/V-ST/interstitial_D3,slurm-2847786.out,.out,2103,qe_output_unknown,,,,,,False,False,,,0,,False,,partial_or_unknown_qe_output
/scratch16/pclancy3/victor/V-ST/interstitial_D3/slurm-2706100.out,/scratch16/pclancy3/victor/V-ST/interstitial_D3,slurm-2706100.out,.out,2247,qe_output_unknown,,,,,,False,False,,,0,,False,,partial_or_unknown_qe_output
/scratch16/pclancy3/victor/V-ST/interstitial_D3/original_vcrelax.in,/scratch16/pclancy3/victor/V-ST/interstitial_D3,original_vcrelax.in,.in,4862,vc-relax,vc-relax,60,2,sb2te3_60,,False,False,,,0,,False,,qe_input_template_candidate
/scratch16/pclancy3/victor/V-ST/interstitial_D3/V-TMi1+TMi4-vdW2_D3.in,/scratch16/pclancy3/victor/V-ST/interstitial_D3,V-TMi1+TMi4-vdW2_D3.in,.in,4537,relax,relax,62,3,interstitial_tmi1,,False,False,,,0,,False,,qe_input_template_candidate
/scratch16/pclancy3/victor/V-ST/interstitial_D3/original_vcrelax.out,/scratch16/pclancy3/victor/V-ST/interstitial_D3,original_vcrelax.out,.out,2015525,qe_output_unknown,,,,,,True,False,,-9690.36614539,23,,False,,completed_qe_output_candidate
/scratch16/pclancy3/victor/V-ST/interstitial_D3/Sb2Te3_vcrelax_D3.xyz,/scratch16/pclancy3/victor/V-ST/interstitial_D3,Sb2Te3_vcrelax_D3.xyz,.xyz,6817,structure_or_other,,,,,,False,False,,,0,,False,,structure_candidate
/scratch16/pclancy3/victor/V-ST/interstitial_D3/slurm-1937435.out,/scratch16/pclancy3/victor/V-ST/interstitial_D3,slurm-1937435.out,.out,23380,qe_output_unknown,,,,,,False,True,segmentation fault,,0,,False,,quarantine_or_restart_review
/scratch16/pclancy3/victor/V-ST/interstitial_D3/V-TMi1+2TMi4-vdW3_D3.out,/scratch16/pclancy3/victor/V-ST/interstitial_D3,V-TMi1+2TMi4-vdW3_D3.out,.out,4330390,qe_output_unknown,,,,,,False,False,,-10079.25543985,38,,False,,partial_or_unknown_qe_output
/scratch16/pclancy3/victor/V-ST/interstitial_D3/slurm-1937467.out,/scratch16/pclancy3/victor/V-ST/interstitial_D3,slurm-1937467.out,.out,2004,qe_output_unknown,,,,,,False,False,,,0,,False,,partial_or_unknown_qe_output
/scratch16/pclancy3/victor/V-ST/interstitial_D3/slurm-3182722.out,/scratch16/pclancy3/victor/V-ST/interstitial_D3,slurm-3182722.out,.out,2004,qe_output_unknown,,,,,,False,False,,,0,,False,,partial_or_unknown_qe_output
/scratch16/pclancy3/victor/V-ST/interstitial_D3/slurm-4187632.out,/scratch16/pclancy3/victor/V-ST/interstitial_D3,slurm-4187632.out,.out,2004,qe_output_unknown,,,,,,False,False,,,0,,False,,partial_or_unknown_qe_output
/scratch16/pclancy3/victor/V-ST/interstitial_D3/V-TMi1_Pos2.in,/scratch16/pclancy3/victor/V-ST/interstitial_D3,V-TMi1_Pos2.in,.in,4447,relax,relax,61,3,interstitial_tmi1_pos2,,False,False,,,0,,False,,qe_input_template_candidate
/scratch16/pclancy3/victor/V-ST/interstitial_D3/slurm-3182720.out,/scratch16/pclancy3/victor/V-ST/interstitial_D3,slurm-3182720.out,.out,2257,qe_output_unknown,,,,,,False,False,,,0,,False,,partial_or_unknown_qe_output
/scratch16/pclancy3/victor/V-ST/interstitial_D3/V-TMi2_D3.out,/scratch16/pclancy3/victor/V-ST/interstitial_D3,V-TMi2_D3.out,.out,2919732,qe_output_unknown,,,,,,True,False,,-9795.02684595,30,,False,,completed_qe_output_candidate
/scratch16/pclancy3/victor/V-ST/interstitial_D3/slurm-2706150.out,/scratch16/pclancy3/victor/V-ST/interstitial_D3,slurm-2706150.out,.out,2004,qe_output_unknown,,,,,,False,False,,,0,,False,,partial_or_unknown_qe_output
/scratch16/pclancy3/victor/V-ST/interstitial_D3/Sb2Te3_vcrelax_D3_sym_k4.in,/scratch16/pclancy3/victor/V-ST/interstitial_D3,Sb2Te3_vcrelax_D3_sym_k4.in,.in,4813,vc-relax,vc-relax,60,2,sb2te3_vcr,,False,False,,,0,,False,,qe_input_template_candidate
/scratch16/pclancy3/victor/V-ST/interstitial_D3/V-TMi2_D3.in,/scratch16/pclancy3/victor/V-ST/interstitial_D3,V-TMi2_D3.in,.in,4480,relax,relax,61,3,interstitial_tmi2,,False,False,,,0,,False,,qe_input_template_candidate
/scratch16/pclancy3/victor/V-ST/interstitial_D3/Sb2Te3_vcrelax_D3_nosym_k4.out,/scratch16/pclancy3/victor/V-ST/interstitial_D3,Sb2Te3_vcrelax_D3_nosym_k4.out,.out,31872,qe_output_unknown,,,,,,False,False,,,0,,False,,partial_or_unknown_qe_output
/scratch16/pclancy3/victor/V-ST/interstitial_D3/slurm-3182691.out,/scratch16/pclancy3/victor/V-ST/interstitial_D3,slurm-3182691.out,.out,2004,qe_output_unknown,,,,,,False,False,,,0,,False,,partial_or_unknown_qe_output
/scratch16/pclancy3/victor/V-ST/interstitial_D3/slurm-1863697.out,/scratch16/pclancy3/victor/V-ST/interstitial_D3,slurm-1863697.out,.out,2004,qe_output_unknown,,,,,,False,False,,,0,,False,,partial_or_unknown_qe_output
/scratch16/pclancy3/victor/V-ST/interstitial_D3/V-TMi1+TMi4-vdW2_D3.out,/scratch16/pclancy3/victor/V-ST/interstitial_D3,V-TMi1+TMi4-vdW2_D3.out,.out,3694462,qe_output_unknown,,,,,,True,False,,-9937.13021143,36,,False,,completed_qe_output_candidate
/scratch16/pclancy3/victor/V-ST/interstitial_D3/V-TMi3_D3.out,/scratch16/pclancy3/victor/V-ST/interstitial_D3,V-TMi3_D3.out,.out,3986922,qe_output_unknown,,,,,,True,False,,-9794.98140954,41,,False,,completed_qe_output_candidate
/scratch16/pclancy3/victor/V-ST/interstitial_D3/original_vcrelax.xyz,/scratch16/pclancy3/victor/V-ST/interstitial_D3,original_vcrelax.xyz,.xyz,6619,structure_or_other,,,,,,False,False,,,0,,False,,structure_candidate
/scratch16/pclancy3/victor/V-ST/interstitial_D3/V-TMi1+2TMi4-vdW3_D3.in,/scratch16/pclancy3/victor/V-ST/interstitial_D3,V-TMi1+2TMi4-vdW3_D3.in,.in,4588,relax,relax,63,3,interstitial_tmi1,,False,False,,,0,,False,,qe_input_template_candidate
/scratch16/pclancy3/victor/V-ST/interstitial_D3/Sb2Te3_vcrelax_D3.out,/scratch16/pclancy3/victor/V-ST/interstitial_D3,Sb2Te3_vcrelax_D3.out,.out,2720399,qe_output_unknown,,,,,,True,False,,-9690.87187984,27,,False,,completed_qe_output_candidate
/scratch16/pclancy3/victor/V-ST/interstitial_D3/slurm-3002687.out,/scratch16/pclancy3/victor/V-ST/interstitial_D3,slurm-3002687.out,.out,2004,qe_output_unknown,,,,,,False,False,,,0,,False,,partial_or_unknown_qe_output
/scratch16/pclancy3/victor/V-ST/charge5_tmi/slurm-14229333.out,/scratch16/pclancy3/victor/V-ST/charge5_tmi,slurm-14229333.out,.out,2169,qe_output_unknown,,,,,,False,False,,,0,,False,,partial_or_unknown_qe_output
/scratch16/pclancy3/victor/V-ST/charge5_tmi/slurm-14215345.out,/scratch16/pclancy3/victor/V-ST/charge5_tmi,slurm-14215345.out,.out,3310,qe_output_unknown,,,,,,False,False,,,0,,False,,partial_or_unknown_qe_output
/scratch16/pclancy3/victor/V-ST/charge5_tmi/slurm-14243714.out,/scratch16/pclancy3/victor/V-ST/charge5_tmi,slurm-14243714.out,.out,2275,qe_output_unknown,,,,,,False,False,,,0,,False,,partial_or_unknown_qe_output
/scratch16/pclancy3/victor/V-ST/charge5_tmi/V-TMi1_D3.in,/scratch16/pclancy3/victor/V-ST/charge5_tmi,V-TMi1_D3.in,.in,4501,relax,relax,61,3,interstitial_tmi1,,False,False,,,0,,False,,qe_input_template_candidate
/scratch16/pclancy3/victor/V-ST/charge5_tmi/V-TMi4_D3.out,/scratch16/pclancy3/victor/V-ST/charge5_tmi,V-TMi4_D3.out,.out,4381780,qe_output_unknown,,,,,,False,False,,-9799.02415369,41,,False,,partial_or_unknown_qe_output
/scratch16/pclancy3/victor/V-ST/charge5_tmi/slurm-14218530.out,/scratch16/pclancy3/victor/V-ST/charge5_tmi,slurm-14218530.out,.out,3393,qe_output_unknown,,,,,,False,False,,,0,,False,,partial_or_unknown_qe_output
/scratch16/pclancy3/victor/V-ST/charge5_tmi/slurm-14161342.out,/scratch16/pclancy3/victor/V-ST/charge5_tmi,slurm-14161342.out,.out,3309,qe_output_unknown,,,,,,False,False,,,0,,False,,partial_or_unknown_qe_output
/scratch16/pclancy3/victor/V-ST/charge5_tmi/V-TMi4_D3.in,/scratch16/pclancy3/victor/V-ST/charge5_tmi,V-TMi4_D3.in,.in,4501,relax,relax,61,3,interstitial_tmi4,,False,False,,,0,,False,,qe_input_template_candidate
/scratch16/pclancy3/victor/V-ST/charge5_tmi/V-TMi1_D3.out,/scratch16/pclancy3/victor/V-ST/charge5_tmi,V-TMi1_D3.out,.out,2625647,qe_output_unknown,,,,,,True,False,,-9799.04144558,27,,False,,completed_qe_output_candidate
/scratch16/pclancy3/victor/V-ST/charge5_tmi/V-TMi3_D3.in,/scratch16/pclancy3/victor/V-ST/charge5_tmi,V-TMi3_D3.in,.in,4501,relax,relax,61,3,interstitial_tmi3,,False,False,,,0,,False,,qe_input_template_candidate
/scratch16/pclancy3/victor/V-ST/charge5_tmi/slurm-14161345.out,/scratch16/pclancy3/victor/V-ST/charge5_tmi,slurm-14161345.out,.out,3310,qe_output_unknown,,,,,,False,False,,,0,,False,,partial_or_unknown_qe_output
/scratch16/pclancy3/victor/V-ST/charge5_tmi/slurm-14243715.out,/scratch16/pclancy3/victor/V-ST/charge5_tmi,slurm-14243715.out,.out,2169,qe_output_unknown,,,,,,False,False,,,0,,False,,partial_or_unknown_qe_output
/scratch16/pclancy3/victor/V-ST/charge5_tmi/slurm-14161344.out,/scratch16/pclancy3/victor/V-ST/charge5_tmi,slurm-14161344.out,.out,3310,qe_output_unknown,,,,,,False,False,,,0,,False,,partial_or_unknown_qe_output
/scratch16/pclancy3/victor/V-ST/charge5_tmi/slurm-14218475.out,/scratch16/pclancy3/victor/V-ST/charge5_tmi,slurm-14218475.out,.out,3602,qe_output_unknown,,,,,,False,False,,,0,,False,,partial_or_unknown_qe_output
/scratch16/pclancy3/victor/V-ST/charge5_tmi/slurm-14229331.out,/scratch16/pclancy3/victor/V-ST/charge5_tmi,slurm-14229331.out,.out,2169,qe_output_unknown,,,,,,False,False,,,0,,False,,partial_or_unknown_qe_output
/scratch16/pclancy3/victor/V-ST/charge5_tmi/slurm-14215347.out,/scratch16/pclancy3/victor/V-ST/charge5_tmi,slurm-14215347.out,.out,3310,qe_output_unknown,,,,,,False,False,,,0,,False,,partial_or_unknown_qe_output
/scratch16/pclancy3/victor/V-ST/charge5_tmi/slurm-14215348.out,/scratch16/pclancy3/victor/V-ST/charge5_tmi,slurm-14215348.out,.out,3309,qe_output_unknown,,,,,,False,False,,,0,,False,,partial_or_unknown_qe_output
/scratch16/pclancy3/victor/V-ST/charge5_tmi/slurm-14243713.out,/scratch16/pclancy3/victor/V-ST/charge5_tmi,slurm-14243713.out,.out,2169,qe_output_unknown,,,,,,False,False,,,0,,False,,partial_or_unknown_qe_output
/scratch16/pclancy3/victor/V-ST/charge5_tmi/slurm-14229332.out,/scratch16/pclancy3/victor/V-ST/charge5_tmi,slurm-14229332.out,.out,2169,qe_output_unknown,,,,,,False,False,,,0,,False,,partial_or_unknown_qe_output
/scratch16/pclancy3/victor/V-ST/charge5_tmi/slurm-14229334.out,/scratch16/pclancy3/victor/V-ST/charge5_tmi,slurm-14229334.out,.out,2169,qe_output_unknown,,,,,,False,False,,,0,,False,,partial_or_unknown_qe_output
/scratch16/pclancy3/victor/V-ST/charge5_tmi/slurm-14161343.out,/scratch16/pclancy3/victor/V-ST/charge5_tmi,slurm-14161343.out,.out,3309,qe_output_unknown,,,,,,False,False,,,0,,False,,partial_or_unknown_qe_output
/scratch16/pclancy3/victor/V-ST/charge5_tmi/V-TMi2_D3.out,/scratch16/pclancy3/victor/V-ST/charge5_tmi,V-TMi2_D3.out,.out,1580553,qe_output_unknown,,,,,,False,True,%%%%%%%%;error in routine;stopping,-9799.01785012,16,,False,,quarantine_or_restart_review
/scratch16/pclancy3/victor/V-ST/charge5_tmi/test.out,/scratch16/pclancy3/victor/V-ST/charge5_tmi,test.out,.out,29,qe_output_unknown,,,,,,False,False,,,0,,False,,partial_or_unknown_qe_output
/scratch16/pclancy3/victor/V-ST/charge5_tmi/V-TMi2_D3.in,/scratch16/pclancy3/victor/V-ST/charge5_tmi,V-TMi2_D3.in,.in,4500,relax,relax,61,3,interstitial_tmi2,,False,False,,,0,,False,,qe_input_template_candidate
/scratch16/pclancy3/victor/V-ST/charge5_tmi/slurm-14218493.out,/scratch16/pclancy3/victor/V-ST/charge5_tmi,slurm-14218493.out,.out,3394,qe_output_unknown,,,,,,False,False,,,0,,False,,partial_or_unknown_qe_output
/scratch16/pclancy3/victor/V-ST/charge5_tmi/slurm-14243716.out,/scratch16/pclancy3/victor/V-ST/charge5_tmi,slurm-14243716.out,.out,2169,qe_output_unknown,,,,,,False,False,,,0,,False,,partial_or_unknown_qe_output
/scratch16/pclancy3/victor/V-ST/charge5_tmi/V-TMi3_D3.out,/scratch16/pclancy3/victor/V-ST/charge5_tmi,V-TMi3_D3.out,.out,4215398,qe_output_unknown,,,,,,False,False,,-9799.00140777,41,,False,,partial_or_unknown_qe_output
/scratch16/pclancy3/victor/V-ST/charge5_tmi/slurm-14215346.out,/scratch16/pclancy3/victor/V-ST/charge5_tmi,slurm-14215346.out,.out,3310,qe_output_unknown,,,,,,False,False,,,0,,False,,partial_or_unknown_qe_output
/scratch16/pclancy3/victor/V-ST/charge5_tmi/.test/slurm-14231905.out,/scratch16/pclancy3/victor/V-ST/charge5_tmi/.test,slurm-14231905.out,.out,1720,qe_output_unknown,,,,,,False,False,,,0,,False,,partial_or_unknown_qe_output
/scratch16/pclancy3/victor/V-ST/interstitial/Bulk-NoSOC-NonREL-2K-VCRelax_60_2.in,/scratch16/pclancy3/victor/V-ST/interstitial,Bulk-NoSOC-NonREL-2K-VCRelax_60_2.in,.in,4767,vc-relax,vc-relax,60,2,sb2te3_vcr_convergence,,False,False,,,0,,False,,qe_input_template_candidate
/scratch16/pclancy3/victor/V-ST/interstitial/Bulk-NoSOC-NonREL-k2.xyz,/scratch16/pclancy3/victor/V-ST/interstitial,Bulk-NoSOC-NonREL-k2.xyz,.xyz,3448,structure_or_other,,,,,,False,False,,,0,,False,,structure_candidate
/scratch16/pclancy3/victor/V-ST/interstitial/V-TMi1_Pos2.out,/scratch16/pclancy3/victor/V-ST/interstitial,V-TMi1_Pos2.out,.out,2013180,qe_output_unknown,,,,,,True,False,,-5538.32981968,29,,False,,completed_qe_output_candidate
/scratch16/pclancy3/victor/V-ST/interstitial/V-TMi4.in,/scratch16/pclancy3/victor/V-ST/interstitial,V-TMi4.in,.in,4419,relax,relax,61,3,interstitial_tmi4,,False,False,,,0,,False,,qe_input_template_candidate
/scratch16/pclancy3/victor/V-ST/interstitial/V-TMi4.out,/scratch16/pclancy3/victor/V-ST/interstitial,V-TMi4.out,.out,2096478,qe_output_unknown,,,,,,True,False,,-5538.30939220,38,,False,,completed_qe_output_candidate
/scratch16/pclancy3/victor/V-ST/interstitial/V-TMi1+TMi4-vdW2.out,/scratch16/pclancy3/victor/V-ST/interstitial,V-TMi1+TMi4-vdW2.out,.out,3570482,qe_output_unknown,,,,,,True,False,,-5683.36001558,50,,False,,completed_qe_output_candidate
/scratch16/pclancy3/victor/V-ST/interstitial/slurm-1108781.out,/scratch16/pclancy3/victor/V-ST/interstitial,slurm-1108781.out,.out,2268,qe_output_unknown,,,,,,False,False,,,0,,False,,partial_or_unknown_qe_output
/scratch16/pclancy3/victor/V-ST/interstitial/V-TMi3.in,/scratch16/pclancy3/victor/V-ST/interstitial,V-TMi3.in,.in,4418,relax,relax,61,3,interstitial_tmi2,,False,False,,,0,,False,,qe_input_template_candidate
/scratch16/pclancy3/victor/V-ST/interstitial/V-TMi2.in,/scratch16/pclancy3/victor/V-ST/interstitial,V-TMi2.in,.in,4421,relax,relax,61,3,interstitial_tmi2,,False,False,,,0,,False,,qe_input_template_candidate
/scratch16/pclancy3/victor/V-ST/interstitial/V-TMi1.out,/scratch16/pclancy3/victor/V-ST/interstitial,V-TMi1.out,.out,1592092,qe_output_unknown,,,,,,True,False,,-5538.32984433,30,,False,,completed_qe_output_candidate
/scratch16/pclancy3/victor/V-ST/interstitial/Bulk-NoSOC-NonREL-kPts_2.out,/scratch16/pclancy3/victor/V-ST/interstitial,Bulk-NoSOC-NonREL-kPts_2.out,.out,27967,qe_output_unknown,,,,,,True,False,,-5391.55674547,1,,False,,completed_qe_output_candidate
/scratch16/pclancy3/victor/V-ST/interstitial/V-TMi1.in,/scratch16/pclancy3/victor/V-ST/interstitial,V-TMi1.in,.in,4424,relax,relax,61,3,interstitial_tmi1,,False,False,,,0,,False,,qe_input_template_candidate
/scratch16/pclancy3/victor/V-ST/interstitial/V-TMi1+2TMi4-vdW3.in,/scratch16/pclancy3/victor/V-ST/interstitial,V-TMi1+2TMi4-vdW3.in,.in,4560,relax,relax,63,3,interstitial_tmi1,,False,False,,,0,,False,,qe_input_template_candidate
/scratch16/pclancy3/victor/V-ST/interstitial/slurm-1308673.out,/scratch16/pclancy3/victor/V-ST/interstitial,slurm-1308673.out,.out,850,qe_output_unknown,,,,,,False,False,,,0,,False,,partial_or_unknown_qe_output
/scratch16/pclancy3/victor/V-ST/interstitial/V-TMi3.out,/scratch16/pclancy3/victor/V-ST/interstitial,V-TMi3.out,.out,4284819,qe_output_unknown,,,,,,False,False,,-5538.32877981,47,,False,,partial_or_unknown_qe_output
/scratch16/pclancy3/victor/V-ST/interstitial/slurm-948654.out,/scratch16/pclancy3/victor/V-ST/interstitial,slurm-948654.out,.out,2768,qe_output_unknown,,,,,,False,False,,,0,,False,,partial_or_unknown_qe_output
/scratch16/pclancy3/victor/V-ST/interstitial/slurm-1118110.out,/scratch16/pclancy3/victor/V-ST/interstitial,slurm-1118110.out,.out,2254,qe_output_unknown,,,,,,False,False,,,0,,False,,partial_or_unknown_qe_output
/scratch16/pclancy3/victor/V-ST/interstitial/slurm-1173142.out,/scratch16/pclancy3/victor/V-ST/interstitial,slurm-1173142.out,.out,2004,qe_output_unknown,,,,,,False,False,,,0,,False,,partial_or_unknown_qe_output
/scratch16/pclancy3/victor/V-ST/interstitial/slurm-958840.out,/scratch16/pclancy3/victor/V-ST/interstitial,slurm-958840.out,.out,2985,qe_output_unknown,,,,,,False,False,,,0,,False,,partial_or_unknown_qe_output
/scratch16/pclancy3/victor/V-ST/interstitial/Bulk-NoSOC-NonREL-2K-VCRelax_60.xyz,/scratch16/pclancy3/victor/V-ST/interstitial,Bulk-NoSOC-NonREL-2K-VCRelax_60.xyz,.xyz,6624,structure_or_other,,,,,,False,False,,,0,,False,,structure_candidate
/scratch16/pclancy3/victor/V-ST/interstitial/Bulk-NoSOC-NonREL-2K-VCRelax_60_2.out,/scratch16/pclancy3/victor/V-ST/interstitial,Bulk-NoSOC-NonREL-2K-VCRelax_60_2.out,.out,996693,qe_output_unknown,,,,,,True,False,,-5393.38236005,18,,False,,completed_qe_output_candidate
/scratch16/pclancy3/victor/V-ST/interstitial/V-TMi1_Pos2.in,/scratch16/pclancy3/victor/V-ST/interstitial,V-TMi1_Pos2.in,.in,4447,relax,relax,61,3,interstitial_tmi1_pos2,,False,False,,,0,,False,,qe_input_template_candidate
/scratch16/pclancy3/victor/V-ST/interstitial/V-TMi2.out,/scratch16/pclancy3/victor/V-ST/interstitial,V-TMi2.out,.out,1540704,qe_output_unknown,,,,,,True,False,,-5538.35536048,28,,False,,completed_qe_output_candidate
/scratch16/pclancy3/victor/V-ST/interstitial/V-TMi1+2TMi4-vdW3.out,/scratch16/pclancy3/victor/V-ST/interstitial,V-TMi1+2TMi4-vdW3.out,.out,3532289,qe_output_unknown,,,,,,True,False,,-5828.39307463,50,,False,,completed_qe_output_candidate
/scratch16/pclancy3/victor/V-ST/interstitial/slurm-960325.out,/scratch16/pclancy3/victor/V-ST/interstitial,slurm-960325.out,.out,2178,qe_output_unknown,,,,,,False,False,,,0,,False,,partial_or_unknown_qe_output
/scratch16/pclancy3/victor/V-ST/interstitial/V-TMi1+TMi4-vdW2.in,/scratch16/pclancy3/victor/V-ST/interstitial,V-TMi1+TMi4-vdW2.in,.in,4494,relax,relax,62,3,interstitial_tmi1,,False,False,,,0,,False,,qe_input_template_candidate
/scratch16/pclancy3/victor/V-ST/interstitial/xyz/V-TMi1_Pos2.out,/scratch16/pclancy3/victor/V-ST/interstitial/xyz,V-TMi1_Pos2.out,.out,2013180,qe_output_unknown,,,,,,True,False,,-5538.32981968,29,,False,,completed_qe_output_candidate
/scratch16/pclancy3/victor/V-ST/interstitial/xyz/V-TMi4.out,/scratch16/pclancy3/victor/V-ST/interstitial/xyz,V-TMi4.out,.out,2096478,qe_output_unknown,,,,,,True,False,,-5538.30939220,38,,False,,completed_qe_output_candidate
/scratch16/pclancy3/victor/V-ST/interstitial/xyz/V-TMi1+TMi4-vdW2.out,/scratch16/pclancy3/victor/V-ST/interstitial/xyz,V-TMi1+TMi4-vdW2.out,.out,3570482,qe_output_unknown,,,,,,True,False,,-5683.36001558,50,,False,,completed_qe_output_candidate
/scratch16/pclancy3/victor/V-ST/interstitial/xyz/V-TMi2.xyz,/scratch16/pclancy3/victor/V-ST/interstitial/xyz,V-TMi2.xyz,.xyz,6621,structure_or_other,,,,,,False,False,,,0,,False,,structure_candidate
/scratch16/pclancy3/victor/V-ST/interstitial/xyz/V-TMi1.out,/scratch16/pclancy3/victor/V-ST/interstitial/xyz,V-TMi1.out,.out,1592092,qe_output_unknown,,,,,,True,False,,-5538.32984433,30,,False,,completed_qe_output_candidate
/scratch16/pclancy3/victor/V-ST/interstitial/xyz/V-TMi3.out,/scratch16/pclancy3/victor/V-ST/interstitial/xyz,V-TMi3.out,.out,4284819,qe_output_unknown,,,,,,False,False,,-5538.32877981,47,,False,,partial_or_unknown_qe_output
/scratch16/pclancy3/victor/V-ST/interstitial/xyz/V-TMi1.xyz,/scratch16/pclancy3/victor/V-ST/interstitial/xyz,V-TMi1.xyz,.xyz,6623,structure_or_other,,,,,,False,False,,,0,,False,,structure_candidate
/scratch16/pclancy3/victor/V-ST/interstitial/xyz/V-TMi4.xyz,/scratch16/pclancy3/victor/V-ST/interstitial/xyz,V-TMi4.xyz,.xyz,6623,structure_or_other,,,,,,False,False,,,0,,False,,structure_candidate
/scratch16/pclancy3/victor/V-ST/interstitial/xyz/V-TMi1+TMi4-vdW2.xyz,/scratch16/pclancy3/victor/V-ST/interstitial/xyz,V-TMi1+TMi4-vdW2.xyz,.xyz,6728,structure_or_other,,,,,,False,False,,,0,,False,,structure_candidate
/scratch16/pclancy3/victor/V-ST/interstitial/xyz/V-TMi3.xyz,/scratch16/pclancy3/victor/V-ST/interstitial/xyz,V-TMi3.xyz,.xyz,6623,structure_or_other,,,,,,False,False,,,0,,False,,structure_candidate
/scratch16/pclancy3/victor/V-ST/interstitial/xyz/V-TMi1_Pos2.xyz,/scratch16/pclancy3/victor/V-ST/interstitial/xyz,V-TMi1_Pos2.xyz,.xyz,6623,structure_or_other,,,,,,False,False,,,0,,False,,structure_candidate
/scratch16/pclancy3/victor/V-ST/interstitial/xyz/V-TMi2.out,/scratch16/pclancy3/victor/V-ST/interstitial/xyz,V-TMi2.out,.out,1540704,qe_output_unknown,,,,,,True,False,,-5538.35536048,28,,False,,completed_qe_output_candidate
/scratch16/pclancy3/victor/V-ST/interstitial/xyz/V-TMi1+2TMi4-vdW3.xyz,/scratch16/pclancy3/victor/V-ST/interstitial/xyz,V-TMi1+2TMi4-vdW3.xyz,.xyz,6833,structure_or_other,,,,,,False,False,,,0,,False,,structure_candidate
/scratch16/pclancy3/victor/V-ST/interstitial/xyz/V-TMi1+2TMi4-vdW3.out,/scratch16/pclancy3/victor/V-ST/interstitial/xyz,V-TMi1+2TMi4-vdW3.out,.out,3532289,qe_output_unknown,,,,,,True,False,,-5828.39307463,50,,False,,completed_qe_output_candidate
