iteration_record_id,configuration_id,structure_hash,run_id,pathway_id,path_iteration,image_index,pw_block_index,frozen_endpoint_force_reused,energy_eV,path_energy_eV,energy_residual_eV,max_atomic_force_eV_A,neb_residual_eV_A,neb_iteration_complete,neb_source_file,reaction_coordinate_A,reaction_coordinate_normalized,scf_iterations,gradient_force_rms_eV_A,gradient_force_max_eV_A
29e0a6a58e3dd49f87327f61c169a61a1771c44cd57f6b16408592dd2ceb0857,b34e75e62cfd6980470f060b23b99d53d7d3b051188d4170c8879ffd82666804,d73c7fe4f4acdf0f98cc89ae74cd8d4f7cb56e554abc0ebb99ff5ca052fa1bf7,mb_qe17_direct_r3_s42_30812497,Sb2Te3Cr_1-7_qe_r3,1,1,0,True,-133597.43980903763,-133597.43980900772,2.991873770952225e-08,0.23376266186467842,0.233763,True,/Users/alina/Project/26MIgrationBench/cluster/mb_qe17_direct_pf_s42_30791508/neb.out,0.0,0.0,31,6.958300857780802e-08,1.2588122119683298e-07
71cdb1fb70690eeb542b108e6a8b49565e439ae8ac88d8d97de6de9063263afb,badc2e7ef90d54edb5ac914c0dc3baacfafdb53eecc32033aa90de1cf69d842c,e5833a9af8f5daaae95a7e31cf22d6de7e3d5ecd1b3acdea0d67163f98757060,mb_qe17_direct_r3_s42_30812497,Sb2Te3Cr_1-7_qe_r3,1,2,0,False,-133597.21131557156,-133597.2113155525,1.9063008949160576e-08,1.1515549667536373,2.431956,True,/Users/alina/Project/26MIgrationBench/cluster/mb_qe17_direct_pf_s42_30791508/neb.out,0.1123447050726374,0.258941027964103,40,7.577600639298836e-08,1.2850374662347168e-07
cb6fccbb472262813f1814fccb20e57b0f4c44d11a7299ac9781971473affb57,eb60468be0d98870262cad880ca69729f726d80f44f49c92ce1c87cb7c5c307b,f6aaf008be727a7983db99eb89e3e0ef26fceb7fe76093fd5850d0dceaa7987f,mb_qe17_direct_r3_s42_30812497,Sb2Te3Cr_1-7_qe_r3,1,3,0,False,-133596.7890758109,-133596.78907582452,1.3620592653751373e-08,0.3098253752856374,0.296445,True,/Users/alina/Project/26MIgrationBench/cluster/mb_qe17_direct_pf_s42_30791508/neb.out,0.21869055431263001,0.5040554150116701,30,7.029808175954366e-08,1.2845232456176747e-07
2c2b9d06897ccbeb396af3fa7974ffba9dd3ea7d1306f6054ea38715251e71b9,ec3770c94d9ffc52b44644d34ef371b3c74570fd8c745bee778a96e62459389d,66486a27754c550e1939918a718545b41e313920761c98675f8f8b8a5f562645,mb_qe17_direct_r3_s42_30812497,Sb2Te3Cr_1-7_qe_r3,1,4,0,False,-133597.15262020324,-133597.15262023863,3.5390257835388184e-08,0.6240778362709591,0.40276,True,/Users/alina/Project/26MIgrationBench/cluster/mb_qe17_direct_pf_s42_30791508/neb.out,0.32647963227582777,0.7524962706180572,31,7.488582380019562e-08,1.2845232455526226e-07
1186aef7549d4101e3f02d91c7231af67aa998d10995e494d80630191c39d3e2,7964364e2dc703a7ff0ae23ec2c103d23774381949134cda40bfacf94f0bc7ae,489d371cccf2d6ee4d439513d8661169dcdbc245c31bf14bea626b3cc0ddc86e,mb_qe17_direct_r3_s42_30812497,Sb2Te3Cr_1-7_qe_r3,1,5,0,True,-133596.88187561775,-133596.88187555244,6.530899554491043e-08,0.2263000343221766,0.2263,True,/Users/alina/Project/26MIgrationBench/cluster/mb_qe17_direct_pf_s42_30791508/neb.out,0.433862126662337,1.0,30,6.30085850981224e-08,1.256241108429923e-07
7e9ce4c16f3beaadf71bf072a60e278c61f3d5dd6a8e176bd59cdc5a639ec0be,2cb7426e2b9abddd6da4602facc7118645c0269a5d51c6f49796521636ebb87e,d73c7fe4f4acdf0f98cc89ae74cd8d4f7cb56e554abc0ebb99ff5ca052fa1bf7,mb_qe17_direct_r3_s42_30812497,Sb2Te3Cr_1-7_qe_r3,2,1,0,True,-133597.43980903763,-133597.43980900772,2.991873770952225e-08,0.23376266186467842,0.233763,True,/Users/alina/Project/26MIgrationBench/cluster/mb_qe17_direct_pf_s42_30791508/neb.out,0.0,0.0,31,6.958300857780802e-08,1.2588122119683298e-07
e389e171302cffa21a40d1a68ad544edb555013caf675e5057c82dd1e515baf6,b620472f763566791be809b8003437e53e65b7ec14c87276e87e5bbb661d1718,985a1aa5257e28b995003c1b3d56cdb7c270f76eccb17c4eda5f4c0b73f1c9cc,mb_qe17_direct_r3_s42_30812497,Sb2Te3Cr_1-7_qe_r3,2,2,1,False,-133597.21100359302,-133597.21100353586,5.7159923017024994e-08,1.1515708160796638,2.415048,True,/Users/alina/Project/26MIgrationBench/cluster/mb_qe17_direct_pf_s42_30791508/neb.out,0.1275696602724737,0.29081635959340413,13,6.940735095584248e-08,1.2845232444380628e-07
ab44276ba8b15338922d79d7fa089d1da3c6ef5084049e4f09072d40fa249426,0c13e7d49dae579544338d393f7c533f27f05d9dc75822a911c078e8cc067dbf,9dfa69fbce0e8a67885de08a08def998d1b1cd8dabb6bbe26a952811b712ffa3,mb_qe17_direct_r3_s42_30812497,Sb2Te3Cr_1-7_qe_r3,2,3,1,False,-133596.78954602365,-133596.78954599102,3.262539394199848e-08,0.2922886158979222,0.28036,True,/Users/alina/Project/26MIgrationBench/cluster/mb_qe17_direct_pf_s42_30791508/neb.out,0.2195456519128065,0.5004910032485188,11,7.106182173618532e-08,1.2757814940936307e-07
fc6bcb3866ef8031f9162964919726996e64e840cbeffad65252e2064e47034a,2e0062769156915dd7f1ffcf1aa7cff8da0c752ecb046848e86337f228246429,1cfa209f69581034e492ba687e304720aae9610c0a95e4d01de9ee99c19199e1,mb_qe17_direct_r3_s42_30812497,Sb2Te3Cr_1-7_qe_r3,2,4,1,False,-133597.15328497742,-133597.1532850291,5.168840289115906e-08,0.6214955117698182,0.389966,True,/Users/alina/Project/26MIgrationBench/cluster/mb_qe17_direct_pf_s42_30791508/neb.out,0.32858243904409506,0.7490585813666555,11,7.554897935158822e-08,1.2845232455482858e-07
7760015aa728155537cf742d6ffc8ede530b0c43e65a471ec5ddb5f06a0a490e,feeee4d7658d04dc985a30d4d8828b1e5e7055231e2fc14b40fbcf8422135408,489d371cccf2d6ee4d439513d8661169dcdbc245c31bf14bea626b3cc0ddc86e,mb_qe17_direct_r3_s42_30812497,Sb2Te3Cr_1-7_qe_r3,2,5,0,True,-133596.88187561775,-133596.88187555244,6.530899554491043e-08,0.2263000343221766,0.2263,True,/Users/alina/Project/26MIgrationBench/cluster/mb_qe17_direct_pf_s42_30791508/neb.out,0.43866053632894403,1.0,30,6.30085850981224e-08,1.256241108429923e-07
17f7e8a14711ab4962db80e3dab0512d288ea2f80fde0f7bf8155bd6ab301529,b3e5bd57f295be4ed93f6805499f7034f4d3ef08b16508ce38a3bbb29d82a12c,d73c7fe4f4acdf0f98cc89ae74cd8d4f7cb56e554abc0ebb99ff5ca052fa1bf7,mb_qe17_direct_r3_s42_30812497,Sb2Te3Cr_1-7_qe_r3,3,1,0,True,-133597.43980903763,-133597.43980900772,2.991873770952225e-08,0.23376266186467842,0.233763,True,/Users/alina/Project/26MIgrationBench/cluster/mb_qe17_direct_pf_s42_30791508/neb.out,0.0,0.0,31,6.958300857780802e-08,1.2588122119683298e-07
85e2773b372690e059e9f17d314e7b8a52edec8a2694832fae01d76d5e018104,3f85677e28ea9644dda4531f7dfe20cb09605d3c7f8ff7a77f9057a86c354429,e4619ef36b87cea4fa02ec8a90fccd2f6747fc5f89d2e7619479f3154b1fe561,mb_qe17_direct_r3_s42_30812497,Sb2Te3Cr_1-7_qe_r3,3,2,2,False,-133597.16890200015,-133597.16890205187,5.171750672161579e-08,1.1595620459590743,0.957964,True,/Users/alina/Project/26MIgrationBench/cluster/mb_qe17_direct_pf_s42_30791508/neb.out,0.14565195145875437,0.3269825727379403,28,7.513431059912307e-08,1.2747530526990847e-07
508d79fa4e2930826445f0479f5279f1e488f60407dbc5d1986dc38f53bad7fc,3e2003336a41e1f67c0ad9c0e19b6d9699096a788e17085728b58c4bac4af019,577ebc7fea06a3e8c023cc149a078b5f82829fe7208e1965238492238f4657f3,mb_qe17_direct_r3_s42_30812497,Sb2Te3Cr_1-7_qe_r3,3,3,2,False,-133596.8232871902,-133596.82328719294,2.735760062932968e-09,0.2728616099867245,0.262413,True,/Users/alina/Project/26MIgrationBench/cluster/mb_qe17_direct_pf_s42_30791508/neb.out,0.22137234147171803,0.4969716987825055,27,7.11509299920721e-08,1.2850374662976005e-07
17a223780019fde6640a3b1d81bdb7c4e45fee171cc3d76ddf45d553da30409d,c185ff39122d4e5d1237691c6de729f92794ee74d35dc90749922d093d97c06a,540592dd80b6160ee30669e518301ff181d1efa982457edfd4306c7bafac222b,mb_qe17_direct_r3_s42_30812497,Sb2Te3Cr_1-7_qe_r3,3,4,2,False,-133597.20059700654,-133597.20059696844,3.809691406786442e-08,0.5397656024506488,0.433084,True,/Users/alina/Project/26MIgrationBench/cluster/mb_qe17_direct_pf_s42_30791508/neb.out,0.3319860385685116,0.7452948478685447,29,7.736305241013163e-08,1.276809935436135e-07
389dbb0c3e1bee1632118640f39ad62053ae10e4af3afb920eb27b061519a241,bad8cd0cbf9881842ce0af3d2efe3ef16c385f10169ec35c1da9d95649661ee0,489d371cccf2d6ee4d439513d8661169dcdbc245c31bf14bea626b3cc0ddc86e,mb_qe17_direct_r3_s42_30812497,Sb2Te3Cr_1-7_qe_r3,3,5,0,True,-133596.88187561775,-133596.88187555244,6.530899554491043e-08,0.2263000343221766,0.2263,True,/Users/alina/Project/26MIgrationBench/cluster/mb_qe17_direct_pf_s42_30791508/neb.out,0.44544255138480093,1.0,30,6.30085850981224e-08,1.256241108429923e-07
b769503066f978d0cee9929efb62c89ed4924641fde8357229f02f8f1a97d328,79b72fd3f6b9ce29a9d854e9afc15319401c6fcf83c22ab8940faf0508c75963,d73c7fe4f4acdf0f98cc89ae74cd8d4f7cb56e554abc0ebb99ff5ca052fa1bf7,mb_qe17_direct_r3_s42_30812497,Sb2Te3Cr_1-7_qe_r3,4,1,0,True,-133597.43980903763,-133597.43980900772,2.991873770952225e-08,0.23376266186467842,0.233763,True,/Users/alina/Project/26MIgrationBench/cluster/mb_qe17_direct_pf_s42_30791508/neb.out,0.0,0.0,31,6.958300857780802e-08,1.2588122119683298e-07
29d95bd253e1259a74aa9537ee44df56336b99e10419e31953d69e6063195f3a,f3083a98470c6ff084c114aa153e166ff9efdeee74cf3c1f79dd726a28bdd074,9edc1f73a2a40eb757b58a05006cf579e8dcad1908db480db0a420ac5da80fbe,mb_qe17_direct_r3_s42_30812497,Sb2Te3Cr_1-7_qe_r3,4,2,3,False,-133597.0762045081,-133597.0762044673,4.080357030034065e-08,1.1326026361518595,1.393988,True,/Users/alina/Project/26MIgrationBench/cluster/mb_qe17_direct_pf_s42_30791508/neb.out,0.14167503063006884,0.3191381643275557,28,7.41707053318806e-08,1.2824663628600245e-07
49eb56df98ace2be9f7a2792ea61d728624b95f4e0c08cbe03057b484df3246f,0bd29a0982777d21d8d5e69e135b829ad1dbc913291c658686fa2e557de66f3f,6746f9f03d19f30f4806b09960f401eb40ea532fd59c5d9e7705b2157b0eba74,mb_qe17_direct_r3_s42_30812497,Sb2Te3Cr_1-7_qe_r3,4,3,3,False,-133596.8603496425,-133596.8603495908,5.168840289115906e-08,0.23693663356559727,0.217589,True,/Users/alina/Project/26MIgrationBench/cluster/mb_qe17_direct_pf_s42_30791508/neb.out,0.22090442940785415,0.49761086184008285,33,7.260459094116695e-08,1.2726961699793815e-07
7f078c7d0f38e3a191f8e62563836b54f97aea8c19e3fbe0a4b2808978281568,70c6f546764f852d930a1ca1718c381690fd9859ecde2717b8ba3ebac3b51296,47d5b14f980a1446ea227513f5fc84d506dc8eeb7212a37a26be096160f84894,mb_qe17_direct_r3_s42_30812497,Sb2Te3Cr_1-7_qe_r3,4,4,3,False,-133597.25335893204,-133597.25335889397,3.8067810237407684e-08,0.4332859694341053,0.539507,True,/Users/alina/Project/26MIgrationBench/cluster/mb_qe17_direct_pf_s42_30791508/neb.out,0.3312119540503088,0.7460903629162456,22,7.29923611593058e-08,1.2788668181357805e-07
9d16f369694e63b39fbbf5825721768cd941bf13f5ad002cdcddf045e1285545,1c26bbed6aa8bba70579b00693d6d8893e7f15fbf9d58ee95d0824e8a2f0672d,489d371cccf2d6ee4d439513d8661169dcdbc245c31bf14bea626b3cc0ddc86e,mb_qe17_direct_r3_s42_30812497,Sb2Te3Cr_1-7_qe_r3,4,5,0,True,-133596.88187561775,-133596.88187555244,6.530899554491043e-08,0.2263000343221766,0.2263,True,/Users/alina/Project/26MIgrationBench/cluster/mb_qe17_direct_pf_s42_30791508/neb.out,0.443930079401776,1.0,30,6.30085850981224e-08,1.256241108429923e-07
68f0e7c0b70a4c21e6144ff9d0d8681e90bab6e54d2d9aae6f86de4909abbb2d,b7d0ec7302e5ece8721a9e26ff0132ade87ced091de40ed3daf4b47fa92fb573,d73c7fe4f4acdf0f98cc89ae74cd8d4f7cb56e554abc0ebb99ff5ca052fa1bf7,mb_qe17_direct_r3_s42_30812497,Sb2Te3Cr_1-7_qe_r3,5,1,0,True,-133597.43980903763,-133597.43980900772,2.991873770952225e-08,0.23376266186467842,0.233763,True,/Users/alina/Project/26MIgrationBench/cluster/mb_qe17_direct_pf_s42_30791508/neb.out,0.0,0.0,31,6.958300857780802e-08,1.2588122119683298e-07
4edd4892d13b906b6e8d90fa1cf1fc5f7e83474dd5c9b94d5a03b9497d0ed49e,f9b11fe9dd4acadd0fa7fe99ace0034d462de023df84610b07159acdfa4f33a5,fc1a8b99a732f57f3218948db21a2b3853228d1ea3596d9658e6a8c3747121bd,mb_qe17_direct_r3_s42_30812497,Sb2Te3Cr_1-7_qe_r3,5,2,4,False,-133597.10074115117,-133597.10074111304,3.812601789832115e-08,1.141037190181037,0.80271,True,/Users/alina/Project/26MIgrationBench/cluster/mb_qe17_direct_pf_s42_30791508/neb.out,0.14205823762677638,0.319837981805663,23,7.710008249026883e-08,1.2819521421844355e-07
294b7271b105427d569c570e7c37b62ba60d79fd0515f4d0cb0d2482606b887a,d71a873b1eb1cdd189428a1bb355ec03d4db3217a8bb7ed4437e65694d28e013,5a4617e8ec96aa3c836040d6d8ed9fce2e5ffbe7824c800c4a751331b4d0b358,mb_qe17_direct_r3_s42_30812497,Sb2Te3Cr_1-7_qe_r3,5,3,4,False,-133596.8529545401,-133596.8529544857,5.4424162954092026e-08,0.23853892442760458,0.227339,True,/Users/alina/Project/26MIgrationBench/cluster/mb_qe17_direct_pf_s42_30791508/neb.out,0.22096684721029686,0.4974973056006747,18,7.092842421227657e-08,1.267553963284207e-07
fd5180f9f04428f9315bb4ee9acdec4a2f5659a56983bb817dc12241a11dfe9e,0cca016c5ca084250e253c4755944ecfadc8dca576ee9457a7e7525ee0495c07,662cfe106e0cfc23b65120176d407522de48e1ba0afff64dcc758e5bdb5421c8,mb_qe17_direct_r3_s42_30812497,Sb2Te3Cr_1-7_qe_r3,5,4,4,False,-133597.24277805662,-133597.2427781056,4.898174665868282e-08,0.4561968718794456,0.520583,True,/Users/alina/Project/26MIgrationBench/cluster/mb_qe17_direct_pf_s42_30791508/neb.out,0.3313487840175352,0.7460174652621012,20,7.738261684821793e-08,1.2855516869124742e-07
9b63fbb3067487302b8d38f5074c4541627429215c0104a702cd86835bef63d8,cfc1562de8f675274a86dc3465827c4a39399756e0b93e8aab0d974b216598b4,489d371cccf2d6ee4d439513d8661169dcdbc245c31bf14bea626b3cc0ddc86e,mb_qe17_direct_r3_s42_30812497,Sb2Te3Cr_1-7_qe_r3,5,5,0,True,-133596.88187561775,-133596.88187555244,6.530899554491043e-08,0.2263000343221766,0.2263,True,/Users/alina/Project/26MIgrationBench/cluster/mb_qe17_direct_pf_s42_30791508/neb.out,0.44415687225381667,1.0,30,6.30085850981224e-08,1.256241108429923e-07
2c4b710899d7e6ce491494d835ff1edbc2fff84a1255074e62de7dbe3c964014,0a40308fd40a715bd309e14af1bf9f7a5eca768f7c23dff34916650c1dcd5f1f,d73c7fe4f4acdf0f98cc89ae74cd8d4f7cb56e554abc0ebb99ff5ca052fa1bf7,mb_qe17_direct_r3_s42_30812497,Sb2Te3Cr_1-7_qe_r3,6,1,0,True,-133597.43980903763,-133597.43980900772,2.991873770952225e-08,0.23376266186467842,0.233763,True,/Users/alina/Project/26MIgrationBench/cluster/mb_qe17_direct_pf_s42_30791508/neb.out,0.0,0.0,31,6.958300857780802e-08,1.2588122119683298e-07
8ed3e9de6d66be080a470902778c8fdfb859cc01e61e4679519c73cdf19e6e9f,a3af0b580a814fc8dc5feae4cdea95e3f7b10b0c4f5125c4b00132e5dba53a7c,8245fb7dbbf34872ce49f8dce97327c07faf057a70b290de49656c8144a4e52c,mb_qe17_direct_r3_s42_30812497,Sb2Te3Cr_1-7_qe_r3,6,2,5,False,-133597.0991349991,-133597.0991349501,4.898174665868282e-08,1.1397750345219368,0.853558,True,/Users/alina/Project/26MIgrationBench/cluster/mb_qe17_direct_pf_s42_30791508/neb.out,0.14202330223829482,0.31970591669887444,17,7.701776820613901e-08,1.2804094801609212e-07
30942d6422c6fa9ab8db9a7cbde1e7de68d5305f7f5c4dc60e4fdbfb720c2908,47200e617e3fe809f9c21abaf7c4d1b39a497447cebfc478db617c275491b3bc,70726827912f70b8ecce5f85c383d0eafd519081233358b91b1d145e6de80601,mb_qe17_direct_r3_s42_30812497,Sb2Te3Cr_1-7_qe_r3,6,3,5,False,-133596.85410367695,-133596.8541036579,1.9033905118703842e-08,0.23781582297563247,0.226708,True,/Users/alina/Project/26MIgrationBench/cluster/mb_qe17_direct_pf_s42_30791508/neb.out,0.2209833773930981,0.4974514191068002,13,7.548775747036618e-08,1.2845232455569594e-07
a33cbd4d611052fe416a16c6b4d55b1bbaa08dcfd19b7ddb3ece60b1d62c6f73,371d19485741bc911f2106addc8d47acf53b3e3e00924cdfbb0b16bea4799ecf,c613ae3f30c32d13a22472ef99b72cca63f76f614f60efab6b4e71abb3d20b6c,mb_qe17_direct_r3_s42_30812497,Sb2Te3Cr_1-7_qe_r3,6,4,5,False,-133597.24444094446,-133597.244441007,6.254413165152073e-08,0.4524723895328003,0.518844,True,/Users/alina/Project/26MIgrationBench/cluster/mb_qe17_direct_pf_s42_30791508/neb.out,0.3314095597591255,0.7460296686228759,12,7.181440400289535e-08,1.2814379215077623e-07
2dd8132f361da818a0b795bd8988ce05fc82c1b38450818a945867fb453da3d7,2a77c2cc9bf583ff991daf88837a4230f2e3247cc1e25ed77af1f6ccb2dc163a,489d371cccf2d6ee4d439513d8661169dcdbc245c31bf14bea626b3cc0ddc86e,mb_qe17_direct_r3_s42_30812497,Sb2Te3Cr_1-7_qe_r3,6,5,0,True,-133596.88187561775,-133596.88187555244,6.530899554491043e-08,0.2263000343221766,0.2263,True,/Users/alina/Project/26MIgrationBench/cluster/mb_qe17_direct_pf_s42_30791508/neb.out,0.44423107243293264,1.0,30,6.30085850981224e-08,1.256241108429923e-07
2719d9dc1327ba29846de44fe88538df5322068d17da5100638253324c647a0a,153e82be83f26fb1ce6886bdf41e373b07b9606d97782688155e888b130236dd,d73c7fe4f4acdf0f98cc89ae74cd8d4f7cb56e554abc0ebb99ff5ca052fa1bf7,mb_qe17_direct_r3_s42_30812497,Sb2Te3Cr_1-7_qe_r3,7,1,0,True,-133597.43980903763,-133597.43980900772,2.991873770952225e-08,0.23376266186467842,0.233763,True,/Users/alina/Project/26MIgrationBench/cluster/mb_qe17_direct_pf_s42_30791508/neb.out,0.0,0.0,31,6.958300857780802e-08,1.2588122119683298e-07
0df821a9cd1a115108c66ec60f36fb06bf4e4949dc708f55a67beb5b623ce07f,9df44dbc7b719aec3cb5876c47f349aaab23f18d23f030d4b8f7f255515ee612,7daf2f495d9c7440ef1442594da2e8994d3e61a15058495751751199f34cfb42,mb_qe17_direct_r3_s42_30812497,Sb2Te3Cr_1-7_qe_r3,7,2,6,False,-133597.10004766897,-133597.10004760366,6.530899554491043e-08,1.136354215830395,0.842191,True,/Users/alina/Project/26MIgrationBench/cluster/mb_qe17_direct_pf_s42_30791508/neb.out,0.14103538373502525,0.31592299917338507,11,7.193739031709814e-08,1.278866818138491e-07
098877ccc6ceb5a1aeb5c7690589636bdb20f64812d62b32761f0608d9136bc7,b9af8a8dbb4830197bef2352121433e6a4e0118c3e395dca936ce10fe68a54ce,e60335afc5a8768e7f37c95c5d0995b0718385279b40da71f58f462c4098621c,mb_qe17_direct_r3_s42_30812497,Sb2Te3Cr_1-7_qe_r3,7,3,6,False,-133596.85448967048,-133596.85448970855,3.8067810237407684e-08,0.22621408007261581,0.214,True,/Users/alina/Project/26MIgrationBench/cluster/mb_qe17_direct_pf_s42_30791508/neb.out,0.22147745281193265,0.49611536685776436,11,7.401788888699677e-08,1.2798952594983426e-07
532740fa7a445d6c707bfb3a15ab1c68fe3160ddc24e3176fcb4307e25eaeeb7,fb01ae452d8d2ed3a47f4e8734b2d03348051d2439859896a10c571af792e479,50d1e843d0443fee9d63c61ccb8610277cedea979f883611a56b50f8f94d6b2e,mb_qe17_direct_r3_s42_30812497,Sb2Te3Cr_1-7_qe_r3,7,4,6,False,-133597.2450093903,-133597.2450094447,5.4424162954092026e-08,0.4520082731816907,0.511854,True,/Users/alina/Project/26MIgrationBench/cluster/mb_qe17_direct_pf_s42_30791508/neb.out,0.3331964645303296,0.7463689153791296,11,7.606312336885489e-08,1.2798952594858065e-07
cf773603e17c6da0117f297894aa327b06e931cfbc0c8d1b87d358e8eeb55a28,ce32e99b82f5b6ede75c368bd6b5aa43ad259888cd34cf782a53136e92c1ba1c,489d371cccf2d6ee4d439513d8661169dcdbc245c31bf14bea626b3cc0ddc86e,mb_qe17_direct_r3_s42_30812497,Sb2Te3Cr_1-7_qe_r3,7,5,0,True,-133596.88187561775,-133596.88187555244,6.530899554491043e-08,0.2263000343221766,0.2263,True,/Users/alina/Project/26MIgrationBench/cluster/mb_qe17_direct_pf_s42_30791508/neb.out,0.44642328701628375,1.0,30,6.30085850981224e-08,1.256241108429923e-07
18dc3e1ffc459d55f405bcf224d102b1ddd111ca64006da208190cee1b43df21,20e2b8c9f5dbbcb440873ba24cb51027dfa567d218356ecf3b7dce0a75303bf3,d73c7fe4f4acdf0f98cc89ae74cd8d4f7cb56e554abc0ebb99ff5ca052fa1bf7,mb_qe17_direct_r3_s42_30812497,Sb2Te3Cr_1-7_qe_r3,8,1,0,True,-133597.43980903763,-133597.43980900772,2.991873770952225e-08,0.23376266186467842,0.233763,True,/Users/alina/Project/26MIgrationBench/cluster/mb_qe17_direct_pf_s42_30791508/neb.out,0.0,0.0,31,6.958300857780802e-08,1.2588122119683298e-07
8135420eb8f08ef9eabf4850142e676bc5b6a9ab21cebdbbd12d92511a794fb9,36b13009b8f2cd2e10b843ea6a3ee20f0603227f61d0e7204623160ed34f4567,eee1821a4394ffc77ffe44965b9b3d94056d348896b01d4bbdf21e7eb0daa99c,mb_qe17_direct_r3_s42_30812497,Sb2Te3Cr_1-7_qe_r3,8,2,7,False,-133597.12591794206,-133597.1259179502,8.149072527885437e-09,1.121474901216177,0.574267,True,/Users/alina/Project/26MIgrationBench/cluster/mb_qe17_direct_pf_s42_30791508/neb.out,0.13148459681860794,0.2738580106148948,20,7.057060220152347e-08,1.2829805835778973e-07
18120d24388a1d47028194c400813d5142a82429805c1480fb3e95d271dbb66c,62ac82647ab51ffe394d6479171b4dff4116ff591dcc135e8bd16df93f28843e,1cbecdc0a5edc14aba9b0b1a538cea3a8687c127ba9da5dc94480d196b21c125,mb_qe17_direct_r3_s42_30812497,Sb2Te3Cr_1-7_qe_r3,8,3,7,False,-133596.86531327147,-133596.8653132361,3.536115400493145e-08,0.23464412078658314,0.218133,True,/Users/alina/Project/26MIgrationBench/cluster/mb_qe17_direct_pf_s42_30791508/neb.out,0.2313979044885861,0.48195888580867874,20,7.577446383221044e-08,1.2737246113885643e-07
deb8d64b2cb8f68e7384d97c49b3f04ec4979933775b542698608e02cff3665f,e43de2c969034f3baacece9380e5ef99095e1641eca8bc1d5c32a81bddaeec9f,7c4b8950d5b0cf882c3650d90638614ee101c10217b6d41f2776642d4fed3293,mb_qe17_direct_r3_s42_30812497,Sb2Te3Cr_1-7_qe_r3,8,4,7,False,-133597.26107621723,-133597.26107626353,4.630419425666332e-08,0.40901575131567325,0.46474,True,/Users/alina/Project/26MIgrationBench/cluster/mb_qe17_direct_pf_s42_30791508/neb.out,0.3595232544252787,0.7488202086707505,22,7.334779585647394e-08,1.2752672733790105e-07
34a442f3576be9d4c10de38734c48dd1b39338361c9e54e2492bc745603d2718,99f46fc41a07d99c619391ceee52c88534430f59858d235132b993f20b90e347,489d371cccf2d6ee4d439513d8661169dcdbc245c31bf14bea626b3cc0ddc86e,mb_qe17_direct_r3_s42_30812497,Sb2Te3Cr_1-7_qe_r3,8,5,0,True,-133596.88187561775,-133596.88187555244,6.530899554491043e-08,0.2263000343221766,0.2263,True,/Users/alina/Project/26MIgrationBench/cluster/mb_qe17_direct_pf_s42_30791508/neb.out,0.4801195938120813,1.0,30,6.30085850981224e-08,1.256241108429923e-07
02a5d3f5e756f65549dde33ebec3ca2f45198514f5aacad45d103727460ab2cd,1ef2f2c245225b2c70193084906607d2f9afe0ed55ab10e6d8021be4996718a4,d73c7fe4f4acdf0f98cc89ae74cd8d4f7cb56e554abc0ebb99ff5ca052fa1bf7,mb_qe17_direct_r3_s42_30812497,Sb2Te3Cr_1-7_qe_r3,9,1,0,True,-133597.43980903763,-133597.43980900772,2.991873770952225e-08,0.23376266186467842,0.233763,True,/Users/alina/Project/26MIgrationBench/cluster/mb_qe17_direct_pf_s42_30791508/neb.out,0.0,0.0,31,6.958300857780802e-08,1.2588122119683298e-07
da815c04d2e356e4ffb5bba657d9faa0423f4deca16f33a0d840dd20c41870bf,77cfe2842a9d499723856579a48d71f89aa551115214d6e28d8789f16a53b23a,77b9e7a03bc51be973dd510f9e755eb6c8e6f085f72b7958ceafb2a2f1a24a19,mb_qe17_direct_r3_s42_30812497,Sb2Te3Cr_1-7_qe_r3,9,2,8,False,-133597.36343647254,-133597.36343651882,4.627509042620659e-08,0.8497248753552215,1.693978,True,/Users/alina/Project/26MIgrationBench/cluster/mb_qe17_direct_pf_s42_30791508/neb.out,0.1315725867543158,0.27401598940256894,28,7.716837814581956e-08,1.2582979911452893e-07
2225bd4454930fb39c2fa5e2b96e7fce47b69071182e04bea3f1ea15626e17ee,fc85371d70f35f1014c7447352698288bc0cebe0c431f1fd0d1b37029738629c,6d99c35bcca2d5dafb89fe888d028417d38e115510c2a6ebb0f166b445a01506,mb_qe17_direct_r3_s42_30812497,Sb2Te3Cr_1-7_qe_r3,9,3,8,False,-133596.97992286834,-133596.97992293362,6.52798917144537e-08,0.2015000615943093,1.553291,True,/Users/alina/Project/26MIgrationBench/cluster/mb_qe17_direct_pf_s42_30791508/neb.out,0.23149224840492494,0.4821108944536281,30,7.565298686316302e-08,1.2809237008581942e-07
18c1ddcb1c02d2e037ee0fd561866a82c422ddb6b5ac99826f2291ff2fcb9aa0,98c3668f30320f835093d599c40836c5c91261db10dd7d382cf580e70e03f67f,8e2e8ffaf4c9f4f2a22d53fe4c823b5c8ddb7e6bbc152612ee3914ee3996750c,mb_qe17_direct_r3_s42_30812497,Sb2Te3Cr_1-7_qe_r3,9,4,8,False,-133597.4065682885,-133597.40656829122,2.7066562324762344e-09,0.3407761164254584,0.257686,True,/Users/alina/Project/26MIgrationBench/cluster/mb_qe17_direct_pf_s42_30791508/neb.out,0.35954123129144316,0.7487885482354177,31,7.681541354741233e-08,1.2783525974612757e-07
e293a508676c98cbd7bb940f911563d99775b30ccaecbccea68cfdd769056383,c685cbfd123bcb8b6cbcd5c460fbdb43cf72c1396d902f57862d4de1397b8c00,489d371cccf2d6ee4d439513d8661169dcdbc245c31bf14bea626b3cc0ddc86e,mb_qe17_direct_r3_s42_30812497,Sb2Te3Cr_1-7_qe_r3,9,5,0,True,-133596.88187561775,-133596.88187555244,6.530899554491043e-08,0.2263000343221766,0.590017,True,/Users/alina/Project/26MIgrationBench/cluster/mb_qe17_direct_pf_s42_30791508/neb.out,0.48016390226417305,1.0,30,6.30085850981224e-08,1.256241108429923e-07
adae88ced44611e63ca031e4ff7582fc9671b41d5a9d7ce42cfa7827ad2bbb21,609603942b17f1f8290ee86004b66abc394079ff40c9682aa61d736094ece1d4,d73c7fe4f4acdf0f98cc89ae74cd8d4f7cb56e554abc0ebb99ff5ca052fa1bf7,mb_qe17_direct_r3_s42_30812497,Sb2Te3Cr_1-7_qe_r3,10,1,0,True,-133597.43980903763,-133597.43980900772,2.991873770952225e-08,0.23376266186467842,0.233763,True,/Users/alina/Project/26MIgrationBench/cluster/mb_qe17_direct_pf_s42_30791508/neb.out,0.0,0.0,31,6.958300857780802e-08,1.2588122119683298e-07
06d330c85fe6328f3a22f2dc540a08f025e431aa0a05451369fb4f441955ff26,11243256bb618c5041c3586ceaaa6289449b046f83fe6abde56d31ca65ca7ef7,079b921783740548a767e13ad12dc2a5119df330ae9dc9e9f692ac4615dbc202,mb_qe17_direct_r3_s42_30812497,Sb2Te3Cr_1-7_qe_r3,10,2,9,False,-133597.36334177692,-133597.3633418232,4.627509042620659e-08,0.8535636809544518,1.698292,True,/Users/alina/Project/26MIgrationBench/cluster/mb_qe17_direct_pf_s42_30791508/neb.out,0.1318217771646935,0.2753021091586862,11,6.838997961580383e-08,1.27423883194977e-07
46ee2e42f333968cdb0fe1bde98b45f335afa03766a7e859e9eff895dd3b3249,46374595babf4cf4f767d0bd2609008e4d5eb12eb61132cafc0b58dfa8c63a7e,1539f1bec3620ef5ad50045a49765c21f689617519948b64aea26ee591f5d449,mb_qe17_direct_r3_s42_30812497,Sb2Te3Cr_1-7_qe_r3,10,3,9,False,-133596.98033988284,-133596.98033986107,2.176966518163681e-08,0.19947718708593945,1.547449,True,/Users/alina/Project/26MIgrationBench/cluster/mb_qe17_direct_pf_s42_30791508/neb.out,0.2310462017264961,0.4825265446765952,11,7.142318671624529e-08,1.283494804209034e-07
4da5fcbbdbbfd73df5aa6079b6dcc04495b202695ad9d8611aa8d164f821687f,73c39df24fbf068bdb31d714eeef6ce0d19abb91efff6bdee7ac52b3791faef4,6ce83a2154327086cf87682f69289f91c414f97926fa21fa1f5b3aa455ae3a57,mb_qe17_direct_r3_s42_30812497,Sb2Te3Cr_1-7_qe_r3,10,4,9,False,-133597.4069944188,-133597.40699437796,4.0832674130797386e-08,0.32583020879165764,0.244719,True,/Users/alina/Project/26MIgrationBench/cluster/mb_qe17_direct_pf_s42_30791508/neb.out,0.35851927915786885,0.7487466475504984,11,7.343963458326331e-08,1.277838376787313e-07
b34c88a4280de50a96ef93e9edf0c6fa67625833951d8686534a5883203cf96e,4e47ca521203f31336a6dd236fa8e1e98fc81e4c6189ee42fa32f5a0e82ce74c,489d371cccf2d6ee4d439513d8661169dcdbc245c31bf14bea626b3cc0ddc86e,mb_qe17_direct_r3_s42_30812497,Sb2Te3Cr_1-7_qe_r3,10,5,0,True,-133596.88187561775,-133596.88187555244,6.530899554491043e-08,0.2263000343221766,0.590555,True,/Users/alina/Project/26MIgrationBench/cluster/mb_qe17_direct_pf_s42_30791508/neb.out,0.4788258890116619,1.0,30,6.30085850981224e-08,1.256241108429923e-07
f1255a4a8d22f9b763cea934675c6b0cd608dc46a7e735a115836570dc535825,6de223df7b7ad27740e889d81c35a7aafa31df617d4ec73b4a3862c4159fc0d5,d73c7fe4f4acdf0f98cc89ae74cd8d4f7cb56e554abc0ebb99ff5ca052fa1bf7,mb_qe17_direct_r3_s42_30812497,Sb2Te3Cr_1-7_qe_r3,11,1,0,True,-133597.43980903763,-133597.43980900772,2.991873770952225e-08,0.23376266186467842,0.233763,True,/Users/alina/Project/26MIgrationBench/cluster/mb_qe17_direct_pf_s42_30791508/neb.out,0.0,0.0,31,6.958300857780802e-08,1.2588122119683298e-07
c463bff7e39f708dfa8dd4c0df86192822c1f252255bd891b9505751fc78f287,10d3723ddc5d2fac2b1c067de43fb2d14b84519a8b14931ee5d0fda4d6b2e8d0,d29fb89ed3fcfefbac3585d02643b3387a3db47b5f4d3ea032016f59b57e3f1a,mb_qe17_direct_r3_s42_30812497,Sb2Te3Cr_1-7_qe_r3,11,2,10,False,-133597.3579521537,-133597.35795218637,3.268360160291195e-08,0.8590169747819653,1.650608,True,/Users/alina/Project/26MIgrationBench/cluster/mb_qe17_direct_pf_s42_30791508/neb.out,0.14446340989022202,0.3235686696433013,19,7.429016696800716e-08,1.2706392873399093e-07
1aa32c35a20a54c9a9d0f85a416f43cb20b0aa745f039d5d5dc400ca07d43761,edb44a9c128f61cd52ab86f8343c799c339c02aeff3d8d47a5d74d3cfc6cbf01,c4c88d75599a1b695450ed9fc70b970981c81d5ef32bbc7a83e0739af0df3984,mb_qe17_direct_r3_s42_30812497,Sb2Te3Cr_1-7_qe_r3,11,3,10,False,-133596.9771154696,-133596.9771154669,2.7066562324762344e-09,0.20371648517331817,1.545697,True,/Users/alina/Project/26MIgrationBench/cluster/mb_qe17_direct_pf_s42_30791508/neb.out,0.22435496819490813,0.5025095187899558,15,7.471819530192741e-08,1.2762957147735565e-07
aeaa6325f1b1fc3fcbd34df011059a1bd16b1bfa6fd9cb212ef46e6ef2629fde,b70d5abe7fb88c7fa52f08a670836ab8eee879145cbb5dbdb26cdfb13b3723f2,4ca70aaceef451f54421815cde5dfa050fa64bfde117925a7fab7319bb761fbc,mb_qe17_direct_r3_s42_30812497,Sb2Te3Cr_1-7_qe_r3,11,4,10,False,-133597.40414525062,-133597.40414528054,2.991873770952225e-08,0.33754965522146013,0.256772,True,/Users/alina/Project/26MIgrationBench/cluster/mb_qe17_direct_pf_s42_30791508/neb.out,0.3328837983662426,0.7455920351390269,19,7.439073931294156e-08,1.2840090248857072e-07
34b5fa187411be32936396df40fdfe4ce4d779b2e2e716bd9ff0532e3d11db43,f24e416d3d70dd70b3c391f05312b43b3c9ac562f45f1b207a63578011ec7de2,489d371cccf2d6ee4d439513d8661169dcdbc245c31bf14bea626b3cc0ddc86e,mb_qe17_direct_r3_s42_30812497,Sb2Te3Cr_1-7_qe_r3,11,5,0,True,-133596.88187561775,-133596.88187555244,6.530899554491043e-08,0.2263000343221766,0.580241,True,/Users/alina/Project/26MIgrationBench/cluster/mb_qe17_direct_pf_s42_30791508/neb.out,0.44646909124260076,1.0,30,6.30085850981224e-08,1.256241108429923e-07
773cea8d765a12c8f2e40f1a79b8cc4c3345c7bcad5d3e5de396a7f37dda85c7,6681fa288f45203b29b9b54ccd252ac0c8cca07577ad7a01c9394d26cf512807,d73c7fe4f4acdf0f98cc89ae74cd8d4f7cb56e554abc0ebb99ff5ca052fa1bf7,mb_qe17_direct_r3_s42_30812497,Sb2Te3Cr_1-7_qe_r3,12,1,0,True,-133597.43980903763,-133597.43980900772,2.991873770952225e-08,0.23376266186467842,0.233763,True,/Users/alina/Project/26MIgrationBench/cluster/mb_qe17_direct_pf_s42_30791508/neb.out,0.0,0.0,31,6.958300857780802e-08,1.2588122119683298e-07
1d508420928f1e5155a15c8a66cf94d513c5ffcb017c7dc87009f032825b3b73,f4ac227642d8e5b4c1fc4a361d0139bb44ec6aed5575a7efa3eb0210ba7de5cf,3a26c3cda7c748cc4422cfd6d31d04128f05e62439ff41df6670795718c504d4,mb_qe17_direct_r3_s42_30812497,Sb2Te3Cr_1-7_qe_r3,12,2,11,False,-133597.0937588455,-133597.0937588183,2.7212081477046013e-08,1.1396145278768028,0.971764,True,/Users/alina/Project/26MIgrationBench/cluster/mb_qe17_direct_pf_s42_30791508/neb.out,0.1436296172119852,0.32062416484252937,49,7.308760752830242e-08,1.2809237008343417e-07
fab707382ae027f022a5a8c990ba5bb51301266ac2071334c1ec9c68c93089bb,b9cb78e3d158c8009eadacb7ae87c0adf1100370431770514e48266287148a82,0800d89a146ed3b63012bb78f522a9c4463158f33e4c364584fba136bbcb6f38,mb_qe17_direct_r3_s42_30812497,Sb2Te3Cr_1-7_qe_r3,12,3,11,False,-133596.87634177422,-133596.87634179596,2.1740561351180077e-08,0.2561478147371192,0.213378,True,/Users/alina/Project/26MIgrationBench/cluster/mb_qe17_direct_pf_s42_30791508/neb.out,0.22454239471371312,0.5012456286823435,48,7.254306134635294e-08,1.2726961700390126e-07
f556453bd859ff2ad35a24e10d0994a7b6f70b634d3a85cb35ba11e869ccccdd,38b0c6b644dfe8c9f41c27bb921b6f733bdd9005dde208c3980868efbfd35285,d97032f7538142326f03877b34e36129d511c1d5778508b1697eba65ff92324a,mb_qe17_direct_r3_s42_30812497,Sb2Te3Cr_1-7_qe_r3,12,4,11,False,-133597.26784300874,-133597.2678429706,3.812601789832115e-08,0.4576343533457773,0.686936,True,/Users/alina/Project/26MIgrationBench/cluster/mb_qe17_direct_pf_s42_30791508/neb.out,0.3341195033651718,0.7458544331142288,27,7.282852933030186e-08,1.2706392873420777e-07
b6cc582078b5aef80931a8d4df4809acc361b60634b7d690617ee2e255f23cc2,bb6e55d34f4604bdb9e82445fd593a29643bffa064608d8127a11119f148a6b3,489d371cccf2d6ee4d439513d8661169dcdbc245c31bf14bea626b3cc0ddc86e,mb_qe17_direct_r3_s42_30812497,Sb2Te3Cr_1-7_qe_r3,12,5,0,True,-133596.88187561775,-133596.88187555244,6.530899554491043e-08,0.2263000343221766,0.2263,True,/Users/alina/Project/26MIgrationBench/cluster/mb_qe17_direct_pf_s42_30791508/neb.out,0.447968783895397,1.0,30,6.30085850981224e-08,1.256241108429923e-07
f275927967d06108b9312d9b75ecc6637997940f030b756528c0af004fcb1352,7e9dbb0fe121b1fcdbd5676656143aedd4861993b1ed3ecb2bf31311e9e1a537,d73c7fe4f4acdf0f98cc89ae74cd8d4f7cb56e554abc0ebb99ff5ca052fa1bf7,mb_qe17_direct_r3_s42_30812497,Sb2Te3Cr_1-7_qe_r3,13,1,0,True,-133597.43980903763,-133597.43980900772,2.991873770952225e-08,0.23376266186467842,0.233763,True,/Users/alina/Project/26MIgrationBench/cluster/mb_qe17_direct_pf_s42_30791508/neb.out,0.0,0.0,31,6.958300857780802e-08,1.2588122119683298e-07
a42f8e98424247e26191c3e321394a3e3ac50b74f092c2af81aff18dd69cd9cd,de4824365a06e44c548990cba34ba90748d82246400aaeb2371122c26d0051c3,473def35f19b4eb1e7d3cfdd0ca5119b135689d10728f8ced7f2343facbb28a7,mb_qe17_direct_r3_s42_30812497,Sb2Te3Cr_1-7_qe_r3,13,2,12,False,-133597.1130917191,-133597.1130917844,6.530899554491043e-08,1.1276321226414596,0.760648,True,/Users/alina/Project/26MIgrationBench/cluster/mb_qe17_direct_pf_s42_30791508/neb.out,0.1436013488811499,0.32050941805088884,20,7.59519378820649e-08,1.2809237008234997e-07
1a5c2ff93506311a5de13c173b6e7220c44413d78cd8604bbc5cf4bf89b9f153,b5ce550fbdf698cd9add23b9f4bb91230663bc6488ad9191c75dd46922f04aba,c6cd5adbcbff68c098b944724d3c30eca865d018136d23ca892c25278f5d0b6d,mb_qe17_direct_r3_s42_30812497,Sb2Te3Cr_1-7_qe_r3,13,3,12,False,-133596.88279726743,-133596.88279731912,5.168840289115906e-08,0.2525974533439332,0.869559,True,/Users/alina/Project/26MIgrationBench/cluster/mb_qe17_direct_pf_s42_30791508/neb.out,0.2246159584512986,0.5013290661200638,19,7.576037758293575e-08,1.2788668181352384e-07
5b416df0a5cab314254ee9f180df9f81ad0c06d656ec578f853bfcffe600da11,37a65fccce7c4c0fae25aaeb11f70d6353d961aa116f3f410d2b85f13db440ef,32df23bf21310249dee9abf492d0d81f25cfd4fd4a7ec49ddf3953b798c14f56,mb_qe17_direct_r3_s42_30812497,Sb2Te3Cr_1-7_qe_r3,13,4,12,False,-133597.27806292512,-133597.27806286525,5.986657924950123e-08,0.42568847886870814,0.63091,True,/Users/alina/Project/26MIgrationBench/cluster/mb_qe17_direct_pf_s42_30791508/neb.out,0.3341878270002255,0.7458867676805885,20,7.769237119239078e-08,1.2824663628285826e-07
c8fed6d78079c5d92f9214a1de587a415e6355b62f89867a043ba1d15058b718,c37531c233d66d5bb4687d61f53ac9cd63bb5736c7ebe4b3640ff77c70d450c5,489d371cccf2d6ee4d439513d8661169dcdbc245c31bf14bea626b3cc0ddc86e,mb_qe17_direct_r3_s42_30812497,Sb2Te3Cr_1-7_qe_r3,13,5,0,True,-133596.88187561775,-133596.88187555244,6.530899554491043e-08,0.2263000343221766,0.449644,True,/Users/alina/Project/26MIgrationBench/cluster/mb_qe17_direct_pf_s42_30791508/neb.out,0.4480409647692462,1.0,30,6.30085850981224e-08,1.256241108429923e-07
910c0db3ce470018ce6f422ae29bb9ad1095847fb666ce5e897c60ab8949ff4a,49ca7bc393b95a1bc4c7d8af1ffcddd2402aeb2e9b78511fe3640866ef6b17d9,d73c7fe4f4acdf0f98cc89ae74cd8d4f7cb56e554abc0ebb99ff5ca052fa1bf7,mb_qe17_direct_r3_s42_30812497,Sb2Te3Cr_1-7_qe_r3,14,1,0,True,-133597.43980903763,-133597.43980900772,2.991873770952225e-08,0.23376266186467842,0.233763,True,/Users/alina/Project/26MIgrationBench/cluster/mb_qe17_direct_r2_s42_30791829/neb.out,0.0,0.0,31,6.958300857780802e-08,1.2588122119683298e-07
daadb9ae6be59b0a4207324b3ff7df5982166e13a0bc117e7793f239ee9b1bc1,e9caee8a378b9fa9ad37a564de81638ede04f54395cce54ddadcdff2de9dc2c4,fa8b114d4f2ac640317284610647c6e197131190a279812ffbef8744d1c08f1f,mb_qe17_direct_r3_s42_30812497,Sb2Te3Cr_1-7_qe_r3,14,2,13,False,-133597.11389418287,-133597.1138941638,1.9063008949160576e-08,1.1274704144970111,0.746768,True,/Users/alina/Project/26MIgrationBench/cluster/mb_qe17_direct_r2_s42_30791829/neb.out,0.13871010013573307,0.2987954709822535,33,7.261872494088396e-08,1.280923700840847e-07
6590ca49cc17683945a89a537360f5ff40f1172356f2cd2dc09b6520a6806e9f,e0381f39c9715c4719d053f0a9b9cb1cda94dd88a9d02de859ec73afb86f5a97,685a03f6f1d972db3fd590a3f8cdd41be1505fd5014cf15df0c3caa7d02037b1,mb_qe17_direct_r3_s42_30812497,Sb2Te3Cr_1-7_qe_r3,14,3,13,False,-133596.88321877178,-133596.88321873912,3.2654497772455215e-08,0.25343783771885725,0.863076,True,/Users/alina/Project/26MIgrationBench/cluster/mb_qe17_direct_r2_s42_30791829/neb.out,0.24019046060438284,0.5173943478629419,30,7.135789093160422e-08,1.2850374661588226e-07
c2e34982a81c691cfadfadb81a87c3dc9f4a69089791a1b98a6ee8d303bd9d1f,2fc7886817d53e3b93198eaef012207400c8ee1bc0ff1b49efa3d423ff64fc60,f54668042bb93be7954675b717b0d42a553c4ca4661e40127a9041df30d84b3c,mb_qe17_direct_r3_s42_30812497,Sb2Te3Cr_1-7_qe_r3,14,4,13,False,-133597.27854864838,-133597.27854865382,5.4424162954092026e-09,0.42462571442570457,0.631122,True,/Users/alina/Project/26MIgrationBench/cluster/mb_qe17_direct_r2_s42_30791829/neb.out,0.3489857124753894,0.7517502346485506,29,7.818231937658345e-08,1.273724611339233e-07
c86c870f349afa30cc6e3b059b816087e8f0e177b599ee163499e71557322d2d,b059f98de17036e401ecdb585cfa6a781cbcc6d599b1d94632a3c2a7d10936a1,489d371cccf2d6ee4d439513d8661169dcdbc245c31bf14bea626b3cc0ddc86e,mb_qe17_direct_r3_s42_30812497,Sb2Te3Cr_1-7_qe_r3,14,5,0,True,-133596.88187561775,-133596.88187555244,6.530899554491043e-08,0.2263000343221766,0.449853,True,/Users/alina/Project/26MIgrationBench/cluster/mb_qe17_direct_r2_s42_30791829/neb.out,0.4642309325497492,1.0,30,6.30085850981224e-08,1.256241108429923e-07
dca218c264e0a926dd8e0d64df5844003ead57c90ff010e98d7ce9ec0b2c07f2,f9d51a31f8d6c3ea6b4feaf75518a7152f1914bdf66e958e66dc53b48cc82dae,d73c7fe4f4acdf0f98cc89ae74cd8d4f7cb56e554abc0ebb99ff5ca052fa1bf7,mb_qe17_direct_r3_s42_30812497,Sb2Te3Cr_1-7_qe_r3,15,1,0,True,-133597.43980903763,-133597.43980900772,2.991873770952225e-08,0.23376266186467842,0.233763,True,/Users/alina/Project/26MIgrationBench/cluster/mb_qe17_direct_r2_s42_30791829/neb.out,0.0,0.0,31,6.958300857780802e-08,1.2588122119683298e-07
3a1f906b417f3453b410c54969840b91a195e09cbd1b837ae1052d6f2069a236,1d65bada9d8669c6bdfdf2093d081382669275daae2bb644ae0c66b3327297b0,09b52704c9f160d80eefe7c235944660ff18f5a7ab92cc5736ddf2c5d305b2c5,mb_qe17_direct_r3_s42_30812497,Sb2Te3Cr_1-7_qe_r3,15,2,14,False,-133597.25277783288,-133597.2527778819,4.901085048913956e-08,1.0010049893385025,1.399227,True,/Users/alina/Project/26MIgrationBench/cluster/mb_qe17_direct_r2_s42_30791829/neb.out,0.13838515480967264,0.2968957194646845,26,7.739446640655784e-08,1.2654970805645038e-07
a8f311b60e02451c2dab889c3ea5b52b9eca9b5103dd75430c4a5c3764319705,62d7db649c4a3146fae24a31439c4d48c751a0b2be774d336cc406e8c4e04d95,ed6bdf58dbc200e3b6d260e82e0f20901a2ca28312018f06a844d4200d076547,mb_qe17_direct_r3_s42_30812497,Sb2Te3Cr_1-7_qe_r3,15,3,14,False,-133596.96628710662,-133596.96628706853,3.809691406786442e-08,0.33260147796277284,0.232694,True,/Users/alina/Project/26MIgrationBench/cluster/mb_qe17_direct_r2_s42_30791829/neb.out,0.24186462201888387,0.5189037152584183,27,7.596846869193662e-08,1.2850374662976005e-07
e44d1adff11ebe80a6ae46621064a6310b64d7b9534cfd9a3b34abbafd15322d,99aab43d925f0805bed9785aae3bae64b13b883b72cf3a4e1e207ff3ec176c6e,a54453d9fd6cd0038501d5ee8e62b66c7bdebfb2967c6b9a887f5f0a57d9262a,mb_qe17_direct_r3_s42_30812497,Sb2Te3Cr_1-7_qe_r3,15,4,14,False,-133597.35965340957,-133597.35965346944,5.986657924950123e-08,0.31082587364900416,0.632913,True,/Users/alina/Project/26MIgrationBench/cluster/mb_qe17_direct_r2_s42_30791829/neb.out,0.35067413322084984,0.7523469495225196,49,7.536447851453104e-08,1.282466362863277e-07
8f4713860b32d16c5de45cf2538034461a607a6988b676e95f4cb6eff02db6ef,2f19c4afef9430e5c6c1b34d924fb3c409e69a9ffcc998712e3177a9d8f25f86,489d371cccf2d6ee4d439513d8661169dcdbc245c31bf14bea626b3cc0ddc86e,mb_qe17_direct_r3_s42_30812497,Sb2Te3Cr_1-7_qe_r3,15,5,0,True,-133596.88187561775,-133596.88187555244,6.530899554491043e-08,0.2263000343221766,0.473889,True,/Users/alina/Project/26MIgrationBench/cluster/mb_qe17_direct_r2_s42_30791829/neb.out,0.46610693835258693,1.0,30,6.30085850981224e-08,1.256241108429923e-07
206e4001b747a6cc3e7b5e5d8126ef05f3085536b3f6207648b1570ad03dc270,42ad986bdb39bfc6d085e7b443ccd9356da0835bad6e5828615f0ceeb87c1137,d73c7fe4f4acdf0f98cc89ae74cd8d4f7cb56e554abc0ebb99ff5ca052fa1bf7,mb_qe17_direct_r3_s42_30812497,Sb2Te3Cr_1-7_qe_r3,16,1,0,True,-133597.43980903763,-133597.43980900772,2.991873770952225e-08,0.23376266186467842,0.233763,True,/Users/alina/Project/26MIgrationBench/cluster/mb_qe17_direct_r2_s42_30791829/neb.out,0.0,0.0,31,6.958300857780802e-08,1.2588122119683298e-07
0cf436393d538a33e35d63200e9586d644355508afdbaeb55bf3e46cc816ebba,ce00faf65b2d2d5d6dec235cecb4bbe34e8e29ffa6b53fc6bbe617c26db20752,d36cc871b9a8b1a331df5889e243a4c2608879a7355cdc4be08b72145354c31b,mb_qe17_direct_r3_s42_30812497,Sb2Te3Cr_1-7_qe_r3,16,2,15,False,-133597.2638150433,-133597.2638151113,6.801565177738667e-08,0.988008052388764,1.535771,True,/Users/alina/Project/26MIgrationBench/cluster/mb_qe17_direct_r2_s42_30791829/neb.out,0.13839699614237297,0.29655521571917115,21,7.359249670240378e-08,1.2824663628979716e-07
70c8477112ea53418ea5add0012667f615ecb1c934bc3a9b95da1b5b1c3dc310,da1882fd4980d1f6dcaf288e95511ec30378cc64404c6ffd8bd6d5f568a8180e,c531ec7edcbb493b6e405b5a1f0ba381965819acb363c9475840c93b4e3542e8,mb_qe17_direct_r3_s42_30812497,Sb2Te3Cr_1-7_qe_r3,16,3,15,False,-133596.97502345825,-133596.97502339838,5.986657924950123e-08,0.3415677431634102,0.230487,True,/Users/alina/Project/26MIgrationBench/cluster/mb_qe17_direct_r2_s42_30791829/neb.out,0.24233206055292264,0.5192658691740231,19,7.27419080016271e-08,1.2690966253153108e-07
154a8daf400b2026d0a5540bfa8d8e704fc74399e681f77cd7a3a066e5c54756,1f3d699a3c56772f1bed7f4f47cf85357bdb8fa7509fcbaf0a71c47fd16fe3ab,f0f0770c22e794f5770aad3ede315bba8d12ed491627112ae8ea849728c4b8a9,mb_qe17_direct_r3_s42_30812497,Sb2Te3Cr_1-7_qe_r3,16,4,15,False,-133597.36614659056,-133597.36614665587,6.530899554491043e-08,0.3154171238204297,0.631882,True,/Users/alina/Project/26MIgrationBench/cluster/mb_qe17_direct_r2_s42_30791829/neb.out,0.35122000689508753,0.7525894911946865,21,7.440844470593623e-08,1.2804094801609212e-07
88d6a090ca54faa7e38cf5f176f933f95e80f346443fe3be63903c7f487dda79,4fe8fd28f18fe6db45b7d420dfbd3112bc7b3eaa58fa2b1d287d5bcbb2c1a959,489d371cccf2d6ee4d439513d8661169dcdbc245c31bf14bea626b3cc0ddc86e,mb_qe17_direct_r3_s42_30812497,Sb2Te3Cr_1-7_qe_r3,16,5,0,True,-133596.88187561775,-133596.88187555244,6.530899554491043e-08,0.2263000343221766,0.474166,True,/Users/alina/Project/26MIgrationBench/cluster/mb_qe17_direct_r2_s42_30791829/neb.out,0.46668205044631805,1.0,30,6.30085850981224e-08,1.256241108429923e-07
0ce23c1277a15cbaac5d8e8539aee82a58097451daf366aadfee34ff5284857b,b737697dd7c7f639f8cf0236b3a632130c192843a435a1c86600749c197da15b,d73c7fe4f4acdf0f98cc89ae74cd8d4f7cb56e554abc0ebb99ff5ca052fa1bf7,mb_qe17_direct_r3_s42_30812497,Sb2Te3Cr_1-7_qe_r3,17,1,0,True,-133597.43980903763,-133597.43980900772,2.991873770952225e-08,0.23376266186467842,0.233763,True,/Users/alina/Project/26MIgrationBench/cluster/mb_qe17_direct_r2_s42_30791829/neb.out,0.0,0.0,31,6.958300857780802e-08,1.2588122119683298e-07
f22c49155db0025d43aa29359f29fd8a8ccec6d61e64f6a6ad3ea942249a9577,e007cdbc0a82fe81a12a628bd18dc1c69647ce91b3b2b6c43c13cb3730dc6947,48e1f7007a4f593975d2398aa16f842c46cbf8d979c69dd5e90b7b69a4b09c6b,mb_qe17_direct_r3_s42_30812497,Sb2Te3Cr_1-7_qe_r3,17,2,16,False,-133597.26630474906,-133597.26630468376,6.530899554491043e-08,0.9843609385660481,1.55933,True,/Users/alina/Project/26MIgrationBench/cluster/mb_qe17_direct_r2_s42_30791829/neb.out,0.13851161171874432,0.2966059055303054,15,7.313857728798921e-08,1.2793810388878057e-07
2ff1d81967f81c941b2861582e8b031fd1ae28a4a3d1a8b04ff7c741a76788a6,4d7dbd4cbf1f14bfcdf533b23c34b74f2815502944f52434db7b8998168aa682,ea653f1ccb263c76af304f0443f096bd120b0b3a665340e9861fa23885c0fef4,mb_qe17_direct_r3_s42_30812497,Sb2Te3Cr_1-7_qe_r3,17,3,16,False,-133596.9777833731,-133596.97778337038,2.7066562324762344e-09,0.34442258251932645,0.231043,True,/Users/alina/Project/26MIgrationBench/cluster/mb_qe17_direct_r2_s42_30791829/neb.out,0.24253791712152717,0.5193656881225185,18,7.447788262985585e-08,1.2814379215099307e-07
604e4f288f40f4b8391dfe6555d4099b64a359b6ac26445e43abf24db949d732,1aead88197e1368f07f8f7ea07e6d3bb957becf61380cd62ac4b0cbdb81ff119,8c5247f06c3f3bf1cbe7cf6d19f2379e082992ed164560d364e8d370a9972897,mb_qe17_direct_r3_s42_30812497,Sb2Te3Cr_1-7_qe_r3,17,4,16,False,-133597.36809138834,-133597.3680913856,2.735760062932968e-09,0.3183036446214105,0.627055,True,/Users/alina/Project/26MIgrationBench/cluster/mb_qe17_direct_r2_s42_30791829/neb.out,0.35154123213225946,0.7527831363304952,14,7.306131764370799e-08,1.2798952594864164e-07
670ea7148377ab69e769878899a61397f4e2f88d7768661dce1fcc4808d4e870,eead1288a0d98a26484db23b4748b24242a03990ac7bf21933579cb1ffca82c1,489d371cccf2d6ee4d439513d8661169dcdbc245c31bf14bea626b3cc0ddc86e,mb_qe17_direct_r3_s42_30812497,Sb2Te3Cr_1-7_qe_r3,17,5,0,True,-133596.88187561775,-133596.88187555244,6.530899554491043e-08,0.2263000343221766,0.476425,True,/Users/alina/Project/26MIgrationBench/cluster/mb_qe17_direct_r2_s42_30791829/neb.out,0.46698871848521584,1.0,30,6.30085850981224e-08,1.256241108429923e-07
06b4b464ff251f257587233b3670f26aa8c2ec784b6e950013ac4a9ff0cd82f4,4c78f27bbf32c3832aac4c75b4786426e989411877b96f84b903d5440fd0c31f,d73c7fe4f4acdf0f98cc89ae74cd8d4f7cb56e554abc0ebb99ff5ca052fa1bf7,mb_qe17_direct_r3_s42_30812497,Sb2Te3Cr_1-7_qe_r3,18,1,0,True,-133597.43980903763,-133597.43980900772,2.991873770952225e-08,0.23376266186467842,0.233763,True,/Users/alina/Project/26MIgrationBench/cluster/mb_qe17_direct_r2_s42_30791829/neb.out,0.0,0.0,31,6.958300857780802e-08,1.2588122119683298e-07
d67ee06e29443e33d0ad32f67f9820f63cdd50a638e4665cdca26f8181914bea,247ba70f06d9ac9e3f4b36c20c5bd9d12b2b7757fc85453237e8d3bd3ca37ab6,2cb44d85362201426bdc04e43051a90d9d007af50e077b2680d6708906a3787c,mb_qe17_direct_r3_s42_30812497,Sb2Te3Cr_1-7_qe_r3,18,2,17,False,-133597.26685958923,-133597.26685959467,5.4424162954092026e-09,0.983446297798489,1.556027,True,/Users/alina/Project/26MIgrationBench/cluster/mb_qe17_direct_r2_s42_30791829/neb.out,0.1386575396567938,0.2968797171338388,15,7.324042292137627e-08,1.281437921607509e-07
e6597f654e8cb28fe23d883c4d42461e2d72164a60e48b1c3bfc1e03c17a8c62,c39143c7b56d1bd64dad5f86633e320d16941423cec00660c42dac57fff45ffa,15a594d85f43cf745225b965604d127c43db11cd3ec822a2977a94fcf6f71c5a,mb_qe17_direct_r3_s42_30812497,Sb2Te3Cr_1-7_qe_r3,18,3,17,False,-133596.9793587763,-133596.97935876815,8.149072527885437e-09,0.3452785573904976,0.231785,True,/Users/alina/Project/26MIgrationBench/cluster/mb_qe17_direct_r2_s42_30791829/neb.out,0.24253013858644015,0.5192813828818372,13,7.416385377267266e-08,1.2804094801782684e-07
b3ed955496019ef70828d81d59d3d5ea0d60c813b911d5f0190df81f8dee2e73,cb0732ac366a0d5a7de50a551d4f0c52820853a58c0e699778c1736ce2d7ef33,2b142f140c3e775993d6802281cec91300dab7f283e4f8b92c1bf23aafd9eb8f,mb_qe17_direct_r3_s42_30812497,Sb2Te3Cr_1-7_qe_r3,18,4,17,False,-133597.36917576208,-133597.36917574576,1.6327248886227608e-08,0.31854996512341094,0.620694,True,/Users/alina/Project/26MIgrationBench/cluster/mb_qe17_direct_r2_s42_30791829/neb.out,0.3516399247936359,0.7528963925373094,14,7.594729000350161e-08,1.2840090248857072e-07
034260df39e7f306775cdadf5461ebaf10f1efa329de638e606eb456795cfd24,bab44a3eb29c0a017792c90992fcacd90ba9d38837ffe99c2772bae746ce988b,489d371cccf2d6ee4d439513d8661169dcdbc245c31bf14bea626b3cc0ddc86e,mb_qe17_direct_r3_s42_30812497,Sb2Te3Cr_1-7_qe_r3,18,5,0,True,-133596.88187561775,-133596.88187555244,6.530899554491043e-08,0.2263000343221766,0.478495,True,/Users/alina/Project/26MIgrationBench/cluster/mb_qe17_direct_r2_s42_30791829/neb.out,0.4670495545988561,1.0,30,6.30085850981224e-08,1.256241108429923e-07
8ad8ea285f4a5cb3d11e24169eff39175f3afc3928c091a5ba118b827be2ebd5,ee44c62c0f68b1c8d87213ddb49599a11050d4ae68f5aa52097d411c7d644a3c,d73c7fe4f4acdf0f98cc89ae74cd8d4f7cb56e554abc0ebb99ff5ca052fa1bf7,mb_qe17_direct_r3_s42_30812497,Sb2Te3Cr_1-7_qe_r3,19,1,0,True,-133597.43980903763,-133597.43980900772,2.991873770952225e-08,0.23376266186467842,0.233763,True,/Users/alina/Project/26MIgrationBench/cluster/mb_qe17_direct_r2_s42_30791829/neb.out,0.0,0.0,31,6.958300857780802e-08,1.2588122119683298e-07
9eb03e20379d91a3336ce04876e3ca27e6dc225eada3c9299fd6dcbe21c936fd,54f4feb72a63b100d56f9b4874f990d4994e5e79642b23570cb9e6b685fa50cb,c7eee43b20ac57797ce3f9e6c11197b6d8c725c264648dbdfa4c818a33b92cf8,mb_qe17_direct_r3_s42_30812497,Sb2Te3Cr_1-7_qe_r3,19,2,18,False,-133597.26610855496,-133597.26610860394,4.898174665868282e-08,0.9843351215973393,1.53816,True,/Users/alina/Project/26MIgrationBench/cluster/mb_qe17_direct_r2_s42_30791829/neb.out,0.14255193623537585,0.30416223522882413,12,7.634184156226229e-08,1.2798952594983426e-07
6d10231d5b514cd239e5f8b400d8cedd9da3d5a04728a05783ddae528be8d6c5,68991adb7a159b29c6c790bdd3cadfe68592ef769e8f17c112fec5a839f0bca9,53a1e11da1a2bf7041fddc4c1f6ccb692607d001970e66d704bd067d88c0b6f3,mb_qe17_direct_r3_s42_30812497,Sb2Te3Cr_1-7_qe_r3,19,3,18,False,-133596.979802594,-133596.97980262668,3.268360160291195e-08,0.32457776393192334,0.216035,True,/Users/alina/Project/26MIgrationBench/cluster/mb_qe17_direct_r2_s42_30791829/neb.out,0.24232054442880696,0.5170379328530008,11,6.801103889128907e-08,1.260869094549255e-07
4980e22a8886da0e0bbf8648d20cd8640d5c770959316681ca0748607a677869,056b6584a101d78af119409799bce36ad51102299ac533753582c6d5a8307e63,734b8d839deeb08f28cd6bec24cb4534d40a35b8012ebeeccc4dc0d2ce9965d9,mb_qe17_direct_r3_s42_30812497,Sb2Te3Cr_1-7_qe_r3,19,4,18,False,-133597.36944529085,-133597.36944526364,2.7212081477046013e-08,0.30734673858121603,0.624479,True,/Users/alina/Project/26MIgrationBench/cluster/mb_qe17_direct_r2_s42_30791829/neb.out,0.3542473652709909,0.7558555379201316,11,7.154798020155543e-08,1.275781494084957e-07
15dbe0bb2d41f4e476bb3b610514a8988479b124e9ed138a2e267dfc08926ac5,f8e0752f2a75dd4eb25d62d2bf69ae7bf3b95180e4a4a534cd21357faf896946,489d371cccf2d6ee4d439513d8661169dcdbc245c31bf14bea626b3cc0ddc86e,mb_qe17_direct_r3_s42_30812497,Sb2Te3Cr_1-7_qe_r3,19,5,0,True,-133596.88187561775,-133596.88187555244,6.530899554491043e-08,0.2263000343221766,0.478812,True,/Users/alina/Project/26MIgrationBench/cluster/mb_qe17_direct_r2_s42_30791829/neb.out,0.46867072806764676,1.0,30,6.30085850981224e-08,1.256241108429923e-07
82ca579267ec5f931ae10513af3979301e143bb3e297af2f064a877e2c76f254,c93c921394404fa52fee1dba7992e8526a70fdbd7f588e9e025e865853aff734,d73c7fe4f4acdf0f98cc89ae74cd8d4f7cb56e554abc0ebb99ff5ca052fa1bf7,mb_qe17_direct_r3_s42_30812497,Sb2Te3Cr_1-7_qe_r3,20,1,0,True,-133597.43980903763,-133597.43980900772,2.991873770952225e-08,0.23376266186467842,0.233763,True,/Users/alina/Project/26MIgrationBench/cluster/mb_qe17_direct_r2_s42_30791829/neb.out,0.0,0.0,31,6.958300857780802e-08,1.2588122119683298e-07
56590ef6c1d111a4b99e9399dd22c0faf4f81e40c322ccf063fb5c41562add8d,3c4d110e7569b968135568242c16dfec62da96760a8d8e0184715b4d9e0264f3,27ccdfc531c41c97848d6c5d70eda5308d93946ee129e69004a84638a83217bf,mb_qe17_direct_r3_s42_30812497,Sb2Te3Cr_1-7_qe_r3,20,2,19,False,-133597.2450359214,-133597.2450359731,5.168840289115906e-08,0.9965116867949583,1.030503,True,/Users/alina/Project/26MIgrationBench/cluster/mb_qe17_direct_r2_s42_30791829/neb.out,0.1694465914927127,0.350643127532243,22,7.390742701612171e-08,1.2804094802476573e-07
95d5fc905dfcfd7892d8b74b52cc70c5ca3ff651c2cb7a1945fa24536774abc4,b22d8f7c8e5a29c44c3297d63c5e305fde52ccbaf9f2b487b783c3e7af2aa835,ac44ae5de064500c6c5b76446d0a8856adb2087427d178a9c0776db7d524c476,mb_qe17_direct_r3_s42_30812497,Sb2Te3Cr_1-7_qe_r3,20,3,19,False,-133596.99098456895,-133596.99098459617,2.7212081477046013e-08,0.33752312973208504,0.258675,True,/Users/alina/Project/26MIgrationBench/cluster/mb_qe17_direct_r2_s42_30791829/neb.out,0.24243473292325854,0.5016806311994261,21,7.189426019156715e-08,1.2819521421486568e-07
ec291d28b563d6bc236c6339949aa4f83994e8048d8686a4a68a1afe2b0fe9d7,4aad3180449cd207ddf46aa247ac5642295b361d89b72b0680295c4b983421bb,25ae21801f49246fbb23efb25748299f919053c9f6fe75d168b40bb7d0b81479,mb_qe17_direct_r3_s42_30812497,Sb2Te3Cr_1-7_qe_r3,20,4,19,False,-133597.37627303583,-133597.37627305763,2.1798769012093544e-08,0.31770547997480814,0.465912,True,/Users/alina/Project/26MIgrationBench/cluster/mb_qe17_direct_r2_s42_30791829/neb.out,0.3740018336010956,0.7739380974347991,22,7.477290607514234e-08,1.2824663628285826e-07
4d2b62cfeba3bf50461bf19c9ea9068fe99f1b694770a3be769ef2285b4606a9,6b5f1925983d2c44bd6ee19396c261cfb09550c39e2f370b2c3e8884dfa0bd0a,489d371cccf2d6ee4d439513d8661169dcdbc245c31bf14bea626b3cc0ddc86e,mb_qe17_direct_r3_s42_30812497,Sb2Te3Cr_1-7_qe_r3,20,5,0,True,-133596.88187561775,-133596.88187555244,6.530899554491043e-08,0.2263000343221766,0.486026,True,/Users/alina/Project/26MIgrationBench/cluster/mb_qe17_direct_r2_s42_30791829/neb.out,0.48324515208737817,1.0,30,6.30085850981224e-08,1.256241108429923e-07
1b6d33b48e8289460c0d34fb0d65628bfd4751bade3ae557bc3dcb10b0e789da,156fb15db0b4eeee62190a02d16cc1a4cc0a26ee864fc056c2365168131f26d6,d73c7fe4f4acdf0f98cc89ae74cd8d4f7cb56e554abc0ebb99ff5ca052fa1bf7,mb_qe17_direct_r3_s42_30812497,Sb2Te3Cr_1-7_qe_r3,21,1,0,True,-133597.43980903763,-133597.43980900772,2.991873770952225e-08,0.23376266186467842,0.233763,True,/Users/alina/Project/26MIgrationBench/cluster/mb_qe17_direct_r2_s42_30791829/neb.out,0.0,0.0,31,6.958300857780802e-08,1.2588122119683298e-07
5fc37b983d1f3e6f574a4786204341cf0b25ebd93dafbdbd907c53eec6934193,523a0836317d667ab504d0c455341871594766e82463d5de3cdd3f01dd79b10e,39361c0c7414ae9ba304982a3c429b8e5e0bde219611cfd81e37e86524abda32,mb_qe17_direct_r3_s42_30812497,Sb2Te3Cr_1-7_qe_r3,21,2,20,False,-133597.08933753945,-133597.08933754763,8.17817635834217e-09,0.8447126907486098,3.202151,True,/Users/alina/Project/26MIgrationBench/cluster/mb_qe17_direct_r2_s42_30791829/neb.out,0.1588174778501194,0.3330055616961503,28,7.588057114765733e-08,1.2624117565369908e-07
0bbfeb91313c809a2fa78b0854c8125da3016e92087548b77991a6a2079d8a1e,d5887430b647f843cd8e2a9f0222d27d93607e5fd829aa01d4760f3afd6827d2,90619a089495c69da6622ddd4da5ac44ff1f9ce443d1a1f5df3759f4c22c16da,mb_qe17_direct_r3_s42_30812497,Sb2Te3Cr_1-7_qe_r3,21,3,20,False,-133597.05676823127,-133597.05676826122,2.994784153997898e-08,0.3236629428490641,1.634855,True,/Users/alina/Project/26MIgrationBench/cluster/mb_qe17_direct_r2_s42_30791829/neb.out,0.24219138612476349,0.5078224365869782,32,7.420505431513578e-08,1.2804094801782684e-07
5ec3fa387bfd4f2662593dbc2ceeb73035f694d4b027640b6b73c18a79cc0bfb,8b37cf1991be8a1e6cbbd766245c07ee092a1ea5442c1faabbdd58081e0d9239,f77e7e219e246482f60459a578bce24efabb735b93146eeaab9e61cd4fc2e707,mb_qe17_direct_r3_s42_30812497,Sb2Te3Cr_1-7_qe_r3,21,4,20,False,-133597.39886882677,-133597.3988688866,5.98374754190445e-08,0.570238842532911,0.434399,True,/Users/alina/Project/26MIgrationBench/cluster/mb_qe17_direct_r2_s42_30791829/neb.out,0.3659679698856009,0.7673548971075207,44,7.705111053100817e-08,1.2814379215034255e-07
890fff982b78ff878649098ceaf11980f0b6b081b3f1b5563dca635e16b948e5,a14460e12a502479b665ae4f5a188f9a967a2fbe2c2ee8f7aac8c3a9988cdac9,489d371cccf2d6ee4d439513d8661169dcdbc245c31bf14bea626b3cc0ddc86e,mb_qe17_direct_r3_s42_30812497,Sb2Te3Cr_1-7_qe_r3,21,5,0,True,-133596.88187561775,-133596.88187555244,6.530899554491043e-08,0.2263000343221766,0.529309,True,/Users/alina/Project/26MIgrationBench/cluster/mb_qe17_direct_r2_s42_30791829/neb.out,0.4769213974721294,1.0,30,6.30085850981224e-08,1.256241108429923e-07
992cbfa50c0435ea81fd5707012fe6b06bef7eacd70c4ef5a61e9a8dd86d65b5,e262d8839b784799d8358c27f5f6163d891e1fe0ebae5ce2fd3dc6eaa8d73bdd,d73c7fe4f4acdf0f98cc89ae74cd8d4f7cb56e554abc0ebb99ff5ca052fa1bf7,mb_qe17_direct_r3_s42_30812497,Sb2Te3Cr_1-7_qe_r3,22,1,0,True,-133597.43980903763,-133597.43980900772,2.991873770952225e-08,0.23376266186467842,0.233763,True,/Users/alina/Project/26MIgrationBench/cluster/mb_qe17_direct_r2_s42_30791829/neb.out,0.0,0.0,31,6.958300857780802e-08,1.2588122119683298e-07
87184a00f2514bf92593b7b40a4130629104da81a2f22138c3651f1afd03d558,bdee5a68c36d8fb64cd4fc1eaef063e9c4a06639f240d6d624db1572c8b2a9b6,93c4526f75a06d4a72e15ebadab8cd5cb669ac41e53b359e91355120a28399e4,mb_qe17_direct_r3_s42_30812497,Sb2Te3Cr_1-7_qe_r3,22,2,21,False,-133597.1498889964,-133597.14988901003,1.3620592653751373e-08,0.9553075696443043,1.404553,True,/Users/alina/Project/26MIgrationBench/cluster/mb_qe17_direct_r2_s42_30791829/neb.out,0.15335017232639567,0.3234848966282378,41,6.958008533980895e-08,1.2788668181731855e-07
946e5a9a340822dbd196cd535a36e479dd684edfdc24d57786fdadc0daaa700e,0500e4b34420d2bc1a224b5703b4b68020c483cfa447bc711073a7bec1323412,9b4a43aeb7d17eba78d6ec4f463fd39f08ca88907e4837ef054423b449392620,mb_qe17_direct_r3_s42_30812497,Sb2Te3Cr_1-7_qe_r3,22,3,21,False,-133597.03388087035,-133597.03388081864,5.171750672161579e-08,0.3169097093300507,0.95832,True,/Users/alina/Project/26MIgrationBench/cluster/mb_qe17_direct_r2_s42_30791829/neb.out,0.2422763699937132,0.5110704821124675,23,7.462276729226331e-08,1.2834948042578231e-07
f403b3fdd3dbed49ac82daf5d8ebafe4719af9a9edb11e4aed00523de8ea76a0,fa3d623adfba16f90ce17c8a29d06af0ae4eaa585e908d7101079f77e584b626,75eafed603549e57f21d09aff317d3378da1ca0a8d294feca31928cc4761e6ba,mb_qe17_direct_r3_s42_30812497,Sb2Te3Cr_1-7_qe_r3,22,4,21,False,-133597.39563815494,-133597.3956381005,5.4424162954092026e-08,0.3651560683121391,0.290033,True,/Users/alina/Project/26MIgrationBench/cluster/mb_qe17_direct_r2_s42_30791829/neb.out,0.3620551895818991,0.7637382064777654,23,7.759201421130991e-08,1.2855516869081374e-07
0cd3581b95e12306c59df713252f7f7cf865fd5a06317312f142247d780d5f5f,2ac5f6bd0e02120b9561208d989bd23600b4f7804e9a32996c760ab2a10368dd,489d371cccf2d6ee4d439513d8661169dcdbc245c31bf14bea626b3cc0ddc86e,mb_qe17_direct_r3_s42_30812497,Sb2Te3Cr_1-7_qe_r3,22,5,0,True,-133596.88187561775,-133596.88187555244,6.530899554491043e-08,0.2263000343221766,0.513892,True,/Users/alina/Project/26MIgrationBench/cluster/mb_qe17_direct_r2_s42_30791829/neb.out,0.4740566682550005,1.0,30,6.30085850981224e-08,1.256241108429923e-07
d14aa42e86be693c21e7f9f8d0c0c88ccf2b85d02a4a9146213a0268a415696d,f4e0fff70624128c3cc52a4745d018f9cf76f4ddc1ab60545e1b7ff5c591026d,d73c7fe4f4acdf0f98cc89ae74cd8d4f7cb56e554abc0ebb99ff5ca052fa1bf7,mb_qe17_direct_r3_s42_30812497,Sb2Te3Cr_1-7_qe_r3,23,1,0,True,-133597.43980903763,-133597.43980900772,2.991873770952225e-08,0.23376266186467842,0.233763,True,/Users/alina/Project/26MIgrationBench/cluster/mb_qe17_direct_r2_s42_30791829/neb.out,0.0,0.0,31,6.958300857780802e-08,1.2588122119683298e-07
0b5936594bbf49f3fb6824fd6c39a4a649948a4c5873c67bc6b40f85299dccb8,89dbf4d430a712f81adba6b49ecd76d4065142408e77c3ecce859d2205b9d15a,5f2df21eccb6fed1fea476d6157069a1c3f6bbaf14315d237df643ead3d8cb0c,mb_qe17_direct_r3_s42_30812497,Sb2Te3Cr_1-7_qe_r3,23,2,22,False,-133597.18333247042,-133597.18333246498,5.4424162954092026e-09,0.9839476009012182,0.519734,True,/Users/alina/Project/26MIgrationBench/cluster/mb_qe17_direct_r2_s42_30791829/neb.out,0.1533789738785655,0.32349853429497377,30,7.36801438573764e-08,1.276295714808251e-07
70d58b211d73e94d08c3fdf037a1ce69254f7a416ea48f260f1e59fe74e53c69,fd4c7059280e51565c1be478f9b5069ec2107a94cadd04bfa377b3ae80aaa037,47e6b1eb9220d9514c169b433ac52704e5a09a13cdb32b6a710918e9fccef491,mb_qe17_direct_r3_s42_30812497,Sb2Te3Cr_1-7_qe_r3,23,3,22,False,-133597.02121274555,-133597.02121276731,2.176966518163681e-08,0.3239352462962495,0.640748,True,/Users/alina/Project/26MIgrationBench/cluster/mb_qe17_direct_r2_s42_30791829/neb.out,0.2423337785441007,0.5111171380716538,19,7.445192511100805e-08,1.280409480165258e-07
c1db0999dd285e2b848da2dbaf895f16438179074693ea1af7a196e17005dda5,efb501932753a8057f0f992c4ed0ebd4a190642b9e90eb0bc826d286a6b129a1,a3d056a3fd8c13dca970342ff5bb378b217c0562ccb0957d80b79f89bfa4299b,mb_qe17_direct_r3_s42_30812497,Sb2Te3Cr_1-7_qe_r3,23,4,22,False,-133597.39149630984,-133597.391496269,4.0832674130797386e-08,0.31671166309762644,0.256702,True,/Users/alina/Project/26MIgrationBench/cluster/mb_qe17_direct_r2_s42_30791829/neb.out,0.3621299390645662,0.7637846410712406,21,7.479989879252218e-08,1.2804094801587527e-07
1a895ce3fcdb487ac4770c6ccc9f6b4869d8f8df4ccb86148cf0c9aead931514,c25e22d14376d3011d4e12fe117b4ce7bf32edf46ccc06cde4a09d6538985ce2,489d371cccf2d6ee4d439513d8661169dcdbc245c31bf14bea626b3cc0ddc86e,mb_qe17_direct_r3_s42_30812497,Sb2Te3Cr_1-7_qe_r3,23,5,0,True,-133596.88187561775,-133596.88187555244,6.530899554491043e-08,0.2263000343221766,0.505382,True,/Users/alina/Project/26MIgrationBench/cluster/mb_qe17_direct_r2_s42_30791829/neb.out,0.47412571501393835,1.0,30,6.30085850981224e-08,1.256241108429923e-07
050100bc87f3f88d9c9501e57155f853c52be16910d90e4533a24dfe034e934a,4103a9d9f4b30a210dcca06004a2ab51f431081e8a253b452628c444e8281954,d73c7fe4f4acdf0f98cc89ae74cd8d4f7cb56e554abc0ebb99ff5ca052fa1bf7,mb_qe17_direct_r3_s42_30812497,Sb2Te3Cr_1-7_qe_r3,24,1,0,True,-133597.43980903763,-133597.43980900772,2.991873770952225e-08,0.23376266186467842,0.233763,True,/Users/alina/Project/26MIgrationBench/cluster/mb_qe17_direct_r2_s42_30791829/neb.out,0.0,0.0,31,6.958300857780802e-08,1.2588122119683298e-07
bfeff7823f7491ab2f182a589e0a7062b4c22a8bc0c04b769ec9b6e8e05027c6,e0819c64e19baeba96695e68555a171289c5a7497a0b90f80ac9b9a4336c5479,4232f4852d982008c8842cd8470dc47dc9921d2188404367a3438c80827d1538,mb_qe17_direct_r3_s42_30812497,Sb2Te3Cr_1-7_qe_r3,24,2,23,False,-133597.1834923373,-133597.18349239172,5.4424162954092026e-08,0.9822468541166772,0.517954,True,/Users/alina/Project/26MIgrationBench/cluster/mb_qe17_direct_r2_s42_30791829/neb.out,0.15333187050958855,0.3233323102662589,11,7.643563944432131e-08,1.2824663628285826e-07
6852460ebeea2d8b8bda7c7ba66b0e172fcc2a07705c7885ccaaab81d3662399,6e994e1346894768642f9a96b1d0213137954f1148b939aa14d45e48154881b0,4eb2bbd2167ba8a61dd61d2512fa860261fc280afafbfe520f0fc48f61ac3ca0,mb_qe17_direct_r3_s42_30812497,Sb2Te3Cr_1-7_qe_r3,24,3,23,False,-133597.0216456787,-133597.02164566508,1.3620592653751373e-08,0.3211305401192991,0.638402,True,/Users/alina/Project/26MIgrationBench/cluster/mb_qe17_direct_r2_s42_30791829/neb.out,0.2424665770818595,0.5112914769100598,11,6.988791196308695e-08,1.2819521422180458e-07
c3d57dd73be7b94f47d40b5254bb436a8895dc964f1572f35b9981a1b60db56a,2ab1b68a56c1349edf01c573fe2b882db3c12f33ab674fa4d41af781d39a04f5,875e3f002918ad02da2c0376590f12f8f486e4b30f9bc4a4bb5e7022af6895c1,mb_qe17_direct_r3_s42_30812497,Sb2Te3Cr_1-7_qe_r3,24,4,23,False,-133597.39177522654,-133597.3917752211,5.4424162954092026e-09,0.3014321301720068,0.245863,True,/Users/alina/Project/26MIgrationBench/cluster/mb_qe17_direct_r2_s42_30791829/neb.out,0.3622194219420469,0.7638153903073073,11,7.84258685191005e-08,1.2850374662282116e-07
fcc31af8a2ab92fde6b92f1c344b23ebf1c0045584c76756922bf70b6e02d308,03ea1cb2a94c97ebde91dbe65124531c034045df41cab21c10600baf1466e6cb,489d371cccf2d6ee4d439513d8661169dcdbc245c31bf14bea626b3cc0ddc86e,mb_qe17_direct_r3_s42_30812497,Sb2Te3Cr_1-7_qe_r3,24,5,0,True,-133596.88187561775,-133596.88187555244,6.530899554491043e-08,0.2263000343221766,0.50554,True,/Users/alina/Project/26MIgrationBench/cluster/mb_qe17_direct_r2_s42_30791829/neb.out,0.4742237804298687,1.0,30,6.30085850981224e-08,1.256241108429923e-07
cd8ad5003cf32151f301e1584e2e1fe5a4c4ce3367b40c07c2096babd0ae6dc3,c6b72434214b33add41ce4998b3b060216777ef08c80588763a01f546e3b9efe,d73c7fe4f4acdf0f98cc89ae74cd8d4f7cb56e554abc0ebb99ff5ca052fa1bf7,mb_qe17_direct_r3_s42_30812497,Sb2Te3Cr_1-7_qe_r3,25,1,0,True,-133597.43980903763,-133597.43980900772,2.991873770952225e-08,0.23376266186467842,0.233763,True,/Users/alina/Project/26MIgrationBench/cluster/mb_qe17_direct_r2_s42_30791829/neb.out,0.0,0.0,31,6.958300857780802e-08,1.2588122119683298e-07
a0199085bd0eaa3657208ad0c2ddb26534842249d580ac9a1c2757d180571d15,952bf7667e702b520863c207b3605ddf51b7bb0f2affee82b30f6ceec2967d53,91416b03ccbb3f5cc69777e50897c3951ca75e08a358df873d1a891d3888b30e,mb_qe17_direct_r3_s42_30812497,Sb2Te3Cr_1-7_qe_r3,25,2,24,False,-133597.18451194794,-133597.18451188807,5.986657924950123e-08,0.978506282559832,0.506757,True,/Users/alina/Project/26MIgrationBench/cluster/mb_qe17_direct_r2_s42_30791829/neb.out,0.1532884971841804,0.323172053171934,11,7.838346287823014e-08,1.2819521421486568e-07
e418ee1ad933c3a90cd629b2a48e9f05b726650b293869b8cca1c7d3216c02fc,36bb4b6e41ad0d119871b27f07c78eb3f6dde56eee140fccc41698b012da7b78,a73080354281592c3ffb9361041668ed9d377e0d781c4c3b989c6e613be78bb9,mb_qe17_direct_r3_s42_30812497,Sb2Te3Cr_1-7_qe_r3,25,3,24,False,-133597.02232541912,-133597.02232536196,5.7159923017024994e-08,0.3191874903731837,0.629549,True,/Users/alina/Project/26MIgrationBench/cluster/mb_qe17_direct_r2_s42_30791829/neb.out,0.24260061617270845,0.5114652480095008,11,7.430200253318808e-08,1.2855516869775263e-07
0b6dfa8ee3084d3efdcf27b58b06d6450f7953ad52c7b0313f4d7d74c86440f8,08a575ecde3355da83efc8717294f9c03bc30d99dc06724b6e9693ee22916d83,32eb93eae9a61432dba1d216f82b1b23a115cd3792f49afeab8f313fd7ede27b,mb_qe17_direct_r3_s42_30812497,Sb2Te3Cr_1-7_qe_r3,25,4,24,False,-133597.3922595892,-133597.39225952933,5.986657924950123e-08,0.29405954387035466,0.232848,True,/Users/alina/Project/26MIgrationBench/cluster/mb_qe17_direct_r2_s42_30791829/neb.out,0.3623129623005379,0.7638500348580243,11,7.296897742256489e-08,1.2855516869081374e-07
beebaa3fa7a80b97a9758c9ebfa502df2bbed9e83bcc72c32816f17ff70e4246,561a040e4252f8327a15036fce5f27fda6d8c71c6e279c049824d41f321ca2fc,489d371cccf2d6ee4d439513d8661169dcdbc245c31bf14bea626b3cc0ddc86e,mb_qe17_direct_r3_s42_30812497,Sb2Te3Cr_1-7_qe_r3,25,5,0,True,-133596.88187561775,-133596.88187555244,6.530899554491043e-08,0.2263000343221766,0.50569,True,/Users/alina/Project/26MIgrationBench/cluster/mb_qe17_direct_r2_s42_30791829/neb.out,0.47432473098974265,1.0,30,6.30085850981224e-08,1.256241108429923e-07
3f500aab02877d48ed6a6d1affd8dfc258c2b6ea9f58c9596cb0d035d3fb541e,5fd1af5fa8e7c81a98b6b82110ef0eb82153da16052436956eb2c6df09790754,d73c7fe4f4acdf0f98cc89ae74cd8d4f7cb56e554abc0ebb99ff5ca052fa1bf7,mb_qe17_direct_r3_s42_30812497,Sb2Te3Cr_1-7_qe_r3,26,1,0,True,-133597.43980903763,-133597.43980900772,2.991873770952225e-08,0.23376266186467842,0.233763,True,/Users/alina/Project/26MIgrationBench/cluster/mb_qe17_direct_r2_s42_30791829/neb.out,0.0,0.0,31,6.958300857780802e-08,1.2588122119683298e-07
06929d84a6856156fb813a30fab489f98216f1b80685a6a2e715b583bd9faa30,0aeaefb71849e3ee9705f5d9daf2c99d54fdf5afa6182a2d5e2411f7809c2ec6,8c658e8a286952436aeb4519c8f969200664abddf8e711a35d52789ac62cf2d0,mb_qe17_direct_r3_s42_30812497,Sb2Te3Cr_1-7_qe_r3,26,2,25,False,-133597.18551523174,-133597.18551520453,2.7212081477046013e-08,0.9785987432548765,0.490614,True,/Users/alina/Project/26MIgrationBench/cluster/mb_qe17_direct_r2_s42_30791829/neb.out,0.1532000830343731,0.32284858393073546,11,7.490112281706648e-08,1.2793810388184168e-07
f42acde766d32553ba5d2d3095548a791ed354d84fd4014b934efbf9df8b353f,5738eef2fd2403b5d96e00d4eba8ff0d5e25cb8cf650664b37f363088830275d,6e13997c37ca3e5b36441aa96c526f32cbe965d9c41958384c4100ddcba63ef3,mb_qe17_direct_r3_s42_30812497,Sb2Te3Cr_1-7_qe_r3,26,3,25,False,-133597.0230461127,-133597.0230460991,1.3620592653751373e-08,0.32608087943251984,0.620019,True,/Users/alina/Project/26MIgrationBench/cluster/mb_qe17_direct_r2_s42_30791829/neb.out,0.2428678358123763,0.5118113209948817,13,7.2446866810097e-08,1.2752672733790105e-07
2cf0199d2afde9cd205eb0a62e42ac356d69bd1d3c0456cba3af203f2e5d275e,030c977a12effde9330b5a444f51746065b89fa5a6c99f4245a9ac84437df805,265af56fc4f33e7871caf5ad7c818adf7823608f610f74b4fc9bbddc3632f6b7,mb_qe17_direct_r3_s42_30812497,Sb2Te3Cr_1-7_qe_r3,26,4,25,False,-133597.39274884993,-133597.392748869,1.9063008949160576e-08,0.29311930993724994,0.233372,True,/Users/alina/Project/26MIgrationBench/cluster/mb_qe17_direct_r2_s42_30791829/neb.out,0.36249923935448036,0.7639184247393944,11,7.25932822766431e-08,1.2788668181363226e-07
c363622f7d79013f31ea492e12540bf3907f3295bed42bcfe965807cfcb3799d,5facb9d23bd3bd2ba36c57f7c3a8f7983b2ae7c8c50b0c3e251b9291c9c88409,489d371cccf2d6ee4d439513d8661169dcdbc245c31bf14bea626b3cc0ddc86e,mb_qe17_direct_r3_s42_30812497,Sb2Te3Cr_1-7_qe_r3,26,5,0,True,-133596.88187561775,-133596.88187555244,6.530899554491043e-08,0.2263000343221766,0.505847,True,/Users/alina/Project/26MIgrationBench/cluster/mb_qe17_direct_r2_s42_30791829/neb.out,0.4745261111854247,1.0,30,6.30085850981224e-08,1.256241108429923e-07
3f65393e47f369b96ad4445c810cd9f9cbc37c7fdf004d954a35e5c375f0501f,eee8796127b272a3d6ad44fa6499c2e7b3f8f51beacd8dec24db11637fc42763,d73c7fe4f4acdf0f98cc89ae74cd8d4f7cb56e554abc0ebb99ff5ca052fa1bf7,mb_qe17_direct_r3_s42_30812497,Sb2Te3Cr_1-7_qe_r3,27,1,0,True,-133597.43980903763,-133597.43980900772,2.991873770952225e-08,0.23376266186467842,0.233763,True,/Users/alina/Project/26MIgrationBench/cluster/mb_qe17_direct_r2_s42_30791829/neb.out,0.0,0.0,31,6.958300857780802e-08,1.2588122119683298e-07
7839b01bee443a5d0f0660ca92a89e019515711e06803965bab658444b7f0ecc,1a74168decfa77445d2fed56c41264518b5f55c281012c792df6c3e30482f765,50941188d2427aae8584fb20e650d10e6e5b5aff0ab67551c82f7fae203a5da3,mb_qe17_direct_r3_s42_30812497,Sb2Te3Cr_1-7_qe_r3,27,2,26,False,-133597.1875283301,-133597.1875283029,2.7212081477046013e-08,0.982068727321091,0.457482,True,/Users/alina/Project/26MIgrationBench/cluster/mb_qe17_direct_r2_s42_30791829/neb.out,0.15292935951065598,0.32184760967946907,12,7.227780621712822e-08,1.2557268877499972e-07
3353e5aba52aadf63e7a52c837c09b4098153e2a4de3bc24389318ee12dbf722,8d8f382ef129059a4035466534d97d8cfb1aca31c42597c6c5d53a6b92309597,7c7e8318ef2252caa307c6d82be9d7f2ac7bb957228c601b00d9ab233526f1db,mb_qe17_direct_r3_s42_30812497,Sb2Te3Cr_1-7_qe_r3,27,3,26,False,-133597.0244518529,-133597.02445188558,3.268360160291195e-08,0.3287438353949714,0.601099,True,/Users/alina/Project/26MIgrationBench/cluster/mb_qe17_direct_r2_s42_30791829/neb.out,0.24369970264664653,0.5128784101849021,13,7.175645884853902e-08,1.2644686393087357e-07
0f955cb80fc72c49e074af493fcad73b4a7b9ec4ad167feaaaa6b72023cfbc1b,d7e13f24e0bddd07cd6694baff4177307c14e82dfaf1ecd3f4bd68ed4ab31e76,26b47118ece6fe011a93cf08c6a343bee8e9aeb21ba82d9d4a932b909aa2e5c4,mb_qe17_direct_r3_s42_30812497,Sb2Te3Cr_1-7_qe_r3,27,4,26,False,-133597.39373254153,-133597.39373250617,3.536115400493145e-08,0.31297551093903414,0.257736,True,/Users/alina/Project/26MIgrationBench/cluster/mb_qe17_direct_r2_s42_30791829/neb.out,0.3630856177083982,0.7641321361860467,14,7.397595574747086e-08,1.2804094801782684e-07
784aaedec4a9e9a150b6177fc423b496504522e4e03d257ceae30dde7fce64a6,e4654aacf5465697980dc2de093300649e1d3ccb0e677c2199da2043bf479075,489d371cccf2d6ee4d439513d8661169dcdbc245c31bf14bea626b3cc0ddc86e,mb_qe17_direct_r3_s42_30812497,Sb2Te3Cr_1-7_qe_r3,27,5,0,True,-133596.88187561775,-133596.88187555244,6.530899554491043e-08,0.2263000343221766,0.506149,True,/Users/alina/Project/26MIgrationBench/cluster/mb_qe17_direct_r2_s42_30791829/neb.out,0.475160774575768,1.0,30,6.30085850981224e-08,1.256241108429923e-07
6415be338f9a37604cb52990861a9e090551653a2713ee074e517945f106dc5e,15258cc8eb56a908ee3fc51890805521568fd471eb39762a40aa3d678efb3d12,d73c7fe4f4acdf0f98cc89ae74cd8d4f7cb56e554abc0ebb99ff5ca052fa1bf7,mb_qe17_direct_r3_s42_30812497,Sb2Te3Cr_1-7_qe_r3,28,1,0,True,-133597.43980903763,-133597.43980900772,2.991873770952225e-08,0.23376266186467842,0.233763,True,/Users/alina/Project/26MIgrationBench/cluster/mb_qe17_direct_r2_s42_30791829/neb.out,0.0,0.0,31,6.958300857780802e-08,1.2588122119683298e-07
c7cb5232a4d24dcf0e075472db9f982a3cea95c40ef02e960fa264faf7327efe,e50016250770296b5d920bfbacd880b7715470ba549c7c4579777f7f40da341a,91b9f60aaebc53a3febcb29ce326211784aac57397ae1b9ee9a0d4f86c7d47cc,mb_qe17_direct_r3_s42_30812497,Sb2Te3Cr_1-7_qe_r3,28,2,27,False,-133597.19375293472,-133597.19375290204,3.268360160291195e-08,0.9809978095906781,0.362185,True,/Users/alina/Project/26MIgrationBench/cluster/mb_qe17_direct_r2_s42_30791829/neb.out,0.1525068626034239,0.3202541479563395,19,6.979543551169963e-08,1.257783770435006e-07
db2e331f11477705bc216866784f471a624f238e620a5c96e3e5d443c4c28b8f,501e81e1f2ea8e25de55018723783071b12954c43c247bd78a15cbaec9ec80fd,a59b4472b8dbb6811efebf70a8f6ecee572dc3781598d15bd951a950bb687934,mb_qe17_direct_r3_s42_30812497,Sb2Te3Cr_1-7_qe_r3,28,3,27,False,-133597.02886907724,-133597.02886912075,4.351022653281689e-08,0.3337934910806101,0.543651,True,/Users/alina/Project/26MIgrationBench/cluster/mb_qe17_direct_r2_s42_30791829/neb.out,0.24503996360208097,0.5145674326977799,17,7.662265558502394e-08,1.2834948042057814e-07
c5ac2e79d9f299118f5bbae89054deb7afa31e587d621db46c2c5a7f6095861f,8527f4804571ae4b7a6303db9dda8ece4c1acb1207af231f434f25cb5586eb1e,65645fbf423bc29e943cc84036fa056f7d612add7e327ee7b6e6e1bf7402c94b,mb_qe17_direct_r3_s42_30812497,Sb2Te3Cr_1-7_qe_r3,28,4,27,False,-133597.39672252868,-133597.3967225232,5.471520125865936e-09,0.30822628023288806,0.259286,True,/Users/alina/Project/26MIgrationBench/cluster/mb_qe17_direct_r2_s42_30791829/neb.out,0.3640511443534519,0.76448290298005,19,7.613843716577032e-08,1.2819521421844355e-07
d0f503a4a4ae2feff77fbe8aa001cb839b496aae8ebe2aa1b96cde7920d74457,9c525e22203b772b26c9d236142a3b35c234996e6dde9966474a50f8be2220ba,489d371cccf2d6ee4d439513d8661169dcdbc245c31bf14bea626b3cc0ddc86e,mb_qe17_direct_r3_s42_30812497,Sb2Te3Cr_1-7_qe_r3,28,5,0,True,-133596.88187561775,-133596.88187555244,6.530899554491043e-08,0.2263000343221766,0.507072,True,/Users/alina/Project/26MIgrationBench/cluster/mb_qe17_direct_r2_s42_30791829/neb.out,0.47620573715165515,1.0,30,6.30085850981224e-08,1.256241108429923e-07
730aecc92505c1e8184604c2bda7b0f03a65905cc63e746e0fbf3962581c3ed6,159bb1d99f5b53ade8a56186d4c32764321f00150d5e0652931fc9a73688f31a,d73c7fe4f4acdf0f98cc89ae74cd8d4f7cb56e554abc0ebb99ff5ca052fa1bf7,mb_qe17_direct_r3_s42_30812497,Sb2Te3Cr_1-7_qe_r3,29,1,0,True,-133597.43980903763,-133597.43980900772,2.991873770952225e-08,0.23376266186467842,0.233763,True,/Users/alina/Project/26MIgrationBench/cluster/mb_qe17_direct_r2_s42_30791829/neb.out,0.0,0.0,31,6.958300857780802e-08,1.2588122119683298e-07
b612de25c5ee6c75928882fec0fbdfee3d414867ac6ec7e147178e8d4481a617,b633cc876f62ec805b8bafc1abdedcecdeb28ef37b06e6d51018080e0ccf0a98,620b3f6958a550820e4a1d1913e5801bf11e64cd4400d1f4678f794bfa40764a,mb_qe17_direct_r3_s42_30812497,Sb2Te3Cr_1-7_qe_r3,29,2,28,False,-133597.203604545,-133597.20360458308,3.8067810237407684e-08,0.9785966341597239,0.218248,True,/Users/alina/Project/26MIgrationBench/cluster/mb_qe17_direct_r2_s42_30791829/neb.out,0.15202939798836165,0.31840467522674415,19,7.631885769922486e-08,1.2834948042101182e-07
73a66b83ce7e0fcb9cc4063737cdc2447ff6003c12fa3ff1475d328918adffe5,5b65bf82fa278c9a1c9c0a366dd07c18b38aabfbfbf2054e6de4dff9c3368487,4be7123ae9bcafdbd26e62b3ea81c06126d38f2bee275b3f796fed21c70b8bd7,mb_qe17_direct_r3_s42_30812497,Sb2Te3Cr_1-7_qe_r3,29,3,28,False,-133597.03600444694,-133597.03600441158,3.536115400493145e-08,0.34752402041551955,0.456124,True,/Users/alina/Project/26MIgrationBench/cluster/mb_qe17_direct_r2_s42_30791829/neb.out,0.24661985928680238,0.5165113934522783,15,7.830122408576238e-08,1.281437921468731e-07
08d02874babaa2b735067b1ea2a61ac17a999ec57019a726ba993feb99140c13,f88b2763489039f90dfec77783c15da54f75690b04900e06738d7aab1d0da590,f3fe5d3b5ae2f915f2a79c1a86d9a07a5f9da00bcb1d2e2af0ae290051fbe713,mb_qe17_direct_r3_s42_30812497,Sb2Te3Cr_1-7_qe_r3,29,4,28,False,-133597.40143200327,-133597.40143202234,1.9063008949160576e-08,0.3005701802298963,0.262252,True,/Users/alina/Project/26MIgrationBench/cluster/mb_qe17_direct_r2_s42_30791829/neb.out,0.3652221049867168,0.7649074933048521,19,6.890120552712514e-08,1.2809237008061525e-07
f7dfc2697ed54bb1d3f9a8879a7b9483a34ddad8d29a39ce740a705a900edcb5,276ecde685a1bbdefcc578bba572ddf19f78598180dfa0788aa5c386a80015f7,489d371cccf2d6ee4d439513d8661169dcdbc245c31bf14bea626b3cc0ddc86e,mb_qe17_direct_r3_s42_30812497,Sb2Te3Cr_1-7_qe_r3,29,5,0,True,-133596.88187561775,-133596.88187555244,6.530899554491043e-08,0.2263000343221766,0.508461,True,/Users/alina/Project/26MIgrationBench/cluster/mb_qe17_direct_r2_s42_30791829/neb.out,0.4774722540744655,1.0,30,6.30085850981224e-08,1.256241108429923e-07
ed9618a1b58f55e148627d6666ef830b6bc1e7733a5b4b3300f1822050ae40e9,e83a7605ea57eb2d976d35a90faa2f28360bc749e7b97cb466b7ef4ea35850cd,d73c7fe4f4acdf0f98cc89ae74cd8d4f7cb56e554abc0ebb99ff5ca052fa1bf7,mb_qe17_direct_r3_s42_30812497,Sb2Te3Cr_1-7_qe_r3,30,1,0,True,-133597.43980903763,-133597.43980900772,2.991873770952225e-08,0.23376266186467842,0.233763,True,/Users/alina/Project/26MIgrationBench/cluster/mb_qe17_direct_r2_s42_30791829/neb.out,0.0,0.0,31,6.958300857780802e-08,1.2588122119683298e-07
a7cf4208eaac50419abadca5bab26ce2803e59069effdd81ef612a2c03fbd86a,ec082c248935b620cad18c3fd0c0c9a734f3439e84fed41d843fbcaee406b5ff,7c22b75a1176de90961ccbd1fa11d984fa40c8574024f9a6ba9ee0d058ae6d92,mb_qe17_direct_r3_s42_30812497,Sb2Te3Cr_1-7_qe_r3,30,2,29,False,-133597.21495754347,-133597.21495752447,1.900480128824711e-08,0.9756966507404804,0.133862,True,/Users/alina/Project/26MIgrationBench/cluster/mb_qe17_direct_r2_s42_30791829/neb.out,0.15126615644894803,0.31528255436135794,19,7.594907961563154e-08,1.2829805835345293e-07
1302713f841fd8cd975981d292710f4d43efa3e0cb3e39da9eb15fe6d4f19cd4,158d8c058fee881911f7f7230324ff7f52aabbb865bb1c1f12d43d4ed1e9ef9c,4465f7c843757052c1658c2e6fb5bbaacd68991ef7d86d3d9c31fda5d7237526,mb_qe17_direct_r3_s42_30812497,Sb2Te3Cr_1-7_qe_r3,30,3,29,False,-133597.0444620179,-133597.04446202607,8.17817635834217e-09,0.3562931885281645,0.361096,True,/Users/alina/Project/26MIgrationBench/cluster/mb_qe17_direct_r2_s42_30791829/neb.out,0.24937301488678232,0.5197657094489125,18,7.405775981257831e-08,1.271153508014414e-07
93a3d14a55d2160817d9b73bf91b084e214c6badded897bda4c30d9edae912ca,2d1d482f3b83ba39818f054c9cbb0f33ce5182b44a01aeabd65868748bb7d048,faeba36724a287740df19a4a57e74d7fc9e31e73423d71df058371c32ed8954b,mb_qe17_direct_r3_s42_30812497,Sb2Te3Cr_1-7_qe_r3,30,4,29,False,-133597.40676747586,-133597.40676741325,6.26023393124342e-08,0.2917774878597917,0.295446,True,/Users/alina/Project/26MIgrationBench/cluster/mb_qe17_direct_r2_s42_30791829/neb.out,0.3673710565386196,0.7657078610509797,19,7.271256219208996e-08,1.2845232455612962e-07
1a47200a21710f6db775401da66b769a1351a2147739d23b143d7b65a4d2582c,9d5d9f6ba6e1087948c4726f0c9f705ec1e994f7ca8823cdbf2009071f8b486c,489d371cccf2d6ee4d439513d8661169dcdbc245c31bf14bea626b3cc0ddc86e,mb_qe17_direct_r3_s42_30812497,Sb2Te3Cr_1-7_qe_r3,30,5,0,True,-133596.88187561775,-133596.88187555244,6.530899554491043e-08,0.2263000343221766,0.509935,True,/Users/alina/Project/26MIgrationBench/cluster/mb_qe17_direct_r2_s42_30791829/neb.out,0.47977965909136805,1.0,30,6.30085850981224e-08,1.256241108429923e-07
13ada79048b14b53ef614e9019fefccc4d6d1d19e6278c3fec18668e2a3909ff,23d7d6d25c077b8c9f11cb270e7290c11a97a88a34be9712c5792d4fa48988d2,d73c7fe4f4acdf0f98cc89ae74cd8d4f7cb56e554abc0ebb99ff5ca052fa1bf7,mb_qe17_direct_r3_s42_30812497,Sb2Te3Cr_1-7_qe_r3,31,1,0,True,-133597.43980903763,-133597.43980900772,2.991873770952225e-08,0.23376266186467842,0.233763,True,/Users/alina/Project/26MIgrationBench/cluster/mb_qe17_direct_r2_s42_30791829/neb.out,0.0,0.0,31,6.958300857780802e-08,1.2588122119683298e-07
775b630e52591d7550136dc0848b33a3dc3cdbbe280c3f5cd81dd5a03da502d1,854658f7b322080861b893379dc96b8215e8eddcc4c9f1f03dba81fc761e5357,27c38f2c0732195ab0d40bdd70830903b65d6f4f6d2ac1e6ec66bc5eacec4df7,mb_qe17_direct_r3_s42_30812497,Sb2Te3Cr_1-7_qe_r3,31,2,30,False,-133597.2340196638,-133597.2340196148,4.898174665868282e-08,0.9705384532610888,0.173969,True,/Users/alina/Project/26MIgrationBench/cluster/mb_qe17_direct_r2_s42_30791829/neb.out,0.15112138132957154,0.3146051405217064,19,7.456828643524152e-08,1.2834948042101182e-07
df7902791e010c378e46d5f20736d7a7310f8c7889da0e76412d27c7aec44837,8b5a9257b7586c57f3a824d8619d0af5db498793578f93c6aabffb0a4c6e5f6a,b8178578f2a26dd93909ac868e070f4edf3368f8451ae6b82821756c0fac3b5a,mb_qe17_direct_r3_s42_30812497,Sb2Te3Cr_1-7_qe_r3,31,3,30,False,-133597.05940351798,-133597.05940354516,2.718297764658928e-08,0.3777193095978462,0.314233,True,/Users/alina/Project/26MIgrationBench/cluster/mb_qe17_direct_r2_s42_30791829/neb.out,0.25001757472544484,0.5204876605637748,23,7.144768156949851e-08,1.2773241561095557e-07
0bca9d8f0616446637dff0977111bc2d87a0ca7c4f27649ddf46856cbea21bc6,c83bc40b12052be01a2568d0b376b0c0312e1f5c28f7db42836a9957e1507d30,6d1c52e14dac1406bce475557cbc7a024a998f05d4c4c433a600321729ccfbc4,mb_qe17_direct_r3_s42_30812497,Sb2Te3Cr_1-7_qe_r3,31,4,30,False,-133597.41554396425,-133597.4155439724,8.149072527885437e-09,0.276873244269878,0.420501,True,/Users/alina/Project/26MIgrationBench/cluster/mb_qe17_direct_r2_s42_30791829/neb.out,0.36792733119731286,0.7659526978559759,21,7.442583661460759e-08,1.2804094801782684e-07
cd86b11e68db4da9794951f877325f0485ee0e06b25ad6290b825f0b208127fa,9b973fa9782285df34920e3412cc30f88b74bef70745e7f8a5572536ae691c5a,489d371cccf2d6ee4d439513d8661169dcdbc245c31bf14bea626b3cc0ddc86e,mb_qe17_direct_r3_s42_30812497,Sb2Te3Cr_1-7_qe_r3,31,5,0,True,-133596.88187561775,-133596.88187555244,6.530899554491043e-08,0.2263000343221766,0.512015,True,/Users/alina/Project/26MIgrationBench/cluster/mb_qe17_direct_r2_s42_30791829/neb.out,0.4803525494814501,1.0,30,6.30085850981224e-08,1.256241108429923e-07
c8ab6258a6d20448428b670fd0f192982b871d69acc3e424e4c81c8673e21c16,0a0d4dc68f61e929f455dcbf60106b2022154134b183263cf0f25ac021a56426,d73c7fe4f4acdf0f98cc89ae74cd8d4f7cb56e554abc0ebb99ff5ca052fa1bf7,mb_qe17_direct_r3_s42_30812497,Sb2Te3Cr_1-7_qe_r3,32,1,0,True,-133597.43980903763,-133597.43980900772,2.991873770952225e-08,0.23376266186467842,0.233763,True,/Users/alina/Project/26MIgrationBench/cluster/mb_qe17_direct_r2_s42_30791829/neb.out,0.0,0.0,31,6.958300857780802e-08,1.2588122119683298e-07
3f53b8f7cbd879062487f951e140d5a4e2edb57f7a8b2280f6964e45cbea95a5,e6b1a3e05a3a5ec464e02b2daf2208dca9b21596275265eeb5900067e2a370b8,b16ce29942d150b9d058bfa694a4f722ac0ea6eddb806d2f92e2ef60aa897fcc,mb_qe17_direct_r3_s42_30812497,Sb2Te3Cr_1-7_qe_r3,32,2,31,False,-133597.23825457186,-133597.23825460722,3.536115400493145e-08,0.9696861279465752,0.220111,True,/Users/alina/Project/26MIgrationBench/cluster/mb_qe17_direct_r2_s42_30791829/neb.out,0.1510703713804898,0.31427307357878936,17,7.385564839438253e-08,1.2834948041884342e-07
2794926a27e4a818c90b4f41ee3de50f0c3ffe24e0ee2c2805530d541879ec07,b0c256f5b127ac13169b0cff431f0e6eff83edfffa771fb9c04dc1acaefb3692,a4800f32b7c87c0a7892b463bc1879f13776de8dcda2900dc0f6c3dceec45407,mb_qe17_direct_r3_s42_30812497,Sb2Te3Cr_1-7_qe_r3,32,3,31,False,-133597.0630299794,-133597.06302994405,3.536115400493145e-08,0.3825199834295072,0.314347,True,/Users/alina/Project/26MIgrationBench/cluster/mb_qe17_direct_r2_s42_30791829/neb.out,0.25038072374824427,0.5208693067885367,15,7.406914832973814e-08,1.2829805835778973e-07
ab583da88efde2221b31f4b5bb6695ef92ef03fab54eda25ab4302ad5857b50e,7893e01bcfcde023fb44c637c34a59c0f6837b7ca45bfd7f19cc8b99b7f43ef7,527a974afca12206162f7d9aacfc2ad9c74815a6684474660e880d997fe822c2,mb_qe17_direct_r3_s42_30812497,Sb2Te3Cr_1-7_qe_r3,32,4,31,False,-133597.41749393218,-133597.41749393762,5.4424162954092026e-09,0.2761160886788515,0.445524,True,/Users/alina/Project/26MIgrationBench/cluster/mb_qe17_direct_r2_s42_30791829/neb.out,0.36828854933830946,0.7661540334266495,14,7.158250928885935e-08,1.277838376787313e-07
81e736dc2a4e9ccd436172f275ac0564864d5a14f5dd1d262d76305255c10d1c,bb3c9e4cbe76c57293f6f18d5d24f34fad0502a489daccdb62ee69085b5c3880,489d371cccf2d6ee4d439513d8661169dcdbc245c31bf14bea626b3cc0ddc86e,mb_qe17_direct_r3_s42_30812497,Sb2Te3Cr_1-7_qe_r3,32,5,0,True,-133596.88187561775,-133596.88187555244,6.530899554491043e-08,0.2263000343221766,0.512317,True,/Users/alina/Project/26MIgrationBench/cluster/mb_qe17_direct_r2_s42_30791829/neb.out,0.48069778826475223,1.0,30,6.30085850981224e-08,1.256241108429923e-07
04ff84f7ebe51d1c0210b59d37889e49c0685660465341b9c2bea7d18da72ed6,1976566a15292359e5ecf6402c4d2a82e44a6fa7777b3d0b088d9f2b38fa7218,d73c7fe4f4acdf0f98cc89ae74cd8d4f7cb56e554abc0ebb99ff5ca052fa1bf7,mb_qe17_direct_r3_s42_30812497,Sb2Te3Cr_1-7_qe_r3,33,1,0,True,-133597.43980903763,-133597.43980900772,2.991873770952225e-08,0.23376266186467842,0.233763,True,/Users/alina/Project/26MIgrationBench/cluster/mb_qe17_direct_r2_s42_30791829/neb.out,0.0,0.0,31,6.958300857780802e-08,1.2588122119683298e-07
aa8bd5b78caaf61ad00c22b0a2eacdfc5a75d0b28eda3812eb9bd0dad354310c,acd0c6deff72a51e3f0c2ca9eaca6ae36f56ab93b0af23ce76f98dbced9742b6,8bdf944e83098843d3d1f8ea0c7d70a734b842fb8fc773c674565d545e2708a7,mb_qe17_direct_r3_s42_30812497,Sb2Te3Cr_1-7_qe_r3,33,2,32,False,-133597.24048318437,-133597.24048323336,4.898174665868282e-08,0.9685612839140487,0.240915,True,/Users/alina/Project/26MIgrationBench/cluster/mb_qe17_direct_r2_s42_30791829/neb.out,0.15106117487253862,0.31405725707295795,15,7.430071213235121e-08,1.2768099354383035e-07
5322fc4ef4cca6baa61fba3b83195c0d3bda62775a7788c7b55031f14fbbfc9e,fe05164f64db08bc07e22b8f532937c3157a078f49dad72878179aaa1404108c,e91addd357451b34c3488e434a00072429f5f1a2576e918515b26284b5bb8a21,mb_qe17_direct_r3_s42_30812497,Sb2Te3Cr_1-7_qe_r3,33,3,32,False,-133597.06519954323,-133597.0651994997,4.353933036327362e-08,0.38504668138866394,0.314724,True,/Users/alina/Project/26MIgrationBench/cluster/mb_qe17_direct_r2_s42_30791829/neb.out,0.25067384803832904,0.5211527131393486,16,7.375240713959039e-08,1.2793810388878057e-07
fe0de26be1e75cc4ee9f44bdb19c2c92b802b5271b4c51b13464a00188014f12,80685623c2ccbc59007dadf3ed1987fe69fb824b03ffc274e18a8ae3b887ea7f,654dbe680f04641596d600e01bdc17258659c7dc59fff3e9a939f9a2f2223dea,mb_qe17_direct_r3_s42_30812497,Sb2Te3Cr_1-7_qe_r3,33,4,32,False,-133597.41855803345,-133597.418557979,5.445326678454876e-08,0.27464389633374364,0.458429,True,/Users/alina/Project/26MIgrationBench/cluster/mb_qe17_direct_r2_s42_30791829/neb.out,0.36863014901408236,0.7663847019026756,13,7.160668661278617e-08,1.2798952594983426e-07
4c3cae72560e0bb08565c12ff6048774c6bd6b3a37eed109a08aa9b38535926d,fbb17edb88f9f2ead773b6a98a3f0e6aac93a8d147a399cf210e795257df150c,489d371cccf2d6ee4d439513d8661169dcdbc245c31bf14bea626b3cc0ddc86e,mb_qe17_direct_r3_s42_30812497,Sb2Te3Cr_1-7_qe_r3,33,5,0,True,-133596.88187561775,-133596.88187555244,6.530899554491043e-08,0.2263000343221766,0.512342,True,/Users/alina/Project/26MIgrationBench/cluster/mb_qe17_direct_r2_s42_30791829/neb.out,0.48099883530933957,1.0,30,6.30085850981224e-08,1.256241108429923e-07
df1f0605db5903388ae3aedc4b8b3f3b134d11450a64cc0c955c044baedd5ff8,44eb4945384f1d5affac1001cbcbfd4a4b7566e6b088a99328238de6cbbc0067,d73c7fe4f4acdf0f98cc89ae74cd8d4f7cb56e554abc0ebb99ff5ca052fa1bf7,mb_qe17_direct_r3_s42_30812497,Sb2Te3Cr_1-7_qe_r3,34,1,0,True,-133597.43980903763,-133597.43980900772,2.991873770952225e-08,0.23376266186467842,0.233763,True,/Users/alina/Project/26MIgrationBench/cluster/mb_qe17_direct_r2_s42_30791829/neb.out,0.0,0.0,31,6.958300857780802e-08,1.2588122119683298e-07
27a8238e59d186bc6ea931ab70088d8d377e74d694d0fcf6f4c925ee7de3ab63,1f304432fda26c95fc8f69f4861d3f7d10bd74186bc3d59ef9ea89d352cb6642,84224222563113cc806be0675b92f128b1118937ca6e7c03e813e0b0d64aef44,mb_qe17_direct_r3_s42_30812497,Sb2Te3Cr_1-7_qe_r3,34,2,33,False,-133597.24213219437,-133597.242132159,3.536115400493145e-08,0.9685602465661807,0.25238,True,/Users/alina/Project/26MIgrationBench/cluster/mb_qe17_direct_r2_s42_30791829/neb.out,0.15108958559171975,0.31398448748869673,13,7.507686037574869e-08,1.2737246113826012e-07
b593c8f62e24b3a889d6ba2ccc3e55a5d65545589cfd2bceeb00507b7096bc46,a50852e58103adc84f3a8d85a50c4026d4d397d5254a3f3606f2ebb883bb88c5,b63b8d26a7ffcabc742e3837acf19eec0d333c263df2b115456470db938f0bb1,mb_qe17_direct_r3_s42_30812497,Sb2Te3Cr_1-7_qe_r3,34,3,33,False,-133597.06708855767,-133597.06708857944,2.176966518163681e-08,0.3890503745740139,0.3171,True,/Users/alina/Project/26MIgrationBench/cluster/mb_qe17_direct_r2_s42_30791829/neb.out,0.2508478723808375,0.5212956296005866,14,7.299544486773632e-08,1.277324156111724e-07
3d7326648a0ab6c7e0ba96799addef1d751632a757c5fb84c7e1050d6532dec2,07b028d2d94623d8ff3fd07cb8a0f6e26a4042d22d815cb2239151617cd6482b,c738156c453ab757b59dfdafee921b236235201329a7c9a03e80da5ae164efcd,mb_qe17_direct_r3_s42_30812497,Sb2Te3Cr_1-7_qe_r3,34,4,33,False,-133597.41939315086,-133597.41939316448,1.3620592653751373e-08,0.2713369499972355,0.465778,True,/Users/alina/Project/26MIgrationBench/cluster/mb_qe17_direct_r2_s42_30791829/neb.out,0.3688863437446557,0.7665954548001125,14,7.805842992765009e-08,1.2757814940882097e-07
a60e399202585ef39c6fa28cf76ac2b876fd2c45505e6484003b310aa215c3b9,6a122ecb70f5136beb12733774d941392038a3fce9c9094e3855b9a22e813369,489d371cccf2d6ee4d439513d8661169dcdbc245c31bf14bea626b3cc0ddc86e,mb_qe17_direct_r3_s42_30812497,Sb2Te3Cr_1-7_qe_r3,34,5,0,True,-133596.88187561775,-133596.88187555244,6.530899554491043e-08,0.2263000343221766,0.512205,True,/Users/alina/Project/26MIgrationBench/cluster/mb_qe17_direct_r2_s42_30791829/neb.out,0.481200796893378,1.0,30,6.30085850981224e-08,1.256241108429923e-07
0a96f2407c7778e82c9ec1b0e5f4da0d6214adffaa7f62ac2b404c31094736b5,c6de65e793d220e437ccd58102e85b7859d99a25ec2d9c473a424929c959e341,d73c7fe4f4acdf0f98cc89ae74cd8d4f7cb56e554abc0ebb99ff5ca052fa1bf7,mb_qe17_direct_r3_s42_30812497,Sb2Te3Cr_1-7_qe_r3,35,1,0,True,-133597.43980903763,-133597.43980900772,2.991873770952225e-08,0.23376266186467842,0.233763,True,/Users/alina/Project/26MIgrationBench/cluster/mb_qe17_direct_r2_s42_30791829/neb.out,0.0,0.0,31,6.958300857780802e-08,1.2588122119683298e-07
17295a879155ae00ef34e972ebeeef95094ad275f7eccacb1f38a3cc2ace9d5a,62ecf22c1a08c2f56c56c8c2e665c126a55bce76678947cc148df9cfb98ebbbc,0ccecd6973dc63dffddc9938f774509bc8a927036c27c589c2a3763fedbecdc0,mb_qe17_direct_r3_s42_30812497,Sb2Te3Cr_1-7_qe_r3,35,2,34,False,-133597.2429503047,-133597.2429502394,6.530899554491043e-08,0.9676703575917771,0.254199,True,/Users/alina/Project/26MIgrationBench/cluster/mb_qe17_direct_r2_s42_30791829/neb.out,0.15127218835471493,0.3136759173125087,13,7.042513128333817e-08,1.283494804214455e-07
c545877c45ffd86c28588508be6ec2a5d0898dfa428e36fda9b270a3e5e343e5,9301e426de51f5bbee1a508f72c6def02409ffd266d40c0655c66a133aa7998e,abdfbcb4b252ec09f6b8c4c233c69e86de09e164dc0bf08d7380bd0744fe0d58,mb_qe17_direct_r3_s42_30812497,Sb2Te3Cr_1-7_qe_r3,35,3,34,False,-133597.0683600097,-133597.0683600478,3.809691406786442e-08,0.38789616253874803,0.315873,True,/Users/alina/Project/26MIgrationBench/cluster/mb_qe17_direct_r2_s42_30791829/neb.out,0.2517260117830583,0.521975576054454,13,7.305267359420075e-08,1.2757814940936307e-07
0c9b4fc2c03ac2d5f88419b27f1d153f12ce73745681b51728d7a21f2389813c,81809edced96dc4f14abbb3c8ff4ffd3674073a2fb7c87578fa0adb3d43e7f45,87262f678e3c166efa59fbceb4460f945b1c4f34249da5a99fb8d1108847d23f,mb_qe17_direct_r3_s42_30812497,Sb2Te3Cr_1-7_qe_r3,35,4,34,False,-133597.41985003007,-133597.41985008176,5.168840289115906e-08,0.2730815866688374,0.467643,True,/Users/alina/Project/26MIgrationBench/cluster/mb_qe17_direct_r2_s42_30791829/neb.out,0.37024428054832187,0.7677334187721155,13,7.298436346358749e-08,1.2834948041884342e-07
5fba1df37c11f1963c5493b32cccd98b848ca890539acf958826bb2ff85e4f4b,c09d540ce1fa59966979d8750f9f3a86356e57c7182225e447bbe8aff0cca618,489d371cccf2d6ee4d439513d8661169dcdbc245c31bf14bea626b3cc0ddc86e,mb_qe17_direct_r3_s42_30812497,Sb2Te3Cr_1-7_qe_r3,35,5,0,True,-133596.88187561775,-133596.88187555244,6.530899554491043e-08,0.2263000343221766,0.511959,True,/Users/alina/Project/26MIgrationBench/cluster/mb_qe17_direct_r2_s42_30791829/neb.out,0.48225630341906556,1.0,30,6.30085850981224e-08,1.256241108429923e-07
59b334314d14c55a2db1178772066bb253d260354194934234664ada61a1f1a1,3e3b9ceee671b80b0837aed7b312c60064a604f30fa5cd0afe5d62e2fbc6fab2,d73c7fe4f4acdf0f98cc89ae74cd8d4f7cb56e554abc0ebb99ff5ca052fa1bf7,mb_qe17_direct_r3_s42_30812497,Sb2Te3Cr_1-7_qe_r3,36,1,0,True,-133597.43980903763,-133597.43980900772,2.991873770952225e-08,0.23376266186467842,0.233763,True,/Users/alina/Project/26MIgrationBench/cluster/mb_qe17_direct_r2_s42_30791829/neb.out,0.0,0.0,31,6.958300857780802e-08,1.2588122119683298e-07
982e3017173a83619ff87ec72f3ba049d8dadd2a97b80ce7b8d207ad265dac1c,1e0ee7bc074597e03a8417c86822ec2518741b59c808cac3725638a04d045dc8,a61282344388a031fff6f742855a66caac88e4e459d6eae51827214adb766749,mb_qe17_direct_r3_s42_30812497,Sb2Te3Cr_1-7_qe_r3,36,2,35,False,-133597.2468533699,-133597.2468534216,5.168840289115906e-08,0.9658075281071811,0.2562,True,/Users/alina/Project/26MIgrationBench/cluster/mb_qe17_direct_r2_s42_30791829/neb.out,0.1516863701899494,0.3130800569663777,18,7.547907945317158e-08,1.2819521421833513e-07
9e25584ccf52f7d8a46b459ade3f68f24340d97aa782d895919555620b912ff8,fc2a89f10a9c98ae77dc938e154383ef471b375d4d7ebcd63066601370d1945d,153171427752ebdd9f0b52f0febad782570e9f2ce338de99a6d12967ce70072b,mb_qe17_direct_r3_s42_30812497,Sb2Te3Cr_1-7_qe_r3,36,3,35,False,-133597.07491618503,-133597.07491625033,6.530899554491043e-08,0.39396308915382616,0.320611,True,/Users/alina/Project/26MIgrationBench/cluster/mb_qe17_direct_r2_s42_30791829/neb.out,0.2535189473723231,0.5232620860133294,20,7.608375087686364e-08,1.2855516869081374e-07
ad979f29cdf0b2632574014a70c9b2036869e1155d86af469e832986cc9e38b5,1ffc2f48a98b55d567ca0e71b8e0049c12dfe539570a78ea3f4329947ce3fe45,547459de8027e9ce2da02ea201914e155a170e41480ee6b3681ae0e84a40a21a,mb_qe17_direct_r3_s42_30812497,Sb2Te3Cr_1-7_qe_r3,36,4,35,False,-133597.42210054776,-133597.4221005913,4.353933036327362e-08,0.2695979863578643,0.472959,True,/Users/alina/Project/26MIgrationBench/cluster/mb_qe17_direct_r2_s42_30791829/neb.out,0.3731027235367697,0.7700825182442286,19,7.389196381230375e-08,1.2850374661588226e-07
c7cd265e7db7abeca8fb18013aa0adcaaf2d18cbfe5c87d7cbbab22f93107bdf,b79dcd54e72b09d224981622193ed013150c22cdf8d50b8acd5c80180f9a6630,489d371cccf2d6ee4d439513d8661169dcdbc245c31bf14bea626b3cc0ddc86e,mb_qe17_direct_r3_s42_30812497,Sb2Te3Cr_1-7_qe_r3,36,5,0,True,-133596.88187561775,-133596.88187555244,6.530899554491043e-08,0.2263000343221766,0.510474,True,/Users/alina/Project/26MIgrationBench/cluster/mb_qe17_direct_r2_s42_30791829/neb.out,0.4844970697262883,1.0,30,6.30085850981224e-08,1.256241108429923e-07
a3844956508cac252a3b45cd7e1854ac69014c0b8d601c46a7420c21228269c8,3abc45e22115a5769a201eaa7451b14cd75b687011a910e5bbed0aa1cfe3a9cc,d73c7fe4f4acdf0f98cc89ae74cd8d4f7cb56e554abc0ebb99ff5ca052fa1bf7,mb_qe17_direct_r3_s42_30812497,Sb2Te3Cr_1-7_qe_r3,37,1,0,True,-133597.43980903763,-133597.43980900772,2.991873770952225e-08,0.23376266186467842,0.233763,True,/Users/alina/Project/26MIgrationBench/cluster/mb_qe17_direct_r2_s42_30791829/neb.out,0.0,0.0,31,6.958300857780802e-08,1.2588122119683298e-07
439fefa0321172779258b22b754418944fc514415d653e1633cb1ab66bdac53b,002c50a71780c5c6c589413930faf1b0a53059d867d579865e2d212182a42253,8d47c4fa9adcdec34bbab37a4ba56bb7b4a7ebf8ef430c6e00b40d49dcdd23da,mb_qe17_direct_r3_s42_30812497,Sb2Te3Cr_1-7_qe_r3,37,2,36,False,-133597.25445323795,-133597.25445322163,1.6327248886227608e-08,0.9621728068514313,0.248273,True,/Users/alina/Project/26MIgrationBench/cluster/mb_qe17_direct_r2_s42_30791829/neb.out,0.1522933051669524,0.3122662073292794,19,7.625583790256416e-08,1.2762957147627145e-07
59b7ead11bb4baf2b76074121802b653b952f1dab794d9555134d2196eb4587d,708219d5289ebf01d00ef62cb2f475fcb3b8511aac48bbccd1562fe9eba39f0e,ca51224e519e74c0a78ad860eca18cc0f7f4a7258ce5b985bf112cf9608a0b98,mb_qe17_direct_r3_s42_30812497,Sb2Te3Cr_1-7_qe_r3,37,3,36,False,-133597.0882835064,-133597.0882835717,6.530899554491043e-08,0.40483126506095407,0.329564,True,/Users/alina/Project/26MIgrationBench/cluster/mb_qe17_direct_r2_s42_30791829/neb.out,0.25596250395821485,0.5248322652260742,22,7.404294935982334e-08,1.2850374661588226e-07
9bac00bb42d488f1969fc222481da26aa42d906b3770d4916e124e5608061696,08fe55f2251492f7485a5e8fee0b6b5f1eaf7ae9f4db1da6350dca67a37ae9f8,b6aeb5ec5d47f4d84f2d7c5f6b5d5ab92272ec8d4a42e9ad48cb1b99038bf518,mb_qe17_direct_r3_s42_30812497,Sb2Te3Cr_1-7_qe_r3,37,4,36,False,-133597.42649110494,-133597.4264910614,4.353933036327362e-08,0.267027152388113,0.482324,True,/Users/alina/Project/26MIgrationBench/cluster/mb_qe17_direct_r2_s42_30791829/neb.out,0.37710934953587294,0.7732349508002677,21,7.329038552735645e-08,1.2788668181363226e-07
b16b5ad75a7627b42e091ca7e080d7f240e21bbf2c0d5b8f70e48190de5cbe55,0bc1f067940e9941b7049b10733114428991585cb90a143bff48e8489228a126,489d371cccf2d6ee4d439513d8661169dcdbc245c31bf14bea626b3cc0ddc86e,mb_qe17_direct_r3_s42_30812497,Sb2Te3Cr_1-7_qe_r3,37,5,0,True,-133596.88187561775,-133596.88187555244,6.530899554491043e-08,0.2263000343221766,0.50698,True,/Users/alina/Project/26MIgrationBench/cluster/mb_qe17_direct_r2_s42_30791829/neb.out,0.48770344530543996,1.0,30,6.30085850981224e-08,1.256241108429923e-07
44962af8201df073a9f0f2feae61b188f0a3ea704909e041f9345dc78f09f069,36e48385d17afb6f48a2ae658c68af329614851a683a2126b073b73e57ea77d7,d73c7fe4f4acdf0f98cc89ae74cd8d4f7cb56e554abc0ebb99ff5ca052fa1bf7,mb_qe17_direct_r3_s42_30812497,Sb2Te3Cr_1-7_qe_r3,38,1,0,True,-133597.43980903763,-133597.43980900772,2.991873770952225e-08,0.23376266186467842,0.233763,True,/Users/alina/Project/26MIgrationBench/cluster/mb_qe17_direct_r2_s42_30791829/neb.out,0.0,0.0,31,6.958300857780802e-08,1.2588122119683298e-07
f22552fa48222de3a6c517b7086456115235ff75c1c80e754c0b4df73c1e3c8d,f1aed05e7b9bdf61f62e0900978fd3b32d19372a3b8a78b3dc410adad0306735,2230723eb50e5535071bf41c7d7b2174fba2cd3b4fbf5e7f497832924db28527,mb_qe17_direct_r3_s42_30812497,Sb2Te3Cr_1-7_qe_r3,38,2,37,False,-133597.26419777144,-133597.26419777144,0.0,0.9568755401847303,0.219909,True,/Users/alina/Project/26MIgrationBench/cluster/mb_qe17_direct_r2_s42_30791829/neb.out,0.15331801089932065,0.31087839692920116,21,6.931522313277993e-08,1.277324156111724e-07
ac222d2bad03e3d50f26aa051e6934b49db040e41fe4eef7ea444455d3a1fe19,5c9f627ac19907b564a1a4ed9b5741e2ad56246bad1c90a6679846d16efabc1d,84d67374e21a3072b55a28edd700251042ad509a27cd4de0f3e54adda371ad48,mb_qe17_direct_r3_s42_30812497,Sb2Te3Cr_1-7_qe_r3,38,3,37,False,-133597.10625689916,-133597.10625688828,1.0884832590818405e-08,0.41970821833365296,0.340611,True,/Users/alina/Project/26MIgrationBench/cluster/mb_qe17_direct_r2_s42_30791829/neb.out,0.2598916079169195,0.526974528110855,22,7.563637306224175e-08,1.2850374662325484e-07
1cb25e9f433d43fd712d2b75d702ae0adca6fcb5b3c7f8c0673ca9edcd14257b,f289deb6ca70fc8469499bc96c5e5d820e587c8d7b960e2790f2ec78f1bbbcc6,eb8438a8eb9978c541931e961f332e16b4ae574a46654cde93427985d645d599,mb_qe17_direct_r3_s42_30812497,Sb2Te3Cr_1-7_qe_r3,38,4,37,False,-133597.4320669901,-133597.43206702,2.991873770952225e-08,0.26179820246517643,0.495614,True,/Users/alina/Project/26MIgrationBench/cluster/mb_qe17_direct_r2_s42_30791829/neb.out,0.383724340873242,0.7780664988650489,21,7.004664671489129e-08,1.284009024798971e-07
f565170551f090bdfa3c3b4db0ed3c141dcdbbb0739cc807de53811251a2e0c4,17d3ad4146268402a5b592fe461db5ce187cfe0f40f0d68dd2f398ea5d69438d,489d371cccf2d6ee4d439513d8661169dcdbc245c31bf14bea626b3cc0ddc86e,mb_qe17_direct_r3_s42_30812497,Sb2Te3Cr_1-7_qe_r3,38,5,0,True,-133596.88187561775,-133596.88187555244,6.530899554491043e-08,0.2263000343221766,0.501468,True,/Users/alina/Project/26MIgrationBench/cluster/mb_qe17_direct_r2_s42_30791829/neb.out,0.4931767932856299,1.0,30,6.30085850981224e-08,1.256241108429923e-07
a4f2c17b41c758143acf092b9853935602f410d404cd5c6818f43d1013a49a59,dd11ac3c4db80b6e4a55b9d7dbae77aaa93cc851df7bd88e7385e37597896c43,d73c7fe4f4acdf0f98cc89ae74cd8d4f7cb56e554abc0ebb99ff5ca052fa1bf7,mb_qe17_direct_r3_s42_30812497,Sb2Te3Cr_1-7_qe_r3,39,1,0,True,-133597.43980903763,-133597.43980900772,2.991873770952225e-08,0.23376266186467842,0.233763,True,/Users/alina/Project/26MIgrationBench/cluster/mb_qe17_direct_r2_s42_30791829/neb.out,0.0,0.0,31,6.958300857780802e-08,1.2588122119683298e-07
2e9e1be2dffaade7afe15c3904dea47ef98cde74ea54e4f2cea13e5c639cdd5e,96d5457898c199296cab01b8bc8cd529a75abb3df32f7a2fbc0a405706cc894c,a5cbbff245f869ace01f6ec33115a213a22faa2ab85e93514336e42bfca225c1,mb_qe17_direct_r3_s42_30812497,Sb2Te3Cr_1-7_qe_r3,39,2,38,False,-133597.27872266519,-133597.27872262162,4.3568434193730354e-08,0.9497074525060045,0.163398,True,/Users/alina/Project/26MIgrationBench/cluster/mb_qe17_direct_r2_s42_30791829/neb.out,0.1535297615703567,0.3106196660096582,23,7.328096382095503e-08,1.2834948042079498e-07
151c818fe2cd90b92e4b3578955ab200d979f174b4e968deb29f7f7e354e64a9,720d49f264fec837444fd17e6e5e8645321320b4c748fcf812c2ddf6e045c409,d945115e1f5cf5cf3ee7d7256624e9b136b641ffc3385ecaac52219254aa6d45,mb_qe17_direct_r3_s42_30812497,Sb2Te3Cr_1-7_qe_r3,39,3,38,False,-133597.13432830124,-133597.13432825226,4.898174665868282e-08,0.449060894821674,0.35216,True,/Users/alina/Project/26MIgrationBench/cluster/mb_qe17_direct_r2_s42_30791829/neb.out,0.2606457838783255,0.5273355830622418,22,7.625624150547027e-08,1.2855516869081374e-07
e0f289240fbe69cbc86516843c2a897b071bf0ccf47b258e8da9402f0a72073b,1ead757fe8792aa42b685a41c4efd04757f42273d44bfce715119e680cbe4dde,12ed363a10cad9bcd54bddf795b41575ba6b9db0de69c75316bd22f53190d7fb,mb_qe17_direct_r3_s42_30812497,Sb2Te3Cr_1-7_qe_r3,39,4,38,False,-133597.44014986025,-133597.44014981398,4.627509042620659e-08,0.25366143153668264,0.516768,True,/Users/alina/Project/26MIgrationBench/cluster/mb_qe17_direct_r2_s42_30791829/neb.out,0.38504421542973727,0.779017073773848,22,7.935270528130557e-08,1.2737246113826012e-07
519e3acc8c08cf04eaac1b90ac05e02ecd460548ff815b1d793f60d2668c378e,8bee616a3ce773afff6ec888b4f9bcdb77315c854d38551dce61ca422f9d3931,489d371cccf2d6ee4d439513d8661169dcdbc245c31bf14bea626b3cc0ddc86e,mb_qe17_direct_r3_s42_30812497,Sb2Te3Cr_1-7_qe_r3,39,5,0,True,-133596.88187561775,-133596.88187555244,6.530899554491043e-08,0.2263000343221766,0.491157,True,/Users/alina/Project/26MIgrationBench/cluster/mb_qe17_direct_r2_s42_30791829/neb.out,0.4942692893294881,1.0,30,6.30085850981224e-08,1.256241108429923e-07
09967c0d7494997b1ae160500d9026b6195fa387d82c165c00ab9f1ee8d4d029,351b34fbd220db962ba68a4063c415d03d766b8ed2264284126bbe11c7f3ec6d,d73c7fe4f4acdf0f98cc89ae74cd8d4f7cb56e554abc0ebb99ff5ca052fa1bf7,mb_qe17_direct_r3_s42_30812497,Sb2Te3Cr_1-7_qe_r3,40,1,0,True,-133597.43980903763,-133597.43980900772,2.991873770952225e-08,0.23376266186467842,0.233763,True,/Users/alina/Project/26MIgrationBench/cluster/mb_qe17_direct_r2_s42_30791829/neb.out,0.0,0.0,31,6.958300857780802e-08,1.2588122119683298e-07
91ca10e1f806373cf1d7ef6f55caf974d455ba0ffe24e0762ba4867095b8a73b,8222855505c64c4227e07d4e93a14d4b73efbb70eee815dadcfeb38803935072,a18fbb2037877f1b9d471c0c1c3d4700cf3402268844d568e8ad0af58317d581,mb_qe17_direct_r3_s42_30812497,Sb2Te3Cr_1-7_qe_r3,40,2,39,False,-133597.28130910743,-133597.28130904213,6.530899554491043e-08,0.9481788364710999,0.160391,True,/Users/alina/Project/26MIgrationBench/cluster/mb_qe17_direct_r2_s42_30791829/neb.out,0.15363983702886674,0.31051532788814373,18,7.065890594575755e-08,1.2660113012704505e-07
6341618e30dc85106fa98a2a6e47dad0ef9d8c5ce0dde583a945d201927de5e7,16875891990a89e77994ab43bf509a387b4f8fbe73cc560aed7ad2db7c6c66a1,2975abf08df11c6407ab0dfb596592dc23573079c888c7eb2a1e054a4fc291b4,mb_qe17_direct_r3_s42_30812497,Sb2Te3Cr_1-7_qe_r3,40,3,39,False,-133597.13964254892,-133597.1396425054,4.351022653281689e-08,0.45453566366091813,0.352566,True,/Users/alina/Project/26MIgrationBench/cluster/mb_qe17_direct_r2_s42_30791829/neb.out,0.2610024329299053,0.5275015751650761,19,7.024518127862683e-08,1.2711535080154983e-07
e666889802ff56674fb38b832b554c68fd13cd6285cb929ff11acdb6aaa05bca,e4a64b9beed52e357dc5b93602c14923e1c6839d88792752184973cd51fb2299,33c3aa39d3972d5d53993d63626cbfe25675e72f5542937204ebfb7c7e992622,mb_qe17_direct_r3_s42_30812497,Sb2Te3Cr_1-7_qe_r3,40,4,39,False,-133597.4414663471,-133597.44146635802,1.0913936421275139e-08,0.25389102181165984,0.516685,True,/Users/alina/Project/26MIgrationBench/cluster/mb_qe17_direct_r2_s42_30791829/neb.out,0.38570203507854506,0.779526952160437,17,7.436200940933068e-08,1.2850374662282116e-07
b72cf13a84cb887e9d086d725f49a9f3d20101e2aee9f4f680366010a6d34bab,d1c26e382b81498f4425d1f7eb1a49c9074e07c6586fb8e23de90d9d7616f0af,489d371cccf2d6ee4d439513d8661169dcdbc245c31bf14bea626b3cc0ddc86e,mb_qe17_direct_r3_s42_30812497,Sb2Te3Cr_1-7_qe_r3,40,5,0,True,-133596.88187561775,-133596.88187555244,6.530899554491043e-08,0.2263000343221766,0.488727,True,/Users/alina/Project/26MIgrationBench/cluster/mb_qe17_direct_r2_s42_30791829/neb.out,0.4947898645577074,1.0,30,6.30085850981224e-08,1.256241108429923e-07
a53992ce2f09ae7b02cf220d558dc94a84212bce7a506bdf6f5360438a5e18cb,81343efb99108cd3e62e9a52667905b606114c92da7c04c0cb9735ccbaf02864,d73c7fe4f4acdf0f98cc89ae74cd8d4f7cb56e554abc0ebb99ff5ca052fa1bf7,mb_qe17_direct_r3_s42_30812497,Sb2Te3Cr_1-7_qe_r3,41,1,0,True,-133597.43980903763,-133597.43980900772,2.991873770952225e-08,0.23376266186467842,0.233763,True,/Users/alina/Project/26MIgrationBench/cluster/mb_qe17_direct_r2_s42_30791829/neb.out,0.0,0.0,31,6.958300857780802e-08,1.2588122119683298e-07
df794753c46c7b302dbe06a740a38b59635efff114dfef546be2a92f5a03c810,43874a2a13e6435244142a4692c976fe3952b25e791a777b8e8de444e502a94e,3b8ef320c5ca8156a728e320908b263f93bcd5470e691e66e3cd36f91f01ef3c,mb_qe17_direct_r3_s42_30812497,Sb2Te3Cr_1-7_qe_r3,41,2,40,False,-133597.28247538744,-133597.28247532214,6.530899554491043e-08,0.9475945713922708,0.158297,True,/Users/alina/Project/26MIgrationBench/cluster/mb_qe17_direct_r2_s42_30791829/neb.out,0.15372754263418636,0.3104589018203724,13,7.450408768980825e-08,1.2840090248835388e-07
d3f4d27a8f522e3459b54d306a6a6ffc22f5ad29f0045aec0e780a1f7ff05890,fd2c0b7b573ad51e9d5445c5f0bbda159e35f0e7244a9cf2aa46328d35149838,53f3b67cd63eee7e657fa13d0a1e72450ca1701779907c8ec4f87ed20380cb5b,mb_qe17_direct_r3_s42_30812497,Sb2Te3Cr_1-7_qe_r3,41,3,40,False,-133597.14219239188,-133597.142192381,1.0884832590818405e-08,0.45741830737208267,0.353193,True,/Users/alina/Project/26MIgrationBench/cluster/mb_qe17_direct_r2_s42_30791829/neb.out,0.26125740893783816,0.5276197542836398,17,6.968879790564965e-08,1.2778383767829762e-07
d1d0a7ba8b8213437d5119fd1d3fb40911fbc1c0ffc29ea8bc471e951d73d5f9,e7db1bd059db89d9045a99f6ac6453bc75a53026f2655c0f53af5d8813763735,a103b753767c31d163e96868df308c2d5b12609e69fb70326ec20b3099ec4554,mb_qe17_direct_r3_s42_30812497,Sb2Te3Cr_1-7_qe_r3,41,4,40,False,-133597.441963091,-133597.441963091,0.0,0.25309708706851897,0.514242,True,/Users/alina/Project/26MIgrationBench/cluster/mb_qe17_direct_r2_s42_30791829/neb.out,0.38620452765205415,0.7799554424559476,14,7.519770584966105e-08,1.2845232455482858e-07
9cbf3295caa225d19b038bd158573cc35e601a3175f99fa9b08ad0149c7cfb98,2db9ecfe974690e23d8d46a97e967a9c97a46c1bf093407dbfd7914b871f1228,489d371cccf2d6ee4d439513d8661169dcdbc245c31bf14bea626b3cc0ddc86e,mb_qe17_direct_r3_s42_30812497,Sb2Te3Cr_1-7_qe_r3,41,5,0,True,-133596.88187561775,-133596.88187555244,6.530899554491043e-08,0.2263000343221766,0.487268,True,/Users/alina/Project/26MIgrationBench/cluster/mb_qe17_direct_r2_s42_30791829/neb.out,0.49516229598444944,1.0,30,6.30085850981224e-08,1.256241108429923e-07
6babbc4952dd888e191e8fd312fe7f6dae0aa4943994325395bd1dc102d449d2,a3c3bdef2a05dd65e915629494dee87d4048a0eaaa0a5df037373e79cd462c10,d73c7fe4f4acdf0f98cc89ae74cd8d4f7cb56e554abc0ebb99ff5ca052fa1bf7,mb_qe17_direct_r3_s42_30812497,Sb2Te3Cr_1-7_qe_r3,42,1,0,True,-133597.43980903763,-133597.43980900772,2.991873770952225e-08,0.23376266186467842,0.233763,True,/Users/alina/Project/26MIgrationBench/cluster/mb_qe17_direct_r2_s42_30791829/neb.out,0.0,0.0,31,6.958300857780802e-08,1.2588122119683298e-07
76c2d1a2826285089e1eeae56f5756d3b1bc6e362c99b9fcd0efd6828ada6f24,d31d928bd7b797e77288db713a93cabad999a6be999185870d0d25900fca55dc,393b3e7c0a88ef4862407f43bac1ff610f215f021f277ee1825b1f67f9a39c73,mb_qe17_direct_r3_s42_30812497,Sb2Te3Cr_1-7_qe_r3,42,2,41,False,-133597.28325825903,-133597.28325827807,1.9033905118703842e-08,0.9474143167839141,0.155672,True,/Users/alina/Project/26MIgrationBench/cluster/mb_qe17_direct_r2_s42_30791829/neb.out,0.1537894684166488,0.310443273770539,13,7.740468993042847e-08,1.2855516869081374e-07
a00c3a67fc922d87cfea49d3aa2397d9b200a946f406753ba9628927e06a64f9,3c1f11e60e45c103966f52c50bb1678ee06b2393a2507407cd4e029239a1c031,33bce8a6683a992fe2ccfbfdc69b19badec4182448f51647200102d90f984dc7,mb_qe17_direct_r3_s42_30812497,Sb2Te3Cr_1-7_qe_r3,42,3,41,False,-133597.1440605896,-133597.14406052974,5.986657924950123e-08,0.45951072328841436,0.353415,True,/Users/alina/Project/26MIgrationBench/cluster/mb_qe17_direct_r2_s42_30791829/neb.out,0.2614121561360584,0.5276931274281444,16,7.627152356449962e-08,1.2850374662282116e-07
87e6eaa0f1488621d1e55a969b34307a6b1dc788555170d71f721a2097703e75,66ee9316084a3f7aa4397d171a1e9799e4a7059162b08648ef082460aae51602,3d1cafa70b7e91e01bf62429df58282c1808c48a1a4b584fc219f0cac180d63c,mb_qe17_direct_r3_s42_30812497,Sb2Te3Cr_1-7_qe_r3,42,4,41,False,-133597.4421882652,-133597.4421882625,2.7066562324762344e-09,0.2529606710593262,0.511264,True,/Users/alina/Project/26MIgrationBench/cluster/mb_qe17_direct_r2_s42_30791829/neb.out,0.38654166572195536,0.7802826902966937,14,7.424618188272706e-08,1.284009024937749e-07
6beaa076461fb01a069634b11a86ffaad94a4d68541ef0b560354d9ca96b721e,97245d4ccb03e6a81000b500ac1e94eb55466b3160329df15202a71f03220d37,489d371cccf2d6ee4d439513d8661169dcdbc245c31bf14bea626b3cc0ddc86e,mb_qe17_direct_r3_s42_30812497,Sb2Te3Cr_1-7_qe_r3,42,5,0,True,-133596.88187561775,-133596.88187555244,6.530899554491043e-08,0.2263000343221766,0.485918,True,/Users/alina/Project/26MIgrationBench/cluster/mb_qe17_direct_r2_s42_30791829/neb.out,0.4953866983451565,1.0,30,6.30085850981224e-08,1.256241108429923e-07
a83a19c6c1801b2f03a7be5eb97190496f155a19f49cf945e1f122730e4c8286,9ebd4734f2e03ea5b3a00d41ec307ab42428a63fe58f6354de0fdb2956e98675,d73c7fe4f4acdf0f98cc89ae74cd8d4f7cb56e554abc0ebb99ff5ca052fa1bf7,mb_qe17_direct_r3_s42_30812497,Sb2Te3Cr_1-7_qe_r3,43,1,0,True,-133597.43980903763,-133597.43980900772,2.991873770952225e-08,0.23376266186467842,0.233763,True,/Users/alina/Project/26MIgrationBench/cluster/mb_qe17_direct_r2_s42_30791829/neb.out,0.0,0.0,31,6.958300857780802e-08,1.2588122119683298e-07
9fe0a5fa10005afeb043be0cd8e29cf1a9851399af1270e82a1a20c849f093ea,e8883cb17643ff9fdb17e5aef8632daafa4ff1618e8051c95fc32797529f20ab,e381623b8a553330a7eda8317906e1362e695ba7a950116a4c030880c5f328c3,mb_qe17_direct_r3_s42_30812497,Sb2Te3Cr_1-7_qe_r3,43,2,42,False,-133597.28365527315,-133597.28365521872,5.4424162954092026e-08,0.9453419940115892,0.15245,True,/Users/alina/Project/26MIgrationBench/cluster/mb_qe17_direct_r2_s42_30791829/neb.out,0.15403618424180418,0.31037779185845554,11,7.973434230015859e-08,1.2819521422180458e-07
be733713a1fc980afcdf9ad7d7963650761adadef66c46661839b58dd5143da3,e489f39582d4e06f0bff08e67144bd8292adb9520cd543b178a4d21232c06956,7614b06398f61d7cacf5b1a66388a74a7968f6d69df997830460f623ba02be43,mb_qe17_direct_r3_s42_30812497,Sb2Te3Cr_1-7_qe_r3,43,3,42,False,-133597.14525421706,-133597.14525415175,6.530899554491043e-08,0.46099087016856954,0.353472,True,/Users/alina/Project/26MIgrationBench/cluster/mb_qe17_direct_r2_s42_30791829/neb.out,0.26202734767428215,0.5279763970912484,12,7.507864667642837e-08,1.2742388320538534e-07
c0036b2766c4b9130d594a7f7a2ae9795b3ec7bdb092f533bec625bab8521c23,feab716c976f3d02f1166d3b99f15bb956be0e2e448f03ff90ff2dd1655e1197,4f2baee9289c79ab0c7cca84238553ad98008c61da15f9cd7133c89b8e0caee1,mb_qe17_direct_r3_s42_30812497,Sb2Te3Cr_1-7_qe_r3,43,4,42,False,-133597.4421882652,-133597.4421882407,2.450542524456978e-08,0.25348033042730034,0.506992,True,/Users/alina/Project/26MIgrationBench/cluster/mb_qe17_direct_r2_s42_30791829/neb.out,0.38792039675220424,0.7816467069308839,14,7.317683190779473e-08,1.284009024937749e-07
28f3988f6a7e6b5fedcade4fa705123667d1e8c5c8a3a6671ba8a3b5b4d4b8fa,5ed4c29c62499f9a4e2ab01678eebc5078b3600089208fe62df620a4127ee1b4,489d371cccf2d6ee4d439513d8661169dcdbc245c31bf14bea626b3cc0ddc86e,mb_qe17_direct_r3_s42_30812497,Sb2Te3Cr_1-7_qe_r3,43,5,0,True,-133596.88187561775,-133596.88187555244,6.530899554491043e-08,0.2263000343221766,0.484783,True,/Users/alina/Project/26MIgrationBench/cluster/mb_qe17_direct_r2_s42_30791829/neb.out,0.4962861012686459,1.0,30,6.30085850981224e-08,1.256241108429923e-07
9581f19242bce758109058c2630652177bfb9827bccbfa23616fcd7227aee636,ad6a5bf29f69a0410ba71f52c587c82a2ef0df98144f58351479146a9e83b10e,d73c7fe4f4acdf0f98cc89ae74cd8d4f7cb56e554abc0ebb99ff5ca052fa1bf7,mb_qe17_direct_r3_s42_30812497,Sb2Te3Cr_1-7_qe_r3,44,1,0,True,-133597.43980903763,-133597.43980900772,2.991873770952225e-08,0.23376266186467842,0.233763,True,/Users/alina/Project/26MIgrationBench/cluster/mb_qe17_direct_r2_s42_30791829/neb.out,0.0,0.0,31,6.958300857780802e-08,1.2588122119683298e-07
22f29d179c3e7af208f75ce08c7a79fd8d9331c060ebeb0d2bdc592b126b1a63,69189d3f4d2d4c56161a10518d05d0f41b3753e2e9570e643f3971b0613b0cf8,d65a9c0bd0f8747accf848c3e5af71764430978f6724de4a6c144a8a5a58cbfe,mb_qe17_direct_r3_s42_30812497,Sb2Te3Cr_1-7_qe_r3,44,2,43,False,-133597.28522156057,-133597.2852216177,5.713081918656826e-08,0.9472635180257167,0.142444,True,/Users/alina/Project/26MIgrationBench/cluster/mb_qe17_direct_r2_s42_30791829/neb.out,0.15466581067107596,0.31019323420823364,18,6.727936979054934e-08,1.2793810388878057e-07
d412a086b000fb9a38f8afc79e99ed36e9725b2ddaa1d31ca9b8a4b150385c3b,73659161c9ec66e151db967a840ab5841d19626fba63d7ad86e0197f0174c52c,d3cc07a2fedfad0fbc700b3c5215bdf2a4c908b630300b166363b1b71fdf9a48,mb_qe17_direct_r3_s42_30812497,Sb2Te3Cr_1-7_qe_r3,44,3,43,False,-133597.15006614255,-133597.15006613167,1.0884832590818405e-08,0.4657983635045845,0.355751,True,/Users/alina/Project/26MIgrationBench/cluster/mb_qe17_direct_r2_s42_30791829/neb.out,0.26358482657616694,0.5286380324722143,19,7.564055932884922e-08,1.2711535080436875e-07
0e97a2419995ee15b819042234da091ca54f18ddde8a1aedbebdd35794b52e20,aaf8fa1ccc21a42a19c38b159a65ecbd18432ba678d4ac0f46e7c7e129b64e8c,bc396c06dee66b9122eb94f28eb55a5039d293ba803a4f671ce299dd59137af6,mb_qe17_direct_r3_s42_30812497,Sb2Te3Cr_1-7_qe_r3,44,4,43,False,-133597.44204241218,-133597.4420424775,6.530899554491043e-08,0.2555338261446776,0.489623,True,/Users/alina/Project/26MIgrationBench/cluster/mb_qe17_direct_r2_s42_30791829/neb.out,0.3914433591706291,0.785067372444064,20,7.433062052776691e-08,1.2593264325788667e-07
96a806198086e09aeb358155ab26b34cebf9e86712d849475059db4ca950d034,d463c3056e3956f485d6e906ff9489bc68e6a81ddaeaa58ecdf18f83f7b07a46,489d371cccf2d6ee4d439513d8661169dcdbc245c31bf14bea626b3cc0ddc86e,mb_qe17_direct_r3_s42_30812497,Sb2Te3Cr_1-7_qe_r3,44,5,0,True,-133596.88187561775,-133596.88187555244,6.530899554491043e-08,0.2263000343221766,0.483838,True,/Users/alina/Project/26MIgrationBench/cluster/mb_qe17_direct_r2_s42_30791829/neb.out,0.49861116753838786,1.0,30,6.30085850981224e-08,1.256241108429923e-07
e317d79dfc8b7234dbbcd3f37294fd3d143a8e0ae6b8323c84930f906af97f6e,6cc6eb4698e8de31b65ebcb6fd06a70ba7e5467ca5be69d68b3baf7bd9d2532a,d73c7fe4f4acdf0f98cc89ae74cd8d4f7cb56e554abc0ebb99ff5ca052fa1bf7,mb_qe17_direct_r3_s42_30812497,Sb2Te3Cr_1-7_qe_r3,45,1,0,True,-133597.43980903763,-133597.43980900772,2.991873770952225e-08,0.23376266186467842,0.233763,True,/Users/alina/Project/26MIgrationBench/cluster/mb_qe17_direct_r2_s42_30791829/neb.out,0.0,0.0,31,6.958300857780802e-08,1.2588122119683298e-07
72bd2098289b4ac17a70f26f5072be70a0b702bac8c6fb561ce6b856bc9f84e5,c3bbe3b73fabeaa1a56873ceb0e7df34bd62ff936ee3f5a1abab67ddb2d39f2b,233856f7404aa714cd41e406e0d224654804eb2bf67122edf4ee9274c8db8825,mb_qe17_direct_r3_s42_30812497,Sb2Te3Cr_1-7_qe_r3,45,2,44,False,-133597.28905033864,-133597.28905028966,4.898174665868282e-08,0.9469972716006698,0.116077,True,/Users/alina/Project/26MIgrationBench/cluster/mb_qe17_direct_r2_s42_30791829/neb.out,0.15551536429160387,0.3098647392118728,21,7.245604469790533e-08,1.2804094801609212e-07
3903f336d7b5f8282a7410df81a00f3e9a5d7df786bc460060b5e2505af6f29e,397e7220beba74622e49fa1de2b597a774b93805a180a88f35407623881323eb,8af61f05691451dc526495aacf6a9fc62fa46c927fd5bf55fc763f39a4b0e80c,mb_qe17_direct_r3_s42_30812497,Sb2Te3Cr_1-7_qe_r3,45,3,44,False,-133597.1620820104,-133597.16208203492,2.450542524456978e-08,0.4794766428879887,0.361787,True,/Users/alina/Project/26MIgrationBench/cluster/mb_qe17_direct_r2_s42_30791829/neb.out,0.2656973010588882,0.5294025145164116,23,7.33123473247549e-08,1.280923700835155e-07
1230982e413fc1390598ed3893aae0439eac60d2ed2f0a06bbb2b3d96801d203,385c2c37de281c37aac803b1491c661e79d016399117d2caea88a0f9e6dc8af8,1e044ed34222c24df3b7c7bf58026a310a8596b9315229bacb0b5ed35f4509c1,mb_qe17_direct_r3_s42_30812497,Sb2Te3Cr_1-7_qe_r3,45,4,44,False,-133597.4414720615,-133597.4414720452,1.6298145055770874e-08,0.2623906190328144,0.446463,True,/Users/alina/Project/26MIgrationBench/cluster/mb_qe17_direct_r2_s42_30791829/neb.out,0.39626284942851464,0.7895546852032131,21,7.347482121128659e-08,1.2834948042578231e-07
8e576970f844e7ceca9f6bc73e9d1e1aaebab10878472f928af5a3aad84f8098,3dd5e43df92617a67371fc091f12f5a6814673e28af8faabc256865bc7b32441,489d371cccf2d6ee4d439513d8661169dcdbc245c31bf14bea626b3cc0ddc86e,mb_qe17_direct_r3_s42_30812497,Sb2Te3Cr_1-7_qe_r3,45,5,0,True,-133596.88187561775,-133596.88187555244,6.530899554491043e-08,0.2263000343221766,0.484524,True,/Users/alina/Project/26MIgrationBench/cluster/mb_qe17_direct_r2_s42_30791829/neb.out,0.501881448941723,1.0,30,6.30085850981224e-08,1.256241108429923e-07
52ddb8d678511ffd146b5e06b35f3c747fd9566f06d36019db1f9bc12f7ca691,1638f239e4c93b8c402125c55425049c0098be7fa7b5881fa62fdc745c8d43ff,d73c7fe4f4acdf0f98cc89ae74cd8d4f7cb56e554abc0ebb99ff5ca052fa1bf7,mb_qe17_direct_r3_s42_30812497,Sb2Te3Cr_1-7_qe_r3,46,1,0,True,-133597.43980903763,-133597.43980900772,2.991873770952225e-08,0.23376266186467842,0.233763,True,/Users/alina/Project/26MIgrationBench/cluster/mb_qe17_direct_r2_s42_30791829/neb.out,0.0,0.0,31,6.958300857780802e-08,1.2588122119683298e-07
79fe976e2aed76cb399c8dada805e39b34fdac3f8d828d84b6d5a9d28e896c1f,41083486cc4d2d545b692800e02a166213aea5d960f1a41fd9859172a4af10b0,eef030165e37dd02bc8a255ecdb0edef90886f9e7e10b08fd13c7c19810ba50b,mb_qe17_direct_r3_s42_30812497,Sb2Te3Cr_1-7_qe_r3,46,2,45,False,-133597.29399042978,-133597.29399043522,5.4424162954092026e-09,0.9470775602837495,0.121546,True,/Users/alina/Project/26MIgrationBench/cluster/mb_qe17_direct_r2_s42_30791829/neb.out,0.15677136662787775,0.30920923256456123,19,7.248801259163719e-08,1.2798952594858743e-07
33e725f15056c7b1de423d431257381c53b4c575874b9bc26df196408ef18d23,0670854c409c6740d45ebaa6e3da1352b67b19f52c7143f53b04d70bfc1a65f5,43c6b19cb1aebf62904996dfd9117bc178e9906ae6fdc30edcee093d52fac686,mb_qe17_direct_r3_s42_30812497,Sb2Te3Cr_1-7_qe_r3,46,3,45,False,-133597.1780556384,-133597.17805568193,4.353933036327362e-08,0.4972374653682984,0.373283,True,/Users/alina/Project/26MIgrationBench/cluster/mb_qe17_direct_r2_s42_30791829/neb.out,0.26885156931663257,0.5302714979802384,21,7.0034305652241e-08,1.2845232455482858e-07
3f9aa32c75f180c4872b008ed84d49a08488332a2fce0bd9a2ebd8fbed37e937,40bcb690732f807023f092dc833393770dcdc3bbdf54d42934cd9516f4b18bb4,a367b4388d22a48f2c66a0b0b05c8f0f02d4b1774733f957597793cfb440cdb5,mb_qe17_direct_r3_s42_30812497,Sb2Te3Cr_1-7_qe_r3,46,4,45,False,-133597.4403554423,-133597.44035539875,4.353933036327362e-08,0.2707489065334049,0.392695,True,/Users/alina/Project/26MIgrationBench/cluster/mb_qe17_direct_r2_s42_30791829/neb.out,0.4035129570881331,0.7958719406155337,21,7.172964009053392e-08,1.2845232455482858e-07
4fa5690a4b2e9e719b400329dc43aed20d172c52c416e2d79a422660bebb0566,61181bff2ceb491b0243c6949bb60ee8eb2af9069cd2c2b5bcba14439dca026c,489d371cccf2d6ee4d439513d8661169dcdbc245c31bf14bea626b3cc0ddc86e,mb_qe17_direct_r3_s42_30812497,Sb2Te3Cr_1-7_qe_r3,46,5,0,True,-133596.88187561775,-133596.88187555244,6.530899554491043e-08,0.2263000343221766,0.485218,True,/Users/alina/Project/26MIgrationBench/cluster/mb_qe17_direct_r2_s42_30791829/neb.out,0.5070073921390582,1.0,30,6.30085850981224e-08,1.256241108429923e-07
fe34f2e44aef32869d5e6526655cea19db6f390e8cf0436c15d8c4d1d8969812,8fa5daa8a795a86d6624b801ac524f5097bfbb0b248512bc0c2bd8a925e43d87,d73c7fe4f4acdf0f98cc89ae74cd8d4f7cb56e554abc0ebb99ff5ca052fa1bf7,mb_qe17_direct_r3_s42_30812497,Sb2Te3Cr_1-7_qe_r3,47,1,0,True,-133597.43980903763,-133597.43980900772,2.991873770952225e-08,0.23376266186467842,0.233763,True,/Users/alina/Project/26MIgrationBench/cluster/mb_qe17_direct_r2_s42_30791829/neb.out,0.0,0.0,31,6.958300857780802e-08,1.2588122119683298e-07
006a91beef58149e52d05f0db1d62b055d222c2a15527b6f5b01b67b32f59474,064f1c195d3c21560a91df1218759f51b9752e5f4166851c893f1048dc66d8de,44c013fb62bcceaf63ce9cd4833611d43f51d9082edecdbf25868c8514df0b00,mb_qe17_direct_r3_s42_30812497,Sb2Te3Cr_1-7_qe_r3,47,2,46,False,-133597.30094647643,-133597.30094644378,3.2654497772455215e-08,0.9467311547332772,0.23827,True,/Users/alina/Project/26MIgrationBench/cluster/mb_qe17_direct_r2_s42_30791829/neb.out,0.15705499612799353,0.30900029952858493,22,7.07851874097884e-08,1.2654970805948615e-07
68ffe2ce841431d40730b4dda0ebee216df49bf3d446e9b71a901dfcfbe241db,6275b35549490fdc5f135ab824d1291c1515a05a0da05d2b134c6e0bb923fb14,d2e55ac21a87319f493a3d34fbf65e5c9bf6aa9fbe1bae812b9be6edf8522272,mb_qe17_direct_r3_s42_30812497,Sb2Te3Cr_1-7_qe_r3,47,3,46,False,-133597.20133021733,-133597.201330201,1.6327248886227608e-08,0.5228266008390609,0.456778,True,/Users/alina/Project/26MIgrationBench/cluster/mb_qe17_direct_r2_s42_30791829/neb.out,0.26962273220886646,0.5304734460300646,22,7.594890981569372e-08,1.2834948042057814e-07
7bf7d39c41ab6d0f2e2c5d1da182e0e0f21c9822a0a32f8e75530d757bf3d0ac,38dbc5524966ad05ec9ed03667ff6a8d761ff82c40a8de067f99f6b9c83e71c1,d19d04c6a9907c0be51219d85b48b5e506bf87470c87b25e173f2b16faa4cb5c,mb_qe17_direct_r3_s42_30812497,Sb2Te3Cr_1-7_qe_r3,47,4,46,False,-133597.4381864227,-133597.4381864526,2.991873770952225e-08,0.2831019436712364,0.385517,True,/Users/alina/Project/26MIgrationBench/cluster/mb_qe17_direct_r2_s42_30791829/neb.out,0.4052615213308288,0.7973380953547126,21,7.150088589260044e-08,1.282466362863277e-07
226083a2f7c6b55fbf1058b195aeb9c8ffd2a27d4a05cb47599603d161ae09d2,16b4ff6500dda5d065e78e3ea98c57aa4d4120b94bcfc0ab1c85e61b8c5db9c4,489d371cccf2d6ee4d439513d8661169dcdbc245c31bf14bea626b3cc0ddc86e,mb_qe17_direct_r3_s42_30812497,Sb2Te3Cr_1-7_qe_r3,47,5,0,True,-133596.88187561775,-133596.88187555244,6.530899554491043e-08,0.2263000343221766,0.491094,True,/Users/alina/Project/26MIgrationBench/cluster/mb_qe17_direct_r2_s42_30791829/neb.out,0.5082681031947178,1.0,30,6.30085850981224e-08,1.256241108429923e-07
f6649144d5baa654ea5baf40958a426e7222f7f934eab0915af48581107e6160,6b342ed239b9f314e8f1fbf082e0821bf66682b1810ba27125d0af85b9b48f4c,d73c7fe4f4acdf0f98cc89ae74cd8d4f7cb56e554abc0ebb99ff5ca052fa1bf7,mb_qe17_direct_r3_s42_30812497,Sb2Te3Cr_1-7_qe_r3,48,1,0,True,-133597.43980903763,-133597.43980900772,2.991873770952225e-08,0.23376266186467842,0.233763,True,/Users/alina/Project/26MIgrationBench/cluster/mb_qe17_direct_r2_s42_30791829/neb.out,0.0,0.0,31,6.958300857780802e-08,1.2588122119683298e-07
b4b45abe3ca07b9413f52abc83185ab292964429b7ed6347486c559e43c40d32,5123862d7de913cbfb131e08e30d32a9c00daddc53d6ecfc3e8cc3997d6931d2,b5e5bc02ea1878624b68676fee8d0f6fc01e1143ced568a028a1dd83a0d78f26,mb_qe17_direct_r3_s42_30812497,Sb2Te3Cr_1-7_qe_r3,48,2,47,False,-133597.30268800515,-133597.30268797794,2.7212081477046013e-08,0.9467315635977517,0.271013,True,/Users/alina/Project/26MIgrationBench/cluster/mb_qe17_direct_r2_s42_30791829/neb.out,0.15714756296251878,0.308885576117918,19,7.318265421395702e-08,1.275267273413705e-07
410919514936811cf11c5b18c312847e968b349c3b829c77e1c6d1a35b42727f,13e9956b9a3c7436a07e3c47c6e23b45bd4c146c8e46038789807f4ca7993d4f,98bcc4249c13a17b3e31919291ac29455776b13f97bddb88c3b953967cc3de39,mb_qe17_direct_r3_s42_30812497,Sb2Te3Cr_1-7_qe_r3,48,3,47,False,-133597.20689127228,-133597.20689127772,5.4424162954092026e-09,0.5290379218558028,0.474971,True,/Users/alina/Project/26MIgrationBench/cluster/mb_qe17_direct_r2_s42_30791829/neb.out,0.2699434771753003,0.5305945882625874,19,7.198785082640381e-08,1.2680681839728064e-07
0232371986be2610584a0e687b412dd4f6532ab88b9c665dea8eb3499642311f,93f0b9918357b5460c8e2d8018625a8c8c4b2a68c65c97374625411245a721e4,ebe8333f5071438284b8d3ccef6caa886d83ca5136cc5fce17bb4aa4ddceb95b,mb_qe17_direct_r3_s42_30812497,Sb2Te3Cr_1-7_qe_r3,48,4,47,False,-133597.43754736325,-133597.4375474204,5.7159923017024994e-08,0.28408819684753867,0.389266,True,/Users/alina/Project/26MIgrationBench/cluster/mb_qe17_direct_r2_s42_30791829/neb.out,0.40595165766755764,0.7979290883726572,20,7.570942764317388e-08,1.2829805835778973e-07
64be37001161fe3165fe9f54c385f3fc4f10cc46a9ca269b420b52dc3041d01b,beca19be9d541208c4b989c6a2619b670fb0cb6ed94c2a87333c98c023c969b3,489d371cccf2d6ee4d439513d8661169dcdbc245c31bf14bea626b3cc0ddc86e,mb_qe17_direct_r3_s42_30812497,Sb2Te3Cr_1-7_qe_r3,48,5,0,True,-133596.88187561775,-133596.88187555244,6.530899554491043e-08,0.2263000343221766,0.493177,True,/Users/alina/Project/26MIgrationBench/cluster/mb_qe17_direct_r2_s42_30791829/neb.out,0.5087565594274536,1.0,30,6.30085850981224e-08,1.256241108429923e-07
ea1f0c4ec343020b4cc450ba06441bf88cee8f5f49489bf466fdb897fbc95b47,c7de742814e2b423838b0314ad0c1980748e1457374fef4815e06f0aec93e752,d73c7fe4f4acdf0f98cc89ae74cd8d4f7cb56e554abc0ebb99ff5ca052fa1bf7,mb_qe17_direct_r3_s42_30812497,Sb2Te3Cr_1-7_qe_r3,49,1,0,True,-133597.43980903763,-133597.43980900772,2.991873770952225e-08,0.23376266186467842,0.233763,True,/Users/alina/Project/26MIgrationBench/cluster/mb_qe17_direct_r2_s42_30791829/neb.out,0.0,0.0,31,6.958300857780802e-08,1.2588122119683298e-07
06a790beb84d9d237d541c8b467edf94249a771514e4052354c2ae6b5bcbdf32,0d3e9dc70e0ac37a844b6087e1d87c58a9ac6ef20c702516d895362cbf57c7b4,bc2be54b6debe428d2383c820de26b86e09b2d1fa0090ecff7837d24f826afd5,mb_qe17_direct_r3_s42_30812497,Sb2Te3Cr_1-7_qe_r3,49,2,48,False,-133597.30354761286,-133597.3035476455,3.2654497772455215e-08,0.9467674901879545,0.28165,True,/Users/alina/Project/26MIgrationBench/cluster/mb_qe17_direct_r2_s42_30791829/neb.out,0.15719751995150633,0.30876762132769325,13,7.344903573879788e-08,1.2680681840682162e-07
0ee9b23b30c0cd5960b67567ceb52f2fa206e155f0c3a97a3b67cdcc1724b66f,25dc765e39a630c73a9055ef1a390302b1de7c1b527461e78b5f46ac20fc4031,37761c8ae1cb39d8786ffc836911908298e43bf2dd4339777128a1c90158603d,mb_qe17_direct_r3_s42_30812497,Sb2Te3Cr_1-7_qe_r3,49,3,48,False,-133597.20914192603,-133597.2091419369,1.0884832590818405e-08,0.5319755019752567,0.480646,True,/Users/alina/Project/26MIgrationBench/cluster/mb_qe17_direct_r2_s42_30791829/neb.out,0.270201923438816,0.5307310522717394,14,7.434961747139067e-08,1.2819521422180458e-07
8c28fe66ce5bb195292c8e87cac44d30982e43bce92bc34b012096c129b7ace8,f12dd506cdab5e560d2410f4f61b84ec625b56a722e0a3f76af64b3863cff7ce,49e012d4a8cfc1fcbd567ff93aed74534be90d503ce864035a93ec8e04cced03,mb_qe17_direct_r3_s42_30812497,Sb2Te3Cr_1-7_qe_r3,49,4,48,False,-133597.4372453169,-133597.43724536043,4.353933036327362e-08,0.2853522234447369,0.389891,True,/Users/alina/Project/26MIgrationBench/cluster/mb_qe17_direct_r2_s42_30791829/neb.out,0.40647115897761293,0.7983913037212363,14,7.720538017018137e-08,1.2809237008234997e-07
78dc0fa6110db8e0b4de2e001c5845803cd095aaf81d48b7317c29dfb8bdd7a4,fd0dee1971c79946a8544a395986b48dc3f3a3795d969de6a34f7c3f8641a42f,489d371cccf2d6ee4d439513d8661169dcdbc245c31bf14bea626b3cc0ddc86e,mb_qe17_direct_r3_s42_30812497,Sb2Te3Cr_1-7_qe_r3,49,5,0,True,-133596.88187561775,-133596.88187555244,6.530899554491043e-08,0.2263000343221766,0.493826,True,/Users/alina/Project/26MIgrationBench/cluster/mb_qe17_direct_r2_s42_30791829/neb.out,0.5091127083713014,1.0,30,6.30085850981224e-08,1.256241108429923e-07
5bf7678b803f3c80204c269427a732a8a0144ab58f2fc37b8912e478a88c2a8d,38f6a33f0cf3e6f0213c8389387efa8c0cb6ffc6c09465fa7ba313c63b2d8d11,d73c7fe4f4acdf0f98cc89ae74cd8d4f7cb56e554abc0ebb99ff5ca052fa1bf7,mb_qe17_direct_r3_s42_30812497,Sb2Te3Cr_1-7_qe_r3,50,1,0,True,-133597.43980903763,-133597.43980900772,2.991873770952225e-08,0.23376266186467842,0.233763,True,/Users/alina/Project/26MIgrationBench/cluster/mb_qe17_direct_r2_s42_30791829/neb.out,0.0,0.0,31,6.958300857780802e-08,1.2588122119683298e-07
6d41565d64c4bd6fec2b133f957d710cdfe297029595b2454da7cf0ca36e29fe,e5974996d0529fbf0b597f552ed40fd3dbce2a8d1ce57c683326404f6e8975b2,6fbc2657f54271740d3b8789f2d22c6916366a015c7997f06dd90a3b4d38fd7b,mb_qe17_direct_r3_s42_30812497,Sb2Te3Cr_1-7_qe_r3,50,2,49,False,-133597.30430749082,-133597.3043075289,3.8067810237407684e-08,0.9462821584272392,0.288007,True,/Users/alina/Project/26MIgrationBench/cluster/mb_qe17_direct_r2_s42_30791829/neb.out,0.1572070508517318,0.30865483240031677,11,6.840653488154693e-08,1.2809237008234997e-07
0f76b33ec928cab5eaeed8efe1a8d037fe2ab8c3b32f85dea7dbdac06d4014e1,3bc95b4b99edc1805d28dbc57e13e041370227dfe401527869ff1b0ae781f6cf,c96787b3c52893b3e7d2d44e268261dbb4049f83b24861af4a0c8519ee60ba05,mb_qe17_direct_r3_s42_30812497,Sb2Te3Cr_1-7_qe_r3,50,3,49,False,-133597.2109098498,-133597.21090984164,8.149072527885437e-09,0.5339199420025025,0.483157,True,/Users/alina/Project/26MIgrationBench/cluster/mb_qe17_direct_r2_s42_30791829/neb.out,0.2703838874718471,0.5308622801535732,14,7.360237187451301e-08,1.273724611408622e-07
10b3f8d2ef4f501afcc9b47c68a6622e54d8297209529e2b2110a35ddffd7fc7,cd8f69da14868a8776822030f2c712357f2119f1aa27fc31eb1065e18d8b52fd,c0292a04ed9e0d1237c039c049c2c26ec0d0345b09714f6657a4936527ed31c3,mb_qe17_direct_r3_s42_30812497,Sb2Te3Cr_1-7_qe_r3,50,4,49,False,-133597.4369590531,-133597.4369590395,1.359148882329464e-08,0.2857007517113681,0.390676,True,/Users/alina/Project/26MIgrationBench/cluster/mb_qe17_direct_r2_s42_30791829/neb.out,0.40680695646199583,0.7987105685513028,14,7.44713268921309e-08,1.2819521421855197e-07
ce19cc018b611d1f488b9074f29fd1f79ed157fc651e20a7b12ed936d0eb0658,4e34e71dd6c34ce718185a7df307ea1a1fa0c41ca10e11e27f6cb68eb9fb3fa2,489d371cccf2d6ee4d439513d8661169dcdbc245c31bf14bea626b3cc0ddc86e,mb_qe17_direct_r3_s42_30812497,Sb2Te3Cr_1-7_qe_r3,50,5,0,True,-133596.88187561775,-133596.88187555244,6.530899554491043e-08,0.2263000343221766,0.494142,True,/Users/alina/Project/26MIgrationBench/cluster/mb_qe17_direct_r2_s42_30791829/neb.out,0.5093296276270142,1.0,30,6.30085850981224e-08,1.256241108429923e-07
b0243c74dcefab8a43d60564c858ee1d3b41c8b8938129fa0d0cbc4d7940aad6,8ca417d07935beb347839d8d1ea4d11bd360fbcebc9c16d7158701f90be09d89,d73c7fe4f4acdf0f98cc89ae74cd8d4f7cb56e554abc0ebb99ff5ca052fa1bf7,mb_qe17_direct_r3_s42_30812497,Sb2Te3Cr_1-7_qe_r3,51,1,0,True,-133597.43980903763,-133597.43980900772,2.991873770952225e-08,0.23376266186467842,0.233763,True,/Users/alina/Project/26MIgrationBench/cluster/mb_qe17_direct_r2_s42_30791829/neb.out,0.0,0.0,31,6.958300857780802e-08,1.2588122119683298e-07
e7722b9f93aebe1a1ec550779c1695516dfe592ec7cd158702743f793b45b137,31a17c2579c9271842f6409e0d5a30e4c4d1538465c7a37d762379e2827496a5,b72bdd751b7b530d190b239fc86704f4c3fbfba9e80cefaa848c9200cf07e40a,mb_qe17_direct_r3_s42_30812497,Sb2Te3Cr_1-7_qe_r3,51,2,50,False,-133597.30502695986,-133597.30502699796,3.809691406786442e-08,0.9476790656546048,0.292101,True,/Users/alina/Project/26MIgrationBench/cluster/mb_qe17_direct_r2_s42_30791829/neb.out,0.1572375648867836,0.3081071788876868,11,7.333928220924764e-08,1.2834948041884342e-07
192d98ba9789a9cfc50f561d021664e7204ba3d63fdeed21e12b174e3575f36e,2cd275648202095b83d1eddfba2ab96580204417ef0072993fc61b393d5d4e4f,e1bd94a2eb941b5f5fdbd73ec679691ba38fca13b9e9a53b60c37a532b1b2a64,mb_qe17_direct_r3_s42_30812497,Sb2Te3Cr_1-7_qe_r3,51,3,50,False,-133597.2121232055,-133597.21212316197,4.353933036327362e-08,0.5348297329444324,0.484391,True,/Users/alina/Project/26MIgrationBench/cluster/mb_qe17_direct_r2_s42_30791829/neb.out,0.27125298932860076,0.5315205267078758,13,7.05013085889367e-08,1.2773241560987136e-07
1a5e66247e53524d67ed3b77a37dce9e4fab956412d232dc506782f01aa54f83,b2f50065f05c0ebeafeeeb7c7c9bd537a0f0e0bdc1b6d83d722b36d571bd6f8b,c0c1d315620d0b28740837aefc5048c057951df4ac5567ba6cd6de28ae957dd6,mb_qe17_direct_r3_s42_30812497,Sb2Te3Cr_1-7_qe_r3,51,4,50,False,-133597.43666108843,-133597.43666108843,0.0,0.2655228057924089,0.40254,True,/Users/alina/Project/26MIgrationBench/cluster/mb_qe17_direct_r2_s42_30791829/neb.out,0.4083748470221882,0.8002109555391174,11,7.054258180760859e-08,1.2768099354187878e-07
edb4a84e8034da18e3baa2444809d45927f606aa53f94003230b38083a6ba261,4682bc332e3e4299d8756cd7790b553453b370bb55230f0635b750002934970e,489d371cccf2d6ee4d439513d8661169dcdbc245c31bf14bea626b3cc0ddc86e,mb_qe17_direct_r3_s42_30812497,Sb2Te3Cr_1-7_qe_r3,51,5,0,True,-133596.88187561775,-133596.88187555244,6.530899554491043e-08,0.2263000343221766,0.494181,True,/Users/alina/Project/26MIgrationBench/cluster/mb_qe17_direct_r2_s42_30791829/neb.out,0.5103339865511567,1.0,30,6.30085850981224e-08,1.256241108429923e-07
95b7167ec01c3eb3f969cc81ce6044cd52b5f87e9ed3a361b9ec4896e044b4f8,4029866ce93c943dcb210e3ed3b5b89c1c3b4001b9feb58ad410643f864dafd4,d73c7fe4f4acdf0f98cc89ae74cd8d4f7cb56e554abc0ebb99ff5ca052fa1bf7,mb_qe17_direct_r3_s42_30812497,Sb2Te3Cr_1-7_qe_r3,52,1,0,True,-133597.43980903763,-133597.43980900772,2.991873770952225e-08,0.23376266186467842,0.233763,True,/Users/alina/Project/26MIgrationBench/cluster/mb_qe17_direct_r2_s42_30791829/neb.out,0.0,0.0,31,6.958300857780802e-08,1.2588122119683298e-07
ce0f59c7112bd736a6b9f8fbfa1db2a7cde9028138e38bba604badc03c6ab092,f964803e8b904f0d532f16db67e3a967dc2af57b4b78e96ebc54e118cbb1e150,06a3fe07872a723bc92387d1c560d7c8fc563de99f4806a386da37fba38f3679,mb_qe17_direct_r3_s42_30812497,Sb2Te3Cr_1-7_qe_r3,52,2,51,False,-133597.30841042363,-133597.30841047532,5.168840289115906e-08,0.9480417142875986,0.297486,True,/Users/alina/Project/26MIgrationBench/cluster/mb_qe17_direct_r2_s42_30791829/neb.out,0.1573319571141937,0.306261679244552,17,7.513248648286763e-08,1.2824663628285826e-07
0a8936cf917d373ed181ca9a30fbaf13bddfb02a6db9d7af2c2af8acb02a3aed,07c01f6a653e72e91b27661a4a4760acd0ccf9e4abd4f6ec1d21f9fda4cf0fca,f61a9b7b44b815af5e8ef076498436746b1129ba5db4fc537519df7bb4e64402,mb_qe17_direct_r3_s42_30812497,Sb2Te3Cr_1-7_qe_r3,52,3,51,False,-133597.217881543,-133597.21788157022,2.7212081477046013e-08,0.542552853940091,0.486572,True,/Users/alina/Project/26MIgrationBench/cluster/mb_qe17_direct_r2_s42_30791829/neb.out,0.2741031838849805,0.533568023449694,16,7.374602663533697e-08,1.2824663628594824e-07
59f4ccef5135b01f2155235d469a467d1d13f35932d54c83b1493c88835f68ac,d8cb0a78ca0b25455ec58dcffa9b606fea3143c18964d07afe9e9b08681f7ac9,9e4c21a01f8c53f2b20f3b4972bb05a9ff1440d5f48d7da60e7a4a280173fea9,mb_qe17_direct_r3_s42_30812497,Sb2Te3Cr_1-7_qe_r3,52,4,51,False,-133597.43546882155,-133597.43546877528,4.627509042620659e-08,0.28794150911595184,0.391163,True,/Users/alina/Project/26MIgrationBench/cluster/mb_qe17_direct_r2_s42_30791829/neb.out,0.4135429390619638,0.8050008229727826,21,6.935947149778748e-08,1.2768099354372193e-07
399f6487b2be7f424683936da3a08dac34c80e16317de46804c7f6ea78654b7e,bd9e71f0f332cfdaed102194eaeee26415a572cf54753ccd52a36a67395aba7e,489d371cccf2d6ee4d439513d8661169dcdbc245c31bf14bea626b3cc0ddc86e,mb_qe17_direct_r3_s42_30812497,Sb2Te3Cr_1-7_qe_r3,52,5,0,True,-133596.88187561775,-133596.88187555244,6.530899554491043e-08,0.2263000343221766,0.494079,True,/Users/alina/Project/26MIgrationBench/cluster/mb_qe17_direct_r2_s42_30791829/neb.out,0.5137174115360449,1.0,30,6.30085850981224e-08,1.256241108429923e-07
0a62ecda2568b592821ccabb198015dbcccae6f43f78406a1bb0218c64ca495d,8eb7856cd266d58136aaf275e7e974b7720aa3f9e65b004030f45cd286dc600c,d73c7fe4f4acdf0f98cc89ae74cd8d4f7cb56e554abc0ebb99ff5ca052fa1bf7,mb_qe17_direct_r3_s42_30812497,Sb2Te3Cr_1-7_qe_r3,53,1,0,True,-133597.43980903763,-133597.43980900772,2.991873770952225e-08,0.23376266186467842,0.233763,True,/Users/alina/Project/26MIgrationBench/cluster/mb_qe17_direct_r2_s42_30791829/neb.out,0.0,0.0,31,6.958300857780802e-08,1.2588122119683298e-07
bc6adaf06830b368943a7f6bd78e5edbc6c7a4c8c629c051e6b6c7273311ecc8,eee30053d92759687c437fd66fb1667581f8b50216982bc0c873c44a018da3a8,615ecf0cbc680528deb1a5ff5c59be50abe9f0db6448da5d94fd6da94061004b,mb_qe17_direct_r3_s42_30812497,Sb2Te3Cr_1-7_qe_r3,53,2,52,False,-133597.31948328094,-133597.31948322922,5.171750672161579e-08,0.9522017817671375,0.327805,True,/Users/alina/Project/26MIgrationBench/cluster/mb_qe17_direct_r2_s42_30791829/neb.out,0.15747711833543127,0.3035592788701993,21,7.515744725058458e-08,1.2855516869070532e-07
b2c9c1e56b58ba16f3f97b58ca87bf7671734c95c44d95df9e72ea8e18d716a9,a0fe93b4fe272317acc23cef8931da5df3eb508de7a6d9333ff9e8c2eaf2a120,ba2be6aec1114f64e167f1b56a4f62a6d3069282bc66d13f21b4805853a0f949,mb_qe17_direct_r3_s42_30812497,Sb2Te3Cr_1-7_qe_r3,53,3,52,False,-133597.23684937585,-133597.23684940307,2.7212081477046013e-08,0.5630148297152584,0.495566,True,/Users/alina/Project/26MIgrationBench/cluster/mb_qe17_direct_r2_s42_30791829/neb.out,0.27813054160489836,0.536135709960886,22,7.441665924448246e-08,1.260354873851982e-07
79d37df764723031af1234543434026ad18e0ac0f7e6b11abc490da90cb9f67e,e6f66528aa452b177b0cf7a865a7c2debeeb88c1748bbf5eee20e6d4f735b36b,b80cda0f53e2915ee50c0fc3020dda217def9c7ca1e1b1c1d8348da3001f9446,mb_qe17_direct_r3_s42_30812497,Sb2Te3Cr_1-7_qe_r3,53,4,52,False,-133597.431419087,-133597.431419155,6.801565177738667e-08,0.2918499994685204,0.393592,True,/Users/alina/Project/26MIgrationBench/cluster/mb_qe17_direct_r2_s42_30791829/neb.out,0.42095745147274866,0.8114546529351473,20,7.312940059138594e-08,1.27269617003576e-07
c15495ba594f302414602c3d4e4ad5b86937702cca466ac35a96386ffcee576f,6e87ed0423c42307529ffa3c2e2abfbbdc3055bdd69e6f52bdbad3d3fbae4765,489d371cccf2d6ee4d439513d8661169dcdbc245c31bf14bea626b3cc0ddc86e,mb_qe17_direct_r3_s42_30812497,Sb2Te3Cr_1-7_qe_r3,53,5,0,True,-133596.88187561775,-133596.88187555244,6.530899554491043e-08,0.2263000343221766,0.493613,True,/Users/alina/Project/26MIgrationBench/cluster/mb_qe17_direct_r2_s42_30791829/neb.out,0.518768916969156,1.0,30,6.30085850981224e-08,1.256241108429923e-07
dacba1316ef6ecf148e4f1ab3fc72ba8e935f74138bbe06c432f6175e4be753d,7e596deb13c412dc08dc84fdc7180834344891f5c49884568e4c1edf1e1a4cfa,d73c7fe4f4acdf0f98cc89ae74cd8d4f7cb56e554abc0ebb99ff5ca052fa1bf7,mb_qe17_direct_r3_s42_30812497,Sb2Te3Cr_1-7_qe_r3,54,1,0,True,-133597.43980903763,-133597.43980900772,2.991873770952225e-08,0.23376266186467842,0.233763,True,/Users/alina/Project/26MIgrationBench/cluster/mb_qe17_direct_r2_s42_30791829/neb.out,0.0,0.0,31,6.958300857780802e-08,1.2588122119683298e-07
79e53bc115e83cfec1a7985c54d5af1b5808e2292b590332b7a60088694fd3f6,7356aa5f464a6615d5b0ce103c4b6a743e11b72ea7af4a77c4a67b4f21e57a32,ac7a182ceb8f73515d61f6bc50c2e35cb35404fa85c88dd2dddf3d9833a492db,mb_qe17_direct_r3_s42_30812497,Sb2Te3Cr_1-7_qe_r3,54,2,53,False,-133597.33497172984,-133597.33497172984,0.0,0.9571555726858711,0.380453,True,/Users/alina/Project/26MIgrationBench/cluster/mb_qe17_direct_r2_s42_30791829/neb.out,0.15776564163777515,0.2990368867394254,21,7.169649638477878e-08,1.2778383767786394e-07
6cc13c3fa65d2bc49c9df5c8f4044e65d5419f4dd6febc3162dcb8c489ab4028,aec41dee86b14c702f84632766ab6cd52ff83432cda1b6e6c357592ddd504fb6,67ee9c62c943ba2c4ce59b8bfdd63d94553752c8941b48e13a6f408fd8d057c1,mb_qe17_direct_r3_s42_30812497,Sb2Te3Cr_1-7_qe_r3,54,3,53,False,-133597.26391626964,-133597.26391623155,3.809691406786442e-08,0.5884910491844788,0.515319,True,/Users/alina/Project/26MIgrationBench/cluster/mb_qe17_direct_r2_s42_30791829/neb.out,0.28461998358546126,0.5394829502271277,23,7.784494877022302e-08,1.2798952594875006e-07
d155ca9b0b66e7f0a1a7927d6ef139833927e67ef13b9e8a02a93b9cc046c99d,2fbfe4591814a32221fa322049ac40dad044f08f71f267b4adc852488db018ed,15acda1df8a827eabb336a56a8365222141f3d47d682f3e5e274a60b860debb8,mb_qe17_direct_r3_s42_30812497,Sb2Te3Cr_1-7_qe_r3,54,4,53,False,-133597.42574905042,-133597.4257491103,5.986657924950123e-08,0.2980315832552866,0.390934,True,/Users/alina/Project/26MIgrationBench/cluster/mb_qe17_direct_r2_s42_30791829/neb.out,0.4331771329105476,0.8210656001367574,22,7.330478980407583e-08,1.2644686392393467e-07
3fbaf62ffe01f4b81a4503a7208866b3122bb1adda8638487447516608d065e6,2ce7dcfd5484718a85a33d40223545c36082bea91c08919df5debaa5f5b7d9c5,489d371cccf2d6ee4d439513d8661169dcdbc245c31bf14bea626b3cc0ddc86e,mb_qe17_direct_r3_s42_30812497,Sb2Te3Cr_1-7_qe_r3,54,5,0,True,-133596.88187561775,-133596.88187555244,6.530899554491043e-08,0.2263000343221766,0.492751,True,/Users/alina/Project/26MIgrationBench/cluster/mb_qe17_direct_r2_s42_30791829/neb.out,0.5275792005393932,1.0,30,6.30085850981224e-08,1.256241108429923e-07
b09074dea11308aee73963e611facf8270e30953576007e319561354f874c384,aa5b42b7095362680b843fd04b8b09f050c9a8b54f0837f831b20c59f12dd7d8,d73c7fe4f4acdf0f98cc89ae74cd8d4f7cb56e554abc0ebb99ff5ca052fa1bf7,mb_qe17_direct_r3_s42_30812497,Sb2Te3Cr_1-7_qe_r3,55,1,0,True,-133597.43980903763,-133597.43980900772,2.991873770952225e-08,0.23376266186467842,0.233763,True,/Users/alina/Project/26MIgrationBench/cluster/mb_qe17_direct_r2_s42_30791829/neb.out,0.0,0.0,31,6.958300857780802e-08,1.2588122119683298e-07
9643ccbc48b9625d16bdcde9f5cf39e7d596dae130e9597459972943bbffe2b2,8bfd9edf492fa6b3bb115db2d52ddf231d4f08d311971347caed7fd582f3908d,5714d642b14d452bdfbcb72bbeebd47129657ecdd1a404d12db97f45ad5e4331,mb_qe17_direct_r3_s42_30812497,Sb2Te3Cr_1-7_qe_r3,55,2,54,False,-133597.35940143216,-133597.35940140765,2.450542524456978e-08,0.9642147215798459,0.468344,True,/Users/alina/Project/26MIgrationBench/cluster/mb_qe17_direct_r2_s42_30791829/neb.out,0.15781837288291944,0.29804250856774295,23,7.739315214091169e-08,1.2747530526990847e-07
24dbc89eb251cdc5ada4a705be15c60cf083dd6370d1639b907631f7690681f8,87b1bb32a5bb024250f3961c61e936bd702201e8803a1eb7ad4efe7ab9e20230,6a5cfbdce4ef797a3082656ea0d82cada6574c070c67632c3784cf1348c88b2d,mb_qe17_direct_r3_s42_30812497,Sb2Te3Cr_1-7_qe_r3,55,3,54,False,-133597.30762183765,-133597.3076217941,4.353933036327362e-08,0.6175323693371669,0.563667,True,/Users/alina/Project/26MIgrationBench/cluster/mb_qe17_direct_r2_s42_30791829/neb.out,0.28600388013153444,0.5401228788345731,24,7.439939453608197e-08,1.276809935436135e-07
75393decff3e711d621a4085bc9c4006471935b2842a872db83530ac39408974,c1986f4318b3a14702510d695ca511a1689ccb1a338cdf88ab20df0d9562c783,9a508ed04aaf80e26c56053c9f5eea057c3457b2ed4f53438d6f6e377ebcce7e,mb_qe17_direct_r3_s42_30812497,Sb2Te3Cr_1-7_qe_r3,55,4,54,False,-133597.41671187693,-133597.4167119341,5.7159923017024994e-08,0.3039209799415637,0.359045,True,/Users/alina/Project/26MIgrationBench/cluster/mb_qe17_direct_r2_s42_30791829/neb.out,0.43578568272417817,0.8229881965224448,24,7.592911954033117e-08,1.2824663628285826e-07
d2c39d0afab6616a8ea5a3eee6b9e1f82d3d63015f1820b754eef1f00e372d6c,a10c464482c201e6a000edacd19eb4db5eb25edfe9f1d629b965749ddecb2295,489d371cccf2d6ee4d439513d8661169dcdbc245c31bf14bea626b3cc0ddc86e,mb_qe17_direct_r3_s42_30812497,Sb2Te3Cr_1-7_qe_r3,55,5,0,True,-133596.88187561775,-133596.88187555244,6.530899554491043e-08,0.2263000343221766,0.491126,True,/Users/alina/Project/26MIgrationBench/cluster/mb_qe17_direct_r2_s42_30791829/neb.out,0.5295163218204105,1.0,30,6.30085850981224e-08,1.256241108429923e-07
11176b6d60886db323f31a9d6f9bf57e53121a1908ccaa4d70360caf71b77528,6991cef61ee1e26a6ab1012f36191846b9d04c071df6edcff286d89260fe0722,d73c7fe4f4acdf0f98cc89ae74cd8d4f7cb56e554abc0ebb99ff5ca052fa1bf7,mb_qe17_direct_r3_s42_30812497,Sb2Te3Cr_1-7_qe_r3,56,1,0,True,-133597.43980903763,-133597.43980900772,2.991873770952225e-08,0.23376266186467842,0.233763,True,/Users/alina/Project/26MIgrationBench/cluster/mb_qe17_direct_r2_s42_30791829/neb.out,0.0,0.0,31,6.958300857780802e-08,1.2588122119683298e-07
b73558166fe38f288f553973f42102ddd3dfa702860d5680c812b24ef62041a8,6e97adfa3d3b7479b7daf2ed342effad2fe615169a6880b7fc45a3f717132955,5dea9123715db0393fee78e1f6b261494cbbe229816691657c1a19ee4cb10e03,mb_qe17_direct_r3_s42_30812497,Sb2Te3Cr_1-7_qe_r3,56,2,55,False,-133597.36466574692,-133597.36466570612,4.080357030034065e-08,0.9653818569837067,0.482573,True,/Users/alina/Project/26MIgrationBench/cluster/mb_qe17_direct_r2_s42_30791829/neb.out,0.15781612036271112,0.297717764482931,19,7.415605919121026e-08,1.262925977219085e-07
06397d4b2b67767c18ad00e63d1eea7814cc5b7e5c4eea3443e28c018bcb83f4,d650889de8d59b61a887e47ef7c2fe92559377cc137f991500bdad8b025f6962,6af87a4a4c4d88e729b5cdf0648fed38bade4ecd326c7acdd849ad56d594c6a9,mb_qe17_direct_r3_s42_30812497,Sb2Te3Cr_1-7_qe_r3,56,3,55,False,-133597.31686636189,-133597.3168663129,4.898174665868282e-08,0.6220890730726378,0.575157,True,/Users/alina/Project/26MIgrationBench/cluster/mb_qe17_direct_r2_s42_30791829/neb.out,0.2864423692343039,0.5403692704245505,20,7.448560667499002e-08,1.2757814940936307e-07
05628e6a28bad0bf37a539d83c434409753530cf7ef39900653c634b3c5884b6,27a3d1f33f746d07bcaa533b2c89b4b2cf113137c4560bab4ebfb92df89fbe80,68009d8460515dc18613f66e1a5552ece539d6f34a2d5d59b6de23e817d6a771,mb_qe17_direct_r3_s42_30812497,Sb2Te3Cr_1-7_qe_r3,56,4,55,False,-133597.41470966316,-133597.41470963322,2.994784153997898e-08,0.30625124489888617,0.343546,True,/Users/alina/Project/26MIgrationBench/cluster/mb_qe17_direct_r2_s42_30791829/neb.out,0.43657337852145983,0.8235891871340172,21,7.083358587056049e-08,1.2829805835085084e-07
b7ca48e176a30e404813100d1783f94ccc52c746463840a90599380e46c0072b,e6a4363c4eb5b081900a8fc4e87bc294edf9ed4f5a21065ddecf540973f2af3e,489d371cccf2d6ee4d439513d8661169dcdbc245c31bf14bea626b3cc0ddc86e,mb_qe17_direct_r3_s42_30812497,Sb2Te3Cr_1-7_qe_r3,56,5,0,True,-133596.88187561775,-133596.88187555244,6.530899554491043e-08,0.2263000343221766,0.490532,True,/Users/alina/Project/26MIgrationBench/cluster/mb_qe17_direct_r2_s42_30791829/neb.out,0.5300863407892449,1.0,30,6.30085850981224e-08,1.256241108429923e-07
064a3071163bf266a4f7be65a0312dffc4240561283131c916b4b762007662c7,27fa962b79e326d6e3485963d1ccada3d0b3c1635a2136cb59686f0a55a1ac2f,d73c7fe4f4acdf0f98cc89ae74cd8d4f7cb56e554abc0ebb99ff5ca052fa1bf7,mb_qe17_direct_r3_s42_30812497,Sb2Te3Cr_1-7_qe_r3,57,1,0,True,-133597.43980903763,-133597.43980900772,2.991873770952225e-08,0.23376266186467842,0.233763,True,/Users/alina/Project/26MIgrationBench/cluster/mb_qe17_direct_r2_s42_30791829/neb.out,0.0,0.0,31,6.958300857780802e-08,1.2588122119683298e-07
d07939fe41557f0c18739c12b999cddbda500aef28b717c6dcfb62f42cd4d139,19c98aa747d8f6351bb89e7122b09481b69bc5d4ab9a05dad2fef8384fc4ee1f,54846db7004ef090db91dbb14f36e3186d8cd552c0016aac996ab4070c7adead,mb_qe17_direct_r3_s42_30812497,Sb2Te3Cr_1-7_qe_r3,57,2,56,False,-133597.3664633311,-133597.3664633828,5.168840289115906e-08,0.9657805127173223,0.485181,True,/Users/alina/Project/26MIgrationBench/cluster/mb_qe17_direct_r2_s42_30791829/neb.out,0.15779571963076017,0.2974630072356648,14,7.571319459785323e-08,1.282980583994231e-07
3d6f11e392a4b8772889d7f8345fca843d61f6a9cc9c69970efb278ec63e5a3e,bb8fe4d444661e2566dba3ac1084e8135c8d0dfc3c09d6426e0761ccfd6b094a,2cadf0b668b351b1d16d4029091b5f9653a0c6ed9cadeab8afeeb57399341321,mb_qe17_direct_r3_s42_30812497,Sb2Te3Cr_1-7_qe_r3,57,3,56,False,-133597.31977444276,-133597.31977446997,2.7212081477046013e-08,0.6239124973211376,0.577547,True,/Users/alina/Project/26MIgrationBench/cluster/mb_qe17_direct_r2_s42_30791829/neb.out,0.28677558870611264,0.5406048352763386,16,7.515758990102356e-08,1.282980583543203e-07
ea0da2a0bc150bd898f7b259b3bb1e2e9793db0d1f747d2ca8f0e6fd6e8db3e9,99d1a8db4f1778e58fa2051c6f6538923d304d25d1bc01f5f39b1449f377ba17,736a172746714458cc1c629e88395fb0bc8677b1935f1c8d81c5d14ae0f0d929,mb_qe17_direct_r3_s42_30812497,Sb2Te3Cr_1-7_qe_r3,57,4,56,False,-133597.41402366408,-133597.41402362328,4.080357030034065e-08,0.30746844606081697,0.337556,True,/Users/alina/Project/26MIgrationBench/cluster/mb_qe17_direct_r2_s42_30791829/neb.out,0.4371321984701309,0.8240442682522224,17,7.718730612937827e-08,1.2829805835085084e-07
cb36b2135e6b2df4be0ea9df8ae1e173cd5daccb1b8a3469582c52c9a01a54d5,edcd73604468386e1950fddb6fd4543d7ef8b91f0c7b224e1d172f202756c60c,489d371cccf2d6ee4d439513d8661169dcdbc245c31bf14bea626b3cc0ddc86e,mb_qe17_direct_r3_s42_30812497,Sb2Te3Cr_1-7_qe_r3,57,5,0,True,-133596.88187561775,-133596.88187555244,6.530899554491043e-08,0.2263000343221766,0.490097,True,/Users/alina/Project/26MIgrationBench/cluster/mb_qe17_direct_r2_s42_30791829/neb.out,0.5304717420063821,1.0,30,6.30085850981224e-08,1.256241108429923e-07
e90b435c4e8e1b93aba3294754a9781a94a2f6f2f966068e07ac75afe95187c2,b16e50db9329b7b94852115200220278b5e60cdc11c733c6a277a8c3835f707d,d73c7fe4f4acdf0f98cc89ae74cd8d4f7cb56e554abc0ebb99ff5ca052fa1bf7,mb_qe17_direct_r3_s42_30812497,Sb2Te3Cr_1-7_qe_r3,58,1,0,True,-133597.43980903763,-133597.43980900772,2.991873770952225e-08,0.23376266186467842,0.233763,True,/Users/alina/Project/26MIgrationBench/cluster/mb_qe17_direct_r2_s42_30791829/neb.out,0.0,0.0,31,6.958300857780802e-08,1.2588122119683298e-07
5d040b55eab6167d2ca23ec7ea4d1f0e5e44764b0b3f6d6804caaa51ee381d6e,af619d693f3f662b84f0d7ff50f58fed2e6251e4da8bfa231fa76ff4ea08aae6,7dd0c570c664af70e4b1b5a139af203f64f871ba98f8e1ac7f17bdda292a09f4,mb_qe17_direct_r3_s42_30812497,Sb2Te3Cr_1-7_qe_r3,58,2,57,False,-133597.36796281455,-133597.36796276827,4.627509042620659e-08,0.966236883363048,0.485942,True,/Users/alina/Project/26MIgrationBench/cluster/mb_qe17_direct_r2_s42_30791829/neb.out,0.15776340138893713,0.2972772706197033,13,7.32098918155967e-08,1.2850374662336326e-07
8c5af5acdf6cda0357420201db58b21c79abf04baf669024cc186fa7e818e5e2,c758b17b19edcb6cf5c1a9e493cf4f3d5a28eccc3a60d173e1d097b027ca40c6,9d4dba39295af3fcd7dc78576e0bb35d8fee6383a6d7d4c8d919a41a150d2e8b,mb_qe17_direct_r3_s42_30812497,Sb2Te3Cr_1-7_qe_r3,58,3,57,False,-133597.32196196608,-133597.32196196608,0.0,0.625113496786823,0.579013,True,/Users/alina/Project/26MIgrationBench/cluster/mb_qe17_direct_r2_s42_30791829/neb.out,0.287009147612719,0.540818055987855,16,7.103765047512129e-08,1.2654970805905247e-07
93d874c1a563cffdc87cd45c38f4d9c893b5cdc4b325ba34c043c7260b9ad677,885d84728e0465d635539e42065816649e00ed88b9539be914c11e95219a269b,f45679fb5911183f38d7f5364082112dea3e308e6bebac7f1f2af1e4ff64f402,mb_qe17_direct_r3_s42_30812497,Sb2Te3Cr_1-7_qe_r3,58,4,57,False,-133597.41344093226,-133597.4134408642,6.80447556078434e-08,0.3063586896233912,0.333728,True,/Users/alina/Project/26MIgrationBench/cluster/mb_qe17_direct_r2_s42_30791829/neb.out,0.4374850245550871,0.8243632736854137,14,7.312906242141017e-08,1.2845232455482858e-07
ee01c82f9c18ec7e442da406a6528f8a44d8b99639049e79e759f27b7d5ede74,a47a7ca14343d1fc8d197864a8d22697b8d7eda75a9c8d31dd82a98ff0eb905d,489d371cccf2d6ee4d439513d8661169dcdbc245c31bf14bea626b3cc0ddc86e,mb_qe17_direct_r3_s42_30812497,Sb2Te3Cr_1-7_qe_r3,58,5,0,True,-133596.88187561775,-133596.88187555244,6.530899554491043e-08,0.2263000343221766,0.489528,True,/Users/alina/Project/26MIgrationBench/cluster/mb_qe17_direct_r2_s42_30791829/neb.out,0.5306944626478305,1.0,30,6.30085850981224e-08,1.256241108429923e-07
d77b14fd6825c6892b5e8254a7ad17d51710f87ccf854e66803868ccff072c4e,65208dd3debbe9ad87ab47ff959fba9f509c99955ae281c3f9331e9d8c3be7af,d73c7fe4f4acdf0f98cc89ae74cd8d4f7cb56e554abc0ebb99ff5ca052fa1bf7,mb_qe17_direct_r3_s42_30812497,Sb2Te3Cr_1-7_qe_r3,59,1,0,True,-133597.43980903763,-133597.43980900772,2.991873770952225e-08,0.23376266186467842,0.233763,True,/Users/alina/Project/26MIgrationBench/cluster/mb_qe17_direct_r2_s42_30791829/neb.out,0.0,0.0,31,6.958300857780802e-08,1.2588122119683298e-07
f24ce0c048cab76eced1ec47e5560aff65487b674a7b4d784bd567f89f7057d1,981b63ad9c00dd3149db95612ad19940f31ad320610f1c13482f7170719cbe1f,e67ff3066bcf46a2e6d4b8291a267528c69064914616682afc032affbe44a7df,mb_qe17_direct_r3_s42_30812497,Sb2Te3Cr_1-7_qe_r3,59,2,58,False,-133597.36912909456,-133597.36912910274,8.17817635834217e-09,0.9688651031975524,0.492725,True,/Users/alina/Project/26MIgrationBench/cluster/mb_qe17_direct_r2_s42_30791829/neb.out,0.1575915867121214,0.29639186421423397,11,7.385448186476441e-08,1.2809237008234997e-07
5d90839a3fab0cd9a5c1a1fa1413e14d706bccd4fb44c53d0475268fa52e66ca,e201e0de44c4a545046144908175c30363f3c52afbc579f9ee261909eeca955b,8bd14466d656e5abd04ccbe7edcff79e2308afb25434a69c9b37d4fc1e8c081b,mb_qe17_direct_r3_s42_30812497,Sb2Te3Cr_1-7_qe_r3,59,3,58,False,-133597.3234678442,-133597.32346780066,4.353933036327362e-08,0.6253640740283892,0.579383,True,/Users/alina/Project/26MIgrationBench/cluster/mb_qe17_direct_r2_s42_30791829/neb.out,0.28809967459281294,0.5418461823603815,13,7.304889247694915e-08,1.2809237008365101e-07
fac08c2b4f59eb4a7379b3e8ea55ab581d14e1fbb794801a0c1484d2e5b8888f,3314f284bac9e62d15b330bf72e51d4d630b8396e809d6d030710afc551cc8da,20e5a4ff1b5e85bdad0e95ac1f0fe4026b3b736abeb97f60f8ecdcc8da59896c,mb_qe17_direct_r3_s42_30812497,Sb2Te3Cr_1-7_qe_r3,59,4,58,False,-133597.41298228432,-133597.41298222446,5.986657924950123e-08,0.3059660762555969,0.330857,True,/Users/alina/Project/26MIgrationBench/cluster/mb_qe17_direct_r2_s42_30791829/neb.out,0.439105787816357,0.8258523551507552,12,7.399037741752851e-08,1.2798952594983426e-07
a09a8c94931993e12ec0c08c1d13cf31c7b55536fc0792d6b9c9b9fcb3f6f540,988b0dbbe696b7fca04ebea532f24c23e4bf0913c3019aac6b8c2a07a5cd9bb7,489d371cccf2d6ee4d439513d8661169dcdbc245c31bf14bea626b3cc0ddc86e,mb_qe17_direct_r3_s42_30812497,Sb2Te3Cr_1-7_qe_r3,59,5,0,True,-133596.88187561775,-133596.88187555244,6.530899554491043e-08,0.2263000343221766,0.488896,True,/Users/alina/Project/26MIgrationBench/cluster/mb_qe17_direct_r2_s42_30791829/neb.out,0.5317001096838919,1.0,30,6.30085850981224e-08,1.256241108429923e-07
72450b8520a20fe5dbff4d7e6fa250b1f3b87a0a82bf186b443242b63a3a3279,8e9c67e982429ebb834ad4871dac80192fe1f8539776a37ee038b31d8ed7f291,d73c7fe4f4acdf0f98cc89ae74cd8d4f7cb56e554abc0ebb99ff5ca052fa1bf7,mb_qe17_direct_r3_s42_30812497,Sb2Te3Cr_1-7_qe_r3,60,1,0,True,-133597.43980903763,-133597.43980900772,2.991873770952225e-08,0.23376266186467842,0.233763,True,/Users/alina/Project/26MIgrationBench/cluster/mb_qe17_direct_r2_s42_30791829/neb.out,0.0,0.0,31,6.958300857780802e-08,1.2588122119683298e-07
79d21711096c48547d0a7a2aebbc83273cdbe689556e14e924a4826f213a551c,3ac81505373c724bcdb97d06b23d47141116d8652f49d2b1e131b1d430da87a9,f618ee7d5a9184d6ae613ec4de931c0971d516802f23da2a8dbc082b8d5cbe6c,mb_qe17_direct_r3_s42_30812497,Sb2Te3Cr_1-7_qe_r3,60,2,59,False,-133597.37473518433,-133597.3747351299,5.4424162954092026e-08,0.9684964374553275,0.478547,True,/Users/alina/Project/26MIgrationBench/cluster/mb_qe17_direct_r2_s42_30791829/neb.out,0.15697135266257103,0.2931050583123144,19,7.537437716265119e-08,1.2742388322273257e-07
3d54cc72d84163a5d52c98935863bb83ea03d88b6c60ff08f981fd9df74d31b5,06803fb3261c33a55b1cb5ecb72800b280bf60768f47acff4cd19f6b820401f3,ded43ce52864e21ec82bea7bd07ccc18d30fc00c6a1da9ff51ee30257d18e874,mb_qe17_direct_r3_s42_30812497,Sb2Te3Cr_1-7_qe_r3,60,3,59,False,-133597.33057545827,-133597.33057551814,5.986657924950123e-08,0.6295353880747537,0.579182,True,/Users/alina/Project/26MIgrationBench/cluster/mb_qe17_direct_r2_s42_30791829/neb.out,0.2921558994026652,0.545528661620073,19,6.980902418603224e-08,1.2845232455569594e-07
7acda831bda3573fc48f5bfb1ce7f572844668b8cf7e65563ea7561080fcb24e,4f1a248f4e0b69f37b1d7f551cbf47bf123ce671349d2b5f5ccf20e2757c0071,122fa21fb5f10b80b52b6e881d511e233d463b0d0eeacc5f332464bd90942dc8,mb_qe17_direct_r3_s42_30812497,Sb2Te3Cr_1-7_qe_r3,60,4,59,False,-133597.4107701347,-133597.4107701619,2.718297764658928e-08,0.30865133549938606,0.314926,True,/Users/alina/Project/26MIgrationBench/cluster/mb_qe17_direct_r2_s42_30791829/neb.out,0.44518379536780694,0.8312702928761351,19,7.481477754405128e-08,1.2824663628589403e-07
63a89c8a91b8fd089f1ac50c1ff42a702b195fd633fc196071040cbd8f0b377d,3c4f01d14b2b2aed193b70a4d0a3fbdc9d05be33e427dc53cb87397cd8e69b6d,489d371cccf2d6ee4d439513d8661169dcdbc245c31bf14bea626b3cc0ddc86e,mb_qe17_direct_r3_s42_30812497,Sb2Te3Cr_1-7_qe_r3,60,5,0,True,-133596.88187561775,-133596.88187555244,6.530899554491043e-08,0.2263000343221766,0.48573,True,/Users/alina/Project/26MIgrationBench/cluster/mb_qe17_direct_r2_s42_30791829/neb.out,0.5355463790574101,1.0,30,6.30085850981224e-08,1.256241108429923e-07
4b4378f100e53cdc92c721a7dad50472f1edc5adc85fc608c349f70c670ed392,abffba051528e8e25603c299045a7de9f5427208f7254dfa19d13af4ad765eb8,d73c7fe4f4acdf0f98cc89ae74cd8d4f7cb56e554abc0ebb99ff5ca052fa1bf7,mb_qe17_direct_r3_s42_30812497,Sb2Te3Cr_1-7_qe_r3,61,1,0,True,-133597.43980903763,-133597.43980900772,2.991873770952225e-08,0.23376266186467842,0.233763,True,/Users/alina/Project/26MIgrationBench/cluster/mb_qe17_direct_r2_s42_30791829/neb.out,0.0,0.0,31,6.958300857780802e-08,1.2588122119683298e-07
c7352aca83e83c6fa1475b04632ca34d2f3f6a814389502fb73cf3a3682485c5,485a1cceeaffff38a749414ea5c2115b1bcadd323e32841a9315f81fdca26c9b,342b9c4bf695270eb88f95eb8067af205967889a71f42d25b22a27831a98f21e,mb_qe17_direct_r3_s42_30812497,Sb2Te3Cr_1-7_qe_r3,61,2,60,False,-133597.39554032998,-133597.3955403327,2.735760062932968e-09,0.9723224101043998,0.447931,True,/Users/alina/Project/26MIgrationBench/cluster/mb_qe17_direct_r2_s42_30791829/neb.out,0.15620106211162774,0.28872387984858816,21,7.157878869053517e-08,1.281437921468731e-07
4f69bb7ada35112c56591770084800da0b108c59429fbbf6bc4fcc75441805f1,81b288e659f8aca46ac967663239da1d6166786e9d076663512b3b09c8a3a547,3e54371f89d5573f58f3438752358c8fac4eb30accf4ac8eaa6a3cff710b7fb9,mb_qe17_direct_r3_s42_30812497,Sb2Te3Cr_1-7_qe_r3,61,3,60,False,-133597.35705254527,-133597.3570526106,6.533809937536716e-08,0.6402764513432698,0.599956,True,/Users/alina/Project/26MIgrationBench/cluster/mb_qe17_direct_r2_s42_30791829/neb.out,0.29758105005052804,0.5500523119273304,28,7.248741707817439e-08,1.27423883194977e-07
973ec9451e02fc0db3d443af0f5546f588315a2d42cafa3530e4bc8bf89bb378,4dad413a4665c55dc2cb885bdf95b8ccbf2d329244470e8ac38126d2a6fcfdcf,a82a38c52629385278859741d6ed28bc095f9aac6d5a19e424a2a09ad5f79a12,mb_qe17_direct_r3_s42_30812497,Sb2Te3Cr_1-7_qe_r3,61,4,60,False,-133597.40239501424,-133597.40239496526,4.898174665868282e-08,0.3132153531078837,0.242948,True,/Users/alina/Project/26MIgrationBench/cluster/mb_qe17_direct_r2_s42_30791829/neb.out,0.45347547634508234,0.8382094025261584,22,7.316792058639604e-08,1.2829805835345293e-07
7e3a1b294099248a647464ac21a285f676da03bdb6335f533f06af19eba59800,2c0764750b074a58568f797e97245df1d22138367680e152e62617628a570432,489d371cccf2d6ee4d439513d8661169dcdbc245c31bf14bea626b3cc0ddc86e,mb_qe17_direct_r3_s42_30812497,Sb2Te3Cr_1-7_qe_r3,61,5,0,True,-133596.88187561775,-133596.88187555244,6.530899554491043e-08,0.2263000343221766,0.473903,True,/Users/alina/Project/26MIgrationBench/cluster/mb_qe17_direct_r2_s42_30791829/neb.out,0.5410049982479533,1.0,30,6.30085850981224e-08,1.256241108429923e-07
39616159df39ad796313dd98fe4cf56d000d2a1488a9b799f91a3b81ff92fa6f,72337c6768043e57d610c763386708689ec6045628db22d669020e72625a3053,d73c7fe4f4acdf0f98cc89ae74cd8d4f7cb56e554abc0ebb99ff5ca052fa1bf7,mb_qe17_direct_r3_s42_30812497,Sb2Te3Cr_1-7_qe_r3,62,1,0,True,-133597.43980903763,-133597.43980900772,2.991873770952225e-08,0.23376266186467842,0.233763,True,/Users/alina/Project/26MIgrationBench/cluster/mb_qe17_direct_r2_s42_30791829/neb.out,0.0,0.0,31,6.958300857780802e-08,1.2588122119683298e-07
df5847ef13fbd527c223585265bc0696e3723631ea7698a5a8e204888844dad7,21e14a3858b708f2c34545f8d7f39a3347e1fc8b4640e90ab162372105a60fc9,5612b538165a161e19eedce258010838f31270ea4be9a7b7941a741efed515f3,mb_qe17_direct_r3_s42_30812497,Sb2Te3Cr_1-7_qe_r3,62,2,61,False,-133597.4231485943,-133597.42314856165,3.2654497772455215e-08,0.9740762588904623,0.375828,True,/Users/alina/Project/26MIgrationBench/cluster/mb_qe17_direct_r2_s42_30791829/neb.out,0.15536975255620217,0.28349119066994005,21,7.367429614573368e-08,1.2829805835778973e-07
2bb1efa904e14d06f19a7e9cfb40baaa99dbfca1f5d5d8845f49051364f349c9,b53f92018d9bd6aac1b3a4bf6a7935972b225c6dbdca81ae21525fbc8a12f5c7,2e1fd502b6feca06b75e8d1a52279518e13b9832b4ebb1f655d914e733f7b009,mb_qe17_direct_r3_s42_30812497,Sb2Te3Cr_1-7_qe_r3,62,3,61,False,-133597.39256775816,-133597.39256770644,5.171750672161579e-08,0.6437771415759462,0.741163,True,/Users/alina/Project/26MIgrationBench/cluster/mb_qe17_direct_r2_s42_30791829/neb.out,0.30415094244271745,0.5549607397699908,28,7.639528213450873e-08,1.2850374662282116e-07
2e02fd96ebc8e7d4a8cad7626634a983c7d8d7517563d739471781ac8cdc70b7,bf449f14414e06a8df37394c1b0d9b88c61d6708ab67ab1413359a78f9bbe3de,02c9b33d081b4a024f89c63ca365368dcdcee002a839b85b4bd24d9c64005f80,mb_qe17_direct_r3_s42_30812497,Sb2Te3Cr_1-7_qe_r3,62,4,61,False,-133597.39103902248,-133597.3910390252,2.735760062932968e-09,0.31877307808080546,0.20945,True,/Users/alina/Project/26MIgrationBench/cluster/mb_qe17_direct_r2_s42_30791829/neb.out,0.46370433881414885,0.8460855022710326,22,7.259593360942463e-08,1.276809935436135e-07
ff4af640909de69b48eb29d0e79b8a6efa83dddfd0d9de97b553169a66c78b5c,60d908a5a6229e889f949eaae737fc92ea6c55815a99dbd3bccc08bdb9bf5009,489d371cccf2d6ee4d439513d8661169dcdbc245c31bf14bea626b3cc0ddc86e,mb_qe17_direct_r3_s42_30812497,Sb2Te3Cr_1-7_qe_r3,62,5,0,True,-133596.88187561775,-133596.88187555244,6.530899554491043e-08,0.2263000343221766,0.458309,True,/Users/alina/Project/26MIgrationBench/cluster/mb_qe17_direct_r2_s42_30791829/neb.out,0.5480584853061424,1.0,30,6.30085850981224e-08,1.256241108429923e-07
53c8907d075235061ceb46fed5210d8db205de91c149986737b069c30493291a,a0abbc6502293f912b4dd661d14df3c2f8947274626bb22ab141a55b275785d3,d73c7fe4f4acdf0f98cc89ae74cd8d4f7cb56e554abc0ebb99ff5ca052fa1bf7,mb_qe17_direct_r3_s42_30812497,Sb2Te3Cr_1-7_qe_r3,63,1,0,True,-133597.43980903763,-133597.43980900772,2.991873770952225e-08,0.23376266186467842,0.233763,True,/Users/alina/Project/26MIgrationBench/cluster/mb_qe17_direct_r2_s42_30791829/neb.out,0.0,0.0,31,6.958300857780802e-08,1.2588122119683298e-07
1f1a89191bcdafdae20f24bbece610b4294957535d5d08b256a108eef7429ab4,028d887ff041771c0d8ab5991dfbe1df1b83f229e07659a8070307fcd80f5eb6,de4ff90d6d135a7d39b96309af8339e4062ab67d7e38cf0a1af313f07fe8486a,mb_qe17_direct_r3_s42_30812497,Sb2Te3Cr_1-7_qe_r3,63,2,62,False,-133597.45606008568,-133597.45606003125,5.4424162954092026e-08,0.9734463963022597,0.352002,True,/Users/alina/Project/26MIgrationBench/cluster/mb_qe17_direct_r2_s42_30791829/neb.out,0.1552333851848082,0.2825274765461248,25,7.360068824805708e-08,1.2855516869081374e-07
d02fbc9e6b8adc4b00d06a2401a967cb5cbe74dd6e6a48f62bc1f94ae0c0d713,6f9fbc43b5b3644b857485a9f9379ed1f25e654ff38a2c11ce7b41118d7d043b,97965f18fdddd7c80d6b9714fd9b17444b69db37a96c4b3bfee4683a5a4f3858,mb_qe17_direct_r3_s42_30812497,Sb2Te3Cr_1-7_qe_r3,63,3,62,False,-133597.43488581758,-133597.43488584482,2.7241185307502747e-08,0.6244385142739667,0.744012,True,/Users/alina/Project/26MIgrationBench/cluster/mb_qe17_direct_r2_s42_30791829/neb.out,0.30543009863758813,0.5558881224330647,28,7.119545508378934e-08,1.2618975358744122e-07
6f493db63ef327d589b96c033de29416cb7669c7c3994b45a400c222137ad240,2ac8d73452399d1d446c97de902ee986203816a0e46a240982223ab5320bb614,acc5a50a5fbc8cbbbb592c9265330637e2c178b55d8d132ad3193843be3bf734,mb_qe17_direct_r3_s42_30812497,Sb2Te3Cr_1-7_qe_r3,63,4,62,False,-133597.377363124,-133597.37736310763,1.635635271668434e-08,0.3264498241697415,0.118116,True,/Users/alina/Project/26MIgrationBench/cluster/mb_qe17_direct_r2_s42_30791829/neb.out,0.46564968899738624,0.8474905796217491,22,7.11644076505583e-08,1.278866818138491e-07
449434d28dd9e9c9c455b421fee87ea7fc7fd13f609044934d971f59c4b0a50a,afb5d7b07585a8022ca0cc36b59fd2e454e4e198160b24383d95ddcce8d00279,489d371cccf2d6ee4d439513d8661169dcdbc245c31bf14bea626b3cc0ddc86e,mb_qe17_direct_r3_s42_30812497,Sb2Te3Cr_1-7_qe_r3,63,5,0,True,-133596.88187561775,-133596.88187555244,6.530899554491043e-08,0.2263000343221766,0.440013,True,/Users/alina/Project/26MIgrationBench/cluster/mb_qe17_direct_r2_s42_30791829/neb.out,0.5494452684125579,1.0,30,6.30085850981224e-08,1.256241108429923e-07
a8867a9e1006781bf76e66e5cd8e514e50fc25a5f375692e46f5b707786a3192,147ba355ac41d9a205665f057592133ebf57d5d039346abdb1c9c6ea0f139649,d73c7fe4f4acdf0f98cc89ae74cd8d4f7cb56e554abc0ebb99ff5ca052fa1bf7,mb_qe17_direct_r3_s42_30812497,Sb2Te3Cr_1-7_qe_r3,64,1,0,True,-133597.43980903763,-133597.43980900772,2.991873770952225e-08,0.23376266186467842,0.233763,True,/Users/alina/Project/26MIgrationBench/cluster/mb_qe17_direct_r2_s42_30791829/neb.out,0.0,0.0,31,6.958300857780802e-08,1.2588122119683298e-07
947e9047a9729fb1b23560284cfd9ea5cbce9cb513e66e9e0a32b99d44c6df6a,e7ace5b3449f077bf5d6d84757d4cf1c593295793f81b5e662861b4bdf755d5a,49e7c12e16b5cb9471f75ae409656ecb647571873f327c80e149f99d1bfdd305,mb_qe17_direct_r3_s42_30812497,Sb2Te3Cr_1-7_qe_r3,64,2,63,False,-133597.46233543952,-133597.46233548032,4.080357030034065e-08,0.9729904140253248,0.380163,True,/Users/alina/Project/26MIgrationBench/cluster/mb_qe17_direct_r2_s42_30791829/neb.out,0.15520608714958306,0.2822916278788107,19,7.569812804017837e-08,1.2778383767786394e-07
ddb18c45c8f3e2975a3b8383b0d2fd181d133806f9998319bc12848e137b118f,3d8578f5c5a93feab88236518e250ef08130c0ed0c6311a326522368a842397a,ec52d62262f1647a96e1d2bff013ab505abf70b7bf93c43753c07c7101a0ea3d,mb_qe17_direct_r3_s42_30812497,Sb2Te3Cr_1-7_qe_r3,64,3,63,False,-133597.44284746103,-133597.4428474937,3.2654497772455215e-08,0.6176335255614913,0.752183,True,/Users/alina/Project/26MIgrationBench/cluster/mb_qe17_direct_r2_s42_30791829/neb.out,0.30580725513562934,0.5562077458095335,19,7.490782785406527e-08,1.2793810388878057e-07
d658f22553aa67ac48b3cd5a8728502a7fc2c53d2ddec41bd5f4f9bc3da5b7cf,2aefb3009c58496f5bb67ca80dc0e24d3ea66571166ec01fad81d115fa918dbc,f18495cfcde5beadd8b003ba60f2d341bcf37442b7061ee0a1e6831396760c7c,mb_qe17_direct_r3_s42_30812497,Sb2Te3Cr_1-7_qe_r3,64,4,63,False,-133597.37488933685,-133597.37488931508,2.176966518163681e-08,0.3282742295957342,0.100496,True,/Users/alina/Project/26MIgrationBench/cluster/mb_qe17_direct_r2_s42_30791829/neb.out,0.4661441672745401,0.8478314106283817,19,7.543735509151765e-08,1.2819521421844355e-07
06e8b02c1bd8001c00ec04eab3345716e45c9937f36cdff4f9ab5eb090a93f46,96da9ad795a218687e917a59ce86e88063ea4bcea95dec0597e266fdab42e3b8,489d371cccf2d6ee4d439513d8661169dcdbc245c31bf14bea626b3cc0ddc86e,mb_qe17_direct_r3_s42_30812497,Sb2Te3Cr_1-7_qe_r3,64,5,0,True,-133596.88187561775,-133596.88187555244,6.530899554491043e-08,0.2263000343221766,0.436688,True,/Users/alina/Project/26MIgrationBench/cluster/mb_qe17_direct_r2_s42_30791829/neb.out,0.5498076167395721,1.0,30,6.30085850981224e-08,1.256241108429923e-07
e50f78c11799c565cef3039c0405f92c66c14ea1f31be65765b31cf2b7e283ce,25ef87e2e22dec727c08f59f78fb8029af41428066916a2141d918a867e673ff,d73c7fe4f4acdf0f98cc89ae74cd8d4f7cb56e554abc0ebb99ff5ca052fa1bf7,mb_qe17_direct_r3_s42_30812497,Sb2Te3Cr_1-7_qe_r3,65,1,0,True,-133597.43980903763,-133597.43980900772,2.991873770952225e-08,0.23376266186467842,0.233763,True,/Users/alina/Project/26MIgrationBench/cluster/mb_qe17_direct_r2_s42_30791829/neb.out,0.0,0.0,31,6.958300857780802e-08,1.2588122119683298e-07
bbb710d36b1c5a94a01bace632266834a5248b8248cf71d6b5110b53c47e6cc7,618ff8525b20d41cbc54e9f8962b1366bc9ea4c0fa00a06355a669b3745fd95b,b8ed46af5017cc94298fc2994f406de690c0017cdd02e71a6175f49747142b5a,mb_qe17_direct_r3_s42_30812497,Sb2Te3Cr_1-7_qe_r3,65,2,64,False,-133597.4641267651,-133597.4641267134,5.168840289115906e-08,0.9721984356858223,0.386907,True,/Users/alina/Project/26MIgrationBench/cluster/mb_qe17_direct_r2_s42_30791829/neb.out,0.1551938695439763,0.28212995377637595,13,7.233094139578532e-08,1.2778383767786394e-07
2798f4683935227a91675f1449603fdd66e47fdbc5d934dca9aca8f7d2ee45ab,26c58a0e5af644558a74ca7ab94f770277897a11d5449d27287518e364181477,518d8cc4554c63fb81c2799884e1589c72cf5b22160c7658be32b7cf105af7b8,mb_qe17_direct_r3_s42_30812497,Sb2Te3Cr_1-7_qe_r3,65,3,64,False,-133597.44510518975,-133597.44510515436,3.5390257835388184e-08,0.6161357403094139,0.753794,True,/Users/alina/Project/26MIgrationBench/cluster/mb_qe17_direct_r2_s42_30791829/neb.out,0.3061365555532892,0.5565315983247279,14,7.067692593028481e-08,1.26138331520316e-07
60be51aa34ad544192d3981c0df19c0bf54abbc3d95c23ba9295ebb4d294191d,3aa8ba40708c9296e8ba45faa1c9fafe13a03a3512d324414938d7ce8bbcdfbb,86a40d452539dea52c6221f031c2b567466bcfd2bc2ad21e52a96b83e1e70970,mb_qe17_direct_r3_s42_30812497,Sb2Te3Cr_1-7_qe_r3,65,4,64,False,-133597.37434347646,-133597.37434346558,1.0884832590818405e-08,0.3282764212873853,0.096977,True,/Users/alina/Project/26MIgrationBench/cluster/mb_qe17_direct_r2_s42_30791829/neb.out,0.46650154687096046,0.8480622349455453,14,6.924853095914256e-08,1.2690966253142266e-07
3f95c62d2a5ece51e439856ef8c0e3920e465a1d07df95f51a1c46586df3fca7,b2bfafca8977c54cbd060f11f919ae97701d152bfea24ab939dc762091f1788f,489d371cccf2d6ee4d439513d8661169dcdbc245c31bf14bea626b3cc0ddc86e,mb_qe17_direct_r3_s42_30812497,Sb2Te3Cr_1-7_qe_r3,65,5,0,True,-133596.88187561775,-133596.88187555244,6.530899554491043e-08,0.2263000343221766,0.435898,True,/Users/alina/Project/26MIgrationBench/cluster/mb_qe17_direct_r2_s42_30791829/neb.out,0.5500793781967132,1.0,30,6.30085850981224e-08,1.256241108429923e-07
910a0a3bf1b006e338b4ef119fba963439ca864222f4ca04b27eadf8a4485d53,b260efc0adf131f1bdfef068722a4afdcd3533952402dd2dec17adebf7e1fa8a,d73c7fe4f4acdf0f98cc89ae74cd8d4f7cb56e554abc0ebb99ff5ca052fa1bf7,mb_qe17_direct_r3_s42_30812497,Sb2Te3Cr_1-7_qe_r3,66,1,0,True,-133597.43980903763,-133597.43980900772,2.991873770952225e-08,0.23376266186467842,0.233763,True,/Users/alina/Project/26MIgrationBench/cluster/mb_qe17_direct_r2_s42_30791829/neb.out,0.0,0.0,31,6.958300857780802e-08,1.2588122119683298e-07
31b651e4906fd5dc0932aca4a35e98186c4cc844bc29b2def5545f59a67e2660,df5314bc924111a12e53254cee0ec1c2f72d0f3efa469989996bbd198415cee8,f7477ad31500c64f17ad99b393b48d5c7665e788f1ced3508214dd01fefda15f,mb_qe17_direct_r3_s42_30812497,Sb2Te3Cr_1-7_qe_r3,66,2,65,False,-133597.46565141904,-133597.46565140272,1.6327248886227608e-08,0.9726105790112425,0.39318,True,/Users/alina/Project/26MIgrationBench/cluster/mb_qe17_direct_r2_s42_30791829/neb.out,0.15519216351097467,0.28200634077572234,13,7.542031876451889e-08,1.2757814940882097e-07
74db1e75001e5b785adc50c04cffedf9f02ff1794ed2eec28f012f7136ff19b4,bacb6b9ad0d0250721d3f3f710bba1cb765d837e13a60f3fd74d76b3b5893d2c,b9e7b5ce62beb520de66f5fbeea71cc3a790fad01b95c1823eb24c7a7f6c0068,mb_qe17_direct_r3_s42_30812497,Sb2Te3Cr_1-7_qe_r3,66,3,65,False,-133597.44700821803,-133597.44700823436,1.6327248886227608e-08,0.6145560313133617,0.754045,True,/Users/alina/Project/26MIgrationBench/cluster/mb_qe17_direct_r2_s42_30791829/neb.out,0.30647359626535187,0.5569063248548378,14,7.054583640150022e-08,1.2834948042231287e-07
b8d6810899dfc9cfffc457dde9798d9e8abd513d36887b2dd2d2998c70bdbc28,3e09f2afb1f69af296c4ea68e19eb00641848391f31cc0a374a33e3b8e8242f9,a27bb9c8045085b46f7fa3f4a26d8260cb6fabe93c0656417deef3e4e5f44c59,mb_qe17_direct_r3_s42_30812497,Sb2Te3Cr_1-7_qe_r3,66,4,65,False,-133597.37399843606,-133597.3739984415,5.4424162954092026e-09,0.31755297226471396,0.094016,True,/Users/alina/Project/26MIgrationBench/cluster/mb_qe17_direct_r2_s42_30791829/neb.out,0.46679644654546426,0.8482358567550181,11,7.45176628482949e-08,1.2804094801088794e-07
0d6f89a50d4e0b92350e3ad1244219092f6d38f12655bde8a39bb93f11aa197c,d0d39c5a5b8fcf82b032b899f9e5e94997bf4d4c373587c7913d59ed1356fd69,489d371cccf2d6ee4d439513d8661169dcdbc245c31bf14bea626b3cc0ddc86e,mb_qe17_direct_r3_s42_30812497,Sb2Te3Cr_1-7_qe_r3,66,5,0,True,-133596.88187561775,-133596.88187555244,6.530899554491043e-08,0.2263000343221766,0.435389,True,/Users/alina/Project/26MIgrationBench/cluster/mb_qe17_direct_r2_s42_30791829/neb.out,0.5503144471293924,1.0,30,6.30085850981224e-08,1.256241108429923e-07
7653213dd96e80cf0adf99a135c3796e1c067b28dfb9220031d725f32d786323,2e5522a940aa94efbdebd0b39abb5229cfd5d512e0dcfc6849d65be0dc859b07,d73c7fe4f4acdf0f98cc89ae74cd8d4f7cb56e554abc0ebb99ff5ca052fa1bf7,mb_qe17_direct_r3_s42_30812497,Sb2Te3Cr_1-7_qe_r3,67,1,0,True,-133597.43980903763,-133597.43980900772,2.991873770952225e-08,0.23376266186467842,0.233763,True,/Users/alina/Project/26MIgrationBench/cluster/mb_qe17_direct_r2_s42_30791829/neb.out,0.0,0.0,31,6.958300857780802e-08,1.2588122119683298e-07
5b2f418923bfa9c7a605bf928c4742904dddfbc8dca7c91f6624805754d777d7,efd503c11ff6975abb7f97c03217694991d7a55c99505633640f5303686e5f96,62e76766f5d759d02ee4fea7e6b698aee047cd695935bf7e7de3bea1bf5dc295,mb_qe17_direct_r3_s42_30812497,Sb2Te3Cr_1-7_qe_r3,67,2,66,False,-133597.4671587938,-133597.46715881827,2.4476321414113045e-08,0.9727693816571621,0.391545,True,/Users/alina/Project/26MIgrationBench/cluster/mb_qe17_direct_r2_s42_30791829/neb.out,0.15519002641892832,0.28136947240495214,11,7.334423365898059e-08,1.2716677286889189e-07
c51d9cf17622bb91966a2b1dc78e4ebd0f77c10b27d481d01bd2358747fd465b,8b8d2afff47747061303562875e834387ca741f5106bc6fcc768efd4a141835b,6c617f9cbe340072e117012afa770695f22f7a9929a9755784cc8fb4e7fce39e,mb_qe17_direct_r3_s42_30812497,Sb2Te3Cr_1-7_qe_r3,67,3,66,False,-133597.4488807696,-133597.4488808131,4.351022653281689e-08,0.6128081347878765,0.751614,True,/Users/alina/Project/26MIgrationBench/cluster/mb_qe17_direct_r2_s42_30791829/neb.out,0.30827855369926827,0.5589287920731048,14,7.645004930743163e-08,1.276809935436135e-07
b958774d6fb2e5e5449799aeee01cd34724c01b5910dcc13c1aff5e2b8450281,d5645412ac6a4fec229fbf381902435b47c10d2b7b69aaa8ef76bdf3d07af741,a34fb1f73d8093798d2745e6b0ddb795ba06c1273985f68dd1c481f949514947,mb_qe17_direct_r3_s42_30812497,Sb2Te3Cr_1-7_qe_r3,67,4,66,False,-133597.3738618349,-133597.3738617995,3.5390257835388184e-08,0.321824570528976,0.091776,True,/Users/alina/Project/26MIgrationBench/cluster/mb_qe17_direct_r2_s42_30791829/neb.out,0.4683296013784236,0.8491116078281454,11,7.35022331348726e-08,1.276295714808251e-07
f7f09e70d665b8ef8e36f4ff3d1ad08e08a2ed2555b570dc51bc1035c5946a46,de0fa1e6dd806fb46197458f579c3cdf936361303f9a4de8dc0d4329b6af268d,489d371cccf2d6ee4d439513d8661169dcdbc245c31bf14bea626b3cc0ddc86e,mb_qe17_direct_r3_s42_30812497,Sb2Te3Cr_1-7_qe_r3,67,5,0,True,-133596.88187561775,-133596.88187555244,6.530899554491043e-08,0.2263000343221766,0.435038,True,/Users/alina/Project/26MIgrationBench/cluster/mb_qe17_direct_r2_s42_30791829/neb.out,0.551552466202076,1.0,30,6.30085850981224e-08,1.256241108429923e-07
fa14c24666b8d7519d6bbf41d861f40f362ffbecbb3e0958a5794d1f8bc1ecf6,3c4de49a44ba08cd3e2bfd6a3c69fd9f1b6e8ff3778edcc05367e3a5352cf545,d73c7fe4f4acdf0f98cc89ae74cd8d4f7cb56e554abc0ebb99ff5ca052fa1bf7,mb_qe17_direct_r3_s42_30812497,Sb2Te3Cr_1-7_qe_r3,68,1,0,True,-133597.43980903763,-133597.43980900772,2.991873770952225e-08,0.23376266186467842,0.233763,True,/Users/alina/Project/26MIgrationBench/cluster/mb_qe17_direct_r2_s42_30791829/neb.out,0.0,0.0,31,6.958300857780802e-08,1.2588122119683298e-07
1f3aaf3fb84426e5109f7072f57cba31aa0b7dea6b695085c04e46615ecbc05d,bd0dec2e5b2c3c39c04d0ea9ca974de0a9e3f1911b96774c4903d7e3b32f0657,847f44c92ac4113cf6116cc67f27f72619ee3c451944b94f14351ed858c0beef,mb_qe17_direct_r3_s42_30812497,Sb2Te3Cr_1-7_qe_r3,68,2,67,False,-133597.4751811186,-133597.47518108052,3.809691406786442e-08,0.9700106737925606,0.423619,True,/Users/alina/Project/26MIgrationBench/cluster/mb_qe17_direct_r2_s42_30791829/neb.out,0.1553150042007446,0.27780537562270446,18,7.190896402470696e-08,1.282980583543203e-07
f7af32270a62e1e78bfe5683cc78ce2099e90fde095d9393909a102ff719a950,d092937a565cefafdfbc4362c52881cc5dcd262464d8c80946cf2e3362a63db4,458f15df7827d66576260ca6384120b1b5bff7be86026101a988444410adc404,mb_qe17_direct_r3_s42_30812497,Sb2Te3Cr_1-7_qe_r3,68,3,67,False,-133597.45882163322,-133597.4588216822,4.898174665868282e-08,0.6042069948112699,0.739348,True,/Users/alina/Project/26MIgrationBench/cluster/mb_qe17_direct_r2_s42_30791829/neb.out,0.31875495665963394,0.5701435023751811,22,7.034029087953319e-08,1.2690966253586788e-07
78a7f6414b14139d659e79f330324412333089bc11bf0b06ba274703211a9e19,2350f4a1f1941859781b932d7e88c37e2e4b8f9695b26090ec7959d784d3b176,5919e7c05575a8fe11a857aa55b3ccb138ffbf4052ceb768f423b9955c10cc47,mb_qe17_direct_r3_s42_30812497,Sb2Te3Cr_1-7_qe_r3,68,4,67,False,-133597.373161822,-133597.37316180838,1.3620592653751373e-08,0.3321996046213371,0.093467,True,/Users/alina/Project/26MIgrationBench/cluster/mb_qe17_direct_r2_s42_30791829/neb.out,0.47743760535483226,0.8539724411981044,15,7.616781147556338e-08,1.2850374662976005e-07
d86c7591c192e0193f835519a4c7cb76167184a97af1ca7191a7e8da412ae7b8,3f912d0c16ffc237511fd144828383b2e6ff262b623bfd837e887c0e12943e23,489d371cccf2d6ee4d439513d8661169dcdbc245c31bf14bea626b3cc0ddc86e,mb_qe17_direct_r3_s42_30812497,Sb2Te3Cr_1-7_qe_r3,68,5,0,True,-133596.88187561775,-133596.88187555244,6.530899554491043e-08,0.2263000343221766,0.433313,True,/Users/alina/Project/26MIgrationBench/cluster/mb_qe17_direct_r2_s42_30791829/neb.out,0.559078469423437,1.0,30,6.30085850981224e-08,1.256241108429923e-07
ec0d94ab7c985295d41b506532ed41f9205f2e85172ca9883f533607093c98bb,a2c1d2684d33f129d1fcfe4786e5f9859ea42ed6fb99d0231b979bc89d65ce4a,d73c7fe4f4acdf0f98cc89ae74cd8d4f7cb56e554abc0ebb99ff5ca052fa1bf7,mb_qe17_direct_r3_s42_30812497,Sb2Te3Cr_1-7_qe_r3,69,1,0,True,-133597.43980903763,-133597.43980900772,2.991873770952225e-08,0.23376266186467842,0.233763,True,/Users/alina/Project/26MIgrationBench/cluster/mb_qe17_direct_r2_s42_30791829/neb.out,0.0,0.0,31,6.958300857780802e-08,1.2588122119683298e-07
a08dbca3ae80592499a382a1dab7d4d0a83a9f7e69fd7d3f8d27ff5c9fffb815,8e510e0d165edd5d8cbb398b1538ab9398aa11830763087817f55a856e1cb2e2,8afc58f9982ae33b2aa531bdcfd8b8880a009b8c87d3db0183bbd5b0dc1fd178,mb_qe17_direct_r3_s42_30812497,Sb2Te3Cr_1-7_qe_r3,69,2,68,False,-133597.5211347553,-133597.521134807,5.168840289115906e-08,0.9602186421590586,0.463171,True,/Users/alina/Project/26MIgrationBench/cluster/mb_qe17_direct_r2_s42_30791829/neb.out,0.1557615389329562,0.2735493705631481,24,7.475252447371468e-08,1.2809237008365101e-07
e6e801c5ba3b007d7d0d3171a196d3b55cb512bdccf5c2a94887e1deaae3abaf,3c321d95d54c99d2a2a2f47f19793b2b0093562c6e06934035e726d4d4695c56,38c9dec89e4330734a70abcf0c990ac4f961edf5d4749c434dc18ab3b7575cb3,mb_qe17_direct_r3_s42_30812497,Sb2Te3Cr_1-7_qe_r3,69,3,68,False,-133597.5121056092,-133597.51210566907,5.986657924950123e-08,0.5215136909313868,0.659161,True,/Users/alina/Project/26MIgrationBench/cluster/mb_qe17_direct_r2_s42_30791829/neb.out,0.3320010633757391,0.5830623049494907,38,7.493486905864609e-08,1.281952142184842e-07
9b27e276e214cbf78422a9060f1164c2b1ea02bbef8cde81b3636faa0d23512c,885141c488c1011e266e2160bd748709e953a45395ae932398b5b4e65e9dbd39,527d6998add143a949b74a5c8e8be4409bb50a7b360e6fa6b65002a48e19a801,mb_qe17_direct_r3_s42_30812497,Sb2Te3Cr_1-7_qe_r3,69,4,68,False,-133597.36943481446,-133597.36943481994,5.471520125865936e-09,0.3482661567583552,0.140238,True,/Users/alina/Project/26MIgrationBench/cluster/mb_qe17_direct_r2_s42_30791829/neb.out,0.4895157569626375,0.8596905764747831,23,7.537634092147153e-08,1.2798952594983426e-07
0a43825199431287a071e00b0fc1825a8231de73e3b140392ccdefc9e1995f44,fed93cd4f0089d66212b11a64e373ca1d81e4fe63d5bb4d721d8c9ab5dd53f13,489d371cccf2d6ee4d439513d8661169dcdbc245c31bf14bea626b3cc0ddc86e,mb_qe17_direct_r3_s42_30812497,Sb2Te3Cr_1-7_qe_r3,69,5,0,True,-133596.88187561775,-133596.88187555244,6.530899554491043e-08,0.2263000343221766,0.423831,True,/Users/alina/Project/26MIgrationBench/cluster/mb_qe17_direct_r2_s42_30791829/neb.out,0.5694092390426432,1.0,30,6.30085850981224e-08,1.256241108429923e-07
5b5c5ba97f46885db2c15b79be75ed201b341ee58b6e59146ba15fb50aa5d309,24cf086a17f232354639e77cb987e592544af0f0476aa564447ef7ab936b0688,d73c7fe4f4acdf0f98cc89ae74cd8d4f7cb56e554abc0ebb99ff5ca052fa1bf7,mb_qe17_direct_r3_s42_30812497,Sb2Te3Cr_1-7_qe_r3,70,1,0,True,-133597.43980903763,-133597.43980900772,2.991873770952225e-08,0.23376266186467842,0.233763,True,/Users/alina/Project/26MIgrationBench/cluster/mb_qe17_direct_r2_s42_30791829/neb.out,0.0,0.0,31,6.958300857780802e-08,1.2588122119683298e-07
8f567bba8f8d0c3f19891a17bda22c46ce67b3c7884e09e8d0b0409c919f05ef,f2e4e88b41e969d800fe62ed560cb092a9230954bd6908897167eb8bf13328b3,5dfc715257d7430facc7f19837f3e0978e395232303fc7a5b6ad2b9b7f5c5f9e,mb_qe17_direct_r3_s42_30812497,Sb2Te3Cr_1-7_qe_r3,70,2,69,False,-133597.57761702157,-133597.57761699436,2.7212081477046013e-08,0.9354751530462851,0.393879,True,/Users/alina/Project/26MIgrationBench/cluster/mb_qe17_direct_r2_s42_30791829/neb.out,0.1563337307138976,0.27038449910413587,27,7.044111378432751e-08,1.2855516869081374e-07
a48181df2c8df836f09085d0070cc036be01536e9734dcf773238ebe7c876c3a,da5761c36bc3c4961488559bc4fb9c3d08b7bf8eaed26579ba5f3acc9035c144,40115b414e5e9ade2ff036a50466847dcbbce88227ea1517fd14767d7be08302,mb_qe17_direct_r3_s42_30812497,Sb2Te3Cr_1-7_qe_r3,70,3,69,False,-133597.56407296224,-133597.56407298674,2.450542524456978e-08,0.3230730008139396,0.479022,True,/Users/alina/Project/26MIgrationBench/cluster/mb_qe17_direct_r2_s42_30791829/neb.out,0.3424765289937956,0.5923247934022379,38,7.69584636583076e-08,1.2804094801609212e-07
658ab57802a9326cf4b149502570ca0c1f1648073c1db671b68145d7585b4eeb,4cd0db4f6639509cb8059f4403b3076c54bd869352b49a7af8ba647df2096c60,78e1396a19f23ee0045dfd81e691d37ad1b5dce6fd83207321c95da997c72620,mb_qe17_direct_r3_s42_30812497,Sb2Te3Cr_1-7_qe_r3,70,4,69,False,-133597.3652922891,-133597.36529225373,3.536115400493145e-08,0.36989128176089564,0.213305,True,/Users/alina/Project/26MIgrationBench/cluster/mb_qe17_direct_r2_s42_30791829/neb.out,0.49947349977260896,0.8638563887339065,23,7.465944869103517e-08,1.2567553291098488e-07
e6d526b2c0a8500282dc3aa7da67c5f6e382ce4208b0d2ce0a12fcaa48cddb4c,c8ba81228e8dbd4509e020729a367f5b876cf2cb51c3c35da6dddbae455a1bab,489d371cccf2d6ee4d439513d8661169dcdbc245c31bf14bea626b3cc0ddc86e,mb_qe17_direct_r3_s42_30812497,Sb2Te3Cr_1-7_qe_r3,70,5,0,True,-133596.88187561775,-133596.88187555244,6.530899554491043e-08,0.2263000343221766,0.41271,True,/Users/alina/Project/26MIgrationBench/cluster/mb_qe17_direct_r2_s42_30791829/neb.out,0.5781904333712831,1.0,30,6.30085850981224e-08,1.256241108429923e-07
538887d86320d81f53e2b39f5b0ea1363d8742aef4c9bbeba1be100a84a4fc8f,eb44471314fa71a3d3da55b110b307ceda0193cbe270c5676d9023ff4b574c96,d73c7fe4f4acdf0f98cc89ae74cd8d4f7cb56e554abc0ebb99ff5ca052fa1bf7,mb_qe17_direct_r3_s42_30812497,Sb2Te3Cr_1-7_qe_r3,71,1,0,True,-133597.43980903763,-133597.43980900772,2.991873770952225e-08,0.23376266186467842,0.233763,True,/Users/alina/Project/26MIgrationBench/cluster/mb_qe17_direct_r2_s42_30791829/neb.out,0.0,0.0,31,6.958300857780802e-08,1.2588122119683298e-07
6918f5c87cdf8a133dd6d20947cd62ef229d6a97fda3db7f48586ee0b7617d47,c8c35fc1c41d53a063a66d45d6c6a504168b44ed18ef92347fcfa0529a07b6a7,540407f0cef9ad492917f82df081baeeb0f3536664b2f3976c90601a38fb0d15,mb_qe17_direct_r3_s42_30812497,Sb2Te3Cr_1-7_qe_r3,71,2,70,False,-133597.6208370024,-133597.6208370487,4.627509042620659e-08,0.9043208632966374,0.436896,True,/Users/alina/Project/26MIgrationBench/cluster/mb_qe17_direct_r2_s42_30791829/neb.out,0.15644323166746466,0.27001405186876754,21,7.162102299170569e-08,1.2829805835345293e-07
556ca8df7d6d56fbf142890699d2d937ef19564f3b577a80ea814ac7797f64e3,2b2761805e7eab2edb8e1580d8235b4be1d2454898c9d36574512730a0276e05,44a1fd4252c7d24d29b528bfbddd93a7c13c437ee3cb8a6210145c1fd403b5b7,mb_qe17_direct_r3_s42_30812497,Sb2Te3Cr_1-7_qe_r3,71,3,70,False,-133597.5864377285,-133597.58643778836,5.986657924950123e-08,0.221147426863419,0.23705,True,/Users/alina/Project/26MIgrationBench/cluster/mb_qe17_direct_r2_s42_30791829/neb.out,0.343845810715672,0.5934625587816235,35,6.737471482965547e-08,1.28400902486836e-07
dbaefab70a8978526db41eb78c6fa5543760b247247f1cdcd29a33cec74b04bd,9c2ec888b7d5cdf9c135e5cea10c2678def0a67c6d207c53bb587e9ec65e5058,19d75b9cf740d0db33066b2b3435f7c3688dff806424334edbb0240341a62c99,mb_qe17_direct_r3_s42_30812497,Sb2Te3Cr_1-7_qe_r3,71,4,70,False,-133597.3625946883,-133597.36259468013,8.17817635834217e-09,0.3864523446613261,0.281774,True,/Users/alina/Project/26MIgrationBench/cluster/mb_qe17_direct_r2_s42_30791829/neb.out,0.5007647698249608,0.8642976950321374,23,7.262252318299765e-08,1.2840090248857072e-07
a46c09b8ecf3b423bd8e400d46b71fd363d98702e86c594562d3cb6873a39d95,f37ed675929d801a714163c835105281d8bcc30f74a8aab4160a38ad2479b6ba,489d371cccf2d6ee4d439513d8661169dcdbc245c31bf14bea626b3cc0ddc86e,mb_qe17_direct_r3_s42_30812497,Sb2Te3Cr_1-7_qe_r3,71,5,0,True,-133596.88187561775,-133596.88187555244,6.530899554491043e-08,0.2263000343221766,0.404717,True,/Users/alina/Project/26MIgrationBench/cluster/mb_qe17_direct_r2_s42_30791829/neb.out,0.5793892228375557,1.0,30,6.30085850981224e-08,1.256241108429923e-07
56c980fd74810d527ea4ca1f1d759a91d040e44af79e0ca5df4a7cddd04d8ab3,f29877ee3626a5f907a44e364c4afd264f9406c6ae25108cf78e131008467270,d73c7fe4f4acdf0f98cc89ae74cd8d4f7cb56e554abc0ebb99ff5ca052fa1bf7,mb_qe17_direct_r3_s42_30812497,Sb2Te3Cr_1-7_qe_r3,72,1,0,True,-133597.43980903763,-133597.43980900772,2.991873770952225e-08,0.23376266186467842,0.233763,True,/Users/alina/Project/26MIgrationBench/cluster/mb_qe17_direct_r3_s42_30812497/neb.out,0.0,0.0,31,6.958300857780802e-08,1.2588122119683298e-07
885a9f6421c97a4d9c1c88eaa012e43c2a226ececbae2f4e14e200fd784c7533,90b0817b2f15593094e001c4bc03f6d5cad17a050ced96f13e23c8b6cd7f91da,15d8c3f63be99f76adab539b3bbfcd438d0ae83469e7f35acdcc5f4503928e72,mb_qe17_direct_r3_s42_30812497,Sb2Te3Cr_1-7_qe_r3,72,2,71,False,-133597.6264920727,-133597.62649206998,2.735760062932968e-09,0.9008246209048846,0.444081,True,/Users/alina/Project/26MIgrationBench/cluster/mb_qe17_direct_r3_s42_30812497/neb.out,0.1564851760031556,0.26998217111350026,33,7.534835070480802e-08,1.2814379215099307e-07
c127e9777d476bf61db8c1390cd653fc9e228cedac9ad058a691cdcb9f665908,f99c5852f529c8c3dd16d47aa9a7a6836bb8575cb035cbfe39c7c26b7bc253fe,852f7196d1d2bdf956f764ea6b7b81a57b8c57625f5c442eded18ede9ae70700,mb_qe17_direct_r3_s42_30812497,Sb2Te3Cr_1-7_qe_r3,72,3,71,False,-133597.58782455677,-133597.58782460305,4.627509042620659e-08,0.2242041167352179,0.2343,True,/Users/alina/Project/26MIgrationBench/cluster/mb_qe17_direct_r3_s42_30812497/neb.out,0.3440840472814667,0.5936444620715853,28,7.195329786832949e-08,1.2840090248770336e-07
6c98044ffa66427e258691d72a07bb318feafad0560d3aed9df0cda1e8e75ad3,916b29d08b351a1e8888a7f5fe0db448b1c6e78f42a4dd52f782e47910116c96,6808929563035852a11bca15ebd20410d10ffc3dda90cc3a4c3c87f346e5c51a,mb_qe17_direct_r3_s42_30812497,Sb2Te3Cr_1-7_qe_r3,72,4,71,False,-133597.3625953686,-133597.36259540124,3.262539394199848e-08,0.3897984768390777,0.29127,True,/Users/alina/Project/26MIgrationBench/cluster/mb_qe17_direct_r3_s42_30812497/neb.out,0.5009531955112747,0.8642890962889186,30,6.649315045788767e-08,1.2582979911149317e-07
768bc71647aa79750cd43b23284878d2646654794f377bd9e807bd2e808a83bf,1ec7abd83e1e290ba56625ceba5e425833d3ab3350f48817874091fa9f76194d,489d371cccf2d6ee4d439513d8661169dcdbc245c31bf14bea626b3cc0ddc86e,mb_qe17_direct_r3_s42_30812497,Sb2Te3Cr_1-7_qe_r3,72,5,0,True,-133596.88187561775,-133596.88187555244,6.530899554491043e-08,0.2263000343221766,0.404182,True,/Users/alina/Project/26MIgrationBench/cluster/mb_qe17_direct_r3_s42_30812497/neb.out,0.5796129994723591,1.0,30,6.30085850981224e-08,1.256241108429923e-07
2fadfd569b82c4d67ebf53de701f7f98d580b51efa7be5ea37db2200338378cb,452ed788c68c0f52f98d3815c09101ebe1a5ca8514d893f0cba95890a9322613,d73c7fe4f4acdf0f98cc89ae74cd8d4f7cb56e554abc0ebb99ff5ca052fa1bf7,mb_qe17_direct_r3_s42_30812497,Sb2Te3Cr_1-7_qe_r3,73,1,0,True,-133597.43980903763,-133597.43980900772,2.991873770952225e-08,0.23376266186467842,0.233763,True,/Users/alina/Project/26MIgrationBench/cluster/mb_qe17_direct_r3_s42_30812497/neb.out,0.0,0.0,31,6.958300857780802e-08,1.2588122119683298e-07
831ae1dfd7880c0cbfe0345e5af3fa09ddde59653092650e08f653f10535bdfa,d4c66313d07de71cf19d32994f15019ac791d0556880e86ace3bc37d4db24d59,5d8b0bd134448c1ed7c8b0b85dbab0f4c1a9b76bf8e6a59de4889c60b8282b58,mb_qe17_direct_r3_s42_30812497,Sb2Te3Cr_1-7_qe_r3,73,2,72,False,-133597.6276028415,-133597.62760277346,6.80447556078434e-08,0.8999017615923701,0.444294,True,/Users/alina/Project/26MIgrationBench/cluster/mb_qe17_direct_r3_s42_30812497/neb.out,0.15655092206553764,0.2699862727867399,13,7.154108003869076e-08,1.2639544186288099e-07
7e23a279f624d0ba267371ab915e9d4eb005228b0d1d44750e728ede69854dea,35911ecb0225d976665fc23ca5b74ab5182b0e385ca21db1289e712843fae847,dc6f18ad46c40c9fac328aa144069ab9786140a0f111d8ee80f65f0b7fce9f45,mb_qe17_direct_r3_s42_30812497,Sb2Te3Cr_1-7_qe_r3,73,3,72,False,-133597.58808510582,-133597.58808507316,3.2654497772455215e-08,0.224692469089098,0.2325,True,/Users/alina/Project/26MIgrationBench/cluster/mb_qe17_direct_r3_s42_30812497/neb.out,0.34431802172626697,0.5938076768417998,13,7.355370165569895e-08,1.2829805835345293e-07
4e21dd3dea331e606be68e28f38af35cbf68b9565a7a965fb82006836d039c3f,382efa0d1489836bc6f5ffef8ccf0cadb1624eec6a44a5d9ea0bb5e4e274d34c,1c997c3f61d0f48cda59051359078af5abff7d8d67ad1a28bfddb7d5cbf177c5,mb_qe17_direct_r3_s42_30812497,Sb2Te3Cr_1-7_qe_r3,73,4,72,False,-133597.362930885,-133597.36293089588,1.0884832590818405e-08,0.38859709305944024,0.295151,True,/Users/alina/Project/26MIgrationBench/cluster/mb_qe17_direct_r3_s42_30812497/neb.out,0.5010982711843339,0.864189445529426,11,7.737993448521604e-08,1.2850374662282116e-07
e9161df22cc98e6261c370b2a931ab78f7273911188e446d3f3b5308a2b4ffd5,ab107a21cab6390b5c1a2c8e6cc24431a46eced74a8584e4352afcdae86bbc50,489d371cccf2d6ee4d439513d8661169dcdbc245c31bf14bea626b3cc0ddc86e,mb_qe17_direct_r3_s42_30812497,Sb2Te3Cr_1-7_qe_r3,73,5,0,True,-133596.88187561775,-133596.88187555244,6.530899554491043e-08,0.2263000343221766,0.404577,True,/Users/alina/Project/26MIgrationBench/cluster/mb_qe17_direct_r3_s42_30812497/neb.out,0.5798477102174598,1.0,30,6.30085850981224e-08,1.256241108429923e-07
db12751758852b4df7ec342d70988830b4db0d69c17b84113a110ad13f748a67,c29629d780b70a35474a8587bf19deec4f84268d7eab1c4472d48c312e9ac838,d73c7fe4f4acdf0f98cc89ae74cd8d4f7cb56e554abc0ebb99ff5ca052fa1bf7,mb_qe17_direct_r3_s42_30812497,Sb2Te3Cr_1-7_qe_r3,74,1,0,True,-133597.43980903763,-133597.43980900772,2.991873770952225e-08,0.23376266186467842,0.233763,True,/Users/alina/Project/26MIgrationBench/cluster/mb_qe17_direct_r3_s42_30812497/neb.out,0.0,0.0,31,6.958300857780802e-08,1.2588122119683298e-07
b2858e3f1b954f0ba7767ee8f4075c8fd2e0d97a6b83ec3a1afa656df0492ebd,f085e388b66b7d8cf68d90abebf2372846577ad064d6f7b465afa4451c42348d,b600fe31b6b551fd9d73180ca90eb3b5696f709a43f79fddfeaf1666cf703449,mb_qe17_direct_r3_s42_30812497,Sb2Te3Cr_1-7_qe_r3,74,2,73,False,-133597.6287842238,-133597.62878416124,6.257323548197746e-08,0.8988353416961313,0.461153,True,/Users/alina/Project/26MIgrationBench/cluster/mb_qe17_direct_r3_s42_30812497/neb.out,0.15670639272541062,0.2700335425526522,11,7.946746095272881e-08,1.2845232455591278e-07
9a280b25fa5cc6fed8f455e9ecc7b4c97c52f19ede56ff7acf4857c4610cf313,9b49969d49d28e80b47c22f8b3efb405176cae285851be8b88ba2b4b5a286ada,abee171ca487f3fa9140ecc472814f2d4681bb89f6d6491af3bc23dfd1e203b4,mb_qe17_direct_r3_s42_30812497,Sb2Te3Cr_1-7_qe_r3,74,3,73,False,-133597.58839014545,-133597.58839019717,5.171750672161579e-08,0.22455493448942565,0.228661,True,/Users/alina/Project/26MIgrationBench/cluster/mb_qe17_direct_r3_s42_30812497/neb.out,0.34477172155862534,0.5941042207996385,13,7.582367368055641e-08,1.2834948042231287e-07
e365a7ad11ceeec343484fea1dab668bccbc9e9471b00047a9ed0fb0486c5cac,0f34151dbf04913149173e02259650f606c2e35b27b28afebd2e3439196a9674,65410bc117a6b99259aa98e856b154f8d357e64913d6f0bbf15050d6e1a237c5,mb_qe17_direct_r3_s42_30812497,Sb2Te3Cr_1-7_qe_r3,74,4,73,False,-133597.36359974087,-133597.3635996919,4.898174665868282e-08,0.38769471521763466,0.300799,True,/Users/alina/Project/26MIgrationBench/cluster/mb_qe17_direct_r3_s42_30812497/neb.out,0.5013364180186439,0.8638935949820997,11,7.737984765366342e-08,1.2834948041884342e-07
7c34cad18d77c36ca2aa344824f54a391b92adf237b413dffc465ab25989dca3,b81a6363f93fd7278c1ad23614d2c4471432cbd3ebff987a85615d630e109154,489d371cccf2d6ee4d439513d8661169dcdbc245c31bf14bea626b3cc0ddc86e,mb_qe17_direct_r3_s42_30812497,Sb2Te3Cr_1-7_qe_r3,74,5,0,True,-133596.88187561775,-133596.88187555244,6.530899554491043e-08,0.2263000343221766,0.405477,True,/Users/alina/Project/26MIgrationBench/cluster/mb_qe17_direct_r3_s42_30812497/neb.out,0.580321952762055,1.0,30,6.30085850981224e-08,1.256241108429923e-07
10d7aab7f614748215f4de459e5f22d571fda60c5f862fbc6595757dbefd82c0,eae89139b4070322eb4b1b3bec268384f13ad507cb371855c29ccfb179fb59b3,d73c7fe4f4acdf0f98cc89ae74cd8d4f7cb56e554abc0ebb99ff5ca052fa1bf7,mb_qe17_direct_r3_s42_30812497,Sb2Te3Cr_1-7_qe_r3,75,1,0,True,-133597.43980903763,-133597.43980900772,2.991873770952225e-08,0.23376266186467842,0.233763,True,/Users/alina/Project/26MIgrationBench/cluster/mb_qe17_direct_r3_s42_30812497/neb.out,0.0,0.0,31,6.958300857780802e-08,1.2588122119683298e-07
f037f9352db44b94872787bc9899e050526e6e8394ddef362001ae9ae0703592,7ffb627cb596e5d8ed928eaea80e1ffddf2be6e9ca654492a5f285d97e96b1f9,6deb8fddece457b7d8749965d23d8b88bc8ac66366aad1b5408b51137db4904e,mb_qe17_direct_r3_s42_30812497,Sb2Te3Cr_1-7_qe_r3,75,2,74,False,-133597.6312550177,-133597.63125496873,4.898174665868282e-08,0.8989197909012671,0.438292,True,/Users/alina/Project/26MIgrationBench/cluster/mb_qe17_direct_r3_s42_30812497/neb.out,0.16108055018517284,0.27143335866227813,14,7.591317117140623e-08,1.272696170014076e-07
600a4115d94d5ff0afe4486f06b32e9e70d8d53fe91fbff72557e0539bd9f288,d8cd7752deef38746fe2cd6238e55503bb48c3828f950436af23ce1c8b0b73ed,462e61f2385d8d3d4ad723abc76138146a9ca67189bab93b0fbacc63d67bef48,mb_qe17_direct_r3_s42_30812497,Sb2Te3Cr_1-7_qe_r3,75,3,74,False,-133597.58905260664,-133597.5890526257,1.9063008949160576e-08,0.22209548577544272,0.221516,True,/Users/alina/Project/26MIgrationBench/cluster/mb_qe17_direct_r3_s42_30812497/neb.out,0.3571618663382866,0.6018457526674903,14,7.132255153159114e-08,1.2840090248857072e-07
6977179986127bed5e7ea4c6efe26c22e87c95536f5d8ccc9d489a7e8872f31c,75d9c0dc925e09927618895baf94006876807be9792f38a3a6d347365ab12a84,01d69c926b2ac795f678e4765aae9116dbdcbae3025b5ae079d41c477a247fa9,mb_qe17_direct_r3_s42_30812497,Sb2Te3Cr_1-7_qe_r3,75,4,74,False,-133597.36532154132,-133597.36532160392,6.26023393124342e-08,0.3890684656988794,0.284897,True,/Users/alina/Project/26MIgrationBench/cluster/mb_qe17_direct_r3_s42_30812497/neb.out,0.5081967705492246,0.8563514101046099,12,7.650790024485582e-08,1.275267273413705e-07
8c475bf7868762c708344d5052710f2c8794d53dd9888ee084d5dc6f1be065c4,0e5b905df3147ff028d30bffea2c9979485917f035884e178526982de5c343e5,489d371cccf2d6ee4d439513d8661169dcdbc245c31bf14bea626b3cc0ddc86e,mb_qe17_direct_r3_s42_30812497,Sb2Te3Cr_1-7_qe_r3,75,5,0,True,-133596.88187561775,-133596.88187555244,6.530899554491043e-08,0.2263000343221766,0.407795,True,/Users/alina/Project/26MIgrationBench/cluster/mb_qe17_direct_r3_s42_30812497/neb.out,0.5934441918968107,1.0,30,6.30085850981224e-08,1.256241108429923e-07
e74b3831b771dfe27e3b6e523fc529dfa50bce17c0f21951e5796d8e4375337a,f90eafc3b1437628327c52f049390164e5174811aba2a92fc2ba237ac2e51e6f,d73c7fe4f4acdf0f98cc89ae74cd8d4f7cb56e554abc0ebb99ff5ca052fa1bf7,mb_qe17_direct_r3_s42_30812497,Sb2Te3Cr_1-7_qe_r3,76,1,0,True,-133597.43980903763,-133597.43980900772,2.991873770952225e-08,0.23376266186467842,0.233763,True,/Users/alina/Project/26MIgrationBench/cluster/mb_qe17_direct_r3_s42_30812497/neb.out,0.0,0.0,31,6.958300857780802e-08,1.2588122119683298e-07
b194d39ebaa0955a44c87f31f712530cf939ab3387a6711e7b7235e6c0e0bc9b,d2ace5cdd2bf322fe56c9ce53a0f7aac4716b1a317642bdf6c7f987bd6ac388d,42f16f25bf4e63618e3506c8303199d8a48a13f19f5ff9a2bb19db7fecbba31b,mb_qe17_direct_r3_s42_30812497,Sb2Te3Cr_1-7_qe_r3,76,2,75,False,-133597.69551280153,-133597.69551275254,4.898174665868282e-08,0.8782489404195091,0.39265,True,/Users/alina/Project/26MIgrationBench/cluster/mb_qe17_direct_r3_s42_30812497/neb.out,0.16699834256390372,0.2733709107793073,24,7.446770250461036e-08,1.2732103907286962e-07
684ca153ed88388d146982847d7dc4a76a7eb3a3ddaf14ad545e6a6205aae0cc,ddd64583480052d5bca1d9caa075ed724731efdc5a55c2c3ca9eacdfa0bf5eb8,7a008ec73908def16a340f17fa52edfea9d6c4f53c25dd3410f43e270a94deaf,mb_qe17_direct_r3_s42_30812497,Sb2Te3Cr_1-7_qe_r3,76,3,75,False,-133597.60293571986,-133597.60293577972,5.986657924950123e-08,0.17329484319558647,0.140601,True,/Users/alina/Project/26MIgrationBench/cluster/mb_qe17_direct_r3_s42_30812497/neb.out,0.3732871441488137,0.6110590381405661,35,7.566731127508146e-08,1.2850374662455588e-07
d7977b9eedb8f6bc242326fe4339f153e669fd330c96eb88a51504752ec32011,0aa368b7b9d3007c498feb0cf719aff6d460ddff3d52daa966222600cec93456,157aada27b1ffc78d0a89d87bafbabca9a9e43b44fe4552411098745288bb3d0,mb_qe17_direct_r3_s42_30812497,Sb2Te3Cr_1-7_qe_r3,76,4,75,False,-133597.4087717305,-133597.40877178492,5.4424162954092026e-08,0.3745134787339799,0.136107,True,/Users/alina/Project/26MIgrationBench/cluster/mb_qe17_direct_r3_s42_30812497/neb.out,0.5180536396999152,0.8480371310458258,30,7.596578251942663e-08,1.2711535077314373e-07
368d8c4af47d87656205d6fcfd6584dfa606c71220237570dac79ac1e1981a59,fd65a3e8c8845e71ecb054816aa77d9c2318dfb9afaa4b6493fcd6a3619d397b,489d371cccf2d6ee4d439513d8661169dcdbc245c31bf14bea626b3cc0ddc86e,mb_qe17_direct_r3_s42_30812497,Sb2Te3Cr_1-7_qe_r3,76,5,0,True,-133596.88187561775,-133596.88187555244,6.530899554491043e-08,0.2263000343221766,0.471531,True,/Users/alina/Project/26MIgrationBench/cluster/mb_qe17_direct_r3_s42_30812497/neb.out,0.6108855623586144,1.0,30,6.30085850981224e-08,1.256241108429923e-07
e9e77b0fa4878429ff6243780b2c1a8178a6a07e02c5eec58b08a7bf2ef1ece2,a69e93696264dd9adef97eb8885149ceb811ced704acb5ea7d818a5f249058a9,d73c7fe4f4acdf0f98cc89ae74cd8d4f7cb56e554abc0ebb99ff5ca052fa1bf7,mb_qe17_direct_r3_s42_30812497,Sb2Te3Cr_1-7_qe_r3,77,1,0,True,-133597.43980903763,-133597.43980900772,2.991873770952225e-08,0.23376266186467842,0.233763,True,/Users/alina/Project/26MIgrationBench/cluster/mb_qe17_direct_r3_s42_30812497/neb.out,0.0,0.0,31,6.958300857780802e-08,1.2588122119683298e-07
6fb429534168f740286dcbb64d2f8698cee1fb8da27c39a663ae88cb9d57e6e5,eea4a7befc0d00aa30afbb9d3a3696c117e678569ecd3712d3229988bc580aa0,3b6a0e515b1f89a4de49df2d2de05c3e0341654e59da7aa9fd38edee2c9facf3,mb_qe17_direct_r3_s42_30812497,Sb2Te3Cr_1-7_qe_r3,77,2,76,False,-133597.77082412253,-133597.77082417696,5.4424162954092026e-08,0.8389226444267538,0.478532,True,/Users/alina/Project/26MIgrationBench/cluster/mb_qe17_direct_r3_s42_30812497/neb.out,0.1677805045009627,0.27363827398434165,22,7.475889136081243e-08,1.2737246113999484e-07
65f71739047456cf7c4af2d6d12570c4917aa66dc17ec758aa7b787fc0538f25,8caa6ddd5e7e2b673dda63005c80e8418743aecb2dff493ec63626d1638fc855,687bc77c4185f6651048fa0fdcb63461473d0775152e89615a1a53f38954401e,mb_qe17_direct_r3_s42_30812497,Sb2Te3Cr_1-7_qe_r3,77,3,76,False,-133597.61061354855,-133597.610613554,5.4424162954092026e-09,0.28675271123910884,0.556393,True,/Users/alina/Project/26MIgrationBench/cluster/mb_qe17_direct_r3_s42_30812497/neb.out,0.37532589595077503,0.6121302987797809,39,7.380649101934192e-08,1.2788668181357805e-07
0c280832eee40139b71782f863133a9a6dbaa549a18b931f45061350b7aff023,2f8c59393e0e531f95cf100bd0dd6a3c76d9e1b6b3a24b73c85e3e8d3bb9152d,4b404dda419a6e644b3b8fc32c281c4ffb92a9c2643644cc22fbee51523ee489,mb_qe17_direct_r3_s42_30812497,Sb2Te3Cr_1-7_qe_r3,77,4,76,False,-133597.45544837372,-133597.45544837916,5.4424162954092026e-09,0.3401601514563927,0.198693,True,/Users/alina/Project/26MIgrationBench/cluster/mb_qe17_direct_r3_s42_30812497/neb.out,0.5194278270067966,0.8471504747487599,30,7.481865955028132e-08,1.282466362863277e-07
2ea97d76f26ac35419f5c2d3639142021b722c4d2c8ef8e30fd531dc14f50f4d,c3ed4fc9633dea0368ce1a6589b1d3a9f3811e4ea063910ea81c938809bcd841,489d371cccf2d6ee4d439513d8661169dcdbc245c31bf14bea626b3cc0ddc86e,mb_qe17_direct_r3_s42_30812497,Sb2Te3Cr_1-7_qe_r3,77,5,0,True,-133596.88187561775,-133596.88187555244,6.530899554491043e-08,0.2263000343221766,0.553976,True,/Users/alina/Project/26MIgrationBench/cluster/mb_qe17_direct_r3_s42_30812497/neb.out,0.6131470647653756,1.0,30,6.30085850981224e-08,1.256241108429923e-07
374da0765aff4422170a5c5d78b1d8f3207dfdb078148159023483c17228faee,433820fb401af9da65dfde32aee1c77975189d28b1f2cb3223b8b292e4012f72,d73c7fe4f4acdf0f98cc89ae74cd8d4f7cb56e554abc0ebb99ff5ca052fa1bf7,mb_qe17_direct_r3_s42_30812497,Sb2Te3Cr_1-7_qe_r3,78,1,0,True,-133597.43980903763,-133597.43980900772,2.991873770952225e-08,0.23376266186467842,0.233763,True,/Users/alina/Project/26MIgrationBench/cluster/mb_qe17_direct_r3_s42_30812497/neb.out,0.0,0.0,31,6.958300857780802e-08,1.2588122119683298e-07
575a260c5894884ae092f7e1af9ab23f717250f50c5f23b31d80d44623c42ab4,c9ebc3f638f9bd6e6b381e502113f74f78abd655f39102c75f046dd122986252,fd02c87b3f29e8bef96b34e3e51e70259397c31221e717978f55593940706e8f,mb_qe17_direct_r3_s42_30812497,Sb2Te3Cr_1-7_qe_r3,78,2,77,False,-133597.78000238707,-133597.78000232994,5.713081918656826e-08,0.8326023299181718,0.487454,True,/Users/alina/Project/26MIgrationBench/cluster/mb_qe17_direct_r3_s42_30812497/neb.out,0.16795606794699494,0.2737097072966584,19,7.32772719787634e-08,1.280923700840847e-07
72014c25fbdb0eadc936d8aefe20a781c4ac23bff476448328a3e2e73e4fe6d4,200d88f10087454890c31d4d505eda7bc16fa287f52c567b7199a559ec9e8041,893d5c50ae489b0e4198e160356454def85b27b5d96311a575b7c6f60a9c305b,mb_qe17_direct_r3_s42_30812497,Sb2Te3Cr_1-7_qe_r3,78,3,77,False,-133597.61102961062,-133597.6110296188,8.17817635834217e-09,0.3024188489141799,0.605987,True,/Users/alina/Project/26MIgrationBench/cluster/mb_qe17_direct_r3_s42_30812497/neb.out,0.3757296200863051,0.6123080016910295,19,7.330779335301534e-08,1.284523245565633e-07
6e2b61e35e27e9a9c4e5ec886a602b8fc1fdead32da00e1144302084f0faf522,e902e3c2d121ad09dbe319baf69a5ab9c91f2ec3cd2f4db67f354a98a079f6c9,6b4edafb8f528423e8349984e40d20f713d774a10a81f2f7d944307ead0594b8,mb_qe17_direct_r3_s42_30812497,Sb2Te3Cr_1-7_qe_r3,78,4,77,False,-133597.46048438497,-133597.46048444757,6.26023393124342e-08,0.33564729616681166,0.221065,True,/Users/alina/Project/26MIgrationBench/cluster/mb_qe17_direct_r3_s42_30812497/neb.out,0.5197727324820388,0.8470479465698196,19,7.744376465508233e-08,1.2850374662336326e-07
af66b74b042d26fbf00f90f76d8fa6daf701ad2ffe9d3752243a8581b9e8a850,f4f62ed11b68872333bad409d268ef499d4798a1b8d11de877c0c117b8360c96,489d371cccf2d6ee4d439513d8661169dcdbc245c31bf14bea626b3cc0ddc86e,mb_qe17_direct_r3_s42_30812497,Sb2Te3Cr_1-7_qe_r3,78,5,0,True,-133596.88187561775,-133596.88187555244,6.530899554491043e-08,0.2263000343221766,0.563961,True,/Users/alina/Project/26MIgrationBench/cluster/mb_qe17_direct_r3_s42_30812497/neb.out,0.6136284664721697,1.0,30,6.30085850981224e-08,1.256241108429923e-07
88a645e449f7a0832643b6b1ca10ade7282554131dd8053f0c249639eda383bf,a7bed215be8a4cd73102bb5f40aa238147dd230a02305d8c26088fb630fa68ea,d73c7fe4f4acdf0f98cc89ae74cd8d4f7cb56e554abc0ebb99ff5ca052fa1bf7,mb_qe17_direct_r3_s42_30812497,Sb2Te3Cr_1-7_qe_r3,79,1,0,True,-133597.43980903763,-133597.43980900772,2.991873770952225e-08,0.23376266186467842,0.233763,True,/Users/alina/Project/26MIgrationBench/cluster/mb_qe17_direct_r3_s42_30812497/neb.out,0.0,0.0,31,6.958300857780802e-08,1.2588122119683298e-07
b9d2142255a1b5cab989bb958fc2cd84a66db0014beee0453af7bdd8a3c5b3e9,dbf1c06b5f3f092b5521731509b095dc82b73fa9238c783b6e3700807a446f3e,b8f26c9b0778762833aacc93a0d208790f6341bdec55191a4336b25b5cb6ccbf,mb_qe17_direct_r3_s42_30812497,Sb2Te3Cr_1-7_qe_r3,79,2,78,False,-133597.78212882084,-133597.78212880724,1.359148882329464e-08,0.8313834958352043,0.489607,True,/Users/alina/Project/26MIgrationBench/cluster/mb_qe17_direct_r3_s42_30812497/neb.out,0.16798668153764126,0.27373264754460175,13,7.443981804643408e-08,1.2850374662282116e-07
1db3d31972bbfe781adb5685c4f3cc00376f1cef5bca9fab1a6206ad34a22924,5b957f0920401027be185301e492bccb3e660312ef157ffb2c4548f5dcfce7ff,159434729fddfe6d22a9de81dbbd8c0c0a930b0602282f9182c271c4e973590e,mb_qe17_direct_r3_s42_30812497,Sb2Te3Cr_1-7_qe_r3,79,3,78,False,-133597.61128539767,-133597.61128535957,3.809691406786442e-08,0.30397014182845894,0.612487,True,/Users/alina/Project/26MIgrationBench/cluster/mb_qe17_direct_r3_s42_30812497/neb.out,0.3757513382070723,0.6122831148539705,13,7.815343331440736e-08,1.2778383767786394e-07
fff7029d8071410ee24cd10f979901005f258fa6e788af2228695fe70438e07e,70a9a51a1aab82378d927218ab21fc0afc02001d429580333b80c5dd783b6a52,91d230bd31b4e2f6aa0bfa2681fde1869473266f401658a802bdf22bb7cceefe,mb_qe17_direct_r3_s42_30812497,Sb2Te3Cr_1-7_qe_r3,79,4,78,False,-133597.46128086225,-133597.4612808677,5.4424162954092026e-09,0.3310297186103868,0.224146,True,/Users/alina/Project/26MIgrationBench/cluster/mb_qe17_direct_r3_s42_30812497/neb.out,0.5198660189990918,0.8471165716623023,11,7.440756385674314e-08,1.283494804327212e-07
8c2328cdac71b5fcdac4a167a3fc991005969b5f3f61e4d3092036a7ea8877f4,e0c8155b7ba7bba0f9eea6a7496c519a80115bfe9fe916ac6e0e6784604c0fb9,489d371cccf2d6ee4d439513d8661169dcdbc245c31bf14bea626b3cc0ddc86e,mb_qe17_direct_r3_s42_30812497,Sb2Te3Cr_1-7_qe_r3,79,5,0,True,-133596.88187561775,-133596.88187555244,6.530899554491043e-08,0.2263000343221766,0.565463,True,/Users/alina/Project/26MIgrationBench/cluster/mb_qe17_direct_r3_s42_30812497/neb.out,0.6136888787088126,1.0,30,6.30085850981224e-08,1.256241108429923e-07
e6aa9e5de856629b7f3e7a89753512eec89ffbc31aa17907dbede2a4575865ff,5bbc603f63d12f20eb3dd340cf1acb4d2f5525befcb46c7acbb6a72309a9844f,d73c7fe4f4acdf0f98cc89ae74cd8d4f7cb56e554abc0ebb99ff5ca052fa1bf7,mb_qe17_direct_r3_s42_30812497,Sb2Te3Cr_1-7_qe_r3,80,1,0,True,-133597.43980903763,-133597.43980900772,2.991873770952225e-08,0.23376266186467842,0.233763,True,/Users/alina/Project/26MIgrationBench/cluster/mb_qe17_direct_r3_s42_30812497/neb.out,0.0,0.0,31,6.958300857780802e-08,1.2588122119683298e-07
a72b8019b742544d238c6440327dfbb7752a3f80da1aa028d54b7f893aed090e,66b6ac8e8db8437c948a47a1774057410163d17d433964f96b72b25f68ef5ed6,755512540d4b27baec051bb7c8c7e0a8058c404970a67cc1e34823eb3a1717c6,mb_qe17_direct_r3_s42_30812497,Sb2Te3Cr_1-7_qe_r3,80,2,79,False,-133597.78258338704,-133597.78258342514,3.809691406786442e-08,0.8312588948868035,0.487229,True,/Users/alina/Project/26MIgrationBench/cluster/mb_qe17_direct_r3_s42_30812497/neb.out,0.16845530448268614,0.2741037873853878,11,7.631383237379101e-08,1.2845232455482858e-07
506eb351b61bd68e8bdcae0203b3e1975d7a0cae4e2d4da067f24dec594bc286,f2095829ce1850e15f27dd6a737974f7219e29e3a8b5cd03e143ba19a223319a,93c84374430ad4bd5e6cc4552f720d53628df8667fef64bd3088afe5245c9dad,mb_qe17_direct_r3_s42_30812497,Sb2Te3Cr_1-7_qe_r3,80,3,79,False,-133597.61148322443,-133597.61148318363,4.080357030034065e-08,0.2991100459002606,0.616158,True,/Users/alina/Project/26MIgrationBench/cluster/mb_qe17_direct_r3_s42_30812497/neb.out,0.37597090196273,0.6117649336787531,11,7.177269026518908e-08,1.277324156111724e-07
5b42303ce9e04f20242a0aad5125af26372769e5f912f42b2694ca629875b83d,6935c9d107d79be5ab5b974769974da28c301b10140c8f1cb0184cefabfd6434,0576fc2413040dff23ccf34255b810786e90a739e91bafafa2f4a87e9d547c6c,mb_qe17_direct_r3_s42_30812497,Sb2Te3Cr_1-7_qe_r3,80,4,79,False,-133597.46118575844,-133597.46118581286,5.4424162954092026e-08,0.33562733633456365,0.220288,True,/Users/alina/Project/26MIgrationBench/cluster/mb_qe17_direct_r3_s42_30812497/neb.out,0.5213716600455374,0.8483552779341359,11,7.77514350434529e-08,1.2546984463901456e-07
9b1e9ed1b557701f72d8039573c148718ab994fb54f0b9ab8cd9f122554917a8,194e3f0567e2fe4bf644cacaaeea5e4bd3f36c974628029fe61e9567871103d3,489d371cccf2d6ee4d439513d8661169dcdbc245c31bf14bea626b3cc0ddc86e,mb_qe17_direct_r3_s42_30812497,Sb2Te3Cr_1-7_qe_r3,80,5,0,True,-133596.88187561775,-133596.88187555244,6.530899554491043e-08,0.2263000343221766,0.565017,True,/Users/alina/Project/26MIgrationBench/cluster/mb_qe17_direct_r3_s42_30812497/neb.out,0.6145675916759197,1.0,30,6.30085850981224e-08,1.256241108429923e-07
6164d3ba17a4672a9934b8c8736daadcdbe9705a54ac1199c729c9fbe6145742,04fe07a4bb6373ec7e4cd4ca6a0f86edc8e643c8a8423a34351c20a1f23d5ab4,d73c7fe4f4acdf0f98cc89ae74cd8d4f7cb56e554abc0ebb99ff5ca052fa1bf7,mb_qe17_direct_r3_s42_30812497,Sb2Te3Cr_1-7_qe_r3,81,1,0,True,-133597.43980903763,-133597.43980900772,2.991873770952225e-08,0.23376266186467842,0.233763,True,/Users/alina/Project/26MIgrationBench/cluster/mb_qe17_direct_r3_s42_30812497/neb.out,0.0,0.0,31,6.958300857780802e-08,1.2588122119683298e-07
a0f282edd11f515b943f1eee60331e5be96598bd46a8fedd718aa5bde745bf37,ecae2539942cebc0f6887675b3b6e683919ad928c93832389e6e33545fc9d074,42b62b17a60d0fcb52b525e1480106da6639bbbaf00169e4f57b97e587111d05,mb_qe17_direct_r3_s42_30812497,Sb2Te3Cr_1-7_qe_r3,81,2,80,False,-133597.78959562525,-133597.78959566331,3.8067810237407684e-08,0.8318911256725535,0.477572,True,/Users/alina/Project/26MIgrationBench/cluster/mb_qe17_direct_r3_s42_30812497/neb.out,0.17765542122719083,0.2801787743288652,18,6.923407719566985e-08,1.2752672731708437e-07
cded04d210c8d9ade3098b34c7eb4aa25af2a5ff99737fc8496597764970ac08,5e614bfac7f4e0a7d08e2ed19980a4027e5751aec51b3f3a771d29c87829a9c4,6273e71992f384c8f1a82b0ba2dcfce84751e3032dd80d9b3c09478292ac3e12,mb_qe17_direct_r3_s42_30812497,Sb2Te3Cr_1-7_qe_r3,81,3,80,False,-133597.614691719,-133597.61469175163,3.262539394199848e-08,0.26357430004978616,0.530877,True,/Users/alina/Project/26MIgrationBench/cluster/mb_qe17_direct_r3_s42_30812497/neb.out,0.38258322365890407,0.6033685768950334,17,6.79082522303938e-08,1.2793810387490279e-07
3f77831df7f76e65a06290e724fbfa94fffc7f3fb1034d3063c20181b44889a6,3b7cb81c4f4ff63319e375bc5fbeedc1492acfab8aec9f4fbaaf1123b9df2ac1,f415b4004b9c16285444a3c04c07712b2f3341598ba977ec44c429ae5ebe54c0,mb_qe17_direct_r3_s42_30812497,Sb2Te3Cr_1-7_qe_r3,81,4,80,False,-133597.4586593173,-133597.45865933632,1.9033905118703842e-08,0.33952087723620406,0.170656,True,/Users/alina/Project/26MIgrationBench/cluster/mb_qe17_direct_r3_s42_30812497/neb.out,0.5517577233681835,0.8701721658248052,19,7.79639795536798e-08,1.284009024890044e-07
3c1a3c2927f1bf147f5b696445837336855adc00dfa7140eb1c87239284a7ddb,7d98716d9309913c98efff260ca6e9bebdff09fc7f6353fcd4ad7f634e5ec232,489d371cccf2d6ee4d439513d8661169dcdbc245c31bf14bea626b3cc0ddc86e,mb_qe17_direct_r3_s42_30812497,Sb2Te3Cr_1-7_qe_r3,81,5,0,True,-133596.88187561775,-133596.88187555244,6.530899554491043e-08,0.2263000343221766,0.55716,True,/Users/alina/Project/26MIgrationBench/cluster/mb_qe17_direct_r3_s42_30812497/neb.out,0.6340788007683422,1.0,30,6.30085850981224e-08,1.256241108429923e-07
bbf5d5a0a851ba5104143cd33be1765ae3ae2533de1e51968980ff774bcb5217,8db0181c31273025c3068d2ebce3b2866d1a35649e40606f097e4e9abc72dd9b,d73c7fe4f4acdf0f98cc89ae74cd8d4f7cb56e554abc0ebb99ff5ca052fa1bf7,mb_qe17_direct_r3_s42_30812497,Sb2Te3Cr_1-7_qe_r3,82,1,0,True,-133597.43980903763,-133597.43980900772,2.991873770952225e-08,0.23376266186467842,0.233763,True,/Users/alina/Project/26MIgrationBench/cluster/mb_qe17_direct_r3_s42_30812497/neb.out,0.0,0.0,31,6.958300857780802e-08,1.2588122119683298e-07
773e985d0090d44b7abe0db6eb25b615d156b4309969f8aeb61d13b53a08e997,85471173c01763d5b0465b1a9709d114d40ed6412ac6f219802486482c6225ca,67577c47aec498768a3633cb4e8fc680d892f62ee492037bcde5299ed736de88,mb_qe17_direct_r3_s42_30812497,Sb2Te3Cr_1-7_qe_r3,82,2,81,False,-133597.90886898158,-133597.90886900065,1.9063008949160576e-08,0.8666680974389216,0.638673,True,/Users/alina/Project/26MIgrationBench/cluster/mb_qe17_direct_r3_s42_30812497/neb.out,0.1744314222424112,0.27822714081446476,27,7.210641893519431e-08,1.278866818138491e-07
22fc47122dcb05f48121e0716152d08e8a823644e96e9b6a0b4d6bfda284d395,e185146a3131082a5d6d90ae5e10d0bb4942845523650dff15eb63b4604841ee,6a6aab826f974db79036f74c189a7944f9ec75a74109aed66dd64533787302c4,mb_qe17_direct_r3_s42_30812497,Sb2Te3Cr_1-7_qe_r3,82,3,81,False,-133597.6280861157,-133597.62808615924,4.353933036327362e-08,0.33341777725945393,0.788085,True,/Users/alina/Project/26MIgrationBench/cluster/mb_qe17_direct_r3_s42_30812497/neb.out,0.3799120509698345,0.6059793719700346,29,7.389287789093222e-08,1.28400902486836e-07
e1bccdd76555d091e85977baba2b982b136b4ea254c71f9d3ac2773295efe005,70c399b5f9184feee3d73360bdea1b69285369b07276246345db9f9f63a77ab3,b421af6d4316cc5aa3b386e3ad34dd0d7917601d7a54c97d7aa95a9dc0e94121,mb_qe17_direct_r3_s42_30812497,Sb2Te3Cr_1-7_qe_r3,82,4,81,False,-133597.401323838,-133597.40132382442,1.359148882329464e-08,0.4155303096997882,0.863506,True,/Users/alina/Project/26MIgrationBench/cluster/mb_qe17_direct_r3_s42_30812497/neb.out,0.5409519068692434,0.8628462717984299,28,7.499975290637585e-08,1.2845232455580436e-07
e059a4c514d6631fadb1e99632265b3025930eea3a8346623663ee33801847f1,95a486a81da9d477a11f1b481918799aad639b536e8a4dd8df583919550216a9,489d371cccf2d6ee4d439513d8661169dcdbc245c31bf14bea626b3cc0ddc86e,mb_qe17_direct_r3_s42_30812497,Sb2Te3Cr_1-7_qe_r3,82,5,0,True,-133596.88187561775,-133596.88187555244,6.530899554491043e-08,0.2263000343221766,0.427966,True,/Users/alina/Project/26MIgrationBench/cluster/mb_qe17_direct_r3_s42_30812497/neb.out,0.6269389166412433,1.0,30,6.30085850981224e-08,1.256241108429923e-07
c5231da8f28bc2e1124bbb85d37da9b02d0aecd3503659fab7c2d35be60a74d2,1c88070b51e52014fd38710711b4e118e1c2a59f78ba72b5eaf8fefaf2cab665,d73c7fe4f4acdf0f98cc89ae74cd8d4f7cb56e554abc0ebb99ff5ca052fa1bf7,mb_qe17_direct_r3_s42_30812497,Sb2Te3Cr_1-7_qe_r3,83,1,0,True,-133597.43980903763,-133597.43980900772,2.991873770952225e-08,0.23376266186467842,0.233763,True,/Users/alina/Project/26MIgrationBench/cluster/mb_qe17_direct_r3_s42_30812497/neb.out,0.0,0.0,31,6.958300857780802e-08,1.2588122119683298e-07
833ce7dc30ea52c051ac95eac912b59a03b70841790bebb8cab819ec40cca504,39bc6e6328f650dce70c28cf55c75bded9ca01c0a601b42910a49e495652f93d,39fd2cc24ddcad763eacc26f99d6d895c246b8a8bb9a1311969c3e11bfef8265,mb_qe17_direct_r3_s42_30812497,Sb2Te3Cr_1-7_qe_r3,83,2,82,False,-133597.87122012393,-133597.87122015387,2.994784153997898e-08,0.849648705669229,0.541465,True,/Users/alina/Project/26MIgrationBench/cluster/mb_qe17_direct_r3_s42_30812497/neb.out,0.17257491575559483,0.2769715324013268,22,7.430120385090401e-08,1.2701250666664887e-07
99cc6256f0b24a6375fb80306d2f545334903b924c2328f2fe3d9a417005a6d5,653a2a41d3680caf9c8fb37205690d7e416983785da09f668ccd4f5527f5b709,5d42bd5a928713586cfa9a3f75177612a11345e81b85497e36ab611465ea609c,mb_qe17_direct_r3_s42_30812497,Sb2Te3Cr_1-7_qe_r3,83,3,82,False,-133597.63300321318,-133597.63300327578,6.26023393124342e-08,0.16859904912397342,0.353685,True,/Users/alina/Project/26MIgrationBench/cluster/mb_qe17_direct_r3_s42_30812497/neb.out,0.3786080303778361,0.6076413011361862,25,7.048529330538663e-08,1.2742388320646954e-07
3c865ed874ee49df97f551397129258638aea19a945c94ed6b527a383e47a688,702ed1ca72d8185646e818a8465d5b0ec3c065a253e8f701cf8e1f5065f74500,83ecc47d76acdda91cb37c5d5741522eeb963b16bc1ef5f1452858d92c916179,mb_qe17_direct_r3_s42_30812497,Sb2Te3Cr_1-7_qe_r3,83,4,82,False,-133597.4235412546,-133597.42354124915,5.4424162954092026e-09,0.39201797776974184,0.506182,True,/Users/alina/Project/26MIgrationBench/cluster/mb_qe17_direct_r3_s42_30812497/neb.out,0.5348223932603025,0.8583552086656526,23,7.460096736700259e-08,1.2834948041884342e-07
c178c7f4de3294acf620ff9f2fe2adb517b8b7b007fb42448f82aff29cc92c88,71c922f748f87ac1d9aaadce12bbaa8577a9013911489f3593503de9140cec90,489d371cccf2d6ee4d439513d8661169dcdbc245c31bf14bea626b3cc0ddc86e,mb_qe17_direct_r3_s42_30812497,Sb2Te3Cr_1-7_qe_r3,83,5,0,True,-133596.88187561775,-133596.88187555244,6.530899554491043e-08,0.2263000343221766,0.469868,True,/Users/alina/Project/26MIgrationBench/cluster/mb_qe17_direct_r3_s42_30812497/neb.out,0.6230781707397165,1.0,30,6.30085850981224e-08,1.256241108429923e-07
2abdbe504a8e97efb3fc7d989847e09a95acf2ee82e4d1ee546364b59ec08e0a,8d1b31eff28b23655922a56d6c2355fc86d3b9afd230f57534386afd998a8732,d73c7fe4f4acdf0f98cc89ae74cd8d4f7cb56e554abc0ebb99ff5ca052fa1bf7,mb_qe17_direct_r3_s42_30812497,Sb2Te3Cr_1-7_qe_r3,84,1,0,True,-133597.43980903763,-133597.43980900772,2.991873770952225e-08,0.23376266186467842,0.233763,True,/Users/alina/Project/26MIgrationBench/cluster/mb_qe17_direct_r3_s42_30812497/neb.out,0.0,0.0,31,6.958300857780802e-08,1.2588122119683298e-07
a8a9ac7b00242ee5051ce2ee6c27824f1c5aacd921c2010ef083a3b0fab220ed,56db6461d657575e760a570c4aa3eea5a9bf17d3a4a72ec082dd8959a881504b,20a7f0907147ccb215a549b023a0ab1e1e05130971e7489920b8be114ec1a522,mb_qe17_direct_r3_s42_30812497,Sb2Te3Cr_1-7_qe_r3,84,2,83,False,-133597.84840977125,-133597.8484097141,5.7159923017024994e-08,0.8407292500549995,0.449469,True,/Users/alina/Project/26MIgrationBench/cluster/mb_qe17_direct_r3_s42_30812497/neb.out,0.1726290070664064,0.27697851181766614,22,7.655077246457432e-08,1.2834948041884342e-07
1b4fca4feef7e16656fee0f810ee9dcbef2ed4c9338002cccaf07c41f2e7d23a,e5263ea5d3fa4a4af2f53ae42ca495da48c36a26911afb7b36b812adcd3d8c73,eb20838f5a6a8d25fba5ce2fd4d4421eb8305d763dbf8159b7dc8a3d32e07f5c,mb_qe17_direct_r3_s42_30812497,Sb2Te3Cr_1-7_qe_r3,84,3,83,False,-133597.63150468215,-133597.63150471752,3.536115400493145e-08,0.11196183239763317,0.10189,True,/Users/alina/Project/26MIgrationBench/cluster/mb_qe17_direct_r3_s42_30812497/neb.out,0.3786891249562491,0.60759632494189,25,7.218753749673319e-08,1.2834948042231287e-07
426d557b06a2d130b8d3f29cd7b580f1eea212f8edf1bc11e9086b7a3081dd1d,3d711356dcdfb25dbb8b3e30c609d7a2954cb9614d9544810b341a16589babec,049d48bb434e87be0559600fa5fc4c8784c45353975d749abcc6a80649a63287,mb_qe17_direct_r3_s42_30812497,Sb2Te3Cr_1-7_qe_r3,84,4,83,False,-133597.43595454478,-133597.43595448762,5.7159923017024994e-08,0.37570741772526234,0.324811,True,/Users/alina/Project/26MIgrationBench/cluster/mb_qe17_direct_r3_s42_30812497/neb.out,0.5350137974719025,0.8584149787102785,23,7.107202850952797e-08,1.2819521422180458e-07
48f5953f9e55259da575d32397c42861a0f4f7b49c78f02a4d55c5786ca30703,a0a6bb280e7774f552eac06aa8ae0ccf5e1c605991136b1c56af8bd9effbeb73,489d371cccf2d6ee4d439513d8661169dcdbc245c31bf14bea626b3cc0ddc86e,mb_qe17_direct_r3_s42_30812497,Sb2Te3Cr_1-7_qe_r3,84,5,0,True,-133596.88187561775,-133596.88187555244,6.530899554491043e-08,0.2263000343221766,0.496531,True,/Users/alina/Project/26MIgrationBench/cluster/mb_qe17_direct_r3_s42_30812497/neb.out,0.6232577608043739,1.0,30,6.30085850981224e-08,1.256241108429923e-07
0236d77f6b3752a8cb440ed711734c5f84b6543070af74c0c5cc019dbe52304a,a7b983a1da20adf1fa6eab9c3e042914ebce3891d140143a6f1e9ef988ddcfa9,d73c7fe4f4acdf0f98cc89ae74cd8d4f7cb56e554abc0ebb99ff5ca052fa1bf7,mb_qe17_direct_r3_s42_30812497,Sb2Te3Cr_1-7_qe_r3,85,1,0,True,-133597.43980903763,-133597.43980900772,2.991873770952225e-08,0.23376266186467842,0.233763,True,/Users/alina/Project/26MIgrationBench/cluster/mb_qe17_direct_r3_s42_30812497/neb.out,0.0,0.0,31,6.958300857780802e-08,1.2588122119683298e-07
73fbdd03b871ce0677bfaea2873940901bdd6be495115f3b6067e95df1435fb5,aafaade6a6480d9538ef20d2e0d72350a08734fa908840245dcdc85ccc47dfb4,c90c6b18e49480a55167089e7e54bfd24066187c05c78759f88f5f6964c4e616,mb_qe17_direct_r3_s42_30812497,Sb2Te3Cr_1-7_qe_r3,85,2,84,False,-133597.84952679864,-133597.8495267524,4.6245986595749855e-08,0.8403650907391881,0.450601,True,/Users/alina/Project/26MIgrationBench/cluster/mb_qe17_direct_r3_s42_30812497/neb.out,0.17263444131398792,0.2769451128893739,13,7.011295839737532e-08,1.2845232455569594e-07
2619baf3fc682c738f5e9fff6c8470c885316feced035fd70dc9a4c09ebb52cf,e2363140393914c5ac4ee76e83701a25f2bde30544559721d900b5f6c3de137f,71707aaa0963a99622d18fe4bc87f64b6fc1c2df49ad42d3f0f32eb86756bd47,mb_qe17_direct_r3_s42_30812497,Sb2Te3Cr_1-7_qe_r3,85,3,84,False,-133597.63163107904,-133597.63163103006,4.898174665868282e-08,0.11092288960459179,0.109849,True,/Users/alina/Project/26MIgrationBench/cluster/mb_qe17_direct_r3_s42_30812497/neb.out,0.37874751799737616,0.607597611055926,11,7.446140124274137e-08,1.278866818069102e-07
b1c061f6cf49e2d9f34f72dd7807e3c9ef0403255c69419779e72670ab21a3f8,a36fdb1182ecaebc646a7fdfe675d18a85a9245907bb7b13adee02e8d122db27,81b997c3ea35b07a4a02ae99473dad79cfb70bec755be7b6a6cb437a4ebc61d7,mb_qe17_direct_r3_s42_30812497,Sb2Te3Cr_1-7_qe_r3,85,4,84,False,-133597.43593821794,-133597.43593824244,2.450542524456978e-08,0.37146250924927704,0.319348,True,/Users/alina/Project/26MIgrationBench/cluster/mb_qe17_direct_r3_s42_30812497/neb.out,0.5350471786158537,0.8583380011257479,11,7.511394520850626e-08,1.284523245565633e-07
6e4257602dc2be289a1aa05c7e249d9c7ad09eaa9cb01463c27969dd8c54adee,f73901a1f41e39c4b18d12e5c16c5d8f1a550ed29dab7c3e361e7cbbd6f5c6ac,489d371cccf2d6ee4d439513d8661169dcdbc245c31bf14bea626b3cc0ddc86e,mb_qe17_direct_r3_s42_30812497,Sb2Te3Cr_1-7_qe_r3,85,5,0,True,-133596.88187561775,-133596.88187555244,6.530899554491043e-08,0.2263000343221766,0.496327,True,/Users/alina/Project/26MIgrationBench/cluster/mb_qe17_direct_r3_s42_30812497/neb.out,0.6233525463326987,1.0,30,6.30085850981224e-08,1.256241108429923e-07
29f60f544eaa7fb18d0dbe4def9fc216bdd2c1e019367bb04d03c71c528f670b,1d1b0aba4152440e0e856fe017ab13a45176426004a7d4c7355e8727219e05e7,d73c7fe4f4acdf0f98cc89ae74cd8d4f7cb56e554abc0ebb99ff5ca052fa1bf7,mb_qe17_direct_r3_s42_30812497,Sb2Te3Cr_1-7_qe_r3,86,1,0,True,-133597.43980903763,-133597.43980900772,2.991873770952225e-08,0.23376266186467842,0.233763,True,/Users/alina/Project/26MIgrationBench/cluster/mb_qe17_direct_r3_s42_30812497/neb.out,0.0,0.0,31,6.958300857780802e-08,1.2588122119683298e-07
217c270532fc420d28552dad1b907d1ee631cfa3663c421157590eb1dd999207,04c57a8d52ee8d42596b33d1402dd9a39b6648fc51b8cb0efed6f7b7a5a76a4d,c4b3aebb72a700412a0724b33ac21c90b5b6b33c19c9e5541eb609b08f2792ac,mb_qe17_direct_r3_s42_30812497,Sb2Te3Cr_1-7_qe_r3,86,2,85,False,-133597.8501174218,-133597.85011748166,5.986657924950123e-08,0.8407167647786871,0.450878,True,/Users/alina/Project/26MIgrationBench/cluster/mb_qe17_direct_r3_s42_30812497/neb.out,0.17264107083737046,0.2769113885615812,11,7.02872939908911e-08,1.2521273430468952e-07
b38c456bc26b2c7ffbf25996edc7b9e779703b19cedc11f548a21ac3eb64e429,a264b894324c495fd98bdbef934473acd7a09817d8f1b0a5a5e62e5c935dd1bc,b494d2c01c3f0c0ff7031bfcee86c90193de2c2564a3d0633185937a365924d3,mb_qe17_direct_r3_s42_30812497,Sb2Te3Cr_1-7_qe_r3,86,3,85,False,-133597.63169638638,-133597.6316963401,4.627509042620659e-08,0.11000377866187161,0.102737,True,/Users/alina/Project/26MIgrationBench/cluster/mb_qe17_direct_r3_s42_30812497/neb.out,0.378807750753891,0.6075969046668074,11,7.503223676223258e-08,1.268582404678753e-07
75fc8ff65f958e2fd43dadc1a75dde710be4b19a86cc21c6a01c2bae189ec303,9e94cbf29de1dacf03f469ad51051a663ed75dd3f8cdb7a859c6a3fe0400e864,37820851ea206ef8ccfa57f350b1a6869cbb053ae3a918b98399fa312c99e556,mb_qe17_direct_r3_s42_30812497,Sb2Te3Cr_1-7_qe_r3,86,4,85,False,-133597.4363126466,-133597.4363126793,3.268360160291195e-08,0.3740121570803453,0.337339,True,/Users/alina/Project/26MIgrationBench/cluster/mb_qe17_direct_r3_s42_30812497/neb.out,0.5350862494759945,0.8582631909308837,11,7.694538907029882e-08,1.2783525974585652e-07
216ae6c11f07c725f4eca234f7c48865f773f535e40852fba33e54125aae806c,31ec78634b6ec10b9b36858bf90f18ea4ef69c2e7203ed23e5efca7cc10f1c45,489d371cccf2d6ee4d439513d8661169dcdbc245c31bf14bea626b3cc0ddc86e,mb_qe17_direct_r3_s42_30812497,Sb2Te3Cr_1-7_qe_r3,86,5,0,True,-133596.88187561775,-133596.88187555244,6.530899554491043e-08,0.2263000343221766,0.496982,True,/Users/alina/Project/26MIgrationBench/cluster/mb_qe17_direct_r3_s42_30812497/neb.out,0.623452403796594,1.0,30,6.30085850981224e-08,1.256241108429923e-07
62d61b9817f81432125d984bbc2d3302e81adbe9ce2df8856f5de6c4d10d3924,a297d4cff765f02e1350318554851809015eaa59a4bee4eae9f50b0a771cf0c2,d73c7fe4f4acdf0f98cc89ae74cd8d4f7cb56e554abc0ebb99ff5ca052fa1bf7,mb_qe17_direct_r3_s42_30812497,Sb2Te3Cr_1-7_qe_r3,87,1,0,True,-133597.43980903763,-133597.43980900772,2.991873770952225e-08,0.23376266186467842,0.233763,True,/Users/alina/Project/26MIgrationBench/cluster/mb_qe17_direct_r3_s42_30812497/neb.out,0.0,0.0,31,6.958300857780802e-08,1.2588122119683298e-07
a237b28448906a705e1bf0eddc5e5a60032a4f5bbc07a1cc34664a486186c812,c9d075cbf7fe3e769361ec3e2f8975879db268545a5dee2cb200bd99c28359dc,bc6672add85a6f4b6453c2fff46b3f4f5b99ae3aadcd2e7fecd04c5fe478ff55,mb_qe17_direct_r3_s42_30812497,Sb2Te3Cr_1-7_qe_r3,87,2,86,False,-133597.85072981403,-133597.8507298739,5.986657924950123e-08,0.8399612568573521,0.449554,True,/Users/alina/Project/26MIgrationBench/cluster/mb_qe17_direct_r3_s42_30812497/neb.out,0.17265288236157966,0.2768444915203291,11,6.661134629026616e-08,1.2804094801609212e-07
d30d4fe3c74c0944edeca00855d522a73305f7d3811e62f27016276d3feba151,5ab217b6e9f532c9f2e9ef6d04eb69dd935ea389f0355976940fa50467697bee,194a4c8a37bb397c3b5757ef099c7e49919763a8505f3fc223b00046c640902b,mb_qe17_direct_r3_s42_30812497,Sb2Te3Cr_1-7_qe_r3,87,3,86,False,-133597.63175829226,-133597.63175824875,4.351022653281689e-08,0.10781642424152246,0.100985,True,/Users/alina/Project/26MIgrationBench/cluster/mb_qe17_direct_r3_s42_30812497/neb.out,0.3789249717639178,0.6075965237153836,11,7.300208761787343e-08,1.2778383767092505e-07
0d320e65a2b9ffb265f0520832bd29e546c382def2a25657e01a0fe87cb22410,584572ae931d4b49d77b2992d310c414dda8433dc0d72095d009bc5e5cd2c4df,eaf9ec1dc9ac58e255555a985f239123f800c3eb2c7dd382179ae22ddfaa5625,mb_qe17_direct_r3_s42_30812497,Sb2Te3Cr_1-7_qe_r3,87,4,86,False,-133597.43668884406,-133597.4366888386,5.4424162954092026e-09,0.3736859759372979,0.333182,True,/Users/alina/Project/26MIgrationBench/cluster/mb_qe17_direct_r3_s42_30812497/neb.out,0.5351588848274693,0.8581136169066129,11,7.538968657057467e-08,1.2850374662347168e-07
4c282806e497ac2a6eef5a003155feb243bb25d05d0feee8dfae750f5f09bca7,f05ce965a43b3203b7fcb2f0d55b093431de6bcc381b2ae6a7ceb4b4ca31ef66,489d371cccf2d6ee4d439513d8661169dcdbc245c31bf14bea626b3cc0ddc86e,mb_qe17_direct_r3_s42_30812497,Sb2Te3Cr_1-7_qe_r3,87,5,0,True,-133596.88187561775,-133596.88187555244,6.530899554491043e-08,0.2263000343221766,0.497619,True,/Users/alina/Project/26MIgrationBench/cluster/mb_qe17_direct_r3_s42_30812497/neb.out,0.623645720431109,1.0,30,6.30085850981224e-08,1.256241108429923e-07
734dd6a21f0b9306896fb00ce71db7ab9628175bc2971f18724d599448c94972,8950ee7a942104288eec7ef46f3c740fb939a4e6c1b90cdc1710dc0e2c47cbd3,d73c7fe4f4acdf0f98cc89ae74cd8d4f7cb56e554abc0ebb99ff5ca052fa1bf7,mb_qe17_direct_r3_s42_30812497,Sb2Te3Cr_1-7_qe_r3,88,1,0,True,-133597.43980903763,-133597.43980900772,2.991873770952225e-08,0.23376266186467842,0.233763,True,/Users/alina/Project/26MIgrationBench/cluster/mb_qe17_direct_r3_s42_30812497/neb.out,0.0,0.0,31,6.958300857780802e-08,1.2588122119683298e-07
4cb6cf1752d028a498474e705ac422c44432c787ce9bffe41b3d7629e9addf5c,2dccde604cdbc8834181ceec1b9e47b4da446680d5b86ab7cffde561a280f6f8,071916ff2df11ce6777e875e3fe3b6dd72a321f3e87c4442a8ae37a1c0dd0285,mb_qe17_direct_r3_s42_30812497,Sb2Te3Cr_1-7_qe_r3,88,2,87,False,-133597.85191514203,-133597.85191516377,2.1740561351180077e-08,0.8385413134024426,0.446408,True,/Users/alina/Project/26MIgrationBench/cluster/mb_qe17_direct_r3_s42_30812497/neb.out,0.17268939488968926,0.2766454811923411,13,7.766157055872261e-08,1.2798952594983426e-07
2d2a2f9005813b73f86e55ff00245b0a62287b2baf1f2f11475c2ba84add4558,8fb2d840b1c98d0d9f3512d9de0a86b5881302509d516b2786c6cc63402d8907,ad0faa142f8fb8023c28d277512426c8a218f6676f14e7d813069a4aa2054264,mb_qe17_direct_r3_s42_30812497,Sb2Te3Cr_1-7_qe_r3,88,3,87,False,-133597.631874757,-133597.63187480328,4.627509042620659e-08,0.10263285232298439,0.099055,True,/Users/alina/Project/26MIgrationBench/cluster/mb_qe17_direct_r3_s42_30812497/neb.out,0.3792772443090383,0.6075957115039019,11,7.577464641598336e-08,1.2660113012097352e-07
a563c85e7d84673ba34a874ca11feae219d188dfa6cad9df34ae7b6a402194f6,49f3fcd68619a26c1632b50c57ec065c1d4f449c37e3a0b014a8eaa755c56dd4,049cd8f6ab3632cccd1bf0ce2f2c5d0cfebbe95c01b1e220e05d3199dece8d5c,mb_qe17_direct_r3_s42_30812497,Sb2Te3Cr_1-7_qe_r3,88,4,87,False,-133597.43741661258,-133597.43741656086,5.171750672161579e-08,0.37167664638771514,0.34013,True,/Users/alina/Project/26MIgrationBench/cluster/mb_qe17_direct_r3_s42_30812497/neb.out,0.5353791330749711,0.8576682892685671,11,7.230174004686843e-08,1.2809237008581942e-07
ce596297b4522ccd2fc3309ba6270e4ba11f81e8fe4fc2e21108b7d5f0739f69,555db73fe92e4bc32ca59dc97fe7ac89ea526d29690dcad421f000c6150f5f59,489d371cccf2d6ee4d439513d8661169dcdbc245c31bf14bea626b3cc0ddc86e,mb_qe17_direct_r3_s42_30812497,Sb2Te3Cr_1-7_qe_r3,88,5,0,True,-133596.88187561775,-133596.88187555244,6.530899554491043e-08,0.2263000343221766,0.498888,True,/Users/alina/Project/26MIgrationBench/cluster/mb_qe17_direct_r3_s42_30812497/neb.out,0.6242263352554993,1.0,30,6.30085850981224e-08,1.256241108429923e-07
d28fd5e73111ace1e55caa7ad745cf34731a2543057b053bf2e5fb62f2798721,5c4b70960ae370ea8cedc2f9bb3d7c741d42e5f076ff07e1f8740f1aafdff66f,d73c7fe4f4acdf0f98cc89ae74cd8d4f7cb56e554abc0ebb99ff5ca052fa1bf7,mb_qe17_direct_r3_s42_30812497,Sb2Te3Cr_1-7_qe_r3,89,1,0,True,-133597.43980903763,-133597.43980900772,2.991873770952225e-08,0.23376266186467842,0.233763,True,/Users/alina/Project/26MIgrationBench/cluster/mb_qe17_direct_r3_s42_30812497/neb.out,0.0,0.0,31,6.958300857780802e-08,1.2588122119683298e-07
62ffb07f497f827653ebffbe8c73aa90110d9b65aeb8b0f27fd9eef98fbf6ead,96e87208eedbc07a4142e166838f56b177b3a93fabcead0da6e73f7bb558888f,35443ee11b9dd3f3942b2747056acc95dedcf2f06ba45e098e0c7603dc4dde7a,mb_qe17_direct_r3_s42_30812497,Sb2Te3Cr_1-7_qe_r3,89,2,88,False,-133597.855452078,-133597.8554521052,2.7212081477046013e-08,0.8356574983482321,0.439271,True,/Users/alina/Project/26MIgrationBench/cluster/mb_qe17_direct_r3_s42_30812497/neb.out,0.17281221040417555,0.27601903321871013,16,7.849914509909341e-08,1.2850374662455588e-07
0adb40e2d2c80455bf3d8a5e8cc3ff9e571f7a91f8733cb930d02a1204c61705,992a52605bc9d6c932c7abbc53e99d4acd9ce7d1e467fbafa49d4cadeda7cff0,a3a378d5ae40d3635306da045483340dbe00989ea94bf72f10060a8f8d0a0691,mb_qe17_direct_r3_s42_30812497,Sb2Te3Cr_1-7_qe_r3,89,3,88,False,-133597.63221585174,-133597.63221586807,1.6327248886227608e-08,0.10914824556803986,0.097228,True,/Users/alina/Project/26MIgrationBench/cluster/mb_qe17_direct_r3_s42_30812497/neb.out,0.38040651655117164,0.6075927081945051,13,7.423281430374558e-08,1.2505846810374754e-07
27043cc83b04ba345500e2bc940ca72d63df2129db02a1aafa31ada3dddd0d16,99d3701c0c03db432459b13ec393c02379567ea158400c255c7f0ac77ba41ba6,db3b38843cc606d480d6de26ab8452d74af9c5cd1d0243b92ad4d5ee489aa319,mb_qe17_direct_r3_s42_30812497,Sb2Te3Cr_1-7_qe_r3,89,4,88,False,-133597.43963774198,-133597.43963775013,8.149072527885437e-09,0.3714800762482658,0.315941,True,/Users/alina/Project/26MIgrationBench/cluster/mb_qe17_direct_r3_s42_30812497/neb.out,0.5360942071070292,0.8562601242918758,14,7.436029683179602e-08,1.2845232455591278e-07
07945db0845f3b98e4c461ce58c06bbf991511ca10559824247ecc1588589760,31bc4d30fe45a7fba051a528ca4820e1929a00147750910108cfe538915f0dec,489d371cccf2d6ee4d439513d8661169dcdbc245c31bf14bea626b3cc0ddc86e,mb_qe17_direct_r3_s42_30812497,Sb2Te3Cr_1-7_qe_r3,89,5,0,True,-133596.88187561775,-133596.88187555244,6.530899554491043e-08,0.2263000343221766,0.502677,True,/Users/alina/Project/26MIgrationBench/cluster/mb_qe17_direct_r3_s42_30812497/neb.out,0.6260880214997484,1.0,30,6.30085850981224e-08,1.256241108429923e-07
9dde220be184753186061129e7db75c55ef0ba18901a9d788dbb90c8cfee3735,baca36f1dbce8dcaaa3711ac752709143ee12b810825d73702629173908b9a10,d73c7fe4f4acdf0f98cc89ae74cd8d4f7cb56e554abc0ebb99ff5ca052fa1bf7,mb_qe17_direct_r3_s42_30812497,Sb2Te3Cr_1-7_qe_r3,90,1,0,True,-133597.43980903763,-133597.43980900772,2.991873770952225e-08,0.23376266186467842,0.233763,True,/Users/alina/Project/26MIgrationBench/cluster/mb_qe17_direct_r3_s42_30812497/neb.out,0.0,0.0,31,6.958300857780802e-08,1.2588122119683298e-07
fc0124c74362e05d5e75ef5307d2836eb3d72ebebd88c96442d975926bd6bc85,d17f8f378ae931e2f799b8f450cdfe67b452a98a39a4a04130803829d050e1f9,1d69121f5a627c9f003e0c5989197c22b53c37e0a6e50493801dc152cb6bb8ec,mb_qe17_direct_r3_s42_30812497,Sb2Te3Cr_1-7_qe_r3,90,2,89,False,-133597.8666805844,-133597.86668061707,3.2654497772455215e-08,0.826778869647246,0.416968,True,/Users/alina/Project/26MIgrationBench/cluster/mb_qe17_direct_r3_s42_30812497/neb.out,0.17308223821897464,0.2748164483597177,20,7.58598523925769e-08,1.2819521421855197e-07
590ea690c08e61a9d723bed9d76f60517cba2867e68660ce4a372c5fb003235a,d264728d45335aa9e73394a9013b8e342cf61f71c5ad42476adae166e50b0aa5,a812254b15f74c2169d0595b710ece49424e3a2eec2e6f15fde7d41494f709be,mb_qe17_direct_r3_s42_30812497,Sb2Te3Cr_1-7_qe_r3,90,3,89,False,-133597.63330226633,-133597.63330231258,4.6245986595749855e-08,0.10415590298877045,0.085511,True,/Users/alina/Project/26MIgrationBench/cluster/mb_qe17_direct_r3_s42_30812497/neb.out,0.38266396644094347,0.6075860426504096,14,7.375781924194456e-08,1.2773241561681026e-07
b04983960c0fe21ea86049a42730a84321d8e187fbae542288d3af950d1039ac,f16df2d72322c49f38149270538072e179bce1abccd477ba0867325da11e3c90,4e2e4058e9d2d0a51cd8d1751eaaa6280fd4c38577b63df64d5c9386de877992,mb_qe17_direct_r3_s42_30812497,Sb2Te3Cr_1-7_qe_r3,90,4,89,False,-133597.4465809993,-133597.44658095302,4.627509042620659e-08,0.3620527571584204,0.292758,True,/Users/alina/Project/26MIgrationBench/cluster/mb_qe17_direct_r3_s42_30812497/neb.out,0.5375608174135442,0.8535281039758447,20,7.542052107869377e-08,1.279895259489669e-07
7a209842ec8ca7bb3e434e9cb678009546c712210c2c696d4bfe027ddef9e4a6,7c10053e2ff94bb353579ae4d1de79d7390ec26ce7ed7d3e153e87492d2f4962,489d371cccf2d6ee4d439513d8661169dcdbc245c31bf14bea626b3cc0ddc86e,mb_qe17_direct_r3_s42_30812497,Sb2Te3Cr_1-7_qe_r3,90,5,0,True,-133596.88187561775,-133596.88187555244,6.530899554491043e-08,0.2263000343221766,0.514838,True,/Users/alina/Project/26MIgrationBench/cluster/mb_qe17_direct_r3_s42_30812497/neb.out,0.6298103306845038,1.0,30,6.30085850981224e-08,1.256241108429923e-07
b95d6e7421e5b7f4243966c29aa9b77d0d27d5c95e7d2e7104f70ebda504cafb,0f5e35c0114b6ec8a24cf3407b0c85b4c647c154065d6f5661393dd9aff1d70b,d73c7fe4f4acdf0f98cc89ae74cd8d4f7cb56e554abc0ebb99ff5ca052fa1bf7,mb_qe17_direct_r3_s42_30812497,Sb2Te3Cr_1-7_qe_r3,91,1,0,True,-133597.43980903763,-133597.43980900772,2.991873770952225e-08,0.23376266186467842,0.233763,True,/Users/alina/Project/26MIgrationBench/cluster/mb_qe17_direct_r3_s42_30812497/neb.out,0.0,0.0,31,6.958300857780802e-08,1.2588122119683298e-07
e0624f9a0749c1c109d3f8aa09553e2bd83c43b6bb1fabbc6797a5e75bbeef01,4eadbdb3143d29605578c1a4f9beebb86c535e86df6da3075781d0cc0ee715cc,5edc1a29b0a6c58d9624a5828fa520f402578b16c6d924462e522020ecea09f2,mb_qe17_direct_r3_s42_30812497,Sb2Te3Cr_1-7_qe_r3,91,2,90,False,-133597.8885584029,-133597.88855841107,8.17817635834217e-09,0.8074399287074735,0.368601,True,/Users/alina/Project/26MIgrationBench/cluster/mb_qe17_direct_r3_s42_30812497/neb.out,0.17672021367907353,0.26626437469798564,21,7.352329140499393e-08,1.2855516869081374e-07
1bae127a11bf98c63b2fddd740aafe54a8736866c12df9f76bc925d4adbb25ed,e03166ca97190ee78735a301ae76fa371ecb798ef7136c2ed4d2395796bce92e,61cfeac4b2dd85ed6bc183365a9862e4ec4cfdd1a76cbc61bf1ec904e53d1d4d,mb_qe17_direct_r3_s42_30812497,Sb2Te3Cr_1-7_qe_r3,91,3,90,False,-133597.6353213512,-133597.63532133758,1.3620592653751373e-08,0.0962272088902099,0.082643,True,/Users/alina/Project/26MIgrationBench/cluster/mb_qe17_direct_r3_s42_30812497/neb.out,0.4031986418680358,0.6074994592923718,19,7.884277811884636e-08,1.2824663628589403e-07
183d662247ee1cfc1754a865ff2f77c2116085cebf99eb59872462f618191bbc,ef126420b7a88638f65f4272aac0fdf4c5f6fb339b550f0f0c950df0d8f2987e,ad5baf5f7e57951f16db6f56c5c76ed23f993ab9772cd2213e274d1edc45edc4,mb_qe17_direct_r3_s42_30812497,Sb2Te3Cr_1-7_qe_r3,91,4,90,False,-133597.4598389309,-133597.4598388656,6.530899554491043e-08,0.3444837854943712,0.248227,True,/Users/alina/Project/26MIgrationBench/cluster/mb_qe17_direct_r3_s42_30812497/neb.out,0.5526623425043793,0.8326964413549591,22,7.776690209774e-08,1.2850374662282116e-07
ca8577253acffb96c2a4754377baec52cac745b114c64b5d431900e45b959ce2,88ce9082c530a4851948ef7a42bf925c2543f29b2dde3a0df6facd7b0f3676ad,489d371cccf2d6ee4d439513d8661169dcdbc245c31bf14bea626b3cc0ddc86e,mb_qe17_direct_r3_s42_30812497,Sb2Te3Cr_1-7_qe_r3,91,5,0,True,-133596.88187561775,-133596.88187555244,6.530899554491043e-08,0.2263000343221766,0.53918,True,/Users/alina/Project/26MIgrationBench/cluster/mb_qe17_direct_r3_s42_30812497/neb.out,0.6637020588260112,1.0,30,6.30085850981224e-08,1.256241108429923e-07
eb44834d58979a909ea5e5e6ecf31657fd110d50e4fc51a28892749d166cab77,da01c60a190bc456ef4199b291df7ed4cea414d4c3d246a68466d3c41ae99f4f,d73c7fe4f4acdf0f98cc89ae74cd8d4f7cb56e554abc0ebb99ff5ca052fa1bf7,mb_qe17_direct_r3_s42_30812497,Sb2Te3Cr_1-7_qe_r3,92,1,0,True,-133597.43980903763,-133597.43980900772,2.991873770952225e-08,0.23376266186467842,0.233763,True,/Users/alina/Project/26MIgrationBench/cluster/mb_qe17_direct_r3_s42_30812497/neb.out,0.0,0.0,31,6.958300857780802e-08,1.2588122119683298e-07
c25edbb75379f30d76fbe99371f29865ffcfe530611efa00179787a67f4167ec,df0eb3c707f655e8bf5e66ef91a836b1d76e9ab5235089e80b1fa65f21e158aa,6020edcf0c871719dcabfa0c38ce0fa825a532141faf760eba57e7573ffc5582,mb_qe17_direct_r3_s42_30812497,Sb2Te3Cr_1-7_qe_r3,92,2,91,False,-133598.05642979848,-133598.0564298529,5.4424162954092026e-08,0.5881521518855415,0.656911,True,/Users/alina/Project/26MIgrationBench/cluster/mb_qe17_direct_r3_s42_30812497/neb.out,0.17668556000441707,0.26642770049377135,35,7.938991986002272e-08,1.2752672733096215e-07
a3a8ba668ca4563efd1e9a2ade838de65f578091c5fc677da78ba9b6b232b424,72c411413333e567a494b303e448ab22b6b711acd537a66e285bad35c94c2e4a,410ca22738edad0e846d6024dc6723d7f1e6af8eb10c5470d7344d92a1d06e79,mb_qe17_direct_r3_s42_30812497,Sb2Te3Cr_1-7_qe_r3,92,3,91,False,-133597.64607052907,-133597.6460704855,4.3568434193730354e-08,0.17934150231426485,0.563405,True,/Users/alina/Project/26MIgrationBench/cluster/mb_qe17_direct_r3_s42_30812497/neb.out,0.40285112504780224,0.6074672932249329,26,7.834476498428113e-08,1.281952142192025e-07
7db7be90dfbc4790e3586618a1480f92cc441aa6745ca26ab463f24185e46905,9416b2d3acb001895234dbfc60573ac3f6ba732cd6185f661851f57f6aff0a4f,4eefa53926a5635154752909b02a9203218f3192a7113b50eba4ddfe9b167da6,mb_qe17_direct_r3_s42_30812497,Sb2Te3Cr_1-7_qe_r3,92,4,91,False,-133597.54509234003,-133597.54509237543,3.5390257835388184e-08,0.2706686536401896,0.270536,True,/Users/alina/Project/26MIgrationBench/cluster/mb_qe17_direct_r3_s42_30812497/neb.out,0.5524729690585665,0.8330850734353196,24,7.628173478144075e-08,1.2809237008581942e-07
ba5a8958cccc22d9e4071c5feec25edf1ecab4d6b7c6b8de3f12f8efe348657f,b63d5e2d5f6533a538cb631cbe1c478636f17dd543ef55e7441cb1594f0da1e1,489d371cccf2d6ee4d439513d8661169dcdbc245c31bf14bea626b3cc0ddc86e,mb_qe17_direct_r3_s42_30812497,Sb2Te3Cr_1-7_qe_r3,92,5,0,True,-133596.88187561775,-133596.88187555244,6.530899554491043e-08,0.2263000343221766,0.763592,True,/Users/alina/Project/26MIgrationBench/cluster/mb_qe17_direct_r3_s42_30812497/neb.out,0.6631651276386243,1.0,30,6.30085850981224e-08,1.256241108429923e-07
b798e9ea84476d548db76dbc42a83e400e11a1bd392d12eb30d16f96ead8d26c,d582030aa4b0c6a8739de86b9c5625c114948e5c8123347389be0d19e6da2db8,d73c7fe4f4acdf0f98cc89ae74cd8d4f7cb56e554abc0ebb99ff5ca052fa1bf7,mb_qe17_direct_r3_s42_30812497,Sb2Te3Cr_1-7_qe_r3,93,1,0,True,-133597.43980903763,-133597.43980900772,2.991873770952225e-08,0.23376266186467842,0.233763,True,/Users/alina/Project/26MIgrationBench/cluster/mb_qe17_direct_r3_s42_30812497/neb.out,0.0,0.0,31,6.958300857780802e-08,1.2588122119683298e-07
72013451c6987abd6371da0323e67cd841ea17398794531a7dea0969e3e99924,afff60d166f661cf99a01f2377e28b9686d0142e44c4ab728069cc1b877baf8c,5965a11c37c8d3b27a42427ecd1f94d049fb223f096f6027a6dfa845cf3b5070,mb_qe17_direct_r3_s42_30812497,Sb2Te3Cr_1-7_qe_r3,93,2,92,False,-133598.05414431414,-133598.05414429784,1.6298145055770874e-08,0.5940573135144475,0.648049,True,/Users/alina/Project/26MIgrationBench/cluster/mb_qe17_direct_r3_s42_30812497/neb.out,0.17672748652838197,0.26649571154187635,13,7.316967943713813e-08,1.2747530526990847e-07
83f65aa2845037db28b63d745a4d99a75507db9dca23dd3199baa5f0a0a1025b,bf977bc33a5ea3468da6d831c142c34379a834452af2d10143ae21745f04aa4c,c70a6b17427beee3a06e8c0b171f75a9242fed6d11ce88dd6bbafdc38b2d337f,mb_qe17_direct_r3_s42_30812497,Sb2Te3Cr_1-7_qe_r3,93,3,92,False,-133597.64609637987,-133597.6460963853,5.413312464952469e-09,0.1741575749331332,0.551326,True,/Users/alina/Project/26MIgrationBench/cluster/mb_qe17_direct_r3_s42_30812497/neb.out,0.40281686301355824,0.6074265448947286,13,7.273927798119252e-08,1.2701250666664887e-07
ef3681faccf0cb1e30c60d782e76e8268ed011ddd6d3d16b6fc2c87db4dd7344,0676a4d076b1187ef1a885adddd4dac928ee824e6512354c261f134a794124e5,67fe71e3ca3140c1d1a304af0baa5fa81e2bbeacdb3c422b22b16f43ae385a3a,mb_qe17_direct_r3_s42_30812497,Sb2Te3Cr_1-7_qe_r3,93,4,92,False,-133597.544114771,-133597.54411479822,2.7212081477046013e-08,0.26504841292808407,0.259965,True,/Users/alina/Project/26MIgrationBench/cluster/mb_qe17_direct_r3_s42_30812497/neb.out,0.5525507117861262,0.83321727702366,17,7.592200482801776e-08,1.2855516869081374e-07
2811f489f5c10758b031750805cbed385e2a553e059265ad175d7404e14f3514,c14839fc6c67dc61b0879f6ece1127d8c2cbeffa34d4a914b71333afbd9ca60e,489d371cccf2d6ee4d439513d8661169dcdbc245c31bf14bea626b3cc0ddc86e,mb_qe17_direct_r3_s42_30812497,Sb2Te3Cr_1-7_qe_r3,93,5,0,True,-133596.88187561775,-133596.88187555244,6.530899554491043e-08,0.2263000343221766,0.758986,True,/Users/alina/Project/26MIgrationBench/cluster/mb_qe17_direct_r3_s42_30812497/neb.out,0.6631532098804956,1.0,30,6.30085850981224e-08,1.256241108429923e-07
be20611f0e6296ae1f6c0ca79e67a60f2b5b22ebbb470032607914e63ff3e646,981c79e9fa0ae546b2dcf030d94e4db51f2ff8b73a15a3394fb1497e05a9d0fd,d73c7fe4f4acdf0f98cc89ae74cd8d4f7cb56e554abc0ebb99ff5ca052fa1bf7,mb_qe17_direct_r3_s42_30812497,Sb2Te3Cr_1-7_qe_r3,94,1,0,True,-133597.43980903763,-133597.43980900772,2.991873770952225e-08,0.23376266186467842,0.233763,True,/Users/alina/Project/26MIgrationBench/cluster/mb_qe17_direct_r3_s42_30812497/neb.out,0.0,0.0,31,6.958300857780802e-08,1.2588122119683298e-07
3d38d78997cca815f84ac2fea56626deddc22bb39aa20c5353a33dc5ddfa3947,dbc8afc4df52a746773db25969d5312831c0025d21d2e7b0d090377ac286b5b3,03dc256507e8a2dd92b2bdf3e54b9c88b9ea0386aa0c415d248a44b849e0617f,mb_qe17_direct_r3_s42_30812497,Sb2Te3Cr_1-7_qe_r3,94,2,93,False,-133598.0540237677,-133598.05402381395,4.6245986595749855e-08,0.5952384749260393,0.645029,True,/Users/alina/Project/26MIgrationBench/cluster/mb_qe17_direct_r3_s42_30812497/neb.out,0.17688802152663388,0.26666581678231166,11,7.493851597047434e-08,1.2798952594809954e-07
40d8a3f5f389c81f2fc650b400051e673a1f8d6e2c2793f27a4727f6d0f31265,160b02eb63f5613866a9ca90d1baf2621bf2ff40fac539b48afd852966227c3c,8a0299a54bc65a88453a981e07a68ff7557a58283394d3fa0de642c4b7990e56,mb_qe17_direct_r3_s42_30812497,Sb2Te3Cr_1-7_qe_r3,94,3,93,False,-133597.64620372877,-133597.64620372062,8.149072527885437e-09,0.17181821139794776,0.556309,True,/Users/alina/Project/26MIgrationBench/cluster/mb_qe17_direct_r3_s42_30812497/neb.out,0.40284006064546446,0.6072976161841691,11,7.482747257165795e-08,1.2773241560987136e-07
e5b856cb5f8f21a626e744c20e7bbb68c4428a5397a94414f1f6a932a69da8ed,3f49689048a7de6757a9ad135966f81c12e2919de77da94c4e81540fe46c84e2,f300cfa640b47e5d9bac877f8f05b117fef6b7ed688412ffb9d34abd68b7201f,mb_qe17_direct_r3_s42_30812497,Sb2Te3Cr_1-7_qe_r3,94,4,93,False,-133597.54394510802,-133597.54394510802,0.0,0.2633581350555968,0.257098,True,/Users/alina/Project/26MIgrationBench/cluster/mb_qe17_direct_r3_s42_30812497/neb.out,0.5528985909404011,0.8335168943517834,11,7.50852783224838e-08,1.277838376787313e-07
7cc2b8c7708ffc5d915c030c066aae64ccb72aa83dcc19d609c291e449cf55c1,e3cf89675a8707705b1705f589140cea89c059b8ae53e518cf503db5cae615d6,489d371cccf2d6ee4d439513d8661169dcdbc245c31bf14bea626b3cc0ddc86e,mb_qe17_direct_r3_s42_30812497,Sb2Te3Cr_1-7_qe_r3,94,5,0,True,-133596.88187561775,-133596.88187555244,6.530899554491043e-08,0.2263000343221766,0.757701,True,/Users/alina/Project/26MIgrationBench/cluster/mb_qe17_direct_r3_s42_30812497/neb.out,0.6633321948085815,1.0,30,6.30085850981224e-08,1.256241108429923e-07
b985cda1b18788f066fea2dbe529984c7598d1f1824385fd2ad49794dc19a015,22007edbf51e9c34b97c26acb26fd98fb7ba044a0d47e43024c6337664f6738d,d73c7fe4f4acdf0f98cc89ae74cd8d4f7cb56e554abc0ebb99ff5ca052fa1bf7,mb_qe17_direct_r3_s42_30812497,Sb2Te3Cr_1-7_qe_r3,95,1,0,True,-133597.43980903763,-133597.43980900772,2.991873770952225e-08,0.23376266186467842,0.233763,True,/Users/alina/Project/26MIgrationBench/cluster/mb_qe17_direct_r3_s42_30812497/neb.out,0.0,0.0,31,6.958300857780802e-08,1.2588122119683298e-07
a06e6ce21caa3780d9d8879372b4f8c5b54dd14fd2fa0645fd2c59d1dd144d05,0626d6a5fe0173a391da754a16ce13ef9eca6627c106109ac92893e77a65277f,e1eb40960facf2b6ead49db9a140f0470fb81c87feccb0ff49dbcedea99406fd,mb_qe17_direct_r3_s42_30812497,Sb2Te3Cr_1-7_qe_r3,95,2,94,False,-133598.0545424167,-133598.05454241126,5.4424162954092026e-09,0.5961626566400607,0.631995,True,/Users/alina/Project/26MIgrationBench/cluster/mb_qe17_direct_r3_s42_30812497/neb.out,0.17796194571689167,0.2677285670207191,13,7.4118979043622e-08,1.2804094801609212e-07
ca91ac07cea21227fe5ebee6fc1d23928173a209932ea8a200995edba83d55b4,002b52e28b706185486b1d84c596fbb162d2012e2b5b688badefc2616c1b7170,599d4d3310942714027d9097025fe9f3f68bfb040e6d5e7a0ad36efe1394276b,mb_qe17_direct_r3_s42_30812497,Sb2Te3Cr_1-7_qe_r3,95,3,94,False,-133597.6466131241,-133597.6466131132,1.0884832590818405e-08,0.16603126249630473,0.534591,True,/Users/alina/Project/26MIgrationBench/cluster/mb_qe17_direct_r3_s42_30812497/neb.out,0.4031160934612285,0.6064537764554289,15,7.37562897172232e-08,1.2788668181298174e-07
baddfa77713e20462dc8cc8f9504d812cf79062958d99d53290c904c060c31a9,b837343b1ca570f999bd839fe0d95ba172d22136d82b59fcd7999e23e57145fe,fbe664f3be26c14ba923f57df057f8346c6b00b083adf698dacb86a42cb1d1dd,mb_qe17_direct_r3_s42_30812497,Sb2Te3Cr_1-7_qe_r3,95,4,94,False,-133597.54379707808,-133597.5437970917,1.3620592653751373e-08,0.254255637392205,0.24273,True,/Users/alina/Project/26MIgrationBench/cluster/mb_qe17_direct_r3_s42_30812497/neb.out,0.5552849040175767,0.8353787718042038,14,7.922456820326198e-08,1.2850374662336326e-07
3967abe6a91215aa7805ae13cb864a905a0ea5cf0fd4b9201d28a723f90359bf,bca40203224c9b825287f7844839e7c0d561184605525f7ff0626b8579005d66,489d371cccf2d6ee4d439513d8661169dcdbc245c31bf14bea626b3cc0ddc86e,mb_qe17_direct_r3_s42_30812497,Sb2Te3Cr_1-7_qe_r3,95,5,0,True,-133596.88187561775,-133596.88187555244,6.530899554491043e-08,0.2263000343221766,0.755178,True,/Users/alina/Project/26MIgrationBench/cluster/mb_qe17_direct_r3_s42_30812497/neb.out,0.6647103359094267,1.0,30,6.30085850981224e-08,1.256241108429923e-07
d0a19dc0bd227e4ef576f19a8a6f7299e14b20b2a863be88a2a5582ffb10c2fb,72f922ad33aa8d4c9258019eae81f7cc94c8462943a6799509b7a80abe3d6a2d,d73c7fe4f4acdf0f98cc89ae74cd8d4f7cb56e554abc0ebb99ff5ca052fa1bf7,mb_qe17_direct_r3_s42_30812497,Sb2Te3Cr_1-7_qe_r3,96,1,0,True,-133597.43980903763,-133597.43980900772,2.991873770952225e-08,0.23376266186467842,0.233763,True,/Users/alina/Project/26MIgrationBench/cluster/mb_qe17_direct_r3_s42_30812497/neb.out,0.0,0.0,31,6.958300857780802e-08,1.2588122119683298e-07
f7bd2a2225ff1441d7f7e76f6b9d8be9124a37b6b3ab8d522ad33fe697ce5772,b1e42941779dc76d98d717722aa97834a164ae9f85d4f5c2c745eba439f13493,8552e03ca1502309f67d85f1e71d805dfbf67fc3a1034926ad38da48d07fc0d6,mb_qe17_direct_r3_s42_30812497,Sb2Te3Cr_1-7_qe_r3,96,2,95,False,-133598.0585769129,-133598.0585768721,4.080357030034065e-08,0.6070283859068644,0.56052,True,/Users/alina/Project/26MIgrationBench/cluster/mb_qe17_direct_r3_s42_30812497/neb.out,0.1816615697594292,0.2712076502300701,20,7.269248327637105e-08,1.2819521421833513e-07
8240c3d914b58efe0252ef4d182fbc2385ef0c2590196aa2343aaa2beb859a20,1925fd03fd3622aab1742685a11c2014f67cbaaa9c90a2a7685195d3a08cae59,f397ceb3f902ae78de61a8a139b49ad33f1d4296d33e79c9d74085312e45f304,mb_qe17_direct_r3_s42_30812497,Sb2Te3Cr_1-7_qe_r3,96,3,95,False,-133597.64902432502,-133597.6490243495,2.4476321414113045e-08,0.12567229798719465,0.455302,True,/Users/alina/Project/26MIgrationBench/cluster/mb_qe17_direct_r3_s42_30812497/neb.out,0.4043173888945013,0.6036167645938968,19,7.735880609987029e-08,1.2783525974759125e-07
d691e2cadc84f72140f94f8d115c63321cf81a982d2860736c38e9de90ec3d30,43384b6f83a9dc2791e6c923671c31a39004e7befc8a9bc16ad166bfef84b757,d9c001b1e9dcf258c1aacab52a2fd0b961a4f7785fab5bf69ebc0f2d092a7b23,mb_qe17_direct_r3_s42_30812497,Sb2Te3Cr_1-7_qe_r3,96,4,95,False,-133597.54272889512,-133597.54272894954,5.4424162954092026e-08,0.20300944899166434,0.167091,True,/Users/alina/Project/26MIgrationBench/cluster/mb_qe17_direct_r3_s42_30812497/neb.out,0.5637694717685038,0.8416672492275846,19,7.546434153794006e-08,1.281437921468731e-07
85d349a5dc9140771a3321a9e57447de36a34ab3ee6dae6c33dada94df88b42a,a3aa3c5c0590d024d2c8cff784098e7c9a3a6d1d0f058e07638bd3f68b0feb82,489d371cccf2d6ee4d439513d8661169dcdbc245c31bf14bea626b3cc0ddc86e,mb_qe17_direct_r3_s42_30812497,Sb2Te3Cr_1-7_qe_r3,96,5,0,True,-133596.88187561775,-133596.88187555244,6.530899554491043e-08,0.2263000343221766,0.739881,True,/Users/alina/Project/26MIgrationBench/cluster/mb_qe17_direct_r3_s42_30812497/neb.out,0.6698246513522852,1.0,30,6.30085850981224e-08,1.256241108429923e-07
8e87c33a2dbccbd057a7733cdbb9f9c65eb5548fa6b561398c5e450d68a96f32,299c1b12a4d5f9c8f1d17d52aa6eff34793c2d44bd1ca1bd6955c00787a400d3,d73c7fe4f4acdf0f98cc89ae74cd8d4f7cb56e554abc0ebb99ff5ca052fa1bf7,mb_qe17_direct_r3_s42_30812497,Sb2Te3Cr_1-7_qe_r3,97,1,0,True,-133597.43980903763,-133597.43980900772,2.991873770952225e-08,0.23376266186467842,0.233763,True,/Users/alina/Project/26MIgrationBench/cluster/mb_qe17_direct_r3_s42_30812497/neb.out,0.0,0.0,31,6.958300857780802e-08,1.2588122119683298e-07
def120ea18e0192ba3aca5fd9f63341a4be425e85c02b6e9b7f499c3de1e5d21,16845a9c68f909f0ac36a3e341b99fbdd6caf5ffde6c572b62ae20a3ea4897cc,18e451fca89b153cf6bfe563385ffaccd98fde2c8d64e6df1a936e935143a45e,mb_qe17_direct_r3_s42_30812497,Sb2Te3Cr_1-7_qe_r3,97,2,96,False,-133598.0704878809,-133598.07048787273,8.17817635834217e-09,0.6604833790417228,0.356371,True,/Users/alina/Project/26MIgrationBench/cluster/mb_qe17_direct_r3_s42_30812497/neb.out,0.18233395617920914,0.2717883685973617,24,7.420969253966393e-08,1.2850374662282116e-07
34ff5bb05a9760f3f8e789b6d0815bc608825a855db14ec49f75dbe0c96d488b,007fdf09389ac3fae42690c69599b56874e758459fff3da4c76a2339f69e2fa0,0924825e9c7c7e9eb9f375ed33daadb7e1efc41193dd2b7b1bf6cd9c73c0df8a,mb_qe17_direct_r3_s42_30812497,Sb2Te3Cr_1-7_qe_r3,97,3,96,False,-133597.65384563844,-133597.65384569013,5.168840289115906e-08,0.09804582803272614,0.239595,True,/Users/alina/Project/26MIgrationBench/cluster/mb_qe17_direct_r3_s42_30812497/neb.out,0.40460816800705024,0.6031119831334119,24,7.555901972395106e-08,1.244928253597323e-07
9c0e6a138c93263a8c57300578ef56a2bc4b84e6f8a0c3ac2f85dfcd930ff7c7,653f3497331a9ad584ae37d72c2e5dbebe75e7803bb104acc57fd4635b382c97,4b18ce711c1d26499c6aad6e048d2e0ad3fa72c8145d2c1dea4515cf0e8b09a7,mb_qe17_direct_r3_s42_30812497,Sb2Te3Cr_1-7_qe_r3,97,4,96,False,-133597.53458303056,-133597.53458298976,4.080357030034065e-08,0.2963511694751332,0.224805,True,/Users/alina/Project/26MIgrationBench/cluster/mb_qe17_direct_r3_s42_30812497/neb.out,0.5653593688839369,0.8427289340948348,24,7.486909958944367e-08,1.2552126671047659e-07
a7bd181dc684bcd4a8cda92f17fbbf90c6c81e66cb101b32a8c7dac73b7598aa,0acbe9360c157f7b98ace74869c65ff3f1b7809315fd2c96244b53a4ac3a41b0,489d371cccf2d6ee4d439513d8661169dcdbc245c31bf14bea626b3cc0ddc86e,mb_qe17_direct_r3_s42_30812497,Sb2Te3Cr_1-7_qe_r3,97,5,0,True,-133596.88187561775,-133596.88187555244,6.530899554491043e-08,0.2263000343221766,0.689343,True,/Users/alina/Project/26MIgrationBench/cluster/mb_qe17_direct_r3_s42_30812497/neb.out,0.6708673999560519,1.0,30,6.30085850981224e-08,1.256241108429923e-07
58480c1c526c4a1dfb77f8e64bb23e629b1c1600ff42ad3daf395d527b591f01,0784de601f0a749cb9c999a1f3e887be945f7a4db8a31f7bf08c13aa518e0109,d73c7fe4f4acdf0f98cc89ae74cd8d4f7cb56e554abc0ebb99ff5ca052fa1bf7,mb_qe17_direct_r3_s42_30812497,Sb2Te3Cr_1-7_qe_r3,98,1,0,True,-133597.43980903763,-133597.43980900772,2.991873770952225e-08,0.23376266186467842,0.233763,True,/Users/alina/Project/26MIgrationBench/cluster/mb_qe17_direct_r3_s42_30812497/neb.out,0.0,0.0,31,6.958300857780802e-08,1.2588122119683298e-07
3734e5b57be23db20280c770d92e1ecf5634dfc515eb419a5290dcaed8aec66a,70c8c11803473da690ef00bc80ee2496970ae2b567ec52c8c0b623837036751b,ebddad5b7e76b249e8a33f160b30e1cd124e73bee1841ee61933efd26493ba9e,mb_qe17_direct_r3_s42_30812497,Sb2Te3Cr_1-7_qe_r3,98,2,97,False,-133598.0725639736,-133598.07256394095,3.2654497772455215e-08,0.6720738611914171,0.382434,True,/Users/alina/Project/26MIgrationBench/cluster/mb_qe17_direct_r3_s42_30812497/neb.out,0.18286171571998325,0.27221226974515883,19,7.300019013317745e-08,1.2742388320885478e-07
bea45e12cf1768c574dae638d10e5f12a94e42a15ac980aefd23220b851c4e67,a58129e044e02e81acf9533715f3e9dd1217279d40eea8e0905b903790f9a86b,09026fc8df5f9ba0823c3b4e68d603cf4ae8ddc14ffa28f3acfcb16da9a82b20,mb_qe17_direct_r3_s42_30812497,Sb2Te3Cr_1-7_qe_r3,98,3,97,False,-133597.65414918144,-133597.65414919777,1.6327248886227608e-08,0.10404350262735045,0.202229,True,/Users/alina/Project/26MIgrationBench/cluster/mb_qe17_direct_r3_s42_30812497/neb.out,0.40488173650906206,0.6027165174489769,19,7.680284026041102e-08,1.2793810388108274e-07
4293849d65621245af4279c73165b5933a02988f69fd3c896e52ff225f950f04,3ea8ae780094181e971b2f19860a24bf489c3f86c8c70f917c5c800d61f433e8,cf65bd56ddf5a8cc1f9d7b84ce09163ce7e0aadf9d0731a4243bb0c5afb888aa,mb_qe17_direct_r3_s42_30812497,Sb2Te3Cr_1-7_qe_r3,98,4,97,False,-133597.53263170208,-133597.53263167484,2.7241185307502747e-08,0.31588326958599494,0.27428,True,/Users/alina/Project/26MIgrationBench/cluster/mb_qe17_direct_r3_s42_30812497/neb.out,0.5666210605241776,0.8434854959300802,18,7.893413410763855e-08,1.276295714738862e-07
83f52212bdcd94991629693f83afa9b046a10c6c86af248b36f1ba5ebb08d26f,906bbcdf6e94cae099637f1cd764f666b66f35ee819c4ad69c884f9b8ff07c3c,489d371cccf2d6ee4d439513d8661169dcdbc245c31bf14bea626b3cc0ddc86e,mb_qe17_direct_r3_s42_30812497,Sb2Te3Cr_1-7_qe_r3,98,5,0,True,-133596.88187561775,-133596.88187555244,6.530899554491043e-08,0.2263000343221766,0.681106,True,/Users/alina/Project/26MIgrationBench/cluster/mb_qe17_direct_r3_s42_30812497/neb.out,0.6717614745697382,1.0,30,6.30085850981224e-08,1.256241108429923e-07
feb25aaaf3412efd150e4cbb90a0ae271bc6ddd11d96cf63a42f9a18dd63baf3,27c9e91488797f9ebee65bb261ef25c38dd061ea940615ff494d2145000b74c5,d73c7fe4f4acdf0f98cc89ae74cd8d4f7cb56e554abc0ebb99ff5ca052fa1bf7,mb_qe17_direct_r3_s42_30812497,Sb2Te3Cr_1-7_qe_r3,99,1,0,True,-133597.43980903763,-133597.43980900772,2.991873770952225e-08,0.23376266186467842,0.233763,True,/Users/alina/Project/26MIgrationBench/cluster/mb_qe17_direct_r3_s42_30812497/neb.out,0.0,0.0,31,6.958300857780802e-08,1.2588122119683298e-07
07929c625709d84d4f5015247bf82385fb082506008409338f1b3c42e7b58dba,f49d21ff1988f5e0fc58bbfcafde7517aa1bf1b63bd7042e9305a6b163b27dfb,17bb5e3603cca9c152a0f9a267fa1c2285a22e903ec771b797654e9bab5f77b2,mb_qe17_direct_r3_s42_30812497,Sb2Te3Cr_1-7_qe_r3,99,2,98,False,-133598.074431355,-133598.07443140124,4.6245986595749855e-08,0.6809174532145083,0.401232,True,/Users/alina/Project/26MIgrationBench/cluster/mb_qe17_direct_r3_s42_30812497/neb.out,0.18294015405692388,0.272249014895666,19,7.311673542275941e-08,1.271153508008993e-07
df01c1bd01097b2d73b9f43e4190f91cf7124011f49cb3535be4271bbf7ecbfe,531b45f3ce42100c9eaa5bf075b9e39b9ef439fd20171615fd5d86f65eaab2df,7f112f098d16d80d19959340606c6642468a77f94c738b1b77758027119b1d71,mb_qe17_direct_r3_s42_30812497,Sb2Te3Cr_1-7_qe_r3,99,3,98,False,-133597.65429693926,-133597.65429690934,2.991873770952225e-08,0.1085878280372445,0.174666,True,/Users/alina/Project/26MIgrationBench/cluster/mb_qe17_direct_r3_s42_30812497/neb.out,0.40495980998118425,0.6026556056436249,18,7.166251399838686e-08,1.263954418490032e-07
ff670e860c785673a57f99745774f9e92bca5400d9aec51102c2d3f7b54ed8f5,b99f325c1aa2aab45fb87f65050ee508f7f825a21f2ed0d6b46cff5e67c2383f,c4471121fc8de86b9c1a472697b75560cf63aa260900cce2895e28372b780472,mb_qe17_direct_r3_s42_30812497,Sb2Te3Cr_1-7_qe_r3,99,4,98,False,-133597.5312656905,-133597.5312657313,4.080357030034065e-08,0.3269396192920502,0.309575,True,/Users/alina/Project/26MIgrationBench/cluster/mb_qe17_direct_r3_s42_30812497/neb.out,0.5668144008790754,0.8435253761729569,19,7.454123494945307e-08,1.28400902486836e-07
aa3f40ae47773d622e8524bdc18f56531bc5b319025d4c08407a6fdae7a74158,794cb06f4ee06101335fd55071b112c1d9aeb8e3c28461caf244e4ec9970b02e,489d371cccf2d6ee4d439513d8661169dcdbc245c31bf14bea626b3cc0ddc86e,mb_qe17_direct_r3_s42_30812497,Sb2Te3Cr_1-7_qe_r3,99,5,0,True,-133596.88187561775,-133596.88187555244,6.530899554491043e-08,0.2263000343221766,0.67543,True,/Users/alina/Project/26MIgrationBench/cluster/mb_qe17_direct_r3_s42_30812497/neb.out,0.6719589201343191,1.0,30,6.30085850981224e-08,1.256241108429923e-07
8261bc88ac606148c248eba7e99705038f686647f5e33545b8d6a0b26d66f4b0,4714fa64f5ce4af29047e491f5e3bd99a3b8ade66da30857b5a76837cb42801e,d73c7fe4f4acdf0f98cc89ae74cd8d4f7cb56e554abc0ebb99ff5ca052fa1bf7,mb_qe17_direct_r3_s42_30812497,Sb2Te3Cr_1-7_qe_r3,100,1,0,True,-133597.43980903763,-133597.43980900772,2.991873770952225e-08,0.23376266186467842,0.233763,True,/Users/alina/Project/26MIgrationBench/cluster/mb_qe17_direct_r3_s42_30812497/neb.out,0.0,0.0,31,6.958300857780802e-08,1.2588122119683298e-07
c114f7354b89ff32397779b5c3be1f059e3d7f67bb2155d8f8f01663a81ebc4c,34051f51694f956672fdda7aa5b6db37d9979e537a687eb2b951b2835c7e5c59,62ea4831e2ec278f505c61fb65834880b18a53f9339ba13264395a2bf97c2b53,mb_qe17_direct_r3_s42_30812497,Sb2Te3Cr_1-7_qe_r3,100,2,99,False,-133598.0749876918,-133598.0749876537,3.809691406786442e-08,0.680716977158721,0.389248,True,/Users/alina/Project/26MIgrationBench/cluster/mb_qe17_direct_r3_s42_30812497/neb.out,0.18298755005782705,0.2722461431278244,11,7.542511415659833e-08,1.2834948042101182e-07
f817ead89b5632bf987e387f174dd6e6177c2ea59c4de35dcb68a2f68c69ab6c,685fee11d3abacf1d5728c97b000595aeb3130ee793512e32e88a5f3b87ea7f6,e0df82fa078b4458f453f788f9fa270294ad880676e70579801feeb8eeec0a33,mb_qe17_direct_r3_s42_30812497,Sb2Te3Cr_1-7_qe_r3,100,3,99,False,-133597.6543521784,-133597.65435215118,2.7212081477046013e-08,0.11614271735759822,0.180901,True,/Users/alina/Project/26MIgrationBench/cluster/mb_qe17_direct_r3_s42_30812497/neb.out,0.4050406552394107,0.602613435526346,11,7.253593502768499e-08,1.267553963284207e-07
fecdc74f4218965385a9b47fb512faa7408a6ea73e19f73ef0097118b71ae26f,e98d6245c72ae9bb2cd21c6896a12baa301ebaf727c6c1e927b75b929bd48928,61c4a897367bc959c594a43b8a2f7f0a698f4ea6512526f526f9e1cbff361878,mb_qe17_direct_r3_s42_30812497,Sb2Te3Cr_1-7_qe_r3,100,4,99,False,-133597.53133181413,-133597.53133186855,5.4424162954092026e-08,0.32728880681548683,0.311737,True,/Users/alina/Project/26MIgrationBench/cluster/mb_qe17_direct_r3_s42_30812497/neb.out,0.5669363122827943,0.8434793753418013,11,7.625101289357842e-08,1.282466362863277e-07
9cc1a60d4c50317ab46ee18f3965ef5014ab6bab0208b46ea2720dd59cc2e048,c01f143b388edae0d72943a97ea485654b73eb8887caff7ef8b6e265e9cbf641,489d371cccf2d6ee4d439513d8661169dcdbc245c31bf14bea626b3cc0ddc86e,mb_qe17_direct_r3_s42_30812497,Sb2Te3Cr_1-7_qe_r3,100,5,0,True,-133596.88187561775,-133596.88187555244,6.530899554491043e-08,0.2263000343221766,0.675315,True,/Users/alina/Project/26MIgrationBench/cluster/mb_qe17_direct_r3_s42_30812497/neb.out,0.6721401007025879,1.0,30,6.30085850981224e-08,1.256241108429923e-07
16b4f2486929ce812c63b2686c9470e4fd77963d82b538359a4fa01058742b59,92cfc75ccdb121278ee47dba073647ec56c4d85d84919e4f8b672c3d7a14219a,d73c7fe4f4acdf0f98cc89ae74cd8d4f7cb56e554abc0ebb99ff5ca052fa1bf7,mb_qe17_direct_r3_s42_30812497,Sb2Te3Cr_1-7_qe_r3,101,1,0,True,-133597.43980903763,-133597.43980900772,2.991873770952225e-08,0.23376266186467842,0.233763,True,/Users/alina/Project/26MIgrationBench/cluster/mb_qe17_direct_r3_s42_30812497/neb.out,0.0,0.0,31,6.958300857780802e-08,1.2588122119683298e-07
d50fd350e609b99a4b57e14af06d716d5f9c90fd274da7680b9d9a63f4b857e5,7f6be00c7210488332df3be49654e350cddedb6f4892cc69145fb49bd7205c37,2ce905c0c5c551cfc1060a04b67d79111e2ccc18dc1bb5d6415d7c666e0b2216,mb_qe17_direct_r3_s42_30812497,Sb2Te3Cr_1-7_qe_r3,101,2,100,False,-133598.07559110428,-133598.07559104986,5.4424162954092026e-08,0.6822858285635189,0.388271,True,/Users/alina/Project/26MIgrationBench/cluster/mb_qe17_direct_r3_s42_30812497/neb.out,0.18502924042866034,0.2720839311017804,11,6.91456392932437e-08,1.2850374662325484e-07
c48a2b1b582c6909e3df091accce8cac76f2f46845f24f1250eb72e78f31be52,3dccd5cef3960971fe143a26ce9993e12eb3f2605385f159b21aefec39ab5e47,d9653086ccad3f080b98a6d87904f37bee930e2d03355fddd1856ec6c92cde91,mb_qe17_direct_r3_s42_30812497,Sb2Te3Cr_1-7_qe_r3,101,3,100,False,-133597.65442632942,-133597.654426275,5.4424162954092026e-08,0.1074680836493939,0.174396,True,/Users/alina/Project/26MIgrationBench/cluster/mb_qe17_direct_r3_s42_30812497/neb.out,0.4086189407315306,0.6008706918934047,11,7.03775492232632e-08,1.2768099354383035e-07
eb03e54969f5a3537844a432d23c92de01719d9b226aed4f150f2ef3fd47f3a3,04106cd42fef26da76ff0c1505250d6cdc6932f110dba95c2ff95fb068688c4a,223e5368998c5d10b6b30d8842b4e9f30b4d31edf014b34e1584632da2f417b4,mb_qe17_direct_r3_s42_30812497,Sb2Te3Cr_1-7_qe_r3,101,4,100,False,-133597.53163508503,-133597.53163501972,6.530899554491043e-08,0.32536244300890965,0.322515,True,/Users/alina/Project/26MIgrationBench/cluster/mb_qe17_direct_r3_s42_30812497/neb.out,0.5722065597325264,0.8414249002674714,11,7.60767877560319e-08,1.2809237008234997e-07
3eec1af62ec88f4afab0ac4592ecdc81d272d6b1ba7f88fb73b69207a89e723c,7f20a0d547d10d0374289a1fcc4a4ec89fefe4183506ea8d1958a36fde6cf12c,489d371cccf2d6ee4d439513d8661169dcdbc245c31bf14bea626b3cc0ddc86e,mb_qe17_direct_r3_s42_30812497,Sb2Te3Cr_1-7_qe_r3,101,5,0,True,-133596.88187561775,-133596.88187555244,6.530899554491043e-08,0.2263000343221766,0.675953,True,/Users/alina/Project/26MIgrationBench/cluster/mb_qe17_direct_r3_s42_30812497/neb.out,0.680044718846131,1.0,30,6.30085850981224e-08,1.256241108429923e-07
2480fa3c1ef339b6d7907410027555b17f38ea33c295e57285b5e0e7ef1b558e,1df8d4654a4f671782afb74dc314498265c44617c638390b2d01a3042e4d5b0f,d73c7fe4f4acdf0f98cc89ae74cd8d4f7cb56e554abc0ebb99ff5ca052fa1bf7,mb_qe17_direct_r3_s42_30812497,Sb2Te3Cr_1-7_qe_r3,102,1,0,True,-133597.43980903763,-133597.43980900772,2.991873770952225e-08,0.23376266186467842,0.233763,True,/Users/alina/Project/26MIgrationBench/cluster/mb_qe17_direct_r3_s42_30812497/neb.out,0.0,0.0,31,6.958300857780802e-08,1.2588122119683298e-07
8e3dd90d4e24d5fb135efbc7734ed20edafe7cfab98aae491654d781d9fb1aae,44da90bbce94041e81edb2dff424ed826bacd03a4d2a0a8566976b5d568234d4,41f5d5e14fbe97631dea62325fdb971cec34b917a6bbadd7befd87aebaf535da,mb_qe17_direct_r3_s42_30812497,Sb2Te3Cr_1-7_qe_r3,102,2,101,False,-133598.1017607026,-133598.10176068355,1.9033905118703842e-08,0.6684157663572379,0.376147,True,/Users/alina/Project/26MIgrationBench/cluster/mb_qe17_direct_r3_s42_30812497/neb.out,0.20174603161466403,0.27157884897022344,23,7.565328834823323e-08,1.268582404609364e-07
f66dbe65285ba4d1384816b4eef065b06ef74bbe35bf9dbf4b9ea5ec76b52863,15b84203c447997308dc0656fa18e9018c4f13e1b4b94db7b4ebfcf12582d954,0b0cfbc761ce4bc00666faa40217f307b7b8b01c0eb2112b6002d50d4af3a21d,mb_qe17_direct_r3_s42_30812497,Sb2Te3Cr_1-7_qe_r3,102,3,101,False,-133597.65733155308,-133597.65733149866,5.4424162954092026e-08,0.10176054518282975,0.172834,True,/Users/alina/Project/26MIgrationBench/cluster/mb_qe17_direct_r3_s42_30812497/neb.out,0.43815834090508765,0.5898234376029099,19,6.977846254341894e-08,1.2752672734483994e-07
d89abbb61f7e87a345176d1607ae0a055f6db221df7f4f5c4ded84e96d65b3b4,5cd66170a1d2c83f4d33a9fe3eeccb64d95ac70277c3621cb5a9501ec8d3d6d3,e1633fbab421e3829e1ddc2fe9e7d067db9ecca5d84ea21653692d5a80b3e461,mb_qe17_direct_r3_s42_30812497,Sb2Te3Cr_1-7_qe_r3,102,4,101,False,-133597.54479029367,-133597.54479034262,4.895264282822609e-08,0.2917555029024444,0.29189,True,/Users/alina/Project/26MIgrationBench/cluster/mb_qe17_direct_r3_s42_30812497/neb.out,0.615207285698149,0.8281564955246168,22,7.483820383515054e-08,1.2845232455482858e-07
d9feb1867bf7907cb7805750652d00bcafd1125f23c7a68d309fac4f45bed2a2,874b8d443a31d0674b189109a715ded2782a275b82e51b8dacb2a4daddd146d4,489d371cccf2d6ee4d439513d8661169dcdbc245c31bf14bea626b3cc0ddc86e,mb_qe17_direct_r3_s42_30812497,Sb2Te3Cr_1-7_qe_r3,102,5,0,True,-133596.88187561775,-133596.88187555244,6.530899554491043e-08,0.2263000343221766,0.704355,True,/Users/alina/Project/26MIgrationBench/cluster/mb_qe17_direct_r3_s42_30812497/neb.out,0.7428635638587008,1.0,30,6.30085850981224e-08,1.256241108429923e-07
6b0d4907a424f351537c6fb9f403c1d56ac833348117a94e374d3dcf4a1f71e9,532afa9048cf486f4ae0f15e0f01bfbf1f963c8559c345626962b45b34cb06b0,d73c7fe4f4acdf0f98cc89ae74cd8d4f7cb56e554abc0ebb99ff5ca052fa1bf7,mb_qe17_direct_r3_s42_30812497,Sb2Te3Cr_1-7_qe_r3,103,1,0,True,-133597.43980903763,-133597.43980900772,2.991873770952225e-08,0.23376266186467842,0.233763,True,/Users/alina/Project/26MIgrationBench/cluster/mb_qe17_direct_r3_s42_30812497/neb.out,0.0,0.0,31,6.958300857780802e-08,1.2588122119683298e-07
84076de389aec865f2e17b412fa804c297833d5df831b20f206a2fa6179486b8,21a5e5556732330450b02b02731921488e6d1d9798983c870808f48f122c9951,6eace3c04bb2e1aeac5794b3820852c3842db35740e320c576dd9bfc4d59249e,mb_qe17_direct_r3_s42_30812497,Sb2Te3Cr_1-7_qe_r3,103,2,102,False,-133598.28590069755,-133598.28590071388,1.6327248886227608e-08,0.5151088660094298,0.311246,True,/Users/alina/Project/26MIgrationBench/cluster/mb_qe17_direct_r3_s42_30812497/neb.out,0.221751743040556,0.27198373028757133,37,7.373745903029819e-08,1.2588122118208783e-07
25ee82dc8e9baedbbda9a999cfec32104b33b8cf7c84740fc7479e04cbc925f9,a9f4eacbf9c29989db5f82d84a2946449b72b34472f398e25c8e3cbb8ee4bc55,00c70b9a5e7621d4268bc3aec420a834033d169e0e68bef75502af0b29f48bd5,mb_qe17_direct_r3_s42_30812497,Sb2Te3Cr_1-7_qe_r3,103,3,102,False,-133597.67541651247,-133597.67541650703,5.4424162954092026e-09,0.1623142753734731,0.137815,True,/Users/alina/Project/26MIgrationBench/cluster/mb_qe17_direct_r3_s42_30812497/neb.out,0.47390038233678405,0.5812499690209498,27,7.16248213867435e-08,1.2845232455569594e-07
2f8f66f683a26c007185f3b3dd4fde1a67c844dd6772319b99ad07a776b7aca5,8542c12100b33957f9d038c2c1985f527b0e6cc8164a45bcfc270d3470a6a2cc,aba264cfa054f93592d0f7c85ce2806a10ce7cbebcc8702bcd7a90242f5d438a,mb_qe17_direct_r3_s42_30812497,Sb2Te3Cr_1-7_qe_r3,103,4,102,False,-133597.61240269718,-133597.61240274346,4.627509042620659e-08,0.43305478059721547,0.334252,True,/Users/alina/Project/26MIgrationBench/cluster/mb_qe17_direct_r3_s42_30812497/neb.out,0.6665920434215693,0.8175908250545517,28,7.560438566883938e-08,1.28143792153812e-07
94ee93781450c79a9e24706c139aaea6cfba5c3d8ed9cdcc1ce509f4ee269cd4,0efe48424123bfe7e54ef5caff797f773180e9931e68868ef773de70736b70cf,489d371cccf2d6ee4d439513d8661169dcdbc245c31bf14bea626b3cc0ddc86e,mb_qe17_direct_r3_s42_30812497,Sb2Te3Cr_1-7_qe_r3,103,5,0,True,-133596.88187561775,-133596.88187555244,6.530899554491043e-08,0.2263000343221766,0.947884,True,/Users/alina/Project/26MIgrationBench/cluster/mb_qe17_direct_r3_s42_30812497/neb.out,0.8153125291946526,1.0,30,6.30085850981224e-08,1.256241108429923e-07
4284315842779b9e8e7ef5ccacd9deb384932af2efcefe74da025ca3025b0d08,e205470f35af16e201da0de03a3741fb84c5cd6987d560c51813410553a8eccd,d73c7fe4f4acdf0f98cc89ae74cd8d4f7cb56e554abc0ebb99ff5ca052fa1bf7,mb_qe17_direct_r3_s42_30812497,Sb2Te3Cr_1-7_qe_r3,104,1,0,True,-133597.43980903763,-133597.43980900772,2.991873770952225e-08,0.23376266186467842,0.233763,True,/Users/alina/Project/26MIgrationBench/cluster/mb_qe17_direct_r3_s42_30812497/neb.out,0.0,0.0,31,6.958300857780802e-08,1.2588122119683298e-07
b7575bbf7c6b1250c33f3542d484c0c10959e9962a5b80a7e6e21c83ff0797cd,9933cd46082a08ac60c7355ecfd155acde589b405d7f933c5e28774600aef8cd,14e9a31cf800e579d244c0be5b981acb1ecc36eeee27d1438564e9f72f4932bc,mb_qe17_direct_r3_s42_30812497,Sb2Te3Cr_1-7_qe_r3,104,2,103,False,-133598.43875072763,-133598.4387507848,5.7159923017024994e-08,0.3232378754737194,0.266574,True,/Users/alina/Project/26MIgrationBench/cluster/mb_qe17_direct_r3_s42_30812497/neb.out,0.23546289864756215,0.27251085901139754,40,7.294184825127736e-08,1.2552126671047659e-07
32a40b7e10b8f49455b2ce568aa1242d225e29f25c444e3981bb69369aee107a,690419a38064b3caebd9eb27284098a0f619cbb569ab5ac7c7969a464b03240d,a598d945d245134014922558c40ff728b6afe99a7066e29886ad4c8a14bece2a,mb_qe17_direct_r3_s42_30812497,Sb2Te3Cr_1-7_qe_r3,104,3,103,False,-133597.68175540492,-133597.68175541036,5.4424162954092026e-09,0.2558592971970507,0.344558,True,/Users/alina/Project/26MIgrationBench/cluster/mb_qe17_direct_r3_s42_30812497/neb.out,0.49864135151485717,0.5770980643677082,28,7.065883795317414e-08,1.2757814941977141e-07
a45703f478a54a41a7dfa5312651a5938e61476cda5f6662bc394cb130776d31,5d36c7060f2e43c7a2fd988b54d9f45dde5fa6f3da2b9b7d5e96bbf5b6e967e8,8c5a80e6bc0d480063b70c8b0815713b2a1c44ee6c27a893c73e92fe09e864bf,mb_qe17_direct_r3_s42_30812497,Sb2Te3Cr_1-7_qe_r3,104,4,103,False,-133597.60583237192,-133597.60583236648,5.4424162954092026e-09,1.0100451381248414,0.761059,True,/Users/alina/Project/26MIgrationBench/cluster/mb_qe17_direct_r3_s42_30812497/neb.out,0.7018490013772292,0.8122786025321042,25,7.171157131716567e-08,1.2737246116167888e-07
d6c425bef59f66ab0848b025aa28d0bcbdcad9f40eb1d8534fcbadba313c2222,087aa81e8ecaad040251fa8fda7541a940a77837e0a252f012932ccea73ea52b,489d371cccf2d6ee4d439513d8661169dcdbc245c31bf14bea626b3cc0ddc86e,mb_qe17_direct_r3_s42_30812497,Sb2Te3Cr_1-7_qe_r3,104,5,0,True,-133596.88187561775,-133596.88187555244,6.530899554491043e-08,0.2263000343221766,1.35192,True,/Users/alina/Project/26MIgrationBench/cluster/mb_qe17_direct_r3_s42_30812497/neb.out,0.8640495997178377,1.0,30,6.30085850981224e-08,1.256241108429923e-07
4b14179eb0fb4b0aa6313b1c1497814b37c315b1343535817b831b17c6b8af97,5db45abf0897d0a2d55d8e779990628a9d74530b9549f7e52ed20f05c5f09c76,d73c7fe4f4acdf0f98cc89ae74cd8d4f7cb56e554abc0ebb99ff5ca052fa1bf7,mb_qe17_direct_r3_s42_30812497,Sb2Te3Cr_1-7_qe_r3,105,1,0,True,-133597.43980903763,-133597.43980900772,2.991873770952225e-08,0.23376266186467842,0.233763,True,/Users/alina/Project/26MIgrationBench/cluster/mb_qe17_direct_r3_s42_30812497/neb.out,0.0,0.0,31,6.958300857780802e-08,1.2588122119683298e-07
ba5284c0eb1865686aaa18983b78e44434e110fc0c26c8dec7d44a6921e6eb41,cd2c402878ced1a9b0d9f26bfb4ec23c8d5c01f949fcc6c24b17f2c3f5f27fd2,e3a13ef9e1bf06317da94ce4c67923a6a8fe47df0900ff125e6059f07eb15f69,mb_qe17_direct_r3_s42_30812497,Sb2Te3Cr_1-7_qe_r3,105,2,104,False,-133598.50065840007,-133598.50065839736,2.7066562324762344e-09,0.4542750470027284,0.382372,True,/Users/alina/Project/26MIgrationBench/cluster/mb_qe17_direct_r3_s42_30812497/neb.out,0.23536621132496285,0.27250860854764103,42,7.351753567922373e-08,1.284009024937749e-07
52d61990d68ecb10a4922ceabce97e2ec29c8c55e3153351e5d63ed6e55779d2,26ac8b4fbbc0a705de6dda46077cbfef77cf90a8764dfbc84205fbb4115948a2,e142d0559d70d9ab0a60af598ee0d2d4cea7a18c0afeba880879e3fddc48b0b2,mb_qe17_direct_r3_s42_30812497,Sb2Te3Cr_1-7_qe_r3,105,3,104,False,-133597.67923209307,-133597.67923203864,5.4424162954092026e-08,0.3201663561235735,0.64042,True,/Users/alina/Project/26MIgrationBench/cluster/mb_qe17_direct_r3_s42_30812497/neb.out,0.498497974564199,0.5771643629201739,27,7.176575352039395e-08,1.281437921468731e-07
672f510c6cdf39812d68f946878862a5873e3b4e0032595d87ff8c8f62372fe2,510ea59ccc6e426e31cf09d580fa5da61fd316fc9a220b371cbe0a592996e1fe,478bc7f9a0f96197de7cd68a97839ea4804a6920372b0b7f1440918c6d190267,mb_qe17_direct_r3_s42_30812497,Sb2Te3Cr_1-7_qe_r3,105,4,104,False,-133597.55325153816,-133597.55325156538,2.7212081477046013e-08,1.4539905245777165,1.078181,True,/Users/alina/Project/26MIgrationBench/cluster/mb_qe17_direct_r3_s42_30812497/neb.out,0.7015668120596438,0.812278851247758,25,7.409849762280798e-08,1.2809237008365101e-07
ee39c1a0fff5abceebb6bbcb071ffb7d6d1d5232edff22213d1e12977e693c51,2117d54a009ca0ead869d55127204cea8648d2f8fb1770393284387b2588082b,489d371cccf2d6ee4d439513d8661169dcdbc245c31bf14bea626b3cc0ddc86e,mb_qe17_direct_r3_s42_30812497,Sb2Te3Cr_1-7_qe_r3,105,5,0,True,-133596.88187561775,-133596.88187555244,6.530899554491043e-08,0.2263000343221766,1.6421,True,/Users/alina/Project/26MIgrationBench/cluster/mb_qe17_direct_r3_s42_30812497/neb.out,0.8637019306632848,1.0,30,6.30085850981224e-08,1.256241108429923e-07
1dfd2ed30a16767fccf2b61b2a363d715548c67c86b0f9bc5a75452e1d6def38,abd52fd280f361bbd1e2ad28f80d566acbb87ccf7b52f75872e3a06f0675201d,d73c7fe4f4acdf0f98cc89ae74cd8d4f7cb56e554abc0ebb99ff5ca052fa1bf7,mb_qe17_direct_r3_s42_30812497,Sb2Te3Cr_1-7_qe_r3,106,1,0,True,-133597.43980903763,-133597.43980900772,2.991873770952225e-08,0.23376266186467842,0.233763,True,/Users/alina/Project/26MIgrationBench/cluster/mb_qe17_direct_r3_s42_30812497/neb.out,0.0,0.0,31,6.958300857780802e-08,1.2588122119683298e-07
a642f228ea71546d3403e3ccb810d2745ac8d442fe18c648b49a7f362deee033,668b3daf4f7cb21deb00c400b2ba1e295fc6cedfb8f61a0012fb92a712f04a5b,57c776b7d2ef62fea38c6ba05855fc13875b8e4dc346832acc7b21d9f6aa2ddf,mb_qe17_direct_r3_s42_30812497,Sb2Te3Cr_1-7_qe_r3,106,2,105,False,-133598.50083200872,-133598.50083199784,1.0884832590818405e-08,0.45143570958837825,0.379603,True,/Users/alina/Project/26MIgrationBench/cluster/mb_qe17_direct_r3_s42_30812497/neb.out,0.23533644908293902,0.27251171785413236,11,7.672980558160753e-08,1.2711535074538816e-07
d2704f3f206b3b8d2b8b7d6c2e892495e7269a4a371a8a4e623c7ddee40e47eb,6d7b959268c60c5fe1c014ea3d3dc138bc93c0e34a52cb2faef5f1f0f40f3fb6,2f3cf1d82ab655b8e668e8a5c23fcf9250527478cf4c693714b897f74e365be1,mb_qe17_direct_r3_s42_30812497,Sb2Te3Cr_1-7_qe_r3,106,3,105,False,-133597.67961495728,-133597.67961493004,2.7241185307502747e-08,0.29958016960129946,0.637149,True,/Users/alina/Project/26MIgrationBench/cluster/mb_qe17_direct_r3_s42_30812497/neb.out,0.49850827903774064,0.5772558735141144,11,7.799939726972223e-08,1.2850374662368852e-07
b854c84f1c30a845968769f91c9d798deb721b7bcbe1f0344da4f9678785cd76,14da3c240a50fd7d2b3b2e43c3eff90fa670eb667b1a7796438c8e8417315375,6e53e3e07ab783ed033d87156a27b58f3b30c7241037e231267c68e0acdf02f9,mb_qe17_direct_r3_s42_30812497,Sb2Te3Cr_1-7_qe_r3,106,4,105,False,-133597.55539593144,-133597.55539595324,2.1798769012093544e-08,1.4325886927037013,1.061997,True,/Users/alina/Project/26MIgrationBench/cluster/mb_qe17_direct_r3_s42_30812497/neb.out,0.7014237549681785,0.8122251914437155,11,7.408816463238231e-08,1.280923700840847e-07
ed26c062b819f4faf49143d31921e9ee6995de7dd25c5ee39013fe591687c485,baef779c5e018e81606cab68f155b5000176361cdbca57d67228e0c2cce65b9f,489d371cccf2d6ee4d439513d8661169dcdbc245c31bf14bea626b3cc0ddc86e,mb_qe17_direct_r3_s42_30812497,Sb2Te3Cr_1-7_qe_r3,106,5,0,True,-133596.88187561775,-133596.88187555244,6.530899554491043e-08,0.2263000343221766,1.639991,True,/Users/alina/Project/26MIgrationBench/cluster/mb_qe17_direct_r3_s42_30812497/neb.out,0.8635828614493113,1.0,30,6.30085850981224e-08,1.256241108429923e-07
d683697f18823321e4c10c1864797c4b7dc8071fd645601bbfea74588c39ddd0,e067cc24206971077d98de824c675395a4250c976575a8d2b26a4faa18e491a9,d73c7fe4f4acdf0f98cc89ae74cd8d4f7cb56e554abc0ebb99ff5ca052fa1bf7,mb_qe17_direct_r3_s42_30812497,Sb2Te3Cr_1-7_qe_r3,107,1,0,True,-133597.43980903763,-133597.43980900772,2.991873770952225e-08,0.23376266186467842,0.233763,True,/Users/alina/Project/26MIgrationBench/cluster/mb_qe17_direct_r3_s42_30812497/neb.out,0.0,0.0,31,6.958300857780802e-08,1.2588122119683298e-07
4c6e4d4530e59145fee260cb5f212f2c54f00e9425d7a9a9c29b19917290dbbb,0a2e0df111721433aac95da9cafa83e474977efad4e8762aaa63899c274bfd24,194a6d8ca14a073eccaa15ad591c7ab767f8ceee049d9394ca934e9b8b346c24,mb_qe17_direct_r3_s42_30812497,Sb2Te3Cr_1-7_qe_r3,107,2,106,False,-133598.50169746685,-133598.5016974315,3.536115400493145e-08,0.44876920392236336,0.378898,True,/Users/alina/Project/26MIgrationBench/cluster/mb_qe17_direct_r3_s42_30812497/neb.out,0.23446956931841276,0.27251074355335403,13,8.020963414395469e-08,1.2762957147735565e-07
bfaba510ace719246e365cef4b604efb62f578e2fbb231762a72554d53dad227,0686d46989a56331e39285050bec18f84ca5b7181e51f741017e1b4448f77868,88e2bcea72f9338c7df7dd43d2cbef6bb9a1f43fc1160d5bf8fd5fbdbb0b3283,mb_qe17_direct_r3_s42_30812497,Sb2Te3Cr_1-7_qe_r3,107,3,106,False,-133597.68033946044,-133597.680339523,6.257323548197746e-08,0.3142738075598219,0.615764,True,/Users/alina/Project/26MIgrationBench/cluster/mb_qe17_direct_r3_s42_30812497/neb.out,0.4991273031254895,0.5801074864337463,16,6.95853630469237e-08,1.278866818138491e-07
146020e45c9aa18ed67540a7287d07a108083d2b6e64f47fd183ffafd3469056,e2fd106cc58822886061be3c652de2e049cf0cc741c09d1ce3bc0f8c79db9116,802268546b6e7d47e15989128a05f90d8479de996871a2c2a414eedfa0c08a7b,mb_qe17_direct_r3_s42_30812497,Sb2Te3Cr_1-7_qe_r3,107,4,106,False,-133597.55880633448,-133597.55880634265,8.17817635834217e-09,1.4065220396076068,1.04376,True,/Users/alina/Project/26MIgrationBench/cluster/mb_qe17_direct_r3_s42_30812497/neb.out,0.6972068320547622,0.8103241404248248,15,6.9145897369972e-08,1.2834948042057814e-07
ea1c1f81ba0150280dbe703f64697d4f5ccd4bc554da9a5f92939a8dc283d8e9,3b2c356fcfa1cf3718d7cf6cd965361bf135159c9e02ad88b59c8e4077fe25c2,489d371cccf2d6ee4d439513d8661169dcdbc245c31bf14bea626b3cc0ddc86e,mb_qe17_direct_r3_s42_30812497,Sb2Te3Cr_1-7_qe_r3,107,5,0,True,-133596.88187561775,-133596.88187555244,6.530899554491043e-08,0.2263000343221766,1.639235,True,/Users/alina/Project/26MIgrationBench/cluster/mb_qe17_direct_r3_s42_30812497/neb.out,0.86040486426733,1.0,30,6.30085850981224e-08,1.256241108429923e-07
5302de6a89a2f544c7787857759d7495e5f2efe3c5797c991548fd97f137adda,428ac0d07cfa309f25c441880fa37ac10b011d058f645c36606dd6263a5538f4,d73c7fe4f4acdf0f98cc89ae74cd8d4f7cb56e554abc0ebb99ff5ca052fa1bf7,mb_qe17_direct_r3_s42_30812497,Sb2Te3Cr_1-7_qe_r3,108,1,0,True,-133597.43980903763,-133597.43980900772,2.991873770952225e-08,0.23376266186467842,0.233763,True,/Users/alina/Project/26MIgrationBench/cluster/mb_qe17_direct_r3_s42_30812497/neb.out,0.0,0.0,31,6.958300857780802e-08,1.2588122119683298e-07
b54c8d6b33b22306141ff47ed128a79a40640a7e039a406d69b53468e5b064c8,1d41b81b474919572326505a070b830217c7c727d24d5323d980374f5f839c1c,1ea07fadd4ee36e8b644d43a3fc65758d0c6d5a3d40851336b893a5dde414804,mb_qe17_direct_r3_s42_30812497,Sb2Te3Cr_1-7_qe_r3,108,2,107,False,-133598.52855891467,-133598.52855890652,8.149072527885437e-09,0.39865414024073526,0.347291,True,/Users/alina/Project/26MIgrationBench/cluster/mb_qe17_direct_r3_s42_30812497/neb.out,0.23376550897997952,0.2723674109623332,22,7.445476584463417e-08,1.2618975358744122e-07
f3f8da877b84f6ea7ff771e8a2f42751901bf3b664bac685b23eb6d2b71340e6,10e143efac5ed14eb53302d17e72df44b7f2c1e6082e91c1909e6bdab247a0cd,6d5eba5fa5cb6912f5168748b45628cd470bca7015c154611e0d68ba506722da,mb_qe17_direct_r3_s42_30812497,Sb2Te3Cr_1-7_qe_r3,108,3,107,False,-133597.69998989088,-133597.69998992898,3.809691406786442e-08,0.20313221914445992,0.203811,True,/Users/alina/Project/26MIgrationBench/cluster/mb_qe17_direct_r3_s42_30812497/neb.out,0.499880647667173,0.5824263741446247,23,7.377528080252398e-08,1.2680681839467856e-07
c420ab9ebdfeac1e64032e7b1ac6d1d714e251ea40d29b001eda80dbc25fc24a,f140e2ca4d1095f497a75493dae29c0376dc75e11883e9499652b51f3f265a7b,8f0346a99540e92355c633f417b274b33644c8667d92ec87df358a194e22295f,mb_qe17_direct_r3_s42_30812497,Sb2Te3Cr_1-7_qe_r3,108,4,107,False,-133597.6363012332,-133597.6363012305,2.7066562324762344e-09,0.5324015372576929,0.407307,True,/Users/alina/Project/26MIgrationBench/cluster/mb_qe17_direct_r3_s42_30812497/neb.out,0.6939523811546503,0.8085453419153711,25,7.324317077420819e-08,1.2644686392436835e-07
532047e758c3ecfe173493fd3cd7c4c243f67f1573f8ed78181457af5c341791,b47931e6dd4c02fcb55a631c7bdfd771c17d582bea42a5021c818b85af122fd7,489d371cccf2d6ee4d439513d8661169dcdbc245c31bf14bea626b3cc0ddc86e,mb_qe17_direct_r3_s42_30812497,Sb2Te3Cr_1-7_qe_r3,108,5,0,True,-133596.88187561775,-133596.88187555244,6.530899554491043e-08,0.2263000343221766,1.615549,True,/Users/alina/Project/26MIgrationBench/cluster/mb_qe17_direct_r3_s42_30812497/neb.out,0.8582726845110994,1.0,30,6.30085850981224e-08,1.256241108429923e-07
3d036a3fd7f37df5118fd62bf7aced036fef5071fbfe78408fdd8735d8c10dfd,dc3a10534ebf5d7b314cae2bb5104c7b8fad9025b07c83e33a5e4b0586ee0b21,d73c7fe4f4acdf0f98cc89ae74cd8d4f7cb56e554abc0ebb99ff5ca052fa1bf7,mb_qe17_direct_r3_s42_30812497,Sb2Te3Cr_1-7_qe_r3,109,1,0,True,-133597.43980903763,-133597.43980900772,2.991873770952225e-08,0.23376266186467842,0.233763,True,/Users/alina/Project/26MIgrationBench/cluster/mb_qe17_direct_r3_s42_30812497/neb.out,0.0,0.0,31,6.958300857780802e-08,1.2588122119683298e-07
92cef8951c8ebe18d384a3722e3742f8bd6d8b111547bd74eb5e071d2daa57c6,c5648d9658cd8932411853a6708c06d1111b2223d33fb982c111523bca9ba01a,1ac9d1c82aeda094bf7b530684bb79fcee6d9860cccdd4e81028dfa41772db56,mb_qe17_direct_r3_s42_30812497,Sb2Te3Cr_1-7_qe_r3,109,2,108,False,-133598.54839846428,-133598.5483984942,2.991873770952225e-08,0.36739920550567584,0.319803,True,/Users/alina/Project/26MIgrationBench/cluster/mb_qe17_direct_r3_s42_30812497/neb.out,0.2335979109716182,0.2723198969100998,21,7.65293543662008e-08,1.2829805834391195e-07
bd2387a4d575a3fd5743fbb045beba22a17ff0b97b63963567ec178c20df5757,fb6ddd03b30a1afcf8b4cbd29da23cb381d3ff784e3f982be03907f8d360ba19,1f8333ab2f03d1471d15a2ef6c9a0c1eff84b8940501cc11f133e97d0378b7b7,mb_qe17_direct_r3_s42_30812497,Sb2Te3Cr_1-7_qe_r3,109,3,108,False,-133597.7112393501,-133597.71123934464,5.4424162954092026e-09,0.1483353948568851,0.145,True,/Users/alina/Project/26MIgrationBench/cluster/mb_qe17_direct_r3_s42_30812497/neb.out,0.5001061524217986,0.5830054528533758,22,7.386341599066161e-08,1.264982859927946e-07
70bb058ee186d8653c875b8d1a58a1538a4ff7aa5665e3c78126b25271f1b3f8,52a45a251c8e5e677257e0f882286938e2f9c3fde754aecefd99c7fbd92836e9,b1389fa8105c4cf5349441b3b4cffa47a02db7606a14c41e2834f6af4bc70f5c,mb_qe17_direct_r3_s42_30812497,Sb2Te3Cr_1-7_qe_r3,109,4,108,False,-133597.65236874044,-133597.65236876765,2.7212081477046013e-08,0.29795422998204657,0.355846,True,/Users/alina/Project/26MIgrationBench/cluster/mb_qe17_direct_r3_s42_30812497/neb.out,0.6932170722435236,0.8081270969611266,24,7.798337479718874e-08,1.26806818398148e-07
64196ad557e5fb0a8012d629ddcca41bbd13d47a4de531a6049d316163874dbe,304fc8d5b3b6e8b4390014dee2cc4da870361edaba4d33f4aa3e6621578fc902,489d371cccf2d6ee4d439513d8661169dcdbc245c31bf14bea626b3cc0ddc86e,mb_qe17_direct_r3_s42_30812497,Sb2Te3Cr_1-7_qe_r3,109,5,0,True,-133596.88187561775,-133596.88187555244,6.530899554491043e-08,0.2263000343221766,1.59273,True,/Users/alina/Project/26MIgrationBench/cluster/mb_qe17_direct_r3_s42_30812497/neb.out,0.8578069895815774,1.0,30,6.30085850981224e-08,1.256241108429923e-07
08f29458299f8c020f85af2eaf6a786d1a6c1b80a2457a74a002450fdb3b1717,8d0126b3fd8fce8b49d25cdaf721562a9a86684372aba31f4683e4a87743ce83,d73c7fe4f4acdf0f98cc89ae74cd8d4f7cb56e554abc0ebb99ff5ca052fa1bf7,mb_qe17_direct_r3_s42_30812497,Sb2Te3Cr_1-7_qe_r3,110,1,0,True,-133597.43980903763,-133597.43980900772,2.991873770952225e-08,0.23376266186467842,0.233763,True,/Users/alina/Project/26MIgrationBench/cluster/mb_qe17_direct_r3_s42_30812497/neb.out,0.0,0.0,31,6.958300857780802e-08,1.2588122119683298e-07
046ec75c65168bc014845a3c7ae33b5b3e4898df7aa8dfd0ad981d1f0e6e5f62,09485865fed4bff8692c380935e376ecf808fa65b646115886bff70771ff2d90,702dc9e001a8a73b0d4d3d36a329652cc74b7ac3073c2c5d310c71c8019cd2e7,mb_qe17_direct_r3_s42_30812497,Sb2Te3Cr_1-7_qe_r3,110,2,109,False,-133598.55299759674,-133598.552997594,2.735760062932968e-09,0.3592158120488642,0.312652,True,/Users/alina/Project/26MIgrationBench/cluster/mb_qe17_direct_r3_s42_30812497/neb.out,0.23359471654276615,0.27232883396863006,20,7.058997688916107e-08,1.272696170014076e-07
1e82049ed48c9465a622183e0e38688e12a52b79b85e2574beb85ab7f7d9cd57,389b52417ab5feba5f4a5a800b4b01c9e2602c069f7e0e267e6f7d3489ac5340,7e758ab3d12f2459155ba671760ab3840231320faa818ea57b213adca71f4c54,mb_qe17_direct_r3_s42_30812497,Sb2Te3Cr_1-7_qe_r3,110,3,109,False,-133597.71330238134,-133597.71330244665,6.530899554491043e-08,0.14967557191190678,0.143056,True,/Users/alina/Project/26MIgrationBench/cluster/mb_qe17_direct_r3_s42_30812497/neb.out,0.500119077844968,0.5830476276634963,20,7.77780870171391e-08,1.2783525974672388e-07
d45f53414a06b5228f33bdc643d4748af09ce382fd2ead7d8cac79cc0f290526,786e64ac90c3a257358c3de3fc07930b1db36a63253daa968f18308b07cc1cd0,b53ac7fb9db4a7509794d3acb7872093308bb3e365149d00f239108578d097ec,mb_qe17_direct_r3_s42_30812497,Sb2Te3Cr_1-7_qe_r3,110,4,109,False,-133597.6497620257,-133597.64976197673,4.898174665868282e-08,0.4733919925356618,0.419996,True,/Users/alina/Project/26MIgrationBench/cluster/mb_qe17_direct_r3_s42_30812497/neb.out,0.6932184272952967,0.8081662495835327,19,7.643677603446783e-08,1.2732103907286962e-07
57b7745487476e4f11d2a40982cb5dec36165f1cafaeb06cdf1c0f81c5c95108,2aade972abf9f123ce803f85462a60d456f72d77b5b6d554b846cc1d7e4147d8,489d371cccf2d6ee4d439513d8661169dcdbc245c31bf14bea626b3cc0ddc86e,mb_qe17_direct_r3_s42_30812497,Sb2Te3Cr_1-7_qe_r3,110,5,0,True,-133596.88187561775,-133596.88187555244,6.530899554491043e-08,0.2263000343221766,1.586333,True,/Users/alina/Project/26MIgrationBench/cluster/mb_qe17_direct_r3_s42_30812497/neb.out,0.8577671087508649,1.0,30,6.30085850981224e-08,1.256241108429923e-07
80701f11c74f5aca5f03f9e6380847c70f72048baae233553c9c9db310c88ab9,310d6fc57589c6207eef1480a644bd01c3d43a52fad5bcf3db38b86a5b5896a8,d73c7fe4f4acdf0f98cc89ae74cd8d4f7cb56e554abc0ebb99ff5ca052fa1bf7,mb_qe17_direct_r3_s42_30812497,Sb2Te3Cr_1-7_qe_r3,111,1,0,True,-133597.43980903763,-133597.43980900772,2.991873770952225e-08,0.23376266186467842,0.233763,True,/Users/alina/Project/26MIgrationBench/cluster/mb_qe17_direct_r3_s42_30812497/neb.out,0.0,0.0,31,6.958300857780802e-08,1.2588122119683298e-07
2253f814c2e2a39513e57a9a55d512dbff1e7fe2a6eb0fbd2690953f35a4a306,5239b9444d2db36616323f1263547442a973ab97524156ab6d7a8c749d14b005,cd63f1d307aea4ed01815bc07d1540337d5bcc7c40ac36b8d392cbad817850b9,mb_qe17_direct_r3_s42_30812497,Sb2Te3Cr_1-7_qe_r3,111,2,110,False,-133598.5533098474,-133598.55330983107,1.6327248886227608e-08,0.351522752324392,0.306289,True,/Users/alina/Project/26MIgrationBench/cluster/mb_qe17_direct_r3_s42_30812497/neb.out,0.23359082571116213,0.272382902286081,11,7.004540983947938e-08,1.2768099354372193e-07
390e948072bb71658e41d4d1ec51ec758e5462617660eed02d8c267536602401,154f64b53513dc0b6bf3031694c544dff85501e42876dc93a40b94389aa6b60f,ed4badf2d5c797e936ae8c471b18d08958969b887a1774fbf09b826c769457b7,mb_qe17_direct_r3_s42_30812497,Sb2Te3Cr_1-7_qe_r3,111,3,110,False,-133597.71341612493,-133597.71341615214,2.7212081477046013e-08,0.14740187526464443,0.14289,True,/Users/alina/Project/26MIgrationBench/cluster/mb_qe17_direct_r3_s42_30812497/neb.out,0.5001714877242418,0.5832342132971268,11,7.870029743152709e-08,1.2855516869081374e-07
bb95afe84d5e197a724746744d1aa7106e58b3e071500911587903ab1bf7fa7d,41f105a6e72cbc4ae8f7d0703ffc58bb3bec6dc09a3b92d652a7eaecbbc98f2d,a1f4b209a30cd8c38f424819909c7b3bc3babe579b28000a0391625e6255ea89,mb_qe17_direct_r3_s42_30812497,Sb2Te3Cr_1-7_qe_r3,111,4,110,False,-133597.6501039368,-133597.6501039014,3.5390257835388184e-08,0.4713721370463503,0.41921,True,/Users/alina/Project/26MIgrationBench/cluster/mb_qe17_direct_r3_s42_30812497/neb.out,0.6932896021129094,0.8084231620542314,11,7.679435572925483e-08,1.2706392873290673e-07
87976bf8c6954cff0e7c52d694f2f41a4403f1a33b205e34a3292cb96730e105,97f171a56e57d1d26373cfe9d8834e73c1e3cb033546d18dfd5397f81a4b1b33,489d371cccf2d6ee4d439513d8661169dcdbc245c31bf14bea626b3cc0ddc86e,mb_qe17_direct_r3_s42_30812497,Sb2Te3Cr_1-7_qe_r3,111,5,0,True,-133596.88187561775,-133596.88187555244,6.530899554491043e-08,0.2263000343221766,1.585738,True,/Users/alina/Project/26MIgrationBench/cluster/mb_qe17_direct_r3_s42_30812497/neb.out,0.8575825565799431,1.0,30,6.30085850981224e-08,1.256241108429923e-07
54af77c3ab790240ff400f090bf9bda8639e3c6114ffa2d8a8760bfbc0c669f7,5422a39352164d60119cbb559ddc740bc37e2a2a6616469295249bd54e8d6192,d73c7fe4f4acdf0f98cc89ae74cd8d4f7cb56e554abc0ebb99ff5ca052fa1bf7,mb_qe17_direct_r3_s42_30812497,Sb2Te3Cr_1-7_qe_r3,112,1,0,True,-133597.43980903763,-133597.43980900772,2.991873770952225e-08,0.23376266186467842,0.233763,True,/Users/alina/Project/26MIgrationBench/cluster/mb_qe17_direct_r3_s42_30812497/neb.out,0.0,0.0,31,6.958300857780802e-08,1.2588122119683298e-07
b7a18f69723fbdbee5885b77870fc3f538f7231b4d1da80485153f6de979a66b,215eeb5709f32039f5b7a6f13708763c2c2eb1be7a3c57c209c56c9c1f9d2036,e0833a291b9499a3d5e9256eb497817a01c34e6dcb6300e9b88b21f66ecc42ac,mb_qe17_direct_r3_s42_30812497,Sb2Te3Cr_1-7_qe_r3,112,2,111,False,-133598.55460116372,-133598.55460114466,1.9063008949160576e-08,0.35773882106559574,0.311123,True,/Users/alina/Project/26MIgrationBench/cluster/mb_qe17_direct_r3_s42_30812497/neb.out,0.2343348671975742,0.27646825148751003,15,7.682022069454982e-08,1.2783525975279542e-07
92b570e2e930a908584505a587dea460b74bbce51608f9ac2de4b7fd63fb03c1,3675b5849436d984d400f17d46fd0c03364cdcfb7d3c9a100264a2041b122617,43d54c5e98d4ee1398e7aaaeedc4e3d6fb40c5598e45f4a71cc3ba2ea04c0f0a,mb_qe17_direct_r3_s42_30812497,Sb2Te3Cr_1-7_qe_r3,112,3,111,False,-133597.71386143926,-133597.7138613767,6.257323548197746e-08,0.1432145296268552,0.142004,True,/Users/alina/Project/26MIgrationBench/cluster/mb_qe17_direct_r3_s42_30812497/neb.out,0.506822840314953,0.5979495332961661,11,7.610115598694304e-08,1.2834948042231287e-07
c92f6fc12d9ae80d09a83fa5c76c3c16869cd5785bb400f1ab46395c4d31acf9,70e58b83af680f83e81c3628cb381ab16e9c1c793ef96b674bd6518dc620c977,37300a75d5714fce7b36ce980efd4bc9fca47cac59ca5bab4786b62cf2b631ad,mb_qe17_direct_r3_s42_30812497,Sb2Te3Cr_1-7_qe_r3,112,4,111,False,-133597.65226111942,-133597.65226116567,4.6245986595749855e-08,0.44748142753643166,0.396004,True,/Users/alina/Project/26MIgrationBench/cluster/mb_qe17_direct_r3_s42_30812497/neb.out,0.70412567366325,0.8307273951725396,15,7.287849218065974e-08,1.2824663628285826e-07
e3d68d1822455d3f4eeaaf6f32625fb7d3a628cd92496f7be5844c2260c4e8c8,c6c4ac4f4773ec73fc3e2c1f00dbbc5364673c570a83ca6f321632ec77ab09e7,489d371cccf2d6ee4d439513d8661169dcdbc245c31bf14bea626b3cc0ddc86e,mb_qe17_direct_r3_s42_30812497,Sb2Te3Cr_1-7_qe_r3,112,5,0,True,-133596.88187561775,-133596.88187555244,6.530899554491043e-08,0.2263000343221766,1.583026,True,/Users/alina/Project/26MIgrationBench/cluster/mb_qe17_direct_r3_s42_30812497/neb.out,0.8476013644849225,1.0,30,6.30085850981224e-08,1.256241108429923e-07
a60dac9f88342dcc35fbd057fa3e6ac973a28d22339f6299ac610a5d6d13a025,eeddfaeb154e086fffce846b26b17741599cd376fc9e7cb65473de64dad38074,d73c7fe4f4acdf0f98cc89ae74cd8d4f7cb56e554abc0ebb99ff5ca052fa1bf7,mb_qe17_direct_r3_s42_30812497,Sb2Te3Cr_1-7_qe_r3,113,1,0,True,-133597.43980903763,-133597.43980900772,2.991873770952225e-08,0.23376266186467842,,False,,0.0,0.0,31,6.958300857780802e-08,1.2588122119683298e-07
4b12b6ded0621f97d41af0a3305428f97b2a4476cff46894acb439daff02ef0d,d5edb12f22adba5c16fca04c73ce7c62091f7f375312cc4dcf09420e27d98a04,9aedf3fa78378a90eb0f3b05bcbe0aff205e8ff0b311c5e090bb891cbec773e6,mb_qe17_direct_r3_s42_30812497,Sb2Te3Cr_1-7_qe_r3,113,2,112,False,-133598.6471635512,-133598.64716360022,4.901085048913956e-08,0.21553628979700576,,False,,0.23388926704000634,0.27534675724706464,37,7.385393532553163e-08,1.2850374662282116e-07
0c1336bf8597b53cb49b737d3710f578528ea3874bc5ae8e5971d56b06fb1a0b,9ae7bd35874f1fc76813aa882982cfe26db418739b6a833d424e184f73089712,37caabcd09cc2ee3e02bb9e3d848e89945505597f56a6d508595f61661a1e1bf,mb_qe17_direct_r3_s42_30812497,Sb2Te3Cr_1-7_qe_r3,113,3,112,False,-133597.74496527825,-133597.74496529458,1.6327248886227608e-08,0.22419539168509425,,False,,0.5043925150935689,0.5937974203277555,27,7.067806752514163e-08,1.2834948042231287e-07
db8bc3cdfc676ffdd25b11a49c4e0db8a2e696f85bc3c3afc0c4c3fd3d7449f3,e4620782b5c6881e3a1d17ec9b0a817f62f9b7d0a8e1445e292e59983f327082,8decc6aa18d3238c4edd28702f8794289b20e3a8d0e6651e5dca88c4d3f7e732,mb_qe17_direct_r3_s42_30812497,Sb2Te3Cr_1-7_qe_r3,113,4,112,False,-133597.60718504994,-133597.60718509075,4.080357030034065e-08,1.376220559331642,,False,,0.6998841416041427,0.8239404538660735,30,7.162230952388182e-08,1.2778383767851446e-07
360a3270b9f7b8f210f179763d021e9ed8159e55b6e80be0cf3dffd199d405b7,364b74b1d8440832d930cefd1d7717059677ad6aa1c376ed3f087e2168a4cbd5,489d371cccf2d6ee4d439513d8661169dcdbc245c31bf14bea626b3cc0ddc86e,mb_qe17_direct_r3_s42_30812497,Sb2Te3Cr_1-7_qe_r3,113,5,0,True,-133596.88187561775,-133596.88187555244,6.530899554491043e-08,0.2263000343221766,,False,,0.8494353424694263,1.0,30,6.30085850981224e-08,1.256241108429923e-07
