
     Program NEB v.7.3.1 starts on 12Sep2026 at  9:29:31 

     This program is part of the open-source Quantum ESPRESSO suite
     for quantum simulation of materials; please cite
         "P. Giannozzi et al., J. Phys.:Condens. Matter 21 395502 (2009);
         "P. Giannozzi et al., J. Phys.:Condens. Matter 29 465901 (2017);
         "P. Giannozzi et al., J. Chem. Phys. 152 154105 (2020);
          URL http://www.quantum-espresso.org", 
     in publications or presentations arising from this work. More details at
     http://www.quantum-espresso.org/quote

     Parallel version (MPI), running on     2 processors

     MPI processes distributed on     1 nodes
     158788 MiB available memory on the printing compute node when the environment starts
 

     Parsing file: neb.in
     Reading input from pw_1.in
     Reading input from pw_2.in
     Reading input from pw_3.in
     Reading input from pw_4.in
     Reading input from pw_5.in

     reading file 'sb2te3.path'

 
     string_method                 =    neb
     restart_mode                  =    restart
     opt_scheme                    =    broyden
     num_of_images                 =    5
     nstep_path                    =    1000
     CI_scheme                     =    auto
     first_last_opt                =    F
     use_freezing                  =    F
     ds                            =    0.2000 a.u.
     k_max                         =    0.3000 a.u.
     k_min                         =    0.1000 a.u.
     suggested k_max               =   15.4213 a.u.
     suggested k_min               =    5.1404 a.u.
     path_thr                      =    0.0300 eV / A

     ------------------------------ iteration  66 ------------------------------

     tcpu =      0.4    self-consistency for image   3
     Message from routine setup:
     using ibrav=0 with symmetry is DISCOURAGED, use correct ibrav instead
     tcpu =    689.2    self-consistency for image   4
     Message from routine setup:
     using ibrav=0 with symmetry is DISCOURAGED, use correct ibrav instead

     activation energy (->) =   0.820400 eV
     activation energy (<-) =  -0.000000 eV

     image        energy (eV)        error (eV/A)        frozen

         1    -133597.1500230            0.312794            T
         2    -133597.8370910            0.402738            F
         3    -133597.5966477            0.395520            F
         4    -133597.2371070            0.117461            F
         5    -133596.3296231            1.076661            T

     climbing image =  5

     path length          =  9.370 bohr
     inter-image distance =  2.342 bohr

     ------------------------------ iteration  67 ------------------------------

     tcpu =   1446.3    self-consistency for image   2
     Message from routine setup:
     using ibrav=0 with symmetry is DISCOURAGED, use correct ibrav instead
     tcpu =   1891.8    self-consistency for image   3
     Message from routine setup:
     using ibrav=0 with symmetry is DISCOURAGED, use correct ibrav instead
     tcpu =   2247.7    self-consistency for image   4
     Message from routine setup:
     using ibrav=0 with symmetry is DISCOURAGED, use correct ibrav instead

     activation energy (->) =   0.820400 eV
     activation energy (<-) =  -0.000000 eV

     image        energy (eV)        error (eV/A)        frozen

         1    -133597.1500230            0.312794            T
         2    -133597.8396204            0.400361            F
         3    -133597.5971639            0.390777            F
         4    -133597.2372860            0.102795            F
         5    -133596.3296231            1.076508            T

     climbing image =  5

     path length          =  9.378 bohr
     inter-image distance =  2.344 bohr

     ------------------------------ iteration  68 ------------------------------

     tcpu =   2514.8    self-consistency for image   2
     Message from routine setup:
     using ibrav=0 with symmetry is DISCOURAGED, use correct ibrav instead
     tcpu =   2970.5    self-consistency for image   3
     Message from routine setup:
     using ibrav=0 with symmetry is DISCOURAGED, use correct ibrav instead
     tcpu =   3374.1    self-consistency for image   4
     Message from routine setup:
     using ibrav=0 with symmetry is DISCOURAGED, use correct ibrav instead

     activation energy (->) =   0.820400 eV
     activation energy (<-) =  -0.000000 eV

     image        energy (eV)        error (eV/A)        frozen

         1    -133597.1500230            0.312794            T
         2    -133597.8435934            0.396186            F
         3    -133597.5979833            0.382191            F
         4    -133597.2374087            0.105065            F
         5    -133596.3296231            1.075759            T

     climbing image =  5

     path length          =  9.391 bohr
     inter-image distance =  2.348 bohr

     ------------------------------ iteration  69 ------------------------------

     tcpu =   3731.9    self-consistency for image   2
     Message from routine setup:
     using ibrav=0 with symmetry is DISCOURAGED, use correct ibrav instead
     tcpu =   4268.1    self-consistency for image   3
     Message from routine setup:
     using ibrav=0 with symmetry is DISCOURAGED, use correct ibrav instead
     tcpu =   4783.0    self-consistency for image   4
     Message from routine setup:
     using ibrav=0 with symmetry is DISCOURAGED, use correct ibrav instead

     activation energy (->) =   0.820400 eV
     activation energy (<-) =  -0.000000 eV

     image        energy (eV)        error (eV/A)        frozen

         1    -133597.1500230            0.312794            T
         2    -133597.8538997            0.386629            F
         3    -133597.5999986            0.360503            F
         4    -133597.2377317            0.102154            F
         5    -133596.3296231            1.073873            T

     climbing image =  5

     path length          =  9.425 bohr
     inter-image distance =  2.356 bohr

     ------------------------------ iteration  70 ------------------------------

     tcpu =   5160.6    self-consistency for image   2
     Message from routine setup:
     using ibrav=0 with symmetry is DISCOURAGED, use correct ibrav instead
     tcpu =   5837.1    self-consistency for image   3
     Message from routine setup:
     using ibrav=0 with symmetry is DISCOURAGED, use correct ibrav instead
     tcpu =   6458.4    self-consistency for image   4
     Message from routine setup:
     using ibrav=0 with symmetry is DISCOURAGED, use correct ibrav instead

     activation energy (->) =   0.820400 eV
     activation energy (<-) =  -0.000000 eV

     image        energy (eV)        error (eV/A)        frozen

         1    -133597.1500230            0.312794            T
         2    -133597.8846120            0.355542            F
         3    -133597.6051554            0.296623            F
         4    -133597.2384574            0.155611            F
         5    -133596.3296231            1.067615            T

     climbing image =  5

     path length          =  9.529 bohr
     inter-image distance =  2.382 bohr

     ------------------------------ iteration  71 ------------------------------

     tcpu =   6979.9    self-consistency for image   2
     Message from routine setup:
     using ibrav=0 with symmetry is DISCOURAGED, use correct ibrav instead
     tcpu =   7586.9    self-consistency for image   3
     Message from routine setup:
     using ibrav=0 with symmetry is DISCOURAGED, use correct ibrav instead
     tcpu =   8149.8    self-consistency for image   4
     Message from routine setup:
     using ibrav=0 with symmetry is DISCOURAGED, use correct ibrav instead

     activation energy (->) =   0.820400 eV
     activation energy (<-) =  -0.000000 eV

     image        energy (eV)        error (eV/A)        frozen

         1    -133597.1500230            0.312794            T
         2    -133597.9070667            0.335694            F
         3    -133597.6080473            0.253510            F
         4    -133597.2391055            0.201459            F
         5    -133596.3296231            1.063450            T

     climbing image =  5

     path length          =  9.609 bohr
     inter-image distance =  2.402 bohr

     ------------------------------ iteration  72 ------------------------------

     tcpu =   8656.6    self-consistency for image   2
     Message from routine setup:
     using ibrav=0 with symmetry is DISCOURAGED, use correct ibrav instead
     tcpu =   9227.3    self-consistency for image   3
     Message from routine setup:
     using ibrav=0 with symmetry is DISCOURAGED, use correct ibrav instead
     tcpu =   9744.2    self-consistency for image   4
     Message from routine setup:
     using ibrav=0 with symmetry is DISCOURAGED, use correct ibrav instead

     activation energy (->) =   0.820400 eV
     activation energy (<-) =  -0.000000 eV

     image        energy (eV)        error (eV/A)        frozen

         1    -133597.1500230            0.312794            T
         2    -133597.9186378            0.326195            F
         3    -133597.6092506            0.235303            F
         4    -133597.2396661            0.228408            F
         5    -133596.3296231            1.061999            T

     climbing image =  5

     path length          =  9.652 bohr
     inter-image distance =  2.413 bohr

     ------------------------------ iteration  73 ------------------------------

     tcpu =  10128.3    self-consistency for image   2
     Message from routine setup:
     using ibrav=0 with symmetry is DISCOURAGED, use correct ibrav instead
     tcpu =  10594.7    self-consistency for image   3
     Message from routine setup:
     using ibrav=0 with symmetry is DISCOURAGED, use correct ibrav instead
     tcpu =  10974.4    self-consistency for image   4
     Message from routine setup:
     using ibrav=0 with symmetry is DISCOURAGED, use correct ibrav instead

     activation energy (->) =   0.820400 eV
     activation energy (<-) =  -0.000000 eV

     image        energy (eV)        error (eV/A)        frozen

         1    -133597.1500230            0.312794            T
         2    -133597.9227721            0.323219            F
         3    -133597.6096448            0.229549            F
         4    -133597.2401160            0.225504            F
         5    -133596.3296231            1.062259            T

     climbing image =  5

     path length          =  9.668 bohr
     inter-image distance =  2.417 bohr

     ------------------------------ iteration  74 ------------------------------

     tcpu =  11245.1    self-consistency for image   2
     Message from routine setup:
     using ibrav=0 with symmetry is DISCOURAGED, use correct ibrav instead
     tcpu =  11640.6    self-consistency for image   3
     Message from routine setup:
     using ibrav=0 with symmetry is DISCOURAGED, use correct ibrav instead
     tcpu =  11896.8    self-consistency for image   4
     Message from routine setup:
     using ibrav=0 with symmetry is DISCOURAGED, use correct ibrav instead

     activation energy (->) =   0.820400 eV
     activation energy (<-) =  -0.000000 eV

     image        energy (eV)        error (eV/A)        frozen

         1    -133597.1500230            0.312794            T
         2    -133597.9241427            0.323182            F
         3    -133597.6097567            0.245735            F
         4    -133597.2405408            0.237203            F
         5    -133596.3296231            1.063109            T

     climbing image =  5

     path length          =  9.673 bohr
     inter-image distance =  2.418 bohr

     ------------------------------ iteration  75 ------------------------------

     tcpu =  12161.1    self-consistency for image   2
     Message from routine setup:
     using ibrav=0 with symmetry is DISCOURAGED, use correct ibrav instead
     tcpu =  12582.5    self-consistency for image   3
     Message from routine setup:
     using ibrav=0 with symmetry is DISCOURAGED, use correct ibrav instead
     tcpu =  12903.2    self-consistency for image   4
     Message from routine setup:
     using ibrav=0 with symmetry is DISCOURAGED, use correct ibrav instead

     activation energy (->) =   0.820400 eV
     activation energy (<-) =  -0.000000 eV

     image        energy (eV)        error (eV/A)        frozen

         1    -133597.1500230            0.312794            T
         2    -133597.9261411            0.321917            F
         3    -133597.6099585            0.230822            F
         4    -133597.2414031            0.247169            F
         5    -133596.3296231            1.065172            T

     climbing image =  5

     path length          =  9.681 bohr
     inter-image distance =  2.420 bohr

     ------------------------------ iteration  76 ------------------------------

     tcpu =  13168.3    self-consistency for image   2
     Message from routine setup:
     using ibrav=0 with symmetry is DISCOURAGED, use correct ibrav instead
     tcpu =  13635.4    self-consistency for image   3
     Message from routine setup:
     using ibrav=0 with symmetry is DISCOURAGED, use correct ibrav instead
     tcpu =  14019.9    self-consistency for image   4
     Message from routine setup:
     using ibrav=0 with symmetry is DISCOURAGED, use correct ibrav instead

     activation energy (->) =   0.820400 eV
     activation energy (<-) =  -0.000000 eV

     image        energy (eV)        error (eV/A)        frozen

         1    -133597.1500230            0.312794            T
         2    -133597.9304449            0.324314            F
         3    -133597.6103698            0.229060            F
         4    -133597.2435480            0.239564            F
         5    -133596.3296231            1.070357            T

     climbing image =  5

     path length          =  9.698 bohr
     inter-image distance =  2.424 bohr

     ------------------------------ iteration  77 ------------------------------

     tcpu =  14360.1    self-consistency for image   2
     Message from routine setup:
     using ibrav=0 with symmetry is DISCOURAGED, use correct ibrav instead
     tcpu =  14984.7    self-consistency for image   3
     Message from routine setup:
     using ibrav=0 with symmetry is DISCOURAGED, use correct ibrav instead
     tcpu =  15482.1    self-consistency for image   4
     Message from routine setup:
     using ibrav=0 with symmetry is DISCOURAGED, use correct ibrav instead

     activation energy (->) =   0.820400 eV
     activation energy (<-) =  -0.000000 eV

     image        energy (eV)        error (eV/A)        frozen

         1    -133597.1500230            0.312794            T
         2    -133597.9440859            0.329733            F
         3    -133597.6115849            0.231005            F
         4    -133597.2505884            0.245610            F
         5    -133596.3296231            1.087717            T

     climbing image =  5

     path length          =  9.752 bohr
     inter-image distance =  2.438 bohr

     ------------------------------ iteration  78 ------------------------------

     tcpu =  15981.6    self-consistency for image   2
     Message from routine setup:
     using ibrav=0 with symmetry is DISCOURAGED, use correct ibrav instead
     tcpu =  16854.4    self-consistency for image   3
     Message from routine setup:
     using ibrav=0 with symmetry is DISCOURAGED, use correct ibrav instead
     tcpu =  17444.3    self-consistency for image   4
     Message from routine setup:
     using ibrav=0 with symmetry is DISCOURAGED, use correct ibrav instead

     activation energy (->) =   0.820400 eV
     activation energy (<-) =  -0.000000 eV

     image        energy (eV)        error (eV/A)        frozen

         1    -133597.1500230            0.312794            T
         2    -133597.9888329            0.351883            F
         3    -133597.6145853            0.241244            F
         4    -133597.2740055            0.268217            F
         5    -133596.3296231            1.147195            T

     climbing image =  5

     path length          =  9.937 bohr
     inter-image distance =  2.484 bohr

     ------------------------------ iteration  79 ------------------------------

     tcpu =  18101.9    self-consistency for image   2
     Message from routine setup:
     using ibrav=0 with symmetry is DISCOURAGED, use correct ibrav instead
     tcpu =  18869.0    self-consistency for image   3
     Message from routine setup:
     using ibrav=0 with symmetry is DISCOURAGED, use correct ibrav instead
     tcpu =  19472.7    self-consistency for image   4
     Message from routine setup:
     using ibrav=0 with symmetry is DISCOURAGED, use correct ibrav instead

     activation energy (->) =   0.820400 eV
     activation energy (<-) =  -0.000000 eV

     image        energy (eV)        error (eV/A)        frozen

         1    -133597.1500230            0.312794            T
         2    -133598.0195779            0.365415            F
         3    -133597.6157112            0.251702            F
         4    -133597.2904620            0.285004            F
         5    -133596.3296231            1.190645            T

     climbing image =  5

     path length          = 10.072 bohr
     inter-image distance =  2.518 bohr

     ------------------------------ iteration  80 ------------------------------

     tcpu =  20028.1    self-consistency for image   2
     Message from routine setup:
     using ibrav=0 with symmetry is DISCOURAGED, use correct ibrav instead
     tcpu =  20620.1    self-consistency for image   3
     Message from routine setup:
     using ibrav=0 with symmetry is DISCOURAGED, use correct ibrav instead
     tcpu =  21152.1    self-consistency for image   4
     Message from routine setup:
     using ibrav=0 with symmetry is DISCOURAGED, use correct ibrav instead

     activation energy (->) =   0.820400 eV
     activation energy (<-) =  -0.000000 eV

     image        energy (eV)        error (eV/A)        frozen

         1    -133597.1500230            0.312794            T
         2    -133598.0337693            0.370940            F
         3    -133597.6159879            0.258631            F
         4    -133597.2983280            0.293265            F
         5    -133596.3296231            1.211999            T

     climbing image =  5

     path length          = 10.136 bohr
     inter-image distance =  2.534 bohr

     ------------------------------ iteration  81 ------------------------------

     tcpu =  21577.8    self-consistency for image   2
     Message from routine setup:
     using ibrav=0 with symmetry is DISCOURAGED, use correct ibrav instead
     tcpu =  22066.6    self-consistency for image   3
     Message from routine setup:
     using ibrav=0 with symmetry is DISCOURAGED, use correct ibrav instead
     tcpu =  22453.5    self-consistency for image   4
     Message from routine setup:
     using ibrav=0 with symmetry is DISCOURAGED, use correct ibrav instead

     activation energy (->) =   0.820400 eV
     activation energy (<-) =  -0.000000 eV

     image        energy (eV)        error (eV/A)        frozen

         1    -133597.1500230            0.312794            T
         2    -133598.0382253            0.370850            F
         3    -133597.6160727            0.259752            F
         4    -133597.3010176            0.293397            F
         5    -133596.3296231            1.219442            T

     climbing image =  5

     path length          = 10.157 bohr
     inter-image distance =  2.539 bohr

     ------------------------------ iteration  82 ------------------------------

     tcpu =  22828.6    self-consistency for image   2
     Message from routine setup:
     using ibrav=0 with symmetry is DISCOURAGED, use correct ibrav instead
     tcpu =  23224.6    self-consistency for image   3
     Message from routine setup:
     using ibrav=0 with symmetry is DISCOURAGED, use correct ibrav instead
     tcpu =  23479.5    self-consistency for image   4
     Message from routine setup:
     using ibrav=0 with symmetry is DISCOURAGED, use correct ibrav instead

     activation energy (->) =   0.820400 eV
     activation energy (<-) =  -0.000000 eV

     image        energy (eV)        error (eV/A)        frozen

         1    -133597.1500230            0.312794            T
         2    -133598.0395671            0.370274            F
         3    -133597.6161136            0.273113            F
         4    -133597.3020316            0.294007            F
         5    -133596.3296231            1.222341            T

     climbing image =  5

     path length          = 10.163 bohr
     inter-image distance =  2.541 bohr

     ------------------------------ iteration  83 ------------------------------

     tcpu =  23787.4    self-consistency for image   2
     Message from routine setup:
     using ibrav=0 with symmetry is DISCOURAGED, use correct ibrav instead
     tcpu =  24184.7    self-consistency for image   3
     Message from routine setup:
     using ibrav=0 with symmetry is DISCOURAGED, use correct ibrav instead
     tcpu =  24476.4    self-consistency for image   4
     Message from routine setup:
     using ibrav=0 with symmetry is DISCOURAGED, use correct ibrav instead

     activation energy (->) =   0.820400 eV
     activation energy (<-) =  -0.000000 eV

     image        energy (eV)        error (eV/A)        frozen

         1    -133597.1500230            0.312794            T
         2    -133598.0414977            0.369154            F
         3    -133597.6162191            0.260815            F
         4    -133597.3037092            0.293489            F
         5    -133596.3296231            1.227182            T

     climbing image =  5

     path length          = 10.172 bohr
     inter-image distance =  2.543 bohr

     ------------------------------ iteration  84 ------------------------------

     tcpu =  24796.2    self-consistency for image   2
     Message from routine setup:
     using ibrav=0 with symmetry is DISCOURAGED, use correct ibrav instead
     tcpu =  25275.6    self-consistency for image   3
     Message from routine setup:
     using ibrav=0 with symmetry is DISCOURAGED, use correct ibrav instead
     tcpu =  25676.8    self-consistency for image   4
     Message from routine setup:
     using ibrav=0 with symmetry is DISCOURAGED, use correct ibrav instead

     activation energy (->) =   0.820400 eV
     activation energy (<-) =  -0.000000 eV

     image        energy (eV)        error (eV/A)        frozen

         1    -133597.1500230            0.312794            T
         2    -133598.0459544            0.367018            F
         3    -133597.6164854            0.267677            F
         4    -133597.3077695            0.287688            F
         5    -133596.3296231            1.239006            T

     climbing image =  5

     path length          = 10.193 bohr
     inter-image distance =  2.548 bohr

     ------------------------------ iteration  85 ------------------------------

     tcpu =  26119.2    self-consistency for image   2
     Message from routine setup:
     using ibrav=0 with symmetry is DISCOURAGED, use correct ibrav instead
     tcpu =  26707.2    self-consistency for image   3
     Message from routine setup:
     using ibrav=0 with symmetry is DISCOURAGED, use correct ibrav instead
     tcpu =  27219.9    self-consistency for image   4
     Message from routine setup:
     using ibrav=0 with symmetry is DISCOURAGED, use correct ibrav instead

     activation energy (->) =   0.820400 eV
     activation energy (<-) =  -0.000000 eV

     image        energy (eV)        error (eV/A)        frozen

         1    -133597.1500230            0.312794            T
         2    -133598.0609085            0.356721            F
         3    -133597.6173076            0.282859            F
         4    -133597.3214387            0.273429            F
         5    -133596.3296231            1.279730            T

     climbing image =  5

     path length          = 10.265 bohr
     inter-image distance =  2.566 bohr

     ------------------------------ iteration  86 ------------------------------

     tcpu =  27759.2    self-consistency for image   2
     Message from routine setup:
     using ibrav=0 with symmetry is DISCOURAGED, use correct ibrav instead
     tcpu =  28870.4    self-consistency for image   3
     Message from routine setup:
     using ibrav=0 with symmetry is DISCOURAGED, use correct ibrav instead
     tcpu =  29423.8    self-consistency for image   4
     Message from routine setup:
     using ibrav=0 with symmetry is DISCOURAGED, use correct ibrav instead

     activation energy (->) =   0.820400 eV
     activation energy (<-) =  -0.000000 eV

     image        energy (eV)        error (eV/A)        frozen

         1    -133597.1500230            0.312794            T
         2    -133598.1083692            0.321531            F
         3    -133597.6191930            0.323211            F
         4    -133597.3637313            0.226053            F
         5    -133596.3296231            1.415450            T

     climbing image =  5

     path length          = 10.501 bohr
     inter-image distance =  2.625 bohr

     ------------------------------ iteration  87 ------------------------------

     tcpu =  30047.4    self-consistency for image   2
     Message from routine setup:
     using ibrav=0 with symmetry is DISCOURAGED, use correct ibrav instead
     tcpu =  30696.7    self-consistency for image   3
     Message from routine setup:
     using ibrav=0 with symmetry is DISCOURAGED, use correct ibrav instead
     tcpu =  31252.5    self-consistency for image   4
     Message from routine setup:
     using ibrav=0 with symmetry is DISCOURAGED, use correct ibrav instead

     activation energy (->) =   0.820400 eV
     activation energy (<-) =  -0.000000 eV

     image        energy (eV)        error (eV/A)        frozen

         1    -133597.1500230            0.312794            T
         2    -133598.1370870            0.322978            F
         3    -133597.6197053            0.347770            F
         4    -133597.3883727            0.196201            F
         5    -133596.3296231            1.502541            T

     climbing image =  5

     path length          = 10.652 bohr
     inter-image distance =  2.663 bohr

     ------------------------------ iteration  88 ------------------------------

     tcpu =  31834.9    self-consistency for image   2
     Message from routine setup:
     using ibrav=0 with symmetry is DISCOURAGED, use correct ibrav instead
     tcpu =  32420.7    self-consistency for image   3
     Message from routine setup:
     using ibrav=0 with symmetry is DISCOURAGED, use correct ibrav instead
     tcpu =  32895.5    self-consistency for image   4
     Message from routine setup:
     using ibrav=0 with symmetry is DISCOURAGED, use correct ibrav instead

     activation energy (->) =   0.820400 eV
     activation energy (<-) =  -0.000000 eV

     image        energy (eV)        error (eV/A)        frozen

         1    -133597.1500230            0.312794            T
         2    -133598.1484710            0.327547            F
         3    -133597.6197723            0.357461            F
         4    -133597.3978662            0.184672            F
         5    -133596.3296231            1.539124            T

     climbing image =  5

     path length          = 10.713 bohr
     inter-image distance =  2.678 bohr

     ------------------------------ iteration  89 ------------------------------

     tcpu =  33419.1    self-consistency for image   2
     Message from routine setup:
     using ibrav=0 with symmetry is DISCOURAGED, use correct ibrav instead
     tcpu =  33893.6    self-consistency for image   3
     Message from routine setup:
     using ibrav=0 with symmetry is DISCOURAGED, use correct ibrav instead
     tcpu =  34263.5    self-consistency for image   4
     Message from routine setup:
     using ibrav=0 with symmetry is DISCOURAGED, use correct ibrav instead

     activation energy (->) =   0.820400 eV
     activation energy (<-) =  -0.000000 eV

     image        energy (eV)        error (eV/A)        frozen

         1    -133597.1500230            0.312794            T
         2    -133598.1517510            0.328136            F
         3    -133597.6197601            0.360222            F
         4    -133597.4004987            0.181678            F
         5    -133596.3296231            1.552325            T

     climbing image =  5

     path length          = 10.731 bohr
     inter-image distance =  2.683 bohr

     ------------------------------ iteration  90 ------------------------------

     tcpu =  34683.7    self-consistency for image   2
     Message from routine setup:
     using ibrav=0 with symmetry is DISCOURAGED, use correct ibrav instead
     tcpu =  35007.8    self-consistency for image   3
     Message from routine setup:
     using ibrav=0 with symmetry is DISCOURAGED, use correct ibrav instead
     tcpu =  35289.9    self-consistency for image   4
     Message from routine setup:
     using ibrav=0 with symmetry is DISCOURAGED, use correct ibrav instead

     activation energy (->) =   0.820400 eV
     activation energy (<-) =  -0.000000 eV

     image        energy (eV)        error (eV/A)        frozen

         1    -133597.1500230            0.312794            T
         2    -133598.1527778            0.327615            F
         3    -133597.6197400            0.366274            F
         4    -133597.4012300            0.201830            F
         5    -133596.3296231            1.556069            T

     climbing image =  5

     path length          = 10.736 bohr
     inter-image distance =  2.684 bohr

     ------------------------------ iteration  91 ------------------------------

     tcpu =  35563.8    self-consistency for image   2
     Message from routine setup:
     using ibrav=0 with symmetry is DISCOURAGED, use correct ibrav instead
     tcpu =  35959.6    self-consistency for image   3
     Message from routine setup:
     using ibrav=0 with symmetry is DISCOURAGED, use correct ibrav instead
     tcpu =  36265.6    self-consistency for image   4
     Message from routine setup:
     using ibrav=0 with symmetry is DISCOURAGED, use correct ibrav instead

     activation energy (->) =   0.820400 eV
     activation energy (<-) =  -0.000000 eV

     image        energy (eV)        error (eV/A)        frozen

         1    -133597.1500230            0.312794            T
         2    -133598.1544617            0.328119            F
         3    -133597.6197159            0.360573            F
         4    -133597.4023669            0.209098            F
         5    -133596.3296231            1.561962            T

     climbing image =  5

     path length          = 10.745 bohr
     inter-image distance =  2.686 bohr

     ------------------------------ iteration  92 ------------------------------

     tcpu =  36522.9    self-consistency for image   2
     Message from routine setup:
     using ibrav=0 with symmetry is DISCOURAGED, use correct ibrav instead
     tcpu =  37036.9    self-consistency for image   3
     Message from routine setup:
     using ibrav=0 with symmetry is DISCOURAGED, use correct ibrav instead
     tcpu =  37391.1    self-consistency for image   4
     Message from routine setup:
     using ibrav=0 with symmetry is DISCOURAGED, use correct ibrav instead

     activation energy (->) =   0.820400 eV
     activation energy (<-) =  -0.000000 eV

     image        energy (eV)        error (eV/A)        frozen

         1    -133597.1500230            0.312794            T
         2    -133598.1588651            0.326788            F
         3    -133597.6196036            0.357611            F
         4    -133597.4053260            0.183197            F
         5    -133596.3296231            1.577212            T

     climbing image =  5

     path length          = 10.769 bohr
     inter-image distance =  2.692 bohr

     ------------------------------ iteration  93 ------------------------------

     tcpu =  37776.2    self-consistency for image   2
     Message from routine setup:
     using ibrav=0 with symmetry is DISCOURAGED, use correct ibrav instead
     tcpu =  38423.7    self-consistency for image   3
     Message from routine setup:
     using ibrav=0 with symmetry is DISCOURAGED, use correct ibrav instead
     tcpu =  38937.6    self-consistency for image   4
     Message from routine setup:
     using ibrav=0 with symmetry is DISCOURAGED, use correct ibrav instead

     activation energy (->) =   0.820400 eV
     activation energy (<-) =  -0.000000 eV

     image        energy (eV)        error (eV/A)        frozen

         1    -133597.1500230            0.312794            T
         2    -133598.1749608            0.322897            F
         3    -133597.6190564            0.349567            F
         4    -133597.4158993            0.190893            F
         5    -133596.3296231            1.633109            T

     climbing image =  5

     path length          = 10.855 bohr
     inter-image distance =  2.714 bohr

     ------------------------------ iteration  94 ------------------------------

     tcpu =  39428.3    self-consistency for image   2
     Message from routine setup:
     using ibrav=0 with symmetry is DISCOURAGED, use correct ibrav instead
     tcpu =  40446.0    self-consistency for image   3
     Message from routine setup:
     using ibrav=0 with symmetry is DISCOURAGED, use correct ibrav instead
     tcpu =  41077.0    self-consistency for image   4
     Message from routine setup:
     using ibrav=0 with symmetry is DISCOURAGED, use correct ibrav instead

     activation energy (->) =   0.820400 eV
     activation energy (<-) =  -0.000000 eV

     image        energy (eV)        error (eV/A)        frozen

         1    -133597.1500230            0.312794            T
         2    -133598.2260568            0.313568            F
         3    -133597.6161978            0.328417            F
         4    -133597.4491069            0.212670            F
         5    -133596.3296231            1.819691            T

     climbing image =  5

     path length          = 11.142 bohr
     inter-image distance =  2.786 bohr

     ------------------------------ iteration  95 ------------------------------

     tcpu =  41678.1    self-consistency for image   2
     Message from routine setup:
     using ibrav=0 with symmetry is DISCOURAGED, use correct ibrav instead
     tcpu =  42307.1    self-consistency for image   3
     Message from routine setup:
     using ibrav=0 with symmetry is DISCOURAGED, use correct ibrav instead
     tcpu =  42902.7    self-consistency for image   4
     Message from routine setup:
     using ibrav=0 with symmetry is DISCOURAGED, use correct ibrav instead

     activation energy (->) =   0.820400 eV
     activation energy (<-) =  -0.000000 eV

     image        energy (eV)        error (eV/A)        frozen

         1    -133597.1500230            0.312794            T
         2    -133598.2558224            0.309277            F
         3    -133597.6135939            0.308302            F
         4    -133597.4681346            0.226047            F
         5    -133596.3296231            1.935256            T

     climbing image =  5

     path length          = 11.320 bohr
     inter-image distance =  2.830 bohr

     ------------------------------ iteration  96 ------------------------------

     tcpu =  43435.2    self-consistency for image   2
     Message from routine setup:
     using ibrav=0 with symmetry is DISCOURAGED, use correct ibrav instead
     tcpu =  44027.3    self-consistency for image   3
     Message from routine setup:
     using ibrav=0 with symmetry is DISCOURAGED, use correct ibrav instead
     tcpu =  44497.1    self-consistency for image   4
     Message from routine setup:
     using ibrav=0 with symmetry is DISCOURAGED, use correct ibrav instead

     activation energy (->) =   0.820400 eV
     activation energy (<-) =  -0.000000 eV

     image        energy (eV)        error (eV/A)        frozen

         1    -133597.1500230            0.312794            T
         2    -133598.2668368            0.306698            F
         3    -133597.6124022            0.297549            F
         4    -133597.4751420            0.231844            F
         5    -133596.3296231            1.979592            T

     climbing image =  5

     path length          = 11.387 bohr
     inter-image distance =  2.847 bohr

     ------------------------------ iteration  97 ------------------------------

     tcpu =  44981.0    self-consistency for image   2
     Message from routine setup:
     using ibrav=0 with symmetry is DISCOURAGED, use correct ibrav instead
     tcpu =  45439.2    self-consistency for image   3
     Message from routine setup:
     using ibrav=0 with symmetry is DISCOURAGED, use correct ibrav instead
     tcpu =  45797.3    self-consistency for image   4
     Message from routine setup:
     using ibrav=0 with symmetry is DISCOURAGED, use correct ibrav instead

     activation energy (->) =   0.820400 eV
     activation energy (<-) =  -0.000000 eV

     image        energy (eV)        error (eV/A)        frozen

         1    -133597.1500230            0.312794            T
         2    -133598.2698073            0.306279            F
         3    -133597.6120891            0.295357            F
         4    -133597.4770683            0.233030            F
         5    -133596.3296231            1.991888            T

     climbing image =  5

     path length          = 11.405 bohr
     inter-image distance =  2.851 bohr

     ------------------------------ iteration  98 ------------------------------

     tcpu =  46158.2    self-consistency for image   2
     Message from routine setup:
     using ibrav=0 with symmetry is DISCOURAGED, use correct ibrav instead
     tcpu =  46482.6    self-consistency for image   3
     Message from routine setup:
     using ibrav=0 with symmetry is DISCOURAGED, use correct ibrav instead
     tcpu =  46763.0    self-consistency for image   4
     Message from routine setup:
     using ibrav=0 with symmetry is DISCOURAGED, use correct ibrav instead

     activation energy (->) =   0.820400 eV
     activation energy (<-) =  -0.000000 eV

     image        energy (eV)        error (eV/A)        frozen

         1    -133597.1500230            0.312794            T
         2    -133598.2707258            0.304797            F
         3    -133597.6120216            0.302285            F
         4    -133597.4777003            0.252922            F
         5    -133596.3296231            1.995886            T

     climbing image =  5

     path length          = 11.411 bohr
     inter-image distance =  2.853 bohr

     ------------------------------ iteration  99 ------------------------------

     tcpu =  47029.2    self-consistency for image   2
     Message from routine setup:
     using ibrav=0 with symmetry is DISCOURAGED, use correct ibrav instead
     tcpu =  47364.1    self-consistency for image   3
     Message from routine setup:
     using ibrav=0 with symmetry is DISCOURAGED, use correct ibrav instead
     tcpu =  47640.7    self-consistency for image   4
     Message from routine setup:
     using ibrav=0 with symmetry is DISCOURAGED, use correct ibrav instead

     activation energy (->) =   0.820400 eV
     activation energy (<-) =  -0.000000 eV

     image        energy (eV)        error (eV/A)        frozen

         1    -133597.1500230            0.312794            T
         2    -133598.2722332            0.302675            F
         3    -133597.6119289            0.304409            F
         4    -133597.4787761            0.265550            F
         5    -133596.3296231            2.002897            T

     climbing image =  5

     path length          = 11.420 bohr
     inter-image distance =  2.855 bohr

     ------------------------------ iteration 100 ------------------------------

     tcpu =  47918.5    self-consistency for image   2
     Message from routine setup:
     using ibrav=0 with symmetry is DISCOURAGED, use correct ibrav instead
     tcpu =  48430.7    self-consistency for image   3
     Message from routine setup:
     using ibrav=0 with symmetry is DISCOURAGED, use correct ibrav instead
     tcpu =  48752.8    self-consistency for image   4
     Message from routine setup:
     using ibrav=0 with symmetry is DISCOURAGED, use correct ibrav instead

     activation energy (->) =   0.820400 eV
     activation energy (<-) =  -0.000000 eV

     image        energy (eV)        error (eV/A)        frozen

         1    -133597.1500230            0.312794            T
         2    -133598.2762965            0.300039            F
         3    -133597.6117308            0.293713            F
         4    -133597.4817928            0.232242            F
         5    -133596.3296231            2.022127            T

     climbing image =  5

     path length          = 11.445 bohr
     inter-image distance =  2.861 bohr

     ------------------------------ iteration 101 ------------------------------

     tcpu =  49145.7    self-consistency for image   2
     Message from routine setup:
     using ibrav=0 with symmetry is DISCOURAGED, use correct ibrav instead
     tcpu =  49789.9    self-consistency for image   3
     Message from routine setup:
     using ibrav=0 with symmetry is DISCOURAGED, use correct ibrav instead
     tcpu =  50315.2    self-consistency for image   4
     Message from routine setup:
     using ibrav=0 with symmetry is DISCOURAGED, use correct ibrav instead

     activation energy (->) =   0.820400 eV
     activation energy (<-) =  -0.000000 eV

     image        energy (eV)        error (eV/A)        frozen

         1    -133597.1500230            0.312794            T
         2    -133598.2919202            0.285759            F
         3    -133597.6108569            0.272619            F
         4    -133597.4932369            0.231527            F
         5    -133596.3296231            2.097193            T

     climbing image =  5

     path length          = 11.540 bohr
     inter-image distance =  2.885 bohr

     ------------------------------ iteration 102 ------------------------------

     tcpu =  50798.7    self-consistency for image   2
     Message from routine setup:
     using ibrav=0 with symmetry is DISCOURAGED, use correct ibrav instead
     tcpu =  51652.6    self-consistency for image   3
     Message from routine setup:
     using ibrav=0 with symmetry is DISCOURAGED, use correct ibrav instead
     tcpu =  52283.3    self-consistency for image   4
     Message from routine setup:
     using ibrav=0 with symmetry is DISCOURAGED, use correct ibrav instead

     activation energy (->) =   0.820400 eV
     activation energy (<-) =  -0.000000 eV

     image        energy (eV)        error (eV/A)        frozen

         1    -133597.1500230            0.312794            T
         2    -133598.3385676            0.239953            F
         3    -133597.6068600            0.224327            F
         4    -133597.5262655            0.224396            F
         5    -133596.3296231            2.333129            T

     climbing image =  5

     path length          = 11.837 bohr
     inter-image distance =  2.959 bohr

     ------------------------------ iteration 103 ------------------------------

     tcpu =  52911.7    self-consistency for image   2
     Message from routine setup:
     using ibrav=0 with symmetry is DISCOURAGED, use correct ibrav instead
     tcpu =  53587.8    self-consistency for image   3
     Message from routine setup:
     using ibrav=0 with symmetry is DISCOURAGED, use correct ibrav instead
     tcpu =  54145.5    self-consistency for image   4
     Message from routine setup:
     using ibrav=0 with symmetry is DISCOURAGED, use correct ibrav instead

     activation energy (->) =   0.820400 eV
     activation energy (<-) =  -0.000000 eV

     image        energy (eV)        error (eV/A)        frozen

         1    -133597.1500230            0.312794            T
         2    -133598.3642604            0.232197            F
         3    -133597.6039085            0.202646            F
         4    -133597.5436109            0.220002            F
         5    -133596.3296231            2.471425            T

     climbing image =  5

     path length          = 12.010 bohr
     inter-image distance =  3.003 bohr

     ------------------------------ iteration 104 ------------------------------

     tcpu =  54697.8    self-consistency for image   2
     Message from routine setup:
     using ibrav=0 with symmetry is DISCOURAGED, use correct ibrav instead
     tcpu =  55303.8    self-consistency for image   3
     Message from routine setup:
     using ibrav=0 with symmetry is DISCOURAGED, use correct ibrav instead
     tcpu =  55737.9    self-consistency for image   4
     Message from routine setup:
     using ibrav=0 with symmetry is DISCOURAGED, use correct ibrav instead

     activation energy (->) =   0.820400 eV
     activation energy (<-) =  -0.000000 eV

     image        energy (eV)        error (eV/A)        frozen

         1    -133597.1500230            0.312794            T
         2    -133598.3734089            0.230802            F
         3    -133597.6028032            0.196513            F
         4    -133597.5496361            0.218380            F
         5    -133596.3296231            2.522285            T

     climbing image =  5

     path length          = 12.073 bohr
     inter-image distance =  3.018 bohr

     ------------------------------ iteration 105 ------------------------------

     tcpu =  56276.6    self-consistency for image   2
     Message from routine setup:
     using ibrav=0 with symmetry is DISCOURAGED, use correct ibrav instead
     tcpu =  56690.4    self-consistency for image   3
     Message from routine setup:
     using ibrav=0 with symmetry is DISCOURAGED, use correct ibrav instead
     tcpu =  57010.4    self-consistency for image   4
     Message from routine setup:
     using ibrav=0 with symmetry is DISCOURAGED, use correct ibrav instead

     activation energy (->) =   0.820400 eV
     activation energy (<-) =  -0.000000 eV

     image        energy (eV)        error (eV/A)        frozen

         1    -133597.1500230            0.312794            T
         2    -133598.3757360            0.231583            F
         3    -133597.6025767            0.195243            F
         4    -133597.5511959            0.218338            F
         5    -133596.3296231            2.535492            T

     climbing image =  5

     path length          = 12.089 bohr
     inter-image distance =  3.022 bohr

     ------------------------------ iteration 106 ------------------------------

     tcpu =  57372.1    self-consistency for image   2
     Message from routine setup:
     using ibrav=0 with symmetry is DISCOURAGED, use correct ibrav instead
     tcpu =  57695.2    self-consistency for image   3
     Message from routine setup:
     using ibrav=0 with symmetry is DISCOURAGED, use correct ibrav instead
     tcpu =  57949.9    self-consistency for image   4
     Message from routine setup:
     using ibrav=0 with symmetry is DISCOURAGED, use correct ibrav instead

     activation energy (->) =   0.820400 eV
     activation energy (<-) =  -0.000000 eV

     image        energy (eV)        error (eV/A)        frozen

         1    -133597.1500230            0.312794            T
         2    -133598.3765157            0.230403            F
         3    -133597.6025585            0.198171            F
         4    -133597.5517367            0.230487            F
         5    -133596.3296231            2.539978            T

     climbing image =  5

     path length          = 12.094 bohr
     inter-image distance =  3.024 bohr

     ------------------------------ iteration 107 ------------------------------

     tcpu =  58244.1    self-consistency for image   2
     Message from routine setup:
     using ibrav=0 with symmetry is DISCOURAGED, use correct ibrav instead
     tcpu =  58551.5    self-consistency for image   3
     Message from routine setup:
     using ibrav=0 with symmetry is DISCOURAGED, use correct ibrav instead
     tcpu =  58827.4    self-consistency for image   4
     Message from routine setup:
     using ibrav=0 with symmetry is DISCOURAGED, use correct ibrav instead

     activation energy (->) =   0.820400 eV
     activation energy (<-) =  -0.000000 eV

     image        energy (eV)        error (eV/A)        frozen

         1    -133597.1500230            0.312794            T
         2    -133598.3778694            0.230428            F
         3    -133597.6025683            0.201026            F
         4    -133597.5527395            0.218438            F
         5    -133596.3296231            2.548090            T

     climbing image =  5

     path length          = 12.103 bohr
     inter-image distance =  3.026 bohr

     ------------------------------ iteration 108 ------------------------------

     tcpu =  59147.3    self-consistency for image   2
     Message from routine setup:
     using ibrav=0 with symmetry is DISCOURAGED, use correct ibrav instead
     tcpu =  59606.5    self-consistency for image   3
     Message from routine setup:
     using ibrav=0 with symmetry is DISCOURAGED, use correct ibrav instead
     tcpu =  59992.0    self-consistency for image   4
     Message from routine setup:
     using ibrav=0 with symmetry is DISCOURAGED, use correct ibrav instead

     activation energy (->) =   0.820400 eV
     activation energy (<-) =  -0.000000 eV

     image        energy (eV)        error (eV/A)        frozen

         1    -133597.1500230            0.312794            T
         2    -133598.3817597            0.228572            F
         3    -133597.6026586            0.192114            F
         4    -133597.5556162            0.214298            F
         5    -133596.3296231            2.571356            T

     climbing image =  5

     path length          = 12.128 bohr
     inter-image distance =  3.032 bohr

     ------------------------------ iteration 109 ------------------------------

     tcpu =  60387.2    self-consistency for image   2
     Message from routine setup:
     using ibrav=0 with symmetry is DISCOURAGED, use correct ibrav instead
     tcpu =  61011.2    self-consistency for image   3
     Message from routine setup:
     using ibrav=0 with symmetry is DISCOURAGED, use correct ibrav instead
     tcpu =  61580.0    self-consistency for image   4
     Message from routine setup:
     using ibrav=0 with symmetry is DISCOURAGED, use correct ibrav instead

     activation energy (->) =   0.820400 eV
     activation energy (<-) =  -0.000000 eV

     image        energy (eV)        error (eV/A)        frozen

         1    -133597.1500230            0.312794            T
         2    -133598.3972671            0.218365            F
         3    -133597.6030715            0.184438            F
         4    -133597.5668945            0.203140            F
         5    -133596.3296231            2.665672            T

     climbing image =  5

     path length          = 12.229 bohr
     inter-image distance =  3.057 bohr

     ------------------------------ iteration 110 ------------------------------

     tcpu =  62109.2    self-consistency for image   2
     Message from routine setup:
     using ibrav=0 with symmetry is DISCOURAGED, use correct ibrav instead
     tcpu =  62924.5    self-consistency for image   3
     Message from routine setup:
     using ibrav=0 with symmetry is DISCOURAGED, use correct ibrav instead
     tcpu =  63557.1    self-consistency for image   4
     Message from routine setup:
     using ibrav=0 with symmetry is DISCOURAGED, use correct ibrav instead

     activation energy (->) =   0.820400 eV
     activation energy (<-) =  -0.000000 eV

     image        energy (eV)        error (eV/A)        frozen

         1    -133597.1500230            0.312794            T
         2    -133598.4381981            0.188695            F
         3    -133597.6040208            0.150933            F
         4    -133597.5948795            0.175625            F
         5    -133596.3296231            2.927876            T

     climbing image =  5

     path length          = 12.508 bohr
     inter-image distance =  3.127 bohr

     ------------------------------ iteration 111 ------------------------------

     tcpu =  64198.3    self-consistency for image   2
     Message from routine setup:
     using ibrav=0 with symmetry is DISCOURAGED, use correct ibrav instead
     tcpu =  64844.3    self-consistency for image   3
     Message from routine setup:
     using ibrav=0 with symmetry is DISCOURAGED, use correct ibrav instead
     tcpu =  65381.8    self-consistency for image   4
     Message from routine setup:
     using ibrav=0 with symmetry is DISCOURAGED, use correct ibrav instead

     activation energy (->) =   0.820400 eV
     activation energy (<-) =  -0.000000 eV

     image        energy (eV)        error (eV/A)        frozen

         1    -133597.1500230            0.312794            T
         2    -133598.4578169            0.173805            F
         3    -133597.6043606            0.148727            F
         4    -133597.6072887            0.160339            F
         5    -133596.3296231            3.060693            T

     climbing image =  5

     path length          = 12.648 bohr
     inter-image distance =  3.162 bohr

     ------------------------------ iteration 112 ------------------------------

     tcpu =  65924.6    self-consistency for image   2
     Message from routine setup:
     using ibrav=0 with symmetry is DISCOURAGED, use correct ibrav instead
     tcpu =  66482.6    self-consistency for image   3
     Message from routine setup:
     using ibrav=0 with symmetry is DISCOURAGED, use correct ibrav instead
     tcpu =  66887.6    self-consistency for image   4
     Message from routine setup:
     using ibrav=0 with symmetry is DISCOURAGED, use correct ibrav instead

     activation energy (->) =   0.820400 eV
     activation energy (<-) =  -0.000000 eV

     image        energy (eV)        error (eV/A)        frozen

         1    -133597.1500230            0.312794            T
         2    -133598.4641566            0.168072            F
         3    -133597.6044905            0.152179            F
         4    -133597.6111579            0.156393            F
         5    -133596.3296231            3.104341            T

     climbing image =  5

     path length          = 12.694 bohr
     inter-image distance =  3.174 bohr

     ------------------------------ iteration 113 ------------------------------

     tcpu =  67381.4    self-consistency for image   2
     Message from routine setup:
     using ibrav=0 with symmetry is DISCOURAGED, use correct ibrav instead
     tcpu =  67778.1    self-consistency for image   3
     Message from routine setup:
     using ibrav=0 with symmetry is DISCOURAGED, use correct ibrav instead
     tcpu =  68061.7    self-consistency for image   4
     Message from routine setup:
     using ibrav=0 with symmetry is DISCOURAGED, use correct ibrav instead

     activation energy (->) =   0.820400 eV
     activation energy (<-) =  -0.000000 eV

     image        energy (eV)        error (eV/A)        frozen

         1    -133597.1500230            0.312794            T
         2    -133598.4657208            0.168110            F
         3    -133597.6045754            0.144993            F
         4    -133597.6121015            0.155002            F
         5    -133596.3296231            3.114870            T

     climbing image =  5

     path length          = 12.705 bohr
     inter-image distance =  3.176 bohr

     ------------------------------ iteration 114 ------------------------------

     tcpu =  68440.8    self-consistency for image   2
     Message from routine setup:
     using ibrav=0 with symmetry is DISCOURAGED, use correct ibrav instead
     tcpu =  68784.7    self-consistency for image   3
     Message from routine setup:
     using ibrav=0 with symmetry is DISCOURAGED, use correct ibrav instead
     tcpu =  69035.6    self-consistency for image   4
     Message from routine setup:
     using ibrav=0 with symmetry is DISCOURAGED, use correct ibrav instead

     activation energy (->) =   0.820400 eV
     activation energy (<-) =  -0.000000 eV

     image        energy (eV)        error (eV/A)        frozen

         1    -133597.1500230            0.312794            T
         2    -133598.4663211            0.167294            F
         3    -133597.6046589            0.150286            F
         4    -133597.6124559            0.160122            F
         5    -133596.3296231            3.118523            T

     climbing image =  5

     path length          = 12.709 bohr
     inter-image distance =  3.177 bohr

     ------------------------------ iteration 115 ------------------------------

     tcpu =  69296.3    self-consistency for image   2
     Message from routine setup:
     using ibrav=0 with symmetry is DISCOURAGED, use correct ibrav instead
     tcpu =  69606.6    self-consistency for image   3
     Message from routine setup:
     using ibrav=0 with symmetry is DISCOURAGED, use correct ibrav instead
     tcpu =  69917.2    self-consistency for image   4
     Message from routine setup:
     using ibrav=0 with symmetry is DISCOURAGED, use correct ibrav instead

     activation energy (->) =   0.820400 eV
     activation energy (<-) =  -0.000000 eV

     image        energy (eV)        error (eV/A)        frozen

         1    -133597.1500230            0.312794            T
         2    -133598.4675919            0.166215            F
         3    -133597.6048787            0.149275            F
         4    -133597.6131855            0.164141            F
         5    -133596.3296231            3.126086            T

     climbing image =  5

     path length          = 12.717 bohr
     inter-image distance =  3.179 bohr

     ------------------------------ iteration 116 ------------------------------

     tcpu =  70193.7    self-consistency for image   2
     Message from routine setup:
     using ibrav=0 with symmetry is DISCOURAGED, use correct ibrav instead
     tcpu =  70696.3    self-consistency for image   3
     Message from routine setup:
     using ibrav=0 with symmetry is DISCOURAGED, use correct ibrav instead
     tcpu =  71108.0    self-consistency for image   4
     Message from routine setup:
     using ibrav=0 with symmetry is DISCOURAGED, use correct ibrav instead

     activation energy (->) =   0.820400 eV
     activation energy (<-) =  -0.000000 eV

     image        energy (eV)        error (eV/A)        frozen

         1    -133597.1500230            0.312794            T
         2    -133598.4716007            0.167119            F
         3    -133597.6056578            0.152961            F
         4    -133597.6155564            0.152431            F
         5    -133596.3296231            3.149539            T

     climbing image =  5

     path length          = 12.741 bohr
     inter-image distance =  3.185 bohr

     ------------------------------ iteration 117 ------------------------------

     tcpu =  71484.8    self-consistency for image   2
     Message from routine setup:
     using ibrav=0 with symmetry is DISCOURAGED, use correct ibrav instead
     tcpu =  72009.6    self-consistency for image   3
     Message from routine setup:
     using ibrav=0 with symmetry is DISCOURAGED, use correct ibrav instead
     tcpu =  72589.1    self-consistency for image   4
     Message from routine setup:
     using ibrav=0 with symmetry is DISCOURAGED, use correct ibrav instead

     activation energy (->) =   0.820400 eV
     activation energy (<-) =  -0.000000 eV

     image        energy (eV)        error (eV/A)        frozen

         1    -133597.1500230            0.312794            T
         2    -133598.4898807            0.175030            F
         3    -133597.6092400            0.155464            F
         4    -133597.6261688            0.144580            F
         5    -133596.3296231            3.258627            T

     climbing image =  5

     path length          = 12.854 bohr
     inter-image distance =  3.214 bohr

     ------------------------------ iteration 118 ------------------------------

     tcpu =  73093.0    self-consistency for image   2
     Message from routine setup:
     using ibrav=0 with symmetry is DISCOURAGED, use correct ibrav instead
     tcpu =  73990.8    self-consistency for image   3
     Message from routine setup:
     using ibrav=0 with symmetry is DISCOURAGED, use correct ibrav instead
     tcpu =  74599.4    self-consistency for image   4
     Message from routine setup:
     using ibrav=0 with symmetry is DISCOURAGED, use correct ibrav instead

     activation energy (->) =   0.820400 eV
     activation energy (<-) =  -0.000000 eV

     image        energy (eV)        error (eV/A)        frozen

         1    -133597.1500230            0.312794            T
         2    -133598.5328377            0.192440            F
         3    -133597.6177600            0.159503            F
         4    -133597.6503171            0.130393            F
         5    -133596.3296231            3.531289            T

     climbing image =  5

     path length          = 13.138 bohr
     inter-image distance =  3.284 bohr

     ------------------------------ iteration 119 ------------------------------

     tcpu =  75231.7    self-consistency for image   2
     Message from routine setup:
     using ibrav=0 with symmetry is DISCOURAGED, use correct ibrav instead
     tcpu =  75831.4    self-consistency for image   3
     Message from routine setup:
     using ibrav=0 with symmetry is DISCOURAGED, use correct ibrav instead
     tcpu =  76404.4    self-consistency for image   4
     Message from routine setup:
     using ibrav=0 with symmetry is DISCOURAGED, use correct ibrav instead

     activation energy (->) =   0.820400 eV
     activation energy (<-) =  -0.000000 eV

     image        energy (eV)        error (eV/A)        frozen

         1    -133597.1500230            0.312794            T
         2    -133598.5497339            0.197943            F
         3    -133597.6212018            0.162483            F
         4    -133597.6595146            0.135623            F
         5    -133596.3296231            3.645638            T

     climbing image =  5

     path length          = 13.257 bohr
     inter-image distance =  3.314 bohr

     ------------------------------ iteration 120 ------------------------------

     tcpu =  76907.0    self-consistency for image   2
     Message from routine setup:
     using ibrav=0 with symmetry is DISCOURAGED, use correct ibrav instead
     tcpu =  77426.9    self-consistency for image   3
     Message from routine setup:
     using ibrav=0 with symmetry is DISCOURAGED, use correct ibrav instead
     tcpu =  77839.3    self-consistency for image   4
     Message from routine setup:
     using ibrav=0 with symmetry is DISCOURAGED, use correct ibrav instead

     activation energy (->) =   0.820400 eV
     activation energy (<-) =  -0.000000 eV

     image        energy (eV)        error (eV/A)        frozen

         1    -133597.1500230            0.312794            T
         2    -133598.5547640            0.199002            F
         3    -133597.6222916            0.163497            F
         4    -133597.6622392            0.136214            F
         5    -133596.3296231            3.680267            T

     climbing image =  5

     path length          = 13.293 bohr
     inter-image distance =  3.323 bohr

     ------------------------------ iteration 121 ------------------------------

     tcpu =  78300.0    self-consistency for image   2
     Message from routine setup:
     using ibrav=0 with symmetry is DISCOURAGED, use correct ibrav instead
     tcpu =  78619.3    self-consistency for image   3
     Message from routine setup:
     using ibrav=0 with symmetry is DISCOURAGED, use correct ibrav instead
     tcpu =  78962.3    self-consistency for image   4
     Message from routine setup:
     using ibrav=0 with symmetry is DISCOURAGED, use correct ibrav instead

     activation energy (->) =   0.820400 eV
     activation energy (<-) =  -0.000000 eV

     image        energy (eV)        error (eV/A)        frozen

         1    -133597.1500230            0.312794            T
         2    -133598.5558406            0.199175            F
         3    -133597.6225829            0.164496            F
         4    -133597.6628067            0.119466            F
         5    -133596.3296231            3.687362            T

     climbing image =  5

     path length          = 13.300 bohr
     inter-image distance =  3.325 bohr

     ------------------------------ iteration 122 ------------------------------

     tcpu =  79242.6    self-consistency for image   2
     Message from routine setup:
     using ibrav=0 with symmetry is DISCOURAGED, use correct ibrav instead
     tcpu =  79559.4    self-consistency for image   3
     Message from routine setup:
     using ibrav=0 with symmetry is DISCOURAGED, use correct ibrav instead
     tcpu =  79803.3    self-consistency for image   4
     Message from routine setup:
     using ibrav=0 with symmetry is DISCOURAGED, use correct ibrav instead

     activation energy (->) =   0.820400 eV
     activation energy (<-) =  -0.000000 eV

     image        energy (eV)        error (eV/A)        frozen

         1    -133597.1500230            0.312794            T
         2    -133598.5562942            0.199314            F
         3    -133597.6227590            0.144963            F
         4    -133597.6630763            0.134968            F
         5    -133596.3296231            3.689941            T

     climbing image =  5

     path length          = 13.303 bohr
     inter-image distance =  3.326 bohr

     ------------------------------ iteration 123 ------------------------------

     tcpu =  80056.8    self-consistency for image   2
     Message from routine setup:
     using ibrav=0 with symmetry is DISCOURAGED, use correct ibrav instead
     tcpu =  80489.3    self-consistency for image   3
     Message from routine setup:
     using ibrav=0 with symmetry is DISCOURAGED, use correct ibrav instead
     tcpu =  80811.2    self-consistency for image   4
     Message from routine setup:
     using ibrav=0 with symmetry is DISCOURAGED, use correct ibrav instead

     activation energy (->) =   0.820400 eV
     activation energy (<-) =  -0.000000 eV

     image        energy (eV)        error (eV/A)        frozen

         1    -133597.1500230            0.312794            T
         2    -133598.5574453            0.199823            F
         3    -133597.6232380            0.163856            F
         4    -133597.6637190            0.129926            F
         5    -133596.3296231            3.696191            T

     climbing image =  5

     path length          = 13.309 bohr
     inter-image distance =  3.327 bohr

     ------------------------------ iteration 124 ------------------------------

     tcpu =  81095.8    self-consistency for image   2
     Message from routine setup:
     using ibrav=0 with symmetry is DISCOURAGED, use correct ibrav instead
     tcpu =  81581.3    self-consistency for image   3
     Message from routine setup:
     using ibrav=0 with symmetry is DISCOURAGED, use correct ibrav instead
     tcpu =  81976.0    self-consistency for image   4
     Message from routine setup:
     using ibrav=0 with symmetry is DISCOURAGED, use correct ibrav instead

     activation energy (->) =   0.820400 eV
     activation energy (<-) =  -0.000000 eV

     image        energy (eV)        error (eV/A)        frozen

         1    -133597.1500230            0.312794            T
         2    -133598.5616286            0.200551            F
         3    -133597.6250815            0.162660            F
         4    -133597.6661152            0.134996            F
         5    -133596.3296231            3.718673            T

     climbing image =  5

     path length          = 13.332 bohr
     inter-image distance =  3.333 bohr

     ------------------------------ iteration 125 ------------------------------

     tcpu =  82325.9    self-consistency for image   2
     Message from routine setup:
     using ibrav=0 with symmetry is DISCOURAGED, use correct ibrav instead
     tcpu =  83005.5    self-consistency for image   3
     Message from routine setup:
     using ibrav=0 with symmetry is DISCOURAGED, use correct ibrav instead
     tcpu =  83635.9    self-consistency for image   4
     Message from routine setup:
     using ibrav=0 with symmetry is DISCOURAGED, use correct ibrav instead

     activation energy (->) =   0.820400 eV
     activation energy (<-) =  -0.000000 eV

     image        energy (eV)        error (eV/A)        frozen

         1    -133597.1500230            0.312794            T
         2    -133598.5860982            0.202478            F
         3    -133597.6361002            0.156461            F
         4    -133597.6804428            0.123075            F
         5    -133596.3296231            3.854601            T

     climbing image =  5

     path length          = 13.474 bohr
     inter-image distance =  3.368 bohr

     ------------------------------ iteration 126 ------------------------------

     tcpu =  84199.2    self-consistency for image   2
     Message from routine setup:
     using ibrav=0 with symmetry is DISCOURAGED, use correct ibrav instead
     tcpu =  85380.6    self-consistency for image   3
     Message from routine setup:
     using ibrav=0 with symmetry is DISCOURAGED, use correct ibrav instead
     tcpu =  86187.1    self-consistency for image   4
     Message from routine setup:
     using ibrav=0 with symmetry is DISCOURAGED, use correct ibrav instead

     activation energy (->) =   0.820400 eV
     activation energy (<-) =  -0.000000 eV

     image        energy (eV)        error (eV/A)        frozen

         1    -133597.1500230            0.312794            T
         2    -133598.6374169            0.211369            F
         3    -133597.6603336            0.140521            F
         4    -133597.7122555            0.135953            F
         5    -133596.3296231            4.169347            T

     climbing image =  5

     path length          = 13.810 bohr
     inter-image distance =  3.453 bohr

     ------------------------------ iteration 127 ------------------------------

     tcpu =  86770.1    self-consistency for image   2
     Message from routine setup:
     using ibrav=0 with symmetry is DISCOURAGED, use correct ibrav instead
     tcpu =  87386.0    self-consistency for image   3
     Message from routine setup:
     using ibrav=0 with symmetry is DISCOURAGED, use correct ibrav instead
     tcpu =  87970.2    self-consistency for image   4
     Message from routine setup:
     using ibrav=0 with symmetry is DISCOURAGED, use correct ibrav instead

     activation energy (->) =   0.820400 eV
     activation energy (<-) =  -0.000000 eV

     image        energy (eV)        error (eV/A)        frozen

         1    -133597.1500230            0.312794            T
         2    -133598.6538991            0.215060            F
         3    -133597.6685374            0.134285            F
         4    -133597.7231056            0.138193            F
         5    -133596.3296231            4.280351            T

     climbing image =  5

     path length          = 13.932 bohr
     inter-image distance =  3.483 bohr

     ------------------------------ iteration 128 ------------------------------

     tcpu =  88517.2    self-consistency for image   2
     Message from routine setup:
     using ibrav=0 with symmetry is DISCOURAGED, use correct ibrav instead
     tcpu =  89047.1    self-consistency for image   3
     Message from routine setup:
     using ibrav=0 with symmetry is DISCOURAGED, use correct ibrav instead
     tcpu =  89497.1    self-consistency for image   4
     Message from routine setup:
     using ibrav=0 with symmetry is DISCOURAGED, use correct ibrav instead

     activation energy (->) =   0.820400 eV
     activation energy (<-) =  -0.000000 eV

     image        energy (eV)        error (eV/A)        frozen

         1    -133597.1500230            0.312794            T
         2    -133598.6580551            0.217032            F
         3    -133597.6706864            0.134047            F
         4    -133597.7259191            0.140838            F
         5    -133596.3296231            4.308714            T

     climbing image =  5

     path length          = 13.963 bohr
     inter-image distance =  3.491 bohr

     ------------------------------ iteration 129 ------------------------------

     tcpu =  89989.5    self-consistency for image   2
     Message from routine setup:
     using ibrav=0 with symmetry is DISCOURAGED, use correct ibrav instead
     tcpu =  90377.1    self-consistency for image   3
     Message from routine setup:
     using ibrav=0 with symmetry is DISCOURAGED, use correct ibrav instead
     tcpu =  90653.0    self-consistency for image   4
     Message from routine setup:
     using ibrav=0 with symmetry is DISCOURAGED, use correct ibrav instead

     activation energy (->) =   0.820400 eV
     activation energy (<-) =  -0.000000 eV

     image        energy (eV)        error (eV/A)        frozen

         1    -133597.1500230            0.312794            T
         2    -133598.6587211            0.216991            F
         3    -133597.6710742            0.104421            F
         4    -133597.7264031            0.139816            F
         5    -133596.3296231            4.312756            T

     climbing image =  5

     path length          = 13.968 bohr
     inter-image distance =  3.492 bohr

     ------------------------------ iteration 130 ------------------------------

     tcpu =  90902.6    self-consistency for image   2
     Message from routine setup:
     using ibrav=0 with symmetry is DISCOURAGED, use correct ibrav instead
     tcpu =  91174.1    self-consistency for image   3
     Message from routine setup:
     using ibrav=0 with symmetry is DISCOURAGED, use correct ibrav instead
     tcpu =  91435.4    self-consistency for image   4
     Message from routine setup:
     using ibrav=0 with symmetry is DISCOURAGED, use correct ibrav instead

     activation energy (->) =   0.820400 eV
     activation energy (<-) =  -0.000000 eV

     image        energy (eV)        error (eV/A)        frozen

         1    -133597.1500230            0.312794            T
         2    -133598.6589824            0.221287            F
         3    -133597.6712577            0.132848            F
         4    -133597.7266297            0.140547            F
         5    -133596.3296231            4.313780            T

     climbing image =  5

     path length          = 13.970 bohr
     inter-image distance =  3.492 bohr

     ------------------------------ iteration 131 ------------------------------

     tcpu =  91701.6    self-consistency for image   2
     Message from routine setup:
     using ibrav=0 with symmetry is DISCOURAGED, use correct ibrav instead
     tcpu =  92061.8    self-consistency for image   3
     Message from routine setup:
     using ibrav=0 with symmetry is DISCOURAGED, use correct ibrav instead
     tcpu =  92400.3    self-consistency for image   4
     Message from routine setup:
     using ibrav=0 with symmetry is DISCOURAGED, use correct ibrav instead

     activation energy (->) =   0.820400 eV
     activation energy (<-) =  -0.000000 eV

     image        energy (eV)        error (eV/A)        frozen

         1    -133597.1500230            0.312794            T
         2    -133598.6597703            0.215356            F
         3    -133597.6719054            0.134249            F
         4    -133597.7273690            0.138784            F
         5    -133596.3296231            4.316516            T

     climbing image =  5

     path length          = 13.975 bohr
     inter-image distance =  3.494 bohr

     ------------------------------ iteration 132 ------------------------------

     tcpu =  92685.2    self-consistency for image   2
     Message from routine setup:
     using ibrav=0 with symmetry is DISCOURAGED, use correct ibrav instead
     tcpu =  93288.7    self-consistency for image   3
     Message from routine setup:
     using ibrav=0 with symmetry is DISCOURAGED, use correct ibrav instead
     tcpu =  93791.5    self-consistency for image   4
     Message from routine setup:
     using ibrav=0 with symmetry is DISCOURAGED, use correct ibrav instead

     activation energy (->) =   0.820400 eV
     activation energy (<-) =  -0.000000 eV

     image        energy (eV)        error (eV/A)        frozen

         1    -133597.1500230            0.312794            T
         2    -133598.6642914            0.208998            F
         3    -133597.6757112            0.132573            F
         4    -133597.7317131            0.141952            F
         5    -133596.3296231            4.331450            T

     climbing image =  5

     path length          = 14.002 bohr
     inter-image distance =  3.501 bohr

     ------------------------------ iteration 133 ------------------------------

     tcpu =  94272.1    self-consistency for image   2
     Message from routine setup:
     using ibrav=0 with symmetry is DISCOURAGED, use correct ibrav instead
     tcpu =  95339.6    self-consistency for image   3
     Message from routine setup:
     using ibrav=0 with symmetry is DISCOURAGED, use correct ibrav instead
     tcpu =  96205.5    self-consistency for image   4
     Message from routine setup:
     using ibrav=0 with symmetry is DISCOURAGED, use correct ibrav instead

     activation energy (->) =   0.820400 eV
     activation energy (<-) =  -0.000000 eV

     image        energy (eV)        error (eV/A)        frozen

         1    -133597.1500230            0.312794            T
         2    -133598.6998672            0.209393            F
         3    -133597.7080907            0.120234            F
         4    -133597.7700970            0.171330            F
         5    -133596.3296231            4.462212            T

     climbing image =  5

     path length          = 14.262 bohr
     inter-image distance =  3.565 bohr

     ------------------------------ iteration 134 ------------------------------

     tcpu =  96886.2    self-consistency for image   2
     Message from routine setup:
     using ibrav=0 with symmetry is DISCOURAGED, use correct ibrav instead
     tcpu =  98120.2    self-consistency for image   3
     Message from routine setup:
     using ibrav=0 with symmetry is DISCOURAGED, use correct ibrav instead
     tcpu =  99198.7    self-consistency for image   4
     Message from routine setup:
     using ibrav=0 with symmetry is DISCOURAGED, use correct ibrav instead

     activation energy (->) =   0.820400 eV
     activation energy (<-) =  -0.000000 eV

     image        energy (eV)        error (eV/A)        frozen

         1    -133597.1500230            0.312794            T
         2    -133598.7447418            0.170433            F
         3    -133597.7655090            0.258331            F
         4    -133597.8427613            0.386305            F
         5    -133596.3296231            4.718376            T

     climbing image =  5

     path length          = 14.857 bohr
     inter-image distance =  3.714 bohr

     ------------------------------ iteration 135 ------------------------------

     tcpu = 100003.8    self-consistency for image   2
     Message from routine setup:
     using ibrav=0 with symmetry is DISCOURAGED, use correct ibrav instead
     tcpu = 100669.7    self-consistency for image   3
     Message from routine setup:
     using ibrav=0 with symmetry is DISCOURAGED, use correct ibrav instead
     tcpu = 101298.8    self-consistency for image   4
     Message from routine setup:
     using ibrav=0 with symmetry is DISCOURAGED, use correct ibrav instead

     activation energy (->) =   0.820400 eV
     activation energy (<-) =  -0.000000 eV

     image        energy (eV)        error (eV/A)        frozen

         1    -133597.1500230            0.312794            T
         2    -133598.7501059            0.191783            F
         3    -133597.7768469            0.301796            F
         4    -133597.8574580            0.433467            F
         5    -133596.3296231            4.773588            T

     climbing image =  5

     path length          = 14.999 bohr
     inter-image distance =  3.750 bohr

     ------------------------------ iteration 136 ------------------------------

     tcpu = 101825.4    self-consistency for image   2
     Message from routine setup:
     using ibrav=0 with symmetry is DISCOURAGED, use correct ibrav instead
     tcpu = 102352.8    self-consistency for image   3
     Message from routine setup:
     using ibrav=0 with symmetry is DISCOURAGED, use correct ibrav instead
     tcpu = 102770.9    self-consistency for image   4
     Message from routine setup:
     using ibrav=0 with symmetry is DISCOURAGED, use correct ibrav instead

     activation energy (->) =   0.820400 eV
     activation energy (<-) =  -0.000000 eV

     image        energy (eV)        error (eV/A)        frozen

         1    -133597.1500230            0.312794            T
         2    -133598.7509251            0.192929            F
         3    -133597.7786288            0.307709            F
         4    -133597.8599045            0.438917            F
         5    -133596.3296231            4.782281            T

     climbing image =  5

     path length          = 15.022 bohr
     inter-image distance =  3.756 bohr

     ------------------------------ iteration 137 ------------------------------

     tcpu = 103167.5    self-consistency for image   2
     Message from routine setup:
     using ibrav=0 with symmetry is DISCOURAGED, use correct ibrav instead
     tcpu = 103474.9    self-consistency for image   3
     Message from routine setup:
     using ibrav=0 with symmetry is DISCOURAGED, use correct ibrav instead
     tcpu = 103753.4    self-consistency for image   4
     Message from routine setup:
     using ibrav=0 with symmetry is DISCOURAGED, use correct ibrav instead

     activation energy (->) =   0.820400 eV
     activation energy (<-) =  -0.000000 eV

     image        energy (eV)        error (eV/A)        frozen

         1    -133597.1500230            0.312794            T
         2    -133598.7511079            0.193287            F
         3    -133597.7788856            0.312054            F
         4    -133597.8603664            0.433249            F
         5    -133596.3296231            4.783280            T

     climbing image =  5

     path length          = 15.025 bohr
     inter-image distance =  3.756 bohr

     ------------------------------ iteration 138 ------------------------------

     tcpu = 104003.6    self-consistency for image   2
     Message from routine setup:
     using ibrav=0 with symmetry is DISCOURAGED, use correct ibrav instead
     tcpu = 104257.1    self-consistency for image   3
     Message from routine setup:
     using ibrav=0 with symmetry is DISCOURAGED, use correct ibrav instead
     tcpu = 104530.2    self-consistency for image   4
     Message from routine setup:
     using ibrav=0 with symmetry is DISCOURAGED, use correct ibrav instead

     activation energy (->) =   0.820400 eV
     activation energy (<-) =  -0.000000 eV

     image        energy (eV)        error (eV/A)        frozen

         1    -133597.1500230            0.312794            T
         2    -133598.7513143            0.185324            F
         3    -133597.7790638            0.304510            F
         4    -133597.8608143            0.426758            F
         5    -133596.3296231            4.783866            T

     climbing image =  5

     path length          = 15.027 bohr
     inter-image distance =  3.757 bohr

     ------------------------------ iteration 139 ------------------------------

     tcpu = 104778.6    self-consistency for image   2
     Message from routine setup:
     using ibrav=0 with symmetry is DISCOURAGED, use correct ibrav instead
     tcpu = 105203.1    self-consistency for image   3
     Message from routine setup:
     using ibrav=0 with symmetry is DISCOURAGED, use correct ibrav instead
     tcpu = 105598.0    self-consistency for image   4
     Message from routine setup:
     using ibrav=0 with symmetry is DISCOURAGED, use correct ibrav instead

     activation energy (->) =   0.820400 eV
     activation energy (<-) =  -0.000000 eV

     image        energy (eV)        error (eV/A)        frozen

         1    -133597.1500230            0.312794            T
         2    -133598.7531247            0.188149            F
         3    -133597.7807222            0.280332            F
         4    -133597.8647264            0.393490            F
         5    -133596.3296231            4.789076            T

     climbing image =  5

     path length          = 15.041 bohr
     inter-image distance =  3.760 bohr

     ------------------------------ iteration 140 ------------------------------

     tcpu = 105993.4    self-consistency for image   2
     Message from routine setup:
     using ibrav=0 with symmetry is DISCOURAGED, use correct ibrav instead
     tcpu = 106688.5    self-consistency for image   3
     Message from routine setup:
     using ibrav=0 with symmetry is DISCOURAGED, use correct ibrav instead
     tcpu = 107312.6    self-consistency for image   4
     Message from routine setup:
     using ibrav=0 with symmetry is DISCOURAGED, use correct ibrav instead

     activation energy (->) =   0.820400 eV
     activation energy (<-) =  -0.000000 eV

     image        energy (eV)        error (eV/A)        frozen

         1    -133597.1500230            0.312794            T
         2    -133598.7769919            0.190344            F
         3    -133597.8012230            0.135438            F
         4    -133597.8930310            0.499389            F
         5    -133596.3296231            4.862517            T

     climbing image =  5

     path length          = 15.254 bohr
     inter-image distance =  3.813 bohr

     ------------------------------ iteration 141 ------------------------------

     tcpu = 108054.5    self-consistency for image   2
     Message from routine setup:
     using ibrav=0 with symmetry is DISCOURAGED, use correct ibrav instead
     tcpu = 108829.2    self-consistency for image   3
     Message from routine setup:
     using ibrav=0 with symmetry is DISCOURAGED, use correct ibrav instead
     tcpu = 109529.5    self-consistency for image   4
     Message from routine setup:
     using ibrav=0 with symmetry is DISCOURAGED, use correct ibrav instead

     activation energy (->) =   0.820400 eV
     activation energy (<-) =  -0.000000 eV

     image        energy (eV)        error (eV/A)        frozen

         1    -133597.1500230            0.312794            T
         2    -133598.7985656            0.248768            F
         3    -133597.8165377            0.649071            F
         4    -133597.8740749            1.082543            F
         5    -133596.3296231            4.942052            T

     climbing image =  5

     path length          = 15.509 bohr
     inter-image distance =  3.877 bohr

     ------------------------------ iteration 142 ------------------------------

     tcpu = 110229.8    self-consistency for image   2
     Message from routine setup:
     using ibrav=0 with symmetry is DISCOURAGED, use correct ibrav instead
     tcpu = 110763.1    self-consistency for image   3
     Message from routine setup:
     using ibrav=0 with symmetry is DISCOURAGED, use correct ibrav instead
     tcpu = 111227.4    self-consistency for image   4
     Message from routine setup:
     using ibrav=0 with symmetry is DISCOURAGED, use correct ibrav instead

     activation energy (->) =   0.820400 eV
     activation energy (<-) =  -0.000000 eV

     image        energy (eV)        error (eV/A)        frozen

         1    -133597.1500230            0.312794            T
         2    -133598.7956334            0.242172            F
         3    -133597.8149529            0.563018            F
         4    -133597.8806242            0.995426            F
         5    -133596.3296231            4.931964            T

     climbing image =  5

     path length          = 15.471 bohr
     inter-image distance =  3.868 bohr

     ------------------------------ iteration 143 ------------------------------

     tcpu = 111689.0    self-consistency for image   2
     Message from routine setup:
     using ibrav=0 with symmetry is DISCOURAGED, use correct ibrav instead
     tcpu = 111938.8    self-consistency for image   3
     Message from routine setup:
     using ibrav=0 with symmetry is DISCOURAGED, use correct ibrav instead
     tcpu = 112250.5    self-consistency for image   4
     Message from routine setup:
     using ibrav=0 with symmetry is DISCOURAGED, use correct ibrav instead

     activation energy (->) =   0.820400 eV
     activation energy (<-) =  -0.000000 eV

     image        energy (eV)        error (eV/A)        frozen

         1    -133597.1500230            0.312794            T
         2    -133598.7954256            0.245149            F
         3    -133597.8150405            0.551052            F
         4    -133597.8819699            0.983200            F
         5    -133596.3296231            4.932850            T

     climbing image =  5

     path length          = 15.469 bohr
     inter-image distance =  3.867 bohr

     ------------------------------ iteration 144 ------------------------------

     tcpu = 112540.2    self-consistency for image   2
     Message from routine setup:
     using ibrav=0 with symmetry is DISCOURAGED, use correct ibrav instead
     tcpu = 112799.4    self-consistency for image   3
     Message from routine setup:
     using ibrav=0 with symmetry is DISCOURAGED, use correct ibrav instead
     tcpu = 113048.8    self-consistency for image   4
     Message from routine setup:
     using ibrav=0 with symmetry is DISCOURAGED, use correct ibrav instead

     activation energy (->) =   0.820400 eV
     activation energy (<-) =  -0.000000 eV

     image        energy (eV)        error (eV/A)        frozen

         1    -133597.1500230            0.312794            T
         2    -133598.7954475            0.241684            F
         3    -133597.8153203            0.546671            F
         4    -133597.8831809            0.973459            F
         5    -133596.3296231            4.935103            T

     climbing image =  5

     path length          = 15.470 bohr
     inter-image distance =  3.867 bohr

     ------------------------------ iteration 145 ------------------------------

     tcpu = 113313.8    self-consistency for image   2
     Message from routine setup:
     using ibrav=0 with symmetry is DISCOURAGED, use correct ibrav instead
     tcpu = 113804.0    self-consistency for image   3
     Message from routine setup:
     using ibrav=0 with symmetry is DISCOURAGED, use correct ibrav instead
     tcpu = 114333.3    self-consistency for image   4
     Message from routine setup:
     using ibrav=0 with symmetry is DISCOURAGED, use correct ibrav instead

     activation energy (->) =   0.820400 eV
     activation energy (<-) =  -0.000000 eV

     image        energy (eV)        error (eV/A)        frozen

         1    -133597.1500230            0.312794            T
         2    -133598.7958802            0.233269            F
         3    -133597.8216715            0.397123            F
         4    -133597.9099836            0.785341            F
         5    -133596.3296231            4.991358            T

     climbing image =  5

     path length          = 15.503 bohr
     inter-image distance =  3.876 bohr

     ------------------------------ iteration 146 ------------------------------

     tcpu = 114874.0    self-consistency for image   2
     Message from routine setup:
     using ibrav=0 with symmetry is DISCOURAGED, use correct ibrav instead
     tcpu = 115494.6    self-consistency for image   3
     Message from routine setup:
     using ibrav=0 with symmetry is DISCOURAGED, use correct ibrav instead
     tcpu = 116086.3    self-consistency for image   4
     Message from routine setup:
     using ibrav=0 with symmetry is DISCOURAGED, use correct ibrav instead

     activation energy (->) =   0.820400 eV
     activation energy (<-) =  -0.000000 eV

     image        energy (eV)        error (eV/A)        frozen

         1    -133597.1500230            0.312794            T
         2    -133598.7968226            0.184306            F
         3    -133597.8347233            0.128598            F
         4    -133597.9644266            0.147833            F
         5    -133596.3296231            5.171673            T

     climbing image =  5

     path length          = 15.616 bohr
     inter-image distance =  3.904 bohr

     ------------------------------ iteration 147 ------------------------------

     tcpu = 116769.2    self-consistency for image   2
     Message from routine setup:
     using ibrav=0 with symmetry is DISCOURAGED, use correct ibrav instead
     tcpu = 117088.2    self-consistency for image   3
     Message from routine setup:
     using ibrav=0 with symmetry is DISCOURAGED, use correct ibrav instead
     tcpu = 117456.8    self-consistency for image   4
     Message from routine setup:
     using ibrav=0 with symmetry is DISCOURAGED, use correct ibrav instead

     activation energy (->) =   0.820400 eV
     activation energy (<-) =  -0.000000 eV

     image        energy (eV)        error (eV/A)        frozen

         1    -133597.1500230            0.312794            T
         2    -133598.7968859            0.180941            F
         3    -133597.8351068            0.128928            F
         4    -133597.9656464            0.149281            F
         5    -133596.3296231            5.178520            T

     climbing image =  5

     path length          = 15.621 bohr
     inter-image distance =  3.905 bohr

     ------------------------------ iteration 148 ------------------------------

     tcpu = 117851.1    self-consistency for image   2
     Message from routine setup:
     using ibrav=0 with symmetry is DISCOURAGED, use correct ibrav instead
     tcpu = 118258.2    self-consistency for image   3
     Message from routine setup:
     using ibrav=0 with symmetry is DISCOURAGED, use correct ibrav instead
     tcpu = 118612.7    self-consistency for image   4
     Message from routine setup:
     using ibrav=0 with symmetry is DISCOURAGED, use correct ibrav instead

     activation energy (->) =   0.820400 eV
     activation energy (<-) =  -0.000000 eV

     image        energy (eV)        error (eV/A)        frozen

         1    -133597.1500230            0.312794            T
         2    -133598.7969858            0.172464            F
         3    -133597.8359639            0.129439            F
         4    -133597.9685758            0.156200            F
         5    -133596.3296231            5.200197            T

     climbing image =  5

     path length          = 15.636 bohr
     inter-image distance =  3.909 bohr

     ------------------------------ iteration 149 ------------------------------

     tcpu = 119019.3    self-consistency for image   2
     Message from routine setup:
     using ibrav=0 with symmetry is DISCOURAGED, use correct ibrav instead
     tcpu = 119284.2    self-consistency for image   3
     Message from routine setup:
     using ibrav=0 with symmetry is DISCOURAGED, use correct ibrav instead
     tcpu = 119531.9    self-consistency for image   4
     Message from routine setup:
     using ibrav=0 with symmetry is DISCOURAGED, use correct ibrav instead

     activation energy (->) =   0.820400 eV
     activation energy (<-) =  -0.000000 eV

     image        energy (eV)        error (eV/A)        frozen

         1    -133597.1500230            0.312794            T
         2    -133598.7970459            0.174005            F
         3    -133597.8361202            0.129528            F
         4    -133597.9688768            0.158868            F
         5    -133596.3296231            5.201375            T

     climbing image =  5

     path length          = 15.638 bohr
     inter-image distance =  3.909 bohr

     ------------------------------ iteration 150 ------------------------------

     tcpu = 119781.4    self-consistency for image   2
     Message from routine setup:
     using ibrav=0 with symmetry is DISCOURAGED, use correct ibrav instead
     tcpu = 120052.3    self-consistency for image   3
     Message from routine setup:
     using ibrav=0 with symmetry is DISCOURAGED, use correct ibrav instead
     tcpu = 120307.2    self-consistency for image   4
     Message from routine setup:
     using ibrav=0 with symmetry is DISCOURAGED, use correct ibrav instead

     activation energy (->) =   0.820400 eV
     activation energy (<-) =  -0.000000 eV

     image        energy (eV)        error (eV/A)        frozen

         1    -133597.1500230            0.312794            T
         2    -133598.7971120            0.173120            F
         3    -133597.8362774            0.128885            F
         4    -133597.9690950            0.155454            F
         5    -133596.3296231            5.201136            T

     climbing image =  5

     path length          = 15.639 bohr
     inter-image distance =  3.910 bohr

     ------------------------------ iteration 151 ------------------------------

     tcpu = 120573.8    self-consistency for image   2
     Message from routine setup:
     using ibrav=0 with symmetry is DISCOURAGED, use correct ibrav instead
     tcpu = 121150.5    self-consistency for image   3
     Message from routine setup:
     using ibrav=0 with symmetry is DISCOURAGED, use correct ibrav instead
     tcpu = 121729.3    self-consistency for image   4
     Message from routine setup:
     using ibrav=0 with symmetry is DISCOURAGED, use correct ibrav instead

     activation energy (->) =   0.820400 eV
     activation energy (<-) =  -0.000000 eV

     image        energy (eV)        error (eV/A)        frozen

         1    -133597.1500230            0.312794            T
         2    -133598.8016498            0.160568            F
         3    -133597.8465285            0.130383            F
         4    -133597.9822534            0.251560            F
         5    -133596.3296231            5.183027            T

     climbing image =  5

     path length          = 15.703 bohr
     inter-image distance =  3.926 bohr

     ------------------------------ iteration 152 ------------------------------

     tcpu = 122290.9    self-consistency for image   2
     Message from routine setup:
     using ibrav=0 with symmetry is DISCOURAGED, use correct ibrav instead
     tcpu = 122930.7    self-consistency for image   3
     Message from routine setup:
     using ibrav=0 with symmetry is DISCOURAGED, use correct ibrav instead
     tcpu = 123484.0    self-consistency for image   4
     Message from routine setup:
     using ibrav=0 with symmetry is DISCOURAGED, use correct ibrav instead

     activation energy (->) =   0.820400 eV
     activation energy (<-) =  -0.000000 eV

     image        energy (eV)        error (eV/A)        frozen

         1    -133597.1500230            0.312794            T
         2    -133598.8063949            0.148621            F
         3    -133597.8569515            0.134338            F
         4    -133597.9934269            0.354249            F
         5    -133596.3296231            5.162487            T

     climbing image =  5

     path length          = 15.775 bohr
     inter-image distance =  3.944 bohr

     ------------------------------ iteration 153 ------------------------------

     tcpu = 124026.9    self-consistency for image   2
     Message from routine setup:
     using ibrav=0 with symmetry is DISCOURAGED, use correct ibrav instead
     tcpu = 125016.3    self-consistency for image   3
     Message from routine setup:
     using ibrav=0 with symmetry is DISCOURAGED, use correct ibrav instead
     tcpu = 125768.4    self-consistency for image   4
     Message from routine setup:
     using ibrav=0 with symmetry is DISCOURAGED, use correct ibrav instead

     activation energy (->) =   0.820400 eV
     activation energy (<-) =  -0.000000 eV

     image        energy (eV)        error (eV/A)        frozen

         1    -133597.1500230            0.312794            T
         2    -133598.8223520            0.161616            F
         3    -133597.8913029            0.169448            F
         4    -133598.0056450            0.791241            F
         5    -133596.3296231            5.082325            T

     climbing image =  5

     path length          = 16.089 bohr
     inter-image distance =  4.022 bohr

     ------------------------------ iteration 154 ------------------------------

     tcpu = 126512.3    self-consistency for image   2
     Message from routine setup:
     using ibrav=0 with symmetry is DISCOURAGED, use correct ibrav instead
     tcpu = 127167.0    self-consistency for image   3
     Message from routine setup:
     using ibrav=0 with symmetry is DISCOURAGED, use correct ibrav instead
     tcpu = 127719.3    self-consistency for image   4
     Message from routine setup:
     using ibrav=0 with symmetry is DISCOURAGED, use correct ibrav instead

     activation energy (->) =   0.820400 eV
     activation energy (<-) =  -0.000000 eV

     image        energy (eV)        error (eV/A)        frozen

         1    -133597.1500230            0.312794            T
         2    -133598.8273503            0.167197            F
         3    -133597.9019102            0.188519            F
         4    -133597.9968583            0.965122            F
         5    -133596.3296231            5.051789            T

     climbing image =  5

     path length          = 16.221 bohr
     inter-image distance =  4.055 bohr

     ------------------------------ iteration 155 ------------------------------

     tcpu = 128278.7    self-consistency for image   2
     Message from routine setup:
     using ibrav=0 with symmetry is DISCOURAGED, use correct ibrav instead
     tcpu = 128527.6    self-consistency for image   3
     Message from routine setup:
     using ibrav=0 with symmetry is DISCOURAGED, use correct ibrav instead
     tcpu = 128794.6    self-consistency for image   4
     Message from routine setup:
     using ibrav=0 with symmetry is DISCOURAGED, use correct ibrav instead

     activation energy (->) =   0.820400 eV
     activation energy (<-) =  -0.000000 eV

     image        energy (eV)        error (eV/A)        frozen

         1    -133597.1500230            0.312794            T
         2    -133598.8274845            0.160379            F
         3    -133597.9020599            0.186360            F
         4    -133597.9979205            0.947809            F
         5    -133596.3296231            5.051219            T

     climbing image =  5

     path length          = 16.221 bohr
     inter-image distance =  4.055 bohr

     ------------------------------ iteration 156 ------------------------------

     tcpu = 129049.2    self-consistency for image   2
     Message from routine setup:
     using ibrav=0 with symmetry is DISCOURAGED, use correct ibrav instead
     tcpu = 129466.6    self-consistency for image   3
     Message from routine setup:
     using ibrav=0 with symmetry is DISCOURAGED, use correct ibrav instead
     tcpu = 129800.7    self-consistency for image   4
     Message from routine setup:
     using ibrav=0 with symmetry is DISCOURAGED, use correct ibrav instead

     activation energy (->) =   0.820400 eV
     activation energy (<-) =  -0.000000 eV

     image        energy (eV)        error (eV/A)        frozen

         1    -133597.1500230            0.312794            T
         2    -133598.8289650            0.161814            F
         3    -133597.9035860            0.172393            F
         4    -133598.0103104            0.840323            F
         5    -133596.3296231            5.045135            T

     climbing image =  5

     path length          = 16.222 bohr
     inter-image distance =  4.055 bohr

     ------------------------------ iteration 157 ------------------------------

     tcpu = 130265.6    self-consistency for image   2
     Message from routine setup:
     using ibrav=0 with symmetry is DISCOURAGED, use correct ibrav instead
     tcpu = 130867.9    self-consistency for image   3
     Message from routine setup:
     using ibrav=0 with symmetry is DISCOURAGED, use correct ibrav instead
     tcpu = 131452.8    self-consistency for image   4
     Message from routine setup:
     using ibrav=0 with symmetry is DISCOURAGED, use correct ibrav instead

     activation energy (->) =   0.820400 eV
     activation energy (<-) =  -0.000000 eV

     image        energy (eV)        error (eV/A)        frozen

         1    -133597.1500230            0.312794            T
         2    -133598.8416625            0.132348            F
         3    -133597.9147253            0.132009            F
         4    -133598.0594962            0.133948            F
         5    -133596.3296231            4.988703            T

     climbing image =  5

     path length          = 16.231 bohr
     inter-image distance =  4.058 bohr

     ------------------------------ iteration 158 ------------------------------

     tcpu = 132125.3    self-consistency for image   2
     Message from routine setup:
     using ibrav=0 with symmetry is DISCOURAGED, use correct ibrav instead
     tcpu = 132596.9    self-consistency for image   3
     Message from routine setup:
     using ibrav=0 with symmetry is DISCOURAGED, use correct ibrav instead
     tcpu = 132985.8    self-consistency for image   4
     Message from routine setup:
     using ibrav=0 with symmetry is DISCOURAGED, use correct ibrav instead

     activation energy (->) =   0.820400 eV
     activation energy (<-) =  -0.000000 eV

     image        energy (eV)        error (eV/A)        frozen

         1    -133597.1500230            0.312794            T
         2    -133598.8446552            0.145516            F
         3    -133597.9168143            0.111924            F
         4    -133598.0564632            0.238654            F
         5    -133596.3296231            4.973527            T

     climbing image =  5

     path length          = 16.235 bohr
     inter-image distance =  4.059 bohr

     ------------------------------ iteration 159 ------------------------------

     tcpu = 133511.6    self-consistency for image   2
     Message from routine setup:
     using ibrav=0 with symmetry is DISCOURAGED, use correct ibrav instead
     tcpu = 133822.2    self-consistency for image   3
     Message from routine setup:
     using ibrav=0 with symmetry is DISCOURAGED, use correct ibrav instead
     tcpu = 134091.8    self-consistency for image   4
     Message from routine setup:
     using ibrav=0 with symmetry is DISCOURAGED, use correct ibrav instead

     activation energy (->) =   0.820400 eV
     activation energy (<-) =  -0.000000 eV

     image        energy (eV)        error (eV/A)        frozen

         1    -133597.1500230            0.312794            T
         2    -133598.8452783            0.147728            F
         3    -133597.9172633            0.100237            F
         4    -133598.0553512            0.266439            F
         5    -133596.3296231            4.969493            T

     climbing image =  5

     path length          = 16.237 bohr
     inter-image distance =  4.059 bohr

     ------------------------------ iteration 160 ------------------------------

     tcpu = 134516.0    self-consistency for image   2
     Message from routine setup:
     using ibrav=0 with symmetry is DISCOURAGED, use correct ibrav instead
     tcpu = 134693.1    self-consistency for image   3
     Message from routine setup:
     using ibrav=0 with symmetry is DISCOURAGED, use correct ibrav instead
     tcpu = 134944.3    self-consistency for image   4
     Message from routine setup:
     using ibrav=0 with symmetry is DISCOURAGED, use correct ibrav instead

     activation energy (->) =   0.820400 eV
     activation energy (<-) =  -0.000000 eV

     image        energy (eV)        error (eV/A)        frozen

         1    -133597.1500230            0.312794            T
         2    -133598.8452494            0.148311            F
         3    -133597.9172964            0.112470            F
         4    -133598.0555682            0.257913            F
         5    -133596.3296231            4.968936            T

     climbing image =  5

     path length          = 16.237 bohr
     inter-image distance =  4.059 bohr

     ------------------------------ iteration 161 ------------------------------

     tcpu = 135196.6    self-consistency for image   2
     Message from routine setup:
     using ibrav=0 with symmetry is DISCOURAGED, use correct ibrav instead
     tcpu = 135467.1    self-consistency for image   3
     Message from routine setup:
     using ibrav=0 with symmetry is DISCOURAGED, use correct ibrav instead
     tcpu = 135722.7    self-consistency for image   4
     Message from routine setup:
     using ibrav=0 with symmetry is DISCOURAGED, use correct ibrav instead

     activation energy (->) =   0.820400 eV
     activation energy (<-) =  -0.000000 eV

     image        energy (eV)        error (eV/A)        frozen

         1    -133597.1500230            0.312794            T
         2    -133598.8453271            0.146307            F
         3    -133597.9174126            0.112389            F
         4    -133598.0556790            0.255216            F
         5    -133596.3296231            4.967433            T

     climbing image =  5

     path length          = 16.237 bohr
     inter-image distance =  4.059 bohr

     ------------------------------ iteration 162 ------------------------------

     tcpu = 135979.1    self-consistency for image   2
     Message from routine setup:
     using ibrav=0 with symmetry is DISCOURAGED, use correct ibrav instead
     tcpu = 136510.2    self-consistency for image   3
     Message from routine setup:
     using ibrav=0 with symmetry is DISCOURAGED, use correct ibrav instead
     tcpu = 136957.4    self-consistency for image   4
     Message from routine setup:
     using ibrav=0 with symmetry is DISCOURAGED, use correct ibrav instead

     activation energy (->) =   0.820400 eV
     activation energy (<-) =  -0.000000 eV

     image        energy (eV)        error (eV/A)        frozen

         1    -133597.1500230            0.312794            T
         2    -133598.8475594            0.157704            F
         3    -133597.9211710            0.111448            F
         4    -133598.0583857            0.176702            F
         5    -133596.3296231            4.918449            T

     climbing image =  5

     path length          = 16.247 bohr
     inter-image distance =  4.062 bohr

     ------------------------------ iteration 163 ------------------------------

     tcpu = 137468.2    self-consistency for image   2
     Message from routine setup:
     using ibrav=0 with symmetry is DISCOURAGED, use correct ibrav instead
     tcpu = 138232.0    self-consistency for image   3
     Message from routine setup:
     using ibrav=0 with symmetry is DISCOURAGED, use correct ibrav instead
     tcpu = 138843.3    self-consistency for image   4
     Message from routine setup:
     using ibrav=0 with symmetry is DISCOURAGED, use correct ibrav instead

     activation energy (->) =   0.820400 eV
     activation energy (<-) =  -0.000000 eV

     image        energy (eV)        error (eV/A)        frozen

         1    -133597.1500230            0.312794            T
         2    -133598.8583774            0.199076            F
         3    -133597.9387824            0.093700            F
         4    -133598.0493884            0.366130            F
         5    -133596.3296231            4.678843            T

     climbing image =  5

     path length          = 16.303 bohr
     inter-image distance =  4.076 bohr

     broyden uphill step : history is reset


     ------------------------------ iteration 164 ------------------------------

     tcpu = 139500.0    self-consistency for image   2
     Message from routine setup:
     using ibrav=0 with symmetry is DISCOURAGED, use correct ibrav instead
     tcpu = 139763.7    self-consistency for image   3
     Message from routine setup:
     using ibrav=0 with symmetry is DISCOURAGED, use correct ibrav instead
     tcpu = 139995.9    self-consistency for image   4
     Message from routine setup:
     using ibrav=0 with symmetry is DISCOURAGED, use correct ibrav instead

     activation energy (->) =   0.820400 eV
     activation energy (<-) =  -0.000000 eV

     image        energy (eV)        error (eV/A)        frozen

         1    -133597.1500230            0.312794            T
         2    -133598.8583974            0.199990            F
         3    -133597.9388339            0.094170            F
         4    -133598.0495908            0.361347            F
         5    -133596.3296231            4.679525            T

     climbing image =  5

     path length          = 16.303 bohr
     inter-image distance =  4.076 bohr

     ------------------------------ iteration 165 ------------------------------

     tcpu = 140245.5    self-consistency for image   2
     Message from routine setup:
     using ibrav=0 with symmetry is DISCOURAGED, use correct ibrav instead
     tcpu = 140490.5    self-consistency for image   3
     Message from routine setup:
     using ibrav=0 with symmetry is DISCOURAGED, use correct ibrav instead
     tcpu = 140775.9    self-consistency for image   4
     Message from routine setup:
     using ibrav=0 with symmetry is DISCOURAGED, use correct ibrav instead

     activation energy (->) =   0.820400 eV
     activation energy (<-) =  -0.000000 eV

     image        energy (eV)        error (eV/A)        frozen

         1    -133597.1500230            0.312794            T
         2    -133598.8584078            0.200013            F
         3    -133597.9388992            0.092806            F
         4    -133598.0497848            0.358532            F
         5    -133596.3296231            4.680210            T

     climbing image =  5

     path length          = 16.304 bohr
     inter-image distance =  4.076 bohr

     ------------------------------ iteration 166 ------------------------------

     tcpu = 141021.5    self-consistency for image   2
     Message from routine setup:
     using ibrav=0 with symmetry is DISCOURAGED, use correct ibrav instead
     tcpu = 141271.0    self-consistency for image   3
     Message from routine setup:
     using ibrav=0 with symmetry is DISCOURAGED, use correct ibrav instead
     tcpu = 141519.2    self-consistency for image   4
     Message from routine setup:
     using ibrav=0 with symmetry is DISCOURAGED, use correct ibrav instead

     activation energy (->) =   0.820400 eV
     activation energy (<-) =  -0.000000 eV

     image        energy (eV)        error (eV/A)        frozen

         1    -133597.1500230            0.312794            T
         2    -133598.8584205            0.200092            F
         3    -133597.9390109            0.091869            F
         4    -133598.0501591            0.352034            F
         5    -133596.3296231            4.681559            T

     climbing image =  5

     path length          = 16.305 bohr
     inter-image distance =  4.076 bohr

     ------------------------------ iteration 167 ------------------------------

     tcpu = 141767.5    self-consistency for image   2
     Message from routine setup:
     using ibrav=0 with symmetry is DISCOURAGED, use correct ibrav instead
     tcpu = 142104.0    self-consistency for image   3
     Message from routine setup:
     using ibrav=0 with symmetry is DISCOURAGED, use correct ibrav instead
     tcpu = 142363.5    self-consistency for image   4
     Message from routine setup:
     using ibrav=0 with symmetry is DISCOURAGED, use correct ibrav instead

     activation energy (->) =   0.820400 eV
     activation energy (<-) =  -0.000000 eV

     image        energy (eV)        error (eV/A)        frozen

         1    -133597.1500230            0.312794            T
         2    -133598.8584841            0.199213            F
         3    -133597.9393303            0.089281            F
         4    -133598.0512366            0.340724            F
         5    -133596.3296231            4.685481            T

     climbing image =  5

     path length          = 16.308 bohr
     inter-image distance =  4.077 bohr

     ------------------------------ iteration 168 ------------------------------

     tcpu = 142687.5    self-consistency for image   2
     Message from routine setup:
     using ibrav=0 with symmetry is DISCOURAGED, use correct ibrav instead
     tcpu = 143128.3    self-consistency for image   3
     Message from routine setup:
     using ibrav=0 with symmetry is DISCOURAGED, use correct ibrav instead
     tcpu = 143470.2    self-consistency for image   4
     Message from routine setup:
     using ibrav=0 with symmetry is DISCOURAGED, use correct ibrav instead

     activation energy (->) =   0.820400 eV
     activation energy (<-) =  -0.000000 eV

     image        energy (eV)        error (eV/A)        frozen

         1    -133597.1500230            0.312794            T
         2    -133598.8586965            0.197222            F
         3    -133597.9405634            0.099423            F
         4    -133598.0550437            0.282329            F
         5    -133596.3296231            4.700516            T

     climbing image =  5

     path length          = 16.318 bohr
     inter-image distance =  4.080 bohr

     ------------------------------ iteration 169 ------------------------------

     tcpu = 143883.0    self-consistency for image   2
     Message from routine setup:
     using ibrav=0 with symmetry is DISCOURAGED, use correct ibrav instead
     tcpu = 144420.3    self-consistency for image   3
     Message from routine setup:
     using ibrav=0 with symmetry is DISCOURAGED, use correct ibrav instead
     tcpu = 144817.7    self-consistency for image   4
     Message from routine setup:
     using ibrav=0 with symmetry is DISCOURAGED, use correct ibrav instead

     activation energy (->) =   0.820400 eV
     activation energy (<-) =  -0.000000 eV

     image        energy (eV)        error (eV/A)        frozen

         1    -133597.1500230            0.312794            T
         2    -133598.8592023            0.190811            F
         3    -133597.9432727            0.100711            F
         4    -133598.0617776            0.159641            F
         5    -133596.3296231            4.734375            T

     climbing image =  5

     path length          = 16.343 bohr
     inter-image distance =  4.086 bohr

     ------------------------------ iteration 170 ------------------------------

     tcpu = 145332.3    self-consistency for image   2
     Message from routine setup:
     using ibrav=0 with symmetry is DISCOURAGED, use correct ibrav instead
     tcpu = 146346.1    self-consistency for image   3
     Message from routine setup:
     using ibrav=0 with symmetry is DISCOURAGED, use correct ibrav instead
     tcpu = 146935.2    self-consistency for image   4
     Message from routine setup:
     using ibrav=0 with symmetry is DISCOURAGED, use correct ibrav instead

     activation energy (->) =   0.820400 eV
     activation energy (<-) =  -0.000000 eV

     image        energy (eV)        error (eV/A)        frozen

         1    -133597.1500230            0.312794            T
         2    -133598.8621676            0.152877            F
         3    -133597.9572189            0.106936            F
         4    -133598.0558696            0.548714            F
         5    -133596.3296231            4.929136            T

     climbing image =  5

     path length          = 16.494 bohr
     inter-image distance =  4.123 bohr

     ------------------------------ iteration 171 ------------------------------

     tcpu = 147620.2    self-consistency for image   2
     Message from routine setup:
     using ibrav=0 with symmetry is DISCOURAGED, use correct ibrav instead
     tcpu = 148089.0    self-consistency for image   3
     Message from routine setup:
     using ibrav=0 with symmetry is DISCOURAGED, use correct ibrav instead
     tcpu = 148453.6    self-consistency for image   4
     Message from routine setup:
     using ibrav=0 with symmetry is DISCOURAGED, use correct ibrav instead

     activation energy (->) =   0.820400 eV
     activation energy (<-) =  -0.000000 eV

     image        energy (eV)        error (eV/A)        frozen

         1    -133597.1500230            0.312794            T
         2    -133598.8619162            0.157125            F
         3    -133597.9560609            0.097943            F
         4    -133598.0598241            0.490220            F
         5    -133596.3296231            4.909013            T

     climbing image =  5

     path length          = 16.479 bohr
     inter-image distance =  4.120 bohr

     ------------------------------ iteration 172 ------------------------------

     tcpu = 148908.7    self-consistency for image   2
     Message from routine setup:
     using ibrav=0 with symmetry is DISCOURAGED, use correct ibrav instead
     tcpu = 149189.7    self-consistency for image   3
     Message from routine setup:
     using ibrav=0 with symmetry is DISCOURAGED, use correct ibrav instead
     tcpu = 149458.7    self-consistency for image   4
     Message from routine setup:
     using ibrav=0 with symmetry is DISCOURAGED, use correct ibrav instead

     activation energy (->) =   0.820400 eV
     activation energy (<-) =  -0.000000 eV

     image        energy (eV)        error (eV/A)        frozen

         1    -133597.1500230            0.312794            T
         2    -133598.8619162            0.155211            F
         3    -133597.9559466            0.103849            F
         4    -133598.0606662            0.468439            F
         5    -133596.3296231            4.904710            T

     climbing image =  5

     path length          = 16.476 bohr
     inter-image distance =  4.119 bohr

     ------------------------------ iteration 173 ------------------------------

     tcpu = 149733.9    self-consistency for image   2
     Message from routine setup:
     using ibrav=0 with symmetry is DISCOURAGED, use correct ibrav instead
     tcpu = 149976.4    self-consistency for image   3
     Message from routine setup:
     using ibrav=0 with symmetry is DISCOURAGED, use correct ibrav instead
     tcpu = 150225.6    self-consistency for image   4
     Message from routine setup:
     using ibrav=0 with symmetry is DISCOURAGED, use correct ibrav instead

     activation energy (->) =   0.820400 eV
     activation energy (<-) =  -0.000000 eV

     image        energy (eV)        error (eV/A)        frozen

         1    -133597.1500230            0.312794            T
         2    -133598.8619839            0.158031            F
         3    -133597.9559980            0.097172            F
         4    -133598.0611561            0.468110            F
         5    -133596.3296231            4.902541            T

     climbing image =  5

     path length          = 16.476 bohr
     inter-image distance =  4.119 bohr

     ------------------------------ iteration 174 ------------------------------

     tcpu = 150483.2    self-consistency for image   2
     Message from routine setup:
     using ibrav=0 with symmetry is DISCOURAGED, use correct ibrav instead
     tcpu = 150769.0    self-consistency for image   3
     Message from routine setup:
     using ibrav=0 with symmetry is DISCOURAGED, use correct ibrav instead
     tcpu = 151025.1    self-consistency for image   4
     Message from routine setup:
     using ibrav=0 with symmetry is DISCOURAGED, use correct ibrav instead

     activation energy (->) =   0.820400 eV
     activation energy (<-) =  -0.000000 eV

     image        energy (eV)        error (eV/A)        frozen

         1    -133597.1500230            0.312794            T
         2    -133598.8621051            0.158987            F
         3    -133597.9561879            0.095028            F
         4    -133598.0620500            0.461248            F
         5    -133596.3296231            4.898850            T

     climbing image =  5

     path length          = 16.476 bohr
     inter-image distance =  4.119 bohr

     ------------------------------ iteration 175 ------------------------------

     tcpu = 151314.0    self-consistency for image   2
     Message from routine setup:
     using ibrav=0 with symmetry is DISCOURAGED, use correct ibrav instead
     tcpu = 151559.7    self-consistency for image   3
     Message from routine setup:
     using ibrav=0 with symmetry is DISCOURAGED, use correct ibrav instead
     tcpu = 151806.8    self-consistency for image   4
     Message from routine setup:
     using ibrav=0 with symmetry is DISCOURAGED, use correct ibrav instead

     activation energy (->) =   0.820400 eV
     activation energy (<-) =  -0.000000 eV

     image        energy (eV)        error (eV/A)        frozen

         1    -133597.1500230            0.312794            T
         2    -133598.8622456            0.158824            F
         3    -133597.9563739            0.093697            F
         4    -133598.0629319            0.443940            F
         5    -133596.3296231            4.895137            T

     climbing image =  5

     path length          = 16.477 bohr
     inter-image distance =  4.119 bohr

     ------------------------------ iteration 176 ------------------------------

     tcpu = 152058.0    self-consistency for image   2
     Message from routine setup:
     using ibrav=0 with symmetry is DISCOURAGED, use correct ibrav instead
     tcpu = 152385.6    self-consistency for image   3
     Message from routine setup:
     using ibrav=0 with symmetry is DISCOURAGED, use correct ibrav instead
     tcpu = 152631.9    self-consistency for image   4
     Message from routine setup:
     using ibrav=0 with symmetry is DISCOURAGED, use correct ibrav instead

     activation energy (->) =   0.820400 eV
     activation energy (<-) =  -0.000000 eV

     image        energy (eV)        error (eV/A)        frozen

         1    -133597.1500230            0.312794            T
         2    -133598.8624892            0.160664            F
         3    -133597.9567171            0.092603            F
         4    -133598.0644965            0.431298            F
         5    -133596.3296231            4.888341            T

     climbing image =  5

     path length          = 16.477 bohr
     inter-image distance =  4.119 bohr

     ------------------------------ iteration 177 ------------------------------

     tcpu = 152965.2    self-consistency for image   2
     Message from routine setup:
     using ibrav=0 with symmetry is DISCOURAGED, use correct ibrav instead
     tcpu = 153394.3    self-consistency for image   3
     Message from routine setup:
     using ibrav=0 with symmetry is DISCOURAGED, use correct ibrav instead
     tcpu = 153707.1    self-consistency for image   4
     Message from routine setup:
     using ibrav=0 with symmetry is DISCOURAGED, use correct ibrav instead

     activation energy (->) =   0.820400 eV
     activation energy (<-) =  -0.000000 eV

     image        energy (eV)        error (eV/A)        frozen

         1    -133597.1500230            0.312794            T
         2    -133598.8630707            0.161704            F
         3    -133597.9575350            0.100244            F
         4    -133598.0679123            0.385300            F
         5    -133596.3296231            4.872173            T

     climbing image =  5

     path length          = 16.479 bohr
     inter-image distance =  4.120 bohr

     ------------------------------ iteration 178 ------------------------------

     tcpu = 154111.4    self-consistency for image   2
     Message from routine setup:
     using ibrav=0 with symmetry is DISCOURAGED, use correct ibrav instead
     tcpu = 154540.0    self-consistency for image   3
     Message from routine setup:
     using ibrav=0 with symmetry is DISCOURAGED, use correct ibrav instead
     tcpu = 154857.8    self-consistency for image   4
     Message from routine setup:
     using ibrav=0 with symmetry is DISCOURAGED, use correct ibrav instead

     activation energy (->) =   0.820400 eV
     activation energy (<-) =  -0.000000 eV

     image        energy (eV)        error (eV/A)        frozen

         1    -133597.1500230            0.312794            T
         2    -133598.8637475            0.165219            F
         3    -133597.9584844            0.102002            F
         4    -133598.0713316            0.332098            F
         5    -133596.3296231            4.853522            T

     climbing image =  5

     path length          = 16.481 bohr
     inter-image distance =  4.120 bohr

     ------------------------------ iteration 179 ------------------------------

     tcpu = 155258.7    self-consistency for image   2
     Message from routine setup:
     using ibrav=0 with symmetry is DISCOURAGED, use correct ibrav instead
     tcpu = 156265.3    self-consistency for image   3
     Message from routine setup:
     using ibrav=0 with symmetry is DISCOURAGED, use correct ibrav instead
     tcpu = 157029.1    self-consistency for image   4
     Message from routine setup:
     using ibrav=0 with symmetry is DISCOURAGED, use correct ibrav instead

     activation energy (->) =   0.820400 eV
     activation energy (<-) =  -0.000000 eV

     image        energy (eV)        error (eV/A)        frozen

         1    -133597.1500230            0.312794            T
         2    -133598.8858296            0.211012            F
         3    -133597.9821498            0.776078            F
         4    -133597.8423931            1.994936            F
         5    -133596.3296231            4.255144            T

     climbing image =  5

     path length          = 16.597 bohr
     inter-image distance =  4.149 bohr

     ------------------------------ iteration 180 ------------------------------

     tcpu = 157842.6    self-consistency for image   2
     Message from routine setup:
     using ibrav=0 with symmetry is DISCOURAGED, use correct ibrav instead
     tcpu = 158576.1    self-consistency for image   3
     Message from routine setup:
     using ibrav=0 with symmetry is DISCOURAGED, use correct ibrav instead
     tcpu = 159098.7    self-consistency for image   4
     Message from routine setup:
     using ibrav=0 with symmetry is DISCOURAGED, use correct ibrav instead

     activation energy (->) =   0.820400 eV
     activation energy (<-) =  -0.000000 eV

     image        energy (eV)        error (eV/A)        frozen

         1    -133597.1500230            0.312794            T
         2    -133598.8737325            0.191095            F
         3    -133597.9709487            0.094251            F
         4    -133598.0556367            0.526030            F
         5    -133596.3296231            4.583801            T

     climbing image =  5

     path length          = 16.522 bohr
     inter-image distance =  4.130 bohr

     ------------------------------ iteration 181 ------------------------------

     tcpu = 159811.3    self-consistency for image   2
     Message from routine setup:
     using ibrav=0 with symmetry is DISCOURAGED, use correct ibrav instead
     tcpu = 160254.7    self-consistency for image   3
     Message from routine setup:
     using ibrav=0 with symmetry is DISCOURAGED, use correct ibrav instead
     tcpu = 160596.3    self-consistency for image   4
     Message from routine setup:
     using ibrav=0 with symmetry is DISCOURAGED, use correct ibrav instead

     activation energy (->) =   0.820400 eV
     activation energy (<-) =  -0.000000 eV

     image        energy (eV)        error (eV/A)        frozen

         1    -133597.1500230            0.312794            T
         2    -133598.8729344            0.190226            F
         3    -133597.9700925            0.097824            F
         4    -133598.0622765            0.444791            F
         5    -133596.3296231            4.606986            T

     climbing image =  5

     path length          = 16.518 bohr
     inter-image distance =  4.129 bohr

     ------------------------------ iteration 182 ------------------------------

     tcpu = 161061.2    self-consistency for image   2
     Message from routine setup:
     using ibrav=0 with symmetry is DISCOURAGED, use correct ibrav instead
     tcpu = 161409.3    self-consistency for image   3
     Message from routine setup:
     using ibrav=0 with symmetry is DISCOURAGED, use correct ibrav instead
     tcpu = 161727.9    self-consistency for image   4
     Message from routine setup:
     using ibrav=0 with symmetry is DISCOURAGED, use correct ibrav instead

     activation energy (->) =   0.820400 eV
     activation energy (<-) =  -0.000000 eV

     image        energy (eV)        error (eV/A)        frozen

         1    -133597.1500230            0.312794            T
         2    -133598.8725098            0.188767            F
         3    -133597.9696727            0.099950            F
         4    -133598.0657007            0.399296            F
         5    -133596.3296231            4.620113            T

     climbing image =  5

     path length          = 16.516 bohr
     inter-image distance =  4.129 bohr

     ------------------------------ iteration 183 ------------------------------

     tcpu = 162122.7    self-consistency for image   2
     Message from routine setup:
     using ibrav=0 with symmetry is DISCOURAGED, use correct ibrav instead
     tcpu = 162382.3    self-consistency for image   3
     Message from routine setup:
     using ibrav=0 with symmetry is DISCOURAGED, use correct ibrav instead
     tcpu = 162613.8    self-consistency for image   4
     Message from routine setup:
     using ibrav=0 with symmetry is DISCOURAGED, use correct ibrav instead

     activation energy (->) =   0.820400 eV
     activation energy (<-) =  -0.000000 eV

     image        energy (eV)        error (eV/A)        frozen

         1    -133597.1500230            0.312794            T
         2    -133598.8725424            0.188070            F
         3    -133597.9697248            0.099402            F
         4    -133598.0659819            0.392911            F
         5    -133596.3296231            4.620684            T

     climbing image =  5

     path length          = 16.517 bohr
     inter-image distance =  4.129 bohr

     ------------------------------ iteration 184 ------------------------------

     tcpu = 162865.3    self-consistency for image   2
     Message from routine setup:
     using ibrav=0 with symmetry is DISCOURAGED, use correct ibrav instead
     tcpu = 163110.4    self-consistency for image   3
     Message from routine setup:
     using ibrav=0 with symmetry is DISCOURAGED, use correct ibrav instead
     tcpu = 163359.9    self-consistency for image   4
     Message from routine setup:
     using ibrav=0 with symmetry is DISCOURAGED, use correct ibrav instead

     activation energy (->) =   0.820400 eV
     activation energy (<-) =  -0.000000 eV

     image        energy (eV)        error (eV/A)        frozen

         1    -133597.1500230            0.312794            T
         2    -133598.8725537            0.188610            F
         3    -133597.9697763            0.099895            F
         4    -133598.0663448            0.387803            F
         5    -133596.3296231            4.621642            T

     climbing image =  5

     path length          = 16.517 bohr
     inter-image distance =  4.129 bohr

     ------------------------------ iteration 185 ------------------------------

     tcpu = 163607.0    self-consistency for image   2
     Message from routine setup:
     using ibrav=0 with symmetry is DISCOURAGED, use correct ibrav instead
     tcpu = 163855.4    self-consistency for image   3
     Message from routine setup:
     using ibrav=0 with symmetry is DISCOURAGED, use correct ibrav instead
     tcpu = 164117.0    self-consistency for image   4
     Message from routine setup:
     using ibrav=0 with symmetry is DISCOURAGED, use correct ibrav instead

     activation energy (->) =   0.820400 eV
     activation energy (<-) =  -0.000000 eV

     image        energy (eV)        error (eV/A)        frozen

         1    -133597.1500230            0.312794            T
         2    -133598.8725734            0.188045            F
         3    -133597.9698877            0.097630            F
         4    -133598.0670719            0.375242            F
         5    -133596.3296231            4.623595            T

     climbing image =  5

     path length          = 16.518 bohr
     inter-image distance =  4.129 bohr

     ------------------------------ iteration 186 ------------------------------

     tcpu = 164365.3    self-consistency for image   2
     Message from routine setup:
     using ibrav=0 with symmetry is DISCOURAGED, use correct ibrav instead
     tcpu = 164698.9    self-consistency for image   3
     Message from routine setup:
     using ibrav=0 with symmetry is DISCOURAGED, use correct ibrav instead
     tcpu = 164948.5    self-consistency for image   4
     Message from routine setup:
     using ibrav=0 with symmetry is DISCOURAGED, use correct ibrav instead

     activation energy (->) =   0.820400 eV
     activation energy (<-) =  -0.000000 eV

     image        energy (eV)        error (eV/A)        frozen

         1    -133597.1500230            0.312794            T
         2    -133598.8726502            0.187993            F
         3    -133597.9701690            0.094535            F
         4    -133598.0688978            0.358925            F
         5    -133596.3296231            4.628535            T

     climbing image =  5

     path length          = 16.520 bohr
     inter-image distance =  4.130 bohr

     ------------------------------ iteration 187 ------------------------------

     tcpu = 165267.1    self-consistency for image   2
     Message from routine setup:
     using ibrav=0 with symmetry is DISCOURAGED, use correct ibrav instead
     tcpu = 165693.6    self-consistency for image   3
     Message from routine setup:
     using ibrav=0 with symmetry is DISCOURAGED, use correct ibrav instead
     tcpu = 166018.5    self-consistency for image   4
     Message from routine setup:
     using ibrav=0 with symmetry is DISCOURAGED, use correct ibrav instead

     activation energy (->) =   0.820400 eV
     activation energy (<-) =  -0.000000 eV

     image        energy (eV)        error (eV/A)        frozen

         1    -133597.1500230            0.312794            T
         2    -133598.8728804            0.186774            F
         3    -133597.9711126            0.105335            F
         4    -133598.0742703            0.280875            F
         5    -133596.3296231            4.645109            T

     climbing image =  5

     path length          = 16.527 bohr
     inter-image distance =  4.132 bohr

     ------------------------------ iteration 188 ------------------------------

     tcpu = 166432.4    self-consistency for image   2
     Message from routine setup:
     using ibrav=0 with symmetry is DISCOURAGED, use correct ibrav instead
     tcpu = 166911.5    self-consistency for image   3
     Message from routine setup:
     using ibrav=0 with symmetry is DISCOURAGED, use correct ibrav instead
     tcpu = 167244.0    self-consistency for image   4
     Message from routine setup:
     using ibrav=0 with symmetry is DISCOURAGED, use correct ibrav instead

     activation energy (->) =   0.820400 eV
     activation energy (<-) =  -0.000000 eV

     image        energy (eV)        error (eV/A)        frozen

         1    -133597.1500230            0.312794            T
         2    -133598.8732871            0.182937            F
         3    -133597.9726738            0.110833            F
         4    -133598.0806758            0.159440            F
         5    -133596.3296231            4.672821            T

     climbing image =  5

     path length          = 16.539 bohr
     inter-image distance =  4.135 bohr

     ------------------------------ iteration 189 ------------------------------

     tcpu = 167702.0    self-consistency for image   2
     Message from routine setup:
     using ibrav=0 with symmetry is DISCOURAGED, use correct ibrav instead
     tcpu = 168244.9    self-consistency for image   3
     Message from routine setup:
     using ibrav=0 with symmetry is DISCOURAGED, use correct ibrav instead
     tcpu = 168639.9    self-consistency for image   4
     Message from routine setup:
     using ibrav=0 with symmetry is DISCOURAGED, use correct ibrav instead

     activation energy (->) =   0.820400 eV
     activation energy (<-) =  -0.000000 eV

     image        energy (eV)        error (eV/A)        frozen

         1    -133597.1500230            0.312794            T
         2    -133598.8739584            0.178760            F
         3    -133597.9750718            0.109588            F
         4    -133598.0843686            0.072903            F
         5    -133596.3296231            4.714703            T

     climbing image =  5

     path length          = 16.558 bohr
     inter-image distance =  4.140 bohr

     ------------------------------ iteration 190 ------------------------------

     tcpu = 169164.2    self-consistency for image   2
     Message from routine setup:
     using ibrav=0 with symmetry is DISCOURAGED, use correct ibrav instead
     tcpu = 169480.4    self-consistency for image   3
     Message from routine setup:
     using ibrav=0 with symmetry is DISCOURAGED, use correct ibrav instead
     tcpu = 169754.9    self-consistency for image   4
     Message from routine setup:
     using ibrav=0 with symmetry is DISCOURAGED, use correct ibrav instead

     activation energy (->) =   0.820400 eV
     activation energy (<-) =  -0.000000 eV

     image        energy (eV)        error (eV/A)        frozen

         1    -133597.1500230            0.312794            T
         2    -133598.8740545            0.178924            F
         3    -133597.9753997            0.105226            F
         4    -133598.0843605            0.093411            F
         5    -133596.3296231            4.719013            T

     climbing image =  5

     path length          = 16.561 bohr
     inter-image distance =  4.140 bohr

     ------------------------------ iteration 191 ------------------------------

     tcpu = 170130.8    self-consistency for image   2
     Message from routine setup:
     using ibrav=0 with symmetry is DISCOURAGED, use correct ibrav instead
     tcpu = 170378.3    self-consistency for image   3
     Message from routine setup:
     using ibrav=0 with symmetry is DISCOURAGED, use correct ibrav instead
     tcpu = 170635.4    self-consistency for image   4
     Message from routine setup:
     using ibrav=0 with symmetry is DISCOURAGED, use correct ibrav instead

     activation energy (->) =   0.820400 eV
     activation energy (<-) =  -0.000000 eV

     image        energy (eV)        error (eV/A)        frozen

         1    -133597.1500230            0.312794            T
         2    -133598.8741037            0.178825            F
         3    -133597.9755244            0.109683            F
         4    -133598.0843752            0.095863            F
         5    -133596.3296231            4.719512            T

     climbing image =  5

     path length          = 16.562 bohr
     inter-image distance =  4.140 bohr

     ------------------------------ iteration 192 ------------------------------

     tcpu = 170887.3    self-consistency for image   2
     Message from routine setup:
     using ibrav=0 with symmetry is DISCOURAGED, use correct ibrav instead

     WARNING :  scf convergence NOT achieved on image   2

     cleaning-up extrapolation files

 
     NEB          :   1d22h59m CPU   1d23h30m WALL

 
   This run was terminated on:   8:59:40  14Sep2026            

=------------------------------------------------------------------------------=
   JOB DONE.
=------------------------------------------------------------------------------=
