optimizer_iteration,image_index,energy_eV,relative_energy_eV,true_force_fmax_eV_A,neb_force_fmax_eV_A,neb_residual_eV_A,is_endpoint
0,0,-265.54545478909785,0.0,2.226295586144658,,,True
0,1,-265.71543327794177,-0.16997848884392397,2.2249931726023036,2.2261867981201626,2.024344039804308,False
0,2,-266.00251517789604,-0.45706038879819744,2.2215631770599344,2.221938589237108,2.020868686578462,False
0,3,-265.84230208193725,-0.29684729283940214,2.2337105388595413,2.2200933705322403,2.0173469252408496,False
0,4,-265.3860997036444,0.15935508545345556,2.4156110000794784,2.3241615005393887,2.017103542315829,False
0,5,-265.09657294347863,0.44888184561921207,2.340951956611497,2.2719772933069886,2.0245313340381816,False
0,6,-265.082624138024,0.4628306510738298,2.616978412203875,2.6406221676068466,2.0262318385894753,False
0,7,-265.42332450282163,0.12213028627621725,2.469498089398107,2.43414993329537,2.0220744917871043,False
0,8,-265.8201613003493,-0.27470651125145196,2.3133274601247065,2.3253787390159055,2.077037898401073,False
0,9,-265.8070840625047,-0.2616292734068679,2.3186116109482895,,,True
1,0,-265.54545478909785,0.0,2.226295586144658,,,True
1,1,-266.51836046713777,-0.9729056780399219,2.1473495502991553,2.237903590332718,1.9612469094815983,False
1,2,-266.80099207476655,-1.2555372856687086,2.1438251817311365,2.1442869124455197,1.9446298118823813,False
1,3,-266.66365113746747,-1.1181963483696222,2.165211005223138,2.14352989452196,1.9411985272305377,False
1,4,-266.2185007258248,-0.6730459367269646,2.211800374776468,2.235025396352214,1.9414475191881084,False
1,5,-265.93604824774457,-0.3905934586467197,2.1953587494890274,2.2086523376403875,1.9488148753690424,False
1,6,-265.932428135764,-0.3869733466661387,2.276700490418968,2.303150754289317,1.9506253914346334,False
1,7,-266.2562660187328,-0.7108112296349418,2.228799762145204,2.20557214617921,1.9466564249690712,False
1,8,-266.64603042402973,-1.1005756349318858,2.23971327661954,2.4319454515019547,2.110974705699896,False
1,9,-265.8070840625047,-0.2616292734068679,2.3186116109482895,,,True
2,0,-265.54545478909785,0.0,2.226295586144658,,,True
2,1,-267.278080911224,-1.7326261221261348,2.066228573689634,2.3953904356691256,2.080687620883861,False
2,2,-267.5744941353872,-2.0290393462893803,2.1006403481740255,2.100450067012777,1.86266332654694,False
2,3,-267.45511509154835,-1.9096603024505043,2.093594254364665,2.0739570185907734,1.8594812364333657,False
2,4,-267.02031043481753,-1.4748556457196855,2.1378566081557873,2.1588674038627236,1.8601937498894716,False
2,5,-266.7447472601124,-1.1992924710145303,2.1338925460614675,2.145853698337796,1.8674651048968118,False
2,6,-266.74613726056583,-1.2006824714679851,2.138089802489392,2.1272236672873843,1.8693521096952919,False
2,7,-267.0548034188445,-1.5093486297466256,2.1607172043759086,2.1308946631268824,1.8656120933951634,False
2,8,-267.43612320487006,-1.8906684157722111,2.1648272051475814,3.0193143554354873,2.1075630209552676,False
2,9,-265.8070840625047,-0.2616292734068679,2.3186116109482895,,,True
3,0,-265.54545478909785,0.0,2.226295586144658,,,True
3,1,-267.98129922980223,-2.435844440704386,2.061066870650688,2.6710292833130618,2.3140762399296957,False
3,2,-268.32405573460176,-2.7786009455039107,2.0807829145778705,2.0791944377517955,1.7742939274564542,False
3,3,-268.21811159982474,-2.6726568107268918,2.01853399260706,2.0007037403926313,1.7719085156904029,False
3,4,-267.7931646168728,-2.2477098277749405,2.0603976796973913,2.0793497234519256,1.7730555969271622,False
3,5,-267.5245797889821,-1.9791249998842773,2.0658576496459187,2.076780434621399,1.7801947530507016,False
3,6,-267.5274002311255,-1.9819454420276656,2.068188848290145,2.0579898359319095,1.7821319139817375,False
3,7,-267.82209889880534,-2.2766441097074903,2.085095231385939,2.0566778007769497,1.7786474262451306,False
3,8,-268.1795261212331,-2.6340713321352496,2.0836411378681707,3.410947681574813,2.202549999018182,False
3,9,-265.8070840625047,-0.2616292734068679,2.3186116109482895,,,True
4,0,-265.54545478909785,0.0,2.226295586144658,,,True
4,1,-268.61975259016305,-3.0742978010651996,2.060813739051817,2.881762343039063,2.406475561036556,False
4,2,-269.04988466828024,-3.5044298791823962,2.0551349105365526,2.0504105665601466,1.6784071479716294,False
4,3,-268.95315495999614,-3.407700170898295,1.943445696324823,1.923441777104655,1.678266722673019,False
4,4,-268.5377666527704,-2.992311863672569,1.9790575284600045,1.9960784232157227,1.679817672836383,False
4,5,-268.27646858270384,-2.731013793605996,1.9908119229743766,2.0011213843302973,1.686788986270489,False
4,6,-268.27838948085196,-2.73293469175411,1.9908016828627093,1.9813639255611757,1.6887621598847447,False
4,7,-268.55997510523946,-3.0145203161416134,2.001583810430594,1.9745401132064515,1.6897736584842666,False
4,8,-268.86776664334,-3.322311854242173,1.9976037994286908,3.540982891865183,2.4732678238461046,False
4,9,-265.8070840625047,-0.2616292734068679,2.3186116109482895,,,True
5,0,-265.54545478909785,0.0,2.226295586144658,,,True
5,1,-269.1902798611359,-3.6448250720380315,2.0576388048907224,2.8608238598582103,2.31560208546292,False
5,2,-269.7512797651468,-4.205824976048973,2.022529753052472,2.011437498570176,1.5733743205449813,False
5,3,-269.659873406324,-4.114418617226136,1.86067313023642,1.8418051974092826,1.5784461620636814,False
5,4,-269.25391114558363,-3.708456356485783,1.8934331036124081,1.9086323333667854,1.5803672213725029,False
5,5,-269.00037643575956,-3.4549216466617167,1.908293613718476,1.9181939289423509,1.5871277305012232,False
5,6,-268.9999613267489,-3.4545065376510706,1.9054657249742857,1.8968452155055682,1.5891224846702852,False
5,7,-269.2690454310025,-3.72359064190465,1.9097874032911035,1.8841166280619677,1.6152316889286327,False
5,8,-269.49519274309887,-3.949737954001023,1.9084585226009227,3.423677616256022,2.509884525558878,False
5,9,-265.8070840625047,-0.2616292734068679,2.3186116109482895,,,True
6,0,-265.54545478909785,0.0,2.226295586144658,,,True
6,1,-269.6939013752076,-4.148446586109742,2.051887891188799,2.6736637295362975,2.111153365447091,False
6,2,-270.4266479852022,-4.881193196104334,1.981794800435493,1.9596147158142125,1.45754044510293,False
6,3,-270.33712573045887,-4.791670941361019,1.7693880384670984,1.7553962591895242,1.4724619330408626,False
6,4,-269.94060440542233,-4.395149616324488,1.8030891521421233,1.816566167546755,1.4747152094004445,False
6,5,-269.6954289316574,-4.149974142559529,1.817807234258338,1.8271761285885526,1.4812131563063953,False
6,6,-269.6918788145158,-4.146424025417957,1.8116683530789885,1.8039456990103324,1.498351401100071,False
6,7,-269.94890462968624,-4.403449840588394,1.8092663745710973,1.7849944219274079,1.5341091154624873,False
6,8,-270.05905340145557,-4.513598612357725,1.8240162922697185,3.107335541611052,2.358316832845619,False
6,9,-265.8070840625047,-0.2616292734068679,2.3186116109482895,,,True
7,0,-265.54545478909785,0.0,2.226295586144658,,,True
7,1,-270.13453431959243,-4.589079530494587,2.043998506834742,2.3874180065956785,1.84926964943412,False
7,2,-271.07361576842027,-5.528160979322422,1.93182735157106,1.8929583992872994,1.3469649171314808,False
7,3,-270.9831631362599,-5.437708347162072,1.6760718789290268,1.6637865242436836,1.360466703075561,False
7,4,-270.59622561072956,-5.0507708216317155,1.7075590675597838,1.7194094431061122,1.3630093342865914,False
7,5,-270.36007532941267,-4.81462054031482,1.7188032656313763,1.7276697316908305,1.369195293575288,False
7,6,-270.35304329764966,-4.807588508551817,1.7088423845219625,1.7020157307424335,1.4159158521966362,False
7,7,-270.59833662309387,-5.052881833996025,1.6995486686776156,1.689485143770335,1.454079953144428,False
7,8,-270.5593105166429,-5.013855727545035,1.7576621351715604,2.681556018898557,2.0943562890540726,False
7,9,-265.8070840625047,-0.2616292734068679,2.3186116109482895,,,True
8,0,-265.54545478909785,0.0,2.226295586144658,,,True
8,1,-270.5158634929966,-4.970408703898727,2.03443898454195,2.054679031885669,1.5691044821321254,False
8,2,-271.6893802181831,-6.143925429085243,1.8716176672728415,1.8103158363989638,1.228833539357911,False
8,3,-271.59598271422544,-6.0505279251275965,1.5776809750628915,1.5664789496161469,1.2428096126822485,False
8,4,-271.2188877062929,-5.6734329171950435,1.6063125830875447,1.6166329034743305,1.2455920504132532,False
8,5,-270.99246680007417,-5.447012010976323,1.6106518846165863,1.619015344128088,1.2794476563377601,False
8,6,-270.9819182331205,-5.43646344402265,1.5963714669627256,1.5904173269043476,1.326495887568201,False
8,7,-271.21648818229687,-5.671033393199025,1.5838865767707109,1.5862703865769936,1.3630402187660562,False
8,8,-270.99713126779557,-5.4516764786977205,1.6945964832921008,2.2982706649936553,1.8419524077271439,False
8,9,-265.8070840625047,-0.2616292734068679,2.3186116109482895,,,True
9,0,-265.54545478909785,0.0,2.226295586144658,,,True
9,1,-270.8435011160618,-5.29804632696397,2.0236791017381837,1.7108754969905158,1.2943685109599734,False
9,2,-272.270455734385,-6.7250009452871495,1.8003841276943506,1.711842509757116,1.26109860515514,False
9,3,-272.17297310227264,-6.6275183131747895,1.473215408352212,1.4630062644548187,1.1200708623680158,False
9,4,-271.80605713861144,-6.26060234951359,1.4988507547384955,1.5077421320567614,1.1496761235995874,False
9,5,-271.59004401009076,-6.044589220992918,1.4927310813484076,1.5005673720115253,1.1899827873374873,False
9,6,-271.57615931419036,-6.030704525092517,1.4737297118666883,1.469850865476843,1.2296540150026953,False
9,7,-271.80202487293195,-6.256570083834106,1.4825392219758757,1.4741405995649797,1.2458551088396808,False
9,8,-271.37779974271257,-5.832344953614722,1.6351934935754175,1.9180418272873212,1.5722265444010248,False
9,9,-265.8070840625047,-0.2616292734068679,2.3186116109482895,,,True
10,0,-265.54545478909785,0.0,2.226295586144658,,,True
10,1,-271.1238412068107,-5.5783864177128635,2.012132262268776,1.3773543995821877,1.0375819823503931,False
10,2,-272.8135078165809,-7.268053027483063,1.717557231391019,1.5988203352098536,1.2775135183452486,False
10,3,-272.7115302375819,-7.166075448484037,1.362174334339666,1.3528771650506946,1.0060371653088593,False
10,4,-272.3551729202669,-6.809718131169063,1.3846553257816026,1.3922244275939177,1.0546710581136276,False
10,5,-272.1501653713626,-6.604710582264772,1.3651261724131707,1.3717128654872273,1.092904217070995,False
10,6,-272.13326363236433,-6.587808843266487,1.3626306800708656,1.3619372187051149,1.1249885696137143,False
10,7,-272.3518238544498,-6.80636906535193,1.374459348608217,1.6194290775590507,1.3757657682681377,False
10,8,-271.7073716628605,-6.161916873762664,1.5796615436844161,1.6824537736177523,1.3886215468883063,False
10,9,-265.8070840625047,-0.2616292734068679,2.3186116109482895,,,True
11,0,-265.54545478909785,0.0,2.226295586144658,,,True
11,1,-271.3633103708639,-5.817855581766082,2.0001308835545495,1.0657555481198995,0.8042040847629902,False
11,2,-273.31567964580006,-7.770224856702214,1.6227536855279203,1.6051909395631911,1.2654624539546009,False
11,3,-273.20913011349876,-7.663675324400913,1.2440699107175568,1.2356107890620667,0.9344919845372516,False
11,4,-272.8637188187427,-7.318264029644865,1.2632313392686274,1.2695901650169938,0.9527025709260668,False
11,5,-272.6701841421682,-7.124729353070336,1.2464793694455631,1.2475462180691048,1.022556725095566,False
11,6,-272.65067310847746,-7.105218319379617,1.2470643460182749,1.2466064115054722,1.0516864119190208,False
11,7,-272.8624508402651,-7.31699605116728,1.2592629236443398,1.7998513073936677,1.5539824294251423,False
11,8,-271.99206825618023,-6.446613467082386,1.528077459458729,1.4758003790444738,1.2210655832004285,False
11,9,-265.8070840625047,-0.2616292734068679,2.3186116109482895,,,True
12,0,-265.54545478909785,0.0,2.226295586144658,,,True
12,1,-271.56796115697136,-6.022506367873518,1.9879192971150164,0.7817538188389613,0.5957019322670314,False
12,2,-273.7749568148737,-8.229502025775844,1.5157088614117256,1.5968960369885492,1.223626593096135,False
12,3,-273.66347519828116,-8.118020409183316,1.1184842282651333,1.1107943057476077,0.9042384202685271,False
12,4,-273.3293757265362,-7.783920937438381,1.134178402695996,1.139442881116691,0.9048997600905102,False
12,5,-273.1476122939596,-7.6021575048617365,1.1201807726566615,1.1209748725825373,0.9691701593332237,False
12,6,-273.12596465236663,-7.580509863268787,1.1236285335002625,1.1233529802376294,1.0056176262383414,False
12,7,-273.33083420898924,-7.785379419891399,1.1367114825706186,1.8977571381699239,1.6545854404926053,False
12,8,-272.2378875142404,-6.692432725142567,1.4804185033447907,1.2698149047461593,1.0546891783507184,False
12,9,-265.8070840625047,-0.2616292734068679,2.3186116109482895,,,True
13,0,-265.54545478909785,0.0,2.226295586144658,,,True
13,1,-271.74328321117116,-6.197828422073314,1.9756567890552446,0.5278730880356562,0.4115718981336703,False
13,2,-274.19046766687444,-8.645012877776594,1.3961973213454981,1.5392918883264253,1.153985217381427,False
13,3,-274.0726836468791,-8.527228857781267,0.9851836179295582,0.9781983275635816,0.8715388485223756,False
13,4,-273.75022216650837,-8.20476737741052,0.9973312381955646,1.0016186370077758,0.8721433903247987,False
13,5,-273.58034120175773,-8.034886412659887,0.9963237285542859,0.986564404612218,0.9161409535622527,False
13,6,-273.55709634803327,-8.011641558935423,1.0064614755015013,1.005846271246307,0.9596917711746712,False
13,7,-273.75475440872293,-8.209299619625085,1.0068229980755234,1.9180907901628124,1.684244035359367,False
13,8,-272.4503694086534,-6.904914619555541,1.4365937240081916,1.068468706044217,0.8922181180149092,False
13,9,-265.8070840625047,-0.2616292734068679,2.3186116109482895,,,True
14,0,-265.54545478909785,0.0,2.226295586144658,,,True
14,1,-271.89415228552525,-6.348697496427405,1.9634251351112657,0.30597044818920327,0.2505657052967586,False
14,2,-274.5626820108887,-9.017227221790847,1.2639863071493762,1.4379932169089424,1.0610964184402736,False
14,3,-274.43555343901056,-8.890098649912716,0.9180708063861169,0.9179925487132324,0.8359158705286956,False
14,4,-274.1250153658017,-8.579560576703841,0.9186534123300116,0.9220817152962151,0.8364563549064284,False
14,5,-273.96695160930443,-8.421496820206585,1.003287010517367,1.0053628701173207,0.8631373571382558,False
14,6,-273.9427398941475,-8.397285105049662,1.0353206882159833,1.034754483082677,0.9135764352740873,False
14,7,-274.13328223346946,-8.587827444371612,0.9901415306729997,1.8673509444572378,1.649813630227394,False
14,8,-272.63448078563823,-7.089025996540386,1.396472554099244,0.8736809113922485,0.7348312066719027,False
14,9,-265.8070840625047,-0.2616292734068679,2.3186116109482895,,,True
15,0,-265.54545478909785,0.0,2.226295586144658,,,True
15,1,-272.0248589065144,-6.47940411741655,1.9512379255137648,0.2981564694198633,0.22915226527360585,False
15,2,-274.8934815789629,-9.34802678986506,1.1188874731342828,1.3025506921896564,0.9512239183013504,False
15,3,-274.75192984034516,-9.20647505124731,0.8737862141799729,0.8846890909403293,0.7968305148688186,False
15,4,-274.45358041218424,-8.908125623086391,0.9411062458532631,0.9545074879271148,0.7972967547786235,False
15,5,-274.30714227962113,-8.761687490523286,1.0371386913589389,1.0393917789039429,0.809865259332298,False
15,6,-274.2827231498484,-8.737268360750534,1.0687869043802698,1.068278378614636,0.867053223341446,False
15,7,-274.4671662104865,-8.921711421388636,1.0198141864742698,1.7549219796088045,1.5600398295843063,False
15,8,-272.79458852192306,-7.249133732825214,1.3599087473614606,0.686379725286174,0.5829993615149548,False
15,9,-265.8070840625047,-0.2616292734068679,2.3186116109482895,,,True
16,0,-265.54545478909785,0.0,2.226295586144658,,,True
16,1,-272.1391733913359,-6.593718602238027,1.9390517565288985,0.2994630670106011,0.22701197560064187,False
16,2,-275.1860680552458,-9.640613266147966,0.9609959059937991,1.144903165424258,0.8314148558590243,False
16,3,-275.0231643235791,-9.477709534481278,0.907199136935756,0.9186775005632146,0.7537133356482318,False
16,4,-274.7372932308299,-9.191838441732045,0.9784310095950239,0.9923490541701876,0.75891147909512,False
16,5,-274.6022587267413,-9.056803937643451,1.0765065725768348,1.0789055619928856,0.8171705701340114,False
16,6,-274.5785561574621,-9.033101368364271,1.1076089980038344,1.1071494233150196,0.8318571885894978,False
16,7,-274.759091733353,-9.213636944255143,1.0540259429136685,1.592910969976746,1.4256733344869867,False
16,8,-272.9344932872232,-7.3890384981253305,1.3267579959201747,0.5073211409393114,0.43711511991052154,False
16,9,-265.8070840625047,-0.2616292734068679,2.3186116109482895,,,True
17,0,-265.54545478909785,0.0,2.226295586144658,,,True
17,1,-272.24040867429585,-6.694953885198004,1.926781990675228,0.2897191615029162,0.21701495660028886,False
17,2,-275.4446748567417,-9.899220067643853,1.0040509995913065,0.977807571058411,0.8258424209088665,False
17,3,-275.2525720545369,-9.70711726543908,0.9467458363503398,0.9588628638110517,0.7347265248263215,False
17,4,-274.97955755838865,-9.434102769290803,1.0221067349974446,1.03650985655028,0.8035373481835152,False
17,5,-274.85580692227677,-9.310352133178924,1.1221887871614793,1.1246896594456375,0.8657471041782794,False
17,6,-274.8339156112998,-9.288460822201955,1.1525374501269414,1.152095718101311,0.8809490259580586,False
17,7,-275.01366691121143,-9.468212122113584,1.0935431051776088,1.3950606232355218,1.258682810924432,False
17,8,-273.05749713360524,-7.5120423445073925,1.2968878068501526,0.3377623633956729,0.29795633465089033,False
17,9,-265.8070840625047,-0.2616292734068679,2.3186116109482895,,,True
18,0,-265.54545478909785,0.0,2.226295586144658,,,True
18,1,-272.33144202577216,-6.785987236674316,1.914328089490156,0.31832237624458753,0.25531523267420053,False
18,2,-275.6740908268344,-10.128636037736555,1.0549470994313206,0.9717909476514603,0.8396239476720385,False
18,3,-275.4456788493454,-9.90022406024758,0.9933313851295269,1.0061373833830556,0.7775842804388331,False
18,4,-275.1860538539729,-9.640599064875062,1.07292999455847,1.087769989516452,0.8517934399531697,False
18,5,-275.07370063826284,-9.528245849164989,1.1748392890532642,1.1773833733167438,0.9179902377997049,False
18,6,-275.054832428218,-9.509377639120146,1.204191799709433,1.2037122172209564,0.9336971071879664,False
18,7,-275.236971807606,-9.691517018508137,1.1390660983242458,1.1750652401772979,1.0708931085866182,False
18,8,-273.1664735797199,-7.621018790622031,1.2701795824552797,0.25750195007076415,0.2045053259794074,False
18,9,-265.8070840625047,-0.2616292734068679,2.3186116109482895,,,True
19,0,-265.54545478909785,0.0,2.226295586144658,,,True
19,1,-272.41467409523204,-6.869219306134198,1.901613276803326,0.39336407692940045,0.27948702086961735,False
19,2,-275.8791292890187,-10.333674499920846,1.1127959084587478,1.0096254643586122,0.862728382262269,False
19,3,-275.60999632497317,-10.064541535875321,1.0475976218365,1.0611126878822925,0.8244463994698835,False
19,4,-275.364486148062,-9.81903135896414,1.1313624299455565,1.1465561443472363,0.9040033520489605,False
19,5,-275.263939904837,-9.718485115739156,1.2347699061969122,1.237285343900989,0.974488859760693,False
19,6,-275.24929738927676,-9.703842600178916,1.262884945152672,1.262286786887683,0.9908492580951661,False
19,7,-275.4356594223527,-9.890204633254882,1.191070555090454,1.1505269210250817,0.8850297233835461,False
19,8,-273.263910364589,-7.718455575491134,1.2465252543918743,0.24780491890337625,0.20117406962969714,False
19,9,-265.8070840625047,-0.2616292734068679,2.3186116109482895,,,True
20,0,-265.54545478909785,0.0,2.226295586144658,,,True
20,1,-272.49195486261056,-6.946500073512709,1.8886372197509762,0.4393696151244662,0.284909401979638,False
20,2,-276.0643096062066,-10.518854817108775,1.1775786106764752,1.0840837384298356,0.8972939667400085,False
20,3,-275.7542283093122,-10.208773520214379,1.1096868289834754,1.123880358409527,0.8757621716851064,False
20,4,-275.5237340090408,-9.978279219942976,1.1973180820481621,1.2127289584204017,0.9604663992637924,False
20,5,-275.43563509592565,-9.890180306827801,1.3017595155752657,1.3041676619025664,1.0357975977840663,False
20,6,-275.42624297533234,-9.880788186234497,1.3284205323995266,1.3275958309937972,1.0530027283300192,False
20,7,-275.61593291185534,-10.070478122757493,1.2496701826970213,1.2168711075879861,0.9500327111223212,False
20,8,-273.3519216007031,-7.806466811605276,1.2258200573598885,0.2380580488989717,0.20011939215269745,False
20,9,-265.8070840625047,-0.2616292734068679,2.3186116109482895,,,True
21,0,-265.54545478909785,0.0,2.226295586144658,,,True
21,1,-272.56454271847383,-7.019087929375985,1.875530033584733,0.45690008156300477,0.29941637577149594,False
21,2,-276.2339474804669,-10.68849269136905,1.2488321394417434,1.1668668149117079,0.9443779864246317,False
21,3,-275.88714620453965,-10.341691415441801,1.1790939627224262,1.193866059680968,0.9319421172755605,False
21,4,-275.67267006353643,-10.127215274438583,1.270051803924308,1.2854847349064364,1.0214348746267945,False
21,5,-275.5977022669876,-10.05224747788975,1.3747532991555842,1.3769791179852668,1.1019472995802893,False
21,6,-275.59426122885776,-10.048806439759915,1.3996225646228717,1.3984223291538656,1.1197790318762264,False
21,7,-275.7829394391031,-10.237484650005229,1.3144912363995698,1.2903099419170108,1.019786954237697,False
21,8,-273.43225559970097,-7.88680081060312,1.2079482341651513,0.25129076310372167,0.24532876040525964,False
21,9,-265.8070840625047,-0.2616292734068679,2.3186116109482895,,,True
22,0,-265.54545478909785,0.0,2.226295586144658,,,True
22,1,-272.6331327804595,-7.087677991361659,1.862587843767,0.44790250974562723,0.30089922868712954,False
22,2,-276.3925518383947,-10.847097049296849,1.3254862049144716,1.255471988817924,1.003161567976684,False
22,3,-276.0165915096336,-10.471136720535753,1.2546400251975338,1.2698092290922123,0.9932504332737253,False
22,4,-275.81912796899496,-10.273673179897116,1.347990235335439,1.3631988404192323,1.0867344688400011,False
22,5,-275.75777159472295,-10.212316805625107,1.4507510293239754,1.4527692718544813,1.170862746580354,False
22,6,-275.76057309314217,-10.215118304044324,1.4726835837701975,1.4711120629574352,1.1879742482290438,False
22,7,-275.9409116387787,-10.39545684968084,1.384186792300567,1.3679812467244683,1.0925143842355498,False
22,8,-273.50631182245445,-7.9608570333566036,1.1927595742483434,0.296354906678718,0.2688971122793891,False
22,9,-265.8070840625047,-0.2616292734068679,2.3186116109482895,,,True
23,0,-265.54545478909785,0.0,2.226295586144658,,,True
23,1,-272.69794359999037,-7.152488810892521,1.8502683441947432,0.4157105032686167,0.2863796211412421,False
23,2,-276.5451514259138,-10.99969663681594,1.404947364106136,1.345009834470184,1.069342778669096,False
23,3,-276.1489812244166,-10.60352643531877,1.3343123388864366,1.3496124086227728,1.059247575292752,False
23,4,-275.96938366940697,-10.42392888030912,1.4277251517307457,1.442430659870073,1.154277073607662,False
23,5,-275.92160263460397,-10.376147845506125,1.5213862045494242,1.522948304491346,1.2343687019509557,False
23,6,-275.93043417352203,-10.384979384424184,1.5367988939601716,1.5350521620197002,1.2468965150955071,False
23,7,-276.093885109452,-10.548430320354157,1.4545459808872427,1.4439044686915143,1.1627086274267748,False
23,8,-273.57515167536087,-8.029696886263025,1.1800441622935354,0.35801890140584036,0.2814423649150163,False
23,9,-265.8070840625047,-0.2616292734068679,2.3186116109482895,,,True
24,0,-265.54545478909785,0.0,2.226295586144658,,,True
24,1,-272.7588465283043,-7.213391739206429,1.8391313356345562,0.36499009855112435,0.2586127258345576,False
24,2,-276.69709156291447,-11.15163677381662,1.4801873315993288,1.4252709045982208,1.1321938395214357,False
24,3,-276.28933210625274,-10.743877317154897,1.4140909499572578,1.429183867830736,1.127048549150494,False
24,4,-276.1280532104229,-10.58259842132503,1.5005978347731983,1.514544359940263,1.2163729815714395,False
24,5,-276.0926144621894,-10.547159673091528,1.5663061642141756,1.5669480351774903,1.2727448150935647,False
24,6,-276.10648219992777,-10.561027410829922,1.5671831119628412,1.565272540397511,1.2722857262931615,False
24,7,-276.2462488879064,-10.700794098808558,1.5138051352770623,1.5044764122869032,1.2167624284737735,False
24,8,-273.6394990858645,-8.09404429676664,1.1695182013788157,0.3951270496057915,0.31549103389488276,False
24,9,-265.8070840625047,-0.2616292734068679,2.3186116109482895,,,True
25,0,-265.54545478909785,0.0,2.226295586144658,,,True
25,1,-272.81553676478507,-7.270081975687219,1.829728421934556,0.30141534921137714,0.2210195832539897,False
25,2,-276.85294026789404,-11.307485478796195,1.5341490121322663,1.4758754141304733,1.1707944021718955,False
25,3,-276.44134801811583,-10.895893229017986,1.4842630674324595,1.4987991759918105,1.1875089074964915,False
25,4,-276.2977333193659,-10.752278530268029,1.5460899924972955,1.5592200899863469,1.254000606276697,False
25,5,-276.2706915104412,-10.725236721343379,1.548042853629466,1.5477159958956437,1.2524206828328825,False
25,6,-276.28730265785134,-10.741847868753496,1.522551446034762,1.5205740113786392,1.2274418530922289,False
25,7,-276.4020429595165,-10.85658817041866,1.5360956847007927,1.5226817875883407,1.228872436231734,False
25,8,-273.6997656082779,-8.154310819180068,1.1656839918133313,0.40873712903687,0.33011670105640656,False
25,9,-265.8070840625047,-0.2616292734068679,2.3186116109482895,,,True
26,0,-265.54545478909785,0.0,2.226295586144658,,,True
26,1,-272.8677397479287,-7.322284958830835,1.8224741003884686,0.2310638849966572,0.1773118445198495,False
26,2,-277.01446965393825,-11.469014864840403,1.534925308385538,1.4633962265369072,1.1534709548585829,False
26,3,-276.60688132922155,-11.061426540123705,1.5230212373602499,1.5368197746602739,1.2200304816351548,False
26,4,-276.47764632193423,-10.932191532836384,1.5268926525630069,1.5397041747653766,1.2342172108117129,False
26,5,-276.45036172353343,-10.904906934435587,1.4208482180519426,1.4208913345942589,1.1370918476074947,False
26,6,-276.4658280182767,-10.920373229178836,1.3592369434525196,1.357411898104238,1.0783530322190649,False
26,7,-276.56250377548497,-11.017048986387124,1.480774870698368,1.45904392715297,1.1646621788877725,False
26,8,-273.7561487341432,-8.210693945045364,1.1614757930150779,0.40138507520096817,0.3272380202013549,False
26,9,-265.8070840625047,-0.2616292734068679,2.3186116109482895,,,True
27,0,-265.54545478909785,0.0,2.226295586144658,,,True
27,1,-272.91541341357475,-7.369958624476908,1.8175487591179573,0.17533049480561372,0.14722506626014414,False
27,2,-277.1784358625524,-11.632981073454573,1.4408898126532526,1.3490401090144752,1.0473732490700949,False
27,3,-276.78441638858396,-11.238961599486117,1.4925558364452258,1.5059550775361628,1.191232181153612,False
27,4,-276.66169601568606,-11.116241226588215,1.3971948553275828,1.411005599402014,1.120094341098374,False
27,5,-276.62050523147906,-11.075050442381212,1.1543470327994316,1.1559791891492777,0.9073718868345257,False
27,6,-276.6300591289011,-11.084604339803263,1.0546433020388013,1.0532548714249081,0.8183182736382174,False
27,7,-276.72329681083284,-11.177842021734989,1.3068897259771295,1.2774847377757583,1.0001462327231747,False
27,8,-273.8088069147226,-8.263352125624749,1.1533593548509886,0.37659349817818377,0.3095981137543677,False
27,9,-265.8070840625047,-0.2616292734068679,2.3186116109482895,,,True
28,0,-265.54545478909785,0.0,2.226295586144658,,,True
28,1,-272.95887796106285,-7.413423171965007,1.8148716159283351,0.14752810686033005,0.1266046461212112,False
28,2,-277.33584121609914,-11.790386427001295,1.2183359831427325,1.107277300633486,0.8399699433203989,False
28,3,-276.9671495893113,-11.421694800213459,1.3470147908802141,1.3611721390007754,1.0647337849409702,False
28,4,-276.8379433592253,-11.292488570127432,1.123808106840303,1.1402538909168753,0.8899009722971472,False
28,5,-276.76738556723905,-11.2219307781412,0.7440680715892912,0.7461850840447822,0.5706377155841734,False
28,6,-276.76699208562184,-11.22153729652399,0.6111439191555358,0.6104260332237081,0.4818402162442509,False
28,7,-276.8742864602408,-11.32883167114295,0.9920793110688415,0.9640198787811521,0.7373087390242695,False
28,8,-273.85804093980414,-8.312586150706295,1.1416366755787868,0.3382338465462217,0.28026873161028604,False
28,9,-265.8070840625047,-0.2616292734068679,2.3186116109482895,,,True
29,0,-265.54545478909785,0.0,2.226295586144658,,,True
29,1,-272.99884678794615,-7.4533919988483035,1.8141361997233136,0.12399543687254054,0.10073112163706116,False
29,2,-277.4738309020461,-11.928376112948229,0.8534283267478018,0.7369867309294967,0.5399055900870471,False
29,3,-277.14214361995414,-11.596688830856294,1.0496852752513486,1.0662313329373825,0.8170149704373872,False
29,4,-276.99085625483394,-11.445401465736097,0.6950815063939434,0.71462943808166,0.5435934473714529,False
29,5,-276.87931119386616,-11.333856404768312,0.43010117507045664,0.42996256300252017,0.4275341872034503,False
29,6,-276.86722736820775,-11.321772579109904,0.43083445936110526,0.43083921558787264,0.42845721614756493,False
29,7,-277.0022053052892,-11.456750516191335,0.6236597367005974,0.6320579965360237,0.5037646504995703,False
29,8,-273.90441207395133,-8.358957284853489,1.1472589810975373,0.2899634232648541,0.24219231303127486,False
29,9,-265.8070840625047,-0.2616292734068679,2.3186116109482895,,,True
30,0,-265.54545478909785,0.0,2.226295586144658,,,True
30,1,-273.03641468229245,-7.490959893194599,1.8148551207838222,0.10496846460186199,0.07050889480971642,False
30,2,-277.5790262172063,-12.033571428108473,0.3961792757550474,0.3776606667358281,0.3421021511739989,False
30,3,-277.2914399162951,-11.74598512719723,0.5793948755852317,0.5990304036054237,0.4431237281153336,False
30,4,-277.10528531333614,-11.559830524238293,0.3973232179691887,0.38710815263799553,0.35473597456080874,False
30,5,-276.95156996923004,-11.40611518013219,0.663526285935482,0.6603468115314834,0.45682920047171527,False
30,6,-276.93005659963507,-11.38460181053722,0.7964719078963046,0.7964524949158683,0.5191256516463097,False
30,7,-277.0949045680257,-11.549449778927851,0.5336298574362947,0.4848025939292242,0.3897512120187063,False
30,8,-273.9488032937353,-8.40334850463745,1.1733538779383883,0.27147880145125874,0.19793584668160696,False
30,9,-265.8070840625047,-0.2616292734068679,2.3186116109482895,,,True
31,0,-265.54545478909785,0.0,2.226295586144658,,,True
31,1,-273.0730276110542,-7.527572821956369,1.8163598290322749,0.09113314312643145,0.08064400741075035,False
31,2,-277.64192412825065,-12.096469339152804,0.5386694108033153,0.5528251907717044,0.43069288287454416,False
31,3,-277.3950346034343,-11.849579814336437,0.41213966923405976,0.4004160013199861,0.3402204908422458,False
31,4,-277.1720406047575,-11.626585815659666,0.8044245802815574,0.7791452828151257,0.5168008941054684,False
31,5,-276.9927477930203,-11.447293003922482,1.2690226903872828,1.2666530509314489,0.8054131127856264,False
31,6,-276.96899269822177,-11.423537909123922,1.364057119370046,1.364066928403563,0.8810702011483642,False
31,7,-277.1470592845933,-11.601604495495451,0.8932377860965554,0.7918862694860151,0.5637811891050405,False
31,8,-273.9924189521534,-8.446964163055554,1.200356964301217,0.24123363609340087,0.1644754190056783,False
31,9,-265.8070840625047,-0.2616292734068679,2.3186116109482895,,,True
32,0,-265.54545478909785,0.0,2.226295586144658,,,True
32,1,-273.1101402587029,-7.564685469605081,1.8178305625760365,0.11577590132499004,0.08487700523367608,False
32,2,-277.6628865614416,-12.117431772343764,1.176441347721839,1.1184233584093761,0.718616308683913,False
32,3,-277.4381949719407,-11.892740182842829,1.0530648935672808,1.0315848241330154,0.6394138852538428,False
32,4,-277.1962777407781,-11.650822951680254,1.4961327872773773,1.4807979404393727,0.9731223567400685,False
32,5,-277.0255228633223,-11.480068074224448,1.7579407902350237,1.7570074261111022,1.1688157820471128,False
32,6,-277.008761364477,-11.463306575379136,1.7727298406617915,1.7727576951488322,1.1797605252207952,False
32,7,-277.1657743867998,-11.62031959770195,1.516319274978841,1.3208108946326966,0.8274268132709296,False
32,8,-274.03645361527674,-8.490998826178895,1.2288089401129403,0.19507236512438497,0.13407251812603024,False
32,9,-265.8070840625047,-0.2616292734068679,2.3186116109482895,,,True
33,0,-265.54545478909785,0.0,2.226295586144658,,,True
33,1,-273.1485287729163,-7.603073983818433,1.8185088395821536,0.13790365368884253,0.0945613104790551,False
33,2,-277.65889196390333,-12.113437174805483,1.7885282212381137,1.6383668298932785,1.0156345732723266,False
33,3,-277.4285367814339,-11.883081992336031,1.8324518158420169,1.8215365460925932,1.2340881011338733,False
33,4,-277.2050697592058,-11.659614970107953,2.0619064466986097,2.0589015268180275,1.3990132729017155,False
33,5,-277.07674514587757,-11.53129035677972,1.9866553150341315,1.9869228424471157,1.3247846004301944,False
33,6,-277.07175690532006,-11.526302116222212,1.9046227800172315,1.9045549671706248,1.2599375988263781,False
33,7,-277.17367312786934,-11.62821833877149,2.016537006955947,1.7473471842178419,1.1362387701389882,False
33,8,-274.0814129413145,-8.535958152216665,1.2587120848919646,0.1352455735399585,0.09465553468524965,False
33,9,-265.8070840625047,-0.2616292734068679,2.3186116109482895,,,True
34,0,-265.54545478909785,0.0,2.226295586144658,,,True
34,1,-273.18802465035645,-7.6425698612586075,1.8177686065533694,0.15001371108287434,0.1011390773279098,False
34,2,-277.6633139704755,-12.11785918137764,2.2041463478740972,1.9925323959248908,1.2358118819314146,False
34,3,-277.4083709328901,-11.862916143792233,2.4207142631035454,2.4204388099208427,1.6677817706894165,False
34,4,-277.23876415321456,-11.693309364116715,2.3094520802293386,2.3130010470496596,1.5694926395370432,False
34,5,-277.1596054689661,-11.61415067986826,1.8852707143417113,1.8862589150990958,1.2254575675929358,False
34,6,-277.1623547368928,-11.616899947794934,1.7270178634554805,1.7265025108493703,1.1013691125813805,False
34,7,-277.201989586468,-11.65653479737017,2.2503331052130373,1.9666984952119257,1.2939300570187593,False
34,8,-274.12681488039743,-8.581360091299587,1.2894091998712958,0.10187754064532843,0.07499311535772678,False
34,9,-265.8070840625047,-0.2616292734068679,2.3186116109482895,,,True
35,0,-265.54545478909785,0.0,2.226295586144658,,,True
35,1,-273.2276886400697,-7.682233850971841,1.8151912762662858,0.15240204125843274,0.11065621497380049,False
35,2,-277.7083376263625,-12.162882837264647,2.2891103798671635,2.082389113494127,1.2739900704294105,False
35,3,-277.4342681871509,-11.88881339805306,2.585022066633278,2.5890635977528857,1.7686663409828964,False
35,4,-277.31988832108647,-11.77443353198862,2.149013173472887,2.154068269582368,1.4247700078878915,False
35,5,-277.2618136434517,-11.71635885435387,1.5089153357142113,1.5104175108713107,0.9313855983304773,False
35,6,-277.26261675891476,-11.717161969816914,1.3210534042779492,1.3203241542951476,0.8065729331171122,False
35,7,-277.2702048908479,-11.724750101750033,2.141070184807282,1.914546792254238,1.2540919919874547,False
35,8,-274.17141124272837,-8.625956453630522,1.31974901618358,0.09138657622981362,0.0673963673199961,False
35,9,-265.8070840625047,-0.2616292734068679,2.3186116109482895,,,True
36,0,-265.54545478909785,0.0,2.226295586144658,,,True
36,1,-273.2665958124136,-7.721141023315738,1.8106198516717782,0.14640988620060066,0.11340545367544597,False
36,2,-277.7994848892727,-12.254030100174873,2.0264407692346107,1.883489344089963,1.1579289932200194,False
36,3,-277.5260063159086,-11.980551526810757,2.273493824428103,2.2783614522917612,1.5095753731021189,False
36,4,-277.4324261136545,-11.886971324556669,1.670515805726454,1.6772986270550425,1.056890129956254,False
36,5,-277.357923082199,-11.812468293101176,1.0037714588970266,1.0056280292870985,0.6719658638778859,False
36,6,-277.3490045510802,-11.803549761982367,0.8338966527239581,0.8339838871097257,0.5946880185838153,False
36,7,-277.37011050006276,-11.824655710964919,1.7396572597008677,1.6088476303626764,1.0361451352614264,False
36,8,-274.21410575169796,-8.668650962600111,1.34873716820076,0.08237102767878014,0.06615714265244368,False
36,9,-265.8070840625047,-0.2616292734068679,2.3186116109482895,,,True
37,0,-265.54545478909785,0.0,2.226295586144658,,,True
37,1,-273.3045954034348,-7.759140614336957,1.8040336036943647,0.13382205092278288,0.11340117978784388,False
37,2,-277.91360382120126,-12.368149032103418,1.5178175851599336,1.457089481991751,0.928763577713696,False
37,3,-277.6527008206344,-12.107246031536533,1.64333491529812,1.65018359937292,1.0450888513431025,False
37,4,-277.54270825265223,-11.997253463554387,1.0571423753298534,1.0662480772586997,0.7053212560340721,False
37,5,-277.432017659989,-11.886562870891169,0.52945999415941,0.5311388219143733,0.4403081186883501,False
37,6,-277.4111724616149,-11.865717672517064,0.4272827003456956,0.42741956154427385,0.37613805668422995,False
37,7,-277.4759638467421,-11.930509057644258,1.1799415307709544,1.136079883139621,0.7685953506391612,False
37,8,-274.25475144263146,-8.709296653533613,1.3760868145204388,0.12972820756971243,0.09121992281943322,False
37,9,-265.8070840625047,-0.2616292734068679,2.3186116109482895,,,True
38,0,-265.54545478909785,0.0,2.226295586144658,,,True
38,1,-273.3423583550299,-7.796903565932041,1.795372305334005,0.1246557800589154,0.11264622099597174,False
38,2,-278.01951578933574,-12.474061000237896,0.9092826315949245,0.9093720904239787,0.6151412727002642,False
38,3,-277.7701190032841,-12.224664214186248,0.9162341438475932,0.924960993094635,0.6382429401984591,False
38,4,-277.62851799485657,-12.08306320575872,0.49377288904255734,0.5020208227903634,0.4240129689967289,False
38,5,-277.48454608354507,-11.939091294447223,0.3612152988519206,0.36082584253254624,0.31267167155575726,False
38,6,-277.4537180389934,-11.908263249895526,0.3716949393288229,0.37153488328922185,0.3248798035106866,False
38,7,-277.56500256479046,-12.019547775692615,0.6108174214046682,0.6128792201830708,0.47335410006600864,False
38,8,-274.29410678556496,-8.748651996467117,1.4021417655460158,0.17419287418105717,0.1207984555050608,False
38,9,-265.8070840625047,-0.2616292734068679,2.3186116109482895,,,True
39,0,-265.54545478909785,0.0,2.226295586144658,,,True
39,1,-273.38103966669325,-7.835584877595409,1.7845232382786163,0.11608210997295615,0.10338781448957861,False
39,2,-278.0956360659419,-12.550181276844057,0.3842641304066084,0.3829965692142945,0.283052424814106,False
39,3,-277.8524712729344,-12.307016483836549,0.35378624573090245,0.3540346734200167,0.3152343415338979,False
39,4,-277.6867786909732,-12.141323901875353,0.35707994699018775,0.3580971340675727,0.31359075710234124,False
39,5,-277.5261124771813,-11.980657688083454,0.5345901159465147,0.5343422179828273,0.5124708079015501,False
39,6,-277.48865049817533,-11.943195709077486,0.5843565388607621,0.5840922123459438,0.5573424969725612,False
39,7,-277.6271859846815,-12.081731195583643,0.4376735428261509,0.4831358335542625,0.40847799579461447,False
39,8,-274.3334305890455,-8.787975799947674,1.427527469302245,0.2030579481794521,0.1439166310946731,False
39,9,-265.8070840625047,-0.2616292734068679,2.3186116109482895,,,True
40,0,-265.54545478909785,0.0,2.226295586144658,,,True
40,1,-273.4217850938725,-7.876330304774626,1.7715305127748342,0.1015918479227906,0.08657707198053392,False
40,2,-278.13680005035496,-12.591345261257118,0.42663090323588937,0.346970445759663,0.34351488363213295,False
40,3,-277.89845657405954,-12.353001784961691,0.5025651244210081,0.49953096618353987,0.4811380800658399,False
40,4,-277.72701250920505,-12.181557720107207,0.6489579354305298,0.6497573273119353,0.6075607352943204,False
40,5,-277.5687645350988,-12.023309746000962,0.7472470711847928,0.7480536032631567,0.6869212166571279,False
40,6,-277.52729788929514,-11.981843100197295,0.7673233863892628,0.7671100072915638,0.7027913341044546,False
40,7,-277.66462657584566,-12.119171786747813,0.5684244222691813,0.4978402253914856,0.4745358681043586,False
40,8,-274.3740069384345,-8.828552149336645,1.4527905903294078,0.21464756183072295,0.15517280026570773,False
40,9,-265.8070840625047,-0.2616292734068679,2.3186116109482895,,,True
41,0,-265.54545478909785,0.0,2.226295586144658,,,True
41,1,-273.46524719369495,-7.9197924045971035,1.756751734934391,0.08335826337443003,0.06410522246369386,False
41,2,-278.15201732443523,-12.606562535337389,0.7526729837850932,0.6850267580094723,0.581620204308964,False
41,3,-277.9218748220255,-12.376420032927626,0.8454252471536281,0.846490115389237,0.7546599275875138,False
41,4,-277.7614378395724,-12.215983050474563,0.891992119812213,0.8966906744473703,0.7889287680631489,False
41,5,-277.61962533644794,-12.074170547350093,0.8786525462392761,0.8807666743083702,0.7731359136407098,False
41,6,-277.5751080371357,-12.029653248037846,0.8693693652056532,0.8693296007809053,0.7652573253021449,False
41,7,-277.6862620618879,-12.140807272790028,0.8416268782266931,0.7827064471007056,0.6712762041581393,False
41,8,-274.41664014837636,-8.871185359278513,1.4781021922542283,0.20913067311308423,0.1540175040107122,False
41,9,-265.8070840625047,-0.2616292734068679,2.3186116109482895,,,True
42,0,-265.54545478909785,0.0,2.226295586144658,,,True
42,1,-273.51157773948506,-7.966122950387216,1.740809584874686,0.06491614832358546,0.04311302701191526,False
42,2,-278.1559599038818,-12.610505114783962,0.9843533343839092,0.9364152968523299,0.7060174748644518,False
42,3,-277.93881190125603,-12.393357112158185,1.0631313562778344,1.0682924979603865,0.8979006710172319,False
42,4,-277.79856787079353,-12.253113081695687,1.0297653582817037,1.0364883678326782,0.8658193297085426,False
42,5,-277.6797780439159,-12.13432325481807,0.9245566443095645,0.9279817124257554,0.776486732862202,False
42,6,-277.6315051304774,-12.086050341379575,0.8893606222481817,0.8893809958821199,0.7485809003818884,False
42,7,-277.7020640344216,-12.15660924532375,1.0091669530251204,0.965959625468107,0.7674847703566091,False
42,8,-274.46157600105107,-8.916121211953225,1.5032488016130194,0.18831181360197638,0.1411361609491813,False
42,9,-265.8070840625047,-0.2616292734068679,2.3186116109482895,,,True
43,0,-265.54545478909785,0.0,2.226295586144658,,,True
43,1,-273.56064274123776,-8.015187952139911,1.724518627004999,0.05145005901129635,0.03714750840625198,False
43,2,-278.161284440243,-12.615829651145134,1.1101791710059221,1.0814765538358926,0.7262791837139265,False
43,3,-277.9601201598157,-12.414665370717842,1.1660590689891805,1.1738528934368735,0.9319706895822603,False
43,4,-277.8415104136793,-12.29605562458147,1.0752357864451996,1.0817291537102565,0.8502954827922815,False
43,5,-277.7457160539343,-12.200261264836456,0.8910324668739823,0.895637928885385,0.6993677728223409,False
43,6,-277.6916819978785,-12.146227208780658,0.8313855864188688,0.8302045528724107,0.6521719172018685,False
43,7,-277.7197406940803,-12.174285904982469,1.0809523296908223,1.0535263395324015,0.7735715723031009,False
43,8,-274.5086872272195,-8.963232438121679,1.5277808045597052,0.15547320059091105,0.12879405519833736,False
43,9,-265.8070840625047,-0.2616292734068679,2.3186116109482895,,,True
44,0,-265.54545478909785,0.0,2.226295586144658,,,True
44,1,-273.61223083228776,-8.066776043189918,1.7087707222528083,0.054095319050456024,0.041360533050021395,False
44,2,-278.17563768024155,-12.630182891143704,1.159883199611524,1.147627071312738,0.7802305052269054,False
44,3,-277.9903201233211,-12.444865334223266,1.1874096011697484,1.1965725587600706,0.8782059530404703,False
44,4,-277.8890550647328,-12.34360027563497,1.0453481856610578,1.0502265826061745,0.7510196510297072,False
44,5,-277.8113174458847,-12.265862656786851,0.7857574947120134,0.7912126005495418,0.5619291093416012,False
44,6,-277.74859362511245,-12.203138836014602,0.7028132805196763,0.6987029326046744,0.5080677431024611,False
44,7,-277.7441901079516,-12.198735318853778,1.0809613775234346,1.067545986713277,0.7031909141030063,False
44,8,-274.5576777436014,-9.012222954503557,1.5511748433882424,0.13767008642809173,0.11794859374946273,False
44,9,-265.8070840625047,-0.2616292734068679,2.3186116109482895,,,True
45,0,-265.54545478909785,0.0,2.226295586144658,,,True
45,1,-273.66620142652016,-8.120746637422315,1.6943757409345865,0.06479253296697453,0.04546138015799285,False
45,2,-278.20259374217653,-12.657138953078686,1.1569022786487893,1.156998686177146,0.8508527685801417,False
45,3,-278.02993648807524,-12.48448169897739,1.1515976987493504,1.1614382092704851,0.773095640126786,False
45,4,-277.93763272604224,-12.392177936944393,0.952011604042632,0.9551510993140636,0.6508258785455485,False
45,5,-277.8698536845396,-12.324398895441732,0.6291605667680555,0.6345913798120767,0.4526085302461292,False
45,6,-277.7950533629803,-12.249598573882452,0.5335273753622183,0.528530283733938,0.38450746120586154,False
45,7,-277.7778473252622,-12.232392536164355,1.027013109326047,1.024318089420714,0.6508252849493845,False
45,8,-274.60824294782424,-9.062788158726391,1.5729565869674742,0.11799362439213937,0.10151906197282537,False
45,9,-265.8070840625047,-0.2616292734068679,2.3186116109482895,,,True
46,0,-265.54545478909785,0.0,2.226295586144658,,,True
46,1,-273.72254402059576,-8.177089231497916,1.681910622233887,0.07560566334651414,0.05145626394209955,False
46,2,-278.24307795240327,-12.697623163305423,1.1013810580536134,1.1092747315681761,0.867548795640921,False
46,3,-278.0775415953233,-12.532086806225436,1.0667882287389283,1.0770035172956605,0.7125075130109828,False
46,4,-277.98253297809765,-12.437078188999806,0.8091503372638028,0.8112878213181027,0.5744700508999773,False
46,5,-277.91599840160467,-12.370543612506822,0.49669735005744875,0.4997081290844357,0.40530892875605434,False
46,6,-277.8262786850231,-12.280823895925266,0.43714706541685044,0.434846575283114,0.3558161428671466,False
46,7,-277.8203346497844,-12.274879860686553,0.9258081923217591,0.9286079295507699,0.6550471450473722,False
46,8,-274.6601606452794,-9.114705856181558,1.5927553347093448,0.09199259451843174,0.07962263467293704,False
46,9,-265.8070840625047,-0.2616292734068679,2.3186116109482895,,,True
47,0,-265.54545478909785,0.0,2.226295586144658,,,True
47,1,-273.78139333372246,-8.235938544624616,1.671610173528973,0.08231132424076551,0.05757261594483527,False
47,2,-278.2947298464012,-12.74927505730335,0.9718881215504703,0.9836143562142345,0.8046424486216037,False
47,3,-278.1296035382402,-12.584148749142344,0.9297526852213379,0.9395881287492586,0.7189961459561354,False
47,4,-278.01855936479404,-12.473104575696198,0.6633750641717967,0.6647105451850145,0.5552731423758183,False
47,5,-277.94845867309675,-12.403003883998906,0.5460773122534712,0.5444638206631089,0.44663285433276245,False
47,6,-277.84293671105445,-12.297481921956603,0.5690504983807053,0.5705288734438367,0.46950429352360856,False
47,7,-277.8674104401583,-12.321955651060478,0.7828270652134921,0.7823105856454532,0.6142876503041904,False
47,8,-274.7133497541427,-9.167894965044866,1.6103057647600005,0.060462756344801194,0.052951776426780894,False
47,9,-265.8070840625047,-0.2616292734068679,2.3186116109482895,,,True
48,0,-265.54545478909785,0.0,2.226295586144658,,,True
48,1,-273.8430160366644,-8.297561247566534,1.663315056581467,0.08445960116809174,0.06293908427598642,False
48,2,-278.34985910356255,-12.804404314464705,0.7541895525029176,0.7661817927431472,0.638012176627394,False
48,3,-278.17905118012357,-12.63359639102572,0.7608194869405319,0.7670194610861774,0.6490025101813055,False
48,4,-278.0417487115453,-12.496293922447478,0.6406573500157872,0.6400766031813517,0.506980807809914,False
48,5,-277.97268350713847,-12.427228718040624,0.768480167180582,0.7652140895272943,0.7016080044172124,False
48,6,-277.8533275201496,-12.30787273105176,0.8167466129218479,0.8187668929798972,0.765438028190994,False
48,7,-277.91086160005705,-12.3654068109592,0.6420974085104191,0.6220811312371552,0.4955505462312489,False
48,8,-274.76790231014036,-9.222447521042511,1.6254094455426455,0.042288711263504294,0.03535064049508265,False
48,9,-265.8070840625047,-0.2616292734068679,2.3186116109482895,,,True
49,0,-265.54545478909785,0.0,2.226295586144658,,,True
49,1,-273.9077516203074,-8.362296831209562,1.6564787395917766,0.0887740207330823,0.06359321968687366,False
49,2,-278.39580784503426,-12.85035305593641,0.5249105560911693,0.5277650352649029,0.36506344655467643,False
49,3,-278.2161241468885,-12.670669357790644,0.6936286338768728,0.6904750971634496,0.5387391770011094,False
49,4,-278.053137170292,-12.507682381194172,0.824068109355523,0.8226546889932445,0.7676366281844146,False
49,5,-278.0008165816812,-12.455361792583346,0.991712777020591,0.9892128413652923,0.9546349863099374,False
49,6,-277.8714186252092,-12.325963836111328,1.011965390105561,1.0133701316391486,0.9757187010730395,False
49,7,-277.9416808767747,-12.396226087676837,0.6423045258019371,0.5886132603980729,0.49362896039767995,False
49,8,-274.82406480183164,-9.278610012733793,1.6378695568195931,0.04966576046651578,0.03578767829596104,False
49,9,-265.8070840625047,-0.2616292734068679,2.3186116109482895,,,True
50,0,-265.54545478909785,0.0,2.226295586144658,,,True
50,1,-273.9758150686147,-8.430360279516833,1.650254495355919,0.0920602496830066,0.06543919262654309,False
50,2,-278.421459947801,-12.876005158703151,0.5883430446466297,0.5647400194934026,0.5643807456415493,False
50,3,-278.23514372296927,-12.689688933871423,0.9028949561691595,0.8956637345881339,0.8702198707081604,False
50,4,-278.062145830741,-12.516691041643128,1.0819748643450546,1.0815285734293703,1.049741981002516,False
50,5,-278.0458468283097,-12.500392039211874,1.0982766756093933,1.097156303967674,1.0604653317626043,False
50,6,-277.90914004259844,-12.363685253500591,1.0659628859517722,1.0654179557526873,1.029637542086194,False
50,7,-277.95685622850453,-12.411401439406688,0.8548184747249784,0.7862053411883285,0.7795166262611146,False
50,8,-274.8820763371224,-9.336621548024539,1.6474099083838187,0.06010523996991221,0.042222129429940115,False
50,9,-265.8070840625047,-0.2616292734068679,2.3186116109482895,,,True
51,0,-265.54545478909785,0.0,2.226295586144658,,,True
51,1,-274.0469756599317,-8.501520870833872,1.643668836317223,0.0943562111901262,0.06691103751066657,False
51,2,-278.4274542205626,-12.881999431464749,0.9383431542718049,0.8988234912403243,0.7958625991453131,False
51,3,-278.2441654736683,-12.698710684570472,1.2465136193242257,1.2437477393466907,1.179129173464025,False
51,4,-278.0839505197754,-12.538495730677539,1.2476977857377654,1.2477186980914594,1.1746565623942244,False
51,5,-278.1121570283542,-12.566702239256358,1.0375154825927593,1.0375537877734242,0.9950331964715258,False
51,6,-277.96762537415657,-12.422170585058723,0.9545532018024344,0.9491985365283603,0.9172844091608802,False
51,7,-277.9650220773802,-12.419567288282337,1.1172728493970625,1.0514725978865807,0.9824723238893741,False
51,8,-274.9418648655301,-9.396410076432232,1.6536397627932067,0.0804816710524301,0.0658753440336293,False
51,9,-265.8070840625047,-0.2616292734068679,2.3186116109482895,,,True
52,0,-265.54545478909785,0.0,2.226295586144658,,,True
52,1,-274.12033146759995,-8.574876678502108,1.6358163789800553,0.09587851894326489,0.06782859574036285,False
52,2,-278.42995071565065,-12.884495926552802,1.2467818417588328,1.2016249392144167,0.9394248007907325,False
52,3,-278.2649444715522,-12.719489682454366,1.4738325278139646,1.475727541388138,1.310248878970428,False
52,4,-278.12860331226284,-12.583148523164994,1.22093934510007,1.220867465767191,1.106617193114609,False
52,5,-278.19095952640384,-12.645504737305998,0.8218989808634709,0.8223250002283619,0.7839846963760899,False
52,6,-278.0358415281081,-12.490386739010262,0.7107363705448306,0.6993967154979899,0.6789251371596389,False
52,7,-277.9830119085147,-12.437557119416851,1.256746245769334,1.202961009532883,1.0490867749610129,False
52,8,-275.0028041547844,-9.457349365686582,1.6561521791724143,0.10509856915440668,0.08652789284215462,False
52,9,-265.8070840625047,-0.2616292734068679,2.3186116109482895,,,True
53,0,-265.54545478909785,0.0,2.226295586144658,,,True
53,1,-274.19459907223654,-8.649144283138696,1.625989583497058,0.09682035188729692,0.0683344316843329,False
53,2,-278.4496557501924,-12.904200961094546,1.3433832471218894,1.303469853713449,0.9444698612082142,False
53,3,-278.31499974247635,-12.7695449533785,1.4375311457594242,1.4429949314023907,1.2120460453453803,False
53,4,-278.1909459294968,-12.645491140398974,0.9944291650962516,0.9945659656840022,0.8686350349711639,False
53,5,-278.2658290509911,-12.720374261893255,0.5117722196565623,0.511666779858128,0.488831581504677,False
53,6,-278.0987736737809,-12.553318884683051,0.4021719007730342,0.3864382624957905,0.38126620393737964,False
53,7,-278.0223439584283,-12.476889169330434,1.18702465310787,1.151188146957784,0.95468081504788,False
53,8,-275.06391149921456,-9.518456710116709,1.6547342539491077,0.12061575133435984,0.09938322530191504,False
53,9,-265.8070840625047,-0.2616292734068679,2.3186116109482895,,,True
54,0,-265.54545478909785,0.0,2.226295586144658,,,True
54,1,-274.2689097750957,-8.723454985997876,1.6136802401806192,0.0973320973845502,0.07227168704179726,False
54,2,-278.4938349790548,-12.948380189956936,1.1849949843487493,1.1598204743300324,0.7972622878088895,False
54,3,-278.38887776973775,-12.8434229806399,1.1396967647631326,1.1476624592607907,0.912882638712251,False
54,4,-278.2541915387268,-12.70873674962894,0.6497592110354008,0.651392659988575,0.5299352162029638,False
54,5,-278.3240772151137,-12.77862242601583,0.23878917856564147,0.2384091269722098,0.18420384382828306,False
54,6,-278.1473865061348,-12.601931717036962,0.2503381357172506,0.244876789548008,0.19190800359369828,False
54,7,-278.0789024775454,-12.533447688447552,0.9208462575000991,0.9032726117065495,0.721254822252755,False
54,8,-275.1244818402105,-9.579027051112632,1.6494710407444892,0.1262581004413511,0.10378532687148034,False
54,9,-265.8070840625047,-0.2616292734068679,2.3186116109482895,,,True
55,0,-265.54545478909785,0.0,2.226295586144658,,,True
55,1,-274.3434708657551,-8.798016076657234,1.598453074932481,0.09751436761704906,0.07558777747559041,False
55,2,-278.5510666534328,-13.00561186433498,0.8297984135067834,0.821510254153113,0.5615461996627521,False
55,3,-278.4632789709022,-12.917824181804349,0.6700699710168362,0.6789983162906378,0.5003248550864902,False
55,4,-278.303602787071,-12.75814799797314,0.2770446799996638,0.28082293036988876,0.21251747260933454,False
55,5,-278.3632009331154,-12.817746144017576,0.24769657225756359,0.24670333601515032,0.1932300126502069,False
55,6,-278.182082865475,-12.636628076377178,0.25805806171129364,0.2526903135099498,0.19774283333621764,False
55,7,-278.13775128652253,-12.592296497424684,0.5366987433576508,0.5334782420780388,0.4050921315654083,False
55,8,-275.18461927478245,-9.639164485684603,1.6406125093655584,0.12226515283955465,0.09992875454502145,False
55,9,-265.8070840625047,-0.2616292734068679,2.3186116109482895,,,True
56,0,-265.54545478909785,0.0,2.226295586144658,,,True
56,1,-274.4195999109331,-8.874145121835227,1.5798665474943265,0.09909633887071116,0.07809717977416097,False
56,2,-278.60246395870706,-13.057009169609216,0.39579525024197343,0.3962489542372713,0.3297072865587457,False
56,3,-278.5177314663565,-12.972276677258662,0.27397093987774984,0.2730532039708668,0.19491167035788723,False
56,4,-278.3354408177869,-12.789986028689043,0.26389857471285,0.2670006271986025,0.21615062980878708,False
56,5,-278.3895303737127,-12.84407558461487,0.38030525575368634,0.37978307681741885,0.32364145612816353,False
56,6,-278.20995895706875,-12.664504167970904,0.3959836586449934,0.4126737867847269,0.35358915844763306,False
56,7,-278.1855666130516,-12.64011182395376,0.29583013387508256,0.297724047604765,0.20191434199793235,False
56,8,-275.24526006388294,-9.699805274785092,1.6283599555782406,0.10957404272810103,0.08858937654924486,False
56,9,-265.8070840625047,-0.2616292734068679,2.3186116109482895,,,True
57,0,-265.54545478909785,0.0,2.226295586144658,,,True
57,1,-274.4990232503287,-8.953568461230873,1.5577424367996084,0.10311348801605508,0.07971219538733396,False
57,2,-278.63579977109964,-13.090344982001795,0.2812713712070613,0.2862711684726036,0.2505351217709855,False
57,3,-278.54810157335044,-13.00264678425259,0.3427992346114765,0.34323048620459295,0.30358974284643936,False
57,4,-278.3565162942938,-12.811061505195937,0.47966025913636023,0.4799646244717126,0.4221752924184728,False
57,5,-278.41313786727505,-12.867683078177208,0.534228681537399,0.5312003238661059,0.46970617932483727,False
57,6,-278.2399225711651,-12.69446778206725,0.5134674618806019,0.527054826078755,0.4688920603968038,False
57,7,-278.21842509680135,-12.672970307703508,0.287683531314508,0.29230075586398163,0.2507693412934978,False
57,8,-275.3076290222043,-9.762174233106464,1.6127765168078585,0.09017135466878967,0.07142391780950323,False
57,9,-265.8070840625047,-0.2616292734068679,2.3186116109482895,,,True
58,0,-265.54545478909785,0.0,2.226295586144658,,,True
58,1,-274.58267828661496,-9.037223497517118,1.5381956890215598,0.10596169837135805,0.08038460938781229,False
58,2,-278.6519861105703,-13.10653132147246,0.49413458672439986,0.47308675958994867,0.37681059057898114,False
58,3,-278.5652578685589,-13.019803079461042,0.659633907349708,0.6620090508518273,0.583552350333109,False
58,4,-278.3777296002004,-12.832274811102536,0.6737713126778093,0.6752234941033921,0.5967874677742426,False
58,5,-278.4421934424862,-12.896738653388354,0.6064164348817382,0.5996499776192521,0.5412899454631092,False
58,6,-278.27797204204444,-12.732517252946593,0.5545067178702465,0.5640966191734605,0.5135857700694937,False
58,7,-278.2416721087129,-12.696217319615073,0.5558008972273644,0.5422506436098425,0.4577459845817385,False
58,8,-275.3723297799089,-9.826874990811064,1.5939275121044911,0.08461157892759785,0.055173982052448424,False
58,9,-265.8070840625047,-0.2616292734068679,2.3186116109482895,,,True
59,0,-265.54545478909785,0.0,2.226295586144658,,,True
59,1,-274.6703684930278,-9.124913703929963,1.5613622365119786,0.10736921611609107,0.07995096635709513,False
59,2,-278.6609633012043,-13.11550851210643,0.7410550030899655,0.7246458929418059,0.5656741155489967,False
59,3,-278.584733630125,-13.03927884102717,0.8644112063714771,0.8684807810382489,0.7608858850973429,False
59,4,-278.40793064541776,-12.862475856319918,0.7703521913500502,0.7725393442404587,0.6862239282134363,False
59,5,-278.48063823639245,-12.935183447294605,0.6043247289966368,0.5897515603132902,0.543026287920179,False
59,6,-278.3257156209113,-12.78026083181345,0.525412454049943,0.5307845276810651,0.4936384837478367,False
59,7,-278.26466704723055,-12.7192122581327,0.7313875951864042,0.7197807377939807,0.6069156121392553,False
59,8,-275.4390978981445,-9.89364310904665,1.5721104719255925,0.07976670329582732,0.052434604086317005,False
59,9,-265.8070840625047,-0.2616292734068679,2.3186116109482895,,,True
60,0,-265.54545478909785,0.0,2.226295586144658,,,True
60,1,-274.7610487144715,-9.21559392537364,1.5836058483261541,0.10682866624315347,0.07807711180247048,False
60,2,-278.6740652774257,-13.128610488327865,0.884453481864612,0.8724158979183949,0.6729203669804242,False
60,3,-278.6180550469297,-13.07260025783188,0.9558307082928995,0.9605920886716177,0.8408324436290636,False
60,4,-278.45084074899626,-12.90538595989841,0.7725179540584142,0.775007698995407,0.6943237422457295,False
60,5,-278.5280735559669,-12.982618766869052,0.6493165202907508,0.5107215463995912,0.48198747573830725,False
60,6,-278.3808521768343,-12.835397387736464,0.4376040350368208,0.4395301610685986,0.4174991260628667,False
60,7,-278.2954734793645,-12.750018690266643,0.8093174962831091,0.7992062335877793,0.6744554262972962,False
60,8,-275.5070516743014,-9.961596885203562,1.547944471641862,0.06935000388562562,0.04511886779855504,False
60,9,-265.8070840625047,-0.2616292734068679,2.3186116109482895,,,True
61,0,-265.54545478909785,0.0,2.226295586144658,,,True
61,1,-274.8533032935003,-9.307848504402443,1.603520161294361,0.1036668412815606,0.07431008208704641,False
61,2,-278.6987507366772,-13.153295947579352,0.9256305691145444,0.9169652082460965,0.7004694654595748,False
61,3,-278.66888432655736,-13.123429537459515,0.9423164589701961,0.9471778871028275,0.8311020334990697,False
61,4,-278.5042766659713,-12.958821876873458,0.6853569292046446,0.6879365131890448,0.6261963244738814,False
61,5,-278.5805261693353,-13.035071380237468,0.6565278195818287,0.4196987558543491,0.4163214815194753,False
61,6,-278.43863112107164,-12.893176331973791,0.3262943968284191,0.3149740058768116,0.29796436915786995,False
61,7,-278.33760651079257,-12.792151721694722,0.794023645770425,0.7844382304864367,0.6638700531483215,False
61,8,-275.57508130374435,-10.029626514646509,1.5222570753489182,0.05365679306460754,0.03874909983958283,False
61,9,-265.8070840625047,-0.2616292734068679,2.3186116109482895,,,True
62,0,-265.54545478909785,0.0,2.226295586144658,,,True
62,1,-274.94592355771954,-9.400468768621693,1.619689933035308,0.09717867456548351,0.06817484782437963,False
62,2,-278.7365800051601,-13.191125216062233,0.8671571258368455,0.8605671428345878,0.6508748252242801,False
62,3,-278.7329623886712,-13.187507599573337,0.8271112075021149,0.832010789554492,0.7362669395223329,False
62,4,-278.56146618814034,-13.016011399042497,0.5183155119501272,0.5208613042028365,0.48924766182464235,False
62,5,-278.6324673381859,-13.087012549088058,0.6258136014040483,0.4120914117697966,0.4042335940710874,False
62,6,-278.49428011940574,-12.948825330307898,0.35062558689037054,0.33660348188054706,0.2945078951581396,False
62,7,-278.3890392690115,-12.843584479913659,0.6895931485044884,0.6792539135149323,0.5797731644141353,False
62,8,-275.6422895281171,-10.096834739019243,1.4958287224609608,0.041736986757411526,0.039804295426017405,False
62,9,-265.8070840625047,-0.2616292734068679,2.3186116109482895,,,True
63,0,-265.54545478909785,0.0,2.226295586144658,,,True
63,1,-275.0383408590591,-9.49288606996123,1.6308461346761758,0.08675978469541303,0.05948861676011864,False
63,2,-278.78347297115613,-13.238018182058283,0.7072910086361172,0.7016946216689063,0.5253451764508912,False
63,3,-278.80022790488425,-13.254773115786406,0.6114110684812158,0.6150814009953531,0.5581560198300065,False
63,4,-278.6140269931458,-13.068572204047939,0.29934185918326706,0.3015053070006295,0.296616381992254,False
63,5,-278.6795754868091,-13.13412069771124,0.5645502528273175,0.3770767618274568,0.3621675260222758,False
63,6,-278.5453068875802,-12.999852098482336,0.3734143536688541,0.35654288269974443,0.3093861472771838,False
63,7,-278.4432787042399,-12.897823915142055,0.502090049005721,0.48936849188518705,0.42880001739730184,False
63,8,-275.70830374042515,-10.162848951327305,1.4691452327187113,0.04198209424469631,0.0406061217948499,False
63,9,-265.8070840625047,-0.2616292734068679,2.3186116109482895,,,True
64,0,-265.54545478909785,0.0,2.226295586144658,,,True
64,1,-275.1307697193058,-9.585314930207971,1.6358768103169803,0.0720266338241613,0.0518034544826204,False
64,2,-278.8312689250948,-13.28581413599693,0.44908223863318353,0.44431203471491715,0.32862855809075303,False
64,3,-278.85822309272794,-13.312768303630094,0.3127693360844348,0.3154022961590738,0.3075837050130868,False
64,4,-278.655714661462,-13.110259872364168,0.23674957923363743,0.2364977582230129,0.2023223950209266,False
64,5,-278.72082761564155,-13.175372826543708,0.48475174424409734,0.3321564410896216,0.3085534893255245,False
64,6,-278.59239952849873,-13.046944739400885,0.39480444438489,0.37452630314038116,0.32468538482281567,False
64,7,-278.49208373940957,-12.94662895031172,0.28540509884365817,0.25016910434040024,0.24873634137846526,False
64,8,-275.7733644834855,-10.227909694387677,1.4422598031701088,0.042255949053389,0.04110114467953885,False
64,9,-265.8070840625047,-0.2616292734068679,2.3186116109482895,,,True
65,0,-265.54545478909785,0.0,2.226295586144658,,,True
65,1,-275.22406731842784,-9.678612529329996,1.6337542954155941,0.05409633556212348,0.041120211359317566,False
65,2,-278.87088714849153,-13.325432359393687,0.27608601691192436,0.22171081312135688,0.1665273589681702,False
65,3,-278.89713769053344,-13.351682901435595,0.24923704936761998,0.24865815823553378,0.19512327195213366,False
65,4,-278.6857736057011,-13.14031881660327,0.35977794732908,0.3592227760586238,0.25826026598622226,False
65,5,-278.75855957223837,-13.213104783140523,0.4047180766529891,0.40265300386559255,0.2874221347313219,False
65,6,-278.6384709974142,-13.093016208316328,0.4167169133421191,0.39216561639174863,0.33832799427466725,False
65,7,-278.5293785454438,-12.983923756345973,0.2983282796156357,0.2621702509714098,0.254876081910546,False
65,8,-275.8382077322427,-10.292752943144876,1.4147573118973504,0.042433789960448845,0.04125459688669686,False
65,9,-265.8070840625047,-0.2616292734068679,2.3186116109482895,,,True
66,0,-265.54545478909785,0.0,2.226295586144658,,,True
66,1,-275.31915696697,-9.773702177872167,1.6235495407142224,0.03824297326630914,0.027956367324139413,False
66,2,-278.89765398423015,-13.3521991951323,0.3319639860480259,0.3593482242954684,0.23792043573380872,False
66,3,-278.91600177661246,-13.370546987514615,0.4968481705820808,0.49593183998023566,0.3419829766733393,False
66,4,-278.70964090087455,-13.1641861117767,0.5512444994524159,0.5512744505453365,0.3759877097049565,False
66,5,-278.7959362955547,-13.250481506456879,0.43630837622343105,0.42798531345593177,0.3069919550339379,False
66,6,-278.6863150577401,-13.140860268642257,0.44527933871453196,0.4128285295283658,0.3616853939328941,False
66,7,-278.5551422309376,-13.00968744183973,0.4205477939797254,0.4280401459122796,0.2995348785891533,False
66,8,-275.90363864457044,-10.35818385547259,1.3858925167516174,0.04660843096519,0.04340264656849539,False
66,9,-265.8070840625047,-0.2616292734068679,2.3186116109482895,,,True
67,0,-265.54545478909785,0.0,2.226295586144658,,,True
67,1,-275.416247207432,-9.870792418334133,1.6047403567330605,0.037928586544924335,0.031138294092736024,False
67,2,-278.915816483125,-13.370361694027167,0.6502874670524404,0.6791107060337329,0.4245509731575655,False
67,3,-278.92526520995597,-13.37981042085812,0.7829617600191241,0.7831500006616605,0.5294672667044199,False
67,4,-278.73528814661927,-13.189833357521422,0.6410704099814176,0.6415702040071423,0.4352348576161898,False
67,5,-278.83434913919723,-13.288894350099383,0.3854594006427379,0.37585653080063897,0.27807266340595405,False
67,6,-278.73718915185236,-13.191734362754516,0.4922731156910358,0.4422048274255821,0.3954927097395793,False
67,7,-278.57621033076634,-13.030755541668498,0.6408914619419704,0.6477090045624443,0.43303749542861814,False
67,8,-275.9699648598946,-10.42451007079677,1.3549655351545242,0.05417433986061193,0.04948565568814901,False
67,9,-265.8070840625047,-0.2616292734068679,2.3186116109482895,,,True
68,0,-265.54545478909785,0.0,2.226295586144658,,,True
68,1,-275.51456884144125,-9.9691140523434,1.5777470402766947,0.037291819982681794,0.03449093006966249,False
68,2,-278.93664155203714,-13.391186762939299,0.8510075771688547,0.8786856342633969,0.5610569758395002,False
68,3,-278.94114498852827,-13.395690199430419,0.9133718233359442,0.9142379185971119,0.6576502379742685,False
68,4,-278.76837549557786,-13.22292070648001,0.6068727871692777,0.6075950378551005,0.44968094222183413,False
68,5,-278.8739329958981,-13.328478206800241,0.4091692006622638,0.40380587044446054,0.32170748826353557,False
68,6,-278.79161922354257,-13.246164434444722,0.5345957442548831,0.48033524869659955,0.4254719875347058,False
68,7,-278.6023178581833,-13.056863069085466,0.7404150833846347,0.7456976170331145,0.4950638810095632,False
68,8,-276.0368021289993,-10.491347339901438,1.3216114625313307,0.05583877328832682,0.0506141680743407,False
68,9,-265.8070840625047,-0.2616292734068679,2.3186116109482895,,,True
69,0,-265.54545478909785,0.0,2.226295586144658,,,True
69,1,-275.6126528339315,-10.067198044833674,1.5443194686923352,0.0627838814247498,0.045408892985249846,False
69,2,-278.96976130641673,-13.424306517318882,0.8723908936313817,0.9002076494176547,0.5801522302559313,False
69,3,-278.97457137121256,-13.429116582114716,0.8538264446003134,0.8550557237038179,0.650398696807687,False
69,4,-278.8100495368501,-13.264594747752255,0.5508087031752953,0.5512538327963692,0.39195056532796735,False
69,5,-278.91563114091724,-13.370176351819396,0.5110477768926842,0.5066386911732734,0.3711687304687957,False
69,6,-278.8497842382688,-13.30432944917095,0.5413111067347743,0.4894467112049732,0.4238287749375176,False
69,7,-278.6399506528536,-13.094495863755753,0.696186532955016,0.7005747090518376,0.4716359364962902,False
69,8,-276.10325197792173,-10.557797188823884,1.2858674702072577,0.052283285052454456,0.047472021714693634,False
69,9,-265.8070840625047,-0.2616292734068679,2.3186116109482895,,,True
70,0,-265.54545478909785,0.0,2.226295586144658,,,True
70,1,-275.7090089513291,-10.163554162231264,1.5073259287060141,0.08594620897602862,0.060413049049966666,False
70,2,-279.01470915116204,-13.469254362064191,0.7170295667427596,0.7452276182422922,0.4800636621649706,False
70,3,-279.02409682889333,-13.478642039795488,0.6403139023479222,0.6417358897015455,0.5271699778720154,False
70,4,-278.85842756546333,-13.312972776365484,0.5953320767719702,0.5956482084506001,0.4102117578489119,False
70,5,-278.9621606921262,-13.416705903028344,0.5677217748704241,0.5642893693651485,0.38897466230042027,False
70,6,-278.9100941219062,-13.364639332808338,0.5387325351208887,0.5413773857749844,0.3740097558046459,False
70,7,-278.6889553629885,-13.143500573890663,0.5318482773843116,0.535584684042757,0.37324753937345995,False
70,8,-276.1683517073652,-10.622896918267372,1.2480557388581335,0.05487007039766628,0.04973422570600213,False
70,9,-265.8070840625047,-0.2616292734068679,2.3186116109482895,,,True
71,0,-265.54545478909785,0.0,2.226295586144658,,,True
71,1,-275.80278321203014,-10.25732842293229,1.469949813857505,0.10169829484181597,0.06897913766864473,False
71,2,-279.06161362853396,-13.516158839436116,0.4464544316330319,0.4716950953605837,0.2994846131078144,False
71,3,-279.0797647980046,-13.534310008906743,0.5761521436676942,0.5750619878299082,0.4021405506017483,False
71,4,-278.9116853493832,-13.366230560285373,0.5780441090347138,0.5781890561400643,0.40176739429059394,False
71,5,-279.0167154467118,-13.471260657613982,0.5667416431553433,0.5640129847760278,0.40686965858464386,False
71,6,-278.9677679966509,-13.422313207553032,0.5360993064350021,0.5386190682934947,0.3769204297389858,False
71,7,-278.7448760855111,-13.199421296413277,0.4703617609947655,0.45278911140200756,0.33664808092848225,False
71,8,-276.2315294728762,-10.686074683778372,1.2085661559584422,0.05756552156535797,0.05244026027032864,False
71,9,-265.8070840625047,-0.2616292734068679,2.3186116109482895,,,True
72,0,-265.54545478909785,0.0,2.226295586144658,,,True
72,1,-275.89390175352526,-10.34844696442741,1.4348492689702588,0.10780048131194835,0.06972305042344705,False
72,2,-279.09983243945817,-13.554377650360323,0.2457237436084134,0.18514285498471214,0.16617443490960543,False
72,3,-279.13241377618124,-13.586958987083392,0.4697387662911101,0.4684004087271719,0.3257244622099498,False
72,4,-278.9696983346782,-13.424243545580339,0.5031472449421536,0.5031180058506819,0.38705804741117467,False
72,5,-279.0802831809119,-13.534828391814074,0.5086869269122534,0.5061364530192076,0.39278876674242486,False
72,6,-279.015799858548,-13.470345069450161,0.48007299057208125,0.48212462104610815,0.338021133598448,False
72,7,-278.80375735970154,-13.25830257060369,0.5026253047072818,0.45204717324606924,0.36387269481338813,False
72,8,-276.2927317949833,-10.74727700588545,1.1677259705699798,0.06020309942910276,0.055087646497529966,False
72,9,-265.8070840625047,-0.2616292734068679,2.3186116109482895,,,True
73,0,-265.54545478909785,0.0,2.226295586144658,,,True
73,1,-275.9827507007014,-10.437295911603542,1.4036531845735396,0.10364124826110616,0.06231596775674651,False
73,2,-279.1250976882154,-13.579642899117573,0.25047599525333164,0.20665510769767304,0.17151787598531773,False
73,3,-279.17905864139857,-13.633603852300723,0.34649080015788336,0.34502841255185546,0.30794262400586725,False
73,4,-279.03367806799383,-13.488223278895987,0.46217114933716674,0.46682885899000537,0.4234416365562628,False
73,5,-279.14952031594373,-13.604065526845886,0.4062874086227401,0.4036221192904991,0.3201136657399132,False
73,6,-279.04853494564986,-13.503080156552016,0.4425493038434424,0.49730233285106823,0.35175674831286163,False
73,7,-278.8644997646429,-13.319044975545069,0.5291577236271435,0.45952921372059247,0.38163393652865985,False
73,8,-276.3522391603052,-10.806784371207357,1.1258265332019186,0.06284036157162293,0.05771441006649906,False
73,9,-265.8070840625047,-0.2616292734068679,2.3186116109482895,,,True
74,0,-265.54545478909785,0.0,2.226295586144658,,,True
74,1,-276.0697385123141,-10.524283723216229,1.3768282363763766,0.09038472947060065,0.05761310519037154,False
74,2,-279.1402725029156,-13.594817713817747,0.39302565066506,0.3896372053121422,0.2633799322683952,False
74,3,-279.22226164384904,-13.676806854751192,0.5078416321088409,0.5079919791242363,0.39286478440687783,False
74,4,-279.104948811713,-13.559494022615127,0.5030259903766525,0.5029569034179067,0.4562354570986402,False
74,5,-279.21690171624675,-13.671446927148907,0.3852344042839976,0.35034209338064537,0.29593513286213236,False
74,6,-279.0670824695999,-13.521627680502036,0.8195960059383743,0.8664620102108503,0.6772563526274219,False
74,7,-278.92765765599927,-13.382202866901423,0.5323121518181971,0.44296125016419163,0.3737706287913813,False
74,8,-276.41038483767284,-10.86493004857499,1.0832198251161138,0.06555553259350844,0.060383396038872855,False
74,9,-265.8070840625047,-0.2616292734068679,2.3186116109482895,,,True
75,0,-265.54545478909785,0.0,2.226295586144658,,,True
75,1,-276.15499999738154,-10.609545208283691,1.3538803361991092,0.07101882361795918,0.05046672147865393,False
75,2,-279.1518237428105,-13.60636895371266,0.5378231700548026,0.5378961281517529,0.36771255264472047,False
75,3,-279.26663772033373,-13.721182931235887,0.6038950836399053,0.6067097902106197,0.4198590214663565,False
75,4,-279.1835305540628,-13.63807576496498,0.5246967265496416,0.5200513750989421,0.4693879139456701,False
75,5,-279.27351601043404,-13.72806122133619,0.37015610797439,0.3609268123430243,0.3007916166970037,False
75,6,-279.0829811665891,-13.537526377491247,1.131947913279912,1.1710203468284575,0.9450027441686734,False
75,7,-278.99261395926976,-13.447159170171915,0.4865282719216963,0.47994688634045013,0.3229431965237299,False
75,8,-276.4673426905205,-10.921887901422679,1.0403935242342837,0.06843238839749033,0.06316398476684196,False
75,9,-265.8070840625047,-0.2616292734068679,2.3186116109482895,,,True
76,0,-265.54545478909785,0.0,2.226295586144658,,,True
76,1,-276.2383620916796,-10.692907302581773,1.3337060753679584,0.05101675380195897,0.04560800271133768,False
76,2,-279.1660430649268,-13.620588275828936,0.6063901631610609,0.6064582330470073,0.4185924771278285,False
76,3,-279.31576586961586,-13.770311080518013,0.6269827514529198,0.6327196648601187,0.39662263498725375,False
76,4,-279.26654948893247,-13.721094699834623,0.49520421292520245,0.49150883039642307,0.43824698244900345,False
76,5,-279.3130990810282,-13.767644291930367,0.40979468484217296,0.422646759510328,0.31314617690282465,False
76,6,-279.1128599301477,-13.567405141049846,1.2686026579654186,1.3026874796025067,1.064644721869037,False
76,7,-279.05569294260306,-13.510238153505213,0.5014516031092119,0.5018599258309927,0.3169883689076513,False
76,8,-276.5230766475796,-10.977621858481768,0.9979727767429363,0.07153992960371792,0.06611043705278623,False
76,9,-265.8070840625047,-0.2616292734068679,2.3186116109482895,,,True
77,0,-265.54545478909785,0.0,2.226295586144658,,,True
77,1,-276.319560513131,-10.774105724033177,1.3148624697120002,0.05166446979162416,0.04860912359779184,False
77,2,-279.18689713528414,-13.641442346186295,0.601044651593193,0.5999333201609596,0.4183682503811717,False
77,3,-279.37064290467265,-13.825188115574804,0.5808414959247203,0.5889613096700176,0.40566413977034727,False
77,4,-279.3471181529087,-13.80166336381086,0.3832631694265027,0.3922323659918407,0.34025772244087804,False
77,5,-279.33595206016713,-13.790497271069285,0.7260173447565827,0.7323066559400139,0.5707332487745395,False
77,6,-279.1647616582495,-13.619306869151671,1.1778817117155165,1.2072549220107571,0.9931979087863351,False
77,7,-279.1106536021069,-13.565198813009033,0.4708618454400806,0.4660372345065187,0.32024017496154067,False
77,8,-276.5774632787256,-11.032008489627742,0.9566130927863405,0.07492223299025552,0.06925252247873512,False
77,9,-265.8070840625047,-0.2616292734068679,2.3186116109482895,,,True
78,0,-265.54545478909785,0.0,2.226295586144658,,,True
78,1,-276.39855459477826,-10.853099805680415,1.2957157066225273,0.05619424002146579,0.052554396313603105,False
78,2,-279.2152723610386,-13.669817571940769,0.5276951954520647,0.5240292752330767,0.37060460534004613,False
78,3,-279.4293645406969,-13.883909751599049,0.4724876948756652,0.4823335585859424,0.36519671902842726,False
78,4,-279.4149692890045,-13.869514499906643,0.3578309997404756,0.3576500825625627,0.2612487119732418,False
78,5,-279.3509603455435,-13.805505556445667,1.0076256617410257,1.0088583122624943,0.8239708877415443,False
78,6,-279.2302203882725,-13.684765599174682,0.8988971470214979,0.9193225819137671,0.7615866300276074,False
78,7,-279.15120249605553,-13.605747706957686,0.3927879006667159,0.3838039090118197,0.28979036659287094,False
78,8,-276.6304952788283,-11.085040489730432,0.9168156682702058,0.07860419594531723,0.07260292830418823,False
78,9,-265.8070840625047,-0.2616292734068679,2.3186116109482895,,,True
79,0,-265.54545478909785,0.0,2.226295586144658,,,True
79,1,-276.475700087571,-10.930245298473153,1.2745384802142259,0.07020884427256403,0.0629116146585946,False
79,2,-279.249091750033,-13.703636960935171,0.3977423483703273,0.43434498143522526,0.32990608705221774,False
79,3,-279.48771536620126,-13.942260577103411,0.4389337495758881,0.36999576686427565,0.30031208043631463,False
79,4,-279.45939991722173,-13.913945128123885,0.3805472105259181,0.3803153714785095,0.26745865303725747,False
79,5,-279.3720317606417,-13.82657697154383,1.1616631124455776,1.1554193092113991,0.9643317862151678,False
79,6,-279.2913507426124,-13.745895953514548,0.5292061655280795,0.5358962420297896,0.45082491202646274,False
79,7,-279.1742554213755,-13.62880063227766,0.5736383343617237,0.5991292863967616,0.42062466847080604,False
79,8,-276.68240579946155,-11.136951010363703,0.8787824599384443,0.08260634684414787,0.07617337056479566,False
79,9,-265.8070840625047,-0.2616292734068679,2.3186116109482895,,,True
80,0,-265.54545478909785,0.0,2.226295586144658,,,True
80,1,-276.55167698166974,-11.006222192571897,1.2496151302630627,0.08538777513992397,0.07707571230608842,False
80,2,-279.2841893372521,-13.738734548154241,0.34172711126750555,0.3892345939874053,0.3085664657256837,False
80,3,-279.54069271904416,-13.995237929946313,0.4823707885091964,0.3957419034988456,0.3153066781749808,False
80,4,-279.4738969147543,-13.928442125656431,0.669068595503906,0.66187243504714,0.5165142199465029,False
80,5,-279.40797665864034,-13.86252186954249,1.1307591719155654,1.1167772101442202,0.9453402402723893,False
80,6,-279.3336598109664,-13.788205021868578,0.31631131227255843,0.252344348934514,0.24059713361779886,False
80,7,-279.1827950779849,-13.63734028888706,0.8772813605464775,0.8606459667617976,0.6416594097566726,False
80,8,-276.73363867185515,-11.1881838827573,0.8423865435471617,0.0869580021097636,0.07998845266742707,False
80,9,-265.8070840625047,-0.2616292734068679,2.3186116109482895,,,True
81,0,-265.54545478909785,0.0,2.226295586144658,,,True
81,1,-276.6272608878404,-11.081806098742561,1.2193860364164693,0.0936959966658348,0.08506824810019092,False
81,2,-279.3159821705907,-13.770527381492855,0.33599702437268214,0.3198398287297819,0.2664776630033451,False
81,3,-279.5848449312505,-14.039390142152627,0.5296313253742906,0.42318697815686057,0.3326678935212669,False
81,4,-279.4625894232471,-13.91713463414925,1.0878062871711853,1.0882118185244387,0.9034865707182385,False
81,5,-279.45427784891575,-13.908823059817905,0.9265335189808768,0.9085610540695803,0.7810218642785285,False
81,6,-279.351992986539,-13.80653819744117,0.31866745621677317,0.2774219667397299,0.2423725218780698,False
81,7,-279.18595525679234,-13.640500467694494,1.1044135461789029,1.0457232765563633,0.7932865420310139,False
81,8,-276.7847152775419,-11.239260488444074,0.8072379993612668,0.09170418615397792,0.08409265734177095,False
81,9,-265.8070840625047,-0.2616292734068679,2.3186116109482895,,,True
82,0,-265.54545478909785,0.0,2.226295586144658,,,True
82,1,-276.7030093155954,-11.157554526497563,1.1826359961662831,0.0943711971069692,0.086404637989305,False
82,2,-279.34148365528665,-13.796028866188806,0.31083257137407727,0.2942436880961335,0.233840275882438,False
82,3,-279.6206148124255,-14.075160023327669,0.5693592483639036,0.5092267301667337,0.42866198040150405,False
82,4,-279.4442396204837,-13.898784831385854,1.4101364497155948,1.4060972586073153,1.191774862767062,False
82,5,-279.49634362808644,-13.95088883898859,0.6185494906471343,0.5992862718457908,0.5283266137365142,False
82,6,-279.34914635061887,-13.80369156152102,0.4797476353305984,0.4903692496464969,0.4413068408786599,False
82,7,-279.1939641329787,-13.648509343880846,1.18133781989199,1.0945906289149963,0.8330291425355452,False
82,8,-276.83603843263313,-11.290583643535285,0.7728434788690901,0.09689932174513263,0.08854319506226466,False
82,9,-265.8070840625047,-0.2616292734068679,2.3186116109482895,,,True
83,0,-265.54545478909785,0.0,2.226295586144658,,,True
83,1,-276.7790284625963,-11.233573673498427,1.138657896183295,0.08722083581591993,0.08113272635887131,False
83,2,-279.3605132778088,-13.815058488710974,0.47879038673040725,0.47741175141337416,0.33205124210694315,False
83,3,-279.6529463701712,-14.107491581073361,0.7004367458714058,0.7240592891938925,0.6086377294035165,False
83,4,-279.44381433998825,-13.898359550890405,1.5059436556875532,1.5060218263304983,1.292053688568452,False
83,5,-279.5212462191747,-13.975791430076868,0.6568381665981808,0.6567759802186154,0.551149531995117,False
83,6,-279.3331949798526,-13.787740190754732,0.7000065448412152,0.7090651660211996,0.5954327620375166,False
83,7,-279.2110615204168,-13.665606731318974,1.0808013241382681,0.9853824366228401,0.7475705461282952,False
83,8,-276.8877409149663,-11.34228612586844,0.7387909389022573,0.10258696828582523,0.09338742547156155,False
83,9,-265.8070840625047,-0.2616292734068679,2.3186116109482895,,,True
84,0,-265.54545478909785,0.0,2.226295586144658,,,True
84,1,-276.85492467411007,-11.30946988501222,1.0874397128349418,0.07755693235178816,0.07224401188643158,False
84,2,-279.3750296023537,-13.829574813255874,0.584005969767378,0.5858568945373414,0.38155762640794594,False
84,3,-279.6883644937925,-14.14290970469466,0.8667326776361046,0.8871310513572683,0.7464939256747601,False
84,4,-279.47470154369057,-13.929246754592725,1.3245231191765514,1.3281302582215804,1.1548926704444131,False
84,5,-279.5265412248712,-13.981086435773364,0.8549752491869009,0.8546461880666053,0.7188469685477561,False
84,6,-279.3157108839515,-13.770256094853664,0.876087069971001,0.8833080280973187,0.7434658654363971,False
84,7,-279.23328008853537,-13.68782529943752,0.834790775622331,0.7470289427023507,0.5609148716936537,False
84,8,-276.9396475388122,-11.394192749714364,0.704849572463766,0.10878000007457063,0.09864088361646957,False
84,9,-265.8070840625047,-0.2616292734068679,2.3186116109482895,,,True
85,0,-265.54545478909785,0.0,2.226295586144658,,,True
85,1,-276.9300378575208,-11.384583068422955,1.029786381398117,0.08094112174049943,0.07560877750524816,False
85,2,-279.38678119934343,-13.841326410245586,0.5864460327695252,0.5890548476744505,0.36719514905853,False
85,3,-279.7291527288727,-14.183697939774845,0.9426481568655639,0.9558798472100316,0.8052047206448483,False
85,4,-279.52814912117026,-13.982694332072413,0.9820608425578979,0.9820726418675239,0.837294496542389,False
85,5,-279.5205444809718,-13.975089691873961,0.9724520238184766,0.9717242988531365,0.8190664006858617,False
85,6,-279.3088864360422,-13.763431646944355,0.9639208455184995,0.9691945562146661,0.8170600585467019,False
85,7,-279.25364865266533,-13.708193863567487,0.8500655007632391,0.742608155537402,0.6160128373862764,False
85,8,-276.9914183716584,-11.44596358256058,0.6709304405589076,0.11546134705049191,0.1042853469037201,False
85,9,-265.8070840625047,-0.2616292734068679,2.3186116109482895,,,True
86,0,-265.54545478909785,0.0,2.226295586144658,,,True
86,1,-277.0037881350472,-11.45833334594937,0.9672793821299429,0.08452046818107538,0.07921306883358797,False
86,2,-279.3952825383234,-13.84982774922554,0.4841352347976121,0.4860605923996016,0.3081641726630481,False
86,3,-279.7690288613721,-14.223574072274232,0.9096798290049549,0.9127773602353959,0.7671051267229739,False
86,4,-279.58358602729254,-14.038131238194694,0.9629024268938147,0.9627363344542023,0.8109477685258466,False
86,5,-279.5158187122179,-13.970363923120033,0.9773694413429375,0.9761716063907082,0.8227431049313014,False
86,6,-279.32090369240046,-13.775448903302618,0.9403665795168332,0.9434786711756954,0.7940969881078654,False
86,7,-279.2691006579752,-13.723645868877327,0.9702637971501137,0.8757011765527741,0.7316020645824264,False
86,8,-277.0427651303469,-11.497310341249033,0.6369915026832883,0.12260323224339507,0.11028565205167627,False
86,9,-265.8070840625047,-0.2616292734068679,2.3186116109482895,,,True
87,0,-265.54545478909785,0.0,2.226295586144658,,,True
87,1,-277.0758999596454,-11.53044517054758,0.9021062486915502,0.08840090639425024,0.08311641811814348,False
87,2,-279.3985599417598,-13.853105152661954,0.4322480416011618,0.5043651736012698,0.4097082941568097,False
87,3,-279.795236416397,-14.249781627299171,0.7844665660596819,0.7782631276545202,0.6442369115683914,False
87,4,-279.62550743513646,-14.08005264603861,0.8401901530285344,0.8396552395829461,0.6992641174868992,False
87,5,-279.5216818572154,-13.976227068117566,0.8727370920846532,0.8711519749401614,0.7281771411262219,False
87,6,-279.3524437709873,-13.806988981889447,0.8176196245683547,0.8183143801669132,0.6801655821239797,False
87,7,-279.28193663345036,-13.736481844352511,0.9849604441028824,0.9092933420960136,0.7616170282829533,False
87,8,-277.0935902080864,-11.54813541898858,0.6029844985280307,0.13018449660291856,0.11660693484310897,False
87,9,-265.8070840625047,-0.2616292734068679,2.3186116109482895,,,True
88,0,-265.54545478909785,0.0,2.226295586144658,,,True
88,1,-277.1463956695507,-11.600940880452868,0.8368727996236269,0.09271442762788829,0.08737925049620329,False
88,2,-279.39623314553313,-13.850778356435285,0.5854566046658796,0.6340793309872458,0.523608083326083,False
88,3,-279.7976398607382,-14.252185071640326,0.91767525775996,0.6989110178830703,0.572830895478966,False
88,4,-279.64972172517423,-14.104266936076385,0.6606045543149877,0.6597332410424784,0.5238632587566462,False
88,5,-279.5409283521086,-13.995473563010762,0.698836444223735,0.6971110772531716,0.5872405443102043,False
88,6,-279.3971118787584,-13.851657089660534,0.64103636287943,0.6393267379781608,0.5059094614422939,False
88,7,-279.2961521450562,-13.75069735595838,0.891428951181091,0.8407340373551051,0.7003312238123477,False
88,8,-277.14397842377247,-11.59852363467462,0.5731406328866523,0.13818536957909167,0.12321410165505649,False
88,9,-265.8070840625047,-0.2616292734068679,2.3186116109482895,,,True
89,0,-265.54545478909785,0.0,2.226295586144658,,,True
89,1,-277.21539858066114,-11.669943791563298,0.7744097955980883,0.0976057633688652,0.09206339199279556,False
89,2,-279.39163301786516,-13.846178228767315,0.6856371515881325,0.7133074658435674,0.595800649737489,False
89,3,-279.7802115295955,-14.23475674049763,1.4044236995574375,1.0167254792055398,0.8559993914590296,False
89,4,-279.6609263861187,-14.115471597020871,0.6244076988242461,0.6253129255570903,0.5231995413711241,False
89,5,-279.5714017796245,-14.025946990526677,0.6981490072635915,0.6905575850182205,0.5767067029945481,False
89,6,-279.44486495676017,-13.899410167662325,0.49601634893924423,0.49869590447443646,0.42291891843995477,False
89,7,-279.31413444476016,-13.76867965566231,0.7232336810128139,0.7014550787666519,0.5677556010203398,False
89,8,-277.19406379842576,-11.648609009327913,0.5553777401042617,0.14654469389765318,0.13004173496902025,False
89,9,-265.8070840625047,-0.2616292734068679,2.3186116109482895,,,True
90,0,-265.54545478909785,0.0,2.226295586144658,,,True
90,1,-277.28280354232504,-11.737348753227195,0.717570986486226,0.10834577545197747,0.09720658835186154,False
90,2,-279.3906113762446,-13.845156587146732,0.7109587988194962,0.7259921469718935,0.6116741398789228,False
90,3,-279.76468411874623,-14.219229329648385,1.7717605420281355,1.2434779237679014,1.0587695834761934,False
90,4,-279.66829191254163,-14.122837123443787,0.7875748652133866,0.7902387132820347,0.6460914272201891,False
90,5,-279.6090707892663,-14.063616000168452,0.6705346770338725,0.6625499130881913,0.5280034857085075,False
90,6,-279.48565884479433,-13.940204055696483,0.4903759771958464,0.49139667438213114,0.42196210809636236,False
90,7,-279.33659312763007,-13.791138338532221,0.650707087346309,0.6473354403174171,0.49585343553066547,False
90,8,-277.24380055474944,-11.698345765651595,0.5391502657391043,0.1550598488976045,0.1369186162763437,False
90,9,-265.8070840625047,-0.2616292734068679,2.3186116109482895,,,True
91,0,-265.54545478909785,0.0,2.226295586144658,,,True
91,1,-277.3481301414193,-11.802675352321444,0.6688520031845921,0.1156244319570947,0.10278006615615354,False
91,2,-279.39807052500396,-13.852615735906113,0.6589591584367951,0.6726775839195565,0.569774144324031,False
91,3,-279.7777336798804,-14.232278890782538,1.8887425313725492,1.3249730055075264,1.1376077870104004,False
91,4,-279.68092030069784,-14.135465511599989,0.8758466584888035,0.8790430071468793,0.7008749486836942,False
91,5,-279.64968142897897,-14.10422663988112,0.6099145687456994,0.6035433726059624,0.4450068932337855,False
91,6,-279.5123184292519,-13.966863640154031,0.44273564862867953,0.44228065862225996,0.38521043298161395,False
91,7,-279.36386653875854,-13.818411749660697,0.6915652133945388,0.6761706220062839,0.5133044681208926,False
91,8,-277.29285402677135,-11.747399237673505,0.5246826173720013,0.16326511817687392,0.14347603034111753,False
91,9,-265.8070840625047,-0.2616292734068679,2.3186116109482895,,,True
92,0,-265.54545478909785,0.0,2.226295586144658,,,True
92,1,-277.4107794180305,-11.865324628932626,0.6297499816798515,0.11632095190351889,0.1086779442049912,False
92,2,-279.4152248204937,-13.86977003139583,0.5483236230855411,0.5709538516909883,0.4820495751426774,False
92,3,-279.829606954793,-14.284152165695161,1.7068024003853817,1.2318731332100281,1.0689394074078427,False
92,4,-279.70397934813275,-14.158524559034902,0.8965954046038059,0.8994500471725247,0.6970431681854745,False
92,5,-279.68894265184923,-14.143487862751385,0.518725783381742,0.5163600124311496,0.3967905453518579,False
92,6,-279.5234003690032,-13.977945579905338,0.5370724043069903,0.5536459634035016,0.478614902436702,False
92,7,-279.3959156739493,-13.85046088485143,0.6798257601851233,0.6563555386302762,0.49275454639512606,False
92,8,-277.3407778366699,-11.795323047572026,0.5119013962069433,0.17037168208762118,0.14910715506413738,False
92,9,-265.8070840625047,-0.2616292734068679,2.3186116109482895,,,True
93,0,-265.54545478909785,0.0,2.226295586144658,,,True
93,1,-277.4704480209702,-11.92499323187235,0.6002965819202196,0.12354341438893887,0.11475302696781157,False
93,2,-279.4395685945141,-13.894113805416282,0.4517439280393378,0.45339154250320257,0.3680918496364302,False
93,3,-279.90494424902244,-14.359489459924589,1.2904774616737398,0.9656020093066893,0.851911839257132,False
93,4,-279.73718379653553,-14.191729007437687,0.8566180099447894,0.8591883180515724,0.6424663346443901,False
93,5,-279.72250800017423,-14.177053211076384,0.4032899624203847,0.4072640060864903,0.3556983428222354,False
93,6,-279.5251778755125,-13.979723086414651,0.8067895299844309,0.8189026219859531,0.7115751820431754,False
93,7,-279.43113751818214,-13.885682729084294,0.6185747800339906,0.5905813990120565,0.4364935777073106,False
93,8,-277.3873141392901,-11.841859350192237,0.5002105469776867,0.17527602051149407,0.15297842822399146,False
93,9,-265.8070840625047,-0.2616292734068679,2.3186116109482895,,,True
94,0,-265.54545478909785,0.0,2.226295586144658,,,True
94,1,-277.5273292389236,-11.981874449825739,0.5791430664279292,0.13098700633300078,0.12086018683860361,False
94,2,-279.4667210430572,-13.921266253959345,0.38082327590105314,0.39360252627433945,0.3333835262662993,False
94,3,-279.9749082616028,-14.429453472504974,0.7755392108509971,0.5996289671411007,0.5416317173178716,False
94,4,-279.7759022350373,-14.230447445939433,0.7585463279485566,0.761451022666725,0.5466529069011027,False
94,5,-279.7465554794454,-14.201100690347573,0.38456812852741884,0.38631263352415235,0.27841281410370766,False
94,6,-279.5292211316967,-13.98376634259887,0.9653223117826406,0.9739835993268839,0.8387709360133191,False
94,7,-279.46562106149685,-13.920166272399001,0.5090497500800034,0.4801598656912057,0.34659346972432725,False
94,8,-277.4325433153605,-11.88708852626263,0.4883885145581623,0.17654887349987328,0.1540161767742723,False
94,9,-265.8070840625047,-0.2616292734068679,2.3186116109482895,,,True
95,0,-265.54545478909785,0.0,2.226295586144658,,,True
95,1,-277.5820460232024,-12.036591234104549,0.5639844751675017,0.1384580963827623,0.12687163833638923,False
95,2,-279.4921747283165,-13.946719939218667,0.31193251856085197,0.36783757519549715,0.3159446737764377,False
95,3,-280.01710295257647,-14.47164816347862,0.3595902684801991,0.3662465902800813,0.29089312384758464,False
95,4,-279.81334079935544,-14.267886010257598,0.5999273886290363,0.6036323096561219,0.4444673944644498,False
95,5,-279.7590240992854,-14.213569310187552,0.356015214525225,0.35746592987354736,0.284097034250549,False
95,6,-279.5445788284626,-13.999124039364744,0.9477028141339677,0.9526137044292311,0.8159851322082863,False
95,7,-279.4937033108801,-13.948248521782261,0.4117476104191466,0.3878348465275479,0.2741346333571451,False
95,8,-277.4768236753212,-11.931368886223368,0.4745387607949056,0.17234817145886522,0.15081192024123768,False
95,9,-265.8070840625047,-0.2616292734068679,2.3186116109482895,,,True
96,0,-265.54545478909785,0.0,2.226295586144658,,,True
96,1,-277.6354927941875,-12.090038005089639,0.551965851871273,0.145781965830508,0.13266071358246498,False
96,2,-279.5122968901583,-13.966842101060479,0.26910780527913875,0.3082740990767539,0.26834075879465613,False
96,3,-280.02555533882526,-14.48010054972741,0.3890320916233859,0.3934122725694253,0.3516129485229108,False
96,4,-279.8425203168956,-14.29706552779777,0.41300004789875094,0.4134706965833812,0.3660341002074245,False
96,5,-279.7612786421231,-14.215823853025256,0.4359661369751691,0.44099933031676597,0.3879834065184651,False
96,6,-279.5705513678065,-14.025096578708656,0.7556391533002198,0.7549963413346195,0.6473761851785943,False
96,7,-279.5097325514424,-13.96427776234458,0.391304975244667,0.3640378974130241,0.30076780931847774,False
96,8,-277.5206367825291,-11.97518199343125,0.4560089266377395,0.1603399984313337,0.14146479760706016,False
96,9,-265.8070840625047,-0.2616292734068679,2.3186116109482895,,,True
97,0,-265.54545478909785,0.0,2.226295586144658,,,True
97,1,-277.6886603011869,-12.143205512089082,0.540016830799923,0.15271889858552765,0.13805837167756696,False
97,2,-279.5250497281322,-13.97959493903437,0.26763679922749384,0.2893441252424079,0.2574458074512017,False
97,3,-280.0090448832508,-14.463590094152948,0.5506735312953688,0.4851642082758865,0.44587281968385123,False
97,4,-279.8578457035379,-14.312390914440073,0.42974852901802785,0.42962260582017814,0.3463078055007712,False
97,5,-279.7593062952707,-14.21385150617283,0.6117258730896813,0.6101946512047768,0.5601284522124543,False
97,6,-279.5978024545002,-14.052347665402351,0.45310030141885876,0.4449144577854785,0.385796403390602,False
97,7,-279.5108174125898,-13.965362623491956,0.3614884383040661,0.33822111468769805,0.3008459642078725,False
97,8,-277.564385115389,-12.018930326291127,0.42939087463357245,0.13803413642647072,0.12346960201229064,False
97,9,-265.8070840625047,-0.2616292734068679,2.3186116109482895,,,True
98,0,-265.54545478909785,0.0,2.226295586144658,,,True
98,1,-277.70469688971343,-12.159242100615586,0.5171080057991485,0.14470134824556988,0.12992395507469742,False
98,2,-279.5459949661281,-14.000540177030246,0.14069975968087495,0.13159556763795557,0.12283856393071131,False
98,3,-280.11715386921946,-14.571699080121618,0.2719506166238653,0.27187649900127864,0.21153330196400302,False
98,4,-279.9214037574106,-14.375948968312741,0.260576316379438,0.2607087811221864,0.18692657946989769,False
98,5,-279.83838177618316,-14.292926987085309,0.2559818876965507,0.25714378618913275,0.18606664663104858,False
98,6,-279.652164083006,-14.106709293908182,0.2528220361117943,0.2513097320161256,0.18074175089837444,False
98,7,-279.56182925841233,-14.016374469314485,0.2638799272683514,0.22415164924671663,0.17168714585661443,False
98,8,-277.5789124862687,-12.033457697170832,0.4276431095263462,0.11742894371384391,0.10585427742463453,False
98,9,-265.8070840625047,-0.2616292734068679,2.3186116109482895,,,True
99,0,-265.54545478909785,0.0,2.226295586144658,,,True
99,1,-277.7260998808133,-12.180645091715462,0.5194348987846608,0.133605189794302,0.11835842984177249,False
99,2,-279.55220218677084,-14.006747397672996,0.16991957342113742,0.14448996183415694,0.12675129402614668,False
99,3,-280.16092960630795,-14.6154748172101,0.2912286706645384,0.26339010958833026,0.24677096978903604,False
99,4,-279.96046412855674,-14.41500933945889,0.21299848354697445,0.21293740448284076,0.18724746447418983,False
99,5,-279.86807917223166,-14.322624383133814,0.32569123164015246,0.31888258267731406,0.2578335889301437,False
99,6,-279.67661189796047,-14.131157108862624,0.2781581463854536,0.26016509457602666,0.20708573790529716,False
99,7,-279.59304727112544,-14.047592482027596,0.19036221756958846,0.18141662316815466,0.12753320001064716,False
99,8,-277.5985387948841,-12.053084005786275,0.4206534869047932,0.10033622251206308,0.08143503208271727,False
99,9,-265.8070840625047,-0.2616292734068679,2.3186116109482895,,,True
100,0,-265.54545478909785,0.0,2.226295586144658,,,True
100,1,-277.7528698408372,-12.20741505173936,0.5349993192366197,0.11827449295077765,0.10270635627182986,False
100,2,-279.55687828632915,-14.011423497231306,0.1926787755596978,0.14910385521290304,0.13381935738755757,False
100,3,-280.18767004749265,-14.642215258394799,0.39512929953301473,0.36315609163315044,0.32944975381464237,False
100,4,-279.9909604588412,-14.44550566974334,0.24469282036665793,0.2447035956248715,0.21731802635911163,False
100,5,-279.89885141378716,-14.35339662468931,0.34957417377756694,0.34356432334240955,0.2983268937984024,False
100,6,-279.69827010575574,-14.152815316657893,0.24863796724909779,0.22899417788949714,0.19082137442661448,False
100,7,-279.6131547081519,-14.067699919054064,0.2007596406082055,0.18809795686387334,0.1447424164739009,False
100,8,-277.6227894649438,-12.077334675845975,0.40571562967872726,0.10650518328024486,0.08396761568903714,False
100,9,-265.8070840625047,-0.2616292734068679,2.3186116109482895,,,True
101,0,-265.54545478909785,0.0,2.226295586144658,,,True
101,1,-277.7827455486834,-12.237290759585562,0.5518799058530836,0.09750873842641672,0.08307995203245933,False
101,2,-279.5624662938404,-14.017011504742527,0.17708480220325362,0.14371245317520273,0.12386275191013445,False
101,3,-280.21956776782633,-14.674112978728488,0.30781694929356684,0.29951244775334146,0.27203298762941264,False
101,4,-280.01587780338207,-14.470423014284222,0.29626476135333357,0.2963527477861829,0.2697714513345189,False
101,5,-279.9372362567747,-14.391781467676878,0.2977900452084865,0.3000783758495637,0.2727783218521048,False
101,6,-279.7178657968975,-14.172411007799667,0.27054919785700327,0.25822154286332333,0.2362637578230345,False
101,7,-279.62850579512497,-14.08305100602712,0.21125149004449548,0.2334913865843668,0.16756256896602037,False
101,8,-277.6496552146558,-12.104200425557963,0.38429790597469615,0.11528131836764811,0.08867597302496016,False
101,9,-265.8070840625047,-0.2616292734068679,2.3186116109482895,,,True
102,0,-265.54545478909785,0.0,2.226295586144658,,,True
102,1,-277.81377998594576,-12.268325196847911,0.5557601833488603,0.06991940398427267,0.05949537784573893,False
102,2,-279.56693011547065,-14.021475326372808,0.1996733039307627,0.10059650877604269,0.08326777406452425,False
102,3,-280.25775646738265,-14.712301678284803,0.36492255928982903,0.36861596195869345,0.3134178652847265,False
102,4,-280.0491423015558,-14.50368751245793,0.35383681119941884,0.3540188287231846,0.324483055649967,False
102,5,-279.97950400222476,-14.434049213126912,0.35545569612461947,0.3578451391618808,0.327676783470431,False
102,6,-279.74002853119123,-14.194573742093382,0.3336434363022512,0.33889069313824544,0.28739813530635694,False
102,7,-279.6458179903418,-14.100363201243965,0.2506671049684084,0.2598023429467293,0.20710158181763239,False
102,8,-277.6779776157838,-12.132522826685943,0.3617347457540526,0.1261038748816263,0.09535883238177616,False
102,9,-265.8070840625047,-0.2616292734068679,2.3186116109482895,,,True
103,0,-265.54545478909785,0.0,2.226295586144658,,,True
103,1,-277.8435006057599,-12.298045816662068,0.540540984142297,0.053674646889110215,0.044868140307971316,False
103,2,-279.5706443533662,-14.025189564268373,0.23081635937462797,0.11942545540180237,0.10763447366877865,False
103,3,-280.304376673193,-14.758921884095173,0.4166777669717967,0.35276194054641496,0.32556633142547314,False
103,4,-280.1001829789762,-14.554728189878347,0.4073186617793778,0.40760581446893507,0.3744844119373773,False
103,5,-280.0309629527351,-14.485508163637235,0.40881655003697287,0.41125177585741196,0.3776193172843998,False
103,6,-279.77525290646787,-14.229798117370024,0.3793776371528854,0.35933071873656364,0.3287352529962508,False
103,7,-279.6679653842971,-14.12251059519923,0.29535955160093724,0.24808461697706485,0.22476290581297623,False
103,8,-277.7063395079213,-12.160884718823468,0.34414043198887606,0.13737131009760375,0.103297914138908,False
103,9,-265.8070840625047,-0.2616292734068679,2.3186116109482895,,,True
104,0,-265.54545478909785,0.0,2.226295586144658,,,True
104,1,-277.8702407041303,-12.324785915032464,0.51163521571633,0.043166462963431365,0.03621333230847314,False
104,2,-279.57381704891566,-14.028362259817811,0.2092954520271449,0.09714235776788392,0.08382007059643934,False
104,3,-280.355719864584,-14.810265075486143,0.4678216215935555,0.3763723360604466,0.34974945556448345,False
104,4,-280.15963213992,-14.61417735082216,0.45850563127595095,0.4589019837923587,0.423884189889466,False
104,5,-280.09400073456425,-14.548545945466401,0.46030279432940274,0.46262809852456854,0.42718083376466376,False
104,6,-279.81984550547077,-14.27439071637292,0.4273910869741205,0.40251213698055865,0.36889889064357895,False
104,7,-279.69279959939945,-14.147344810301604,0.34301063656505176,0.280466450478363,0.25045746849018147,False
104,8,-277.7337158602276,-12.188261071129773,0.33453227295948984,0.14756734264578153,0.11105733246782028,False
104,9,-265.8070840625047,-0.2616292734068679,2.3186116109482895,,,True
105,0,-265.54545478909785,0.0,2.226295586144658,,,True
105,1,-277.89377796170766,-12.34832317260981,0.47925495313077604,0.041169467475750295,0.03856975118502484,False
105,2,-279.57639694058605,-14.030942151488205,0.17842183991738306,0.08379000076793178,0.07327319395017864,False
105,3,-280.4126915800982,-14.86723679100038,0.526438040984137,0.410672202149036,0.3833026283051476,False
105,4,-280.2231772100288,-14.677722420930934,0.5190672747544374,0.5195726449431036,0.4827671384903439,False
105,5,-280.1649695188571,-14.61951472975926,0.5213223078931817,0.523262075477998,0.4860220224767895,False
105,6,-279.86733739241333,-14.321882603315487,0.4773171216304732,0.44720334244570753,0.41287364312577013,False
105,7,-279.7189553850503,-14.173500595952476,0.3898841734432343,0.30713580892405906,0.27485114179906184,False
105,8,-277.7597929171523,-12.214338128054465,0.332982451651865,0.15589012738121855,0.11742659827312676,False
105,9,-265.8070840625047,-0.2616292734068679,2.3186116109482895,,,True
106,0,-265.54545478909785,0.0,2.226295586144658,,,True
106,1,-277.91449047573224,-12.36903568663439,0.4527187294060152,0.04390797505216728,0.03872817165549043,False
106,2,-279.57853425142423,-14.033079462326384,0.18182158632282425,0.07431661025150126,0.07237217232653995,False
106,3,-280.47739999521093,-14.931945206113085,0.5630301111403999,0.4275634121207155,0.3998282036837497,False
106,4,-280.2946234837257,-14.749168694627826,0.5598634334406397,0.5604745293763345,0.52285373500879,False
106,5,-280.2411658178926,-14.695711028794733,0.5587088200888889,0.5601246736599068,0.5223434548287129,False
106,6,-279.919218076967,-14.373763287869167,0.5352759801871432,0.4994558149238243,0.46438171110589194,False
106,7,-279.74678402600716,-14.201329236909316,0.43363303917814233,0.32845241304542794,0.2981746133412812,False
106,8,-277.7843601339905,-12.238905344892657,0.3370702471565447,0.16194402148966733,0.121673191834345,False
106,9,-265.8070840625047,-0.2616292734068679,2.3186116109482895,,,True
107,0,-265.54545478909785,0.0,2.226295586144658,,,True
107,1,-277.932799338064,-12.387344548966155,0.4362759892343227,0.04660664183433182,0.03587637379935361,False
107,2,-279.58051332059017,-14.035058531492325,0.1844127372297732,0.07512820751959244,0.07146238562036066,False
107,3,-280.5428079849877,-14.997353195889843,0.5059448484131351,0.36182647915311567,0.3401018113113281,False
107,4,-280.3691623366649,-14.82370754756704,0.47849904222827727,0.47918976488735365,0.45030816292341064,False
107,5,-280.31679027772225,-14.771335488624402,0.4667333783097015,0.4679964267481657,0.43984494926879564,False
107,6,-279.9791342124378,-14.433679423339981,0.5653192430980176,0.5233561826792286,0.48885401408416673,False
107,7,-279.77734784873473,-14.231893059636889,0.476973095965151,0.3493441165493226,0.3219808215299088,False
107,8,-277.80726508865513,-12.261810299557283,0.34347627612375853,0.16563583913659316,0.12358139373933255,False
107,9,-265.8070840625047,-0.2616292734068679,2.3186116109482895,,,True
108,0,-265.54545478909785,0.0,2.226295586144658,,,True
108,1,-277.94939842081897,-12.40394363172112,0.42910996545755015,0.04284882716836888,0.030349985457510033,False
108,2,-279.5824817208583,-14.037026931760465,0.1866567330401087,0.07605053256100602,0.07112568149446971,False
108,3,-280.59415665353026,-15.048701864432417,0.30814639695696694,0.1845648824702986,0.17067953381022324,False
108,4,-280.4256563492439,-14.880201560146077,0.21309852114542793,0.21342139179235908,0.19136369186068405,False
108,5,-280.3729590743911,-14.82750428529323,0.2151497341719348,0.2157824468101212,0.17016518187360502,False
108,6,-280.04263732130886,-14.497182532211013,0.479951174753111,0.43285531819637485,0.40755231084515736,False
108,7,-279.8127510449482,-14.26729625585034,0.5261297590448657,0.37562793791038307,0.34946701866008706,False
108,8,-277.82898963302466,-12.283534843926816,0.34972331663818224,0.16698801263810656,0.12703862459009757,False
108,9,-265.8070840625047,-0.2616292734068679,2.3186116109482895,,,True
109,0,-265.54545478909785,0.0,2.226295586144658,,,True
109,1,-277.96545770107514,-12.420002911977292,0.4280594374385811,0.0346855634443677,0.025638772143587594,False
109,2,-279.5844842948321,-14.039029505734277,0.18873049417917498,0.0768765631815703,0.0717731991686708,False
109,3,-280.61915229212764,-15.073697503029791,0.20935979804056903,0.19715622706960098,0.15552635995776903,False
109,4,-280.442068678802,-14.896613889704156,0.33959004769488216,0.33917418812117545,0.31950594721925396,False
109,5,-280.3901113680013,-14.844656578903482,0.36927191914069685,0.3669722486309954,0.3437599035001615,False
109,6,-280.0920965594662,-14.546641770368353,0.22053712192237937,0.2059719629526574,0.15393693999675617,False
109,7,-279.85756243647313,-14.312107647375285,0.5795288796741086,0.40606900455736283,0.3766515051937413,False
109,8,-277.8509388083119,-12.305484019214077,0.35492402423939334,0.16543084391307658,0.1289604554600406,False
109,9,-265.8070840625047,-0.2616292734068679,2.3186116109482895,,,True
110,0,-265.54545478909785,0.0,2.226295586144658,,,True
110,1,-277.9825139660061,-12.437059176908235,0.4290576543085058,0.032420475065716145,0.024370082252988638,False
110,2,-279.5866887759623,-14.041233986864427,0.19026336350204273,0.0777960943728621,0.0734965946004732,False
110,3,-280.61824281833833,-15.072788029240485,0.4562403862398276,0.4811174383885758,0.4223504272520766,False
110,4,-280.4276200703202,-14.882165281222342,0.8253637580468806,0.8253710363904431,0.7177507843989088,False
110,5,-280.38002654460934,-14.83457175551149,0.8386196569055941,0.8373130231412603,0.7273459728048708,False
110,6,-280.1003932963105,-14.554938507212626,0.38233407847530304,0.4097656597370492,0.3750861234659355,False
110,7,-279.9175060427897,-14.372051253691836,0.5921228503921807,0.3992714764512985,0.3643806554968193,False
110,8,-277.8752328363636,-12.329778047265734,0.3595825640690239,0.15825139316923478,0.1266817802385255,False
110,9,-265.8070840625047,-0.2616292734068679,2.3186116109482895,,,True
111,0,-265.54545478909785,0.0,2.226295586144658,,,True
111,1,-277.9893907096657,-12.443935920567867,0.42480803234114517,0.024078298815238576,0.022520008016525,False
111,2,-279.58881726778213,-14.043362478684287,0.19035046183220958,0.08021341935411716,0.07742854425804596,False
111,3,-280.64853528929655,-15.1030805001987,0.13602426515963872,0.12123229457019746,0.09266926115370806,False
111,4,-280.4827227704777,-14.937267981379875,0.20543292736051824,0.18121581479470203,0.16222461227941162,False
111,5,-280.43725709482067,-14.89180230572282,0.1835614769565072,0.18378719098783233,0.1636570073340761,False
111,6,-280.124838908921,-14.579384119823146,0.22100803784296238,0.15350208879523256,0.11464904593861489,False
111,7,-279.95936306766384,-14.413908278565998,0.5385492053313036,0.3346876176567034,0.3043347654047885,False
111,8,-277.88551275564487,-12.340057966547022,0.3617443091676184,0.15153170456819356,0.12135637912188163,False
111,9,-265.8070840625047,-0.2616292734068679,2.3186116109482895,,,True
112,0,-265.54545478909785,0.0,2.226295586144658,,,True
112,1,-278.0011593842537,-12.45570459515585,0.42511731008888354,0.023078734183820587,0.020637124600809773,False
112,2,-279.59216221480153,-14.046707425703687,0.19009629792460345,0.08611948211599767,0.07951523981680528,False
112,3,-280.64716625067837,-15.101711461580521,0.40030733425787873,0.282443113615509,0.24540041280809088,False
112,4,-280.4712180305828,-14.925763241484958,0.5143932038998904,0.5144663391147358,0.4483441833781452,False
112,5,-280.42737718788794,-14.881922398790095,0.518473604108192,0.51776384820621,0.4505154936491394,False
112,6,-280.12993008397007,-14.58447529487222,0.3328780716090505,0.32669139657449936,0.29132716423153665,False
112,7,-280.0093985579386,-14.46394376884075,0.2696907694084299,0.17366236845582161,0.13743224204230178,False
112,8,-277.9032619694006,-12.357807180302757,0.35189664909615836,0.12921218012278418,0.10417299645393133,False
112,9,-265.8070840625047,-0.2616292734068679,2.3186116109482895,,,True
113,0,-265.54545478909785,0.0,2.226295586144658,,,True
113,1,-278.00430586788787,-12.458851078790019,0.42715793456492057,0.02343924249070425,0.02103224143076711,False
113,2,-279.5934348274293,-14.047980038331445,0.19003910920122072,0.0906581014253301,0.08025376247156327,False
113,3,-280.65570652576497,-15.110251736667124,0.29628721555181114,0.17722482747888418,0.15408993520451783,False
113,4,-280.49418175555525,-14.9487269664574,0.3468531461154672,0.34695887078665605,0.3060880663822784,False
113,5,-280.45142867923823,-14.905973890140388,0.3511217166049941,0.35096050365782394,0.3092118712512409,False
113,6,-280.13957388635015,-14.594119097252303,0.21444861596484327,0.19850902130777165,0.17804134376594244,False
113,7,-280.01440712229726,-14.468952333199411,0.25422952162257706,0.1612725304374374,0.12428438192175156,False
113,8,-277.90757982356934,-12.36212503447149,0.3534942375247218,0.12069380683882823,0.09850641753324321,False
113,9,-265.8070840625047,-0.2616292734068679,2.3186116109482895,,,True
114,0,-265.54545478909785,0.0,2.226295586144658,,,True
114,1,-278.01061723272267,-12.46516244362482,0.42866692390816774,0.024036256539255802,0.021616479262648765,False
114,2,-279.59597099151785,-14.050516202419999,0.1895367571031113,0.1009328705944851,0.08959498580375036,False
114,3,-280.66202274107627,-15.116567951978425,0.22207397175088614,0.07391241926037724,0.07080573077988465,False
114,4,-280.512140319325,-14.966685530227153,0.20943935908260608,0.10369445088129566,0.08748243965285958,False
114,5,-280.4712934133388,-14.925838624240953,0.10155994150039495,0.10213772710851751,0.08709460129872945,False
114,6,-280.14678509970656,-14.601330310608716,0.2055286295032861,0.1156513691617611,0.0907855565593887,False
114,7,-280.02252539576625,-14.477070606668406,0.22337366091115893,0.13782880344997353,0.10029111699396634,False
114,8,-277.9159239008484,-12.370469111750538,0.3558654824605215,0.09994976581301576,0.08381917820404622,False
114,9,-265.8070840625047,-0.2616292734068679,2.3186116109482895,,,True
115,0,-265.54545478909785,0.0,2.226295586144658,,,True
115,1,-278.0202159457861,-12.47476115668826,0.4260921417899349,0.02468591422115389,0.022068364653507255,False
115,2,-279.6005832652022,-14.055128476104358,0.20123232778940742,0.11960876604025238,0.10623497343835343,False
115,3,-280.66207212970255,-15.116617340604705,0.24339839070005667,0.201019471437824,0.18615073560857376,False
115,4,-280.5081312480126,-14.962676458914757,0.46175560156552836,0.46189316144324455,0.42232409700167084,False
115,5,-280.46934220651804,-14.92388741742019,0.4647855968488174,0.46478381182140405,0.4252580084351455,False
115,6,-280.1482529184293,-14.602798129331461,0.2653282343499718,0.2663427134549153,0.24332690044952932,False
115,7,-280.0312929694229,-14.48583818032506,0.1815740884317995,0.10459223288540162,0.08488806151022872,False
115,8,-277.92750168019705,-12.382046891099208,0.35718121110763373,0.06692342414608637,0.05684083700113743,False
115,9,-265.8070840625047,-0.2616292734068679,2.3186116109482895,,,True
116,0,-265.54545478909785,0.0,2.226295586144658,,,True
116,1,-278.02091855382434,-12.475463764726499,0.42525043291524156,0.0246755991392573,0.02200833985622625,False
116,2,-279.6010653858284,-14.05561059673056,0.20376582338964236,0.12165051351570264,0.10793941796512681,False
116,3,-280.6633728553942,-15.11791806629634,0.2346365386066726,0.1742436990837278,0.1607690322879082,False
116,4,-280.51360051865254,-14.968145729554692,0.3847428771246676,0.38488408520940176,0.352160477820659,False
116,5,-280.47505220839344,-14.92959741929559,0.38724068006047274,0.3873045067495096,0.3546516601806284,False
116,6,-280.1502440299222,-14.604789240824346,0.22594258188244679,0.2262882363019562,0.20635912578011914,False
116,7,-280.031640168168,-14.48618537907015,0.18255985354213475,0.10286138891910203,0.08446908164394897,False
116,8,-277.92819250338744,-12.38273771428959,0.35656413499398015,0.06522549804220339,0.05558715670413616,False
116,9,-265.8070840625047,-0.2616292734068679,2.3186116109482895,,,True
117,0,-265.54545478909785,0.0,2.226295586144658,,,True
117,1,-278.02232844156265,-12.476873652464803,0.4236702583544799,0.024666839440871613,0.021902065049610807,False
117,2,-279.60204973905473,-14.056594949956889,0.20896731849180697,0.12583439697560403,0.11146972719398199,False
117,3,-280.6653401553066,-15.119885366208734,0.2185213657837657,0.12541195645058856,0.11432307492243451,False
117,4,-280.52147708027155,-14.976022291173706,0.25299939278008976,0.2531472460028261,0.23151442037826178,False
117,5,-280.4833727763646,-14.937917987266758,0.2546241714735613,0.2547828641445663,0.23325885246254838,False
117,6,-280.1532427443379,-14.607787955240042,0.1982483375385379,0.15522094450846377,0.14047966528515538,False
117,7,-280.0322937539863,-14.486838964888477,0.1844780490842678,0.09939004610080525,0.08364304163282849,False
117,8,-277.92956871351225,-12.384113924414407,0.3553799881915178,0.06186053735429318,0.053101156176876885,False
117,9,-265.8070840625047,-0.2616292734068679,2.3186116109482895,,,True
118,0,-265.54545478909785,0.0,2.226295586144658,,,True
118,1,-278.02447594941754,-12.47902116031969,0.421544664305792,0.024683485113399118,0.021777255872670594,False
118,2,-279.60360934361427,-14.05815455451642,0.21720163253379493,0.13243200787682402,0.11712957970740384,False
118,3,-280.66708029998324,-15.121625510885394,0.19789232306967844,0.06335650956156659,0.060629839969319095,False
118,4,-280.52800617519534,-14.982551386097498,0.216428168885082,0.10029056111932821,0.0902886282433636,False
118,5,-280.4905072789244,-14.945052489826537,0.10079241068273613,0.10104327947245736,0.09118807007161506,False
118,6,-280.1559437417822,-14.610488952684364,0.19899032609699274,0.08213054073159942,0.0702151187319191,False
118,7,-280.0331925670728,-14.487737777974928,0.18719941851885685,0.09410540985483498,0.08242510029242221,False
118,8,-277.9316382730791,-12.386183483981256,0.35371873111603336,0.05685078253414185,0.04939870532261364,False
118,9,-265.8070840625047,-0.2616292734068679,2.3186116109482895,,,True
119,0,-265.54545478909785,0.0,2.226295586144658,,,True
119,1,-278.02741484835485,-12.481960059257005,0.41915297432791665,0.024760730734087653,0.021676984624595382,False
119,2,-279.6059050450664,-14.060450255968533,0.2290982776071123,0.14190383569600376,0.12541580092904925,False
119,3,-280.66797812832283,-15.122523339224983,0.17720311280475431,0.06353875239850229,0.06111126641415803,False
119,4,-280.5313964625197,-14.985941673421848,0.21803862972102697,0.0978488977513737,0.08254688484432855,False
119,5,-280.494647707334,-14.949192918236179,0.09757928016726936,0.09785515236400956,0.08249190810610776,False
119,6,-280.15758387553035,-14.612129086432503,0.19944484995318865,0.07002966599005066,0.05715824512249785,False
119,7,-280.0342685316733,-14.488813742575473,0.1904386473533178,0.08687503094317277,0.08083438842875905,False
119,8,-277.93441736166744,-12.388962572569596,0.3517159249821809,0.050236750347255936,0.04450763434227801,False
119,9,-265.8070840625047,-0.2616292734068679,2.3186116109482895,,,True
120,0,-265.54545478909785,0.0,2.226295586144658,,,True
120,1,-278.03111041222445,-12.485655623126604,0.4168276581121664,0.02493310200015961,0.021651684603951924,False
120,2,-279.60912547631136,-14.063670687213516,0.24507824778168297,0.15452014595070215,0.13665659347592704,False
120,3,-280.6681196790785,-15.122664889980626,0.1900588363293264,0.08742514522367287,0.07230081534746233,False
120,4,-280.53281854498454,-14.98736375588669,0.21984521653324887,0.202034700047193,0.17157000323529573,False
120,5,-280.49696124405,-14.951506454952153,0.20232187176780886,0.20251462371016019,0.17185210220494684,False
120,6,-280.15844425981777,-14.612989470719924,0.19926195238396,0.1298200646784327,0.11059238310490822,False
120,7,-280.0354226314604,-14.489967842362546,0.1936643698416615,0.08135116631625354,0.07892689245252926,False
120,8,-277.9378277523506,-12.39237296325274,0.34957531396130775,0.04233571716931306,0.038631187886156715,False
120,9,-265.8070840625047,-0.2616292734068679,2.3186116109482895,,,True
121,0,-265.54545478909785,0.0,2.226295586144658,,,True
121,1,-278.03542980785784,-12.489975018759992,0.41477743287991314,0.025218692135513403,0.021735899441051677,False
121,2,-279.6134435125112,-14.06798872341335,0.26512417513841263,0.17018415789143593,0.1508169719538314,False
121,3,-280.6681414568488,-15.12268666775094,0.22383652789857222,0.12245999608422789,0.10237548909830489,False
121,4,-280.53485442467735,-14.989399635579503,0.2598058459716107,0.26006666124878386,0.22045258159967449,False
121,5,-280.50002830513506,-14.954573516037215,0.2607149865883833,0.2608564424590759,0.22098279802804527,False
121,6,-280.1594402340712,-14.613985444973366,0.1982643162229366,0.16756479911184066,0.14290623740204844,False
121,7,-280.03653889680936,-14.491084107711515,0.19629727912174974,0.07936910955835694,0.07676392471037541,False
121,8,-277.94170420031617,-12.39624941121832,0.34747781900009667,0.03729405565412581,0.03210896119046679,False
121,9,-265.8070840625047,-0.2616292734068679,2.3186116109482895,,,True
122,0,-265.54545478909785,0.0,2.226295586144658,,,True
122,1,-278.04025871179465,-12.494803922696804,0.4130244841219089,0.025624216835037204,0.02194456257253945,False
122,2,-279.61909075502285,-14.073635965925007,0.28916682380672737,0.1887202266539864,0.16775848660898274,False
122,3,-280.66862642986086,-15.123171640763019,0.23502719055358423,0.13529869927275642,0.11304472933204895,False
122,4,-280.5393179486029,-14.993863159505054,0.2711763736150729,0.2714340785208347,0.2295779322929671,False
122,5,-280.50566484734975,-14.960210058251903,0.2722910692318897,0.27240704763057555,0.23029902148052686,False
122,6,-280.161256505604,-14.615801716506155,0.1964307719543909,0.1741967116059478,0.1479927976082026,False
122,7,-280.0375171039589,-14.492062314861073,0.19789240307475828,0.07712406242352002,0.07435981015858312,False
122,8,-277.9459110730461,-12.400456283948245,0.3455082445607971,0.03671341486493937,0.027469190685965917,False
122,9,-265.8070840625047,-0.2616292734068679,2.3186116109482895,,,True
123,0,-265.54545478909785,0.0,2.226295586144658,,,True
123,1,-278.04612382861,-12.500669039512161,0.4112894781153805,0.02621712630344558,0.02232248820680206,False
123,2,-279.62732137504054,-14.081866585942691,0.3203888911192513,0.2123042696987954,0.18952631936804898,False
123,3,-280.6698781568524,-15.12442336775456,0.22051871104999812,0.1228835806464711,0.10192491362322943,False
123,4,-280.547297672808,-15.00184288371014,0.2317957251370086,0.23205913172654488,0.1956213954873343,False
123,5,-280.51510056743575,-14.969645778337906,0.2329694677607801,0.23306471399573045,0.1964665181508335,False
123,6,-280.1642429719524,-14.61878818285453,0.193515252911678,0.14631841397112957,0.12298841217542601,False
123,7,-280.0383402514261,-14.492885462328275,0.19811327754898947,0.074339785793836,0.07137617859904583,False
123,8,-277.9508626292775,-12.405407840179635,0.34347349301541513,0.03568005811211081,0.026353023363547404,False
123,9,-265.8070840625047,-0.2616292734068679,2.3186116109482895,,,True
124,0,-265.54545478909785,0.0,2.226295586144658,,,True
124,1,-278.0532334320428,-12.50777864294497,0.4092556230281101,0.027055045126959516,0.02290383865828946,False
124,2,-279.6397082618446,-14.094253472746743,0.3602097762569596,0.24132300053923345,0.21666894664878666,False
124,3,-280.6715711616413,-15.126116372543436,0.18971394714406378,0.08161168749914524,0.06594162482309432,False
124,4,-280.55762281283023,-15.012168023732386,0.22837874029675548,0.13420966933770218,0.11164491956284489,False
124,5,-280.5271888326693,-14.981734043571464,0.13489356524282178,0.13493297676861868,0.11240776537681194,False
124,6,-280.1677494103001,-14.62229462120223,0.1894833463328975,0.08117798290144136,0.06517705350534356,False
124,7,-280.038835166333,-14.493380377235155,0.1964137313541344,0.07086456756964968,0.06755722406772136,False
124,8,-277.9566752409239,-12.411220451826068,0.3412629988137795,0.03402243451848169,0.02451680254709457,False
124,9,-265.8070840625047,-0.2616292734068679,2.3186116109482895,,,True
125,0,-265.54545478909785,0.0,2.226295586144658,,,True
125,1,-278.06188780901334,-12.516433019915496,0.4063454660647162,0.028223599998415026,0.023716721256534734,False
125,2,-279.65910388292673,-14.113649093828883,0.4091627187987524,0.2745836320957096,0.2485937507489081,False
125,3,-280.67269775064096,-15.127242961543118,0.2125315176717365,0.056561783494867596,0.0547931925505548,False
125,4,-280.56717294817605,-15.021718159078205,0.23172445802585678,0.08696031614694621,0.06464013696817479,False
125,5,-280.53879331271185,-14.993338523614,0.07701242422802292,0.0758087212785443,0.05241911167410589,False
125,6,-280.1704155834255,-14.624960794327649,0.18455188554121887,0.05171099312130276,0.0421879372321118,False
125,7,-280.03877506386306,-14.49332027476521,0.19253803025050864,0.06638026083568374,0.06251888243530393,False
125,8,-277.963542876254,-12.41808808715615,0.33861925323735564,0.03153151211825606,0.021815844875070326,False
125,9,-265.8070840625047,-0.2616292734068679,2.3186116109482895,,,True
126,0,-265.54545478909785,0.0,2.226295586144658,,,True
126,1,-278.07235104749225,-12.526896258394402,0.40200550664571016,0.02985211290860858,0.02479423930749567,False
126,2,-279.68990496857464,-14.144450179476792,0.4658884947283019,0.3082825816606832,0.2827733492325706,False
126,3,-280.67248434123974,-15.127029552141892,0.22776244417540642,0.07094262308009112,0.06198402666931274,False
126,4,-280.57495348684597,-15.029498697748124,0.2361853880670033,0.20093040716292795,0.17919051106227277,False
126,5,-280.54888103452606,-15.003426245428216,0.20102816511469304,0.20086034606889167,0.1793907104710664,False
126,6,-280.1719265257153,-14.626471736617475,0.17934960679934453,0.12768642408777772,0.10997358038876084,False
126,7,-280.0378887636723,-14.492433974574453,0.18714895155887368,0.060383743981886485,0.055884731196859064,False
126,8,-277.9716422252334,-12.426187436135535,0.335252597386006,0.02805823200509201,0.019918728062659683,False
126,9,-265.8070840625047,-0.2616292734068679,2.3186116109482895,,,True
127,0,-265.54545478909785,0.0,2.226295586144658,,,True
127,1,-278.08470858419946,-12.539253795101615,0.3963149221397629,0.032147375132119314,0.026241629613352625,False
127,2,-279.7380462404292,-14.192591451331339,0.5378002099801213,0.3457491475809908,0.3221839822816018,False
127,3,-280.6717026958805,-15.12624790678268,0.22625874060434065,0.10029280915869931,0.08969553476016051,False
127,4,-280.58628262293837,-15.040827833840524,0.24180652706684344,0.23155594288025497,0.20490793036170124,False
127,5,-280.56277281782724,-15.017318028729392,0.23254451088259445,0.2322424418290594,0.20582853000380769,False
127,6,-280.17408437169536,-14.628629582597512,0.17457477388461862,0.13760413346233177,0.11780783237875767,False
127,7,-280.0359106186693,-14.490455829571431,0.1819914657860857,0.052606998540968744,0.04755488751992032,False
127,8,-277.9809988802638,-12.43554409116598,0.33119664999325343,0.024248167977029403,0.018320732657034648,False
127,9,-265.8070840625047,-0.2616292734068679,2.3186116109482895,,,True
128,0,-265.54545478909785,0.0,2.226295586144658,,,True
128,1,-278.0991363663639,-12.553681577266047,0.38990212451604966,0.0354887099887414,0.028336896696644825,False
128,2,-279.81532320704656,-14.269868417948715,0.6227630780567772,0.37880339394494855,0.3543821742511043,False
128,3,-280.67138544336916,-15.125930654271315,0.20558175807317952,0.06253742751223697,0.0535219950276594,False
128,4,-280.60359241561014,-15.058137626512291,0.24829021007265165,0.1057955535763242,0.08524381263299109,False
128,5,-280.5828321837672,-15.037377394669363,0.10627699318021,0.10561037740046782,0.08545045359146566,False
128,6,-280.1771649925139,-14.631710203416048,0.1704207375437831,0.060780601296289254,0.04305406646313894,False
128,7,-280.0325766448493,-14.487121855751468,0.17930281448984417,0.048818753906467276,0.039253192655366156,False
128,8,-277.9916173477993,-12.446162558701474,0.3269479478609566,0.02084091659094952,0.016468917574166103,False
128,9,-265.8070840625047,-0.2616292734068679,2.3186116109482895,,,True
129,0,-265.54545478909785,0.0,2.226295586144658,,,True
129,1,-278.1130316707345,-12.567576881636626,0.38458395902460585,0.03958324439367904,0.031002386892299214,False
129,2,-279.9023414686674,-14.356886679569527,0.4819000730367742,0.2363058951251595,0.2005023731811764,False
129,3,-280.6706708121568,-15.125216023058954,0.1807002965694773,0.04909210896328857,0.04766008643615079,False
129,4,-280.6175454911449,-15.072090702047035,0.2538660502342357,0.08883392689398432,0.06920679561368119,False
129,5,-280.5989337706973,-15.053478981599426,0.08817026309197509,0.08714965435725118,0.06724370277585692,False
129,6,-280.1783796958563,-14.632924906758433,0.16701690423775037,0.06210923993085975,0.0451036246093371,False
129,7,-280.0285193387887,-14.48306454969088,0.18070721914037935,0.04951425462389259,0.03838780360992081,False
129,8,-278.0013868724007,-12.455932083302855,0.3241208146130503,0.02023630447756928,0.017111077033473154,False
129,9,-265.8070840625047,-0.2616292734068679,2.3186116109482895,,,True
130,0,-265.54545478909785,0.0,2.226295586144658,,,True
130,1,-278.12674512555566,-12.581290336457812,0.37986819793981946,0.044694435647052104,0.03450018905558494,False
130,2,-279.9327750751237,-14.38732028602584,0.235853104144343,0.33747731336308195,0.3145472684191701,False
130,3,-280.66925475797956,-15.123799968881713,0.1657189781469965,0.07454890951726352,0.06319100264212124,False
130,4,-280.63012876714333,-15.084673978045487,0.2583982701812928,0.155252820063328,0.12711818742874265,False
130,5,-280.613003265844,-15.06754847674614,0.15550463531240127,0.15431685133810144,0.12958504798042364,False
130,6,-280.1786929706474,-14.63323818154953,0.16351616926259294,0.09578820297669054,0.08058078774280383,False
130,7,-280.02383997901654,-14.478385189918697,0.184942529613199,0.05074475274018337,0.038030746488414334,False
130,8,-278.010362844562,-12.46490805546415,0.3229799171413316,0.019370934792271876,0.015590822816368203,False
130,9,-265.8070840625047,-0.2616292734068679,2.3186116109482895,,,True
131,0,-265.54545478909785,0.0,2.226295586144658,,,True
131,1,-278.14232097450696,-12.596866185409112,0.37422368815105694,0.05187238231219325,0.03962013274488275,False
131,2,-279.88507864269195,-14.339623853594105,0.9974951024665086,0.9432096508666853,0.8088973302644942,False
131,3,-280.6678816228145,-15.122426833716645,0.16345302861950253,0.0614451001591621,0.05175147515282324,False
131,4,-280.6470717834587,-15.101616994360882,0.2625822431506755,0.11154341799433111,0.09066552972557643,False
131,5,-280.63081610524335,-15.085361316145509,0.11195787523293359,0.11035364664234185,0.09159555774135394,False
131,6,-280.1794304677981,-14.633975678700267,0.15916871756766368,0.058568162463115074,0.04939335339560706,False
131,7,-280.0179616147942,-14.472506825696371,0.19020826904014582,0.052623873143473346,0.037532641588670035,False
131,8,-278.01962808545875,-12.474173296360902,0.3229493638916156,0.019115918601565647,0.012985309310700755,False
131,9,-265.8070840625047,-0.2616292734068679,2.3186116109482895,,,True
132,0,-265.54545478909785,0.0,2.226295586144658,,,True
132,1,-278.14287500765147,-12.597420218553623,0.37392328955251825,0.052339391021935515,0.039903668214074865,False
132,2,-279.9190275805569,-14.373572791459026,0.7147874537646025,0.7241843152923242,0.6127233299788789,False
132,3,-280.66795836323183,-15.122503574133987,0.16541366881240396,0.04787740980075649,0.04318579680411016,False
132,4,-280.6481351645484,-15.102680375450575,0.26286574513291083,0.09300555975941346,0.07523912270938173,False
132,5,-280.6317462336931,-15.086291444595247,0.09323768609398302,0.09157076138815705,0.07449810156206985,False
132,6,-280.17949417117313,-14.634039382075287,0.1589277108206712,0.04846678130501458,0.03981662341838179,False
132,7,-280.0177307453169,-14.47227595621905,0.1900610321945135,0.052549472166022855,0.037273502281692183,False
132,8,-278.01972633130174,-12.474271542203894,0.32304194432435174,0.01833560000156109,0.013042418615673183,False
132,9,-265.8070840625047,-0.2616292734068679,2.3186116109482895,,,True
133,0,-265.54545478909785,0.0,2.226295586144658,,,True
133,1,-278.1440012514699,-12.598546462372042,0.3733951294775261,0.0533080289982575,0.04051267032657832,False
133,2,-279.958180823044,-14.412726033946171,0.30102399688258374,0.3916464181372717,0.31354157220392836,False
133,3,-280.6680159949336,-15.12256120583578,0.169333831335866,0.046871340704039394,0.044711175867868054,False
133,4,-280.6500408871444,-15.104586098046582,0.263426856859765,0.07858886828579333,0.06413957314465248,False
133,5,-280.63337356183393,-15.087918772736089,0.07345061652178672,0.05709858831730406,0.04556322005266311,False
133,6,-280.1795443663689,-14.634089577271027,0.15845868209038497,0.03302815657703701,0.029642316279444435,False
133,7,-280.01725280625783,-14.471798017159983,0.1898436861741897,0.05240714623986974,0.036777899018851215,False
133,8,-278.0199196770981,-12.474464888000227,0.3232475525538054,0.0180602889098034,0.013122914815829334,False
133,9,-265.8070840625047,-0.2616292734068679,2.3186116109482895,,,True
134,0,-265.54545478909785,0.0,2.226295586144658,,,True
134,1,-278.14579238258347,-12.60033759348562,0.37276981507561735,0.05489358185024526,0.04156297971471932,False
134,2,-279.97698589706647,-14.431531107968624,0.1730117831471653,0.1016995144745314,0.08426799697543277,False
134,3,-280.66794611129353,-15.122491322195685,0.17514314554763633,0.048400301904070984,0.04616818863661183,False
134,4,-280.6525834975989,-15.10712870850108,0.2642776567037302,0.07758473479132022,0.06550738608207764,False
134,5,-280.6354561572199,-15.090001368122046,0.07293787369650745,0.050137455928092184,0.03662282842467744,False
134,6,-280.1794777300287,-14.634022940930834,0.1577726543052464,0.033222791658020306,0.029711619148820763,False
134,7,-280.0164748045187,-14.471020015420834,0.18971863298844321,0.05220388659164228,0.036080487192605405,False
134,8,-278.0202095154875,-12.474754726389676,0.3236163112782096,0.017840603706074945,0.0131575368432245,False
134,9,-265.8070840625047,-0.2616292734068679,2.3186116109482895,,,True
135,0,-265.54545478909785,0.0,2.226295586144658,,,True
135,1,-278.14844475409444,-12.602989964996596,0.3722417777075694,0.05758844044800664,0.04326959352147794,False
135,2,-279.9732336225984,-14.427778833500554,0.4407459992105865,0.22620733145686725,0.1946015524298862,False
135,3,-280.6677493490688,-15.122294559970953,0.18219390675967703,0.04918895196149812,0.04679480985419878,False
135,4,-280.65586978412284,-15.110414995024996,0.26545023197994927,0.07685506186101594,0.06594566003959862,False
135,5,-280.63803432265956,-15.092579533561718,0.07278568489116786,0.05280019352609499,0.03887468202718264,False
135,6,-280.17924317768063,-14.633788388582786,0.15689216680114149,0.03348129050786756,0.029508876372740276,False
135,7,-280.0152979997209,-14.469843210623026,0.18997774013679836,0.051947840266008384,0.03556193152143621,False
135,8,-278.020600112474,-12.475145323376182,0.32422607816843513,0.01755274786567995,0.013035528385102808,False
135,9,-265.8070840625047,-0.2616292734068679,2.3186116109482895,,,True
136,0,-265.54545478909785,0.0,2.226295586144658,,,True
136,1,-278.14858221955353,-12.603127430455686,0.37226541887163905,0.057743177615569505,0.0433719500879539,False
136,2,-279.97388632211704,-14.428431533019193,0.43319534286511063,0.21853685529014832,0.18682852549135584,False
136,3,-280.6677542078403,-15.122299418742443,0.1821908075995747,0.049055125961505734,0.046660821991026565,False
136,4,-280.6560634369845,-15.110608647886636,0.2655061469577913,0.07687719477202479,0.06577034649889602,False
136,5,-280.63818831629123,-15.092733527193388,0.0728315821919109,0.05080439230179334,0.0369068844892932,False
136,6,-280.1792354922389,-14.633780703141042,0.1568697308745189,0.033005874742086806,0.029455120642156035,False
136,7,-280.01523458883133,-14.469779799733487,0.19006315663462256,0.0519406024483776,0.03557372656581707,False
136,8,-278.02061500249926,-12.47516021340141,0.32426322877292246,0.017539788727902298,0.01300699308578368,False
136,9,-265.8070840625047,-0.2616292734068679,2.3186116109482895,,,True
137,0,-265.54545478909785,0.0,2.226295586144658,,,True
137,1,-278.1488576676455,-12.603402878547627,0.37231024727984185,0.05805364615271433,0.043577207601928715,False
137,2,-279.9750985489137,-14.42964375981586,0.4182584474142399,0.203429245561161,0.17152257870920912,False
137,3,-280.6677615702108,-15.122306781112968,0.1821867330094446,0.04879152050515842,0.046396973230873814,False
137,4,-280.6564478251172,-15.110993036019352,0.2656179326241153,0.07692282555594224,0.06543285108922056,False
137,5,-280.63849302906806,-15.093038239970213,0.07292313246860019,0.04890192339732451,0.03636036067094187,False
137,6,-280.1792189036472,-14.633764114549365,0.15682475151830766,0.032810438731512605,0.029348998308222587,False
137,7,-280.01510741914757,-14.469652630049723,0.19023296901647105,0.05192619326151514,0.03559710618994272,False
137,8,-278.0206446100676,-12.475189820969774,0.3243366817007333,0.017513795362000838,0.012951135868745946,False
137,9,-265.8070840625047,-0.2616292734068679,2.3186116109482895,,,True
138,0,-265.54545478909785,0.0,2.226295586144658,,,True
138,1,-278.1492726746753,-12.603817885577428,0.37237120712472116,0.05852253407916105,0.04388680616471187,False
138,2,-279.97669542811917,-14.431240639021325,0.3963075281424466,0.18138565809814183,0.14919593692025007,False
138,3,-280.66776721293456,-15.122312423836718,0.1821857283982229,0.0484068247232464,0.04601222127092,False
138,4,-280.65701846215194,-15.111563673054093,0.2657857649875293,0.07699194316935307,0.06496003347232014,False
138,5,-280.63894308520884,-15.09348829611099,0.07305814347520732,0.048750707940002025,0.03617594848759893,False
138,6,-280.17919112845345,-14.633736339355607,0.15675685807154927,0.03253273405474442,0.029193260922567053,False
138,7,-280.01491555273776,-14.469460763639916,0.1904853130707415,0.051904702695879115,0.03563167502510886,False
138,8,-278.02068861913267,-12.475233830034824,0.3244447942797745,0.017474477308279602,0.012870408405319033,False
138,9,-265.8070840625047,-0.2616292734068679,2.3186116109482895,,,True
139,0,-265.54545478909785,0.0,2.226295586144658,,,True
139,1,-278.14983037144054,-12.604375582342698,0.3724407484376701,0.059154853772467306,0.04430341106466734,False
139,2,-279.9784450040137,-14.432990214915833,0.3679908019238778,0.15322888116958405,0.12084333162197262,False
139,3,-280.6677660637806,-15.122311274682772,0.18219292729041725,0.0479150379516521,0.045521126778674904,False
139,4,-280.6577711801128,-15.112316391014929,0.2660102519422489,0.07707891351596503,0.06439189764553926,False
139,5,-280.639532740787,-15.094077951689144,0.07322992402529666,0.04854708892530928,0.03594502518328048,False
139,6,-280.1791491940586,-14.63369440496075,0.15666522020965248,0.032189323718437975,0.028991923073120426,False
139,7,-280.0146572726523,-14.469202483554454,0.19081763988224873,0.05187618587167089,0.035676873669914434,False
139,8,-278.0207465858213,-12.475291796723468,0.3245852512811756,0.017421172640564194,0.012768429826841492,False
139,9,-265.8070840625047,-0.2616292734068679,2.3186116109482895,,,True
140,0,-265.54545478909785,0.0,2.226295586144658,,,True
140,1,-278.1505357692596,-12.605080980161745,0.3725092444203165,0.0599583754048996,0.044831143080996214,False
140,2,-279.98009434780874,-14.434639558710899,0.3343331137998368,0.12019687818579762,0.09392652635534021,False
140,3,-280.6677535541662,-15.122298765068365,0.18221312308613152,0.04733616193059803,0.04494460152652742,False
140,4,-280.65870416032766,-15.113249371229813,0.26629253237472467,0.07716814357454244,0.06377968995387136,False
140,5,-280.6402578119896,-15.094803022891767,0.07342478038359625,0.04828838826796987,0.03568041160532038,False
140,6,-280.1790899687975,-14.633635179699638,0.15654832078251374,0.031798905715099565,0.028750106655603305,False
140,7,-280.01432999447843,-14.468875205380584,0.19122677976818253,0.05184059193891622,0.03573197977251812,False
140,8,-278.02081792177086,-12.47536313267301,0.32475524509249387,0.017352720279865303,0.012649821505152876,False
140,9,-265.8070840625047,-0.2616292734068679,2.3186116109482895,,,True
141,0,-265.54545478909785,0.0,2.226295586144658,,,True
141,1,-278.1513955612201,-12.605940772122267,0.37256586594387403,0.060943438367881395,0.04547546052020723,False
141,2,-279.98141456069425,-14.435959771596401,0.29686698047511206,0.08413550980910979,0.06411467636163055,False
141,3,-280.66772699673754,-15.122272207639696,0.18224886989291414,0.046696708066346404,0.04431034234904768,False
141,4,-280.6598192966144,-15.114364507516541,0.2666341084087476,0.07723193214142281,0.06318216780356127,False
141,5,-280.6411170916752,-15.095662302577352,0.07362098710529204,0.047970606072750714,0.035397652579559194,False
141,6,-280.17901075520996,-14.633555966112112,0.1564037613570693,0.031379877466979164,0.028473845877327958,False
141,7,-280.0139304324849,-14.46847564338708,0.19170876168677992,0.05179769367115222,0.03579606412370029,False
141,8,-278.02090181104774,-12.47544702194989,0.3249516931542264,0.017267455593574912,0.012519930922342175,False
141,9,-265.8070840625047,-0.2616292734068679,2.3186116109482895,,,True
142,0,-265.54545478909785,0.0,2.226295586144658,,,True
142,1,-278.1524167865906,-12.60696199749276,0.3726001971051786,0.062121346369411426,0.04624224669761993,False
142,2,-279.98225012084555,-14.436795331747703,0.25775299668737,0.04924814333334177,0.04117800848638355,False
142,3,-280.6676865793688,-15.122231790270973,0.18229843157499082,0.046029368913159556,0.04365218927632984,False
142,4,-280.6611216547168,-15.115666865618948,0.2670361602951957,0.07723329921784293,0.06265887723455603,False
142,5,-280.64211221628807,-15.096657427190223,0.07379099613810032,0.04758882254306389,0.035114020302904815,False
142,6,-280.1789098501116,-14.633455061013763,0.15622825322564327,0.030948178287925912,0.02816982233917629,False
142,7,-280.01345529771083,-14.468000508612988,0.1922582272346043,0.05174704807226596,0.03586787890854798,False
142,8,-278.02099702658177,-12.475542237483921,0.32517147823386144,0.017163477605161025,0.012384376961077694,False
142,9,-265.8070840625047,-0.2616292734068679,2.3186116109482895,,,True
143,0,-265.54545478909785,0.0,2.226295586144658,,,True
143,1,-278.1537386577121,-12.60828386861425,0.37260371798497427,0.06365732595251102,0.04723738044487967,False
143,2,-279.982566165032,-14.437111375934137,0.21580775254735288,0.04961381349089168,0.04251552027850863,False
143,3,-280.667629581587,-15.122174792489147,0.18236064686546316,0.04530109028548019,0.04293926415801152,False
143,4,-280.662784351244,-15.117329562146153,0.2675500943771311,0.07711979776582228,0.062223729397383264,False
143,5,-280.6433722825665,-15.097917493468628,0.07391750150583436,0.047086996639174025,0.034818909827123865,False
143,6,-280.1787727664103,-14.633317977312458,0.15599393006209605,0.03046996404100047,0.027809384508510147,False
143,7,-280.0128400886945,-14.467385299596629,0.1929351725570875,0.05168134076518088,0.035954223273581803,False
143,8,-278.0211132436659,-12.475658454568077,0.3254382493382752,0.01702511274526323,0.012233873809841655,False
143,9,-265.8070840625047,-0.2616292734068679,2.3186116109482895,,,True
144,0,-265.54545478909785,0.0,2.226295586144658,,,True
144,1,-278.155431014202,-12.609976225104162,0.37256580520532184,0.06563767012424698,0.04851631437222085,False
144,2,-279.9823195626162,-14.43686477351838,0.20351316788140186,0.07489921445624005,0.06670695724708711,False
144,3,-280.6675589774815,-15.122104188383673,0.18241948005378503,0.04455219965083886,0.042211885343349936,False
144,4,-280.66488888872993,-15.119434099632088,0.2681957444229323,0.07682934983085139,0.06194501313619083,False
144,5,-280.6449542476519,-15.099499458554078,0.07396384271960404,0.04643240061938485,0.034531466560534914,False
144,6,-280.1785919884046,-14.63313719930676,0.15568155043133164,0.029949170924376635,0.02738944737934463,False
144,7,-280.0120533878087,-14.466598598710846,0.193752791953787,0.051595978392989336,0.036054728410302744,False
144,8,-278.02125104869185,-12.475796259594006,0.3257592330714298,0.016844056011307656,0.012071171763798464,False
144,9,-265.8070840625047,-0.2616292734068679,2.3186116109482895,,,True
145,0,-265.54545478909785,0.0,2.226295586144658,,,True
145,1,-278.15757219021526,-12.612117401117416,0.3724875343349111,0.06815648964691474,0.05014202131863158,False
145,2,-279.98169397174416,-14.436239182646318,0.21123970089639407,0.10721036372721347,0.09825315224755557,False
145,3,-280.66747993042793,-15.122025141330084,0.1824443052959597,0.04383313275391835,0.04151616423618354,False
145,4,-280.6675233043315,-15.12206851523365,0.268990613642466,0.0765181357055449,0.06204311989459069,False
145,5,-280.64691759448135,-15.101462805383505,0.07391094576211764,0.04558729833617417,0.03426802792488369,False
145,6,-280.1783594452977,-14.632904656199855,0.15526646265629304,0.029386801635422188,0.026904423983556847,False
145,7,-280.01106136075026,-14.465606571652415,0.19472068503098158,0.051484567864596334,0.03616709618340404,False
145,8,-278.0214087289577,-12.475953939859835,0.32614552543561437,0.016612952530030884,0.011896772355851445,False
145,9,-265.8070840625047,-0.2616292734068679,2.3186116109482895,,,True
146,0,-265.54545478909785,0.0,2.226295586144658,,,True
146,1,-278.1602558514569,-12.61480106235905,0.37239237022734506,0.07131789944211936,0.05218802604381076,False
146,2,-279.9810802270091,-14.435625437911256,0.21712458651120678,0.1258298145341418,0.11599296491328966,False
146,3,-280.6673953716775,-15.121940582579668,0.18239092879943666,0.04337869999774856,0.04104886154393981,False
146,4,-280.6707834481866,-15.12532865908878,0.2699351601884446,0.08870799118736428,0.07400688074708565,False
146,5,-280.6493212037257,-15.103866414627873,0.07377669867325566,0.04450762674499698,0.03403099494001385,False
146,6,-280.17806404721057,-14.632609258112723,0.15471696220050574,0.028778116251481523,0.02634064840929978,False
146,7,-280.0098258475207,-14.464371058422842,0.19584769656886758,0.05133784716028818,0.036286626543259294,False
146,8,-278.02158161934926,-12.476126830251417,0.326616407815367,0.016326458213840038,0.011705560545222251,False
146,9,-265.8070840625047,-0.2616292734068679,2.3186116109482895,,,True
147,0,-265.54545478909785,0.0,2.226295586144658,,,True
147,1,-278.1635992065993,-12.618144417501469,0.3723373807330406,0.07523273540570873,0.05473828661697333,False
147,2,-279.98086364702624,-14.435408857928394,0.2205115763107693,0.12420470441009868,0.11381164631500294,False
147,3,-280.6673023357228,-15.121847546624963,0.18214478004649862,0.043037219518133066,0.040657855468014814,False
147,4,-280.6749304636437,-15.129475674545859,0.2698076690170715,0.09891050215945382,0.08407431412366932,False
147,5,-280.65221653946554,-15.106761750367696,0.07362102440690356,0.043145830417100954,0.033793403483502904,False
147,6,-280.1776888083457,-14.632234019247846,0.15399390623443462,0.02810536872628364,0.02567051004976358,False
147,7,-280.00830296981513,-14.462848180717288,0.19714528975937157,0.05114260640539413,0.03640537831535235,False
147,8,-278.02176101713815,-12.4763062280403,0.3272037097248338,0.01598224084595362,0.011484087899674192,False
147,9,-265.8070840625047,-0.2616292734068679,2.3186116109482895,,,True
148,0,-265.54545478909785,0.0,2.226295586144658,,,True
148,1,-278.1677686742945,-12.622313885196661,0.37242352035878173,0.08002386473473806,0.05789091913454858,False
148,2,-279.9810852380792,-14.435630448981328,0.22115782398433104,0.09870312263597773,0.08809990250539738,False
148,3,-280.6671931554183,-15.121738366320471,0.18155259449858166,0.04275490453706886,0.040254570155638,False
148,4,-280.6803419212665,-15.134887132168672,0.2670996283169264,0.10647670065532114,0.09160254196063976,False
148,5,-280.6556551366419,-15.110200347544037,0.07352851763119661,0.041442068752625565,0.033485303868249175,False
148,6,-280.1772077119776,-14.631752922879741,0.15304819573859899,0.02731707278907946,0.024845320637172895,False
148,7,-280.0064355538101,-14.460980764712247,0.1986354346815468,0.050879477124444634,0.03651076345671782,False
148,8,-278.02193243728584,-12.476477648187995,0.32795795600289807,0.015579921376163878,0.011209420205022698,False
148,9,-265.8070840625047,-0.2616292734068679,2.3186116109482895,,,True
149,0,-265.54545478909785,0.0,2.226295586144658,,,True
149,1,-278.17300495346103,-12.627550164363186,0.3728012610682243,0.08579694300606373,0.06174118218085397,False
149,2,-279.9812073770356,-14.43575258793777,0.21939524602080437,0.05265925147146848,0.0407877816153425,False
149,3,-280.66706749934883,-15.121612710250986,0.18041161975163386,0.042392833906295925,0.03965585671059686,False
149,4,-280.6875301669059,-15.142075377808055,0.2602976981226519,0.11138149317902624,0.09640284550185386,False
149,5,-280.65969613266674,-15.114241343568892,0.07358184492481583,0.03931698870134989,0.032982253666656844,False
149,6,-280.1765866729821,-14.63113188388428,0.15182423270395765,0.02629993766206371,0.023793100599325257,False
149,7,-280.0041497190088,-14.458694929910962,0.20035566393166127,0.050521135016831684,0.036582180806783195,False
149,8,-278.0220718428724,-12.476617053774532,0.3289502397146188,0.015120689562796346,0.010852861718128479,False
149,9,-265.8070840625047,-0.2616292734068679,2.3186116109482895,,,True
150,0,-265.54545478909785,0.0,2.226295586144658,,,True
150,1,-278.1796485469931,-12.634193757895275,0.37365528772331924,0.09254258586071135,0.06694806518515191,False
150,2,-279.98040228401464,-14.434947494916798,0.2667549120407299,0.030986039742778332,0.024338158435176557,False
150,3,-280.6669496118742,-15.121494822776356,0.17846549760050312,0.041717850526630726,0.03859184796501974,False
150,4,-280.69712809314797,-15.15167330405012,0.24844851210181823,0.11526557761191412,0.09879371162735097,False
150,5,-280.6644141843126,-15.118959395214745,0.07383220527461823,0.036811341520887976,0.032115498526842916,False
150,6,-280.17578866287613,-14.630333873778284,0.15027275150200303,0.024884004291614144,0.022429804348401496,False
150,7,-280.0013566383435,-14.455901849245663,0.2023598080406049,0.05003168738794986,0.036585318487024,False
150,8,-278.0221402439722,-12.47668545487437,0.33026212419442474,0.014607097019980246,0.010393941351536545,False
150,9,-265.8070840625047,-0.2616292734068679,2.3186116109482895,,,True
151,0,-265.54545478909785,0.0,2.226295586144658,,,True
151,1,-278.18815694450916,-12.642702155411314,0.37515492244734255,0.09992303902840347,0.07377269685490993,False
151,2,-279.9784655587333,-14.433010769635473,0.3214318934539391,0.06874638509237242,0.06786124169999015,False
151,3,-280.6668861552357,-15.12143136613787,0.17544366900756997,0.04043605118796399,0.03678324100970573,False
151,4,-280.70982381552164,-15.164369026423799,0.23186473258637205,0.11559305859762818,0.09946357346602237,False
151,5,-280.6698826472081,-15.124427858110266,0.07424056998809327,0.03510362436735524,0.03073349722398068,False
151,6,-280.17477767539344,-14.629322886295597,0.14836949260036733,0.02294377392200415,0.020693605103408154,False
151,7,-279.99796325528837,-14.452508466190523,0.2047080908320339,0.04936846668734733,0.0364649449637567,False
151,8,-278.0220784576871,-12.47662366858924,0.3319552128060838,0.014042464708215283,0.009845145131412613,False
151,9,-265.8070840625047,-0.2616292734068679,2.3186116109482895,,,True
152,0,-265.54545478909785,0.0,2.226295586144658,,,True
152,1,-278.19913286206565,-12.653678072967807,0.3774153565974663,0.10700808875391353,0.08121790485976577,False
152,2,-279.976284054133,-14.430829265035129,0.34519726605621825,0.08862175753109562,0.08835559020472565,False
152,3,-280.6669168974063,-15.121462108308435,0.17115377829804837,0.03825863869030474,0.03405721949267702,False
152,4,-280.72632745770653,-15.180872668608686,0.2123683139556571,0.11609437529482111,0.09930814932429395,False
152,5,-280.6761285628671,-15.130673773769274,0.07460631165454576,0.033083877946505524,0.02879685228814359,False
152,6,-280.17351154809575,-14.6280567589979,0.14610889824150497,0.020534659551980982,0.018581965108004143,False
152,7,-279.99387949895265,-14.448424709854805,0.2074507794945238,0.04847859462696294,0.03613911966890097,False
152,8,-278.02180141124086,-12.476346622143012,0.3340409139567977,0.013430654284889175,0.009616730491449411,False
152,9,-265.8070840625047,-0.2616292734068679,2.3186116109482895,,,True
153,0,-265.54545478909785,0.0,2.226295586144658,,,True
153,1,-278.21338600896263,-12.667931219864784,0.3805465338796709,0.11215907277735251,0.0884538418715821,False
153,2,-279.97462963107387,-14.429174841976021,0.32304004440205364,0.06602884920876477,0.0647881624352505,False
153,3,-280.6670884985547,-15.12163370945683,0.16554186375219765,0.03496913193739074,0.030401173444683873,False
153,4,-280.747465080644,-15.202010291546173,0.19283456800194068,0.11577865008453417,0.09909147493794569,False
153,5,-280.6831164591265,-15.137661670028649,0.07470231416494844,0.031274913463206495,0.02642631083005674,False
153,6,-280.17193332201737,-14.62647853291952,0.14344636614646727,0.01787096351965901,0.01615119874206169,False
153,7,-279.98900811784563,-14.443553328747782,0.21061563593956184,0.047282593870308885,0.0354941423151371,False
153,8,-278.0211844035789,-12.475729614481054,0.3364903417313524,0.012788703737203411,0.009680789834698753,False
153,9,-265.8070840625047,-0.2616292734068679,2.3186116109482895,,,True
154,0,-265.54545478909785,0.0,2.226295586144658,,,True
154,1,-278.231977673395,-12.686522884297176,0.384771669503561,0.11283062279383041,0.09376589114154447,False
154,2,-279.9725441610128,-14.427089371914974,0.2583458708900463,0.029173200971193632,0.025663861548775938,False
154,3,-280.6675469261073,-15.122092137009474,0.15859005940894955,0.030549634313728515,0.02717893653973635,False
154,4,-280.77429216694577,-15.228837377847924,0.17600247733658186,0.11472351941772892,0.09884338523489328,False
154,5,-280.6908118329261,-15.145357043828255,0.07466655733760533,0.030953636224436375,0.024129014644698518,False
154,6,-280.1699843548954,-14.624529565797559,0.1402086448525401,0.016186891466494328,0.014079684828601242,False
154,7,-279.9832313518049,-14.437776562707029,0.2141905701447608,0.0456478852633936,0.03438670725486687,False
154,8,-278.020038111902,-12.474583322804165,0.33930212702178414,0.012188245495008083,0.009825961189658075,False
154,9,-265.8070840625047,-0.2616292734068679,2.3186116109482895,,,True
155,0,-265.54545478909785,0.0,2.226295586144658,,,True
155,1,-278.2559329438638,-12.710478154765951,0.3904061618494757,0.10051658795448053,0.08959295131263575,False
155,2,-279.96876194850415,-14.423307159406306,0.22021731772016223,0.06252068259738773,0.057299376080352564,False
155,3,-280.6685508974293,-15.123096108331481,0.150034748143544,0.033572269113633556,0.030180486461425262,False
155,4,-280.80780678267547,-15.262351993577624,0.16118538892725354,0.11332715383799301,0.09754794931516518,False
155,5,-280.6992147312368,-15.153759942138947,0.07497933324228279,0.030793535379932232,0.0234552776871659,False
155,6,-280.1676197941962,-14.622165005098338,0.13606685925013773,0.016677242070439916,0.013396940915330275,False
155,7,-279.97642240183643,-14.430967612738584,0.2180969491869612,0.0433672659708682,0.032666264644900626,False
155,8,-278.0180859035872,-12.472631114489332,0.34261699344801155,0.011790910338528342,0.010100210999252186,False
155,9,-265.8070840625047,-0.2616292734068679,2.3186116109482895,,,True
156,0,-265.54545478909785,0.0,2.226295586144658,,,True
156,1,-278.28196384064313,-12.736509051545283,0.3963946406277895,0.062349311574849936,0.05112374611818522,False
156,2,-279.9648991147616,-14.419444325663733,0.21298819383490733,0.06157286558549243,0.05662374973419145,False
156,3,-280.670315445453,-15.124860656355168,0.13997246740764904,0.03892131104319073,0.03458598212729354,False
156,4,-280.8455474290246,-15.300092639926731,0.14189581378958813,0.11215653418973259,0.09468693339803158,False
156,5,-280.70768447982545,-15.1622296907276,0.07575998027834212,0.030965895942493483,0.02315947744142753,False
156,6,-280.1649792532837,-14.619524464185872,0.13109574422920905,0.01811114011101462,0.014354685495420051,False
156,7,-279.96898926227936,-14.423534473181519,0.22192856761617627,0.04039446827877965,0.03037892094410742,False
156,8,-278.01515720557506,-12.469702416477219,0.34647701188769225,0.011745671396573766,0.01058791041145243,False
156,9,-265.8070840625047,-0.2616292734068679,2.3186116109482895,,,True
157,0,-265.54545478909785,0.0,2.226295586144658,,,True
157,1,-278.3002118752416,-12.75475708614374,0.39673051875308063,0.11963956501752535,0.08987155207883686,False
157,2,-279.9613453531557,-14.415890564057861,0.22789064762295733,0.03401685559286918,0.022684313030331717,False
157,3,-280.6730903641964,-15.127635575098566,0.12913818872865093,0.04618609168700869,0.04053986524201103,False
157,4,-280.88251987650506,-15.337065087407211,0.1179618381767787,0.11087908436807405,0.09189040568248413,False
157,5,-280.71542912217376,-15.169974333075913,0.07636341514151442,0.0315147091829651,0.0232606189577049,False
157,6,-280.1623666239409,-14.616911834843052,0.12603256379418715,0.019450391769132092,0.01541705772563949,False
157,7,-279.96171621470097,-14.416261425603125,0.22522882662358693,0.03700111693655825,0.02780448467422853,False
157,8,-278.01133960777327,-12.46588481867542,0.3505857982066132,0.012690939096759227,0.011351513882963873,False
157,9,-265.8070840625047,-0.2616292734068679,2.3186116109482895,,,True
158,0,-265.54545478909785,0.0,2.226295586144658,,,True
158,1,-278.31089723077616,-12.765442441678317,0.3805799441230844,0.2189596531699176,0.17285681236345823,False
158,2,-279.95695422305903,-14.411499433961183,0.2802735533428662,0.0508020960585948,0.048682738935817545,False
158,3,-280.6774242447729,-15.131969455675062,0.1172665751411122,0.056201086376849445,0.04889597522760171,False
158,4,-280.91883117843037,-15.37337638933252,0.10075952764800963,0.1078378879303765,0.08995547546887661,False
158,5,-280.7229068770289,-15.177452087931044,0.0766872524429241,0.03255574537015948,0.0235671805352474,False
158,6,-280.15976821095177,-14.614313421853922,0.12103204102130424,0.020452239873014505,0.015084714153108268,False
158,7,-279.95442187474674,-14.408967085648897,0.22822477712671657,0.03316528752947012,0.02484588296803288,False
158,8,-278.00644437688874,-12.460989587790891,0.3549343486020768,0.013987542419357048,0.012462418308921652,False
158,9,-265.8070840625047,-0.2616292734068679,2.3186116109482895,,,True
159,0,-265.54545478909785,0.0,2.226295586144658,,,True
159,1,-278.32570786563036,-12.780253076532517,0.3480107513383321,0.19340200290770154,0.16282878091496122,False
159,2,-279.9531518535259,-14.407697064428078,0.2857878039278846,0.04653090045704989,0.04456253043792131,False
159,3,-280.683911965829,-15.138457176731151,0.1047549699102263,0.06953746271373619,0.06031620158338932,False
159,4,-280.9536405637439,-15.408185774646029,0.08635798593429023,0.10124878891859594,0.0864510888679442,False
159,5,-280.7302434537274,-15.184788664629536,0.07729816538843269,0.034211734348053864,0.024180753704320917,False
159,6,-280.1572424640232,-14.611787674925381,0.1160832898076794,0.0216277241230257,0.01554845511407028,False
159,7,-279.947147401425,-14.401692612327167,0.23114468564108612,0.028980223516463795,0.021455020121316497,False
159,8,-278.00049154829287,-12.455036759195025,0.35950078042951733,0.015704302563468983,0.013969401754997491,False
159,9,-265.8070840625047,-0.2616292734068679,2.3186116109482895,,,True
160,0,-265.54545478909785,0.0,2.226295586144658,,,True
160,1,-278.34341873534345,-12.797963946245602,0.32134975793290754,0.12171269597309227,0.10400199701159338,False
160,2,-279.9499866505913,-14.404531861493467,0.25040812683041574,0.041316930640920346,0.027966090144192827,False
160,3,-280.69348815924275,-15.148033370144901,0.09222812914619935,0.08597271096244968,0.07472547541594339,False
160,4,-280.985910822404,-15.440456033306134,0.08922923266286212,0.09032982782001246,0.07764775735549395,False
160,5,-280.73748480923473,-15.192030020136883,0.07828050590444816,0.03648112977369412,0.026366118835495424,False
160,6,-280.1549184650091,-14.609463675911229,0.11112924992277189,0.02288174824536712,0.016359974410136036,False
160,7,-279.94009615504865,-14.394641365950804,0.23407756457933654,0.024658292630883108,0.017887168088369317,False
160,8,-277.9935862988412,-12.448131509743348,0.3644035438061758,0.017914840146330692,0.015961610442026732,False
160,9,-265.8070840625047,-0.2616292734068679,2.3186116109482895,,,True
161,0,-265.54545478909785,0.0,2.226295586144658,,,True
161,1,-278.357539040292,-12.812084251194165,0.35638690068701384,0.08105642051334205,0.06954066784688541,False
161,2,-279.94696432371745,-14.401509534619606,0.21897549921842796,0.04231146908815492,0.03772429406983156,False
161,3,-280.70751587574216,-15.162061086644314,0.09510487043581764,0.10394990349740375,0.08948390809142022,False
161,4,-281.01557876247773,-15.470123973379884,0.10047403173179079,0.10061957114000428,0.08642473079659094,False
161,5,-280.74483723133585,-15.199382442238004,0.07920619957795914,0.03932263632522067,0.030923753554912135,False
161,6,-280.15286367047725,-14.6074088813794,0.10614447869843206,0.024055345027604837,0.017560761980478123,False
161,7,-279.93331911020283,-14.387864321104985,0.2369884389186469,0.020294434607329877,0.014465559694792879,False
161,8,-277.9857369225918,-12.440282133493952,0.36990411884089736,0.02077460437746076,0.018608240689532003,False
161,9,-265.8070840625047,-0.2616292734068679,2.3186116109482895,,,True
162,0,-265.54545478909785,0.0,2.226295586144658,,,True
162,1,-278.3662668682774,-12.820812079179575,0.3744453861810743,0.09004317679998675,0.07767435318858638,False
162,2,-279.94515822377275,-14.399703434674905,0.22193163156320184,0.041135395418587836,0.03227634415126976,False
162,3,-280.7272344800365,-15.18177969093864,0.10072754942408454,0.11254324861238853,0.09270016049336813,False
162,4,-281.04321052138084,-15.497755732282997,0.11373280262845886,0.11265180767677675,0.0979737651512649,False
162,5,-280.7524856760181,-15.207030886920279,0.08001446498490716,0.04271660462218621,0.03628931733683267,False
162,6,-280.1511313961309,-14.605676607033047,0.10130228839673308,0.025068227165328697,0.01966845020680387,False
162,7,-279.92683838950956,-14.38138360041171,0.23969894710907566,0.015966958130906105,0.011283007565143392,False
162,8,-277.97701714212224,-12.43156235302439,0.37607510592801713,0.024571398272263137,0.0221008665347364,False
162,9,-265.8070840625047,-0.2616292734068679,2.3186116109482895,,,True
163,0,-265.54545478909785,0.0,2.226295586144658,,,True
163,1,-278.37126364808466,-12.825808858986818,0.3719738995130084,0.14299768434401988,0.11055618341622907,False
163,2,-279.9443817382006,-14.398926949102758,0.253723734278552,0.0409833687368469,0.03321615445483501,False
163,3,-280.751200522533,-15.205745733435151,0.08862422775207432,0.09567254715794377,0.08245374405383935,False
163,4,-281.0696681020652,-15.524213312967333,0.12815564434127377,0.12572049145670075,0.1104606176975388,False
163,5,-280.7605634764519,-15.215108687354075,0.08116786699650351,0.04664190697281167,0.041181875583534464,False
163,6,-280.1497812071526,-14.604326418054768,0.09678296696132557,0.026086362291563404,0.021315283519130323,False
163,7,-279.92070835115544,-14.375253562057594,0.24205360647067214,0.011833329441067077,0.008204189843561653,False
163,8,-277.9676154769256,-12.422160687827727,0.38284248878587995,0.029734568889348563,0.026739251574655537,False
163,9,-265.8070840625047,-0.2616292734068679,2.3186116109482895,,,True
164,0,-265.54545478909785,0.0,2.226295586144658,,,True
164,1,-278.37620096330795,-12.830746174210105,0.3577922275291216,0.07916165770781526,0.05897258234880061,False
164,2,-279.94455036977723,-14.399095580679386,0.2735708696194109,0.038512121884871416,0.03116961056714261,False
164,3,-280.77230651834157,-15.22685172924372,0.10109972753198793,0.10600653166570473,0.07547599726244325,False
164,4,-281.095791065227,-15.550336276129144,0.14185087160182588,0.13814077503202135,0.12210751656865948,False
164,5,-280.7691240379607,-15.223669248862848,0.08271813233400295,0.05103377058592627,0.045240020424768684,False
164,6,-280.1488496771409,-14.603394888043056,0.09259022499118058,0.02699055735266852,0.022130669541375582,False
164,7,-279.9149849796927,-14.369530190594844,0.24404765728300218,0.008058259017059323,0.005569640302084449,False
164,8,-277.95780376233097,-12.412348973233122,0.39022475671776535,0.036872487665601736,0.03304584561326356,False
164,9,-265.8070840625047,-0.2616292734068679,2.3186116109482895,,,True
165,0,-265.54545478909785,0.0,2.226295586144658,,,True
165,1,-278.37917873541556,-12.833723946317718,0.3605714472086158,0.05395933110745974,0.052331247368916874,False
165,2,-279.9463004968484,-14.400845707750534,0.25963862853769637,0.03277970109057465,0.027580129959674612,False
165,3,-280.78660855407225,-15.241153764974399,0.19321020894478852,0.19552300389133329,0.18078928583214343,False
165,4,-281.1227025404082,-15.57724775131038,0.1518556122828272,0.1470829597380125,0.13066526522849575,False
165,5,-280.7783724697305,-15.232917680632681,0.08444106780178297,0.055869520036156035,0.049155544164161645,False
165,6,-280.14836213289016,-14.60290734379231,0.08854212268130732,0.027828717022008006,0.02325857988418267,False
165,7,-279.9096360492547,-14.36418126015684,0.24576285147216737,0.006671080375080269,0.005108203727246573,False
165,8,-277.94778071777483,-12.402325928676987,0.39851226909280557,0.047051408850934104,0.04194451250436544,False
165,9,-265.8070840625047,-0.2616292734068679,2.3186116109482895,,,True
166,0,-265.54545478909785,0.0,2.226295586144658,,,True
166,1,-278.3790427052638,-12.833587916165982,0.35984876106756664,0.06116852515333497,0.055795389922472,False
166,2,-279.9493085363232,-14.403853747225355,0.22773495934100463,0.025975480085626168,0.023429339327906654,False
166,3,-280.802826807526,-15.257372018428157,0.17370051269621406,0.17557606662651876,0.15539365347655745,False
166,4,-281.1506533234197,-15.605198534321858,0.15329850309299123,0.148061074164044,0.13309373558586135,False
166,5,-280.78843208673237,-15.242977297634525,0.0864213349846763,0.06115944443203166,0.0530396187586328,False
166,6,-280.1483335435544,-14.602878754456526,0.08453563594708816,0.028632103047594903,0.024886792136278278,False
166,7,-279.90465465452866,-14.35919986543081,0.24719582308287516,0.006132791819407071,0.004535023615442823,False
166,8,-277.937996385951,-12.392541596853164,0.4080085144115322,0.06181481494890047,0.0546801179733179,False
166,9,-265.8070840625047,-0.2616292734068679,2.3186116109482895,,,True
167,0,-265.54545478909785,0.0,2.226295586144658,,,True
167,1,-278.3760189559507,-12.830564166852866,0.3495227764608735,0.03801747400463923,0.03280789252860863,False
167,2,-279.95366472874684,-14.408209939648998,0.2071347740001312,0.02588037212127763,0.024807089365559774,False
167,3,-280.8208257773881,-15.275370988290263,0.09311478168801622,0.09164579935844196,0.07660319531570496,False
167,4,-281.17857121648285,-15.633116427385005,0.13827984810630375,0.13353051245444605,0.12406493604942402,False
167,5,-280.7992696666473,-15.253814877549473,0.0883640949548871,0.06684201686539627,0.055632139984878384,False
167,6,-280.14878816370975,-14.603333374611907,0.08430755074241975,0.029287017497123,0.025938677602064208,False
167,7,-279.90014238322544,-14.354687594127597,0.24820388770514096,0.006621768519120409,0.004208528382324265,False
167,8,-277.9293976039032,-12.38394281480538,0.419022003614248,0.08316080908531556,0.07288488236172982,False
167,9,-265.8070840625047,-0.2616292734068679,2.3186116109482895,,,True
168,0,-265.54545478909785,0.0,2.226295586144658,,,True
168,1,-278.37086193422294,-12.825407145125098,0.3394200959129199,0.06727223374673495,0.06056235329644619,False
168,2,-279.95966864679633,-14.414213857698485,0.21029473409520497,0.018456263193627517,0.01683475148580909,False
168,3,-280.83756537963126,-15.292110590533412,0.08809749859343535,0.09203141119951734,0.06822063608861074,False
168,4,-281.20398784629185,-15.658533057194006,0.09370298469095231,0.0920449898436866,0.0914292061943304,False
168,5,-280.81098457091196,-15.26552978181411,0.08971158281523213,0.07291443048153909,0.05668402853334686,False
168,6,-280.1497434280521,-14.604288638954245,0.08451141312214966,0.02971268160270329,0.026314163129573655,False
168,7,-279.89613016057785,-14.350675371480008,0.24866611408978945,0.006795377153941484,0.004857142192256234,False
168,8,-277.9234643380307,-12.37800954893288,0.4323415375530082,0.11364535943156871,0.09855532647335141,False
168,9,-265.8070840625047,-0.2616292734068679,2.3186116109482895,,,True
169,0,-265.54545478909785,0.0,2.226295586144658,,,True
169,1,-278.3651922731271,-12.819737484029247,0.34517503960129703,0.05662974604309613,0.051712800575741034,False
169,2,-279.96702335606784,-14.421568566969995,0.2209635768606875,0.019149001401176254,0.015787903378247668,False
169,3,-280.8543930102426,-15.308938221144729,0.11123137274302505,0.11001753763568867,0.10795984467009319,False
169,4,-281.22215201991435,-15.676697230816501,0.09831848543406245,0.09295363423744087,0.07705489601118647,False
169,5,-280.8236479241941,-15.278193135096274,0.0956153737144729,0.07920821331342599,0.056817635625052765,False
169,6,-280.1512006080145,-14.60574581891666,0.08461338505402649,0.030055849067306826,0.026948507048914105,False
169,7,-279.892637412434,-14.347182623336153,0.248561329686152,0.007175416267651567,0.005804689934577564,False
169,8,-277.9229721497576,-12.377517360659738,0.45658112677457585,0.15421247680480085,0.1317963346466347,False
169,9,-265.8070840625047,-0.2616292734068679,2.3186116109482895,,,True
170,0,-265.54545478909785,0.0,2.226295586144658,,,True
170,1,-278.35871394972037,-12.813259160622522,0.361866552835554,0.025758478354466662,0.022959771357632948,False
170,2,-279.9757504536468,-14.430295664548964,0.21586920989499717,0.02086065890586753,0.015747155340448703,False
170,3,-280.871278479589,-15.325823690491177,0.0920215539819526,0.09368210212041453,0.08779488065917009,False
170,4,-281.2312112662786,-15.685756477180746,0.18790715971273583,0.1834823117669987,0.1202864114300166,False
170,5,-280.837351038301,-15.291896249203148,0.10264735300781906,0.08520406017558801,0.061646461878040355,False
170,6,-280.15316033670405,-14.607705547606201,0.08458128798660448,0.030320955109794705,0.027733413803201566,False
170,7,-279.88968007907306,-14.344225289975213,0.24792060631091103,0.008187345645802332,0.007013935180828394,False
170,8,-277.93280444174707,-12.38734965264922,0.5443879584051924,0.2001211836636889,0.17258510272043634,False
170,9,-265.8070840625047,-0.2616292734068679,2.3186116109482895,,,True
171,0,-265.54545478909785,0.0,2.226295586144658,,,True
171,1,-278.35121615492346,-12.805761365825617,0.37285165575773355,0.028085659285325245,0.027175818793167723,False
171,2,-279.985584958569,-14.44013016947116,0.19452899516959915,0.02225797034018328,0.018007557706052578,False
171,3,-280.8865557188768,-15.341100929778975,0.09342288342760918,0.0710849724584908,0.07059640343647369,False
171,4,-281.24140660840726,-15.695951819309414,0.23466038067459716,0.24537406373985227,0.1704076952632447,False
171,5,-280.851870626654,-15.30641583755613,0.1088049042569001,0.08996011713449124,0.06662451704981685,False
171,6,-280.1555606485228,-14.610105859424948,0.08433268758786573,0.03037289527855368,0.027952341246222503,False
171,7,-279.88729129885246,-14.341836509754614,0.2467634114530257,0.012361890273103542,0.00875844193337088,False
171,8,-277.95974003277655,-12.414285243678705,0.6496011513279535,0.2447068573326008,0.21932705984653195,False
171,9,-265.8070840625047,-0.2616292734068679,2.3186116109482895,,,True
172,0,-265.54545478909785,0.0,2.226295586144658,,,True
172,1,-278.34401193717906,-12.798557148081215,0.37490570571978726,0.03125122762547466,0.030095849378441845,False
172,2,-279.99577531458027,-14.450320525482425,0.1741469039287929,0.024391617928712566,0.019846642488503083,False
172,3,-280.9003090228275,-15.354854233729668,0.10272899605636283,0.07482200561447949,0.06734176193102517,False
172,4,-281.2595223663235,-15.714067577225649,0.19607666869847662,0.20703348085943357,0.1732944903435123,False
172,5,-280.8663889380531,-15.320934148955246,0.11288909149742007,0.0924465973507719,0.07025365754993741,False
172,6,-280.15822849582867,-14.61277370673082,0.08393128382230301,0.030257021904625307,0.02779904746203552,False
172,7,-279.88551902267886,-14.340064233581018,0.2450998284409555,0.018014555126501693,0.012813267341360199,False
172,8,-278.01174620961973,-12.466291420521884,0.8011804242509948,0.29819076268905664,0.2743503092873473,False
172,9,-265.8070840625047,-0.2616292734068679,2.3186116109482895,,,True
173,0,-265.54545478909785,0.0,2.226295586144658,,,True
173,1,-278.3378917293446,-12.792436940246773,0.37456198706075555,0.02612827811964004,0.02148234522624061,False
173,2,-280.0058369393697,-14.460382150271869,0.1655115366184131,0.02559277304785302,0.020790599404411254,False
173,3,-280.91341905887566,-15.367964269777815,0.10997644952506941,0.07996861878691722,0.07105665539118618,False
173,4,-281.2781586674914,-15.732703878393579,0.12118973238875998,0.1311114660750544,0.1287269977376185,False
173,5,-280.8801152320632,-15.334660442965344,0.11418770073104777,0.09221375424753368,0.07211241710783847,False
173,6,-280.1609876699612,-14.615532880863327,0.08347501749512451,0.030089567441662874,0.027709650682351296,False
173,7,-279.88434260166605,-14.338887812568203,0.24296624066969352,0.024991985452433724,0.018129032645448698,False
173,8,-278.0928204853292,-12.547365696231338,0.8873873422942673,0.26767936248294955,0.24315629330534852,False
173,9,-265.8070840625047,-0.2616292734068679,2.3186116109482895,,,True
174,0,-265.54545478909785,0.0,2.226295586144658,,,True
174,1,-278.33286214984616,-12.787407360748318,0.37517537281339575,0.03837027179515034,0.02665331427750238,False
174,2,-280.0157407060424,-14.470285916944533,0.16693501690194176,0.026091025440993284,0.021487102344901213,False
174,3,-280.926282302365,-15.38082751326715,0.11611987544226521,0.08413163317540133,0.0709063847584679,False
174,4,-281.29226504226335,-15.746810253165506,0.09509020743641113,0.08884825697777697,0.06801760340480315,False
174,5,-280.89303016856223,-15.347575379464388,0.11262163984722072,0.08933633979392672,0.07214772455060645,False
174,6,-280.16381624689495,-14.618361457797107,0.08298804872666984,0.029888345660045067,0.02768965396908394,False
174,7,-279.8836549880149,-14.338200198917036,0.24035562291604998,0.03287978686615708,0.024512812040711904,False
174,8,-278.16401467154674,-12.618559882448892,0.5989408256297513,0.26531847123356483,0.22254120072999461,False
174,9,-265.8070840625047,-0.2616292734068679,2.3186116109482895,,,True
175,0,-265.54545478909785,0.0,2.226295586144658,,,True
175,1,-278.32849388099305,-12.783039091895205,0.3754631205418555,0.03322775926673223,0.027074861707847456,False
175,2,-280.02654989898383,-14.481095109885985,0.17139179500675814,0.02629883154387524,0.02212476357722714,False
175,3,-280.9402580855639,-15.39480329646608,0.12383970595756626,0.08974535260210902,0.07000880639042947,False
175,4,-281.30367310882605,-15.7582183197282,0.12508264630095228,0.12249335010618562,0.0905017398849454,False
175,5,-280.9065405048824,-15.361085715784554,0.10755943185825202,0.0832261608514645,0.069975743366031,False
175,6,-280.1670560236355,-14.62160123453765,0.08241599012268687,0.029607058163668744,0.02752991834444718,False
175,7,-279.8833200366968,-14.337865247598927,0.23690209241196802,0.040798535227086666,0.03118019049885602,False
175,8,-278.1739413271203,-12.628486538022457,0.5826493298321014,0.5990052673000091,0.5421457361905266,False
175,9,-265.8070840625047,-0.2616292734068679,2.3186116109482895,,,True
176,0,-265.54545478909785,0.0,2.226295586144658,,,True
176,1,-278.3300217388198,-12.784566949721977,0.36783887109749486,0.019755982693238933,0.01912517658516035,False
176,2,-280.0311184453337,-14.485663656235829,0.15864453367554524,0.02641472375524228,0.02153290582453838,False
176,3,-280.94618019590473,-15.400725406806885,0.13158411676818185,0.09513831636773881,0.07915824547160762,False
176,4,-281.31189380426247,-15.766439015164622,0.08284392952095189,0.0861391646152524,0.07312461826482801,False
176,5,-280.91110462360973,-15.365649834511885,0.10605100840580382,0.081579267037758,0.06980293984397025,False
176,6,-280.168684116407,-14.623229327309161,0.0821483849694036,0.029123300082934116,0.026099855258685942,False
176,7,-279.88459509701795,-14.339140307920104,0.23517044279853277,0.036260712699006256,0.026102905971121363,False
176,8,-278.1865992603977,-12.641144471299867,1.0414295252921606,0.5058895671597585,0.4436968565214328,False
176,9,-265.8070840625047,-0.2616292734068679,2.3186116109482895,,,True
177,0,-265.54545478909785,0.0,2.226295586144658,,,True
177,1,-278.3305048730481,-12.785050083950239,0.3702445064853102,0.011320128934989357,0.010561364376668499,False
177,2,-280.03259418116215,-14.487139392064307,0.16183680033661704,0.026303113877230905,0.02219278581296174,False
177,3,-280.9480158463052,-15.402561057207379,0.13202903334256744,0.0956323062774365,0.07636178864061549,False
177,4,-281.31385527799387,-15.76840048889602,0.0757477407180514,0.07231961850115241,0.057916434278308636,False
177,5,-280.9125899193325,-15.367135130234658,0.10542257792147962,0.08045810039441285,0.06816800359510453,False
177,6,-280.16922575634885,-14.623770967251005,0.08208370579840485,0.029040853877798433,0.026770356236530853,False
177,7,-279.88510469298876,-14.339649903890916,0.23520496200246557,0.03131256255679198,0.02387968492635936,False
177,8,-278.2262420521717,-12.680787263073853,0.8232374580357585,0.20504909138793884,0.1700759781611983,False
177,9,-265.8070840625047,-0.2616292734068679,2.3186116109482895,,,True
178,0,-265.54545478909785,0.0,2.226295586144658,,,True
178,1,-278.3314191881301,-12.785964399032252,0.3714261270508662,0.008525794718948645,0.007872674700679401,False
178,2,-280.0356448023024,-14.49019001320454,0.1657053328022578,0.026024701869016953,0.022507882069942906,False
178,3,-280.95151128117755,-15.4060564920797,0.1347565257601574,0.09777863099523228,0.07491645176164491,False
178,4,-281.3174895893113,-15.772034800213476,0.07377811874612164,0.07104748237696847,0.05876983497753892,False
178,5,-280.91569615230367,-15.370241363205821,0.1044882724311589,0.07896062493004583,0.06659003099725976,False
178,6,-280.17036920335147,-14.624914414253624,0.08195359616423678,0.02887681979463762,0.02708372681765503,False
178,7,-279.88608487253487,-14.34063008343702,0.23590773720589583,0.03153103823553319,0.027251566782124773,False
178,8,-278.2222650759106,-12.676810286812781,0.6645934189947156,0.274413124444611,0.2537825712868201,False
178,9,-265.8070840625047,-0.2616292734068679,2.3186116109482895,,,True
179,0,-265.54545478909785,0.0,2.226295586144658,,,True
179,1,-278.33154443879346,-12.786089649695612,0.37051886420183966,0.007683342877536991,0.0070759753181149,False
179,2,-280.0359973433066,-14.49054255420873,0.16509166029806419,0.025956932398926363,0.022298621271943285,False
179,3,-280.95193763805275,-15.406482848954909,0.1354113424236356,0.09808123491369006,0.0759416831226802,False
179,4,-281.3179253876292,-15.772470598531356,0.0739911654034163,0.06878056650986725,0.0588318372904102,False
179,5,-280.91605811998335,-15.370603330885501,0.10437276688762029,0.07886884838578605,0.06687284259950567,False
179,6,-280.1705043448135,-14.625049555715634,0.08191950192494733,0.0287992742866731,0.026857245561723118,False
179,7,-279.88623353199773,-14.340778742899886,0.2358735262682584,0.02514278752790886,0.020401719466948777,False
179,8,-278.226940330975,-12.68148554187718,0.634406263959545,0.2212779150402944,0.2045855948893315,False
179,9,-265.8070840625047,-0.2616292734068679,2.3186116109482895,,,True
180,0,-265.54545478909785,0.0,2.226295586144658,,,True
180,1,-278.3317941237709,-12.786339334673073,0.3689097248224923,0.00610758138804845,0.005582338319914149,False
180,2,-280.0367074208064,-14.491252631708562,0.16394783377152827,0.02585194432942518,0.021942882546687047,False
180,3,-280.9527865044869,-15.407331715389034,0.1366913216338053,0.09871767596832047,0.07775832071934896,False
180,4,-281.3187779338067,-15.773323144708854,0.0744455967007658,0.06461457953176793,0.05897098320063729,False
180,5,-280.9167873659278,-15.371332576829957,0.10413359353001969,0.0786698918776384,0.06732489457157621,False
180,6,-280.1707772737783,-14.625322484680453,0.08186177464465005,0.028675995754380693,0.026462827310469426,False
180,7,-279.88650476386783,-14.341049974769987,0.23579428698664198,0.02530740225899529,0.018692569062410222,False
180,8,-278.23229509356673,-12.686840304468888,0.5807493334732452,0.12710555283811623,0.11710464536480131,False
180,9,-265.8070840625047,-0.2616292734068679,2.3186116109482895,,,True
181,0,-265.54545478909785,0.0,2.226295586144658,,,True
181,1,-278.332177698182,-12.786722909084176,0.3669818366557738,0.004835810210350181,0.003584264914939709,False
181,2,-280.037806086768,-14.492351297670155,0.16242707025296924,0.02574783408318387,0.021559521811744392,False
181,3,-280.95408338723314,-15.408628598135294,0.13851475189221196,0.09969503876286413,0.07992339686518671,False
181,4,-281.32005334578696,-15.774598556689114,0.07512944964653093,0.060187460624473665,0.05922180219743316,False
181,5,-280.9179159376123,-15.372461148514446,0.10372204166523188,0.07829292477122789,0.06771944847047531,False
181,6,-280.1712012810848,-14.625746491986945,0.08179031868276736,0.028540197266284033,0.02600945811299598,False
181,7,-279.88688123924794,-14.341426450150095,0.23562295853288687,0.025827551887147915,0.018940540961599237,False
181,8,-278.2337444227116,-12.68828963361375,0.642839782101009,0.05652090505736779,0.049335103104261174,False
181,9,-265.8070840625047,-0.2616292734068679,2.3186116109482895,,,True
182,0,-265.54545478909785,0.0,2.226295586144658,,,True
182,1,-278.3327108404277,-12.787256051329848,0.36528514522963645,0.005929194683144128,0.004188036625363808,False
182,2,-280.0393230231115,-14.493868234013632,0.16079238706337742,0.025664232058719916,0.021308074883766508,False
182,3,-280.9558638634725,-15.410409074374627,0.14066275144453774,0.10089794880754754,0.08179327145173039,False
182,4,-281.3217770653174,-15.77632227621956,0.07590303966098896,0.06095851283862581,0.059628695186485205,False
182,5,-280.9194738404892,-15.374019051391372,0.1030318523080192,0.07758898407647484,0.06773524229675552,False
182,6,-280.1717895651533,-14.626334776055444,0.0817050804734864,0.028397036624105296,0.025644822445519966,False
182,7,-279.8873780188913,-14.341923229793451,0.23525874527252721,0.02626688032280752,0.02066642743303458,False
182,8,-278.23049348278914,-12.685038693691297,0.723470296739536,0.09626382208246306,0.08298627492233158,False
182,9,-265.8070840625047,-0.2616292734068679,2.3186116109482895,,,True
183,0,-265.54545478909785,0.0,2.226295586144658,,,True
183,1,-278.33337668624466,-12.787921897146816,0.3642132158826466,0.006848479812639058,0.005050971303663672,False
183,2,-280.04117906583645,-14.4957242767386,0.15934888715807918,0.02559405585649603,0.02126966877694908,False
183,3,-280.9580521789128,-15.412597389814948,0.14281869623758736,0.10210838718174417,0.08290524749437772,False
183,4,-281.3238745233628,-15.778419734264958,0.07659166554404313,0.06539941550144777,0.06019644291734214,False
183,5,-280.9213778630318,-15.375923073933961,0.10199684471775974,0.07646521895951099,0.06719217726566178,False
183,6,-280.1725129287681,-14.627058139670282,0.08160333844518196,0.028235456072437094,0.02545382892341857,False
183,7,-279.88799666820546,-14.342541879107614,0.23464763020808133,0.02598188345299111,0.021147624872420556,False
183,8,-278.2260739653268,-12.680619176228959,0.7765350013147154,0.15644013868835854,0.14218156506060523,False
183,9,-265.8070840625047,-0.2616292734068679,2.3186116109482895,,,True
184,0,-265.54545478909785,0.0,2.226295586144658,,,True
184,1,-278.3341637131765,-12.788708924078662,0.36382146415074873,0.006882604589592961,0.005154606679057058,False
184,2,-280.0433084267029,-14.497853637605033,0.15826649225063347,0.025526535967171294,0.02142004532630332,False
184,3,-280.96059159785386,-15.415136808756017,0.14484190379784803,0.10322039046612548,0.08319818565077043,False
184,4,-281.32628320201536,-15.780828412917515,0.07716805296580889,0.06422254970925342,0.060917191832245476,False
184,5,-280.9235574050882,-15.378102615990372,0.10058318022359322,0.07488864960903738,0.06608339342227651,False
184,6,-280.17334717927486,-14.62789239017701,0.08148587951358982,0.028054647939784946,0.02542330642559649,False
184,7,-279.88872260439143,-14.343267815293586,0.23380954561814538,0.02472952531527511,0.020242244886259995,False
184,8,-278.2233969779576,-12.677942188859731,0.7956279274548418,0.17248154179965872,0.15800556935902746,False
184,9,-265.8070840625047,-0.2616292734068679,2.3186116109482895,,,True
185,0,-265.54545478909785,0.0,2.226295586144658,,,True
185,1,-278.33507297481276,-12.789618185714914,0.36392606045867326,0.005939299770138689,0.004507833963499016,False
185,2,-280.0456829994873,-14.50022821038948,0.15759865780600982,0.025453231849071122,0.02166912535062544,False
185,3,-280.96346310008596,-15.418008310988114,0.14676374009963078,0.10425273931083687,0.08290040696529001,False
185,4,-281.32896666989313,-15.783511880795288,0.07774627508451393,0.0627459247046021,0.061787361440030365,False
185,5,-280.9259799354925,-15.380525146394632,0.09878307322576246,0.07287775690419493,0.06450657551851616,False
185,6,-280.1742832346192,-14.628828445521378,0.0813569669130627,0.027864999959511593,0.025477710568152047,False
185,7,-279.8895285120826,-14.344073722984774,0.23282410150285696,0.022767549581461613,0.01818468390405229,False
185,8,-278.22250529244616,-12.677050503348312,0.7820038737231272,0.14550035659576221,0.1324739861972749,False
185,9,-265.8070840625047,-0.2616292734068679,2.3186116109482895,,,True
186,0,-265.54545478909785,0.0,2.226295586144658,,,True
186,1,-278.33623962875873,-12.790784839660887,0.36419444423257213,0.004171294582069494,0.003103100126755086,False
186,2,-280.0486042289891,-14.503149439891274,0.15728927372116633,0.025339971077477142,0.02190760885837379,False
186,3,-280.96704687441195,-15.421592085314103,0.14891464141467514,0.10537071238875621,0.08238659636464002,False
186,4,-281.33225342278473,-15.786798633686885,0.07859112368051291,0.06369793741169183,0.06293752464435473,False
186,5,-280.92894663816,-15.383491849062182,0.09633897022461395,0.07020444057402711,0.062404565453166715,False
186,6,-280.1754441245567,-14.629989335458845,0.0812015939043112,0.027643569993643452,0.025505520111271295,False
186,7,-279.89049608115477,-14.34504129205692,0.23169584470138835,0.02043866185315821,0.015166606345582288,False
186,8,-278.22146318022556,-12.67600839112771,0.7338775342466725,0.07691989333806593,0.0665938735748651,False
186,9,-265.8070840625047,-0.2616292734068679,2.3186116109482895,,,True
187,0,-265.54545478909785,0.0,2.226295586144658,,,True
187,1,-278.33776466117257,-12.792309872074725,0.3639178127702328,0.0035702206965345074,0.002567276264632622,False
187,2,-280.0522300783165,-14.506775289218638,0.15718611921754586,0.02511774479272777,0.02192070389750173,False
187,3,-280.9715654455591,-15.426110656461276,0.1514877728485845,0.10656048763073554,0.0823999569530848,False
187,4,-281.33632913919996,-15.790874350102115,0.07999007195958928,0.0651657615284951,0.06448328650330348,False
187,5,-280.93260503589227,-15.38715024679442,0.09304757291860742,0.06678036537787169,0.059931633018442926,False
187,6,-280.1769007327613,-14.631445943663437,0.08100477419979543,0.027350264587560034,0.02532107424148587,False
187,7,-279.8916860850179,-14.346231295920063,0.2305652808092618,0.022630252444443576,0.01843600280997827,False
187,8,-278.21772955829397,-12.672274769196122,0.6597927408258062,0.06595358005979213,0.04937863557388633,False
187,9,-265.8070840625047,-0.2616292734068679,2.3186116109482895,,,True
188,0,-265.54545478909785,0.0,2.226295586144658,,,True
188,1,-278.33976934541005,-12.794314556312202,0.36223242996305605,0.003707794474883942,0.003211171475918926,False
188,2,-280.05670682414956,-14.511252035051712,0.15680175361236723,0.024735886091950612,0.021544164974871008,False
188,3,-280.9772579530186,-15.431803163920733,0.15445691447425877,0.10752631729655687,0.08362301570309208,False
188,4,-281.3414267925831,-15.795972003485247,0.08218507805660914,0.06731391568621427,0.06658872237565483,False
188,5,-280.9370764780662,-15.391621688968371,0.0885482651541369,0.062439932934100516,0.057171784270556955,False
188,6,-280.1787232663118,-14.63326847721396,0.08075441534678425,0.02695248924833474,0.0247910764138026,False
188,7,-279.8931864690969,-14.347731679999072,0.2294980131349783,0.021133673279403645,0.016088453055755327,False
188,8,-278.21087048209097,-12.665415692993122,0.6171277760493512,0.1083079433502686,0.0987574990474281,False
188,9,-265.8070840625047,-0.2616292734068679,2.3186116109482895,,,True
189,0,-265.54545478909785,0.0,2.226295586144658,,,True
189,1,-278.342378725643,-12.79692393654517,0.3589812212781724,0.004451151820363602,0.0036678318639864786,False
189,2,-280.0621345069534,-14.516679717855538,0.15546625053524735,0.024272158016592688,0.02091432448087752,False
189,3,-280.9843299000744,-15.43887511097654,0.15722586156581336,0.10758641982931368,0.08558376713759164,False
189,4,-281.3477699319012,-15.802315142803366,0.08527838903543201,0.07029036462385305,0.06943258896821122,False
189,5,-280.9424108266136,-15.396956037515736,0.08244674228601917,0.057017694772618435,0.05387496680374654,False
189,6,-280.1809668043901,-14.63551201529225,0.08046061859407376,0.0264936459570387,0.024036759348192275,False
189,7,-279.89501377068626,-14.349558981588416,0.2282802687347013,0.013711185400493807,0.010164143590189016,False
189,8,-278.203409073099,-12.657954284001164,0.5988142382758785,0.12382952425000754,0.11336463198872121,False
189,9,-265.8070840625047,-0.2616292734068679,2.3186116109482895,,,True
190,0,-265.54545478909785,0.0,2.226295586144658,,,True
190,1,-278.3457748904116,-12.80032010131373,0.35511081081238993,0.005207315637932911,0.003792155357435061,False
190,2,-280.0686549734289,-14.523200184331074,0.15264695229352437,0.023864669463095897,0.02046064342352277,False
190,3,-280.99301317413125,-15.447558385033403,0.15830287088702827,0.10542380165053623,0.08621906786825044,False
190,4,-281.355680565644,-15.810225776546133,0.08913302941543771,0.07412227072576796,0.07317575078769382,False
190,5,-280.9486695162127,-15.403214727114857,0.07458613456310959,0.05000055567267162,0.048944365395633474,False
190,6,-280.183710887713,-14.638256098615159,0.0801229548131245,0.026001839119986832,0.023387827421710305,False
190,7,-279.89717434249894,-14.351719553401097,0.22635774978318288,0.021814404469825296,0.017869971430029555,False
190,8,-278.1965212285211,-12.651066439423232,0.6295365434123421,0.05903107436917383,0.052471022313594295,False
190,9,-265.8070840625047,-0.2616292734068679,2.3186116109482895,,,True
191,0,-265.54545478909785,0.0,2.226295586144658,,,True
191,1,-278.35027747272613,-12.804822683628288,0.3522463215295827,0.004441494281107051,0.0037561771545899774,False
191,2,-280.0765263470739,-14.531071557976077,0.14835428077262422,0.023599201739394626,0.02058479446316015,False
191,3,-281.00360012459515,-15.458145335497306,0.15468766763674013,0.09845146603047472,0.08219943168731508,False
191,4,-281.3658470259425,-15.820392236844668,0.09345755722613236,0.07869464623920151,0.0779314381125103,False
191,5,-280.9559788363178,-15.410524047219951,0.07405654643171024,0.04455684668591053,0.04065315264005201,False
191,6,-280.18709821630443,-14.641643427206589,0.07971880691037503,0.025447177961556777,0.023079906185085056,False
191,7,-279.8998343420304,-14.354379552932528,0.22290658641062602,0.020897055361661355,0.0168922907744139,False
191,8,-278.1863219546897,-12.640867165591828,0.7227362113446634,0.10292689063691127,0.06703217839751982,False
191,9,-265.8070840625047,-0.2616292734068679,2.3186116109482895,,,True
192,0,-265.54545478909785,0.0,2.226295586144658,,,True
192,1,-278.3562556585848,-12.810800869486968,0.350380403521457,0.004800607399696896,0.004497784517871129,False
192,2,-280.0859693108767,-14.540514521778846,0.14369335075789486,0.02342510132754999,0.020910973365442273,False
192,3,-281.01608238289737,-15.47062759379952,0.14151207676559976,0.0827263296099026,0.07078525733609328,False
192,4,-281.3792598737218,-15.833805084623975,0.0984604693264676,0.08422396310177699,0.08377323992960752,False
192,5,-280.9643707636578,-15.41891597455998,0.07362172174767848,0.04624654137653835,0.04352893995184544,False
192,6,-280.19127067618103,-14.645815887083188,0.07926093141352811,0.025579446824290353,0.022730429180391025,False
192,7,-279.90305236473813,-14.357597575640284,0.21783846316677807,0.015048156829760835,0.01071391676886355,False
192,8,-278.17314481066984,-12.627690021571993,0.777584827388288,0.09210327171248145,0.08722452248149765,False
192,9,-265.8070840625047,-0.2616292734068679,2.3186116109482895,,,True
193,0,-265.54545478909785,0.0,2.226295586144658,,,True
193,1,-278.364139625524,-12.818684836426144,0.3461667992261495,0.0062193619395102895,0.0059054022612466065,False
193,2,-280.0971795506633,-14.551724761565481,0.13988420276078545,0.02309030724636457,0.020551040901839956,False
193,3,-281.0296823204778,-15.48422753137993,0.11105626415105142,0.053076384098830254,0.049931924459727134,False
193,4,-281.39734302642546,-15.851888237327614,0.10528594197655049,0.09161955259574023,0.0914890009589457,False
193,5,-280.9738722557785,-15.428417466680628,0.074071929471557,0.04966509728255252,0.04722959436499542,False
193,6,-280.19637802677573,-14.650923237677887,0.07878280047859094,0.02759571868076843,0.021777125018121075,False
193,7,-279.9068821706736,-14.361427381575766,0.21269215527062046,0.02618182794421307,0.021882698967559552,False
193,8,-278.15953629465446,-12.614081505556612,0.7466692314247696,0.07793569059575321,0.050445777950883564,False
193,9,-265.8070840625047,-0.2616292734068679,2.3186116109482895,,,True
194,0,-265.54545478909785,0.0,2.226295586144658,,,True
194,1,-278.3745826316167,-12.829127842518858,0.3372600711058665,0.007390562997043139,0.006106581978670502,False
194,2,-280.11046193578903,-14.565007146691187,0.13644713619346682,0.022763884489889263,0.019880150914675914,False
194,3,-281.04236842756427,-15.496913638466424,0.07634877436803435,0.05817829195944837,0.051835905876670425,False
194,4,-281.422744522422,-15.877289733324176,0.11748911055463668,0.10440036421148159,0.10436536044312242,False
194,5,-280.9848824728445,-15.439427683746658,0.07493468144117156,0.054093536163596904,0.05165903541817148,False
194,6,-280.2026554909862,-14.657200701888371,0.07830642377890654,0.03031948687967035,0.021914357058276455,False
194,7,-279.911564980145,-14.366110191047142,0.2085116453721902,0.014087591028200251,0.011267772575845979,False
194,8,-278.14336181485254,-12.597907025754694,0.6680669134111278,0.06365958173848181,0.05955120376541101,False
194,9,-265.8070840625047,-0.2616292734068679,2.3186116109482895,,,True
195,0,-265.54545478909785,0.0,2.226295586144658,,,True
195,1,-278.3870755398752,-12.841620750777338,0.32950569346830244,0.008685086395841098,0.007252913252353674,False
195,2,-280.12467224432726,-14.579217455229411,0.13126231614935305,0.022954861449963945,0.020491429568272795,False
195,3,-281.051671648509,-15.506216859411154,0.09538326252403329,0.10344245795886747,0.06822424061103133,False
195,4,-281.45603369583614,-15.910578906738294,0.1406282249438086,0.12832147178049164,0.12756216446845448,False
195,5,-280.9970559887646,-15.451601199666754,0.07558717893580502,0.05758497542882041,0.05617949077875036,False
195,6,-280.2096667437827,-14.664211954684845,0.07781803181108006,0.03369331254160947,0.02444337065967699,False
195,7,-279.91664498714533,-14.371190198047486,0.20340305554418872,0.023302709398050722,0.01940147849582371,False
195,8,-278.12711361512197,-12.581658826024125,0.6742422694090111,0.07589280999770764,0.05379899314938447,False
195,9,-265.8070840625047,-0.2616292734068679,2.3186116109482895,,,True
196,0,-265.54545478909785,0.0,2.226295586144658,,,True
196,1,-278.40026930393344,-12.854814514835596,0.3241911977013714,0.009636582665440915,0.007915407148918977,False
196,2,-280.13819714753606,-14.592742358438215,0.12480104953004516,0.02357684251409663,0.02115765641327133,False
196,3,-281.06121229466294,-15.515757505565091,0.11879130565054691,0.12844172020582487,0.0879157644201649,False
196,4,-281.4955636504952,-15.950108861397382,0.17809256201499332,0.1665974716978823,0.16422493346213463,False
196,5,-281.00927958582145,-15.4638247967236,0.0773675051495505,0.05996079983099629,0.058977912092696094,False
196,6,-280.2166590175141,-14.67120422841623,0.07746348114515236,0.0374328048550817,0.027350898889102408,False
196,7,-279.92169824298514,-14.376243453887298,0.19711011668578843,0.011524471860163385,0.011068647256298884,False
196,8,-278.11425821688545,-12.5688034277876,0.7477278039645981,0.04887511590921734,0.03900784829197048,False
196,9,-265.8070840625047,-0.2616292734068679,2.3186116109482895,,,True
197,0,-265.54545478909785,0.0,2.226295586144658,,,True
197,1,-278.4137028688406,-12.868248079742727,0.3163410788255651,0.010506969808559984,0.00842545283242064,False
197,2,-280.1507361189538,-14.605281329855927,0.1193555988556073,0.024314740221453492,0.021413689475036145,False
197,3,-281.0753748597222,-15.529920070624371,0.10405440094358544,0.11107773413425805,0.09115959248226464,False
197,4,-281.5416283986,-15.996173609502137,0.22001411324404752,0.2093568227471046,0.20604091120046783,False
197,5,-281.0208388658026,-15.475384076704756,0.08004468223413726,0.061601791551990144,0.060500184985996214,False
197,6,-280.22346842667855,-14.678013637580705,0.0772106881868784,0.041426898438477584,0.030456494774175967,False
197,7,-279.9264735031848,-14.381018714086963,0.19195999533876856,0.02024169780654973,0.01747479729940967,False
197,8,-278.10328669024835,-12.557831901150507,0.7774486697573026,0.04868419994377366,0.040827073725633545,False
197,9,-265.8070840625047,-0.2616292734068679,2.3186116109482895,,,True
198,0,-265.54545478909785,0.0,2.226295586144658,,,True
198,1,-278.4270401414167,-12.881585352318837,0.30725365088775863,0.011270076097291238,0.0089434806460683,False
198,2,-280.16221894398353,-14.616764154885686,0.11583623478569338,0.02503340103062519,0.022067065959254777,False
198,3,-281.09125261424094,-15.545797825143097,0.07962469973578716,0.06931794713415641,0.06678749117421556,False
198,4,-281.5939807608628,-16.048525971764946,0.24832014917512235,0.23851495366218725,0.23534940766234572,False
198,5,-281.0312883895285,-15.48583360043068,0.08247133181197852,0.06312235874700699,0.062181507237708086,False
198,6,-280.230027684606,-14.684572895508154,0.0769195236057505,0.04559544415409981,0.03359361542070396,False
198,7,-279.9310600323026,-14.385605243204736,0.18875648830053765,0.010121672397758595,0.007862679791694655,False
198,8,-278.09569061346394,-12.550235824366098,0.75627206275827,0.04143898228346483,0.030931821409597254,False
198,9,-265.8070840625047,-0.2616292734068679,2.3186116109482895,,,True
199,0,-265.54545478909785,0.0,2.226295586144658,,,True
199,1,-278.44022544102353,-12.894770651925683,0.30057461095311416,0.011797962712578224,0.00933841247145992,False
199,2,-280.1728300731991,-14.627375284101277,0.11321307454834505,0.02571408985295816,0.022896707779801267,False
199,3,-281.10529555754954,-15.559840768451693,0.08234752314204863,0.061303837750594226,0.05038617540047173,False
199,4,-281.65305088794327,-16.10759609884542,0.27265810386106804,0.26368334125028503,0.261128778316654,False
199,5,-281.040830327256,-15.495375538158157,0.08440904655281066,0.06520900364903445,0.064526776754697,False
199,6,-280.23641379619824,-14.690959007100389,0.07850220589099959,0.049938722218719984,0.036907233879397774,False
199,7,-279.9353640591353,-14.389909270037435,0.18644607294712956,0.020067635407866293,0.01439357650110351,False
199,8,-278.09048642308767,-12.545031633989822,0.730846472659224,0.026466453529550592,0.02200028021253366,False
199,9,-265.8070840625047,-0.2616292734068679,2.3186116109482895,,,True
200,0,-265.54545478909785,0.0,2.226295586144658,,,True
200,1,-278.4532076061457,-12.907752817047879,0.29562467869132586,0.012158596659209417,0.00960723893317203,False
200,2,-280.18274847548105,-14.637293686383202,0.11026552398988426,0.02644641736745128,0.023452156041804666,False
200,3,-281.1171270027593,-15.57167221366143,0.08551960684498032,0.06829215697827261,0.05432597426548311,False
200,4,-281.7269809136644,-16.181526124566574,0.35061309478203667,0.3584553601601841,0.33716890301446123,False
200,5,-281.04974691025075,-15.5042921211529,0.08626662092259901,0.06838992097776041,0.06766464627976387,False
200,6,-280.2427099845776,-14.697255195479727,0.08404286307417862,0.05444408412649639,0.040448469073644855,False
200,7,-279.93953735337277,-14.394082564274925,0.18399628621604827,0.012945330473558359,0.009626346726141256,False
200,8,-278.0872076170973,-12.54175282799946,0.7297743624901962,0.028907376631852746,0.024485861992912937,False
200,9,-265.8070840625047,-0.2616292734068679,2.3186116109482895,,,True
201,0,-265.54545478909785,0.0,2.226295586144658,,,True
201,1,-278.46544024376703,-12.919985454669188,0.2900855011072126,0.012521478226867517,0.0098607102131086,False
201,2,-280.19176472432224,-14.646309935224394,0.10692908655665181,0.02724659913956063,0.023980785826048213,False
201,3,-281.1274434821283,-15.58198869303044,0.08883536040513236,0.0598972393966991,0.04944839777493203,False
201,4,-281.82814847894673,-16.282693689848884,0.4136545633255806,0.4206690603819495,0.35921255167460053,False
201,5,-281.05785822326754,-15.512403434169698,0.0881795301029,0.07271245305046688,0.0717996437372414,False
201,6,-280.24874224327135,-14.703287454173505,0.08956101903710842,0.05889516594081679,0.04394643661380823,False
201,7,-279.9433698171424,-14.397915028044565,0.18122425923728916,0.014861121019561038,0.01133199031453128,False
201,8,-278.0862922062987,-12.540837417200862,0.7454338735486136,0.025322089982575922,0.021752521957189273,False
201,9,-265.8070840625047,-0.2616292734068679,2.3186116109482895,,,True
202,0,-265.54545478909785,0.0,2.226295586144658,,,True
202,1,-278.4766915357401,-12.931236746642242,0.2839048437812674,0.012908148628080431,0.010097368895128049,False
202,2,-280.19986171314656,-14.654406924048715,0.10379001317635392,0.02801742579616467,0.024676797172203113,False
202,3,-281.13678078582257,-15.59132599672472,0.09212741529394337,0.06393610929320008,0.054020247935338085,False
202,4,-281.9131374551762,-16.367682666078338,0.34813169818760287,0.34245388583151054,0.33269443006147187,False
202,5,-281.06514880793264,-15.519694018834798,0.09019635893430138,0.07784505047244415,0.07687708373023344,False
202,6,-280.25444403462075,-14.7089892455229,0.09487762446639535,0.06314668751912586,0.04727093655088523,False
202,7,-279.9468711514838,-14.40141636238593,0.1784566683571451,0.013950473813140908,0.009898176935334724,False
202,8,-278.0864505553726,-12.540995766274762,0.7597303839961841,0.022850652942867904,0.017843692396228353,False
202,9,-265.8070840625047,-0.2616292734068679,2.3186116109482895,,,True
203,0,-265.54545478909785,0.0,2.226295586144658,,,True
203,1,-278.48862118429554,-12.943166395197693,0.2775002215672777,0.013301028030886394,0.010285509144580953,False
203,2,-280.20832116259334,-14.66286637349549,0.10091111593749082,0.028778040651702624,0.025502875837251,False
203,3,-281.1466176897014,-15.601162900603526,0.09604255588108138,0.07221212919460918,0.06158010555149926,False
203,4,-281.9065296934763,-16.361074904378427,1.1380496752093219,1.1466736848672998,0.9235176612923469,False
203,5,-281.0728431126811,-15.527388323583239,0.09287850382246779,0.08385023028194238,0.08302814412209975,False
203,6,-280.2607234298291,-14.715268640731267,0.10073118252923656,0.06777453708713746,0.05094080106745107,False
203,7,-279.9505805028497,-14.40512571375183,0.17566468286352815,0.013510967673052621,0.01074382222835232,False
203,8,-278.08801286773144,-12.54255807863359,0.7623480402207514,0.02748298315595819,0.021033950351253793,False
203,9,-265.8070840625047,-0.2616292734068679,2.3186116109482895,,,True
204,0,-265.54545478909785,0.0,2.226295586144658,,,True
204,1,-278.49184231846687,-12.94638752936902,0.27755176093077377,0.013175337928930341,0.01014895215688622,False
204,2,-280.2104897119124,-14.665034922814527,0.10100977548569909,0.028854672407423728,0.02520966440834283,False
204,3,-281.14974268319065,-15.604287894092806,0.09801369354263903,0.07356632759678437,0.06181600366330928,False
204,4,-281.9361342150662,-16.390679425968358,0.7204700519441204,0.7233379229078299,0.6923463818604565,False
204,5,-281.0751558317038,-15.52970104260595,0.09446954343970027,0.08385234144853242,0.08254884644791026,False
204,6,-280.26254086289964,-14.717086073801795,0.10261156113966191,0.06919814308168837,0.05233462574210555,False
204,7,-279.9516048898044,-14.406150100706554,0.17536746038277232,0.012190889689357347,0.009849078396669882,False
204,8,-278.09025670938775,-12.544801920289899,0.7436041395147555,0.019833052389994808,0.015352080997812082,False
204,9,-265.8070840625047,-0.2616292734068679,2.3186116109482895,,,True
205,0,-265.54545478909785,0.0,2.226295586144658,,,True
205,1,-278.4926421174383,-12.947187328340476,0.27692901274957815,0.013196157979878845,0.010182587694229183,False
205,2,-280.21103544570695,-14.665580656609109,0.10081138816357794,0.028911904836942916,0.025373183834792784,False
205,3,-281.1504445834597,-15.60498979436187,0.09839147460204865,0.07438671331074108,0.06270741616080625,False
205,4,-281.9650639204059,-16.41960913130805,0.5351467330601478,0.5403264191513097,0.5094319833277923,False
205,5,-281.0757146774977,-15.530259888399826,0.09463221725553284,0.08417869189127347,0.08303413205129212,False
205,6,-280.263004081796,-14.717549292698152,0.10312791074989813,0.06957830544045987,0.05250442843147191,False
205,7,-279.9518644932127,-14.406409704114878,0.1751240055006496,0.011896022513705688,0.009803084576148773,False
205,8,-278.090804987928,-12.545350198830135,0.7443589564820435,0.01212652494157922,0.009321030658131117,False
205,9,-265.8070840625047,-0.2616292734068679,2.3186116109482895,,,True
206,0,-265.54545478909785,0.0,2.226295586144658,,,True
206,1,-278.49426737574254,-12.948812586644692,0.275812382057282,0.013227953169924997,0.010233214378578073,False
206,2,-280.2121468067782,-14.666692017680361,0.10042044357171935,0.029025257621206352,0.025632962751546477,False
206,3,-281.15186091455837,-15.606406125460524,0.09921196471180597,0.07605060684377017,0.06440835796728667,False
206,4,-281.9920540226911,-16.446599233593247,0.17076389402203493,0.1807578718798745,0.1402718341709096,False
206,5,-281.07685332577614,-15.531398536678296,0.09507486078516943,0.08491727729584539,0.08398445120442154,False
206,6,-280.2639530792236,-14.718498290125751,0.10417941373046395,0.07035869839288293,0.052930105424233785,False
206,7,-279.9523875976211,-14.406932808523266,0.1746500476077791,0.011736562636838284,0.009677206344217407,False
206,8,-278.0918492683846,-12.546394479286732,0.7454729887757621,0.005925708233740387,0.0055511162730842185,False
206,9,-265.8070840625047,-0.2616292734068679,2.3186116109482895,,,True
207,0,-265.54545478909785,0.0,2.226295586144658,,,True
207,1,-278.4968961820243,-12.951441392926426,0.2743803687104998,0.013253059702864846,0.010270964599058416,False
207,2,-280.21395164566354,-14.668496856565696,0.09982285007341597,0.029191420516676572,0.025877908817859008,False
207,3,-281.15413258296275,-15.6086777938649,0.10066076522517577,0.07863836027205016,0.06681021170558368,False
207,4,-281.9885035099733,-16.44304872087548,0.5110156063975659,0.511920686587035,0.38796926362034667,False
207,5,-281.0787061136923,-15.53325132459446,0.09601927381639941,0.08616593893903435,0.08536906792054563,False
207,6,-280.2655107912501,-14.720056002152262,0.10588009213370253,0.07163252082490068,0.05381907730663134,False
207,7,-279.9532345725497,-14.407779783451872,0.1739350866948889,0.011694997283615583,0.009392030150534894,False
207,8,-278.0934894417461,-12.548034652648255,0.7461668935572013,0.01269267165803623,0.009482158716017708,False
207,9,-265.8070840625047,-0.2616292734068679,2.3186116109482895,,,True
208,0,-265.54545478909785,0.0,2.226295586144658,,,True
208,1,-278.4970944024233,-12.951639613325426,0.27434441194136766,0.01324918438065308,0.010264803290643413,False
208,2,-280.2140895151142,-14.668634726016364,0.09978670016370925,0.02919953743509472,0.025864334610685068,False
208,3,-281.1543062013806,-15.608851412282775,0.10079056691532266,0.07877129699609897,0.06687854507143645,False
208,4,-281.9921151195414,-16.446660330443535,0.458200454736508,0.4585075316138058,0.35244930694942256,False
208,5,-281.0788482693081,-15.533393480210236,0.09612442678358554,0.08623214274498785,0.08541366505895814,False
208,6,-280.2656310604689,-14.720176271371031,0.10600972497700419,0.0717317165386407,0.053926732784134436,False
208,7,-279.9532999614331,-14.407845172335271,0.17389206197432006,0.01159990011320531,0.009355810665209525,False
208,8,-278.09362051184564,-12.548165722747797,0.7459794267414894,0.011534262921715364,0.008485402995162553,False
208,9,-265.8070840625047,-0.2616292734068679,2.3186116109482895,,,True
209,0,-265.54545478909785,0.0,2.226295586144658,,,True
209,1,-278.49749274670137,-12.952037957603522,0.27426593518685793,0.01324203476420448,0.010253321716471857,False
209,2,-280.21436672238417,-14.668911933286324,0.0997138220653101,0.029216394556267105,0.025840748903923582,False
209,3,-281.1546549804078,-15.60920019130998,0.10105106767171715,0.0790414992191057,0.06702403939451933,False
209,4,-281.9979140889419,-16.452459299844065,0.36388205607743934,0.36285558612417407,0.2873638816692147,False
209,5,-281.0791340646729,-15.533679275575082,0.09633471397730116,0.08637023508344795,0.08551130668334564,False
209,6,-280.26587325068556,-14.720418461587712,0.10627009747665024,0.07193060534677126,0.05413866942755359,False
209,7,-279.95343114900345,-14.407976359905604,0.17380509242232542,0.01143162733660027,0.009284912707544701,False
209,8,-278.0938812808612,-12.548426491763337,0.7456142177343691,0.009356737245645952,0.006629541743633227,False
209,9,-265.8070840625047,-0.2616292734068679,2.3186116109482895,,,True
210,0,-265.54545478909785,0.0,2.226295586144658,,,True
210,1,-278.4980995956228,-12.952644806524972,0.27412997073221873,0.01323280841048715,0.010238189175489998,False
210,2,-280.21478941770124,-14.669334628603394,0.09960216776420108,0.029243325693295606,0.02581440099687709,False
210,3,-281.1551860544909,-15.609731265393066,0.10144692243912655,0.07946013766337376,0.06726609995548523,False
210,4,-282.00382640237837,-16.45837161328052,0.2493322224605852,0.24569117861242662,0.20309511467215982,False
210,5,-281.0795697930728,-15.534115003974932,0.09665236067739728,0.0865927919430577,0.08568069263006534,False
210,6,-280.2662435130054,-14.72078872390756,0.1066662807655615,0.07223226535914255,0.05445003773838322,False
210,7,-279.9536306266622,-14.408175837564329,0.17367125189031465,0.011226272830377729,0.00918187073152209,False
210,8,-278.0942732319533,-12.548818442855463,0.7450879817106687,0.006456398565223487,0.0050314560983242395,False
210,9,-265.8070840625047,-0.2616292734068679,2.3186116109482895,,,True
211,0,-265.54545478909785,0.0,2.226295586144658,,,True
211,1,-278.49893389571,-12.953479106612178,0.2739109677061424,0.013223350826949792,0.010221964904210496,False
211,2,-280.2153713496234,-14.669916560525564,0.09944736011334408,0.02928236170703478,0.025796430136707897,False
211,3,-281.1559158482733,-15.610461059175464,0.10198928886596177,0.08004709942095696,0.0676360882913437,False
211,4,-282.00821553807066,-16.462760748972812,0.1506684324319016,0.1416769179780636,0.11255965682856504,False
211,5,-281.0801696162738,-15.534714827175947,0.0970823128200219,0.08691855002909755,0.0859512194972571,False
211,6,-280.2667551810879,-14.721300391990042,0.10720971415121942,0.07264402214540491,0.054855979025159686,False
211,7,-279.953904585106,-14.408449796008142,0.17348458233154784,0.0110204353553647,0.009049893440734553,False
211,8,-278.0948054444507,-12.54935065535284,0.744422572284515,0.004529679527299479,0.003976410007966363,False
211,9,-265.8070840625047,-0.2616292734068679,2.3186116109482895,,,True
212,0,-265.54545478909785,0.0,2.226295586144658,,,True
212,1,-278.5000124336368,-12.954557644538966,0.27357731325715795,0.013216210263046957,0.010208186233518924,False
212,2,-280.2161250645458,-14.670670275447947,0.09924497361794798,0.029335334481566416,0.025800893490682666,False
212,3,-281.15685920744653,-15.611404418348684,0.10268855849060389,0.08082090504478637,0.06816876580640589,False
212,4,-282.0107412432063,-16.46528645410848,0.16731594359300317,0.17801481162499427,0.16565205058794324,False
212,5,-281.0809466333976,-15.53549184429977,0.09762673588920322,0.08736576658021171,0.08635665986011803,False
212,6,-280.26742122792,-14.721966438822164,0.10790958598812883,0.07317086737688935,0.05534657727961016,False
212,7,-279.95425897048733,-14.408804181389485,0.17323901429543767,0.01083546555968871,0.008894588328168501,False
212,8,-278.0954886403357,-12.550033851237856,0.7436521308621872,0.004217257379652472,0.003435376274651513,False
212,9,-265.8070840625047,-0.2616292734068679,2.3186116109482895,,,True
213,0,-265.54545478909785,0.0,2.226295586144658,,,True
213,1,-278.5013150141941,-12.955860225096274,0.2731133196899359,0.013213876175099767,0.010200308679293484,False
213,2,-280.2170374365329,-14.67158264743506,0.0989973978822,0.029401695719736564,0.025838028737164023,False
213,3,-281.15799929649165,-15.612544507393807,0.10353415780755976,0.08177222812700548,0.06887392326127288,False
213,4,-282.0124400628397,-16.46698527374184,0.24116564329752957,0.25145533353342375,0.2419656892230387,False
213,5,-281.0818878877664,-15.536433098668567,0.0982735490486365,0.08793558254693093,0.08691207172614152,False
213,6,-280.2682325198896,-14.722777730791734,0.10875022149090284,0.07379904403453218,0.05589862284058512,False
213,7,-279.95468789044327,-14.409233101345421,0.1729372070636674,0.010667426159001153,0.008725768901650114,False
213,8,-278.09631328703637,-12.55085849793852,0.7428277499209867,0.006230295146302596,0.004996883587893174,False
213,9,-265.8070840625047,-0.2616292734068679,2.3186116109482895,,,True
214,0,-265.54545478909785,0.0,2.226295586144658,,,True
214,1,-278.502803788002,-12.957348998904138,0.2725579851934078,0.01321784714258387,0.010200307750922484,False
214,2,-280.2180829509726,-14.67262816187474,0.09871060815954599,0.029479483694014787,0.025910152084216195,False
214,3,-281.1593045985153,-15.613849809417445,0.1045079927188992,0.08287778057438235,0.06973876334488284,False
214,4,-282.0147782703059,-16.46932348120805,0.280932120983794,0.2910221215309932,0.281791501350343,False
214,5,-281.08296803066753,-15.537513241569684,0.0990101118318053,0.08862040567524684,0.08761427210825842,False
214,6,-280.26916898675506,-14.723714197657216,0.10970414594301042,0.07450656151094841,0.05648972924567765,False
214,7,-279.95517952808893,-14.409724738991088,0.17258682774313322,0.010495339855698706,0.008552299784130553,False
214,8,-278.0972590263069,-12.551804237209069,0.7419908349018444,0.007645717693432827,0.005854268692237235,False
214,9,-265.8070840625047,-0.2616292734068679,2.3186116109482895,,,True
215,0,-265.54545478909785,0.0,2.226295586144658,,,True
215,1,-278.50463767258947,-12.959182883491621,0.2718679898910935,0.013230351821294785,0.010210227341625237,False
215,2,-280.21937483152874,-14.673920042430893,0.09835217117014362,0.029577100740433248,0.02602721312837998,False
215,3,-281.160917670094,-15.615462880996176,0.1057271053166206,0.08426413514550306,0.07086235267014636,False
215,4,-282.01922323966375,-16.4737684505659,0.2814681908326631,0.29183081950398704,0.28246062601938215,False
215,5,-281.08430577685533,-15.538850987757485,0.09993055447085374,0.08951128667357894,0.08855541653045892,False
215,6,-280.27033614602635,-14.724881356928506,0.11086824429710598,0.07536334701820702,0.05717663645885099,False
215,7,-279.9557870695703,-14.41033228047246,0.17214906330537813,0.010279534325470536,0.008360658574069523,False
215,8,-278.09842938556824,-12.552974596470392,0.7410728823193532,0.007819870330734858,0.005890832234220448,False
215,9,-265.8070840625047,-0.2616292734068679,2.3186116109482895,,,True
216,0,-265.54545478909785,0.0,2.226295586144658,,,True
216,1,-278.50688248109714,-12.96142769199929,0.27093799269117286,0.013253952235218516,0.010232380752266726,False
216,2,-280.22096224424354,-14.675507455145691,0.09790651102424695,0.02969804900075963,0.02619115010465623,False
216,3,-281.1629031056216,-15.617448316523735,0.10726183990405015,0.08599714851815948,0.07228635353682662,False
216,4,-282.02628546644416,-16.48083067734632,0.23334563650362303,0.24460628675430363,0.23523888228448844,False
216,5,-281.0859555327337,-15.540500743635846,0.10110237021802627,0.0906730988719386,0.08979171363927439,False
216,6,-280.27178548987735,-14.7263307007795,0.1122753657944937,0.07639086601980347,0.05798054765903539,False
216,7,-279.9565333370133,-14.411078547915452,0.17160645599517477,0.010009429849446952,0.008149417266018682,False
216,8,-278.0998672972678,-12.554412508169946,0.7400610109778831,0.006466692298264845,0.004928637137756609,False
216,9,-265.8070840625047,-0.2616292734068679,2.3186116109482895,,,True
217,0,-265.54545478909785,0.0,2.226295586144658,,,True
217,1,-278.50964442598604,-12.964189636888193,0.2697380265618058,0.013291165645294077,0.010267973309130264,False
217,2,-280.2229247531852,-14.67746996408738,0.09734922451973871,0.02984708830393188,0.026395675845485432,False
217,3,-281.16536793837884,-15.61991314928099,0.10923268362366631,0.08818254532447645,0.07405885955047975,False
217,4,-282.03493723667975,-16.489482447581906,0.13302121167913142,0.14576597580218456,0.13520687006880555,False
217,5,-281.0880064814587,-15.54255169236086,0.10264205152978519,0.09220618676738591,0.09140025560795026,False
217,6,-280.2736005201755,-14.728145731077632,0.11397706271786728,0.07762334931473355,0.058947442232434505,False
217,7,-279.95745549425493,-14.412000705157084,0.17093162813025722,0.009700512993733193,0.007911365332510951,False
217,8,-278.10164055865846,-12.556185769560614,0.7389121382849869,0.0036250477301173986,0.0030993604223476055,False
217,9,-265.8070840625047,-0.2616292734068679,2.3186116109482895,,,True
218,0,-265.54545478909785,0.0,2.226295586144658,,,True
218,1,-278.51309323364035,-12.967638444542501,0.2682551441830871,0.013344359518035764,0.010316099946298276,False
218,2,-280.2253903877669,-14.679935598669033,0.09664262583753161,0.030029923708507635,0.026622163928046522,False
218,3,-281.1684897512292,-15.623034962131328,0.11184467075834152,0.09098757126645175,0.07623484968415367,False
218,4,-282.04280149768397,-16.49734670858612,0.1345182017736911,0.12751920604319508,0.09289976050580899,False
218,5,-281.0906051589118,-15.545150369813939,0.10473756012923932,0.09425364478632986,0.09348779962095605,False
218,6,-280.2759173580897,-14.730462568991868,0.11604944972045347,0.07911009625547581,0.06016115714060002,False
218,7,-279.95861405685696,-14.413159267759113,0.17008108409134817,0.00942754094860968,0.007735596707383295,False
218,8,-278.1038606284202,-12.558405839322347,0.7375374071323857,0.0039892659290082805,0.0030104412140887554,False
218,9,-265.8070840625047,-0.2616292734068679,2.3186116109482895,,,True
219,0,-265.54545478909785,0.0,2.226295586144658,,,True
219,1,-278.51740353415005,-12.971948745052202,0.2665287310834876,0.013415814610845844,0.010373475516564923,False
219,2,-280.22849484171275,-14.6830400526149,0.09575006454821106,0.030249535779975106,0.026845074647474102,False
219,3,-281.17247448953515,-15.627019700437302,0.11536032002851948,0.0946058042423509,0.07885482850681783,False
219,4,-282.0493225420657,-16.503867752967835,0.22577897976326453,0.22480433947861578,0.1521623700615898,False
219,5,-281.09391899460684,-15.548464205508992,0.10760117976177867,0.09694687508360013,0.09614955322400787,False
219,6,-280.27889163535554,-14.733436846257689,0.11853823620237489,0.08087119127597933,0.061704598060107925,False
219,7,-279.96007354939763,-14.414618760299788,0.16900890849827746,0.009612492703466414,0.007881274361402301,False
219,8,-278.10664842582594,-12.561193636728092,0.7358250546537274,0.005558386652114278,0.00423486392366791,False
219,9,-265.8070840625047,-0.2616292734068679,2.3186116109482895,,,True
220,0,-265.54545478909785,0.0,2.226295586144658,,,True
220,1,-278.522652625879,-12.977197836781158,0.26461883754183996,0.013511107198138637,0.010440561287301614,False
220,2,-280.23230640194697,-14.686851612849125,0.09465929084102127,0.03050492683268824,0.027064874515378784,False
220,3,-281.1774684845012,-15.632013695403373,0.12002536125471443,0.09921959268565861,0.08196941774845413,False
220,4,-282.05830160520924,-16.51284681611139,0.23883201034647505,0.23870755187283432,0.1588800621063575,False
220,5,-281.0980612767805,-15.55260648768268,0.11135089803162844,0.10033773255780612,0.09941103395694481,False
220,6,-280.2826276514405,-14.737172862342675,0.121373126566102,0.08283112340379951,0.06355884583598105,False
220,7,-279.9618663277256,-14.416411538627756,0.16769157826905431,0.009836131883248889,0.007815145946683057,False
220,8,-278.1100640866531,-12.56460929755525,0.7337076838261318,0.006149089476990663,0.004850541982636352,False
220,9,-265.8070840625047,-0.2616292734068679,2.3186116109482895,,,True
221,0,-265.54545478909785,0.0,2.226295586144658,,,True
221,1,-278.52899454853423,-12.983539759436383,0.26248261243045107,0.013644584041819145,0.01052742530040963,False
221,2,-280.2369550072159,-14.691500218118051,0.09334475432531227,0.030800354391523593,0.027317420169794673,False
221,3,-281.1837446969041,-15.638289907806268,0.12633240394359183,0.10526453743252685,0.08577228567588513,False
221,4,-282.0711845085311,-16.52572971943323,0.13229180012044248,0.12673620867930194,0.08952685693735413,False
221,5,-281.10323745506287,-15.557782665965021,0.11612195017410468,0.10452993965319832,0.10331061371104747,False
221,6,-280.2873050894295,-14.741850300331635,0.12443551691384455,0.08486031295088708,0.06564313879549195,False
221,7,-279.9640551364381,-14.41860034734026,0.1660840576576139,0.01014237227126867,0.007678084793513108,False
221,8,-278.1142210167673,-12.568766227669471,0.7310794232504588,0.0037800460820269876,0.002919124027288528,False
221,9,-265.8070840625047,-0.2616292734068679,2.3186116109482895,,,True
222,0,-265.54545478909785,0.0,2.226295586144658,,,True
222,1,-278.5367734748487,-12.991318685750855,0.259877740720252,0.013846476717027989,0.010660305877425051,False
222,2,-280.24272285333734,-14.697268064239495,0.09174145181795397,0.03114805542118764,0.027668712666186868,False
222,3,-281.19189377657676,-15.646438987478916,0.1354987531069899,0.1138826276168968,0.09082604341528136,False
222,4,-282.0828110633082,-16.537356274210367,0.13298684185503395,0.12039018062145034,0.10714494354538451,False
222,5,-281.10987413188127,-15.564419342783424,0.12217368841300155,0.10980034272175211,0.10793262128023207,False
222,6,-280.29328409437426,-14.747829305276412,0.12751808211926371,0.08672478414417299,0.06780047897170646,False
222,7,-279.96677814985924,-14.421323360761392,0.1640913195920039,0.01052760359533299,0.0078099731152989045,False
222,8,-278.11936877466815,-12.5739139855703,0.7276543366608499,0.0031109477667570357,0.0030789775198152387,False
222,9,-265.8070840625047,-0.2616292734068679,2.3186116109482895,,,True
223,0,-265.54545478909785,0.0,2.226295586144658,,,True
223,1,-278.5462364213111,-13.000781632213261,0.2564790929217017,0.014158437609035656,0.010879077602052579,False
223,2,-280.2498273183395,-14.704372529241653,0.0897887613640278,0.03155610135569136,0.028164081158463035,False
223,3,-281.2026612271239,-15.657206438026037,0.1497803337262327,0.1272605288193175,0.09838803369115151,False
223,4,-282.09479452784836,-16.54933973875052,0.1968426744855429,0.18683283478567445,0.17004440662861492,False
223,5,-281.118411262413,-15.572956473315173,0.129724789256877,0.11650443474476214,0.11317341622035124,False
223,6,-280.30088673217574,-14.755431943077895,0.13004635158111028,0.08789364580545629,0.06962578656937302,False
223,7,-279.97014520929235,-14.424690420194509,0.1616414727011406,0.010982313933024271,0.0084434425877109,False
223,8,-278.12570136696013,-12.580246577862283,0.7230222944215717,0.004708171264987048,0.0037498462187777067,False
223,9,-265.8070840625047,-0.2616292734068679,2.3186116109482895,,,True
224,0,-265.54545478909785,0.0,2.226295586144658,,,True
224,1,-278.55756926264087,-13.012114473543022,0.25218064980071025,0.014618280884216028,0.011213228071243937,False
224,2,-280.2584430910818,-14.712988301983955,0.08825558677064398,0.032024853784536886,0.028751549188640275,False
224,3,-281.2172759531845,-15.67182116408668,0.17337056511168117,0.14925283954351312,0.1108456652126352,False
224,4,-282.11246683724744,-16.567012048149593,0.10383327146165072,0.08769860930382517,0.06185658369019921,False
224,5,-281.1293773675916,-15.583922578493741,0.13947443763892547,0.12544559774733563,0.11890128367856842,False
224,6,-280.3103935012888,-14.76493871219094,0.1309822385562274,0.08750105534012151,0.07057892033855863,False
224,7,-279.97425328376164,-14.428798494663795,0.15865477612142165,0.011602012979058036,0.00925639893729059,False
224,8,-278.13339200925844,-12.587937220160597,0.7169396016827768,0.0036458699959285527,0.003567898847660485,False
224,9,-265.8070840625047,-0.2616292734068679,2.3186116109482895,,,True
225,0,-265.54545478909785,0.0,2.226295586144658,,,True
225,1,-278.57127412472926,-13.025819335631411,0.24713848445209782,0.015265658588350143,0.011676151877160057,False
225,2,-280.26900188199477,-14.723547092896922,0.08770755577024598,0.03255158939137895,0.02930510799484985,False
225,3,-281.2389617385696,-15.693506949471782,0.2139377918993752,0.1863482796245691,0.13196791875294384,False
225,4,-282.1287679539794,-16.58331316488153,0.1724788881510451,0.16962187588143904,0.1412250273175706,False
225,5,-281.1440054351373,-15.598550646039428,0.1540943560076507,0.13909495714072367,0.12582127699798903,False
225,6,-280.3223401354569,-14.776885346359052,0.12860043749438627,0.08417172373638519,0.07006307250609657,False
225,7,-279.97933879826405,-14.433884009166206,0.1549041579830213,0.012409525580225818,0.009626525577973898,False
225,8,-278.1428558098865,-12.597401020788652,0.709680691228619,0.003951422764944751,0.0033381068743678377,False
225,9,-265.8070840625047,-0.2616292734068679,2.3186116109482895,,,True
226,0,-265.54545478909785,0.0,2.226295586144658,,,True
226,1,-278.5863631913609,-13.040908402263028,0.24209025167025675,0.01607377157120506,0.01223697903587001,False
226,2,-280.2807633946718,-14.735308605573948,0.08693279704344826,0.03309706938348281,0.029886597681047178,False
226,3,-281.2711599894542,-15.725705200356344,0.272689654821281,0.23844221069911326,0.1601367586788987,False
226,4,-282.1478529902218,-16.602398201123947,0.12412041965078965,0.11625334669700514,0.09076409431182897,False
226,5,-281.1625466943485,-15.617091905250675,0.1763687716388414,0.16001253040297492,0.13463118532279392,False
226,6,-280.3357883626103,-14.790333573512441,0.12066130477188251,0.07645219092993645,0.06680588702705828,False
226,7,-279.98508420652206,-14.439629417424214,0.15056672511019625,0.013396736448736105,0.009806080697633106,False
226,8,-278.1534778833967,-12.608023094298858,0.7027520969266141,0.004229532357102417,0.003564728831939615,False
226,9,-265.8070840625047,-0.2616292734068679,2.3186116109482895,,,True
227,0,-265.54545478909785,0.0,2.226295586144658,,,True
227,1,-278.60073585022565,-13.0552810611278,0.23742341209421522,0.01692634515770473,0.012823311508541596,False
227,2,-280.29208456841945,-14.746629779321609,0.08602471888196292,0.03359572066684939,0.030477799969738407,False
227,3,-281.3153539079576,-15.769899118859769,0.3348388288629695,0.2906039578495169,0.19074499049681418,False
227,4,-282.16367366143004,-16.618218872332193,0.11832773731306262,0.10774851344842529,0.0857488713396436,False
227,5,-281.1840410883111,-15.638586299213273,0.20532185096199568,0.18701114974864327,0.14464000594632467,False
227,6,-280.3485828816415,-14.803128092543659,0.10682871650039417,0.06464406548766809,0.06007588279768599,False
227,7,-279.9907189892671,-14.445264200169277,0.14629617685192345,0.014372248868817224,0.010584279581153905,False
227,8,-278.16382105648785,-12.618366267390002,0.6963429334905671,0.003967681232989283,0.0037819413825740224,False
227,9,-265.8070840625047,-0.2616292734068679,2.3186116109482895,,,True
228,0,-265.54545478909785,0.0,2.226295586144658,,,True
228,1,-278.61426471160127,-13.06880992250342,0.2328867884405935,0.017790675472782524,0.013426082447257208,False
228,2,-280.30283833208034,-14.757383542982495,0.08500710777907941,0.03405649761978115,0.031014177112245182,False
228,3,-281.3749958442776,-15.829541055179732,0.3816596231699618,0.32449087780658487,0.21823417555626057,False
228,4,-282.1770003120033,-16.63154552290547,0.13254655559924292,0.13247226876854873,0.10874213965688222,False
228,5,-281.2098591761711,-15.664404387073262,0.23877794215176687,0.2177677437857472,0.1538875769448509,False
228,6,-280.36031605890946,-14.814861269811615,0.08739309519343781,0.04992479058277497,0.049362480183689286,False
228,7,-279.99618635389527,-14.450731564797422,0.14222955255756886,0.015348457272877166,0.01158722385409738,False
228,8,-278.173782547551,-12.628327758453167,0.6891568394745995,0.0043270999265260495,0.004112576864362707,False
228,9,-265.8070840625047,-0.2616292734068679,2.3186116109482895,,,True
229,0,-265.54545478909785,0.0,2.226295586144658,,,True
229,1,-278.6266976940123,-13.081242904914461,0.22875544420901178,0.018614956951731564,0.014009257201834494,False
229,2,-280.31280162648727,-14.767346837389425,0.08392825056862188,0.034492445489670474,0.03147376210699499,False
229,3,-281.44833401755443,-15.902879228456584,0.38165711392947943,0.3115304155864289,0.2216429059579893,False
229,4,-282.1896441545483,-16.644189365450472,0.07491433931557318,0.0561912840513164,0.0493292036219832,False
229,5,-281.24100485740735,-15.695550068309501,0.27093634005951855,0.2465798959673016,0.1593517738992286,False
229,6,-280.3706399861265,-14.825185197028645,0.07387541902698685,0.049278939238991064,0.046236586829975376,False
229,7,-280.0013650361052,-14.455910247007353,0.13844798995678442,0.016302439282641107,0.012185446606900865,False
229,8,-278.183154788347,-12.63769999924915,0.6815443828100525,0.004479039756961142,0.004200778100199914,False
229,9,-265.8070840625047,-0.2616292734068679,2.3186116109482895,,,True
230,0,-265.54545478909785,0.0,2.226295586144658,,,True
230,1,-278.6381065429232,-13.09265175382535,0.22521780318124598,0.019371038134657917,0.01454863971363378,False
230,2,-280.322017367599,-14.77656257850117,0.08281989750891917,0.034932792499878663,0.03191400332466084,False
230,3,-281.52019293545374,-15.97473814635589,0.3183942186585257,0.26976833521179766,0.26912351064105744,False
230,4,-282.19874230400814,-16.65328751491029,0.13516640838493515,0.12932286542551416,0.0883778776684027,False
230,5,-281.27871681910966,-15.733262030011815,0.2956659780825694,0.26784395257647076,0.18979433029558232,False
230,6,-280.37979221736487,-14.83433742826702,0.07379629890098915,0.053741588659681094,0.049567582653616986,False
230,7,-280.0062625588823,-14.46080776978448,0.134900153945912,0.017216049259163233,0.012449593374673013,False
230,8,-278.1919628978022,-12.646508108704381,0.6744568954604176,0.004510773061338463,0.0042072506805278746,False
230,9,-265.8070840625047,-0.2616292734068679,2.3186116109482895,,,True
231,0,-265.54545478909785,0.0,2.226295586144658,,,True
231,1,-278.6489673013092,-13.103512512211353,0.2220815429323359,0.020076225321091223,0.01506001051975202,False
231,2,-280.3308608282793,-14.785406039181453,0.08166402430910026,0.03540854676172336,0.032406537850661096,False
231,3,-281.5577150830094,-16.012260293911538,0.5015251185770606,0.5025404766644894,0.3388866366352369,False
231,4,-282.2078226559339,-16.662367866836064,0.10328044186628615,0.09340114101172482,0.0653447055956793,False
231,5,-281.3257694076789,-15.78031461858103,0.31251096717726606,0.2820406550439757,0.22480599771678858,False
231,6,-280.3885447130792,-14.843089923981381,0.07377802483732956,0.05663913096165167,0.0513946187404913,False
231,7,-280.0110618730605,-14.465607083962652,0.13144694132040247,0.018109544077968994,0.01278951394741527,False
231,8,-278.20054888270283,-12.655094093604987,0.6681437474789136,0.004822580878336758,0.004268537951049933,False
231,9,-265.8070840625047,-0.2616292734068679,2.3186116109482895,,,True
232,0,-265.54545478909785,0.0,2.226295586144658,,,True
232,1,-278.65980821498187,-13.114353425884019,0.21901980243363034,0.020769200180998593,0.015583228081077285,False
232,2,-280.33975066623464,-14.79429587713679,0.08041558631993222,0.0359367286185289,0.03298213945987859,False
232,3,-281.57244298729006,-16.026988198192214,0.6287587835246288,0.6146012455119789,0.4267628047810697,False
232,4,-282.2159014241522,-16.67044663505436,0.07944622174000628,0.05689280606014112,0.04207307764062042,False
232,5,-281.38698334307674,-15.84152855397889,0.3176027489018603,0.28489109515298305,0.26240050255121616,False
232,6,-280.3976860699139,-14.852231280816056,0.07385538104475867,0.05798670379894257,0.05198745087176012,False
232,7,-280.01597556675307,-14.470520777655224,0.12797033693861687,0.01900560799693533,0.013368156840014947,False
232,8,-278.2093112254505,-12.66385643635266,0.6621441567540609,0.005000367071723101,0.004410331348800746,False
232,9,-265.8070840625047,-0.2616292734068679,2.3186116109482895,,,True
233,0,-265.54545478909785,0.0,2.226295586144658,,,True
233,1,-278.67026154083396,-13.124806751736116,0.2160513170309724,0.02142856744895216,0.016106841418067248,False
233,2,-280.34837787261176,-14.802923083513917,0.07912280805218411,0.03648007794376127,0.03355801552748641,False
233,3,-281.59831877604927,-16.052863986951422,0.3977614782256996,0.38641531871237,0.3251572502832975,False
233,4,-282.2225089898711,-16.677054200773227,0.10249766807793088,0.09129226596650186,0.0677819123904311,False
233,5,-281.45867548119276,-15.91322069209491,0.3032702975083715,0.27745131922237753,0.24555338918486028,False
233,6,-280.4071421674897,-14.861687378391878,0.07407659341913658,0.05760715032247227,0.05137489535411798,False
233,7,-280.02081921365414,-14.47536442455629,0.12463864347666037,0.01988887194450965,0.01399303813796417,False
233,8,-278.21793575644824,-12.672480967350396,0.6562189161978983,0.005049957817912305,0.004596106900495993,False
233,9,-265.8070840625047,-0.2616292734068679,2.3186116109482895,,,True
234,0,-265.54545478909785,0.0,2.226295586144658,,,True
234,1,-278.6803066353022,-13.134851846204356,0.21323516879022025,0.02204297299925372,0.016614082559472672,False
234,2,-280.35672876007413,-14.811273970976288,0.07779952764021425,0.03701113662466337,0.034054749129976344,False
234,3,-281.6207173037716,-16.07526251467374,0.4248358765016361,0.42151084735423333,0.3553011811003164,False
234,4,-282.22890796233446,-16.683453173236614,0.0821199385416879,0.049068997165952845,0.03618687693818113,False
234,5,-281.52000863124186,-15.974553842144019,0.2537165552473993,0.25091513043396874,0.21513066138315448,False
234,6,-280.41693156986855,-14.871476780770706,0.07447682009856324,0.0554119909139763,0.049610678425155263,False
234,7,-280.0255720538557,-14.480117264757837,0.12148002622859025,0.02076644620550203,0.014459600634522847,False
234,8,-278.22639657363703,-12.680941784539186,0.6500267279013291,0.0053405375088065015,0.004770088293307696,False
234,9,-265.8070840625047,-0.2616292734068679,2.3186116109482895,,,True
235,0,-265.54545478909785,0.0,2.226295586144658,,,True
235,1,-278.690460193486,-13.145005404388144,0.21053307292842274,0.022635948820209993,0.017122635904270354,False
235,2,-280.36522955271255,-14.819774763614703,0.07639175737543176,0.03754151867905229,0.03451944017876115,False
235,3,-281.6502290177406,-16.104774228642782,0.24684249623586926,0.24872486054007556,0.21054740895713311,False
235,4,-282.2344472304975,-16.688992441399648,0.08965815536230426,0.06889044876340514,0.04909760821692566,False
235,5,-281.5490122118314,-16.003557422733536,0.5714326258131665,0.562229098948482,0.5273411578730303,False
235,6,-280.4273381044784,-14.881883315380549,0.07506941704036944,0.054121636649308705,0.04937626799839448,False
235,7,-280.03046383008996,-14.48500904099211,0.11831845627299957,0.02168720593414853,0.015297255525297496,False
235,8,-278.23511684793334,-12.689662058835495,0.6431870644916013,0.005500131972254356,0.004875004213413211,False
235,9,-265.8070840625047,-0.2616292734068679,2.3186116109482895,,,True
236,0,-265.54545478909785,0.0,2.226295586144658,,,True
236,1,-278.7010131379713,-13.155558348873456,0.20790512713426162,0.023220018334719175,0.017651711507923388,False
236,2,-280.3741174545095,-14.828662665411628,0.0748674621639741,0.038074559922882015,0.035021833468039595,False
236,3,-281.67014754598245,-16.1246927568846,0.22209343053152775,0.2227517831187676,0.1809839512804851,False
236,4,-282.2396473802095,-16.69419259111163,0.10175507730618512,0.08577303230383154,0.06144273915242492,False
236,5,-281.5742506712292,-16.028795882131362,0.5352728661096025,0.5094759943114829,0.48434951014649813,False
236,6,-280.43835705795505,-14.892902268857199,0.07582159937883597,0.05350235542075124,0.04863286350561041,False
236,7,-280.03562137867016,-14.490166589572311,0.11504017678038668,0.022677838220743447,0.016371427939837074,False
236,8,-278.24433687450824,-12.69888208541039,0.635743088296413,0.005647752445524205,0.004890932124128641,False
236,9,-265.8070840625047,-0.2616292734068679,2.3186116109482895,,,True
237,0,-265.54545478909785,0.0,2.226295586144658,,,True
237,1,-278.7120561803307,-13.16660139123286,0.20527376058119884,0.023796741969462604,0.018211480008805465,False
237,2,-280.38346753822947,-14.838012749131622,0.07321648710752354,0.038583397536598625,0.03554004465744836,False
237,3,-281.67776375055905,-16.132308961461206,0.4279066599181169,0.43137860832705727,0.28715262802132885,False
237,4,-282.2451476985526,-16.699692909454768,0.08167617056821547,0.04701235053201345,0.036918515849050745,False
237,5,-281.6045323403605,-16.059077551262646,0.5026496727688541,0.4991624936546545,0.37536776742976513,False
237,6,-280.4498370273877,-14.904382238289827,0.07665402149965922,0.05301829465861765,0.048068275468847926,False
237,7,-280.0410796045882,-14.495624815490373,0.11161077153953612,0.023738826242496788,0.017440747960553823,False
237,8,-278.25413500080765,-12.708680211709805,0.6280556431161357,0.005918086334998762,0.004884120126832497,False
237,9,-265.8070840625047,-0.2616292734068679,2.3186116109482895,,,True
238,0,-265.54545478909785,0.0,2.226295586144658,,,True
238,1,-278.7235558747821,-13.178101085684261,0.20257793709035563,0.024363777294277834,0.01880344881802777,False
238,2,-280.39324790861457,-14.847793119516723,0.07144755307070146,0.0412182423476207,0.03598463257933489,False
238,3,-281.7038141469909,-16.15835935789306,0.22944010872094095,0.2300324095647079,0.19490860176874145,False
238,4,-282.2502283498999,-16.70477356080204,0.08980651013411074,0.05432013825313848,0.05016198962708402,False
238,5,-281.6315465983392,-16.08609180924134,0.4244259674854591,0.42233611230855217,0.2925359595617603,False
238,6,-280.46160144307913,-14.916146653981286,0.07742585364377023,0.053228867959161624,0.04819735491930664,False
238,7,-280.04680834706875,-14.501353557970901,0.1080648430045593,0.024873970003430564,0.018532714732213032,False
238,8,-278.26447206844693,-12.719017279349089,0.6204400223651997,0.006123302885776985,0.005063039441205432,False
238,9,-265.8070840625047,-0.2616292734068679,2.3186116109482895,,,True
239,0,-265.54545478909785,0.0,2.226295586144658,,,True
239,1,-278.7352492878357,-13.189794498737854,0.19989372691042212,0.02490241839897766,0.019397418191491066,False
239,2,-280.40324083618793,-14.857786047090087,0.06961198083530297,0.04548337766798525,0.03626733002153605,False
239,3,-281.72439036055925,-16.17893557146141,0.23051621789863536,0.2158393726147538,0.17325924937107662,False
239,4,-282.25529394154955,-16.709839152451707,0.08917671425128017,0.05499010390286714,0.05090812613334197,False
239,5,-281.66166312980727,-16.11620834070942,0.18362146597369222,0.15739278551421504,0.13144367681197971,False
239,6,-280.4733453783563,-14.927890589258482,0.07794760832153974,0.05440945862680184,0.04924924253766183,False
239,7,-280.0526643601346,-14.507209571036753,0.10452744853990287,0.026068933184398575,0.019720155799840655,False
239,8,-278.27510225937783,-12.729647470279986,0.6128897433933477,0.006371307830715195,0.005322515464207102,False
239,9,-265.8070840625047,-0.2616292734068679,2.3186116109482895,,,True
240,0,-265.54545478909785,0.0,2.226295586144658,,,True
240,1,-278.74756084647765,-13.202106057379808,0.19721605124074315,0.025422901523380375,0.019995083396292735,False
240,2,-280.41382195285473,-14.868367163756886,0.06766078031598562,0.05062641176565698,0.03698698604228673,False
240,3,-281.74201718270086,-16.196562393603017,0.1969763636662536,0.19563673627660583,0.13642475851731356,False
240,4,-282.2605137511373,-16.71505896203945,0.07676431864996314,0.040574281992123956,0.032246910545060195,False
240,5,-281.6737287998217,-16.12827401072383,0.38621234821134487,0.3693118129128163,0.26456879976016245,False
240,6,-280.48546541621346,-14.940010627115612,0.07800753395689368,0.056595701544415615,0.05131484726965301,False
240,7,-280.05884521705605,-14.5133904279582,0.10090730673955119,0.027366766849508527,0.02108348665360169,False
240,8,-278.2863979074048,-12.740943118306973,0.604561511670592,0.006693626684800825,0.005613519724985904,False
240,9,-265.8070840625047,-0.2616292734068679,2.3186116109482895,,,True
241,0,-265.54545478909785,0.0,2.226295586144658,,,True
241,1,-278.76041691724345,-13.2149621281456,0.194610109203154,0.02592714044512829,0.021648931922399757,False
241,2,-280.4249246057128,-14.879469816614971,0.06916601363615449,0.05679335131380634,0.04108345179580358,False
241,3,-281.76115229008656,-16.21569750098871,0.2325174866188472,0.23293677162047707,0.20163215421991224,False
241,4,-282.26543641302135,-16.719981623923502,0.08527315604957106,0.05731796026495481,0.04381139434979073,False
241,5,-281.6947897009303,-16.149334911832455,0.3200151461271436,0.3091224525212823,0.19889371818071244,False
241,6,-280.4977901861382,-14.952335397040372,0.0773286277614221,0.05922716172628511,0.05404825035529039,False
241,7,-280.06528369089705,-14.519828901799201,0.09722332874378074,0.028749791671459073,0.02256342933881529,False
241,8,-278.29824441903804,-12.752789629940196,0.5952418491290337,0.0069862525204754415,0.005912453555850761,False
241,9,-265.8070840625047,-0.2616292734068679,2.3186116109482895,,,True
242,0,-265.54545478909785,0.0,2.226295586144658,,,True
242,1,-278.7734373758403,-13.227982586742428,0.19211417272937925,0.026405962200809274,0.023732094664247607,False
242,2,-280.43624950723677,-14.89079471813892,0.07575966406426217,0.06400476359717845,0.045772442568286796,False
242,3,-281.7840796160182,-16.23862482692033,0.23343001863705426,0.23515402627863255,0.1674292451439275,False
242,4,-282.2703250203144,-16.724870231216528,0.07901517088196536,0.047201198686052964,0.038479773553446985,False
242,5,-281.7204135498549,-16.17495876075708,0.27643399636770577,0.26867307424145187,0.20831391811166533,False
242,6,-280.5098780372364,-14.96442324813853,0.07590425616964724,0.0619245976445669,0.056958193725150305,False
242,7,-280.0717668809177,-14.526312091819875,0.09357452970619363,0.03014264568013602,0.024012706715077572,False
242,8,-278.3102551626647,-12.764800373566857,0.5855016032402522,0.007305311851213883,0.0062352812467095856,False
242,9,-265.8070840625047,-0.2616292734068679,2.3186116109482895,,,True
243,0,-265.54545478909785,0.0,2.226295586144658,,,True
243,1,-278.786758168083,-13.241303378985151,0.1896459291817635,0.028519688406571563,0.026183146542533627,False
243,2,-280.447974321733,-14.902519532635154,0.08378937305179499,0.07257098402193086,0.05128584999028925,False
243,3,-281.8090114302987,-16.263556641200864,0.12050331242393396,0.0859603103824605,0.0835057670546228,False
243,4,-282.2750490120717,-16.729594222973844,0.07234711148728519,0.0383792759290235,0.029922307623931978,False
243,5,-281.74145342185716,-16.195998632759313,0.29441805995389175,0.29398321977938563,0.24908406262989516,False
243,6,-280.52178826928264,-14.976333480184792,0.07347711756496067,0.06421977468705599,0.05918665952329826,False
243,7,-280.0783422200888,-14.532887430990968,0.0899245381845052,0.03152596755631302,0.025396617946102013,False
243,8,-278.3225200646162,-12.77706527551834,0.5757589543282331,0.007676603256686261,0.006624487535431557,False
243,9,-265.8070840625047,-0.2616292734068679,2.3186116109482895,,,True
244,0,-265.54545478909785,0.0,2.226295586144658,,,True
244,1,-278.8005853428848,-13.255130553786955,0.1871685813384684,0.03167803982324538,0.029120897244265878,False
244,2,-280.4603761142863,-14.914921325188459,0.0937221689389416,0.082923355998228,0.057891249766057584,False
244,3,-281.8266936229436,-16.281238833845748,0.2385029468810758,0.21541545069068208,0.15168594523077905,False
244,4,-282.27955600105156,-16.734101211953714,0.07767534472205549,0.050098486343313584,0.04691254831658311,False
244,5,-281.76398583693856,-16.218531047840713,0.13507880051817195,0.1353869129263547,0.11483779065871287,False
244,6,-280.5336129123845,-14.988158123286667,0.07008886031167254,0.06587765505244697,0.06055251114833329,False
244,7,-280.08508551582133,-14.539630726723487,0.0862400118098706,0.03289907329972023,0.026757311448946892,False
244,8,-278.3351837172769,-12.789728928179045,0.5661093451461467,0.008088281915221401,0.007080823334254199,False
244,9,-265.8070840625047,-0.2616292734068679,2.3186116109482895,,,True
245,0,-265.54545478909785,0.0,2.226295586144658,,,True
245,1,-278.81507969676795,-13.269624907670106,0.18470761174095898,0.03551514431050189,0.03268665412720769,False
245,2,-280.4737531085258,-14.928298319427938,0.10608895478702311,0.0955353838912317,0.06582629186536325,False
245,3,-281.84673646003057,-16.301281670932724,0.21901356865204352,0.19725501629584685,0.13853882161427997,False
245,4,-282.28413076088714,-16.73867597178929,0.07288167010377013,0.04405048910249969,0.040906160314192225,False
245,5,-281.77903484142695,-16.233580052329103,0.2899644525090271,0.300270927600316,0.29282945730698945,False
245,6,-280.54536800551364,-14.999913216415791,0.06597184505935463,0.06689797628869841,0.06127109810533722,False
245,7,-280.092041335231,-14.546586546133142,0.0825144091432359,0.034252527135477044,0.028124968170542514,False
245,8,-278.3483343750735,-12.802879585975631,0.556262001684626,0.00865008606246013,0.007559353765742436,False
245,9,-265.8070840625047,-0.2616292734068679,2.3186116109482895,,,True
246,0,-265.54545478909785,0.0,2.226295586144658,,,True
246,1,-278.8301690781592,-13.284714289061355,0.18231823858715535,0.040166838414633234,0.03699222735283011,False
246,2,-280.48825420437356,-14.942799415275715,0.12116544568560866,0.11061125678066336,0.07510965734246855,False
246,3,-281.87039246249554,-16.3249376733977,0.15131422637729197,0.14888982121866473,0.11371249550460179,False
246,4,-282.288626352468,-16.74317156337014,0.06824717175668787,0.035721004121430026,0.025731921050146208,False
246,5,-281.7959109130514,-16.25045612395354,0.30475405883569484,0.3149453444764159,0.29395866201963605,False
246,6,-280.55683483793723,-15.011380048839385,0.06155719973456354,0.06754568703978839,0.061694556937176646,False
246,7,-280.09913462350215,-14.553679834404306,0.08080791931411192,0.03555024458758016,0.029461939739294597,False
246,8,-278.3618327084399,-12.816377919342074,0.5459516341704614,0.009230952493786953,0.008028808841873684,False
246,9,-265.8070840625047,-0.2616292734068679,2.3186116109482895,,,True
247,0,-265.54545478909785,0.0,2.226295586144658,,,True
247,1,-278.8457794829259,-13.300324693828031,0.18018130411772731,0.04577412250212867,0.04216745104501966,False
247,2,-280.50412676682527,-14.95867197772742,0.1391421626809849,0.12823476680959695,0.08580308994886568,False
247,3,-281.8918034786169,-16.34634868951906,0.15358800017260427,0.14483607130569584,0.1296541278532819,False
247,4,-282.2929497150893,-16.747494925991475,0.07116028226754516,0.039863161641475714,0.0325426590626489,False
247,5,-281.816660614522,-16.271205825424147,0.19833299250510844,0.19792729835708672,0.14120853978097886,False
247,6,-280.5677914648639,-15.022336675766041,0.0574158058809606,0.06818090571157018,0.062059739973776354,False
247,7,-280.10628934093387,-14.560834551836024,0.08037904711568707,0.03675269738093014,0.030683416683573977,False
247,8,-278.37553815510455,-12.830083366006704,0.5351427726106702,0.009831791245303907,0.008505350163282648,False
247,9,-265.8070840625047,-0.2616292734068679,2.3186116109482895,,,True
248,0,-265.54545478909785,0.0,2.226295586144658,,,True
248,1,-278.86211472342376,-13.316659934325912,0.18144659530035853,0.052618275375094975,0.04847769788953384,False
248,2,-280.5220190478424,-14.976564258744531,0.16020213463575567,0.14845247328322864,0.0985240989682041,False
248,3,-281.9113207055332,-16.365865916435382,0.13156370682572607,0.13070033147004337,0.1151435131588952,False
248,4,-282.29729561144245,-16.751840822344604,0.06710337577202008,0.035012827684886304,0.029788519476105887,False
248,5,-281.8367063949454,-16.29125160584755,0.2872302817115787,0.2863533276226035,0.20082730131115573,False
248,6,-280.57822671225426,-15.032771923156417,0.054004507449009226,0.06905971271815957,0.06252650841434926,False
248,7,-280.1135489115213,-14.568094122423474,0.07982569464763661,0.037860845796456044,0.03176707298851976,False
248,8,-278.3895369785845,-12.844082189486642,0.5239121251843721,0.01048715586225797,0.009041516501851334,False
248,9,-265.8070840625047,-0.2616292734068679,2.3186116109482895,,,True
249,0,-265.54545478909785,0.0,2.226295586144658,,,True
249,1,-278.879313973118,-13.333859184020127,0.18705350705446033,0.06102368186662266,0.05621716669141444,False
249,2,-280.5426199479271,-14.997165158829262,0.18363030438474173,0.1704212672319234,0.11472635871926538,False
249,3,-281.9284867922332,-16.383032003135327,0.14366428771049494,0.14234705361284927,0.11540039022062346,False
249,4,-282.3016347404869,-16.756179951389072,0.0612999617094005,0.035334241441839415,0.02900552821111489,False
249,5,-281.85867126429156,-16.313216475193713,0.1976970944233173,0.1967756209650603,0.1449352429447637,False
249,6,-280.5881186926535,-15.042663903555649,0.05155063950042607,0.07019995106100521,0.06328097059670473,False
249,7,-280.1209097526076,-14.575454963509742,0.07916162280202882,0.03890096774012114,0.03277268845263348,False
249,8,-278.4038230461432,-12.858368257045356,0.5125132683101317,0.011218900018787567,0.009663732931416043,False
249,9,-265.8070840625047,-0.2616292734068679,2.3186116109482895,,,True
250,0,-265.54545478909785,0.0,2.226295586144658,,,True
250,1,-278.89751981180984,-13.352065022711997,0.19941349211946285,0.07136357305795843,0.06572451964318561,False
250,2,-280.5666894484926,-15.021234659394736,0.20743216788394037,0.1920475366707143,0.13052862016009104,False
250,3,-281.94491683042673,-16.39946204132889,0.14547530258633012,0.13867765270110188,0.09814077160403947,False
250,4,-282.30590551919533,-16.76045073009749,0.06268385537537277,0.0400508976439006,0.036203793660086504,False
250,5,-281.8769077406244,-16.331452951526558,0.11556903875834973,0.11917848040578508,0.0868181738506807,False
250,6,-280.5975179982567,-15.05206320915886,0.049939487471454456,0.07135034791129835,0.06437299445711694,False
250,7,-280.1283475006568,-14.58289271155894,0.0784170016177018,0.039903356850271306,0.03376174160247041,False
250,8,-278.41834985868877,-12.872895069590925,0.5011311091287332,0.012014562160462587,0.010346216897755247,False
250,9,-265.8070840625047,-0.2616292734068679,2.3186116109482895,,,True
251,0,-265.54545478909785,0.0,2.226295586144658,,,True
251,1,-278.91696828255726,-13.371513493459418,0.21489800936818906,0.08405931492554819,0.07737420071150802,False
251,2,-280.5948942841427,-15.049439495044851,0.22727850107447525,0.20908069789679437,0.14249884716686298,False
251,3,-281.9609415282248,-16.415486739126948,0.10626865667363845,0.08930944430894262,0.06914769190176148,False
251,4,-282.3102144955966,-16.76475970649875,0.06145462773245353,0.04103843107471353,0.03768846811178773,False
251,5,-281.88994337065276,-16.344488581554913,0.21123906578343943,0.21146373980095176,0.18951459891654737,False
251,6,-280.6065481418939,-15.061093352796036,0.04867334691223031,0.07208881034256301,0.06568413910550923,False
251,7,-280.13584469528325,-14.590389906185408,0.0776282922626577,0.0408985815714565,0.03477718624203727,False
251,8,-278.4330806224739,-12.887625833376035,0.48975732489787016,0.012847755207324726,0.011043804643243706,False
251,9,-265.8070840625047,-0.2616292734068679,2.3186116109482895,,,True
252,0,-265.54545478909785,0.0,2.226295586144658,,,True
252,1,-278.9379014507647,-13.392446661666838,0.23401120849556836,0.099400766772644,0.09141291018809099,False
252,2,-280.62709748429586,-15.081642695198013,0.23464366879855345,0.21358332220843623,0.14372885824645373,False
252,3,-281.97333510898454,-16.427880319886697,0.10248908904256734,0.10486599227379759,0.09018495507283075,False
252,4,-282.31456786884803,-16.769113079750184,0.05572640517293325,0.044503975126938995,0.03722837580176853,False
252,5,-281.9047692422715,-16.35931445317368,0.15758453589879318,0.1559260554428378,0.11695459260099697,False
252,6,-280.61529403939926,-15.069839250301413,0.04792394869907029,0.07263608276499349,0.06727357357459007,False
252,7,-280.143346706309,-14.597891917211143,0.0768359906391918,0.0419073034334868,0.03583427229072581,False
252,8,-278.44790062902666,-12.902445839928816,0.47834639353093,0.013703713728995068,0.01173591083816434,False
252,9,-265.8070840625047,-0.2616292734068679,2.3186116109482895,,,True
253,0,-265.54545478909785,0.0,2.226295586144658,,,True
253,1,-278.9607909077918,-13.415336118693972,0.25722590097843057,0.12145987448961945,0.10798987153637336,False
253,2,-280.66174323922814,-15.116288450130298,0.2151889973021738,0.19290713846566962,0.12621431016861695,False
253,3,-281.9837409525819,-16.438286163484065,0.15140884815461841,0.15327606659215745,0.12300860214770774,False
253,4,-282.31892143219557,-16.77346664309772,0.05603295101606635,0.049856434106704844,0.04228761304319281,False
253,5,-281.91945784355164,-16.374003054453794,0.14650220980145673,0.14531709292522352,0.1261800630760232,False
253,6,-280.6238529343491,-15.078398145251242,0.04831210046224544,0.07361743767985283,0.06930108038011183,False
253,7,-280.15082375429404,-14.605368965196192,0.07607366291668417,0.04293632050118874,0.03691170368810937,False
253,8,-278.46274181817364,-12.917287029075794,0.46686624424973067,0.014585414215643102,0.012433444618834747,False
253,9,-265.8070840625047,-0.2616292734068679,2.3186116109482895,,,True
254,0,-265.54545478909785,0.0,2.226295586144658,,,True
254,1,-278.98645235605807,-13.44099756696022,0.28466517792506646,0.15118282681507222,0.12684292153303758,False
254,2,-280.6944863103836,-15.149031521285735,0.154026202903923,0.13673378993644808,0.09331181226619571,False
254,3,-281.99432591186144,-16.44887112276359,0.10013634788062539,0.10110995613556521,0.06700608289880444,False
254,4,-282.32335806581807,-16.777903276720224,0.06296152984997225,0.05633104791794456,0.04790782328609908,False
254,5,-281.933793876971,-16.388339087873135,0.19632160145280403,0.19574078782637241,0.1511945840918568,False
254,6,-280.6323348946211,-15.086880105523278,0.05038105895108471,0.0756385582165862,0.07205494730962064,False
254,7,-280.15828386901705,-14.612829079919209,0.07536497876026113,0.04399696362814137,0.038015783992508316,False
254,8,-278.47760812942016,-12.932153340322316,0.4553081241856556,0.015510942932442035,0.013168238726038079,False
254,9,-265.8070840625047,-0.2616292734068679,2.3186116109482895,,,True
255,0,-265.54545478909785,0.0,2.226295586144658,,,True
255,1,-279.0160174879703,-13.47056269887247,0.31508047461128524,0.18693623456488342,0.14642550811121613,False
255,2,-280.718009572161,-15.172554783063163,0.12409378876230139,0.12397236354724184,0.1159550387320764,False
255,3,-282.00368799873115,-16.458233209633306,0.08966718921117217,0.08632223137012923,0.07467490318920328,False
255,4,-282.32800023251326,-16.782545443415415,0.056797396007416935,0.0634791413580269,0.053765809320616906,False
255,5,-281.9508572042596,-16.405402415161745,0.13817847788702453,0.1373788616497132,0.10838768979798365,False
255,6,-280.6408343702029,-15.095379581105078,0.05416968635718531,0.07890235001660055,0.07569667035566978,False
255,7,-280.1657403543977,-14.620285565299866,0.07472791148669998,0.04510059908664097,0.03917143437115511,False
255,8,-278.49251304424615,-12.947058255148306,0.44371522854613654,0.016492780844160306,0.013962392557662004,False
255,9,-265.8070840625047,-0.2616292734068679,2.3186116109482895,,,True
256,0,-265.54545478909785,0.0,2.226295586144658,,,True
256,1,-279.0509635090765,-13.50550871997865,0.34328768232284257,0.2253108756005629,0.16180181702051205,False
256,2,-280.7282177579102,-15.18276296881237,0.27329023679988873,0.2608121998742733,0.23068131697330174,False
256,3,-282.0117709506773,-16.46631616157947,0.09148624432838706,0.08977587566195186,0.07866864696019246,False
256,4,-282.3329465391008,-16.78749175000297,0.05213493149911432,0.07118706193712795,0.059970296809642665,False
256,5,-281.96805197777843,-16.422597188680584,0.11453380121235669,0.11385200282745214,0.09294917912025512,False
256,6,-280.649467828797,-15.104013039699169,0.05917189151443527,0.08307083780129643,0.08005325155581902,False
256,7,-280.1732378704571,-14.627783081359269,0.07417218519768988,0.04625732995716856,0.04040199543986968,False
256,8,-278.5075325653072,-12.962077776209355,0.43210111486809233,0.01753587559053345,0.01482043939016572,False
256,9,-265.8070840625047,-0.2616292734068679,2.3186116109482895,,,True
257,0,-265.54545478909785,0.0,2.226295586144658,,,True
257,1,-279.09188082551344,-13.546426036415596,0.35937931339075485,0.2524970407396344,0.1685424433485761,False
257,2,-280.73301755925394,-15.187562770156092,0.421281202188135,0.38803654055319237,0.3506893410495824,False
257,3,-282.01945235037397,-16.47399756127612,0.09644717131453909,0.09640053045240508,0.08537445702494637,False
257,4,-282.3383124830806,-16.79285769398274,0.06280433987786678,0.07961936516952872,0.06690640230988706,False
257,5,-281.98377138777187,-16.43831659867402,0.1797560123363053,0.18010236159801155,0.16339832353484018,False
257,6,-280.65828991438264,-15.11283512528479,0.06462005481649699,0.08747458952360969,0.08470278470279088,False
257,7,-280.1807819427237,-14.635327153625838,0.07370523281126069,0.0474786254681756,0.04174233939769462,False
257,8,-278.52266306820684,-12.977208279108993,0.4205024581121633,0.01864294437412839,0.015737182828468695,False
257,9,-265.8070840625047,-0.2616292734068679,2.3186116109482895,,,True
258,0,-265.54545478909785,0.0,2.226295586144658,,,True
258,1,-279.13578247511833,-13.590327686020487,0.34901319954908927,0.23588176731539592,0.15142405863219474,False
258,2,-280.7463692498828,-15.20091446078493,0.44306322030648104,0.3984208541887623,0.35996180025218905,False
258,3,-282.02660294763473,-16.481148158536882,0.08773192205792578,0.08657804644390776,0.08294852648438812,False
258,4,-282.34421656441043,-16.798761775312585,0.07432685792304762,0.08892180623975282,0.07479817701708036,False
258,5,-281.9995039733363,-16.454049184238443,0.1526194086024643,0.15332943847565175,0.14481201583742515,False
258,6,-280.6672214064022,-15.121766617304331,0.06989844799320737,0.0915077658197876,0.08914587163791148,False
258,7,-280.18827889042325,-14.642824101325402,0.07333024768414016,0.04874289919464473,0.04315882200520457,False
258,8,-278.5377023303687,-12.992247541270842,0.40908428348061604,0.01980051888286252,0.016692956432078767,False
258,9,-265.8070840625047,-0.2616292734068679,2.3186116109482895,,,True
259,0,-265.54545478909785,0.0,2.226295586144658,,,True
259,1,-279.1737407758356,-13.628285986737751,0.2418776643291263,0.13240264240086672,0.08390940852723293,False
259,2,-280.7717987537062,-15.226343964608361,0.32864516300227553,0.28446107948145816,0.2531656931308623,False
259,3,-282.0333510115266,-16.48789622242873,0.09225416032369683,0.09006000663187594,0.0659285423847209,False
259,4,-282.35079430266296,-16.805339513565116,0.08665352595656545,0.09918008789793115,0.08365909570703615,False
259,5,-282.0142572950554,-16.46880250595757,0.07709184856743051,0.07708665245193018,0.059209862376035066,False
259,6,-280.6761971898909,-15.130742400793054,0.07487986011477096,0.09495490615732698,0.09310625957129867,False
259,7,-280.195650163958,-14.650195374860175,0.07303470118475099,0.04999944742871191,0.04454580065082262,False
259,8,-278.55247971746326,-13.00702492836541,0.3979930654772506,0.020986510630782353,0.017662663894460796,False
259,9,-265.8070840625047,-0.2616292734068679,2.3186116109482895,,,True
260,0,-265.54545478909785,0.0,2.226295586144658,,,True
260,1,-279.19375768868247,-13.648302899584621,0.20419901555174294,0.25347059575897024,0.21474753731908014,False
260,2,-280.80092515646976,-15.255470367371913,0.23006410759375898,0.2260823593135825,0.17560907991223423,False
260,3,-282.0399368320258,-16.494482042927928,0.05822975728061993,0.05604321987047005,0.05470518144394327,False
260,4,-282.35833182258534,-16.812877033487496,0.0999240443537598,0.1103584285573962,0.09331661323217738,False
260,5,-282.027319448454,-16.481864659356177,0.16887182200574777,0.16485212921475934,0.137582195551411,False
260,6,-280.68535303440336,-15.139898245305517,0.07996378210849127,0.09808084394394812,0.09672732087752928,False
260,7,-280.20296858448626,-14.657513795388411,0.07279380854483856,0.051212554778492306,0.04581615815663491,False
260,8,-278.567128396509,-13.021673607411174,0.38715055455455316,0.02219724473743231,0.018639880430612207,False
260,9,-265.8070840625047,-0.2616292734068679,2.3186116109482895,,,True
261,0,-265.54545478909785,0.0,2.226295586144658,,,True
261,1,-279.1954440445159,-13.649989255418063,0.3812345268494861,0.4825681880668596,0.4191135073270726,False
261,2,-280.8259344763955,-15.280479687297657,0.2028070154450016,0.2009495334915194,0.15300818536985775,False
261,3,-282.04594649038813,-16.500491701290287,0.05282608199862231,0.055592879102785646,0.05011055690252977,False
261,4,-282.36733813658634,-16.821883347488495,0.11388869826579356,0.12182389029520942,0.10308168216746377,False
261,5,-282.04062241744725,-16.495167628349407,0.19012104628252302,0.18465031927780254,0.1540657087232993,False
261,6,-280.6949943432068,-15.14953955410897,0.08592434129405777,0.10152858428460601,0.10058362587667405,False
261,7,-280.21042352416737,-14.664968735069522,0.07259495185055148,0.05240502628479035,0.0470151536754069,False
261,8,-278.5820121099216,-13.03655732082376,0.3762790457454268,0.02346335226579461,0.019654124205870947,False
261,9,-265.8070840625047,-0.2616292734068679,2.3186116109482895,,,True
262,0,-265.54545478909785,0.0,2.226295586144658,,,True
262,1,-279.1990959935033,-13.65364120440546,0.5163376392116477,0.5714435124320579,0.49924906179345735,False
262,2,-280.84558586205367,-15.300131072955821,0.21704087124211804,0.2174519890032571,0.17805668595119722,False
262,3,-282.05132681557416,-16.50587202647631,0.09195187790523264,0.09316365371829635,0.09049489014122512,False
262,4,-282.3782408662991,-16.832786077201263,0.1263870643336171,0.13130110464240727,0.11095851689678289,False
262,5,-282.0547860283505,-16.509331239252674,0.13951687227583734,0.13381217352065872,0.1103754359117976,False
262,6,-280.7052967920307,-15.159842002932862,0.09369691770880441,0.10619432528683981,0.1055088621083156,False
262,7,-280.21808375662584,-14.672628967527999,0.07244527658080686,0.0536222566546394,0.048282246381682326,False
262,8,-278.5972494839456,-13.051794694847729,0.36524704636703037,0.02481904136781353,0.020745697797054867,False
262,9,-265.8070840625047,-0.2616292734068679,2.3186116109482895,,,True
263,0,-265.54545478909785,0.0,2.226295586144658,,,True
263,1,-279.22268020669696,-13.677225417599118,0.43503264527513424,0.4645575210622519,0.3996920552206832,False
263,2,-280.8623110374937,-15.31685624839588,0.273881967190765,0.2735107371336119,0.23230455190954125,False
263,3,-282.0566035058581,-16.51114871676026,0.09384048871571833,0.09632486569994132,0.09182692678537732,False
263,4,-282.39106276890664,-16.84560797980879,0.13243490279000894,0.13416419601572296,0.11306410695863876,False
263,5,-282.068592974759,-16.52313818566114,0.10233189657207759,0.09722608688216605,0.09407494399354181,False
263,6,-280.7162331008727,-15.170778311774882,0.10424316309844536,0.11311867332308362,0.11239236017303464,False
263,7,-280.2258388023274,-14.68038401322957,0.07234332112401405,0.05484868518565318,0.049638383433737165,False
263,8,-278.6126001164936,-13.067145327395735,0.35421926986223795,0.026257509703975855,0.02191832240418795,False
263,9,-265.8070840625047,-0.2616292734068679,2.3186116109482895,,,True
264,0,-265.54545478909785,0.0,2.226295586144658,,,True
264,1,-279.26042039188576,-13.714965602787913,0.28228885918801444,0.2903984934667714,0.24260422896998698,False
264,2,-280.87813338375435,-15.3326785946565,0.27086930352327493,0.2703769916009508,0.2317041363957299,False
264,3,-282.06174346324815,-16.516288674150303,0.05929624337899194,0.060630514795325385,0.05612166407384053,False
264,4,-282.4052653008707,-16.859810511772878,0.12425019490114127,0.12340920568355163,0.10359063373302033,False
264,5,-282.08185039785803,-16.536395608760188,0.1513085415038114,0.1482651507515803,0.1473410305910006,False
264,6,-280.7277709498079,-15.182316160710059,0.1178723197926486,0.12275455995563264,0.12167774335810855,False
264,7,-280.2335563973349,-14.688101608237048,0.07226817299820283,0.056022670659692304,0.05097306627120317,False
264,8,-278.62778098563274,-13.082326196534893,0.34343578084363585,0.027748193723727107,0.023148815224897056,False
264,9,-265.8070840625047,-0.2616292734068679,2.3186116109482895,,,True
265,0,-265.54545478909785,0.0,2.226295586144658,,,True
265,1,-279.29879817365236,-13.753343384554512,0.21603176266817276,0.2256264644739707,0.19264836081875186,False
265,2,-280.89297261725346,-15.347517828155617,0.26041686624350885,0.26006975252234,0.18425313024749115,False
265,3,-282.06619840375686,-16.52074361465901,0.05481700663598326,0.05160322194792577,0.0428255551780178,False
265,4,-282.4196751471971,-16.87422035809925,0.10444062229781899,0.10284335867326924,0.07541962978103404,False
265,5,-282.09543074717806,-16.54997595808021,0.13279887692959946,0.12978836539607433,0.1278815647470124,False
265,6,-280.7400296376042,-15.194574848506363,0.13387047255908208,0.13448063769957652,0.13300304725071666,False
265,7,-280.24121083824735,-14.695756049149509,0.07218598308963939,0.057079874367855374,0.052143775776376904,False
265,8,-278.6427186075497,-13.097263818451836,0.3330099150636624,0.029268645236002703,0.024414479382278163,False
265,9,-265.8070840625047,-0.2616292734068679,2.3186116109482895,,,True
266,0,-265.54545478909785,0.0,2.226295586144658,,,True
266,1,-279.3316535363346,-13.786198747236767,0.23159302684367622,0.20473134193312223,0.13361957179942557,False
266,2,-280.9049952961606,-15.359540507062775,0.2578593007430363,0.25666575538126296,0.1924174633647134,False
266,3,-282.069982550871,-16.52452776177313,0.07192827147670289,0.0727141951481505,0.06901786946036859,False
266,4,-282.43241741534825,-16.88696262625041,0.09499113102197791,0.09483458470972145,0.07946846280201846,False
266,5,-282.1089614521717,-16.563506663073838,0.05958692432362037,0.05631850208808044,0.054167508301148165,False
266,6,-280.7532665851987,-15.207811796100827,0.1515892429410404,0.14757608685671356,0.14595299281958968,False
266,7,-280.24886411157604,-14.703409322478194,0.07206929966321035,0.05798291309072864,0.05307099451527928,False
266,8,-278.6575058095268,-13.112051020428964,0.3229346431633682,0.030811299403288625,0.025702866169069298,False
266,9,-265.8070840625047,-0.2616292734068679,2.3186116109482895,,,True
267,0,-265.54545478909785,0.0,2.226295586144658,,,True
267,1,-279.357481544082,-13.812026754984174,0.2646395993878928,0.21243633743131762,0.17870563791250452,False
267,2,-280.91288995084653,-15.367435161748688,0.26786412340879173,0.253057470768298,0.17428040149780408,False
267,3,-282.0736367072494,-16.528181918151574,0.07087752293853139,0.07169807244627907,0.06941564902861216,False
267,4,-282.4414787711957,-16.89602398209786,0.13475543899938153,0.1353344031961952,0.10719624391250829,False
267,5,-282.1214847402631,-16.576029951165253,0.09066032551201841,0.0764495737835897,0.07479215070246031,False
267,6,-280.7678543856359,-15.222399596538082,0.17113121199023398,0.1619618836232666,0.16049319860455905,False
267,7,-280.25662405103594,-14.711169261938096,0.07191140844849384,0.058730254581649634,0.05377409391488816,False
267,8,-278.67231287533326,-13.126858086235416,0.3131313229974265,0.03237979556178828,0.0270127484623287,False
267,9,-265.8070840625047,-0.2616292734068679,2.3186116109482895,,,True
268,0,-265.54545478909785,0.0,2.226295586144658,,,True
268,1,-279.3788306257306,-13.83337583663274,0.3152371394539461,0.2863073407104157,0.24069949322782,False
268,2,-280.918025094801,-15.372570305703164,0.32471045406763566,0.2926258082386875,0.19359494251289194,False
268,3,-282.07725604938287,-16.53180126028502,0.07194800033354974,0.06512808494823875,0.05290204874966799,False
268,4,-282.44631238238014,-16.900857593282296,0.2149426546655358,0.21316888397829825,0.18792316737103598,False
268,5,-282.13340226679134,-16.58794747769349,0.11216739397973083,0.09702586492296185,0.09475607710159387,False
268,6,-280.7842494133083,-15.23879462421047,0.1935079142706257,0.17844724833507558,0.17715827398452272,False
268,7,-280.2645966826048,-14.719141893506958,0.07172253737089918,0.05934503927323184,0.05436245721140917,False
268,8,-278.6872912267851,-13.141836437687232,0.30349895992231984,0.03398704187262177,0.02835713106321749,False
268,9,-265.8070840625047,-0.2616292734068679,2.3186116109482895,,,True
269,0,-265.54545478909785,0.0,2.226295586144658,,,True
269,1,-279.4017048702947,-13.856250081196833,0.37743713357161757,0.3479963638213878,0.3015172568156844,False
269,2,-280.9240596295763,-15.378604840478431,0.33954477570414826,0.2804302691321493,0.19397193064312673,False
269,3,-282.0806440090645,-16.53518921996664,0.07783701504124549,0.06836234566225526,0.050918436529248635,False
269,4,-282.4491590338798,-16.903704244781977,0.2788394191540143,0.2741251844647278,0.24609971658372584,False
269,5,-282.1454781969342,-16.600023407836375,0.08988493095119544,0.08091955976591357,0.07459528792037867,False
269,6,-280.8029116557784,-15.25745686668057,0.21976624325975067,0.19794723948580073,0.19655494042816118,False
269,7,-280.2728190082506,-14.727364219152776,0.07151019485724171,0.06056681632370271,0.054939225614795036,False
269,8,-278.7024467050105,-13.15699191591267,0.29400842055626475,0.035640249693415185,0.029750373863392954,False
269,9,-265.8070840625047,-0.2616292734068679,2.3186116109482895,,,True
270,0,-265.54545478909785,0.0,2.226295586144658,,,True
270,1,-279.42912288441437,-13.883668095316523,0.32639804057315264,0.299322129389684,0.2586042491430388,False
270,2,-280.93432639441255,-15.388871605314705,0.3141771246831398,0.28261438165745795,0.23222046463967588,False
270,3,-282.0839212088318,-16.538466419733936,0.08202588180766068,0.07208292843853344,0.059876130896961026,False
270,4,-282.4535131583579,-16.90805836926006,0.2827317132126365,0.27636694295494785,0.25281180006728887,False
270,5,-282.1574539774586,-16.611999188360755,0.06645069608000956,0.06676570435709658,0.044775047020589626,False
270,6,-280.8243129131474,-15.278858124049577,0.24959153654685587,0.2201213957312224,0.21835361289260952,False
270,7,-280.2812612524999,-14.73580646340207,0.07127043430204527,0.06625442679875894,0.055500685926266585,False
270,8,-278.7176484239541,-13.172193634856228,0.28472874695363176,0.037328168297783286,0.031190639728394136,False
270,9,-265.8070840625047,-0.2616292734068679,2.3186116109482895,,,True
271,0,-265.54545478909785,0.0,2.226295586144658,,,True
271,1,-279.4587285353638,-13.91327374626593,0.2766811605094399,0.19069444853911902,0.1449189642620933,False
271,2,-280.9496387575839,-15.404183968486052,0.29621716631324985,0.2644102604046476,0.2189636486656456,False
271,3,-282.0872574842946,-16.541802695196736,0.0836722296837412,0.07365685117943475,0.05557210828396937,False
271,4,-282.46044276649627,-16.914987977398425,0.2309992330663582,0.2137349801956768,0.20266706647049731,False
271,5,-282.1688718587369,-16.62341706963906,0.07598609304368643,0.07289064764402013,0.05536041484063217,False
271,6,-280.8489766156532,-15.303521826555368,0.27922677739915785,0.2414487310298412,0.23954097676128924,False
271,7,-280.28989364556855,-14.744438856470708,0.077575055736901,0.07269298342921834,0.05593828366832363,False
271,8,-278.7327554759685,-13.187300686870628,0.2757560834858336,0.039030078921130376,0.0326635747994064,False
271,9,-265.8070840625047,-0.2616292734068679,2.3186116109482895,,,True
272,0,-265.54545478909785,0.0,2.226295586144658,,,True
272,1,-279.48791671934794,-13.94246193025009,0.3077180575169004,0.2106837836831701,0.20357496635610042,False
272,2,-280.9685103147285,-15.423055525630673,0.2258402587422103,0.20489795176668985,0.19290721066769304,False
272,3,-282.09057016240627,-16.54511537330842,0.08235736207427569,0.07255625349003676,0.056858891701131765,False
272,4,-282.4679585519941,-16.92250376289627,0.16302051870835874,0.14192560149151912,0.11837163138461783,False
272,5,-282.1800187610178,-16.63456397191993,0.09752312472685418,0.09379023876657921,0.07286026594657254,False
272,6,-280.877355412622,-15.331900623524177,0.30297278230440416,0.2566733528912912,0.2554089461058383,False
272,7,-280.29874180311697,-14.753287014019122,0.08484605316430957,0.0799696348193799,0.056112418297892236,False
272,8,-278.7477121469497,-13.202257357851863,0.2671479804198307,0.04072934694772791,0.03415458844567582,False
272,9,-265.8070840625047,-0.2616292734068679,2.3186116109482895,,,True
273,0,-265.54545478909785,0.0,2.226295586144658,,,True
273,1,-279.51659962453203,-13.971144835434188,0.3067575342943811,0.22317463513250815,0.20040434568904175,False
273,2,-280.98885170165164,-15.443396912553794,0.21166086828023792,0.21070344369249433,0.1940090533465731,False
273,3,-282.0937985073666,-16.548343718268768,0.07816988198964306,0.0687516778949432,0.05489028393675581,False
273,4,-282.4741217483699,-16.92866695927205,0.12684114109871508,0.12761747209781418,0.10164615078793578,False
273,5,-282.1911546920853,-16.645699902987474,0.07687495838817024,0.07157385638548934,0.05155589263782776,False
273,6,-280.9099444404756,-15.364489651377767,0.32352569151877564,0.26811755692861655,0.2677099907410515,False
273,7,-280.30788301389657,-14.762428224798725,0.09317290688565201,0.08820496627871784,0.06112818307616656,False
273,8,-278.76253129903387,-13.217076509936021,0.2589206958638459,0.04241529533282106,0.03565348647972212,False
273,9,-265.8070840625047,-0.2616292734068679,2.3186116109482895,,,True
274,0,-265.54545478909785,0.0,2.226295586144658,,,True
274,1,-279.5443048995925,-13.99885011049463,0.23536939379738214,0.17719499419698845,0.1343812254251449,False
274,2,-281.0090507674813,-15.463595978383466,0.17733393251408178,0.1954031033132538,0.19347211944122283,False
274,3,-282.0970664575333,-16.55161166843544,0.07824996555595302,0.07093403992140265,0.05833663723302474,False
274,4,-282.47881132589305,-16.933356536795202,0.12688139323735215,0.1284946643340139,0.11555451766024767,False
274,5,-282.20186633269293,-16.656411543595084,0.06402345646449328,0.06324340958579641,0.05462457555888008,False
274,6,-280.9482108037988,-15.40275601470097,0.35673098032578504,0.28918937708062875,0.2889422505098347,False
274,7,-280.3174194607842,-14.771964671686362,0.10270335204548976,0.09752741866837727,0.06695314424104122,False
274,8,-278.77723833348387,-13.231783544386019,0.25107544541552956,0.044076198706458895,0.03714992403034862,False
274,9,-265.8070840625047,-0.2616292734068679,2.3186116109482895,,,True
275,0,-265.54545478909785,0.0,2.226295586144658,,,True
275,1,-279.5686402814064,-14.023185492308528,0.14592933048734236,0.16435204737958947,0.1494418198707227,False
275,2,-281.02769909115943,-15.482244302061588,0.18746748403860286,0.19014088111681623,0.18693439844889592,False
275,3,-282.1003788794844,-16.554924090386578,0.0634760343671336,0.05498448256540764,0.043447017018282755,False
275,4,-282.48269732645497,-16.937242537357122,0.12521272682203635,0.13041037735891367,0.10248588246971359,False
275,5,-282.2118675640362,-16.66641277493835,0.0661071634181113,0.06269460844517905,0.053311512509779044,False
275,6,-280.99610157181144,-15.45064678271359,0.4184663044965512,0.35101986545357056,0.3318100736170394,False
275,7,-280.3274662388035,-14.782011449705635,0.11356952360111894,0.10804784110678076,0.07352818580275036,False
275,8,-278.79184445848705,-13.246389669389202,0.24361254080208247,0.045695333156064416,0.0386301740003473,False
275,9,-265.8070840625047,-0.2616292734068679,2.3186116109482895,,,True
276,0,-265.54545478909785,0.0,2.226295586144658,,,True
276,1,-279.58874417885613,-14.043289389758286,0.18099447511704775,0.19148707564560655,0.15830930123311945,False
276,2,-281.04349301656794,-15.49803822747009,0.18630928305222216,0.17970900922138947,0.17285357878908042,False
276,3,-282.10352506482167,-16.55807027572382,0.0546231359132666,0.046620407905462395,0.035646253001917955,False
276,4,-282.486087050215,-16.940632261117173,0.12524296545464197,0.13074905510358545,0.08885137185197163,False
276,5,-282.22139305107197,-16.675938261974125,0.08284070956705832,0.06913637207247754,0.06417074358680949,False
276,6,-281.0588845298409,-15.51342974074305,0.48191772701376534,0.42729241845069393,0.37317206452361523,False
276,7,-280.3381312961436,-14.792676507045769,0.1258254576332607,0.11980012414816932,0.08083826861788156,False
276,8,-278.80632308940994,-13.260868300312097,0.23653913290554915,0.047253017238701414,0.04008023768341138,False
276,9,-265.8070840625047,-0.2616292734068679,2.3186116109482895,,,True
277,0,-265.54545478909785,0.0,2.226295586144658,,,True
277,1,-279.6079705615641,-14.06251577246627,0.26066702644664325,0.25897119252770456,0.22139110465118472,False
277,2,-281.0565749005128,-15.511120111414982,0.17926001317494938,0.1698615735580569,0.1554660273577721,False
277,3,-282.1064090591933,-16.560954270095465,0.045898514481939885,0.04197647676637785,0.03540168603541332,False
277,4,-282.48899895289696,-16.943544163799118,0.12946650851172367,0.13426865991393577,0.1016667743589173,False
277,5,-282.23056003181154,-16.68510524271369,0.07216981935695226,0.07285783219732696,0.05387386464280787,False
277,6,-281.1340263062358,-15.58857151713795,0.45207082387934544,0.39678689186838045,0.3398412279067397,False
277,7,-280.3494944328802,-14.804039643782346,0.13937689457106678,0.13267440032256497,0.08877299493819997,False
277,8,-278.8205990159223,-13.275144226824466,0.22987673999754948,0.04872884950290032,0.04148639607463535,False
277,9,-265.8070840625047,-0.2616292734068679,2.3186116109482895,,,True
278,0,-265.54545478909785,0.0,2.226295586144658,,,True
278,1,-279.6306517747063,-14.085196985608434,0.2703527917033275,0.26006656847299653,0.23218224790339287,False
278,2,-281.0695748632463,-15.52412007414847,0.22104394546671136,0.2192493542298864,0.19930999941132413,False
278,3,-282.109158403587,-16.563703614489157,0.0571797371699864,0.05505181748593573,0.043781793844622684,False
278,4,-282.4916216644899,-16.946166875392066,0.1370409257631254,0.14071563837488843,0.11116090158799917,False
278,5,-282.23922316837155,-16.693768379273706,0.07906994479946212,0.0833405523399145,0.05670899032404224,False
278,6,-281.1982210243776,-15.652766235279728,0.32517044594765493,0.3287772668832083,0.31252356430439565,False
278,7,-280.3616801676684,-14.81622537857055,0.15405950556508383,0.1464871060330707,0.09788383232852531,False
278,8,-278.83464102273365,-13.289186233635803,0.2236336221074572,0.050106442029373366,0.04283385719401853,False
278,9,-265.8070840625047,-0.2616292734068679,2.3186116109482895,,,True
279,0,-265.54545478909785,0.0,2.226295586144658,,,True
279,1,-279.65809620895203,-14.112641419854185,0.20644303227692062,0.21116335277317777,0.19502328642470845,False
279,2,-281.0861583283492,-15.540703539251354,0.23514335189052923,0.2340620699572359,0.20838786258025074,False
279,3,-282.1118946806564,-16.56643989155856,0.0582091790678108,0.05652470969927274,0.043588995695308955,False
279,4,-282.49423753534916,-16.94878274625131,0.1315796028124324,0.13539038209700868,0.09577733990942608,False
279,5,-282.2474893176458,-16.702034528547927,0.08727140631857187,0.0917206292084224,0.05944002517023061,False
279,6,-281.21321504479556,-15.667760255697715,0.6792721184869844,0.6376791540988748,0.5627022060643815,False
279,7,-280.37502793753947,-14.829573148441625,0.16980266194051397,0.1611265030312137,0.10901257727930846,False
279,8,-278.8486201927148,-13.303165403616958,0.21774176726692498,0.051387556440403936,0.04412180805858916,False
279,9,-265.8070840625047,-0.2616292734068679,2.3186116109482895,,,True
280,0,-265.54545478909785,0.0,2.226295586144658,,,True
280,1,-279.6889908218351,-14.143536032737245,0.24820655505466732,0.24862254567533768,0.2268333402796233,False
280,2,-281.10790764803426,-15.56245285893641,0.2064304737681145,0.2022497772793062,0.17175070055757902,False
280,3,-282.114572031051,-16.569117241953165,0.04937366095095673,0.04789101656237194,0.035534890376513265,False
280,4,-282.4967821551551,-16.951327366057228,0.11258806549661327,0.11935159472563941,0.09298215257846483,False
280,5,-282.2557849348815,-16.710330145783644,0.103306468776447,0.09777870943081635,0.0744489659197064,False
280,6,-281.1750808010414,-15.629626011943571,1.3834144424700296,1.2476502728461387,0.9597629706442843,False
280,7,-280.39006860180825,-14.844613812710406,0.18643383446375072,0.1763623847204266,0.12057172807330287,False
280,8,-278.8628611980132,-13.31740640891536,0.2120538674089381,0.05260060620128536,0.04538837420752646,False
280,9,-265.8070840625047,-0.2616292734068679,2.3186116109482895,,,True
281,0,-265.54545478909785,0.0,2.226295586144658,,,True
281,1,-279.7226164598894,-14.177161670791577,0.2982726412786562,0.2910253874525786,0.2614981263635329,False
281,2,-281.1338432567443,-15.588388467646439,0.2382658860043103,0.2343513165954343,0.19079526557783932,False
281,3,-282.1170629902802,-16.571608201182357,0.050258566525651395,0.03329852730926244,0.026486430601870104,False
281,4,-282.49898197509486,-16.953527185997018,0.11900425858531616,0.10917284996624577,0.10834108202653137,False
281,5,-282.26422593028144,-16.718771141183595,0.09964342945887723,0.10141035453045585,0.07113109068136246,False
281,6,-281.1624797472359,-15.617024958138074,1.6069579987940987,1.486897308619325,1.1145468515711927,False
281,7,-280.4069406292539,-14.861485840156035,0.20289827656034684,0.19113337822006907,0.13170239545334408,False
281,8,-278.87729129138813,-13.331836502290287,0.20657910279447772,0.05374036161252492,0.04664030135993028,False
281,9,-265.8070840625047,-0.2616292734068679,2.3186116109482895,,,True
282,0,-265.54545478909785,0.0,2.226295586144658,,,True
282,1,-279.7598849408688,-14.214430151770955,0.3518376703044394,0.3344898990885011,0.29757876483887713,False
282,2,-281.16227504730296,-15.61682025820511,0.27061873856235596,0.26776698430697354,0.2180755232861765,False
282,3,-282.1193227318847,-16.573867942786876,0.05314597901388436,0.04464400612051844,0.043229656729392656,False
282,4,-282.500855855487,-16.95540106638913,0.12433427178899915,0.11280742865885766,0.11058010201732979,False
282,5,-282.27243527785413,-16.726980488756283,0.0969567725767076,0.10234498762427852,0.07393874366780885,False
282,6,-281.21307538088047,-15.667620591782622,1.0547227860416275,0.9905869634270712,0.7088238162660029,False
282,7,-280.4251123150026,-14.879657525904747,0.21729338230658168,0.20363619722609635,0.14087715132922998,False
282,8,-278.8913473505092,-13.345892561411347,0.20152615668869353,0.05474870947591107,0.04780355940958943,False
282,9,-265.8070840625047,-0.2616292734068679,2.3186116109482895,,,True
283,0,-265.54545478909785,0.0,2.226295586144658,,,True
283,1,-279.8032010030905,-14.257746213992675,0.4033530704424716,0.3743173910379572,0.3329726629465425,False
283,2,-281.19298675866844,-15.647531969570593,0.2889392086747276,0.2910145051667042,0.22631936212771572,False
283,3,-282.1214663082013,-16.576011519103474,0.05433220411051276,0.04691415231048485,0.04609876194708964,False
283,4,-282.5027723622144,-16.95731757311654,0.11683681328310364,0.10416482987867676,0.10055662990027792,False
283,5,-282.2802303218642,-16.734775532766378,0.09470319154771654,0.10042573361618362,0.07421612939415452,False
283,6,-281.2487007171772,-15.703245928079355,0.48352031407927915,0.4811238108731281,0.3544004652263082,False
283,7,-280.4444445708316,-14.898989781733746,0.22807881597315002,0.21243543108612487,0.14669527382224667,False
283,8,-278.90492271018127,-13.359467921083422,0.19693628117053583,0.05559554290943098,0.048816432952960266,False
283,9,-265.8070840625047,-0.2616292734068679,2.3186116109482895,,,True
284,0,-265.54545478909785,0.0,2.226295586144658,,,True
284,1,-279.8551577949395,-14.30970300584164,0.45149255748783806,0.4098022004828236,0.3683011429031525,False
284,2,-281.2263145082878,-15.680859719189982,0.2790895205339355,0.29375333486735755,0.2213391410958277,False
284,3,-282.1236143542635,-16.578159565165663,0.04977326327636749,0.03889618319973018,0.034563102252626404,False
284,4,-282.5050264796918,-16.959571690593975,0.10722604029298925,0.09356637129795962,0.0824706815147369,False
284,5,-282.28783643954455,-16.742381650446703,0.08956204301329254,0.09545495757108782,0.07171565836072347,False
284,6,-281.2367523134168,-15.69129752431894,0.5782896078773108,0.5777945258023278,0.47265956660956476,False
284,7,-280.4654821363446,-14.92002734724673,0.23327573665980478,0.21568019577951267,0.14727618071209353,False
284,8,-278.91846099676286,-13.373006207665014,0.19439775900545056,0.05628301659196423,0.049662972467906706,False
284,9,-265.8070840625047,-0.2616292734068679,2.3186116109482895,,,True
285,0,-265.54545478909785,0.0,2.226295586144658,,,True
285,1,-279.9163237466038,-14.370868957505934,0.5036283350634073,0.44889169011452557,0.410086008102698,False
285,2,-281.25809515732817,-15.712640368230325,0.28152641810378076,0.2889474115090897,0.2722478255600861,False
285,3,-282.1257462224437,-16.58029143334585,0.04845316993380153,0.033408857000878485,0.026350621493845372,False
285,4,-282.5074312103425,-16.96197642124463,0.11524645905979072,0.10322584468332938,0.089183997343443,False
285,5,-282.29542928123453,-16.749974492136687,0.08186063961018912,0.08759699985543605,0.0664528000255668,False
285,6,-281.2138401586991,-15.668385369601253,0.8894570430148466,0.8826554635746052,0.7328157813299498,False
285,7,-280.48822849671103,-14.942773707613185,0.22855218872513955,0.20947350533386325,0.13889548877926353,False
285,8,-278.93223095925504,-13.38677617015719,0.19544772371029945,0.05680838289287131,0.05035437271849689,False
285,9,-265.8070840625047,-0.2616292734068679,2.3186116109482895,,,True
286,0,-265.54545478909785,0.0,2.226295586144658,,,True
286,1,-279.9878914826852,-14.442436693587354,0.5637681218846581,0.4958294614582838,0.45912268186133615,False
286,2,-281.2789025555436,-15.73344776644575,0.3938639602230742,0.3682465607417084,0.33636184876764796,False
286,3,-282.12781075839223,-16.582355969294383,0.05351388600378301,0.042675142028489946,0.035095053332245635,False
286,4,-282.5096479685517,-16.964193179453844,0.10826031436962656,0.09832505673031455,0.08115047402350412,False
286,5,-282.30295838487166,-16.757503595773812,0.07217847511443234,0.07737235856003936,0.05876833910289806,False
286,6,-281.2128854456877,-15.66743065658983,1.0118608951858314,1.0040308779871188,0.8457652931622978,False
286,7,-280.5116074918693,-14.966152702771467,0.20787280706077824,0.18874474302753813,0.12580931256110572,False
286,8,-278.94616328006646,-13.400708490968611,0.19642178389023032,0.057149409261274695,0.05088264842055164,False
286,9,-265.8070840625047,-0.2616292734068679,2.3186116109482895,,,True
287,0,-265.54545478909785,0.0,2.226295586144658,,,True
287,1,-280.0697686718705,-14.524313882772674,0.5616759080872643,0.48368387858349915,0.4517987969584521,False
287,2,-281.28284578686623,-15.737390997768387,0.6859893515405187,0.5690063500492438,0.404843766477049,False
287,3,-282.1298046363253,-16.58434984722743,0.0567991027079101,0.047033319418393615,0.037644995216577964,False
287,4,-282.51148644584043,-16.966031656742587,0.08859846734880893,0.08121151997879639,0.07240324629940513,False
287,5,-282.310216188027,-16.76476139892918,0.06134636608794428,0.06570248915127441,0.049347542726712164,False
287,6,-281.2380751625078,-15.692620373409966,0.939300267906529,0.9367368730206157,0.806843229115747,False
287,7,-280.53363103183455,-14.9881762427367,0.16737554825642284,0.1513507886978491,0.10116820801687493,False
287,8,-278.96008153421434,-13.414626745116493,0.19729207093538925,0.057283633777194976,0.0527209834149009,False
287,9,-265.8070840625047,-0.2616292734068679,2.3186116109482895,,,True
288,0,-265.54545478909785,0.0,2.226295586144658,,,True
288,1,-280.14609287807457,-14.600638088976723,0.3492391392561856,0.2941831297670489,0.2623656588464512,False
288,2,-281.2803970685052,-15.734942279407335,0.9233057763711606,0.7336212584042429,0.6090918978477461,False
288,3,-282.1317399388797,-16.586285149781872,0.05024557774661195,0.04120993707935583,0.03241079572022952,False
288,4,-282.5129955827183,-16.967540793620458,0.07650450254170835,0.0748893611345512,0.07333744690765802,False
288,5,-282.31703985809315,-16.771585068995307,0.05031521759383453,0.05370934027763402,0.040829737815297654,False
288,6,-281.2730027289891,-15.72754793989128,0.699856287178713,0.7029989266157222,0.6228350003432503,False
288,7,-280.55190726803687,-15.006452478939025,0.11752887452418632,0.11176994353973535,0.09686083553143642,False
288,8,-278.9738905174353,-13.428435728337433,0.19804163485421516,0.06175886712788966,0.05701664770607045,False
288,9,-265.8070840625047,-0.2616292734068679,2.3186116109482895,,,True
289,0,-265.54545478909785,0.0,2.226295586144658,,,True
289,1,-280.1801136666279,-14.634658877530057,0.25705308586417286,0.2764349218376438,0.2652776838538603,False
289,2,-281.2898655403738,-15.74441075127595,0.9135904647455018,0.6972364651170436,0.5976095698170717,False
289,3,-282.13362060225484,-16.58816581315699,0.04035895291763007,0.03003354403662038,0.02354508857060226,False
289,4,-282.5143807059857,-16.968925916887827,0.08284870355156367,0.0908537976401606,0.08896595367103016,False
289,5,-282.32349363284646,-16.778038843748618,0.0478940471688431,0.04422622134281171,0.04266745267588868,False
289,6,-281.29488142593345,-15.749426636835608,0.4085915328426832,0.38243394884104076,0.30571931290768223,False
289,7,-280.56454236223453,-15.019087573136687,0.12954421753207612,0.1287345995352554,0.1199699135882525,False
289,8,-278.98771853094644,-13.442263741848592,0.19866912236394668,0.06693548701839973,0.06179704142407214,False
289,9,-265.8070840625047,-0.2616292734068679,2.3186116109482895,,,True
290,0,-265.54545478909785,0.0,2.226295586144658,,,True
290,1,-280.14107155822387,-14.595616769126025,1.035480019655826,1.0106903052404297,0.8961326131270756,False
290,2,-281.31051517406877,-15.765060384970923,0.6465225489290922,0.4394500126349826,0.3789736377015296,False
290,3,-282.13547750379223,-16.590022714694385,0.03811657513337013,0.025030923484402945,0.023587935197983734,False
290,4,-282.5158547763945,-16.970399987296673,0.09022032677820353,0.0948496613347243,0.09263362370003525,False
290,5,-282.3298761689283,-16.784421379830462,0.05446739108141713,0.051221060276790506,0.04365071249852391,False
290,6,-281.29124883702264,-15.74579404792479,0.630553179315549,0.6143581042574157,0.5452580073928194,False
290,7,-280.57109301048456,-15.025638221386714,0.23114737397727805,0.22107620376135736,0.19148874188249038,False
290,8,-279.00202930873064,-13.456574519632795,0.19918006189159612,0.07290751122786028,0.06729681423548592,False
290,9,-265.8070840625047,-0.2616292734068679,2.3186116109482895,,,True
291,0,-265.54545478909785,0.0,2.226295586144658,,,True
291,1,-280.23341337167005,-14.687958582572207,0.23403730781157267,0.19806757512878298,0.17476672210699196,False
291,2,-281.35122276027073,-15.805767971172884,0.23953487285563743,0.2085723347082549,0.18009029139163385,False
291,3,-282.13645819531786,-16.59100340622001,0.0375997487119593,0.02734952274372445,0.018937274485737256,False
291,4,-282.51919875676737,-16.97374396766952,0.06260079180542298,0.04199002103941428,0.03720645435002521,False
291,5,-282.33250574969315,-16.78705096059531,0.04972296101644964,0.042052350538617576,0.04133534779225203,False
291,6,-281.3433360421008,-15.79788125300297,0.45310665364357333,0.4545972426331106,0.4011072155167424,False
291,7,-280.5838638656652,-15.038409076567348,0.1273488151007478,0.13683967655334084,0.12596703647901716,False
291,8,-279.00660682385933,-13.461152034761483,0.19990371411888555,0.07548659054827817,0.07011451969889101,False
291,9,-265.8070840625047,-0.2616292734068679,2.3186116109482895,,,True
292,0,-265.54545478909785,0.0,2.226295586144658,,,True
292,1,-280.2067829698368,-14.661328180738963,0.6435125661204776,0.5958154243140824,0.5127812336808573,False
292,2,-281.3747913382897,-15.82933654919185,0.32928657121998217,0.33437497228360963,0.23533244091025404,False
292,3,-282.1379236187573,-16.59246882965948,0.036103906268378526,0.028311669621366508,0.018890059838017864,False
292,4,-282.52114795054433,-16.975693161446486,0.06519131327545097,0.044168371781106455,0.04034680926446969,False
292,5,-282.33672305563425,-16.791268266536406,0.05477258319216477,0.037513621041729436,0.036279243730348236,False
292,6,-281.3567798577062,-15.811325068608369,0.4730713773461667,0.47595481808214074,0.4028421744638775,False
292,7,-280.5964711133085,-15.05101632421065,0.12965883316531907,0.1327248766748125,0.09990694310073556,False
292,8,-279.0156306015127,-13.47017581241488,0.20143781073886163,0.08189995645638277,0.07623656664598066,False
292,9,-265.8070840625047,-0.2616292734068679,2.3186116109482895,,,True
293,0,-265.54545478909785,0.0,2.226295586144658,,,True
293,1,-280.2481525689772,-14.702697779879372,0.4201745573363581,0.37022555376651933,0.3227525894883861,False
293,2,-281.3923213825309,-15.846866593433049,0.1964793965209987,0.1619008455209298,0.15912906007022423,False
293,3,-282.13844640290046,-16.59299161380261,0.03506008567604012,0.024618153805556903,0.01833334580759363,False
293,4,-282.5219511869706,-16.97649639787278,0.06043376211972294,0.034710298218606425,0.03078712992107909,False
293,5,-282.33809654128265,-16.792641752184807,0.036843125237076196,0.03672666096119981,0.03421765281898684,False
293,6,-281.3837374665263,-15.83828267742848,0.216880035425082,0.2074501410224136,0.16289003832927682,False
293,7,-280.60044528299966,-15.054990493901812,0.1303400482993037,0.1322466844002651,0.09855867402647125,False
293,8,-279.018964930691,-13.47351014159318,0.2020345208282587,0.08497333960522833,0.07893605212211856,False
293,9,-265.8070840625047,-0.2616292734068679,2.3186116109482895,,,True
294,0,-265.54545478909785,0.0,2.226295586144658,,,True
294,1,-280.26790306968303,-14.722448280585184,0.18760198306470935,0.21092628048546563,0.20046799289379288,False
294,2,-281.40527801797396,-15.85982322887611,0.36008723245380775,0.2576650391129601,0.20556687730583112,False
294,3,-282.13940050891784,-16.59394571982,0.0331955355223119,0.02309767967506392,0.020750581175798023,False
294,4,-282.52289665947086,-16.977441870373013,0.05675918600776197,0.029004898182388956,0.02708593007980449,False
294,5,-282.340675157119,-16.79522036802115,0.048598473946872375,0.043799766584865264,0.03621662810228615,False
294,6,-281.38418121057566,-15.838726421477816,0.4715149752815518,0.465649443166643,0.38398248027244786,False
294,7,-280.60714004529905,-15.061685256201201,0.13167354916645296,0.13235311591674218,0.09788007839070097,False
294,8,-279.02603491300283,-13.480580123904986,0.20313117358825633,0.09151900865382051,0.08479709350311625,False
294,9,-265.8070840625047,-0.2616292734068679,2.3186116109482895,,,True
295,0,-265.54545478909785,0.0,2.226295586144658,,,True
295,1,-280.27059205152017,-14.725137262422322,0.15251940906415073,0.17628818596871795,0.1663456177206687,False
295,2,-281.40890139575185,-15.863446606654009,0.31037791362611383,0.21645330949616798,0.15923056501323324,False
295,3,-282.1395128252482,-16.59405803615033,0.03306411048652418,0.02311827770806221,0.020092826731266725,False
295,4,-282.52300321388304,-16.977548424785198,0.05774116024790977,0.028294771777090263,0.02672528919254101,False
295,5,-282.3410033930026,-16.795548603904763,0.04113083783772133,0.03605605495846238,0.03044337304536709,False
295,6,-281.39073340789287,-15.845278618795021,0.3518649570582614,0.3473311583907282,0.2876590306904164,False
295,7,-280.60795287123955,-15.062498082141701,0.13184407236712845,0.132628403286646,0.09842504534254012,False
295,8,-279.0269173190542,-13.481462529956332,0.20322834818308494,0.09230777299789704,0.08557145040084599,False
295,9,-265.8070840625047,-0.2616292734068679,2.3186116109482895,,,True
296,0,-265.54545478909785,0.0,2.226295586144658,,,True
296,1,-280.27480495394707,-14.729350164849222,0.10811479299093557,0.11590200736571506,0.1055303356348961,False
296,2,-281.4148047852895,-15.869349996191659,0.23440892262111676,0.15889255582800402,0.14269714784573273,False
296,3,-282.1397357340247,-16.59428094492688,0.032794896480437666,0.023392035129464788,0.018952635984693336,False
296,4,-282.523206063977,-16.977751274879154,0.059604426261862443,0.026974606749965723,0.02606749088676015,False
296,5,-282.3416360756597,-16.796181286561875,0.03609340903656928,0.03557415629840012,0.030049835613394967,False
296,6,-281.39845456786276,-15.85299977876491,0.20067902695067621,0.18194737656857313,0.17580812544297836,False
296,7,-280.60955711515606,-15.064102326058219,0.13216975225883745,0.13314358946815827,0.09940597753278646,False
296,8,-279.02871147691485,-13.483256687817004,0.20342728943833183,0.09393719247455444,0.08715535206626322,False
296,9,-265.8070840625047,-0.2616292734068679,2.3186116109482895,,,True
297,0,-265.54545478909785,0.0,2.226295586144658,,,True
297,1,-280.27905640074545,-14.7336016116476,0.09037705648806567,0.09218563217168424,0.08495062193462684,False
297,2,-281.42157170907,-15.876116919972162,0.17612904143931118,0.15027245431689254,0.13955731922088604,False
297,3,-282.14006980737133,-16.594615018273487,0.03237137007789064,0.02398967787000514,0.01766019004774624,False
297,4,-282.5234925358636,-16.97803774676578,0.06206942007473108,0.026588252828892912,0.025240189959947507,False
297,5,-282.3425617363075,-16.79710694720967,0.0399064477263485,0.035452352564803766,0.02942332530739725,False
297,6,-281.4025456446148,-15.857090855516958,0.1873712572487917,0.1891950331780072,0.12696260535650064,False
297,7,-280.6119502309165,-15.066495441818631,0.13261004834020082,0.13381215984900907,0.10060825843773166,False
297,8,-279.03150117729615,-13.486046388198304,0.2042475646505628,0.09653328638881345,0.08964230352235848,False
297,9,-265.8070840625047,-0.2616292734068679,2.3186116109482895,,,True
298,0,-265.54545478909785,0.0,2.226295586144658,,,True
298,1,-280.28261053748554,-14.737155748387693,0.12786864489052407,0.08989214466657305,0.0702944403278948,False
298,2,-281.42889516395013,-15.883440374852285,0.16899407732127406,0.16091411317754253,0.14787546687260078,False
298,3,-282.14051229498085,-16.595057505883005,0.03177757571289845,0.024498550094969537,0.016630352000715495,False
298,4,-282.5238500775125,-16.978395288414674,0.06458914356968032,0.025986704197338912,0.02443358324582642,False
298,5,-282.3437879848008,-16.79833319570298,0.04709976553575204,0.035245183989644435,0.028537745520846498,False
298,6,-281.40360479256003,-15.858150003462185,0.2655392507085575,0.2655181426385169,0.20672358620779857,False
298,7,-280.6151267779461,-15.069671988848256,0.13307609213779611,0.13446895698300496,0.10172342416648907,False
298,8,-279.03536840615396,-13.489913617056118,0.2095907228089906,0.10023744328151338,0.09313379151241363,False
298,9,-265.8070840625047,-0.2616292734068679,2.3186116109482895,,,True
299,0,-265.54545478909785,0.0,2.226295586144658,,,True
299,1,-280.28595014737687,-14.74049535827902,0.1748500276715099,0.13438991057134655,0.10799076522909547,False
299,2,-281.43746202747457,-15.89200723837672,0.1824702245563376,0.18704465846951843,0.15728567595221865,False
299,3,-282.1410491199466,-16.59559433084877,0.031016438172818718,0.02439388420323447,0.016139878808955118,False
299,4,-282.5242654543388,-16.97881066524093,0.06655261290870765,0.02554200187376634,0.023824772780520705,False
299,5,-282.34530158457477,-16.799846795476924,0.04788741998882639,0.034934926557358865,0.027881338972807843,False
299,6,-281.40572598400644,-15.860271194908591,0.2960906636694034,0.29186125434617394,0.2246353559998379,False
299,7,-280.61902642488326,-15.073571635785413,0.1334381376118996,0.1349076418162524,0.10247135033180294,False
299,8,-279.04031194329826,-13.494857154200417,0.21664308097725854,0.10510478968403637,0.09765635599669084,False
299,9,-265.8070840625047,-0.2616292734068679,2.3186116109482895,,,True
300,0,-265.54545478909785,0.0,2.226295586144658,,,True
300,1,-280.2900656614963,-14.744610872398482,0.19273554063052847,0.1509137283049916,0.1203431740694533,False
300,2,-281.447914779439,-15.902459990341129,0.18079407514583842,0.1884799597193436,0.1545046021338217,False
300,3,-282.1416662573191,-16.59621146822127,0.030097615950715376,0.023579270694120254,0.01620513509574644,False
300,4,-282.5247303209783,-16.979275531880432,0.06760737973399664,0.025294566640977293,0.02349788490048707,False
300,5,-282.34706636041267,-16.801611571314822,0.042420290609801604,0.034528113350082976,0.027466636638121912,False
300,6,-281.4111611709759,-15.865706381878056,0.25495128900650055,0.24913459217595355,0.18363947415380533,False
300,7,-280.62359468587846,-15.078139896780613,0.13356869330377633,0.13495805076833173,0.10271784953372987,False
300,8,-279.0463487391528,-13.500893950054945,0.22548463784549813,0.11118227665839914,0.1032410318938644,False
300,9,-265.8070840625047,-0.2616292734068679,2.3186116109482895,,,True
301,0,-265.54545478909785,0.0,2.226295586144658,,,True
301,1,-280.29541589786623,-14.749961108768389,0.17802116427244777,0.1354849529810591,0.10501470680490681,False
301,2,-281.46014517263677,-15.914690383538925,0.1611696002952844,0.167905299799925,0.14154184877217998,False
301,3,-282.1423557100736,-16.59690092097577,0.029027988195910508,0.02241263948511161,0.0166248572400938,False
301,4,-282.52523728020356,-16.97978249110571,0.06776572731968136,0.024996409954477324,0.02343236420057044,False
301,5,-282.34904510911304,-16.80359032001519,0.03570031848369435,0.03404600446251445,0.02691961761220707,False
301,6,-281.41834322844227,-15.872888439344422,0.1612948276225003,0.1571733436344715,0.11157189231858965,False
301,7,-280.6288026454447,-15.083347856346847,0.1333528901322859,0.13450772224115312,0.1024826413216522,False
301,8,-279.0535934074975,-13.508138618399641,0.23628752703174782,0.11857680042768595,0.10998629276087724,False
301,9,-265.8070840625047,-0.2616292734068679,2.3186116109482895,,,True
302,0,-265.54545478909785,0.0,2.226295586144658,,,True
302,1,-280.3021631505204,-14.756708361422568,0.12616946132752216,0.08444738523368997,0.05872762370188625,False
302,2,-281.4748881851714,-15.929433396073534,0.14579536287546402,0.1454215719674042,0.1203219639610434,False
302,3,-282.14320102262536,-16.597746233527516,0.027672392586533305,0.021262483064481422,0.017100032007677082,False
302,4,-282.5258337353465,-16.980378946248663,0.06732802350749034,0.024752602046426108,0.023522582836448664,False
302,5,-282.3514792418776,-16.806024452779752,0.03543920631131458,0.03344428756120115,0.0262027961995036,False
302,6,-281.4243330741561,-15.87887828505825,0.1194386011555228,0.12023994567492723,0.10006634130431738,False
302,7,-280.6353040167501,-15.08984922765228,0.13255382926205533,0.13333032662507321,0.10182046612590442,False
302,8,-279.0633264008095,-13.517871611711655,0.2508921527191444,0.12850756926105752,0.11901403220498069,False
302,9,-265.8070840625047,-0.2616292734068679,2.3186116109482895,,,True
303,0,-265.54545478909785,0.0,2.226295586144658,,,True
303,1,-280.3089795577008,-14.763524768602963,0.07060007726994885,0.054276029742700044,0.04971389782104913,False
303,2,-281.49170818318703,-15.946253394089183,0.16659790383031195,0.15635861458413217,0.12141676661821921,False
303,3,-282.14423192024833,-16.598777131150484,0.025984328497613587,0.020434810639413586,0.017095023393422615,False
303,4,-282.52650858875774,-16.98105379965989,0.06709603218447092,0.024627674941337416,0.023488431534365237,False
303,5,-282.35449955192723,-16.809044762829387,0.0359882137221065,0.03270181048286528,0.02535030762670063,False
303,6,-281.42755955036944,-15.882104761271592,0.22357127316569214,0.22276952570601274,0.18126330194360576,False
303,7,-280.6433543840381,-15.097899594940259,0.13068652244788848,0.13106664941902865,0.10085402144545841,False
303,8,-279.0767359938771,-13.531281204779248,0.2706686783319205,0.14470704420281066,0.13106450633545066,False
303,9,-265.8070840625047,-0.2616292734068679,2.3186116109482895,,,True
304,0,-265.54545478909785,0.0,2.226295586144658,,,True
304,1,-280.31516923137576,-14.769714442277916,0.08538346368844832,0.11421172835281941,0.09203787616232273,False
304,2,-281.5110842531558,-15.96562946405794,0.184866785641064,0.17571196130169744,0.1515952066923173,False
304,3,-282.14545946520934,-16.600004676111496,0.023959620377119836,0.019875610910986087,0.016283071261340355,False
304,4,-282.527233692512,-16.98177890341418,0.06816807218590007,0.02416164821795289,0.02291299991432527,False
304,5,-282.3581852244039,-16.812730435306037,0.0347548916655891,0.031799063613400104,0.024421126936789,False
304,6,-281.43319385185504,-15.887739062757191,0.23893035346591732,0.2387517753560407,0.20236148456943606,False
304,7,-280.65308371778247,-15.107628928684619,0.1268388207060488,0.12704649254315495,0.09942553174338084,False
304,8,-279.09541678095036,-13.549961991852513,0.29639925613774687,0.17210995136463778,0.1461960057251659,False
304,9,-265.8070840625047,-0.2616292734068679,2.3186116109482895,,,True
305,0,-265.54545478909785,0.0,2.226295586144658,,,True
305,1,-280.32240453789416,-14.776949748796312,0.09733245404972496,0.12580292676505986,0.10859310623626978,False
305,2,-281.5339208964127,-15.988466107314878,0.1587631459480628,0.1650362404960385,0.13631012972563966,False
305,3,-282.1468972800229,-16.60144249092508,0.022941784427386456,0.019454759391261837,0.014962425479112444,False
305,4,-282.52798906482894,-16.982534275731098,0.07129022152714856,0.022665308757475446,0.021495146088780444,False
305,5,-282.3625878723867,-16.817133083288866,0.04204103191501481,0.03073549194151696,0.0234431205007498,False
305,6,-281.44315400986557,-15.89769922076772,0.13920762687851454,0.13099171792891778,0.09308101386701122,False
305,7,-280.6646031826693,-15.119148393571436,0.11926227939569294,0.11980946393689641,0.09648196638740943,False
305,8,-279.12195544535984,-13.576500656261999,0.3265427907206824,0.20850296378753244,0.1620717717842701,False
305,9,-265.8070840625047,-0.2616292734068679,2.3186116109482895,,,True
306,0,-265.54545478909785,0.0,2.226295586144658,,,True
306,1,-280.3315308322252,-14.786076043127366,0.06805765507590768,0.05459982625266372,0.0417174069245158,False
306,2,-281.5591092058869,-16.013654416789052,0.1512952310448297,0.1697557748594203,0.11040943701334562,False
306,3,-282.14858028643397,-16.603125497336123,0.021241911151700914,0.018556956297339826,0.01394359248448805,False
306,4,-282.5287546901993,-16.983299901101475,0.07637865142454726,0.020793789649104243,0.01936508525101622,False
306,5,-282.3678819737288,-16.822427184630953,0.04425844894178079,0.029564621604334658,0.022379349493361823,False
306,6,-281.45120096713765,-15.905746178039806,0.18141242251858247,0.16168205871195251,0.1323434917310662,False
306,7,-280.6779597171834,-15.132504928085552,0.10439186492804681,0.10612194618068585,0.08923099292383321,False
306,8,-279.1606157951406,-13.61516100604274,0.34819872157138104,0.24564371744510674,0.1662927568260945,False
306,9,-265.8070840625047,-0.2616292734068679,2.3186116109482895,,,True
307,0,-265.54545478909785,0.0,2.226295586144658,,,True
307,1,-280.3395068506632,-14.794052061565367,0.12108960367952398,0.07209211242569,0.05360646516071494,False
307,2,-281.58281455367603,-16.037359764578184,0.18263253472662475,0.197269644532052,0.1639920492378632,False
307,3,-282.15036005393034,-16.604905264832496,0.018742237342546073,0.017080703673364672,0.013508029770263531,False
307,4,-282.5294254974641,-16.983970708366257,0.08104181934586069,0.020143746801684705,0.018543283878402754,False
307,5,-282.37367755318064,-16.828222764082795,0.03531262311155116,0.02903780722691827,0.021911743445320712,False
307,6,-281.46008791950914,-15.91463313041129,0.20978827554519416,0.19735237989980448,0.1555558235269713,False
307,7,-280.6914055365621,-15.14595074746427,0.07914111404521357,0.08303351579415033,0.07439440261095971,False
307,8,-279.2086692612987,-13.663214472200877,0.3421514756119196,0.23371887907251257,0.1499592816357166,False
307,9,-265.8070840625047,-0.2616292734068679,2.3186116109482895,,,True
308,0,-265.54545478909785,0.0,2.226295586144658,,,True
308,1,-280.3466805492477,-14.801225760149862,0.14803597147755407,0.09479956688168058,0.08171920216263402,False
308,2,-281.6037137907929,-16.058259001695035,0.16422376222731333,0.18241545290896374,0.14827694682776177,False
308,3,-282.15208049608566,-16.606625706987813,0.016593500047842533,0.01607924888319742,0.0126604638959543,False
308,4,-282.529950814111,-16.98449602501313,0.0832630764264254,0.018831326693943787,0.017059934480425608,False
308,5,-282.37948014637385,-16.834025357276005,0.03377497713789046,0.0283934061845055,0.0214351875853152,False
308,6,-281.47212346762126,-15.926668678523413,0.12228071454522868,0.10310063170867077,0.07968133769049038,False
308,7,-280.7031594100353,-15.157704620937466,0.05495418847430426,0.06358749396410171,0.059276768006491926,False
308,8,-279.24837421375764,-13.702919424659797,0.22035092327193842,0.09249339931416643,0.07796350049746997,False
308,9,-265.8070840625047,-0.2616292734068679,2.3186116109482895,,,True
309,0,-265.54545478909785,0.0,2.226295586144658,,,True
309,1,-280.35461289645264,-14.80915810735479,0.08740011148818311,0.039437399160045766,0.035071326713737264,False
309,2,-281.6228280297537,-16.077373240655845,0.12811925812021144,0.1510028557717277,0.09916892836466872,False
309,3,-282.15381509041833,-16.608360301320488,0.014950075498074977,0.015806426328274593,0.01099789717589212,False
309,4,-282.5303716060199,-16.984916816922066,0.08411254032157607,0.017863243937066578,0.016146515990744077,False
309,5,-282.3855674153931,-16.84011262629525,0.0390599224564536,0.02741430548394604,0.020681398513031607,False
309,6,-281.48130235311675,-15.9358475640189,0.17657590629617012,0.17679289255735522,0.14526132170756662,False
309,7,-280.713396757645,-15.167941968547154,0.07016612232048514,0.07108764177909413,0.06667581268991901,False
309,8,-279.26105901511625,-13.7156042260184,0.2290690816512851,0.35832948618452487,0.30715376917744625,False
309,9,-265.8070840625047,-0.2616292734068679,2.3186116109482895,,,True
310,0,-265.54545478909785,0.0,2.226295586144658,,,True
310,1,-280.3618344081973,-14.81637961909945,0.07176605858970916,0.0585137130840981,0.04533725245661026,False
310,2,-281.641009909315,-16.09555512021717,0.13895289406056294,0.14423315859804667,0.10671234743278338,False
310,3,-282.1555977556801,-16.61014296658226,0.01398460653520303,0.015605803988088493,0.012109310833091542,False
310,4,-282.5306982477737,-16.985243458675882,0.08605168840441516,0.017746590804958055,0.01525146509947688,False
310,5,-282.3920600010735,-16.846605211975657,0.047034676193885586,0.02625108388131418,0.019950606500465855,False
310,6,-281.49229369875223,-15.946838909654389,0.17268919269317676,0.17279529508662778,0.1480438211660796,False
310,7,-280.7224171184457,-15.176962329347873,0.09616188282886366,0.09375304318928017,0.07758397592203925,False
310,8,-279.26744808533346,-13.72199329623561,0.38617438169587565,0.46595645015796044,0.4060581172087599,False
310,9,-265.8070840625047,-0.2616292734068679,2.3186116109482895,,,True
311,0,-265.54545478909785,0.0,2.226295586144658,,,True
311,1,-280.36863737187065,-14.823182582772802,0.07099243120403127,0.07830239071262216,0.06360988537771296,False
311,2,-281.65807241136827,-16.11261762227042,0.128918326974717,0.15562810236050298,0.10969548204536371,False
311,3,-282.15730289013817,-16.611848101040323,0.015209822334895252,0.015247762702265341,0.012398404192805808,False
311,4,-282.53092883352826,-16.98547404443042,0.08975518273944659,0.01603258654799586,0.013599188652812498,False
311,5,-282.39854748252094,-16.853092693423093,0.044723094878057056,0.025187491535199776,0.01971395529363636,False
311,6,-281.5039606422773,-15.958505853179474,0.11637835482415669,0.1047730768823066,0.08504884879001545,False
311,7,-280.73083084748475,-15.185376058386908,0.11400185356127462,0.11011067546642572,0.08945348062788959,False
311,8,-279.300873911491,-13.755419122393164,0.2502136257229698,0.2737346637707878,0.223073761758465,False
311,9,-265.8070840625047,-0.2616292734068679,2.3186116109482895,,,True
312,0,-265.54545478909785,0.0,2.226295586144658,,,True
312,1,-280.3757846704904,-14.830329881392572,0.07187472558365432,0.030841834539774488,0.024712055488271836,False
312,2,-281.674092025012,-16.12863723591414,0.16089029682094608,0.1874555046374638,0.15426952219435958,False
312,3,-282.1588549291913,-16.61340014009346,0.016908235789283205,0.015728933452133654,0.012970857440222784,False
312,4,-282.531085206904,-16.985630417806135,0.09409966368433531,0.014613177080666005,0.012974633641133767,False
312,5,-282.4047204799194,-16.85926569082153,0.03940685564496491,0.02428688241384082,0.019359527699168363,False
312,6,-281.5121582167469,-15.966703427649065,0.1712226078184984,0.1556071344786324,0.11015709405221132,False
312,7,-280.7401864286429,-15.194731639545068,0.12141575690698041,0.10214952151302986,0.09772349191905441,False
312,8,-279.3423527068729,-13.796897917775027,0.2050562566098624,0.15497887112040196,0.1318032153635015,False
312,9,-265.8070840625047,-0.2616292734068679,2.3186116109482895,,,True
313,0,-265.54545478909785,0.0,2.226295586144658,,,True
313,1,-280.38227837328816,-14.836823584190313,0.07767685741470111,0.03847662826627925,0.03468650202890372,False
313,2,-281.6909403876448,-16.14548559854694,0.15696229785177093,0.18369734290035497,0.15440554573125032,False
313,3,-282.1602793139581,-16.61482452486024,0.01888395324860588,0.017227232046406374,0.015119387027550758,False
313,4,-282.5312018198192,-16.98574703072137,0.09728423954471947,0.014271772436337087,0.012236999087957222,False
313,5,-282.4106661691406,-16.86521138004275,0.04107483066201503,0.02334932394437389,0.01901722778251295,False
313,6,-281.52087945086805,-15.975424661770205,0.1311182003217036,0.11959297347443289,0.08507197514665864,False
313,7,-280.7510641782259,-15.205609389128028,0.10307237411850474,0.10377477267598434,0.09955246178240795,False
313,8,-279.3739025272981,-13.828447738200282,0.2025402052890104,0.1464117126356568,0.1284786660340206,False
313,9,-265.8070840625047,-0.2616292734068679,2.3186116109482895,,,True
314,0,-265.54545478909785,0.0,2.226295586144658,,,True
314,1,-280.38859691535094,-14.843142126253099,0.09657429652255736,0.05699545487801759,0.04967413233456085,False
314,2,-281.70884117837113,-16.163386389273285,0.11984451386003517,0.14972392841517343,0.11835295914554568,False
314,3,-282.16161479579455,-16.616160006696703,0.020887115430534873,0.019267747632492376,0.0177220203495035,False
314,4,-282.5313131760355,-16.98585838693765,0.0986493649611727,0.012908601139657699,0.01144542120937009,False
314,5,-282.4165441522234,-16.871089363125577,0.04846354303040908,0.022310865573797745,0.018715348776032356,False
314,6,-281.5279157431646,-15.982460954066767,0.09637935532530073,0.0956696794062074,0.0885330644785212,False
314,7,-280.7624893369507,-15.217034547852847,0.07605830754115735,0.09846962116413524,0.09476199817021454,False
314,8,-279.3970899717511,-13.85163518265324,0.2690606494907734,0.2374204122839481,0.20679402019040077,False
314,9,-265.8070840625047,-0.2616292734068679,2.3186116109482895,,,True
315,0,-265.54545478909785,0.0,2.226295586144658,,,True
315,1,-280.39538181078933,-14.849927021691485,0.07318440076548408,0.028156660463283786,0.024397587705279403,False
315,2,-281.7277450800782,-16.182290290980347,0.10645117044192573,0.13703256126520205,0.10242997494694006,False
315,3,-282.1628711672956,-16.61741637819773,0.022816719324994753,0.02095074171467979,0.018842585179462277,False
315,4,-282.5314291441431,-16.985974355045244,0.09948507698996394,0.0135401186405413,0.011392263594673163,False
315,5,-282.42241169128874,-16.876956902190898,0.05118967234502491,0.021300250948409188,0.018082111089543326,False
315,6,-281.53355612706764,-15.988101337969795,0.11216997569734807,0.11382647810723191,0.09667594024971822,False
315,7,-280.77310368607556,-15.227648896977712,0.0738362744795892,0.08903581288076205,0.08610559426541414,False
315,8,-279.42349129830905,-13.8780365092112,0.24188000166635268,0.17668733956977634,0.15370849685735172,False
315,9,-265.8070840625047,-0.2616292734068679,2.3186116109482895,,,True
316,0,-265.54545478909785,0.0,2.226295586144658,,,True
316,1,-280.4020257279317,-14.85657093883384,0.07201777172705937,0.031997111014208046,0.028876029829545763,False
316,2,-281.7478206307982,-16.202365841700328,0.11986829600339291,0.14726519097957463,0.1276242975699572,False
316,3,-282.1640298425082,-16.61857505341038,0.024881605679068282,0.022591258835260423,0.018849772381292176,False
316,4,-282.53155508651867,-16.98610029742082,0.10126686544327736,0.013321921179464413,0.011225213473255986,False
316,5,-282.42823094565637,-16.88277615655852,0.04728909494328607,0.02031486616366189,0.017994430711222566,False
316,6,-281.5395422277802,-15.994087438682357,0.06604037631627523,0.0691106355574275,0.056720234635146666,False
316,7,-280.78257039916866,-15.237115610070816,0.07058982632523221,0.08015897280124826,0.07791189188400499,False
316,8,-279.4505406608529,-13.905085871755034,0.25466739297335395,0.15666332839975103,0.14971017915594936,False
316,9,-265.8070840625047,-0.2616292734068679,2.3186116109482895,,,True
317,0,-265.54545478909785,0.0,2.226295586144658,,,True
317,1,-280.4088933389231,-14.863438549825275,0.07185243745336554,0.03869784418597666,0.03406169408867769,False
317,2,-281.76846650489705,-16.223011715799203,0.14265657494933576,0.16296288344320023,0.15007976704558268,False
317,3,-282.16507980565376,-16.619625016555915,0.02738421367346365,0.024888895324997825,0.01979712363924368,False
317,4,-282.53170566537415,-16.9862508762763,0.10404642553606826,0.012371668185351051,0.011195468289528193,False
317,5,-282.4340170199557,-16.888562230857872,0.04711491136362267,0.01913945497154082,0.01761996976833632,False
317,6,-281.54377456077725,-15.998319771679405,0.10664578601704455,0.10882772388408474,0.09069827959660333,False
317,7,-280.7915265354992,-15.246071746401356,0.06930625152863693,0.07590231115527511,0.07384733468033539,False
317,8,-279.47779407163637,-13.932339282538521,0.1944555749987015,0.12376052864439148,0.11166061146491806,False
317,9,-265.8070840625047,-0.2616292734068679,2.3186116109482895,,,True
318,0,-265.54545478909785,0.0,2.226295586144658,,,True
318,1,-280.4162922206667,-14.870837431568873,0.07193915421502985,0.03379363152480893,0.030863472239522835,False
318,2,-281.78997608240877,-16.244521293310925,0.13055700124123965,0.1480373557152618,0.13269466435285382,False
318,3,-282.16599339108654,-16.6205386019887,0.03018296082910428,0.02763727987928595,0.021786364774907377,False
318,4,-282.5318880713791,-16.98643328228127,0.106440898179868,0.013222595340580217,0.01157586614187125,False
318,5,-282.4397146053067,-16.89425981620883,0.05283773758644667,0.017773463592442557,0.016951171808891462,False
318,6,-281.54838245916415,-16.0029276700663,0.05824791768910606,0.0672643811173077,0.062333683813226154,False
318,7,-280.8003892181687,-15.254934429070829,0.07149898656848339,0.07764977794938055,0.0752123226638601,False
318,8,-279.502114191173,-13.95665940207516,0.11140156239527317,0.11211248372700142,0.09504072276992487,False
318,9,-265.8070840625047,-0.2616292734068679,2.3186116109482895,,,True
319,0,-265.54545478909785,0.0,2.226295586144658,,,True
319,1,-280.4237372950861,-14.878282505988238,0.0712714718078556,0.0322608597692078,0.029152866059157602,False
319,2,-281.8116153995975,-16.26616061049964,0.11158352990744026,0.12751478368760635,0.09704835645578824,False
319,3,-282.16674783118236,-16.621293042084517,0.03284220445969352,0.03041151092391423,0.02307771923753522,False
319,4,-282.53211159690136,-16.986656807803513,0.10752087596163634,0.01242914974441248,0.011111399103703703,False
319,5,-282.4452781043532,-16.899823315255333,0.05609269562723569,0.016498210886157258,0.01594589744432303,False
319,6,-281.5518594469009,-16.006404657803046,0.06466327869151939,0.0637736376418963,0.04692341624466545,False
319,7,-280.80913831484054,-15.263683525742692,0.07575651122213517,0.083577206623921,0.08035668212124883,False
319,8,-279.5249148432291,-13.979460054131266,0.13259553504450447,0.16126145330281524,0.1433167384229386,False
319,9,-265.8070840625047,-0.2616292734068679,2.3186116109482895,,,True
320,0,-265.54545478909785,0.0,2.226295586144658,,,True
320,1,-280.43138738601056,-14.88593259691271,0.07005007041660201,0.03556375625098731,0.029694105197221488,False
320,2,-281.8325723760614,-16.287117586963575,0.11374245314931028,0.12684414101984776,0.0908981143677873,False
320,3,-282.16732087321327,-16.621866084115425,0.035243915693806124,0.033210326638155596,0.023586421008424868,False
320,4,-282.53238308621883,-16.986928297120983,0.10806551987786317,0.01253182887897593,0.011050425139741058,False
320,5,-282.45064709794383,-16.905192308845983,0.054138500899077305,0.01755080027738538,0.016405971502515045,False
320,6,-281.5549343305787,-16.009479541480857,0.06271421561225955,0.061655843466365615,0.03918439576544837,False
320,7,-280.81749564753045,-15.272040858432604,0.07847467063780267,0.08960191697521562,0.08562882323245533,False
320,8,-279.5520493236822,-14.006594534584337,0.1735044644440023,0.15657331593572316,0.1409800974001409,False
320,9,-265.8070840625047,-0.2616292734068679,2.3186116109482895,,,True
321,0,-265.54545478909785,0.0,2.226295586144658,,,True
321,1,-280.43912196661864,-14.893667177520797,0.069043102900052,0.040871982202305694,0.036256532200107994,False
321,2,-281.8524958656759,-16.30704107657806,0.1260305326468999,0.1376755039380284,0.10187652821921428,False
321,3,-282.1676965373672,-16.622241748269346,0.0377230087453849,0.036273522454409075,0.02462076880699729,False
321,4,-282.53271191526846,-16.98725712617062,0.10915948243672945,0.012697962682969166,0.011052929682943457,False
321,5,-282.45579201190156,-16.91033722280372,0.054468793963492974,0.019015088999523862,0.017870625827824116,False
321,6,-281.557624483002,-16.012169693904127,0.03502468960698615,0.04645162246849959,0.039447067081810006,False
321,7,-280.82550372117464,-15.280048932076795,0.07720855837750053,0.09234946682570752,0.08800132593381316,False
321,8,-279.583620367537,-14.038165578439134,0.23911472408650594,0.2118759859033885,0.18556530400327398,False
321,9,-265.8070840625047,-0.2616292734068679,2.3186116109482895,,,True
322,0,-265.54545478909785,0.0,2.226295586144658,,,True
322,1,-280.4467835351079,-14.901328746010051,0.068254075253519,0.04559343757951566,0.04035867983462502,False
322,2,-281.8707638262346,-16.325309037136776,0.13186049050144188,0.14480715805506475,0.10474528864970714,False
322,3,-282.1678652007538,-16.62241041165595,0.040514626291530534,0.039532299384244636,0.026627636715472348,False
322,4,-282.5331044461864,-16.987649657088582,0.11073614841923723,0.012976208657201874,0.011069316455262058,False
322,5,-282.4607154030331,-16.91526061393523,0.05883223857442441,0.020607118403169894,0.019404944431572747,False
322,6,-281.55959828787275,-16.0141434987749,0.06384136312701559,0.07113000063703023,0.04834861138490883,False
322,7,-280.83332762129135,-15.2878728321935,0.07337399791587816,0.09155686441970683,0.08727116045519495,False
322,8,-279.6262234819534,-14.080768692855543,0.3326010583314996,0.29001783878376675,0.25582808678868485,False
322,9,-265.8070840625047,-0.2616292734068679,2.3186116109482895,,,True
323,0,-265.54545478909785,0.0,2.226295586144658,,,True
323,1,-280.45451780049586,-14.909063011398018,0.06738136062762408,0.04845909522769401,0.041294746935783354,False
323,2,-281.8868116024292,-16.341356813331345,0.1254231648177114,0.14148524490189524,0.10757724564839899,False
323,3,-282.16782350616484,-16.62236871706699,0.04340216530690629,0.042792489453241885,0.02896453255635943,False
323,4,-282.5335581289837,-16.988103339885868,0.11190389380990902,0.013129778998689091,0.01137295604069173,False
323,5,-282.4653510541473,-16.91989626504943,0.06196595818843407,0.022360220308081737,0.020974102844655257,False
323,6,-281.5616376103769,-16.016182821279074,0.026298534473210178,0.02471294977030155,0.021844535433838314,False
323,7,-280.8408565279102,-15.295401738812359,0.07033284069287947,0.08920391034227709,0.08521301509908807,False
323,8,-279.68637036969835,-14.140915580600506,0.4332513640655884,0.3724795341888835,0.3356800963324708,False
323,9,-265.8070840625047,-0.2616292734068679,2.3186116109482895,,,True
324,0,-265.54545478909785,0.0,2.226295586144658,,,True
324,1,-280.46200594328616,-14.916551154188312,0.06642251025021925,0.05128490141069252,0.04194315614187586,False
324,2,-281.900113440877,-16.354658651779175,0.11976996704348843,0.13900659385591355,0.11512704700895654,False
324,3,-282.16758789550704,-16.622133106409194,0.046085979772181956,0.045974820941685944,0.03152339575430993,False
324,4,-282.53405833439757,-16.988603545299725,0.11229992857010743,0.013186087267485078,0.011165672917649295,False
324,5,-282.4696395309966,-16.924184741898728,0.06196836306134941,0.024284046121916855,0.02261806871687971,False
324,6,-281.5630908439143,-16.017636054816478,0.06235268888239294,0.05973537710616804,0.03644631172144969,False
324,7,-280.8478302549489,-15.302375465851071,0.06984352449635536,0.08725107498933478,0.08358680899106505,False
324,8,-279.7710738297874,-14.225619040689537,0.5268057223363242,0.44626428207700436,0.4119336599719902,False
324,9,-265.8070840625047,-0.2616292734068679,2.3186116109482895,,,True
325,0,-265.54545478909785,0.0,2.226295586144658,,,True
325,1,-280.4690481155147,-14.923593326416835,0.06930287214544079,0.05522261730303848,0.04430943081439513,False
325,2,-281.9106676064636,-16.365212817365773,0.11142585656242313,0.13485698543882885,0.11066843773565029,False
325,3,-282.1671877159323,-16.621732926834454,0.04848255198693568,0.04901987644327422,0.03369031847255985,False
325,4,-282.5345875912237,-16.98913280212588,0.11230046611309287,0.013167635855664283,0.0107721970963503,False
325,5,-282.47353080496316,-16.928076015865315,0.06187939206931029,0.026265921368522693,0.024316445999426894,False
325,6,-281.5645453713753,-16.019090582277443,0.05863613445981839,0.05561397264260089,0.033247190225292635,False
325,7,-280.8541149529401,-15.308660163842262,0.07161656932843852,0.08648962657546562,0.08310753431806173,False
325,8,-279.8864272242405,-14.340972435142646,0.6020755805192035,0.499242291503315,0.4654413988659661,False
325,9,-265.8070840625047,-0.2616292734068679,2.3186116109482895,,,True
326,0,-265.54545478909785,0.0,2.226295586144658,,,True
326,1,-280.4756685123581,-14.930213723260238,0.07447653996726042,0.06017193975424375,0.048379419212964465,False
326,2,-281.91879794774354,-16.373343158645696,0.09975728793383709,0.1284532187882974,0.09828265791317058,False
326,3,-282.16665659407124,-16.621201804973396,0.05066033530199001,0.05183933625628952,0.03533490832063073,False
326,4,-282.5351320752917,-16.989677286193853,0.11235053240316627,0.01308445521665058,0.01055048134720479,False
326,5,-282.4770224785186,-16.931567689420774,0.0633977705177539,0.028183218183439218,0.02600708925555884,False
326,6,-281.5659421845831,-16.020487395485247,0.035406662520291676,0.026422293511629908,0.022474964412963656,False
326,7,-280.8597687554651,-15.314313966367251,0.07471609066464925,0.08688374977354017,0.08377358049649208,False
326,8,-279.99738131651065,-14.451926527412809,0.2569415215973714,0.23057181209399077,0.1790658168224107,False
326,9,-265.8070840625047,-0.2616292734068679,2.3186116109482895,,,True
327,0,-265.54545478909785,0.0,2.226295586144658,,,True
327,1,-280.4825457401598,-14.937090951061975,0.08074986375838378,0.06642126966463709,0.053857284910278934,False
327,2,-281.92562135780804,-16.380166568710194,0.08550948844453507,0.1195550284091429,0.08405771932370575,False
327,3,-282.1659388781531,-16.620484089055253,0.05293726837589569,0.05463983816784659,0.036924811764058554,False
327,4,-282.5357537656653,-16.99029897656743,0.11264863837190241,0.0129186266211677,0.010631144015360427,False
327,5,-282.480481336591,-16.93502654749318,0.06637669016044624,0.030191788486001174,0.027833660738705156,False
327,6,-281.5672009715928,-16.02174618249495,0.053480978224400844,0.052635295265321895,0.035044946260850425,False
327,7,-280.8655044502084,-15.320049661110545,0.07887062210833307,0.08835184608518343,0.08555796723802936,False
327,8,-279.9774217928465,-14.431967003748639,0.9082336873700818,0.9007902670050226,0.7967216579548433,False
327,9,-265.8070840625047,-0.2616292734068679,2.3186116109482895,,,True
328,0,-265.54545478909785,0.0,2.226295586144658,,,True
328,1,-280.4850584464673,-14.939603657369446,0.08334478144879126,0.06887739979502791,0.05557864026482867,False
328,2,-281.9284556739507,-16.383000884852834,0.08803562367728321,0.11726345418390523,0.10149196420696702,False
328,3,-282.16549742076745,-16.620042631669605,0.05397083962531503,0.055281449479885,0.03932308357789169,False
328,4,-282.5361316356801,-16.990676846582232,0.11299649661705974,0.012649459490749785,0.010977180801281612,False
328,5,-282.48138625030595,-16.9359314612081,0.06615432573911446,0.031107774307788643,0.028825671428226285,False
328,6,-281.56790714529393,-16.022452356196084,0.06015669156661569,0.05655218470716052,0.03447227919228799,False
328,7,-280.8674960414306,-15.322041252332781,0.08103288826634047,0.09141556894811391,0.087935048857816,False
328,8,-280.0203427047858,-14.47488791568793,0.5664216640870904,0.5174291652520178,0.44863315878009774,False
328,9,-265.8070840625047,-0.2616292734068679,2.3186116109482895,,,True
329,0,-265.54545478909785,0.0,2.226295586144658,,,True
329,1,-280.4861874553019,-14.940732666204042,0.08463988573962614,0.07003654236404358,0.05622312563894911,False
329,2,-281.92955673518304,-16.384101946085195,0.08011350566367445,0.1122011519706731,0.09025793570257484,False
329,3,-282.1652961359082,-16.619841346810347,0.05428153478905309,0.05555808861227829,0.03835983159143433,False
329,4,-282.5363023957703,-16.990847606672446,0.1126776668911113,0.012561974266613186,0.010741229497534272,False
329,5,-282.4817907247036,-16.93633593560577,0.06691784335542403,0.03145795591847379,0.029149206337426865,False
329,6,-281.5683361238883,-16.02288133479044,0.036875575652755156,0.026847601976968286,0.02316144308433723,False
329,7,-280.8683512963138,-15.322896507215944,0.0812639473092906,0.09167499655960078,0.0887512757556212,False
329,8,-280.0528335733006,-14.507378784202729,0.3415238493990236,0.27298970783458226,0.23984133026902982,False
329,9,-265.8070840625047,-0.2616292734068679,2.3186116109482895,,,True
330,0,-265.54545478909785,0.0,2.226295586144658,,,True
330,1,-280.48854053819235,-14.943085749094507,0.08745705295544447,0.07249899338707799,0.0578105821819225,False
330,2,-281.9315816604174,-16.38612687131956,0.07427597391275004,0.1082469436861521,0.07705920743799285,False
330,3,-282.1648656459671,-16.61941085686925,0.05489060974599065,0.05611315742690429,0.03793004248207962,False
330,4,-282.5366575637764,-16.991202774678527,0.11224108661285749,0.012377352647639455,0.01044576054331591,False
330,5,-282.4826353903982,-16.937180601300327,0.06782012054077541,0.03222330148341088,0.02985721597689625,False
330,6,-281.5689216091481,-16.02346682005026,0.051042182796868424,0.05004869486489889,0.032806153954406225,False
330,7,-280.87011991971053,-15.324665130612686,0.08255347136067914,0.09268736691612942,0.09017173418512385,False
330,8,-280.0595524612667,-14.514097672168873,0.1949442913897753,0.2379513307796888,0.22455465518139306,False
330,9,-265.8070840625047,-0.2616292734068679,2.3186116109482895,,,True
331,0,-265.54545478909785,0.0,2.226295586144658,,,True
331,1,-280.4888276075434,-14.943372818445539,0.08782267388415502,0.07281322351078433,0.05808320438210455,False
331,2,-281.9318086020853,-16.386353812987466,0.07372204123645676,0.10745770163660862,0.0786431456225131,False
331,3,-282.1648117646252,-16.619356975527353,0.05496625658582029,0.05615518842134482,0.03828978842027679,False
331,4,-282.5367012198909,-16.99124643079307,0.11226022722419428,0.012353694139761286,0.010473205069768855,False
331,5,-282.4827381667183,-16.937283377620474,0.06775418546362542,0.03233303756447489,0.02996312714082375,False
331,6,-281.5690238596319,-16.02356907053405,0.045146222803329875,0.042751722332805116,0.028448656856743422,False
331,7,-280.87033449202295,-15.324879702925102,0.08282612651964887,0.09284916666241268,0.09027463979726325,False
331,8,-280.0632112463485,-14.517756457250641,0.16810651486882508,0.19480826026212525,0.18314455315475206,False
331,9,-265.8070840625047,-0.2616292734068679,2.3186116109482895,,,True
332,0,-265.54545478909785,0.0,2.226295586144658,,,True
332,1,-280.48940671089076,-14.943951921792916,0.08855981339158488,0.07345029319819411,0.05861854162666759,False
332,2,-281.93225140220704,-16.386796613109198,0.073158327087665,0.1063080280663385,0.081355318550331,False
332,3,-282.1647025106661,-16.61924772156823,0.0551223421346055,0.056252533768085235,0.038909385214803305,False
332,4,-282.53678925850335,-16.9913344694055,0.11228890809550988,0.012306811693523089,0.010519930936825435,False
332,5,-282.4829455722016,-16.937490783103726,0.06766300323892835,0.03255178832531188,0.030173669118602277,False
332,6,-281.56920301627565,-16.023748227177805,0.03697115077881194,0.030067058375411446,0.023092210477977663,False
332,7,-280.8707667962551,-15.325312007157265,0.08338026119575459,0.09317793925571972,0.09049190029718718,False
332,8,-280.06820770125444,-14.52275291215659,0.12019401665775085,0.11983179443966434,0.11040295133445455,False
332,9,-265.8070840625047,-0.2616292734068679,2.3186116109482895,,,True
333,0,-265.54545478909785,0.0,2.226295586144658,,,True
333,1,-280.49029665475615,-14.944841865658304,0.08969046680283876,0.07443546434682713,0.05940460438646928,False
333,2,-281.9328998805594,-16.38744509146153,0.07304244015193369,0.10522902238751405,0.08427773958571445,False
333,3,-282.1645334014718,-16.619078612373926,0.05536980071614247,0.05641905474548172,0.039602872902228956,False
333,4,-282.536924365656,-16.99146957655813,0.11230751137224596,0.012237023463737486,0.010569639034958394,False
333,5,-282.4832642099498,-16.937809420851977,0.06762351809597644,0.0328808424279512,0.030489009944413406,False
333,6,-281.5694346610686,-16.023979871970766,0.03683332325038837,0.026657117226779766,0.02307086158216802,False
333,7,-280.87142963641924,-15.32597484732139,0.08420380938070236,0.09365980844948774,0.09085095985489,False
333,8,-280.07183093898084,-14.526376149882992,0.09692944448038102,0.09760918755260421,0.0782493108823294,False
333,9,-265.8070840625047,-0.2616292734068679,2.3186116109482895,,,True
334,0,-265.54545478909785,0.0,2.226295586144658,,,True
334,1,-280.49151653782883,-14.946061748730983,0.09123637388436123,0.07579342060520157,0.06042160869748128,False
334,2,-281.93374153299135,-16.388286743893502,0.07293449492324473,0.10409805085964541,0.08610723572824927,False
334,3,-282.16429966571536,-16.618844876617516,0.055718252205613945,0.056651788582822056,0.040140160492716064,False
334,4,-282.53710895845336,-16.991654169355513,0.11228854504684035,0.012145633899535912,0.010599277911380463,False
334,5,-282.48370021266476,-16.93824542356691,0.06772834108155665,0.03331827107671917,0.03090583829363413,False
334,6,-281.5697220606331,-16.02426727153528,0.038741216788369115,0.03473104109577592,0.023047852744444076,False
334,7,-280.8723352086961,-15.32688041959824,0.08523014945136924,0.0942390933917667,0.09138700351597888,False
334,8,-280.07339342257063,-14.527938633472786,0.16258373415995245,0.10605830752646637,0.08718404239588935,False
334,9,-265.8070840625047,-0.2616292734068679,2.3186116109482895,,,True
335,0,-265.54545478909785,0.0,2.226295586144658,,,True
335,1,-280.4930470800135,-14.94759229091568,0.0931751512805831,0.0775041657058105,0.06163139787383116,False
335,2,-281.93473821559473,-16.38928342649689,0.0716645162058317,0.10226747799348701,0.08576064378741347,False
335,3,-282.1640036187755,-16.61854882967765,0.056158888239545776,0.05692907513906226,0.04037741233621886,False
335,4,-282.53733930899966,-16.991884519901816,0.11221029985665544,0.012036998045971732,0.010589312334251208,False
335,5,-282.4842454305584,-16.93879064146057,0.0680268039991012,0.033847444826399606,0.03140661291455904,False
335,6,-281.57008621915264,-16.024631430054797,0.04383104107807857,0.04000170969684212,0.024642777583655052,False
335,7,-280.8734667506408,-15.328011961542927,0.08637542400448113,0.09485523000985875,0.0921117204807497,False
335,8,-280.0746682798783,-14.529213490780478,0.21193106478147614,0.15680443113924786,0.12962743291089174,False
335,9,-265.8070840625047,-0.2616292734068679,2.3186116109482895,,,True
336,0,-265.54545478909785,0.0,2.226295586144658,,,True
336,1,-280.4948635919699,-14.949408802872028,0.09548432942578582,0.07954122402985665,0.0630166140892218,False
336,2,-281.9358450212053,-16.39039023210745,0.06842803240876254,0.0992583900036194,0.08285570186420946,False
336,3,-282.16364832217255,-16.618193533074702,0.05667375090473966,0.05723541171221514,0.04033236428437127,False
336,4,-282.5376107717461,-16.992155982648228,0.1120646091091007,0.011915287742320122,0.010531489630330374,False
336,5,-282.4848896011406,-16.939434812042748,0.0685070844771511,0.03445125189915985,0.03197355175982831,False
336,6,-281.57053571944925,-16.025080930351407,0.04100790248469546,0.03711039976862258,0.022988623523731738,False
336,7,-280.87480367997176,-15.329348890873916,0.08764052208062069,0.09551563484187552,0.09301887922219465,False
336,8,-280.0775126003621,-14.53205781126428,0.22690118800094494,0.17034352425600177,0.13966754897056446,False
336,9,-265.8070840625047,-0.2616292734068679,2.3186116109482895,,,True
337,0,-265.54545478909785,0.0,2.226295586144658,,,True
337,1,-280.49696372781966,-14.951508938721815,0.09817458359389614,0.08190354087012298,0.06459998134833081,False
337,2,-281.9370221507868,-16.391567361688942,0.06338021056164607,0.09521051999669458,0.07766386461841691,False
337,3,-282.16323220829827,-16.617777419200422,0.057304384326821764,0.05756708771741413,0.04014820517299731,False
337,4,-282.53792203749845,-16.9924672484006,0.11185440808322851,0.011782583446112981,0.010427635383250847,False
337,5,-282.48563026077034,-16.94017547167249,0.06911685914238333,0.035121685614361374,0.03259787151389475,False
337,6,-281.57105310861954,-16.02559831952169,0.03704338715852638,0.0276692168182097,0.022951770500134933,False
337,7,-280.87634233704966,-15.330887547951818,0.08911937715765324,0.09629380081119791,0.0941034963949531,False
337,8,-280.08198983508953,-14.536535045991684,0.2060329181278938,0.14553512196213467,0.11687188906435418,False
337,9,-265.8070840625047,-0.2616292734068679,2.3186116109482895,,,True
338,0,-265.54545478909785,0.0,2.226295586144658,,,True
338,1,-280.4996518749711,-14.954197085873261,0.10165494103662352,0.08493436363135883,0.06665756572877517,False
338,2,-281.93836964830984,-16.392914859212,0.05678101060284665,0.09020224237124241,0.07020629497994893,False
338,3,-282.1626915126795,-16.61723672358164,0.058348406519213206,0.05795887711367294,0.04003310897522985,False
338,4,-282.53831645855496,-16.992861669457113,0.11156058589894373,0.011622671322747628,0.01027121769959093,False
338,5,-282.48657156492516,-16.94111677582731,0.06985477328257834,0.03594284360054342,0.03335613055103252,False
338,6,-281.5716755800155,-16.026220790917648,0.03732198193616349,0.026195949167756947,0.022907907475560103,False
338,7,-280.8783030357464,-15.332848246648553,0.09116338006257604,0.09740065654685257,0.09552691966636295,False
338,8,-280.0870885503296,-14.541633761231765,0.14580257627183704,0.08088872400524874,0.059326915700384085,False
338,9,-265.8070840625047,-0.2616292734068679,2.3186116109482895,,,True
339,0,-265.54545478909785,0.0,2.226295586144658,,,True
339,1,-280.50314235075257,-14.957687561654723,0.10621812860731214,0.08886664505973021,0.06942810532049086,False
339,2,-281.9398783729356,-16.39442358383775,0.04968061427907265,0.08456636937451287,0.061844667234339346,False
339,3,-282.1619772045788,-16.616522415480972,0.06005183546548627,0.058405873417002936,0.04030961663738645,False
339,4,-282.53882169765654,-16.9933669085587,0.11119568182004838,0.011427173576016145,0.010078646213783987,False
339,5,-282.48778160773895,-16.942326818641106,0.0706322135773963,0.03695185489793442,0.03428021949816966,False
339,6,-281.5724233921363,-16.026968603038426,0.03762322808053182,0.03143744960992771,0.022851420692008323,False
339,7,-280.8808385609665,-15.335383771868635,0.09410474851361667,0.09902919457261787,0.0974393519578877,False
339,8,-280.0908820219694,-14.545427232871532,0.12387127900588776,0.06036601404833041,0.046779379503325634,False
339,9,-265.8070840625047,-0.2616292734068679,2.3186116109482895,,,True
340,0,-265.54545478909785,0.0,2.226295586144658,,,True
340,1,-280.50766491381836,-14.962210124720514,0.11212923144438573,0.09391407472991449,0.07312204192456258,False
340,2,-281.9415004460209,-16.396045656923036,0.042418636847084815,0.07772810723819235,0.055187766628576884,False
340,3,-282.1610342618151,-16.61557947271723,0.06260953443093899,0.05889509156442671,0.04109494612718477,False
340,4,-282.5394640608189,-16.99400927172104,0.1107950795496292,0.011250564860349211,0.009886175872204504,False
340,5,-282.48932717183766,-16.943872382739812,0.07139991813597184,0.038153887269214135,0.03537187529694984,False
340,6,-281.57335168233504,-16.027896893237198,0.03786470963785405,0.031684085092369425,0.022763792960273862,False
340,7,-280.8841135744843,-15.338658785386428,0.09830723322515725,0.10139018584393852,0.10008040800751863,False
340,8,-280.0938417218308,-14.548386932732967,0.13808752605369112,0.12729637061138177,0.10539107079103056,False
340,9,-265.8070840625047,-0.2616292734068679,2.3186116109482895,,,True
341,0,-265.54545478909785,0.0,2.226295586144658,,,True
341,1,-280.513472276885,-14.968017487787165,0.11956600885530089,0.10022052803732073,0.0778101339878497,False
341,2,-281.9431301592177,-16.397675370119828,0.036061987952204506,0.0691607132947649,0.049612838664391645,False
341,3,-282.15980016888363,-16.61434537978579,0.06583746776349277,0.059402080878590245,0.042004134667907554,False
341,4,-282.5402680738082,-16.994813284710347,0.11037976425572706,0.011307222091307538,0.009718050205774275,False
341,5,-282.49127253529423,-16.945817746196383,0.07228018404679445,0.03949310809106056,0.0365750661467132,False
341,6,-281.57448023264607,-16.02902544354822,0.038026892436548825,0.025698795314991443,0.022619358942129374,False
341,7,-280.88831609658433,-15.342861307486487,0.10420327952531887,0.1047888704206395,0.10381935678314173,False
341,8,-280.0985119064811,-14.553057117383275,0.11053301219203937,0.12717588615678882,0.10841563131094215,False
341,9,-265.8070840625047,-0.2616292734068679,2.3186116109482895,,,True
342,0,-265.54545478909785,0.0,2.226295586144658,,,True
342,1,-280.5209971809244,-14.975542391826536,0.1287124777360297,0.10790417367024445,0.08348506501641602,False
342,2,-281.94461623745343,-16.399161448355585,0.03518150148672197,0.05975962955605653,0.044730327266947575,False
342,3,-282.1581714328928,-16.612716643794954,0.06942435915745129,0.059853493759313155,0.042413927171363955,False
342,4,-282.54127620184227,-16.99582141274442,0.10990908086256372,0.011292367830650104,0.009770347630200033,False
342,5,-282.4937241778379,-16.948269388740073,0.07355838040471095,0.0408534895640492,0.03777755821687935,False
342,6,-281.57579928118787,-16.030344492090023,0.038205855291669484,0.027296654860175833,0.022386413799012555,False
342,7,-280.8937914655289,-15.348336676431074,0.11254500636951341,0.10982705764782298,0.10929163565538169,False
342,8,-280.1042081995592,-14.55875341046135,0.09338227494886212,0.05188182606098926,0.04390861225804838,False
342,9,-265.8070840625047,-0.2616292734068679,2.3186116109482895,,,True
343,0,-265.54545478909785,0.0,2.226295586144658,,,True
343,1,-280.5309203462002,-14.985465557102373,0.13956684058822114,0.11679941670408253,0.08998370476668716,False
343,2,-281.9457738992775,-16.40031911017968,0.04010494273926632,0.0487099542838151,0.03494133544585151,False
343,3,-282.15598643327263,-16.610531644174785,0.07355208507902278,0.060160218496214946,0.042204267210215925,False
343,4,-282.54255242771416,-16.99709763861631,0.10924879404085618,0.011353406060807578,0.00984981096840605,False
343,5,-282.4968363416195,-16.95138155252164,0.07544966320585861,0.04199513667813631,0.03874468981064458,False
343,6,-281.5773910834773,-16.031936294379477,0.03858437118422388,0.02739646180658269,0.02201402899244807,False
343,7,-280.90115744589923,-15.355702656801384,0.1250495980383969,0.11791628165409589,0.11768483824729,False
343,8,-280.10858730501167,-14.563132515913821,0.1526964488536203,0.08906454306379916,0.06963365023404494,False
343,9,-265.8070840625047,-0.2616292734068679,2.3186116109482895,,,True
344,0,-265.54545478909785,0.0,2.226295586144658,,,True
344,1,-280.5439718848248,-14.998517095726982,0.1511766877359451,0.1257219040658827,0.09658402096206746,False
344,2,-281.94636973191643,-16.400914942818588,0.050595011170311455,0.034622919776402125,0.025828778583490378,False
344,3,-282.15305906429114,-16.607604275193296,0.07918786645603691,0.06024572037519909,0.042251161623484704,False
344,4,-282.54415429001426,-16.998699500916416,0.10826324856576697,0.011622716191657584,0.009964040828819798,False
344,5,-282.50073923053657,-16.95528444143872,0.077692225311709,0.04244952824637036,0.039001287326616556,False
344,6,-281.57927407320506,-16.03381928410721,0.03915771878657501,0.02430586581238297,0.021451925832301943,False
344,7,-280.91134835571154,-15.365893566613693,0.1438397095796383,0.13070849516032007,0.13019829276116213,False
344,8,-280.1144407001555,-14.568985911057666,0.16539924083124152,0.09295210024332674,0.08356511194688974,False
344,9,-265.8070840625047,-0.2616292734068679,2.3186116109482895,,,True
345,0,-265.54545478909785,0.0,2.226295586144658,,,True
345,1,-280.5611324767986,-15.015677687700759,0.16085272647233537,0.13178038935060837,0.10181759828600145,False
345,2,-281.94619443791566,-16.40073964881782,0.07105361903123628,0.028812913113520265,0.021069925832715764,False
345,3,-282.1491037071206,-16.60364891802277,0.08706162068246263,0.06002358117019482,0.04302985279499946,False
345,4,-282.546173305543,-17.000718516445147,0.10695016554948757,0.011988654301066508,0.01011952489794261,False
345,5,-282.5056093192327,-16.960154530134844,0.07999678135442202,0.041592335574910204,0.03793658843762738,False
345,6,-281.5814322445682,-16.035977455470345,0.03960220899479042,0.026408340648193022,0.020640619573691763,False
345,7,-280.9262513187574,-15.380796529659563,0.1720111986132219,0.15033194173045014,0.14863170397087502,False
345,8,-280.12084499177666,-14.575390202678818,0.13225582237415265,0.06813953146034071,0.059215875886275214,False
345,9,-265.8070840625047,-0.2616292734068679,2.3186116109482895,,,True
346,0,-265.54545478909785,0.0,2.226295586144658,,,True
346,1,-280.58123608735247,-15.03578129825462,0.1619595056567972,0.12879422721864944,0.10178047575524807,False
346,2,-281.9453343227212,-16.399879533623334,0.09379777804987008,0.0298151161238889,0.02207515128745969,False
346,3,-282.14422422281154,-16.5987694337137,0.0954243518243652,0.05931457708299419,0.04282290665944895,False
346,4,-282.5485057272442,-17.003050938146373,0.1055802600864816,0.012099385641506349,0.010290543608003628,False
346,5,-282.51109213643474,-16.965637347336894,0.0826493920649364,0.03910747954055406,0.035319489874669895,False
346,6,-281.58371294988603,-16.03825816078819,0.03969340543646829,0.022618114511646487,0.019564723940503275,False
346,7,-280.94783701939696,-15.40238223029911,0.21549469227495427,0.18183237924276235,0.17649330374432196,False
346,8,-280.126872837189,-14.581418048091166,0.10075376270549924,0.08285584330797148,0.06703871169214334,False
346,9,-265.8070840625047,-0.2616292734068679,2.3186116109482895,,,True
347,0,-265.54545478909785,0.0,2.226295586144658,,,True
347,1,-280.6007240496999,-15.055269260602074,0.1461871025176267,0.10960694598295363,0.09078775690255549,False
347,2,-281.9442560589479,-16.398801269850026,0.11128670171547478,0.03036249413438093,0.02287628046531003,False
347,3,-282.1389883442609,-16.59353355516305,0.10337282387608555,0.05835616830731749,0.042198825681494245,False
347,4,-282.55088837845915,-17.005433589361303,0.10426362672280445,0.011993825326195907,0.010454966875603853,False
347,5,-282.516441739407,-16.970986950309168,0.08550992745156352,0.03564449973680149,0.03185309162040916,False
347,6,-281.5858027092069,-16.04034792010907,0.0397935638038959,0.02380129085864625,0.018442617513041458,False
347,7,-280.9783212194542,-15.432866430356341,0.2791102097286082,0.2280402036598402,0.21626502513396484,False
347,8,-280.1329563807067,-14.587501591608827,0.09850741634334935,0.05283843567191448,0.04434388033026842,False
347,9,-265.8070840625047,-0.2616292734068679,2.3186116109482895,,,True
348,0,-265.54545478909785,0.0,2.226295586144658,,,True
348,1,-280.617121494663,-15.071666705565178,0.1042307578923516,0.06669973423822578,0.06160163992489137,False
348,2,-281.9433535415167,-16.397898752418826,0.12144791371059976,0.030420484021807484,0.02328809916720787,False
348,3,-282.1335656128209,-16.58811082372307,0.11132415167612907,0.05752083045289422,0.04248851344133674,False
348,4,-282.5532882751228,-17.007833486024936,0.10283701869184163,0.01190148377767462,0.01062330661163242,False
348,5,-282.52148395819484,-16.97602916909699,0.08802977266827564,0.03166788409572035,0.027948051096576554,False
348,6,-281.58773049780746,-16.04227570870961,0.04004324661807157,0.02129168772451018,0.017555725732132803,False
348,7,-281.0237277815397,-15.478272992441873,0.35619027003787473,0.2781178612431681,0.2612573835972733,False
348,8,-280.13838141082454,-14.59292662172669,0.11107316408442745,0.05527423765892349,0.04988042734475236,False
348,9,-265.8070840625047,-0.2616292734068679,2.3186116109482895,,,True
349,0,-265.54545478909785,0.0,2.226295586144658,,,True
349,1,-280.62790819996553,-15.082453410867686,0.07145583070784545,0.07356218892198459,0.06649768724535779,False
349,2,-281.94281729335853,-16.397362504260684,0.12680817117189472,0.03005231980458948,0.023411187216581426,False
349,3,-282.1281533835671,-16.582698594469264,0.11814047369064262,0.056636211653601526,0.04253041752108608,False
349,4,-282.55566022225196,-17.010205433154113,0.10134229854199694,0.01179537125527615,0.011018327304819582,False
349,5,-282.52606027347827,-16.98060548438042,0.09022159664472973,0.027252022773428464,0.02367705607754859,False
349,6,-281.5894604798,-16.044005690702136,0.04032813992934655,0.021008455771923115,0.01699260032177023,False
349,7,-281.0912889846368,-15.54583419553893,0.4461337596770576,0.35864325151280774,0.30760094570181723,False
349,8,-280.14354411824917,-14.598089329151321,0.10525133843967609,0.046867433543067195,0.040680531713649305,False
349,9,-265.8070840625047,-0.2616292734068679,2.3186116109482895,,,True
350,0,-265.54545478909785,0.0,2.226295586144658,,,True
350,1,-280.6334984036559,-15.088043614558046,0.10288555454111342,0.11343376654638028,0.07288967013407945,False
350,2,-281.9427212195473,-16.397266430449463,0.12883808464170737,0.029342256063148418,0.02336577084942017,False
350,3,-282.1229821833566,-16.577527394258766,0.1233106573623894,0.05551399404295024,0.04179033881919184,False
350,4,-282.5579363372942,-17.012481548196376,0.09995105588487857,0.011847815382389092,0.011337218229247732,False
350,5,-282.5300329875785,-16.984578198480676,0.09229619908834524,0.02284911868390213,0.01967339242859635,False
350,6,-281.5910138331335,-16.045559044035656,0.04062498400618813,0.020751159628356317,0.016550635582937213,False
350,7,-281.19425955791917,-15.648804768821321,0.549394728438739,0.4762955391022532,0.3794187959928374,False
350,8,-280.14804756291676,-14.602592773818913,0.11216113528354607,0.05069846704208679,0.04251367631217299,False
350,9,-265.8070840625047,-0.2616292734068679,2.3186116109482895,,,True
351,0,-265.54545478909785,0.0,2.226295586144658,,,True
351,1,-280.63788047751416,-15.092425688416313,0.12578808841952901,0.1344965969692384,0.08585045593848238,False
351,2,-281.9430407858936,-16.397585996795726,0.1284539496582658,0.02841907018493695,0.023786437129397542,False
351,3,-282.1183053117152,-16.57285052261733,0.1273364744232373,0.05440792877526703,0.04110654807093341,False
351,4,-282.56002604274545,-17.014571253647603,0.09875680425536561,0.011980547551511607,0.011569185270014071,False
351,5,-282.53330470144687,-16.98784991234902,0.0941100125180047,0.020972851238782602,0.01806858132258434,False
351,6,-281.5923554987655,-16.046900709667682,0.040908543554797214,0.020361341482963438,0.01611055764776929,False
351,7,-281.31312620892675,-15.7676714198289,0.4217656303834786,0.3659745871379786,0.32155029503740123,False
351,8,-280.15216888310556,-14.606714094007714,0.09688345693276382,0.03592639100615896,0.027389090567709974,False
351,9,-265.8070840625047,-0.2616292734068679,2.3186116109482895,,,True
352,0,-265.54545478909785,0.0,2.226295586144658,,,True
352,1,-280.6446701786444,-15.099215389546544,0.11308026726768539,0.12799606747731856,0.09548384303681125,False
352,2,-281.9437871701953,-16.398332381097475,0.12621109596755853,0.02731538230676323,0.024149505228883317,False
352,3,-282.11381346012627,-16.56835867102842,0.13093010226287102,0.05341558618304232,0.04090647039639912,False
352,4,-282.56208554006264,-17.016630750964794,0.09762735238394922,0.012098436421776503,0.01172935576274767,False
352,5,-282.5361717582966,-16.99071696919873,0.09564553783027531,0.018872247268490433,0.01748601379762522,False
352,6,-281.5936242058598,-16.048169416761937,0.041111769671222806,0.019862743765655614,0.01570053996289922,False
352,7,-281.34112335017403,-15.795668561076184,0.8120779689760381,0.7934443381215941,0.6746769872839535,False
352,8,-280.1558608898356,-14.610406100737748,0.10142026545379315,0.030324497336073713,0.03025720160883922,False
352,9,-265.8070840625047,-0.2616292734068679,2.3186116109482895,,,True
353,0,-265.54545478909785,0.0,2.226295586144658,,,True
353,1,-280.64801540531835,-15.1025606162205,0.08312098482095495,0.09847080064165475,0.07712158001871691,False
353,2,-281.944358431019,-16.39890364192115,0.1243747450821038,0.027030940289000098,0.024052615589635735,False
353,3,-282.11323863606344,-16.567783846965597,0.13174278276744536,0.053616371673524475,0.04192743478257671,False
353,4,-282.56244617291486,-17.016991383817015,0.09744244167445189,0.012083216695089912,0.011729627273475544,False
353,5,-282.5364761974019,-16.99102140830405,0.09568112458590589,0.018363770380052307,0.017499759952875144,False
353,6,-281.5938462163365,-16.04839142723864,0.04098420903437989,0.019779700957813687,0.01576970551655879,False
353,7,-281.3886894890271,-15.843234699929269,0.18140699442579994,0.16291163473681003,0.1404442812300648,False
353,8,-280.15679327014135,-14.611338481043504,0.09700769957233675,0.024453249175438688,0.02045955153366183,False
353,9,-265.8070840625047,-0.2616292734068679,2.3186116109482895,,,True
354,0,-265.54545478909785,0.0,2.226295586144658,,,True
354,1,-280.6530276347173,-15.107572845619472,0.06253364202497257,0.05006290884502974,0.04389850951365423,False
354,2,-281.94556860410034,-16.4001138150025,0.12066875142138628,0.026449804364237686,0.023767939627843078,False
354,3,-282.11198121202585,-16.566526422928007,0.1323747876372533,0.05340050968638361,0.04230445430689934,False
354,4,-282.56323351869594,-17.017778729598092,0.09704690798564097,0.012078402612105495,0.011747433005372255,False
354,5,-282.53712965807125,-16.991674868973405,0.09594026885602622,0.017694475110750535,0.017301033332160997,False
354,6,-281.5943247497696,-16.048869960671766,0.04075395663732103,0.019580666301150195,0.015847867017365427,False
354,7,-281.3771506790217,-15.831695889923878,0.5658642758100962,0.5507487739904884,0.4811195270968345,False
354,8,-280.15812351238014,-14.612668723282297,0.09515983113568449,0.02446578175357665,0.019900800464262836,False
354,9,-265.8070840625047,-0.2616292734068679,2.3186116109482895,,,True
355,0,-265.54545478909785,0.0,2.226295586144658,,,True
355,1,-280.65336064393483,-15.107905854836986,0.06132166778263309,0.048589189008977754,0.04261261887829843,False
355,2,-281.94570341764944,-16.400248628551594,0.12028431781323823,0.02639205224463565,0.02371705949876949,False
355,3,-282.1118384521054,-16.56638366300757,0.13225073022498549,0.053246557962707816,0.042023612481779854,False
355,4,-282.5633241349862,-17.017869345888357,0.09700419544241941,0.012086563063728113,0.011753161368127367,False
355,5,-282.53720264800916,-16.99174785891131,0.09600314221558989,0.017639482522486687,0.017242809850357428,False
355,6,-281.59438068669544,-16.0489258975976,0.04073535313230865,0.01958302636416176,0.01586047661615201,False
355,7,-281.38710028220873,-15.841645493110889,0.4815446094119837,0.46617950133553937,0.40854594465788585,False
355,8,-280.1583338529494,-14.612879063851551,0.09582737023861043,0.02261933673614446,0.015762841656753762,False
355,9,-265.8070840625047,-0.2616292734068679,2.3186116109482895,,,True
356,0,-265.54545478909785,0.0,2.226295586144658,,,True
356,1,-280.6540112894444,-15.108556500346538,0.05914468919806675,0.04577625673021314,0.04003203418251316,False
356,2,-281.94597372712235,-16.400518938024504,0.11952138402006864,0.026275133242360728,0.023616731550087283,False
356,3,-282.1115502434344,-16.566095454336562,0.1320538309066322,0.052971183710872484,0.041538761121765896,False
356,4,-282.5635069810644,-17.018052191966547,0.09691745535819214,0.012102668861377265,0.011763287579537793,False
356,5,-282.5373494486902,-16.991894659592333,0.09612147104414799,0.017538483132127587,0.01713712388075241,False
356,6,-281.5944925003629,-16.049037711265044,0.040698577071929386,0.019579651977954672,0.015878645700211882,False
356,7,-281.40076877579344,-15.855313986695592,0.31495725536701424,0.29882169713375517,0.26503084796661264,False
356,8,-280.1587067928895,-14.613252003791672,0.09718516331935667,0.022543972038865472,0.019581510529098692,False
356,9,-265.8070840625047,-0.2616292734068679,2.3186116109482895,,,True
357,0,-265.54545478909785,0.0,2.226295586144658,,,True
357,1,-280.65496810112313,-15.109513312025285,0.05644065004829678,0.041761418372622934,0.03608335837323805,False
357,2,-281.94638905516297,-16.40093426606512,0.11835314227574735,0.026092883514010914,0.023467219180922694,False
357,3,-282.1111027134479,-16.56564792435006,0.13187877160863853,0.05262575667008278,0.04099009672815056,False
357,4,-282.56379074405453,-17.018335954956683,0.09678146281119285,0.012126664300899696,0.011775332597271839,False
357,5,-282.5375760029076,-16.992121213809753,0.09628389506430775,0.017406477038680097,0.017002494586490738,False
357,6,-281.5946642553131,-16.049209466215245,0.040642405567667,0.019559281605647016,0.015893634960724566,False
357,7,-281.4091748650003,-15.86372007590245,0.16324581910135125,0.08968157591315418,0.062428710992976616,False
357,8,-280.1592028031117,-14.61374801401388,0.09886236932679032,0.024488481514863453,0.02372713059241816,False
357,9,-265.8070840625047,-0.2616292734068679,2.3186116109482895,,,True
358,0,-265.54545478909785,0.0,2.226295586144658,,,True
358,1,-280.6562241950093,-15.11076940591147,0.05558053231605743,0.039015834116588925,0.03212333442074438,False
358,2,-281.94696914683914,-16.40151435774129,0.1166952656610297,0.02583948916964015,0.023267328191097753,False
358,3,-282.1104690870611,-16.565014297963273,0.13184933979822513,0.052266434642652,0.04056138239441466,False
358,4,-282.5641923756993,-17.018737586601446,0.09658660658540762,0.012158609036689423,0.011785600783477585,False
358,5,-282.5378940572089,-16.99243926811107,0.09647775084760836,0.017261935500766698,0.01686219256512087,False
358,6,-281.59490575111295,-16.0494509620151,0.04056180792244175,0.019515222528304205,0.015902033839948863,False
358,7,-281.4083135280216,-15.862858738923762,0.2924568958122322,0.2918959106933694,0.25023254629048136,False
358,8,-280.15984878058487,-14.61439399148702,0.09981190032252378,0.02668643328322223,0.02646273008537957,False
358,9,-265.8070840625047,-0.2616292734068679,2.3186116109482895,,,True
359,0,-265.54545478909785,0.0,2.226295586144658,,,True
359,1,-280.6562867842113,-15.110831995113472,0.055579645247329945,0.038904252529933785,0.03218627470310143,False
359,2,-281.9470015544448,-16.40154676534695,0.11659584713668895,0.02582998999743847,0.023258704689620956,False
359,3,-282.11043356893447,-16.564978779836622,0.13188282904730048,0.0522661270444538,0.0405938546182673,False
359,4,-282.564215134636,-17.01876034553817,0.09657531915587915,0.01215981413439529,0.011785294309395315,False
359,5,-282.5379117890293,-16.99245699993145,0.09648325029258632,0.017260512787378925,0.016862278671351337,False
359,6,-281.5949194724151,-16.04946468331724,0.04055638892182018,0.019511962088407442,0.01590244895858561,False
359,7,-281.4091314437161,-15.863676654618246,0.27820482022026644,0.2765771751312351,0.23715958115977073,False
359,8,-280.15989124899045,-14.614436459892602,0.09960074318005929,0.02642077009271303,0.026120456659329175,False
359,9,-265.8070840625047,-0.2616292734068679,2.3186116109482895,,,True
360,0,-265.54545478909785,0.0,2.226295586144658,,,True
360,1,-280.65641166620185,-15.110956877104002,0.055577841716415284,0.03868064981058824,0.032303892053003526,False
360,2,-281.9470664293103,-16.40161164021248,0.1163972754797196,0.025810881268264058,0.023241325938484457,False
360,3,-282.11036238399015,-16.564907594892304,0.1319475989679863,0.05226423756193971,0.040655029877801604,False
360,4,-282.5642607467404,-17.01880595764254,0.09655271595965167,0.012162250005235674,0.011784707560151226,False
360,5,-282.5379473027399,-16.99249251364205,0.09649466867230533,0.017257235590704297,0.01686192116654597,False
360,6,-281.5949469399734,-16.04949215087555,0.040545528199489304,0.01950527163035483,0.01590310148317755,False
360,7,-281.41061435250793,-15.865159563410089,0.25185966049094105,0.24745740783370634,0.21209139425276638,False
360,8,-280.1599752687306,-14.614520479632745,0.09920404508940746,0.025944583471802517,0.02546237680819599,False
360,9,-265.8070840625047,-0.2616292734068679,2.3186116109482895,,,True
361,0,-265.54545478909785,0.0,2.226295586144658,,,True
361,1,-280.65659870572597,-15.111143916628123,0.05557504614150809,0.038343251752276326,0.03245891839612723,False
361,2,-281.94716414161104,-16.401709352513194,0.11609930446446072,0.02578186244860426,0.023214851796121087,False
361,3,-282.11025496218616,-16.564800173088315,0.13203922360038434,0.05225799198057513,0.040737192912913195,False
361,4,-282.56432957770255,-17.018874788604705,0.09651865650633482,0.012165978809717388,0.011783895331065717,False
361,5,-282.53800083455747,-16.99254604545962,0.09651293308631037,0.017251178652375642,0.01686000293109768,False
361,6,-281.5949883168188,-16.04953352772094,0.0405291289902928,0.019494827721228417,0.015903672544153043,False
361,7,-281.4124978196592,-15.867043030561376,0.217940037489406,0.2075903038980196,0.1771085128055655,False
361,8,-280.1600995389084,-14.614644749810566,0.0986701833034232,0.02535812398700262,0.02454230672598829,False
361,9,-265.8070840625047,-0.2616292734068679,2.3186116109482895,,,True
362,0,-265.54545478909785,0.0,2.226295586144658,,,True
362,1,-280.6568482897607,-15.11139350066287,0.05557111947432203,0.037888260758800175,0.03262450881969434,False
362,2,-281.9472955792197,-16.401840790121867,0.11570045718611319,0.025742376048482,0.0231786680388841,False
362,3,-282.1101100845658,-16.564655295467958,0.13215112676912036,0.052242910099297185,0.04082866899913494,False
362,4,-282.5644224134584,-17.018967624360528,0.09647281857811012,0.012171108887768107,0.011782939447900613,False
362,5,-282.5380729190237,-16.99261812992586,0.09653953732360006,0.01724088584321924,0.01685479181158483,False
362,6,-281.5950440055884,-16.049589216490574,0.040506965456127454,0.01948021144491421,0.01590376707591739,False
362,7,-281.41447935369047,-15.869024564592621,0.18375720165726794,0.16172809024414117,0.1351321177684495,False
362,8,-280.16026307258767,-14.614808283489822,0.09806378746111455,0.02478290206762189,0.023441524538413958,False
362,9,-265.8070840625047,-0.2616292734068679,2.3186116109482895,,,True
363,0,-265.54545478909785,0.0,2.226295586144658,,,True
363,1,-280.6571612884761,-15.111706499378272,0.05556584688440747,0.03767393026217411,0.03276392591163498,False
363,2,-281.94746215373164,-16.40200736463379,0.11519785535548878,0.02569160195086568,0.02313187596082176,False
363,3,-282.1099258716467,-16.564471082548835,0.13227469702904393,0.05221272222407304,0.040914016860917335,False
363,4,-282.5645404710158,-17.019085681917943,0.09641469666034998,0.012177797243312303,0.011781941734854043,False
363,5,-282.5381643915374,-16.99270960243956,0.09657652470079976,0.017224388354491884,0.016843971019714892,False
363,6,-281.5951146698933,-16.049659880795446,0.04047864928639139,0.019461012170786024,0.015902991023045356,False
363,7,-281.4163047530552,-15.870849963957369,0.15942050174568187,0.11720479729154532,0.08974650959558335,False
363,8,-280.160465782342,-14.615010993244141,0.09745692925983464,0.024324147722702732,0.022268397227811956,False
363,9,-265.8070840625047,-0.2616292734068679,2.3186116109482895,,,True
364,0,-265.54545478909785,0.0,2.226295586144658,,,True
364,1,-280.6575379420994,-15.11208315300155,0.05555895228164431,0.03746955541997115,0.03283211329595241,False
364,2,-281.94766521802876,-16.402210428930914,0.11458874023226565,0.025628644962263174,0.023073464861305796,False
364,3,-282.10970041934434,-16.56424563024649,0.13239967742281367,0.05215983626523196,0.040975053028512884,False
364,4,-282.56468499333226,-17.019230204234418,0.09634380056610352,0.012186226083272973,0.011781004681208025,False
364,5,-282.5382760683301,-16.99282127923226,0.0966262217081817,0.01719941295620639,0.016824867135384763,False
364,6,-281.595201005111,-16.049746216013148,0.040443690151954204,0.019436997935667197,0.01590102473096234,False
364,7,-281.41784514239174,-15.872390353293895,0.15369318392588666,0.08623996082697093,0.06470763829531134,False
364,8,-280.16070837129666,-14.615253582198818,0.09691868548855757,0.02402905520945738,0.02115410858507987,False
364,9,-265.8070840625047,-0.2616292734068679,2.3186116109482895,,,True
365,0,-265.54545478909785,0.0,2.226295586144658,,,True
365,1,-280.6579755765371,-15.11252078743928,0.05555016616713622,0.03714533696595258,0.03278276156843597,False
365,2,-281.9479047592921,-16.402449970194255,0.1138740634832496,0.025552989016679194,0.023002749685171908,False
365,3,-282.109433252088,-16.56397846299018,0.1325155692013399,0.052076986841909555,0.04099402074238733,False
365,4,-282.56485631608984,-17.019401526992,0.09626009905513763,0.012196539442629422,0.011780189828338864,False
365,5,-282.5384080265994,-16.99295323750158,0.0966905437644594,0.017163953569196335,0.0167950739662787,False
365,6,-281.5953031854957,-16.049848396397863,0.04040170146998057,0.01940832226648996,0.01589767200883254,False
365,7,-281.4191364612028,-15.873681672104965,0.1650361130055565,0.10028468027027859,0.09467297738932591,False
365,8,-280.16099114672437,-14.615536357626524,0.09650283697034968,0.023866630846179147,0.020234580359255842,False
365,9,-265.8070840625047,-0.2616292734068679,2.3186116109482895,,,True
366,0,-265.54545478909785,0.0,2.226295586144658,,,True
366,1,-280.6585224084789,-15.11306761938107,0.05553805089064322,0.036620479187318325,0.03255049078968241,False
366,2,-281.9482094157281,-16.40275462663027,0.11296916534500318,0.025454820451695788,0.022910257201963796,False
366,3,-282.1090915875808,-16.563636798482946,0.13262370745859445,0.05194513353647067,0.04095158393108764,False
366,4,-282.5650755031513,-17.019620714053474,0.0961534860746895,0.012210194122703147,0.011779385600524956,False
366,5,-282.5385761872187,-16.993121398120877,0.09677953667929617,0.01711134836417007,0.016748140743967063,False
366,6,-281.5954337302612,-16.049978941163374,0.04034698718306808,0.019371886169883026,0.015892253509975886,False
366,7,-281.4204796134536,-15.875024824355762,0.18476222136575318,0.13010351038874118,0.12551497153924215,False
366,8,-280.16134907441494,-14.615894285317097,0.09621771289567818,0.023744668067877686,0.01956806160541624,False
366,9,-265.8070840625047,-0.2616292734068679,2.3186116109482895,,,True
367,0,-265.54545478909785,0.0,2.226295586144658,,,True
367,1,-280.6591903911232,-15.113735602025372,0.05552167899907548,0.0358293208942016,0.032059674141934856,False
367,2,-281.9485893352887,-16.40313454619087,0.11184428899325224,0.02532975545212491,0.02279143787427907,False
367,3,-282.1086625869391,-16.563207797841244,0.13271521970084982,0.05174989579769686,0.040823790268535956,False
367,4,-282.5653508430652,-17.01989605396733,0.0960201712885983,0.012227985705699789,0.011778338776574656,False
367,5,-282.5387864053606,-16.993331616262765,0.09689867080858199,0.01703737513513832,0.016679582116593674,False
367,6,-281.5955974711824,-16.050142682084527,0.04027658563735362,0.01932694581807721,0.0158840403054716,False
367,7,-281.422170368029,-15.876715578931169,0.20179854160842517,0.15061362981266718,0.1444499300270118,False
367,8,-280.1617960031381,-14.616341214040233,0.09611245110416386,0.02358366915522017,0.019312707117373616,False
367,9,-265.8070840625047,-0.2616292734068679,2.3186116109482895,,,True
368,0,-265.54545478909785,0.0,2.226295586144658,,,True
368,1,-280.6599922873677,-15.11453749826984,0.055499896224425284,0.03470876167395499,0.031240030936242544,False
368,2,-281.94905632330364,-16.40360153420579,0.11046446377429617,0.02517258785336275,0.02264086320426784,False
368,3,-282.10813082546787,-16.56267603637002,0.13278679726537426,0.051478218481862695,0.04059307321656628,False
368,4,-282.5656923219632,-17.020237532865337,0.09585560092040754,0.012250891524776547,0.011776407104920103,False
368,5,-282.5390455780212,-16.99359078892337,0.09705327899259676,0.016938391191716105,0.01658572157112589,False
368,6,-281.59580013858215,-16.050345349484303,0.040186613183876445,0.019272540603222674,0.015871757487925853,False
368,7,-281.42456343636013,-15.879108647262285,0.20680135861622836,0.15356185081371918,0.14639029948864715,False
368,8,-280.16234799663863,-14.616893207540784,0.09622413357639975,0.023374193668236794,0.01958425526882116,False
368,9,-265.8070840625047,-0.2616292734068679,2.3186116109482895,,,True
369,0,-265.54545478909785,0.0,2.226295586144658,,,True
369,1,-280.6609449788906,-15.115490189792752,0.05547117251446071,0.033209645214410104,0.030040609931568735,False
369,2,-281.94962602122,-16.404171232122167,0.10878344133432999,0.024976539973205408,0.02245153466811223,False
369,3,-282.107475514006,-16.562020724908166,0.13284599632328944,0.051119816253088465,0.040254737800604394,False
369,4,-282.5661134563999,-17.02065866730203,0.09565359837498066,0.012280181203618576,0.011772278779020326,False
369,5,-282.539362907081,-16.993908117983153,0.09724851347452752,0.016811825264736003,0.016464385316068156,False
369,6,-281.5960493553497,-16.050594566251846,0.040071556192143684,0.019206810930159704,0.015852964217761296,False
369,7,-281.4278773641246,-15.882422575026737,0.19407389429752814,0.13319627651966343,0.127051800712487,False
369,8,-280.16302467753064,-14.617569888432797,0.09656468310706086,0.023252974049601808,0.020403646464273152,False
369,9,-265.8070840625047,-0.2616292734068679,2.3186116109482895,,,True
370,0,-265.54545478909785,0.0,2.226295586144658,,,True
370,1,-280.6620730284142,-15.11661823931638,0.05543341858091402,0.03131864473116534,0.02845480209477347,False
370,2,-281.9503204002618,-16.404865611163927,0.10673627885424097,0.02473235963964714,0.022214098839068615,False
370,3,-282.10666712886183,-16.561212339763983,0.13291751659033646,0.05066839952542415,0.039824973168315805,False
370,4,-282.56663355655985,-17.021178767462004,0.09540532506874615,0.012317536406562354,0.011763499456185498,False
370,5,-282.5397513781231,-16.994296589025282,0.09748922889177117,0.016656856498304222,0.01631582173558109,False
370,6,-281.5963558761591,-16.050901087061277,0.03992325908067272,0.01912611794391804,0.01582319180243829,False
370,7,-281.43197476192444,-15.88651997282659,0.16491448837351522,0.08963828718630122,0.08455984007218763,False
370,8,-280.16385152763286,-14.618396738535012,0.09707053177718927,0.023443080700791857,0.02162485948885019,False
370,9,-265.8070840625047,-0.2616292734068679,2.3186116109482895,,,True
371,0,-265.54545478909785,0.0,2.226295586144658,,,True
371,1,-280.66341171066995,-15.117956921572102,0.0553838421431205,0.029095542037196317,0.026562147607479193,False
371,2,-281.95116989254115,-16.4057151034433,0.10423124927636879,0.02442785830730679,0.02204618151576905,False
371,3,-282.1056641261158,-16.560209337017966,0.13304752909156697,0.05012119460016424,0.03934632984498162,False
371,4,-282.5672800151159,-17.021825226018052,0.09509826538594547,0.01236512463802565,0.011745744222114055,False
371,5,-282.5402290974886,-16.99477430839073,0.09777999670449004,0.016474931590312526,0.016143358102667475,False
371,6,-281.59673486639883,-16.051280077300987,0.03972964995791429,0.019024203034515408,0.01577505716127465,False
371,7,-281.43634965138904,-15.89089486229119,0.13678905533089702,0.07816179514296828,0.06996337751323006,False
371,8,-280.1648638156423,-14.619409026544474,0.09751468425693903,0.023966575842174678,0.02285530125308025,False
371,9,-265.8070840625047,-0.2616292734068679,2.3186116109482895,,,True
372,0,-265.54545478909785,0.0,2.226295586144658,,,True
372,1,-280.6650008771429,-15.11954608804507,0.05843328534666427,0.026715735777454067,0.02457038588351155,False
372,2,-281.9522086836454,-16.406753894547535,0.10115881595567268,0.02428097177194189,0.021842871522198035,False
372,3,-282.10441732438704,-16.558962535289197,0.13329111182800227,0.049473401219883424,0.038871214311511165,False
372,4,-282.5680856379382,-17.02263084884038,0.0947175530147344,0.012425302888206842,0.011712224682880336,False
372,5,-282.54081688277176,-16.99536209367392,0.09812538248865296,0.01626868812128149,0.015951681821012063,False
372,6,-281.597204290495,-16.051749501397126,0.039475098273851754,0.018892443736870636,0.015698350924289433,False
372,7,-281.44071222924106,-15.895257440143212,0.13772440125281504,0.10863188458073365,0.08683161068431504,False
372,8,-280.16610502931303,-14.620650240215184,0.09751058141196185,0.024418102511531963,0.023486626921672558,False
372,9,-265.8070840625047,-0.2616292734068679,2.3186116109482895,,,True
373,0,-265.54545478909785,0.0,2.226295586144658,,,True
373,1,-280.66686964195776,-15.121414852859914,0.061669704743721285,0.02625206369895966,0.026052059839612132,False
373,2,-281.9534619444287,-16.408007155330836,0.0974270520106249,0.02409157756796872,0.021587952828804664,False
373,3,-282.10288414498325,-16.557429355885404,0.13366777435984134,0.048700836896562044,0.03839810473238245,False
373,4,-282.56907940327494,-17.023624614177095,0.09425039171362613,0.012500011873273183,0.011654159415582288,False
373,5,-282.541531333957,-16.996076544859136,0.09853289036779099,0.01603599716631266,0.015738896995835295,False
373,6,-281.5977793595341,-16.05232457043627,0.03914380911315995,0.018721208691743034,0.015581604032669272,False
373,7,-281.44580187315444,-15.900347084056591,0.14803979252037958,0.13044820421641642,0.09603477290838759,False
373,8,-280.1676141426103,-14.622159353512473,0.09684282846119785,0.024430632102524382,0.023078767244760538,False
373,9,-265.8070840625047,-0.2616292734068679,2.3186116109482895,,,True
374,0,-265.54545478909785,0.0,2.226295586144658,,,True
374,1,-280.6690544461409,-15.12359965704303,0.06427960897570385,0.027406612640683444,0.027169468990431628,False
374,2,-281.9549559019724,-16.40950111287458,0.09294508691088489,0.023838667991365928,0.021260556950902367,False
374,3,-282.1010165611984,-16.555561772100532,0.1341418315008531,0.04773649969509557,0.03782493027241968,False
374,4,-282.57029488871444,-17.024840099616597,0.09368275886278493,0.012591217642002907,0.01168338955066037,False
374,5,-282.5423906955252,-16.99693590642738,0.09902116791081544,0.0157620726420604,0.015487887515127245,False
374,6,-281.59847707282853,-16.053022283730684,0.03871644977423906,0.018496370670277287,0.015409993527434808,False
374,7,-281.45258594427753,-15.907131155179684,0.13304321559316284,0.10562279771751705,0.08868840875149547,False
374,8,-280.16943387406036,-14.623979084962514,0.09578397921912431,0.024210460372584293,0.021798001956466004,False
374,9,-265.8070840625047,-0.2616292734068679,2.3186116109482895,,,True
375,0,-265.54545478909785,0.0,2.226295586144658,,,True
375,1,-280.67163075322463,-15.126175964126787,0.06592058362108824,0.028067782530698814,0.02731944504286339,False
375,2,-281.9567388150292,-16.411284025931366,0.08758581451380858,0.023479578582646835,0.020815969598853432,False
375,3,-282.0987348599325,-16.55328007083466,0.13464885018184916,0.04645837607714388,0.036964963297501686,False
375,4,-282.5717892136001,-17.026334424502238,0.09299207669169109,0.012701610411191347,0.011792607025247261,False
375,5,-282.5434273623338,-16.997972573235927,0.099624943980806,0.015417195715296716,0.015165269895785876,False
375,6,-281.59932687654043,-16.053872087442585,0.038160382301447214,0.01819368779037165,0.015160486419513395,False
375,7,-281.46042755093174,-15.914972761833894,0.13505326620328134,0.07645175493398683,0.06498183923271406,False
375,8,-280.17163246915806,-14.62617768006021,0.0949584511922647,0.023895450530981285,0.020579595147697315,False
375,9,-265.8070840625047,-0.2616292734068679,2.3186116109482895,,,True
376,0,-265.54545478909785,0.0,2.226295586144658,,,True
376,1,-280.67470284708213,-15.129248057984285,0.06628668930164223,0.027916849407935675,0.026624559104876804,False
376,2,-281.95887219639746,-16.41341740729962,0.08122773078785354,0.022943996394447892,0.020176273943193913,False
376,3,-282.0959355752203,-16.550480786122478,0.13515671496500745,0.04472652218260516,0.03565161992307044,False
376,4,-282.57363972365044,-17.0281849345526,0.09214990174686039,0.012834795522186734,0.01192490071556625,False
376,5,-282.54468460607865,-16.9992298169808,0.1003793104056738,0.014972123895928576,0.014738962875294569,False
376,6,-281.60036868055283,-16.054913891454987,0.037427728081782956,0.017785011166607138,0.01480368142745046,False
376,7,-281.46862467568513,-15.923169886587289,0.17788515285515377,0.1141869792298547,0.0786080067574596,False
376,8,-280.1742980447556,-14.628843255657728,0.09490961401610185,0.023217391437564523,0.020705516071466423,False
376,9,-265.8070840625047,-0.2616292734068679,2.3186116109482895,,,True
377,0,-265.54545478909785,0.0,2.226295586144658,,,True
377,1,-280.67833578032264,-15.132880991224795,0.06510690045210678,0.028389542374649836,0.02519885345199529,False
377,2,-281.96138268047525,-16.415927891377407,0.07386040643154061,0.02215015159325713,0.0192413213822549,False
377,3,-282.0925481046525,-16.547093315554662,0.13573731381359622,0.04248459997891162,0.033926133294612866,False
377,4,-282.5759059727583,-17.030451183660432,0.0911370508996232,0.01299560035002889,0.012084573736657094,False
377,5,-282.5461918282385,-17.00073703914063,0.10127147336776246,0.01498402359389116,0.014225851783894933,False
377,6,-281.60163054993495,-16.056175760837107,0.0364740271814238,0.01725176348275088,0.014309056044617432,False
377,7,-281.47900446969766,-15.93354968059981,0.1708378407484655,0.10519540067682821,0.0736754827322467,False
377,8,-280.17749295052243,-14.632038161424589,0.09538060509461531,0.023034968395556903,0.021966701728010025,False
377,9,-265.8070840625047,-0.2616292734068679,2.3186116109482895,,,True
378,0,-265.54545478909785,0.0,2.226295586144658,,,True
378,1,-280.68262815014384,-15.137173361045996,0.06181594550760993,0.029648191031808324,0.022699177907000545,False
378,2,-281.9643183796678,-16.41886359056997,0.06541179589697563,0.020994366459087865,0.017904997113061115,False
378,3,-282.08846704439065,-16.54301225529281,0.13655953884302258,0.03970266131065293,0.03199471231822948,False
378,4,-282.57868410860794,-17.0332293195101,0.08992270184333541,0.01318881663133619,0.012275658661281672,False
378,5,-282.5480024503471,-17.002547661249253,0.10227224831010405,0.016004649351497376,0.013663858151237596,False
378,6,-281.60315916338436,-16.057704374286516,0.03523200953096749,0.016553501195575783,0.014304876915980374,False
378,7,-281.4913393555564,-15.945884566458574,0.12995666106266207,0.0751031957777284,0.06956233752312835,False
378,8,-280.18132495499003,-14.635870165892186,0.09487766982105862,0.02320787569829273,0.022302603722779327,False
378,9,-265.8070840625047,-0.2616292734068679,2.3186116109482895,,,True
379,0,-265.54545478909785,0.0,2.226295586144658,,,True
379,1,-280.6876965382726,-15.14224174917473,0.05591424118803249,0.03125818982753295,0.023823583845531824,False
379,2,-281.96773310864245,-16.422278319544603,0.055688125442866325,0.0193706192484746,0.01707503239292751,False
379,3,-282.0835692546134,-16.538114465515548,0.13757069649199224,0.036139056013095035,0.02965961156215284,False
379,4,-282.5821077312311,-17.03665294213323,0.08846685013642011,0.013414505816995633,0.012497598408920809,False
379,5,-282.55019812078933,-17.004743331691486,0.10339338554738509,0.01730080147624562,0.014404477560912702,False
379,6,-281.6050215470326,-16.05956675793476,0.03360951918539809,0.015616048488334993,0.015002830106256396,False
379,7,-281.50495941095073,-15.959504621852886,0.1421723700961223,0.10633770027335256,0.08474922636794055,False
379,8,-280.1859416174345,-14.640486828336634,0.09291284757493286,0.02316896795608942,0.020587244861613115,False
379,9,-265.8070840625047,-0.2616292734068679,2.3186116109482895,,,True
380,0,-265.54545478909785,0.0,2.226295586144658,,,True
380,1,-280.69360052083107,-15.148145731733223,0.05396523829775224,0.03326111271475426,0.02522741171368948,False
380,2,-281.97160664514286,-16.42615185604501,0.04463342658591971,0.018875725245932815,0.015786452828213157,False
380,3,-282.0778078878141,-16.53235309871627,0.13835529355978643,0.03497980284216684,0.02683910828802797,False
380,4,-282.58629162685213,-17.040836837754284,0.08674739653221729,0.013666543311456425,0.012744102866767732,False
380,5,-282.5528595252505,-17.007404736152637,0.10470360976672226,0.01887431615739228,0.015745271086318385,False
380,6,-281.6072732165423,-16.06181842744445,0.03151673931921314,0.01615890210254727,0.015976346423445836,False
380,7,-281.5213880770903,-15.975933287992461,0.14770090756946705,0.07165689239031088,0.05657033308472423,False
380,8,-280.19146876924503,-14.646013980147188,0.09201477000944769,0.022642876711758974,0.020109978651913295,False
380,9,-265.8070840625047,-0.2616292734068679,2.3186116109482895,,,True
381,0,-265.54545478909785,0.0,2.226295586144658,,,True
381,1,-280.70004736220585,-15.154592573108005,0.0537409234729914,0.035506349367535425,0.026842777267642958,False
381,2,-281.9756405797266,-16.43018579062874,0.033389836141820464,0.0189681107851538,0.015671072248000958,False
381,3,-282.0716070054717,-16.526152216373873,0.13916520200989904,0.035589686875804,0.027394679874041435,False
381,4,-282.59107870762296,-17.04562391852511,0.08489262704777234,0.013902615430571029,0.012974681640105151,False
381,5,-282.55592440210023,-17.010469613002385,0.10601953899355054,0.020561874150557977,0.01713540051123122,False
381,6,-281.60983012113616,-16.06437533203831,0.028961792655735258,0.01718647925407501,0.017123410866942655,False
381,7,-281.53739866789806,-15.991943878800214,0.16680805943037366,0.09519984616324435,0.08076059683090941,False
381,8,-280.1976544408483,-14.652199651750436,0.09242796323334292,0.02198833859513099,0.021395427065972993,False
381,9,-265.8070840625047,-0.2616292734068679,2.3186116109482895,,,True
382,0,-265.54545478909785,0.0,2.226295586144658,,,True
382,1,-280.7065645386704,-15.161109749572574,0.05359610167939283,0.037731767920520305,0.028552977103829365,False
382,2,-281.97941896708255,-16.433964177984706,0.023243777460773614,0.018757644777741497,0.01509785327208268,False
382,3,-282.06564085928704,-16.520186070189197,0.13974103832650392,0.03619277517722699,0.027787942867937503,False
382,4,-282.5960843194108,-17.05062953031296,0.08309723217597084,0.014101875770554136,0.013168620889317067,False
382,5,-282.5592062051146,-17.01375141601676,0.10715984075758773,0.022002173191941598,0.018258595363400403,False
382,6,-281.6124944348383,-16.067039645740465,0.026130755877323195,0.018349026233868665,0.018337310530082265,False
382,7,-281.55256991411505,-16.007115125017208,0.12811236936665907,0.07698103931797802,0.06342563222484794,False
382,8,-280.20398874552654,-14.658533956428698,0.09029364239340072,0.022968037389230853,0.019366091593935576,False
382,9,-265.8070840625047,-0.2616292734068679,2.3186116109482895,,,True
383,0,-265.54545478909785,0.0,2.226295586144658,,,True
383,1,-280.71326030485614,-15.167805515758289,0.054049130969594926,0.03990440200397674,0.030307037410006493,False
383,2,-281.98293346943274,-16.43747868033489,0.019995093756351095,0.01823584998094205,0.014380364102300067,False
383,3,-282.0600322933911,-16.514577504293243,0.1396905803504198,0.03637695242290793,0.027683781016371367,False
383,4,-282.6013397533958,-17.055884964297945,0.08139190041934641,0.014269136196177057,0.013331790477239282,False
383,5,-282.56279358264163,-17.017338793543786,0.10822724962577734,0.02292538749591515,0.019412536934984362,False
383,6,-281.6152936768582,-16.06983888776034,0.023035396780640826,0.019464572123238818,0.019453282427799208,False
383,7,-281.56608270346294,-16.020627914365093,0.11848787409108946,0.07119345325387398,0.059783950368339424,False
383,8,-280.21051657139594,-14.665061782298096,0.08919952351409165,0.025305162724634633,0.01891955881588438,False
383,9,-265.8070840625047,-0.2616292734068679,2.3186116109482895,,,True
384,0,-265.54545478909785,0.0,2.226295586144658,,,True
384,1,-280.72018917257714,-15.17473438347929,0.0575203121215671,0.04204534313644581,0.03201801547302947,False
384,2,-281.9861647331895,-16.44070994409168,0.017160227513337723,0.01744309075388877,0.013414374557975377,False
384,3,-282.0548817379238,-16.509426948825933,0.13922141387980635,0.03570490469287442,0.026716072055254662,False
384,4,-282.6068580289748,-17.061403239876938,0.0798147595140823,0.014404675342760291,0.013467112268538823,False
384,5,-282.56674677646345,-17.0212919873656,0.10914678840314661,0.023662330621394563,0.02097097872313671,False
384,6,-281.6182400199235,-16.072785230825673,0.019710610489937073,0.02024820315284062,0.020221245064440434,False
384,7,-281.57793631876245,-16.032481529664608,0.13658921168200946,0.08938499240123629,0.07470672924276814,False
384,8,-280.217268819134,-14.67181403003616,0.08952266873042314,0.02764369496024576,0.020375278681221944,False
384,9,-265.8070840625047,-0.2616292734068679,2.3186116109482895,,,True
385,0,-265.54545478909785,0.0,2.226295586144658,,,True
385,1,-280.727437379416,-15.18198259031817,0.061208972725976564,0.04419571119843262,0.03359942121692097,False
385,2,-281.9891087997337,-16.44365401063584,0.014422729845842058,0.01645048125882189,0.012241433937792293,False
385,3,-282.0502015853173,-16.50474679621948,0.13830838675447213,0.033853006741061224,0.024591886231542622,False
385,4,-282.6126877958452,-17.067233006747358,0.07839734980785035,0.014501947840538765,0.013570443703136302,False
385,5,-282.57111186376943,-17.025657074671585,0.10982797846485799,0.024380025726108506,0.022025237616540363,False
385,6,-281.62135203064736,-16.075897241549512,0.01807084289200224,0.020437279969580807,0.020403655615391144,False
385,7,-281.58882444377036,-16.043369654672517,0.09892056390382682,0.05664985671865298,0.04544561032642426,False
385,8,-280.224317986776,-14.67886319767814,0.08795503703971634,0.03047647272426558,0.022320921618681905,False
385,9,-265.8070840625047,-0.2616292734068679,2.3186116109482895,,,True
386,0,-265.54545478909785,0.0,2.226295586144658,,,True
386,1,-280.73504367686087,-15.189588887763023,0.06497177249943703,0.04625808611686874,0.034900151031486,False
386,2,-281.9917332830287,-16.446278493930834,0.01466898108466828,0.015195962108788487,0.011135036481649093,False
386,3,-282.04605924062014,-16.500604451522292,0.13692023992293406,0.030960464275577793,0.021813129653618216,False
386,4,-282.6188422208248,-17.07338743172693,0.07718846783368942,0.014563282568850519,0.013644670349585433,False
386,5,-282.57587615651636,-17.030421367418512,0.11032405730576665,0.023904971714011007,0.022106921418434566,False
386,6,-281.6246103245445,-16.07915553544666,0.017915733566767497,0.01972427865375153,0.019677020914631478,False
386,7,-281.59788288970753,-16.05242810060969,0.08602478806222769,0.07047084402531525,0.050058958311572144,False
386,8,-280.2316934007153,-14.686238611617455,0.08741867236193016,0.03399014612914724,0.024739963876157393,False
386,9,-265.8070840625047,-0.2616292734068679,2.3186116109482895,,,True
387,0,-265.54545478909785,0.0,2.226295586144658,,,True
387,1,-280.74305489279453,-15.197600103696686,0.06864252439050014,0.04800168559407869,0.035806666806612784,False
387,2,-281.9940033960461,-16.448548606948236,0.021588510580021845,0.013920252488665682,0.010579196333289687,False
387,3,-282.04248942777997,-16.497034638682123,0.13531065034268,0.02746596759666417,0.020135124509489677,False
387,4,-282.62531779410097,-17.07986300500312,0.07620558635070969,0.015102622384363914,0.014168392453941128,False
387,5,-282.5809594719561,-17.03550468285823,0.11055726248441093,0.02213366521284286,0.021055676179582733,False
387,6,-281.6279647008141,-16.082509911716272,0.0169609624339556,0.018126773981855894,0.01794076547824693,False
387,7,-281.60596801853,-16.06051322943216,0.09555027169081332,0.07056423487985777,0.06135878321251245,False
387,8,-280.239430270555,-14.69397548145713,0.0876420637785179,0.038140583053551565,0.02770614047982676,False
387,9,-265.8070840625047,-0.2616292734068679,2.3186116109482895,,,True
388,0,-265.54545478909785,0.0,2.226295586144658,,,True
388,1,-280.75157467626155,-15.206119887163709,0.07197293929482561,0.04904693812397245,0.036054569904939826,False
388,2,-281.9959051938499,-16.450450404752075,0.028640398767721016,0.014692747421454917,0.01144939281610493,False
388,3,-282.03958332715627,-16.49412853805842,0.13351749840929708,0.023789326782645885,0.017891871596334426,False
388,4,-282.63216341437237,-17.086708625274525,0.07547481576959557,0.015896730572857013,0.014931154896280698,False
388,5,-282.5863576204936,-17.040902831395726,0.11041553385194582,0.019729038221695368,0.01930150630294899,False
388,6,-281.63137861787993,-16.085923828782086,0.015708679298797056,0.016225025397595776,0.0156387347565067,False
388,7,-281.6130621957807,-16.06760740668284,0.07124688897938526,0.05281924096021879,0.049390052964260425,False
388,8,-280.2476360939546,-14.702181304856765,0.08655146216493344,0.04306069209514829,0.03130030068180678,False
388,9,-265.8070840625047,-0.2616292734068679,2.3186116109482895,,,True
389,0,-265.54545478909785,0.0,2.226295586144658,,,True
389,1,-280.76059550978766,-15.215140720689817,0.07449174333398557,0.04878951475406639,0.035221446966297344,False
389,2,-281.9974112845449,-16.451956495447064,0.03541395264812927,0.015394351585128916,0.012437983749746952,False
389,3,-282.0374791902213,-16.492024401123444,0.13155999257879894,0.02014626558502521,0.015303970360422284,False
389,4,-282.6393591003351,-17.09390431123728,0.07500971971369746,0.01664576771095559,0.01564906852436197,False
389,5,-282.59208203069977,-17.046627241601925,0.11003192769067838,0.021136679543481002,0.020298963319414293,False
389,6,-281.63480657924913,-16.089351790151284,0.014931828344834041,0.014854615157267756,0.01371208711400244,False
389,7,-281.6193429672623,-16.073888178164452,0.07136884352809783,0.07101423489175009,0.054195457472357975,False
389,8,-280.2563672536472,-14.71091246454938,0.08659760751996821,0.048687291346159206,0.03525535546576931,False
389,9,-265.8070840625047,-0.2616292734068679,2.3186116109482895,,,True
390,0,-265.54545478909785,0.0,2.226295586144658,,,True
390,1,-280.7700511411352,-15.224596352037338,0.07545607313122613,0.04647748559011451,0.03288591934789908,False
390,2,-281.9985077982941,-16.453053009196253,0.04184255091581355,0.016281940876010426,0.013287953800547155,False
390,3,-282.03625933834974,-16.49080454925189,0.12948215674741917,0.016709675228577543,0.014310602586131474,False
390,4,-282.6468657341329,-17.10141094503507,0.07479201725760753,0.01732067676895956,0.016294027958343983,False
390,5,-282.59816658340975,-17.052711794311904,0.1093552258119815,0.021106943736308118,0.018136602667705178,False
390,6,-281.638216338093,-16.092761548995156,0.014523508540611173,0.01392277215606853,0.012274662610223228,False
390,7,-281.6255798423128,-16.080125053214942,0.057820491027569844,0.05524120654877578,0.04286160515176872,False
390,8,-280.265683116845,-14.72022832774718,0.08639158227643279,0.05503206832082876,0.03986337995014708,False
390,9,-265.8070840625047,-0.2616292734068679,2.3186116109482895,,,True
391,0,-265.54545478909785,0.0,2.226295586144658,,,True
391,1,-280.77985570622246,-15.234400917124617,0.08139816027052747,0.0412588532112271,0.03361613800003859,False
391,2,-281.99919848858696,-16.45374369948911,0.04792513259676636,0.017453572530185205,0.013973672734384001,False
391,3,-282.0359842585445,-16.490529469446642,0.12709267951814068,0.017442590502021835,0.016192079890375882,False
391,4,-282.65466651075525,-17.109211721657402,0.07481459272698504,0.01788240318321331,0.01682882731489304,False
391,5,-282.6046610113122,-17.059206222214357,0.10850420233841641,0.01870487857118307,0.015900548882796118,False
391,6,-281.6415926367744,-16.096137847676573,0.014283060286288559,0.013204880053609685,0.011543684430854259,False
391,7,-281.6315761109603,-16.086121321862436,0.051110603413751086,0.05242136699323404,0.03768206931276191,False
391,8,-280.27569870441323,-14.730243915315384,0.0947199072422592,0.06199647341625061,0.04526860576192664,False
391,9,-265.8070840625047,-0.2616292734068679,2.3186116109482895,,,True
392,0,-265.54545478909785,0.0,2.226295586144658,,,True
392,1,-280.7898330166697,-15.244378227571872,0.08951751720406974,0.039219280672090545,0.03844957018206037,False
392,2,-281.9995018734222,-16.454047084324372,0.053497872927455566,0.018345691931701734,0.014463653370453463,False
392,3,-282.03664366583564,-16.491188876737795,0.12440993790568025,0.02082155336593748,0.01893743007578117,False
392,4,-282.66270344750257,-17.11724865840472,0.07506129926098762,0.018299258091128843,0.017219674493472618,False
392,5,-282.6115426854791,-17.066087896381248,0.10763536966980293,0.017253137712750177,0.016779158092342525,False
392,6,-281.6449101474076,-16.09945535830974,0.01417319254853708,0.012644775843474372,0.010752900783339361,False
392,7,-281.6372992945785,-16.09184450548065,0.06128066979961583,0.061769543053634544,0.04365529619779539,False
392,8,-280.2864908852805,-14.741036096182654,0.10415609628199342,0.06883811744805665,0.05064072508556785,False
392,9,-265.8070840625047,-0.2616292734068679,2.3186116109482895,,,True
393,0,-265.54545478909785,0.0,2.226295586144658,,,True
393,1,-280.7997914676923,-15.254336678594427,0.09673108521312689,0.04408486114272437,0.043288316101408784,False
393,2,-281.9994553240038,-16.45400053490596,0.05849771890678809,0.018956527710046526,0.014746585777520688,False
393,3,-282.0381665805819,-16.492711791484055,0.12137911015134674,0.023865597557318766,0.02132525820089216,False
393,4,-282.6709297550572,-17.12547496595937,0.07549849448030563,0.018548634508802182,0.01744069817103206,False
393,5,-282.61879581231653,-17.07334102321869,0.10665812144140045,0.018869697198151354,0.018221252481934114,False
393,6,-281.6481576047685,-16.102702815670682,0.01410164676836323,0.01214501214468286,0.010485458061676228,False
393,7,-281.6428357170863,-16.097380927988468,0.03967817723135258,0.040712354568299275,0.028738677155974467,False
393,8,-280.2981232139923,-14.752668424894466,0.1129163886642406,0.07446549903757631,0.05547332234094637,False
393,9,-265.8070840625047,-0.2616292734068679,2.3186116109482895,,,True
394,0,-265.54545478909785,0.0,2.226295586144658,,,True
394,1,-280.80962822209756,-15.264173432999712,0.10339690457232774,0.04664903221076127,0.04584415874985264,False
394,2,-281.99910666504627,-16.453651875948424,0.06292461904490085,0.01929927819791008,0.014877283339961706,False
394,3,-282.0404522775237,-16.494997488425838,0.11798704396263408,0.026503510842851997,0.02322343269648234,False
394,4,-282.6793185248828,-17.133863735784928,0.07609293572194264,0.018613617100412254,0.017475397685456383,False
394,5,-282.62640632689875,-17.0809515378009,0.1056015302269159,0.019349253713525423,0.018759841792275786,False
394,6,-281.65134068558586,-16.10588589648802,0.014783167994265375,0.011740155021582079,0.010400737353485973,False
394,7,-281.64784636947877,-16.102391580380925,0.049637377378017176,0.04944483217990996,0.031555575082226436,False
394,8,-280.3105909915064,-14.765136202408542,0.11956245474321965,0.07756648438401141,0.05905001942674353,False
394,9,-265.8070840625047,-0.2616292734068679,2.3186116109482895,,,True
395,0,-265.54545478909785,0.0,2.226295586144658,,,True
395,1,-280.81941011184455,-15.273955322746701,0.10885766180402995,0.04464246013569493,0.043964054616607066,False
395,2,-281.9985084730221,-16.45305368392428,0.0667838645692394,0.01940349480287164,0.015164755236913342,False
395,3,-282.04335635732286,-16.497901568225018,0.11431369822175455,0.02871984305972269,0.02469392347472494,False
395,4,-282.68782916865575,-17.142374379557907,0.07680997803936328,0.01849449973226517,0.017327168051146296,False
395,5,-282.63429186016776,-17.088837071069918,0.10440068419649678,0.01703935515408629,0.016808124039621168,False
395,6,-281.6544697325131,-16.109014943415275,0.01651000586449976,0.01151821401136584,0.01046512707640193,False
395,7,-281.65245328379643,-16.106998494698587,0.04802282728479836,0.048356956429002826,0.030662958815769012,False
395,8,-280.3236886581481,-14.778233869050268,0.12233989415177529,0.07680648624711565,0.060356404964273726,False
395,9,-265.8070840625047,-0.2616292734068679,2.3186116109482895,,,True
396,0,-265.54545478909785,0.0,2.226295586144658,,,True
396,1,-280.8289764813052,-15.28352169220733,0.11221855308823202,0.04144019260495074,0.03724460675736029,False
396,2,-281.9977101680814,-16.45225537898358,0.07010567895135009,0.01929353887042688,0.0159456291347199,False
396,3,-282.04676550288366,-16.501310713785813,0.11037039298524015,0.030555347616325515,0.02570289704373701,False
396,4,-282.6964375794528,-17.15098279035493,0.07761803143571692,0.018195604533156037,0.01700406085421161,False
396,5,-282.64237774180424,-17.096922952706393,0.1029942389520102,0.015650323677272274,0.015442427634879378,False
396,6,-281.65756411003997,-16.112109320942125,0.01784886358535721,0.011447349464654984,0.010615980119083991,False
396,7,-281.6566958240468,-16.111241034948932,0.033131131550508855,0.03281264266688617,0.02515858006082878,False
396,8,-280.3370316401938,-14.791576851095954,0.11930153713393929,0.07072638733885409,0.05841674641456174,False
396,9,-265.8070840625047,-0.2616292734068679,2.3186116109482895,,,True
397,0,-265.54545478909785,0.0,2.226295586144658,,,True
397,1,-280.83784164949657,-15.292386860398722,0.11230491264169686,0.038012266738509784,0.0334902565115922,False
397,2,-281.9967539776095,-16.451299188511655,0.07292472874810875,0.0189965358766377,0.016449304046721284,False
397,3,-282.05060054815146,-16.50514575905362,0.1061964289402738,0.0320589396779939,0.02632367324444552,False
397,4,-282.7051460379424,-17.15969124884458,0.07849492577152088,0.01773092925683785,0.016521593012826446,False
397,5,-282.65063166950245,-17.1051768804046,0.10146199687146132,0.015599459894016201,0.015042100214631905,False
397,6,-281.6606516875523,-16.11519689845443,0.018791187646905835,0.012061298710453297,0.010847832680445351,False
397,7,-281.6604919743451,-16.115037185247274,0.05320489216240219,0.04875721854278156,0.031995870762561,False
397,8,-280.35009097395874,-14.804636184860897,0.108651540047512,0.05824653300089521,0.05196466582547718,False
397,9,-265.8070840625047,-0.2616292734068679,2.3186116109482895,,,True
398,0,-265.54545478909785,0.0,2.226295586144658,,,True
398,1,-280.8454116033575,-15.299956814259644,0.1074959239699964,0.032052241033921576,0.03045194404314934,False
398,2,-281.99567176275775,-16.450216973659906,0.07527989660748466,0.018530522700565016,0.016635093439629756,False
398,3,-282.0548075883447,-16.50935279924687,0.10182072468373213,0.0332528632947843,0.026636670360903357,False
398,4,-282.7139884902691,-17.16853370117127,0.07943060336893885,0.017118702802640412,0.01618516319011033,False
398,5,-282.6590661662495,-17.113611377151642,0.09987219461041663,0.015923508506983406,0.014886398840287793,False
398,6,-281.66377141531484,-16.118316626216995,0.019371763793867538,0.013198239241514347,0.011151414285256293,False
398,7,-281.66402267654996,-16.118567887452116,0.039451354998887966,0.027620262621907664,0.024728385117217883,False
398,8,-280.362235199759,-14.816780410661181,0.08806402807910339,0.03988144278982233,0.03893032815752681,False
398,9,-265.8070840625047,-0.2616292734068679,2.3186116109482895,,,True
