optimizer_iteration,image_index,energy_eV,relative_energy_eV,true_force_fmax_eV_A,neb_force_fmax_eV_A,neb_residual_eV_A,is_endpoint
0,0,-265.67695392130355,0.0,2.445334169213695,,,True
0,1,-265.67020303429,0.006750887013538431,2.4425351106642625,2.4415950133090636,2.074551521823791,False
0,2,-265.55869692106364,0.11825700023990748,2.43658711987402,2.440028201019889,2.053724716388852,False
0,3,-265.27110658457445,0.4058473367290958,2.457388020048542,2.4527002241410156,2.1089316053955436,False
0,4,-264.8987249253472,0.77822899595634,2.887339863808136,2.9280772867368126,2.694248328867758,False
0,5,-264.7679659601706,0.9089879611329366,3.3924574973036266,3.389400625655361,3.1938578344797848,False
0,6,-264.958084723094,0.7188691982095747,3.1462128884546123,3.123988612300957,3.0021328601008426,False
0,7,-265.344502052134,0.33245186916957437,2.57820994562736,2.60594818688638,2.5004226825571627,False
0,8,-265.6502315974255,0.026722323878061616,2.3076971944841715,2.2865041231515293,2.061793697823969,False
0,9,-265.67673277456936,0.00022114673419082465,2.2733699223767667,,,True
1,0,-265.67695392130355,0.0,2.445334169213695,,,True
1,1,-266.47031077009717,-0.7933568487936213,2.3804569091237084,2.2779264672986,1.9574179152692004,False
1,2,-266.36049746764013,-0.6835435463365798,2.3637067267683003,2.3757854600118122,1.9744567724181852,False
1,3,-266.080207021427,-0.40325310012343607,2.361014306732343,2.3569076902312176,1.981728014421983,False
1,4,-265.733512549242,-0.05655862793844335,2.622440627061621,2.6679908040118168,2.4688872472874954,False
1,5,-265.6218962274018,0.05505769390174464,3.040084730398853,3.035797927347211,2.872973283425654,False
1,6,-265.79702404578563,-0.12007012448208343,2.84637058369337,2.8291925291693314,2.7236116053273958,False
1,7,-266.1639069747116,-0.48695305340805817,2.3646006470193286,2.4011646307237835,2.3041510455998093,False
1,8,-266.4492837997893,-0.7723298784857775,2.2439841299181826,2.2518118313955937,1.8894496665950447,False
1,9,-265.67673277456936,0.00022114673419082465,2.2733699223767667,,,True
2,0,-265.67695392130355,0.0,2.445334169213695,,,True
2,1,-267.2343359029512,-1.5573819816476657,2.315348075823166,3.3733680483820083,2.8965440370216844,False
2,2,-267.1354316740709,-1.458477752767351,2.2957825760439206,2.3073870768248894,1.8900451335148387,False
2,3,-266.86145590580406,-1.184501984500514,2.277294075439671,2.2844330573330573,1.8979066833671232,False
2,4,-266.53651679428987,-0.8595628729863165,2.379507678466415,2.4285923237419387,2.2602637304583926,False
2,5,-266.43972434999193,-0.7627704286883841,2.7250440387798913,2.719553889069302,2.585262480489327,False
2,6,-266.6021619062922,-0.9252079849886741,2.5738973533503238,2.5605038117963894,2.4698982223122896,False
2,7,-266.95207067857393,-1.275116757270382,2.2137101889637316,2.2089565534919045,2.120378851545043,False
2,8,-267.2155112248091,-1.53855730350557,2.176494177474973,3.46610945760527,3.0877892313582267,False
2,9,-265.67673277456936,0.00022114673419082465,2.2733699223767667,,,True
3,0,-265.67695392130355,0.0,2.445334169213695,,,True
3,1,-267.9434198500836,-2.2664659287800646,2.249260119490319,4.191184098791661,3.7108527539558276,False
3,2,-267.88553862127003,-2.2085846999664795,2.2232519235843884,2.234422802112603,1.8003304585121935,False
3,3,-267.61701635626247,-1.940062434958918,2.2046069320250203,2.211102346449173,1.8085844811521594,False
3,4,-267.31059665244123,-1.6336427311376838,2.1894250466445886,2.2067735104364155,2.0658051072308328,False
3,5,-267.2252395169455,-1.5482855956419712,2.4408615826587288,2.4342946392938187,2.3249990646205623,False
3,6,-267.37670637266234,-1.6997524513587905,2.324443904064337,2.313808434667854,2.236984725797457,False
3,7,-267.71174245728395,-2.0347885359803968,2.14224458743189,2.1184962086959835,1.9472248858388113,False
3,8,-267.9317510293158,-2.2547971080122693,2.1067130233403244,4.216308235641054,3.8877880869402044,False
3,9,-265.67673277456936,0.00022114673419082465,2.2733699223767667,,,True
4,0,-265.67695392130355,0.0,2.445334169213695,,,True
4,1,-268.5832206568052,-2.9062667355016742,2.1843466710059305,4.359256577689435,3.9020526603226102,False
4,2,-268.61184642432784,-2.9348925030242867,2.1456804535124157,2.156952697580821,1.7057381409249148,False
4,3,-268.34801036422306,-2.6710564429195074,2.126922949651605,2.132846367002545,1.7135817361789492,False
4,4,-268.05741836162656,-2.38046444032301,2.1120245426903983,2.115027099379945,1.883426435389487,False
4,5,-267.9808039199628,-2.3038499986592456,2.1824840395061047,2.175058214628899,2.087696561989981,False
4,6,-268.1225954023305,-2.4456414810269393,2.094614148548483,2.0858750125758103,2.021701964938232,False
4,7,-268.44451225070105,-2.7675583293975023,2.065943333298124,2.0443779141275633,1.7832099378686799,False
4,8,-268.5840868348674,-2.907132913563828,2.036434526854483,4.404873739004993,4.122074277348354,False
4,9,-265.67673277456936,0.00022114673419082465,2.2733699223767667,,,True
5,0,-265.67695392130355,0.0,2.445334169213695,,,True
5,1,-269.1467808482446,-3.469826926941039,2.122407219297446,4.064022811435593,3.651471271374353,False
5,2,-269.31420469905083,-3.6372507777472833,2.0626130047943914,2.0712736234682176,1.6099723939206225,False
5,3,-269.05427936708145,-3.377325445777899,2.0437839796682455,2.049194996770405,1.6127917040709592,False
5,4,-268.7772446421006,-3.100290720797034,2.0291718596534896,2.0318622736976524,1.7115145025371725,False
5,5,-268.7072048252679,-3.0302509039643724,2.0197905589738308,2.018941316555944,1.869909552072978,False
5,6,-268.84031008493554,-3.1633561636319882,2.0084731330070054,1.99965846568986,1.8216213217999222,False
5,7,-269.150599069126,-3.473645147822424,1.9843041136340365,1.964743163182412,1.6272465145972645,False
5,8,-269.1638813620623,-3.486927440758734,1.9674505869437995,4.110256759070202,3.8828958330607213,False
5,9,-265.67673277456936,0.00022114673419082465,2.2733699223767667,,,True
6,0,-265.67695392130355,0.0,2.445334169213695,,,True
6,1,-269.63602022139264,-3.9590663000890913,2.0644229041318973,3.5365090292996397,3.1767690802227757,False
6,2,-269.99132688929205,-4.314372967988504,1.973612884255929,1.9694412783144513,1.5083207647928154,False
6,3,-269.73425066955656,-4.057296748253009,1.9547417746736764,1.9596905560652451,1.5062416506406149,False
6,4,-269.4688290229424,-3.791875101638823,1.9404202582584749,1.9428332540372668,1.548901099158423,False
6,5,-269.40359694744143,-3.7266430261378787,1.9309149713660616,1.9301456855450603,1.6690589809498229,False
6,6,-269.5287887805209,-3.8518348592173766,1.9199622359106905,1.9120063654674924,1.6349578593905827,False
6,7,-269.82874437424533,-4.151790452941782,1.8968327959683997,1.889070299191622,1.4724398488256263,False
6,8,-269.6677123439214,-3.99075842261783,1.901394225707597,3.588934483298141,3.4136863513748703,False
6,9,-265.67673277456936,0.00022114673419082465,2.2733699223767667,,,True
7,0,-265.67695392130355,0.0,2.445334169213695,,,True
7,1,-270.056125077631,-4.379171156327459,2.0109644975676537,2.9147877427751436,2.608498073687235,False
7,2,-270.6403676271651,-4.963413705861569,1.8783473069861236,1.8490133410471552,1.3948252285136948,False
7,3,-270.38510913822284,-4.708155216919295,1.8593794653490576,1.863908519956951,1.3941307181906817,False
7,4,-270.12961552195065,-4.4526616006471045,1.8453573957154263,1.847520865409698,1.3947923491930543,False
7,5,-270.0677402053864,-4.390786284082822,1.8357148653090887,1.8350399446395649,1.483238284464825,False
7,6,-270.18564057925994,-4.508686657956389,1.825101438615722,1.8179349520088797,1.4604372970434414,False
7,7,-270.47777337054066,-4.80081944923711,1.8029853617876337,1.8030659191595877,1.3521857786542775,False
7,8,-270.1007109370867,-4.423757015783167,1.8390566482985267,2.981448082134255,2.8554929693519755,False
7,9,-265.67673277456936,0.00022114673419082465,2.2733699223767667,,,True
8,0,-265.67695392130355,0.0,2.445334169213695,,,True
8,1,-270.41242532554844,-4.73547140424489,1.9625028062313712,2.2876252540986304,2.030894893455574,False
8,2,-271.25816660269527,-5.581212681391719,1.776455722031267,1.710283286608143,1.2828325320497787,False
8,3,-271.0042219492175,-5.327268027913931,1.757129671117504,1.761274122559396,1.276729510684625,False
8,4,-270.75718377445736,-5.08022985315381,1.7434242020769442,1.7453601546463842,1.273696338441657,False
8,5,-270.697460887593,-5.020506966289474,1.7336323517628358,1.7330605437523496,1.3112093915274152,False
8,6,-270.8085799454907,-5.131626024187142,1.7233243423359526,1.716886709000092,1.2972585874765,False
8,7,-271.0953097355463,-5.418355814242773,1.702165815251412,1.713940822397412,1.463283620085177,False
8,8,-270.468376393604,-4.7914224723004395,1.7811405335124375,2.3628492468213804,2.280439672676406,False
8,9,-265.67673277456936,0.00022114673419082465,2.2733699223767667,,,True
9,0,-265.67695392130355,0.0,2.445334169213695,,,True
9,1,-270.71241077619743,-5.03545685489388,1.9190920401705718,1.7040978774850382,1.490676346654406,False
9,2,-271.8408769157546,-6.16392299445107,1.6676661274426896,1.9033155910446318,1.5019015213126488,False
9,3,-271.5886751191975,-5.9117211978939395,1.6473602534447804,1.6511485243076645,1.1543922086176672,False
9,4,-271.3488164525623,-5.671862531258739,1.6339994603641184,1.6357248936834319,1.1511480722347085,False
9,5,-271.29025854221743,-5.61330462091388,1.6240510201421376,1.623585853026661,1.1517954699539328,False
9,6,-271.3950237519053,-5.718069830601735,1.6140129285709934,1.6082509367902103,1.1446419787719748,False
9,7,-271.67782280826776,-6.000868886964213,1.5938780847307152,1.9702210177082224,1.7551853507762314,False
9,8,-270.7782385424333,-5.101284621129764,1.7279845264463218,1.7805136640321668,1.7335672130669018,False
9,9,-265.67673277456936,0.00022114673419082465,2.2733699223767667,,,True
10,0,-265.67695392130355,0.0,2.445334169213695,,,True
10,1,-270.9641011529488,-5.2871472316452355,1.880526413471483,1.187791494916478,1.010037268057086,False
10,2,-272.38456396443394,-6.707610043130387,1.551796190154227,2.058234733525812,1.652301955688351,False
10,3,-272.135531743014,-6.458577821710435,1.5293594408930542,1.5328136351524972,1.02758015004895,False
10,4,-271.9017591165939,-6.224805195290344,1.5163836625170357,1.517911190321139,1.0243088005798244,False
10,5,-271.8435657237425,-6.166611802438922,1.506279715598602,1.5059200699899338,1.0232408013506429,False
10,6,-271.9423467001638,-6.265392778860246,1.4964828962822991,1.4913493615798128,1.0103268427308747,False
10,7,-272.2214716457387,-6.5445177244351385,1.4777321681855176,2.1482724711594927,1.9610095021705443,False
10,8,-271.03839276567555,-5.361438844372003,1.6796689101060758,1.2597402693419297,1.2383440475661465,False
10,9,-265.67673277456936,0.00022114673419082465,2.2733699223767667,,,True
11,0,-265.67695392130355,0.0,2.445334169213695,,,True
11,1,-271.17523010040367,-5.498276179100117,1.8464425442299766,0.7487316010996139,0.5968709761441504,False
11,2,-272.88575925227656,-7.208805330973007,1.4287665701853554,2.132625413353401,1.7235104975014228,False
11,3,-272.64197698283704,-6.965023061533486,1.4023503528131724,1.4054863484856337,0.9390201683228204,False
11,4,-272.41336918958996,-6.736415268286407,1.3898122068341008,1.391150463623254,0.9396065494759152,False
11,5,-272.35490001319033,-6.677946091886781,1.3795654979535439,1.3793061670910787,0.9392383053857746,False
11,6,-272.44803042976747,-6.771076508463921,1.3699986007432814,1.3654514281198218,0.9389155425123575,False
11,7,-272.7227110432502,-7.045757121946622,1.3534685862708487,2.2398995257917713,2.076732937945661,False
11,8,-271.25672999789765,-5.579776076594101,1.6360922294619449,0.8138992533923503,0.8050703862137087,False
11,9,-265.67673277456936,0.00022114673419082465,2.2733699223767667,,,True
12,0,-265.67695392130355,0.0,2.445334169213695,,,True
12,1,-271.3528244851984,-5.675870563894875,1.8163959414370032,0.4133971545250756,0.3056695790044144,False
12,2,-273.34196741891003,-7.6650134976064805,1.2986255388719539,2.1235061784773097,1.71405569967301,False
12,3,-273.1054608157375,-7.428506894433951,1.2655406332801629,1.2683677589095688,0.9080940630482913,False
12,4,-272.8812602628053,-7.204306341501763,1.253504381331572,1.2546581845299154,0.9086346686329291,False
12,5,-272.82201001105125,-7.145056089747698,1.2431430290793333,1.2429752474572024,0.9084475210579187,False
12,6,-272.9098088447215,-7.23285492341796,1.2338259640547617,1.2298274808952496,0.9081812050583132,False
12,7,-273.1787850638453,-7.501831142541732,1.2210095553155893,2.243827013311611,2.103049836837356,False
12,8,-271.440500589062,-5.763546667758476,1.5970391948498464,0.5642404707749117,0.4699243653159518,False
12,9,-265.67673277456936,0.00022114673419082465,2.2733699223767667,,,True
13,0,-265.67695392130355,0.0,2.445334169213695,,,True
13,1,-271.50304551475887,-5.826091593455317,1.7899137907164775,0.2898947426525341,0.2225655668359709,False
13,2,-273.7520917099582,-8.075137788654672,1.1615979663121307,2.0372359583592745,1.6303080944151793,False
13,3,-273.5238960337126,-7.846942112409067,1.1182394851694895,1.120759489368,0.8745689446768673,False
13,4,-273.3034950744447,-7.626541153141147,1.1067814056471443,1.1077515950320969,0.8750658587832635,False
13,5,-273.24306693414974,-7.566113012846188,1.096354725940523,1.0962666730902408,0.8750484200361978,False
13,6,-273.32586180312455,-7.648907881821003,1.0873591709680481,1.083875639884689,0.8748344072470092,False
13,7,-273.5881401619683,-7.911186240664733,1.0805616789699224,2.1653319247464435,2.0458037579060013,False
13,8,-271.59611269505126,-5.919158773747711,1.5622353453000277,0.48164290606643634,0.3911182605814137,False
13,9,-265.67673277456936,0.00022114673419082465,2.2733699223767667,,,True
14,0,-265.67695392130355,0.0,2.445334169213695,,,True
14,1,-271.6311838439756,-5.954229922672027,1.7665290552883608,0.2648331900245258,0.2484836782428535,False
14,2,-274.11675060378116,-8.439796682477606,1.0181830275935175,1.8876094477424723,1.4849903017150194,False
14,3,-273.89596299770477,-8.219009076401221,1.0176657985415372,0.9623149324339726,0.8379354445327301,False
14,4,-273.67887310610246,-8.001919184798908,0.9493231601124402,0.9501058908894479,0.8383883461181434,False
14,5,-273.6169459663803,-7.939992045076735,0.9389129400261401,0.9388902228498874,0.838526916179148,False
14,6,-273.6951019118541,-8.018147990550574,0.9303948913960349,0.9273962805550572,0.8383625313468603,False
14,7,-273.9507629185025,-8.273808997198955,0.9987537169001136,2.0155342427060057,1.9156382626777753,False
14,8,-271.7290778552375,-6.052123933933956,1.531387642884014,0.39822659084098283,0.3140215736597389,False
14,9,-265.67673277456936,0.00022114673419082465,2.2733699223767667,,,True
15,0,-265.67695392130355,0.0,2.445334169213695,,,True
15,1,-271.7417317205253,-6.064777799221758,1.7458011395772535,0.41503044317459636,0.4116663158139793,False
15,2,-274.4384463383792,-8.761492417075658,0.979627426741711,1.693717147280094,1.295357062614737,False
15,3,-274.2215489798609,-8.544595058557377,0.9799959921705759,0.8855079457279798,0.7976270388402389,False
15,4,-274.0073345434507,-8.330380622147175,0.8607724949990725,0.8626554185846685,0.7980325140255794,False
15,5,-273.94361763674084,-8.26666371543729,0.8624915852443715,0.8625275184772345,0.7983099578893005,False
15,6,-274.01757507425384,-8.340621152950291,0.863362656101844,0.8612111372208597,0.7981936261213756,False
15,7,-274.2684116530032,-8.591457731699677,0.9336911313173806,1.8103956411357973,1.7271307018012663,False
15,8,-271.84403936315255,-6.167085441848997,1.5042116576745064,0.4181642829012599,0.2943376178488286,False
15,9,-265.67673277456936,0.00022114673419082465,2.2733699223767667,,,True
16,0,-265.67695392130355,0.0,2.445334169213695,,,True
16,1,-271.83847877869493,-6.161524857391385,1.727327891137423,0.5299269741917588,0.5224659785987262,False
16,2,-274.7215196176137,-9.044565696310144,1.0167471926466083,1.4774548312402036,1.081016498876982,False
16,3,-274.5022899843712,-8.825336063067653,0.9430180207342413,0.9183868816319384,0.7530609910648237,False
16,4,-274.29044498195435,-8.613491060650802,0.8655488604243653,0.8629460843946162,0.7534117193383949,False
16,5,-274.2246138682041,-8.547659946900524,0.8407767835265723,0.8406947369067022,0.7538059441942923,False
16,6,-274.29493890534854,-8.617984984044995,0.8423785297333121,0.8431274945197381,0.753736523436329,False
16,7,-274.5446707665575,-8.867716845253938,0.8644961436440104,1.5694194628613407,1.4974790930358535,False
16,8,-271.9448393982492,-6.267885476945651,1.4804460537422688,0.5266730805689768,0.423519790704194,False
16,9,-265.67673277456936,0.00022114673419082465,2.2733699223767667,,,True
17,0,-265.67695392130355,0.0,2.445334169213695,,,True
17,1,-271.92459174749456,-6.24763782619101,1.7107534326734477,0.5993169587015162,0.5850199933129049,False
17,2,-274.9718031957276,-9.294849274424053,1.0601881386427245,1.2606358343334778,0.9029663169411231,False
17,3,-274.7420600801922,-9.065106158888625,0.9682277643903789,0.9576443254823406,0.7383857232892995,False
17,4,-274.53181333756015,-8.854859416256602,0.901111688575331,0.8982150286174462,0.7159440240803131,False
17,5,-274.4634260763716,-8.786472155068054,0.8749891508917421,0.8748546833871151,0.7044897682861768,False
17,6,-274.5308728473177,-8.85391892601416,0.8781454750142433,0.8788511010260305,0.7044653776178839,False
17,7,-274.7847175107016,-9.107763589398076,0.8944625486643252,1.3140520476755988,1.2447193448010352,False
17,8,-272.03459461789726,-6.357640696593705,1.4598550281268141,0.589669814242408,0.5017761325101294,False
17,9,-265.67673277456936,0.00022114673419082465,2.2733699223767667,,,True
18,0,-265.67695392130355,0.0,2.445334169213695,,,True
18,1,-272.0026516422814,-6.325697720977871,1.6957755797329253,0.6247887046522619,0.6039552255292382,False
18,2,-275.1959279047203,-9.518973983416743,1.1108188645641086,1.0617312700088746,0.8232931717351992,False
18,3,-274.94711883516175,-9.270164913858196,1.015853815132071,1.0041681431449883,0.7913435150453082,False
18,4,-274.737185986007,-9.060232064703428,0.9436436245498622,0.9403899964280342,0.7220759745201856,False
18,5,-274.6655919880312,-8.988638066727674,0.9161220464080172,0.915937148130717,0.6916512514620495,False
18,6,-274.7311654275607,-9.054211506257161,0.9211016306242416,0.9217524575095662,0.6924019346025776,False
18,7,-274.9947259607784,-9.317772039474846,0.9380810070495614,1.0662231151518116,0.9857658390041936,False
18,8,-272.11576250062126,-6.438808579317708,1.4422208404861974,0.6075866517863836,0.5340244984437178,False
18,9,-265.67673277456936,0.00022114673419082465,2.2733699223767667,,,True
19,0,-265.67695392130355,0.0,2.445334169213695,,,True
19,1,-272.07465217814456,-6.397698256841011,1.6821531808186432,0.6109980927349234,0.5848188178697955,False
19,2,-275.40042236710667,-9.723468445803121,1.169268743057829,1.0689780950508285,0.865543284507449,False
19,3,-275.12562588708784,-9.448671965784285,1.0715397447373294,1.0585068069192658,0.8472021479026767,False
19,4,-274.9139771683872,-9.237023247083641,0.9938945780802445,0.9901968406563817,0.7728049911207808,False
19,5,-274.83824992555896,-9.161296004255405,0.9650162223436124,0.9647845591441793,0.7411936276829705,False
19,6,-274.9032414281853,-9.22628750688176,0.9721218125277035,0.9727039473019833,0.7432190616482989,False
19,7,-275.1810300840459,-9.504076162742365,0.9895832452118831,0.9203539233361296,0.7348553813150337,False
19,8,-272.1902023691348,-6.513248447831245,1.4273308122643136,0.5856893837913335,0.5263731624139253,False
19,9,-265.67673277456936,0.00022114673419082465,2.2733699223767667,,,True
20,0,-265.67695392130355,0.0,2.445334169213695,,,True
20,1,-272.1420028435801,-6.465048922276537,1.6697081298687424,0.5642569731020279,0.5341821851015802,False
20,2,-275.59098723857323,-9.914033317269684,1.2357384810871361,1.1395371566915729,0.9263969141461597,False
20,3,-275.28652303103826,-9.609569109734707,1.1353372424249977,1.1206133334832127,0.9059326318929888,False
20,4,-275.07027509487784,-9.393321173574293,1.0521491075155478,1.0478903703633513,0.8259819226042285,False
20,5,-274.9892094767098,-9.312255555406239,1.0220910723839358,1.0218173314311765,0.7935056649374641,False
20,6,-275.05516549077504,-9.378211569471489,1.0316391226398511,1.032134126298603,0.7975280693596166,False
20,7,-275.349405713631,-9.672451792327422,1.0494742372706112,0.9875087811461799,0.7555188697187918,False
20,8,-272.2592555077193,-6.582301586415724,1.4149617393806784,0.5315402377956875,0.48613483858770357,False
20,9,-265.67673277456936,0.00022114673419082465,2.2733699223767667,,,True
21,0,-265.67695392130355,0.0,2.445334169213695,,,True
21,1,-272.20557708132515,-6.528623160021596,1.6583160727952815,0.4920092811415506,0.4594929533530102,False
21,2,-275.7722560007106,-10.095302079407077,1.309871002289937,1.216934252417005,0.9928063515511278,False
21,3,-275.4382140208062,-9.761260099502636,1.2065685131805124,1.1896846127081953,0.9675685704751816,False
21,4,-275.2137357924704,-9.536781871166852,1.11803227915337,1.1130631498165173,0.8816709758796443,False
21,5,-275.1259417512721,-9.44898782996853,1.0871254319331707,1.0868141874799433,0.8486632265572915,False
21,6,-275.19452991863034,-9.517575997326787,1.0994091161845403,1.0997905529824792,0.8554223814040778,False
21,7,-275.5048327354731,-9.827878814169537,1.117641437811912,1.0628515355759922,0.8147668892944461,False
21,8,-272.32385455360645,-6.646900632302902,1.40486096026096,0.45401632982460216,0.4215696610227209,False
21,9,-265.67673277456936,0.00022114673419082465,2.2733699223767667,,,True
22,0,-265.67695392130355,0.0,2.445334169213695,,,True
22,1,-272.2658022290457,-6.588848307742126,1.6478865162565435,0.40244269675270355,0.36878486894991347,False
22,2,-275.9481024105751,-10.271148489271525,1.3905567504950482,1.297532682820216,1.063762415257058,False
22,3,-275.58764731889005,-9.910693397586499,1.283797768848785,1.2641429843332601,1.0321774389244223,False
22,4,-275.35090212780335,-9.673948206499801,1.1904401133415612,1.1845825622484705,0.9401401578241744,False
22,5,-275.25499931966476,-9.578045398361212,1.1591314710254106,1.1587858720890138,0.9068967592255669,False
22,6,-275.32776500650687,-9.650811085203316,1.1743647005657278,1.1745937142979683,0.9170634150061604,False
22,7,-275.6518052111969,-9.974851289893365,1.1931743672127932,1.1438721683713835,0.876681414635995,False
22,8,-272.38463296703844,-6.707679045734892,1.3967259465047495,0.3626475468816353,0.3414901597707395,False
22,9,-265.67673277456936,0.00022114673419082465,2.2733699223767667,,,True
23,0,-265.67695392130355,0.0,2.445334169213695,,,True
23,1,-272.3227640328379,-6.645810111534331,1.6383395204693312,0.30413239366025185,0.27028931199286466,False
23,2,-276.1222201190578,-10.445266197754222,1.4750514361239069,1.375528422757006,1.1356116656065658,False
23,3,-275.74015049094953,-10.063196569645982,1.3647000568870926,1.3415285069831804,1.099255510417687,False
23,4,-275.48722833902787,-9.810274417724315,1.2675980205742294,1.260659315988648,1.0017381673296335,False
23,5,-275.382108259688,-9.705154338384432,1.2363737912671673,1.2359946954511438,0.9685545550150784,False
23,6,-275.4601656858598,-9.783211764556256,1.2546139792570257,1.2546353979254738,0.9826141893087119,False
23,7,-275.7949288636744,-10.117974942370836,1.2742999779612583,1.2266253847900026,0.9399612098369895,False
23,8,-272.4419937571299,-6.7650398358263715,1.3901914595975202,0.3305182655509619,0.26397125208947314,False
23,9,-265.67673277456936,0.00022114673419082465,2.2733699223767667,,,True
24,0,-265.67695392130355,0.0,2.445334169213695,,,True
24,1,-272.3763106261956,-6.699356704892068,1.6295872092933195,0.26482306331684835,0.20732706750828914,False
24,2,-276.2984066876383,-10.621452766334755,1.5558714396819275,1.4400266512086166,1.1983311644480528,False
24,3,-275.89980529920797,-10.22285137790442,1.4448259052077848,1.417310483513172,1.1656429316782422,False
24,4,-275.6275862873278,-9.950632366024251,1.346897522773929,1.338694960001039,1.066037108805729,False
24,5,-275.5126721950636,-9.835718273760051,1.3163789586597834,1.3159651726195847,1.0335635940476469,False
24,6,-275.59643417585846,-9.919480254554912,1.3374116737363921,1.3371531818079687,1.0516569669259026,False
24,7,-275.93935047967386,-10.262396558370313,1.358346213783087,1.3054433533837129,1.0021312176629402,False
24,8,-272.4961263235571,-6.819172402253571,1.3848350850879918,0.3469129098328123,0.27413281802172607,False
24,9,-265.67673277456936,0.00022114673419082465,2.2733699223767667,,,True
25,0,-265.67695392130355,0.0,2.445334169213695,,,True
25,1,-272.42616167245717,-6.7492077511536195,1.6215249513744947,0.22547151584430042,0.1832602828365353,False
25,2,-276.4797509196013,-10.802796998297765,1.6138931183936942,1.4693620396708504,1.2299079081024629,False
25,3,-276.0696141363189,-10.392660215015326,1.5132915202906065,1.4806781526769217,1.2208245259203723,False
25,4,-275.77659869812385,-10.099644776820298,1.4233047089320114,1.4136987281810884,1.1293073577892845,False
25,5,-275.6520342268888,-9.975080305585266,1.3951055198861764,1.3946556097158442,1.0996462583969975,False
25,6,-275.7411119784149,-10.064158057111342,1.418211079738967,1.417587970076257,1.1212971115344215,False
25,7,-276.090549703754,-10.413595782450443,1.44104885119351,1.3722421808907745,1.0579939906440343,False
25,8,-272.54700482957094,-6.8700509082673875,1.3802049459051862,0.3410074097759591,0.26730343960049885,False
25,9,-265.67673277456936,0.00022114673419082465,2.2733699223767667,,,True
26,0,-265.67695392130355,0.0,2.445334169213695,,,True
26,1,-272.4720357841216,-6.795081862818051,1.6140314344566684,0.17559722813917183,0.14900353966783933,False
26,2,-276.6661981413406,-10.989244220037051,1.6115437922091842,1.4272971263519705,1.1944696741434015,False
26,3,-276.25056707925603,-10.57361315795248,1.5450339775737572,1.5070020913807998,1.2407535768982472,False
26,4,-275.9380900505969,-10.261136129293334,1.4845053317261103,1.4734433332879167,1.1795003330048484,False
26,5,-275.80488024868896,-10.12792632738541,1.4635189723143462,1.4630345911045302,1.1582837549059302,False
26,6,-275.89822219272094,-10.221268271417387,1.4869390227166133,1.4858655679725257,1.1818748502078693,False
26,7,-276.2532288511286,-10.576274929825047,1.5135707929798405,1.4142871867124387,1.0964697280628932,False
26,8,-272.5944280562476,-6.91747413494403,1.375861893015948,0.31455085346070905,0.24513482486068525,False
26,9,-265.67673277456936,0.00022114673419082465,2.2733699223767667,,,True
27,0,-265.67695392130355,0.0,2.445334169213695,,,True
27,1,-272.51379515432444,-6.836841233020891,1.6069721912970998,0.12058634945146458,0.10789712277480222,False
27,2,-276.8514328559851,-11.174478934681531,1.500801961669757,1.2742717404065511,1.056367849215161,False
27,3,-276.4394055853983,-10.762451664094726,1.4976600876730497,1.4549659354047597,1.1884686336528933,False
27,4,-276.1133362667033,-10.43638234539975,1.5037088851473441,1.4912996164423367,1.1909624596659913,False
27,5,-275.9736075608298,-10.296653639526255,1.5008634316236722,1.5003531227623654,1.1890426781867398,False
27,6,-276.069779732165,-10.392825810861439,1.5209350915036635,1.5193424173593955,1.2110927034197936,False
27,7,-276.42939051211215,-10.7524365908086,1.5564417512152073,1.4101977938290267,1.096735810821737,False
27,8,-272.63814216122427,-6.961188239920716,1.3714199255380424,0.27106764422391716,0.21046541937184277,False
27,9,-265.67673277456936,0.00022114673419082465,2.2733699223767667,,,True
28,0,-265.67695392130355,0.0,2.445334169213695,,,True
28,1,-272.55157554721393,-6.874621625910379,1.6002009169318043,0.10691441110438545,0.10523652664543885,False
28,2,-277.0224587891705,-11.345504867866964,1.251591117432541,0.9948162373051014,0.8085530967906525,False
28,3,-276.6266993342514,-10.949745412947834,1.3265298511869879,1.2816661118677097,1.0313339874435237,False
28,4,-276.2986431775096,-10.621689256206025,1.439002818255439,1.425635607630527,1.127270958391734,False
28,5,-276.156084715711,-10.479130794407467,1.470175832164282,1.469657460449559,1.158227971498566,False
28,6,-276.25345675375195,-10.576502832448398,1.4810052319615779,1.4788667195078196,1.1733283159755872,False
28,7,-276.6161339302994,-10.939180008995834,1.535723799531403,1.3292723504652009,1.0293956019562476,False
28,8,-272.6780236946345,-7.001069773330926,1.3665678877945402,0.21522870227796329,0.16681829860362749,False
28,9,-265.67673277456936,0.00022114673419082465,2.2733699223767667,,,True
29,0,-265.67695392130355,0.0,2.445334169213695,,,True
29,1,-272.5858511173944,-6.908897196090834,1.5935568228014878,0.13560016491571655,0.13303108091695084,False
29,2,-277.1642930465771,-11.487339125273536,0.8680811909087677,0.6082164982946487,0.48273592227095485,False
29,3,-276.79804322562444,-11.12108930432089,1.0090791577262408,0.9662100964770299,0.7624466994680433,False
29,4,-276.4839290709948,-10.806975149691255,1.2486225439664902,1.235073867839234,0.9578479217346163,False
29,5,-276.3439233646309,-10.666969443327332,1.3268887008469203,1.326389571067829,1.0301364370972346,False
29,6,-276.44065171249343,-10.763697791189884,1.3220541366404506,1.3194180079790239,1.032726585628575,False
29,7,-276.8043371614126,-11.127383240109054,1.4121727363415246,1.1426870769224453,0.8695042177154081,False
29,8,-272.71423853046076,-7.037284609157211,1.3610630265696837,0.15216711466050004,0.11781281750057107,False
29,9,-265.67673277456936,0.00022114673419082465,2.2733699223767667,,,True
30,0,-265.67695392130355,0.0,2.445334169213695,,,True
30,1,-272.61741835996236,-6.9404644386588075,1.586858683884268,0.1501027899959858,0.14521998809238276,False
30,2,-277.26629050945417,-11.589336588150616,0.37624617745761957,0.38162256399072586,0.35474461850341454,False
30,3,-276.9386665243142,-11.261712603010665,0.632026765048919,0.5850879663953704,0.4752295616496663,False
30,4,-276.65406417209863,-10.977110250795079,0.9095230508271182,0.8969218269975918,0.6740264673712858,False
30,5,-276.5227464338759,-10.845792512572359,1.0376135092411995,1.0371697626593728,0.7845294058879013,False
30,6,-276.61676220410635,-10.939808282802801,1.0127991542818202,1.0098177940487352,0.7712409045836291,False
30,7,-276.97968461787275,-11.3027306965692,1.1604862464806767,0.8411774401225757,0.6150189053528796,False
30,8,-272.74730850765684,-7.0703545863532895,1.3546991860313315,0.08752166371717662,0.0667385087887616,False
30,9,-265.67673277456936,0.00022114673419082465,2.2733699223767667,,,True
31,0,-265.67695392130355,0.0,2.445334169213695,,,True
31,1,-272.6473557320195,-6.970401810715941,1.5798942233060242,0.1510752854036514,0.14373929710031375,False
31,2,-277.3264907907544,-11.649536869450856,0.4410752382889108,0.5105486091642818,0.4128300440097035,False
31,3,-277.0386475345586,-11.361693613255056,0.6273181443597673,0.5910601490248721,0.4671004590215007,False
31,4,-276.7927014427331,-11.115747521429569,0.5420762420775265,0.5798009442929103,0.4523978536368553,False
31,5,-276.6748291519383,-10.997875230634747,0.5873986784812812,0.5870555560958475,0.4232686123921287,False
31,6,-276.76404621186265,-11.087092290559099,0.5406912341499771,0.5376364465036951,0.3931887524382201,False
31,7,-277.12607515086825,-11.449121229564696,0.7761694376634254,0.4383755846633069,0.330697552663769,False
31,8,-272.77811192425605,-7.101158002952502,1.34726190424945,0.06336395617995112,0.05315319429396788,False
31,9,-265.67673277456936,0.00022114673419082465,2.2733699223767667,,,True
32,0,-265.67695392130355,0.0,2.445334169213695,,,True
32,1,-272.6770396413372,-7.000085720033667,1.5724270495054333,0.14057929314425774,0.13098282942633732,False
32,2,-277.3541417915111,-11.677187870207547,0.910949454991846,0.9390521511354434,0.6328259424547048,False
32,3,-277.0978438153087,-11.420889894005143,0.8370270174729956,0.8674786426362625,0.5633937676743332,False
32,4,-276.88674512985347,-11.209791208549916,0.5449603585343961,0.519284015099512,0.4062539434265243,False
32,5,-276.78282716504907,-11.10587324374552,0.5123911709916528,0.5108314233413054,0.4069117094160472,False
32,6,-276.86559440590224,-11.188640484598693,0.45534711277787926,0.4646750046202062,0.36340203886371586,False
32,7,-277.2297323663282,-11.552778445024671,0.36474277625165014,0.2907384506264508,0.26237198687067487,False
32,8,-272.80793277650594,-7.130978855202386,1.3385450313592537,0.06957391742363606,0.05823821954253465,False
32,9,-265.67673277456936,0.00022114673419082465,2.2733699223767667,,,True
33,0,-265.67695392130355,0.0,2.445334169213695,,,True
33,1,-272.7079337307657,-7.030979809462167,1.5642479156463713,0.13747396786850685,0.10962787898866266,False
33,2,-277.3689169310421,-11.691963009738572,1.335348953821379,1.2917733584614106,0.8263184660810127,False
33,3,-277.1309696922913,-11.454015770987723,1.3954902915652916,1.4177106821253393,0.9143428100542821,False
33,4,-276.93363885689377,-11.256684935590215,1.0670400463559597,1.0798557124409738,0.6913472621074922,False
33,5,-276.8368989532951,-11.159945031991526,0.9222108848768485,0.9225015198702712,0.5826971829310852,False
33,6,-276.91299362154723,-11.23603970024368,0.9944795415434744,0.9999683070670002,0.6417602919706604,False
33,7,-277.2841289816877,-11.607175060384122,0.5744066679462818,0.7259470404212139,0.4889220235480985,False
33,8,-272.8382616427532,-7.161307721449646,1.3284111593495422,0.10504411364340573,0.07151610776170912,False
33,9,-265.67673277456936,0.00022114673419082465,2.2733699223767667,,,True
34,0,-265.67695392130355,0.0,2.445334169213695,,,True
34,1,-272.74102708088,-7.064073159576424,1.5553121074341938,0.1405847436247422,0.10985618109461592,False
34,2,-277.3924847813628,-11.715530860059232,1.597275880357565,1.506546502263646,0.988460429317211,False
34,3,-277.16396540559464,-11.487011484291088,1.7956660580925328,1.80962334658395,1.2031462057257198,False
34,4,-276.94847283630827,-11.27151891500472,1.6921771493546114,1.7005639183763746,1.1626897741963884,False
34,5,-276.8449721606879,-11.168018239384367,1.6311714551750764,1.631110486419041,1.126440125170885,False
34,6,-276.91680670939166,-11.239852788088115,1.7030511384798692,1.707858642785084,1.1842886455173376,False
34,7,-277.2949299811776,-11.617976059874024,1.157703511923745,1.2251382394462866,0.8558238242214862,False
34,8,-272.870238417853,-7.193284496549438,1.316975598273803,0.1463895241273589,0.1047085330081115,False
34,9,-265.67673277456936,0.00022114673419082465,2.2733699223767667,,,True
35,0,-265.67695392130355,0.0,2.445334169213695,,,True
35,1,-272.7556964906522,-7.0787425693486625,1.551963910063753,0.08230532845674811,0.06720690538254258,False
35,2,-277.5341974834819,-11.857243562178326,0.6151376209998325,0.6792405982918365,0.49285926453180307,False
35,3,-277.3438550459324,-11.66690112462885,0.5846925667052307,0.5824773330032015,0.4518972417480954,False
35,4,-277.1130239613775,-11.436070040073957,0.5669549103790972,0.571334261901599,0.4841830203197537,False
35,5,-276.99879066608696,-11.321836744783411,0.5564012061230537,0.5563944789757861,0.453743354533235,False
35,6,-277.07713292187657,-11.400179000573019,0.5557249162224585,0.5579792295378928,0.42730919309505017,False
35,7,-277.3946005018288,-11.71764658052524,0.4574351051373798,0.6141269493116662,0.3955848734297889,False
35,8,-272.8831815531436,-7.206227631840022,1.3119871652332993,0.08377294061860657,0.06119162745006193,False
35,9,-265.67673277456936,0.00022114673419082465,2.2733699223767667,,,True
36,0,-265.67695392130355,0.0,2.445334169213695,,,True
36,1,-272.77558934969034,-7.098635428386785,1.5476438592569957,0.05422519990083455,0.04249927210626703,False
36,2,-277.5925746458414,-11.91562072453786,0.3891947034970671,0.23768132132337408,0.23451708435450264,False
36,3,-277.4215899883013,-11.74463606699777,0.5696286530397169,0.5018304262645458,0.4686470646668285,False
36,4,-277.190234823439,-11.513280902135477,0.5293190588462173,0.5188798172375081,0.4819637304546566,False
36,5,-277.0716811706226,-11.394727249319033,0.487974643390519,0.4842778129409328,0.44497465898326277,False
36,6,-277.1451350767986,-11.468181155495074,0.42217547753199774,0.4173727805008688,0.3795497825546556,False
36,7,-277.44318806443147,-11.766234143127917,0.3602702227493126,0.21638561150263827,0.21272032348261521,False
36,8,-272.90041624414016,-7.22346232283661,1.3061534962919452,0.054369054808293925,0.05281592096926914,False
36,9,-265.67673277456936,0.00022114673419082465,2.2733699223767667,,,True
37,0,-265.67695392130355,0.0,2.445334169213695,,,True
37,1,-272.80259990344496,-7.125645982141407,1.5420657166857712,0.0279498509135989,0.024758239677793024,False
37,2,-277.60628515888425,-11.929331237580698,0.7962017419438594,0.5359611918356832,0.47249459756344103,False
37,3,-277.4814732765898,-11.804519355286232,0.7439203858983053,0.7572589800593273,0.6488249373844759,False
37,4,-277.250874293789,-11.573920372485475,0.7101866016034658,0.7177749824406697,0.5989390307539684,False
37,5,-277.1273166537641,-11.450362732460576,0.6854092041111409,0.6851814716580472,0.589288677218099,False
37,6,-277.19214577499815,-11.515191853694603,0.7056392001984235,0.7093503796487943,0.6238463063328726,False
37,7,-277.4584304107419,-11.781476489438376,0.7478362329652671,0.3548685388649498,0.3142211999867971,False
37,8,-272.92367134854703,-7.246717427243482,1.2996229038026246,0.04832745050706721,0.0467697665039963,False
37,9,-265.67673277456936,0.00022114673419082465,2.2733699223767667,,,True
38,0,-265.67695392130355,0.0,2.445334169213695,,,True
38,1,-272.8348822442797,-7.157928322976147,1.5355593899674913,0.055228371827565785,0.046579928761513345,False
38,2,-277.6207475891562,-11.943793667852674,0.9850428545460818,0.705646175992897,0.5797347570973107,False
38,3,-277.5762348577399,-11.899280936436355,0.8275219718779133,0.8404742544508823,0.7079231992451598,False
38,4,-277.341450249295,-11.664496327991458,0.7984166825563167,0.8057448399029808,0.6715331916840623,False
38,5,-277.2090113771195,-11.53205745581596,0.7718772587631041,0.7713629915683057,0.6670363350363725,False
38,6,-277.26516193821396,-11.588208016910414,0.78637226527513,0.7884074453742429,0.6954042703003667,False
38,7,-277.4706629567378,-11.793709035434233,0.9246284788105104,0.5341836417029541,0.44609748086140916,False
38,8,-272.9515069314954,-7.274553010191823,1.2931305317521762,0.06528392062930291,0.04770507453129096,False
38,9,-265.67673277456936,0.00022114673419082465,2.2733699223767667,,,True
39,0,-265.67695392130355,0.0,2.445334169213695,,,True
39,1,-272.8684477615849,-7.191493840281339,1.5287302108394898,0.061848804827974835,0.056882516219567074,False
39,2,-277.6507145198996,-11.973760598596073,0.9839316648250955,0.6727753130163474,0.5252568691999884,False
39,3,-277.70535711429966,-12.028403192996109,0.7074145649163847,0.716862709290543,0.6140030945947191,False
39,4,-277.4612899236198,-11.784336002316252,0.6883817071751414,0.6945266358733445,0.582844013357259,False
39,5,-277.31704399936973,-11.64009007806618,0.6618868163517444,0.6610568233141154,0.5836475954067741,False
39,6,-277.3654016209153,-11.688447699611743,0.6791176735789093,0.6761479237247943,0.6011468341428262,False
39,7,-277.49457683029823,-11.817622908994679,0.943696418553323,0.5391673973295661,0.43626313541194184,False
39,8,-272.98047904300756,-7.303525121704013,1.287199901662594,0.06946814406652545,0.0493729203823726,False
39,9,-265.67673277456936,0.00022114673419082465,2.2733699223767667,,,True
40,0,-265.67695392130355,0.0,2.445334169213695,,,True
40,1,-272.9013718584531,-7.224417937149553,1.5217930170204985,0.0758622933650439,0.07017295342866683,False
40,2,-277.68585755378007,-12.008903632476517,0.8676185184873677,0.5163080722419301,0.3802401041796397,False
40,3,-277.8448214474203,-12.167867526116765,0.6838606607882342,0.69128503683471,0.6440724321878486,False
40,4,-277.5856430909638,-11.90868916966025,0.6367420913662055,0.6118673761390947,0.5495715371091519,False
40,5,-277.4289055376764,-11.751951616372878,0.5799717323052879,0.5644946521496431,0.5022800583894564,False
40,6,-277.47010057345926,-11.793146652155713,0.4812806261814444,0.5083853139170792,0.44783366864907126,False
40,7,-277.5243216348309,-11.847367713527376,0.8618112938158864,0.43180766211969196,0.3390018121523347,False
40,8,-273.0088394658542,-7.33188554455063,1.2816539699771297,0.05737668370381485,0.04631633896633692,False
40,9,-265.67673277456936,0.00022114673419082465,2.2733699223767667,,,True
41,0,-265.67695392130355,0.0,2.445334169213695,,,True
41,1,-272.9340038891373,-7.257049967833723,1.5146041154072425,0.07434609182800184,0.069079996817251,False
41,2,-277.7152764127199,-12.038322491416352,0.6855390804293565,0.29137787181064195,0.1977119258618293,False
41,3,-277.97597838882916,-12.299024467525612,0.7015216729539241,0.6894061555294355,0.6470514867654522,False
41,4,-277.6956816237853,-12.018727702481726,0.6252795005412582,0.5948358528400518,0.5391853395709637,False
41,5,-277.52787054565283,-11.850916624349281,0.5841859709302244,0.564630517936791,0.5110555564633003,False
41,6,-277.56271771253915,-11.885763791235604,0.5030879126249976,0.5216083881307858,0.4670495467308025,False
41,7,-277.55111748786135,-11.874163566557797,0.7118130312708861,0.26212097882245255,0.19567665043877885,False
41,8,-273.0368702150543,-7.359916293750757,1.2760245129741814,0.07170860552309144,0.06399452640151791,False
41,9,-265.67673277456936,0.00022114673419082465,2.2733699223767667,,,True
42,0,-265.67695392130355,0.0,2.445334169213695,,,True
42,1,-272.9674138871485,-7.290459965844946,1.5069442317988888,0.058377997476338046,0.05492410456980386,False
42,2,-277.7344159472689,-12.057462025965322,0.4966276080315441,0.15679806884218214,0.11276181772692127,False
42,3,-278.0942263443601,-12.417272423056545,0.674253426264238,0.6452602564553059,0.6068501702885747,False
42,4,-277.7859411100437,-12.108987188740173,0.567257836498824,0.5323472184160388,0.482887770494417,False
42,5,-277.61077229183627,-11.93381837053272,0.5623169835130367,0.539995159524853,0.4942012631664035,False
42,6,-277.6439610748587,-11.96700715355513,0.5193443290599725,0.5179491414939783,0.4524199471185801,False
42,7,-277.5703974722961,-11.893443550992572,0.5219625793957924,0.10981120121414913,0.09384942607620812,False
42,8,-273.06553325635997,-7.38857933505642,1.2698826730813761,0.0728107913867229,0.06491450597355157,False
42,9,-265.67673277456936,0.00022114673419082465,2.2733699223767667,,,True
43,0,-265.67695392130355,0.0,2.445334169213695,,,True
43,1,-273.00242182447755,-7.325467903174001,1.4987459648066808,0.03642019298643784,0.03166521699405786,False
43,2,-277.74586085929883,-12.06890693799528,0.385828084891928,0.24541964065608457,0.16578701709019583,False
43,3,-278.20564101488173,-12.528687093578185,0.5683130056606596,0.5335747429279034,0.4968907350171094,False
43,4,-277.86199887918656,-12.185044957883008,0.5414804032929936,0.4961524607161204,0.357549605792639,False
43,5,-277.68573360337166,-12.00877968206811,0.4965385122357865,0.4753982706563407,0.4336258727505489,False
43,6,-277.7255813981734,-12.048627476869854,0.5219871071923391,0.5425285185834927,0.4567093893810955,False
43,7,-277.58287464006503,-11.905920718761479,0.40423569985841123,0.171689104884641,0.144001652957047,False
43,8,-273.09557019155466,-7.418616270251107,1.263039355171898,0.05689779795420823,0.04981889575314904,False
43,9,-265.67673277456936,0.00022114673419082465,2.2733699223767667,,,True
44,0,-265.67695392130355,0.0,2.445334169213695,,,True
44,1,-273.03900642278205,-7.362052501478502,1.4901912558218806,0.03610717850529659,0.02603773261353791,False
44,2,-277.7568737997707,-12.079919878467138,0.3662912986128763,0.3537188953666701,0.2296453150893895,False
44,3,-278.30970131373056,-12.632747392427007,0.48944887774041435,0.49225240231534084,0.3458497175731372,False
44,4,-277.92761595766194,-12.250662036358392,0.5402455637879675,0.4723482399869962,0.31696780940566494,False
44,5,-277.7582408464457,-12.081286925142138,0.46912526613711614,0.47085981626702694,0.31281248472027706,False
44,6,-277.81643596082927,-12.139482039525717,0.5024889332109813,0.5446000726315052,0.45589387208694476,False
44,7,-277.5932343330345,-11.916280411730952,0.4018893083736641,0.27511012227374193,0.20538792534265982,False
44,8,-273.1269454926085,-7.449991571304963,1.2556426513218926,0.030187595096907705,0.023933880001469936,False
44,9,-265.67673277456936,0.00022114673419082465,2.2733699223767667,,,True
45,0,-265.67695392130355,0.0,2.445334169213695,,,True
45,1,-273.0771306673528,-7.400176746049226,1.4814696555457874,0.034859982247499574,0.02632628939547529,False
45,2,-277.7723622505955,-12.095408329291956,0.3575028116189044,0.340271652667886,0.21461169260579147,False
45,3,-278.3918514965035,-12.714897575199927,0.36768150147000883,0.36346961027971,0.35204739022480386,False
45,4,-277.97790907397984,-12.300955152676295,0.5374277686080661,0.3574146434730348,0.3128374995595345,False
45,5,-277.82128795234337,-12.144334031039818,0.29883961519763286,0.3001671571334194,0.2072491957441823,False
45,6,-277.9113827800669,-12.234428858763351,0.452731681344719,0.5226719002520585,0.43334622095700753,False
45,7,-277.60585267913666,-11.92889875783311,0.4021965166173091,0.28827453538452147,0.21117543643022396,False
45,8,-273.1595710934576,-7.48261717215405,1.2479401323185688,0.030204782662792015,0.021049530670299785,False
45,9,-265.67673277456936,0.00022114673419082465,2.2733699223767667,,,True
46,0,-265.67695392130355,0.0,2.445334169213695,,,True
46,1,-273.11760676174055,-7.4406528404369965,1.4725353740521983,0.04206012349246755,0.033017655764687105,False
46,2,-277.790165868932,-12.113211947628429,0.36301299315760416,0.2194683731533343,0.14364821036213152,False
46,3,-278.4411671503847,-12.764213229081122,0.6065435012665085,0.49637928231382294,0.366454811554826,False
46,4,-278.01189896945675,-12.334945048153202,0.5450217306409831,0.5651517653735847,0.5441906571556978,False
46,5,-277.8655602496269,-12.188606328323374,0.337399307860993,0.3462790919151746,0.31983336298799003,False
46,6,-277.99986159109073,-12.322907669787185,0.41665151751863977,0.4695954674250562,0.3852333340160982,False
46,7,-277.6207692979216,-11.943815376618033,0.4018210634186168,0.21433249760214476,0.15962645988147267,False
46,8,-273.19409525251115,-7.517141331207597,1.2400216661306813,0.030162678728972502,0.029029243995994908,False
46,9,-265.67673277456936,0.00022114673419082465,2.2733699223767667,,,True
47,0,-265.67695392130355,0.0,2.445334169213695,,,True
47,1,-273.16153096538824,-7.484577044084688,1.4631629691158399,0.04487171758134889,0.03670492145271612,False
47,2,-277.80451706226745,-12.1275631409639,0.4410634278279317,0.12172833689995313,0.10066119746542349,False
47,3,-278.47059012691375,-12.793636205610198,0.8696946358129046,0.6488023926612394,0.5315036704197595,False
47,4,-278.0438170399707,-12.36686311866714,0.6296569252041054,0.6445985699716418,0.6337741093506819,False
47,5,-277.89640949161975,-12.2194555703162,0.5117692679217648,0.518117696263163,0.505611245830081,False
47,6,-278.07880878679185,-12.401854865488303,0.38833016587583,0.3862404027939608,0.3144365373517265,False
47,7,-277.6342751356465,-11.957321214342926,0.43704525637985375,0.09105489437006256,0.07145061174649711,False
47,8,-273.2314525839917,-7.554498662688161,1.2318128250797031,0.04250672673171877,0.041426603111631224,False
47,9,-265.67673277456936,0.00022114673419082465,2.2733699223767667,,,True
48,0,-265.67695392130355,0.0,2.445334169213695,,,True
48,1,-273.20861144757356,-7.53165752627001,1.4532747605527143,0.03603832768368716,0.02959118153969443,False
48,2,-277.8140165552545,-12.137062633950961,0.5485151374803445,0.16955685551585037,0.1257323388008063,False
48,3,-278.50988944452763,-12.83293552322408,0.9686255653406716,0.7008099815771259,0.6142107873010627,False
48,4,-278.0890426500579,-12.412088728754327,0.5449208959192626,0.551286118773773,0.5457250160231145,False
48,5,-277.9321259869003,-12.255172065596753,0.5734385747039802,0.5789281234338457,0.5728575974336618,False
48,6,-278.1513752452237,-12.474421323920126,0.41847544435799144,0.4125789794300054,0.32288763055956177,False
48,7,-277.6441380134788,-11.967184092175273,0.5301199811731694,0.11665435359834626,0.11448385011795006,False
48,8,-273.2714229213927,-7.594469000089134,1.2232899148546161,0.041182733799803854,0.03991866819179312,False
48,9,-265.67673277456936,0.00022114673419082465,2.2733699223767667,,,True
49,0,-265.67695392130355,0.0,2.445334169213695,,,True
49,1,-273.25711262454536,-7.580158703241807,1.4430235762765047,0.028474251338810187,0.01995074705594058,False
49,2,-277.82269042836845,-12.145736507064896,0.6138225424064885,0.26073804413898843,0.1808476585413349,False
49,3,-278.57371987583235,-12.896765954528803,0.8585893299177696,0.6190955914278068,0.5525452014050168,False
49,4,-278.14614645056974,-12.469192529266195,0.5095327501058574,0.37953501194001804,0.34702332760099786,False
49,5,-277.9825430939552,-12.30558917265165,0.49294270229762444,0.4972735319271601,0.4944727931760739,False
49,6,-278.2196200050332,-12.54266608372967,0.44537066911268847,0.37961472211102937,0.343386918002202,False
49,7,-277.65223974747306,-11.975285826169511,0.599585499062146,0.20344839762514627,0.17963297660175914,False
49,8,-273.3125482753049,-7.635594354001341,1.214531352536937,0.031001215822863668,0.02756183591964986,False
49,9,-265.67673277456936,0.00022114673419082465,2.2733699223767667,,,True
50,0,-265.67695392130355,0.0,2.445334169213695,,,True
50,1,-273.3056389375907,-7.628685016287136,1.4325274548044757,0.028213446011307534,0.018974901792988795,False
50,2,-277.83407016208486,-12.157116240781306,0.6123333899077881,0.2657152286024409,0.18814685323873198,False
50,3,-278.65075752352834,-12.973803602224791,0.6219966645520947,0.4957859779921953,0.400188916246291,False
50,4,-278.2040931244395,-12.52713920313596,0.4998212664666252,0.33528718527489676,0.29076246629706837,False
50,5,-278.04034274575827,-12.363388824454717,0.32054137993222315,0.32285745524657766,0.32128892622813343,False
50,6,-278.2836153512836,-12.606661429980022,0.5522630368525197,0.4341930278058292,0.42880293714653,False
50,7,-277.6613920595839,-11.984438138280325,0.618440761635383,0.2303420950207265,0.1907706405247907,False
50,8,-273.3536466142888,-7.6766926929852275,1.20553771984301,0.031739373048965625,0.022669476571178675,False
50,9,-265.67673277456936,0.00022114673419082465,2.2733699223767667,,,True
51,0,-265.67695392130355,0.0,2.445334169213695,,,True
51,1,-273.35402600658483,-7.6770720852812815,1.4217344527824824,0.028581083015814614,0.01934271074038397,False
51,2,-277.84799497125,-12.171041049946439,0.5522259284908688,0.1969752393759636,0.15255743226001653,False
51,3,-278.72404239863044,-13.047088477326895,0.5930095550978929,0.5533825137433346,0.4641133130323955,False
51,4,-278.2555290346245,-12.578575113320937,0.4918718199200541,0.3014900371814996,0.2733357957088743,False
51,5,-278.0939762662417,-12.417022344938175,0.2969142466450344,0.3006797785517163,0.2579520864092647,False
51,6,-278.34344302611646,-12.66648910481291,0.5733349886241039,0.4504501230739821,0.44958814710825407,False
51,7,-277.67226802903417,-11.995314107730621,0.5860567345270614,0.19478343284622088,0.15285567859370758,False
51,8,-273.3945856852005,-7.717631763896975,1.19617674026827,0.03257643425387459,0.023002886432429735,False
51,9,-265.67673277456936,0.00022114673419082465,2.2733699223767667,,,True
52,0,-265.67695392130355,0.0,2.445334169213695,,,True
52,1,-273.402904265057,-7.725950343753425,1.4105223324212999,0.029459214046619754,0.021760353749878877,False
52,2,-277.86206554432965,-12.185111623026103,0.4618544529605006,0.11188642625735762,0.08922635053634706,False
52,3,-278.7863307492484,-13.109376827944857,0.5504947698739585,0.5336704971551428,0.4588179958741296,False
52,4,-278.2996819384399,-12.622728017136353,0.48638177598864174,0.24015296062039576,0.22766085858173926,False
52,5,-278.1390200680266,-12.462066146723032,0.2646109077428929,0.26715554378114836,0.23946333033617678,False
52,6,-278.40013784951697,-12.723183928213416,0.5082252991881662,0.4039970206986037,0.40345734238626474,False
52,7,-277.6835935042034,-12.006639582899822,0.5178856858741424,0.11411391781154324,0.08185578113417938,False
52,8,-273.43591664262897,-7.7589627213254175,1.1863109645542682,0.03340964382002938,0.02336557243073408,False
52,9,-265.67673277456936,0.00022114673419082465,2.2733699223767667,,,True
53,0,-265.67695392130355,0.0,2.445334169213695,,,True
53,1,-273.45297114452933,-7.776017223225779,1.3988433136695893,0.030750353579775038,0.024148956683183533,False
53,2,-277.87462986330723,-12.197675942003684,0.3831979462910263,0.11231816301736243,0.0859849426806472,False
53,3,-278.83774545720314,-13.160791535899591,0.4370070545276856,0.4345307436207084,0.37995016031173334,False
53,4,-278.33894176482954,-12.661987843525992,0.48304058687984663,0.24690607478051246,0.2175978891420953,False
53,5,-278.1775782759363,-12.500624354632748,0.23506156469314018,0.2368351420940025,0.1859201739749727,False
53,6,-278.45504481162226,-12.778090890318708,0.3889287493293898,0.31928486620212165,0.30941825225939745,False
53,7,-277.69402860848993,-12.01707468718638,0.4403927846529249,0.0761697860517421,0.06357195702099899,False
53,8,-273.4782474757907,-7.801293554487131,1.1759445996653424,0.034190403781077884,0.02376524311837938,False
53,9,-265.67673277456936,0.00022114673419082465,2.2733699223767667,,,True
54,0,-265.67695392130355,0.0,2.445334169213695,,,True
54,1,-273.5047463575658,-7.827792436262257,1.3867332925295202,0.032374917973849074,0.02325726479447301,False
54,2,-277.88645674678276,-12.209502825479206,0.38492735063589395,0.1541811343205609,0.11560867965043974,False
54,3,-278.87738763681716,-13.200433715513611,0.283166027148242,0.27246454154466526,0.26043053658394594,False
54,4,-278.3740490064227,-12.697095085119145,0.4809801914172035,0.23534437465250613,0.18284244284224088,False
54,5,-278.21137501558184,-12.534421094278287,0.2161040920688135,0.21565941270296882,0.20448490740780945,False
54,6,-278.50754194719366,-12.830588025890108,0.35895753642425776,0.34546039887857594,0.31545410806147234,False
54,7,-277.7037341874269,-12.026780266123353,0.3811816631920922,0.09038050842811805,0.0715063381942819,False
54,8,-273.5220283678623,-7.845074446558726,1.1652158875505123,0.03492559889547559,0.024221985066893666,False
54,9,-265.67673277456936,0.00022114673419082465,2.2733699223767667,,,True
55,0,-265.67695392130355,0.0,2.445334169213695,,,True
55,1,-273.5588671958991,-7.881913274595547,1.3741978618848774,0.034255561528099124,0.024926467233697444,False
55,2,-277.89959454970995,-12.222640628406396,0.3920277056581021,0.1711716814761532,0.1277579239128874,False
55,3,-278.90248513412314,-13.22553121281959,0.35721104169150875,0.3639342295661987,0.24603124134062274,False
55,4,-278.4033883151294,-12.726434393825855,0.4797031889353138,0.2578059225377284,0.19964625168981975,False
55,5,-278.23873095120484,-12.561777029901293,0.22694721616217897,0.23188556440329589,0.21074462134617955,False
55,6,-278.55424220820476,-12.877288286901205,0.3399510880610988,0.3337709018418543,0.3077301554709756,False
55,7,-277.71425607175695,-12.0373021504534,0.3542721661814196,0.12916272101629755,0.1048813681108671,False
55,8,-273.5678043611548,-7.890850439851249,1.158028979938834,0.0356576114858627,0.02475980572216158,False
55,9,-265.67673277456936,0.00022114673419082465,2.2733699223767667,,,True
56,0,-265.67695392130355,0.0,2.445334169213695,,,True
56,1,-273.61614168986864,-7.939187768565091,1.3611554111522088,0.03631549821615373,0.026958326732512933,False
56,2,-277.91490932529183,-12.23795540398828,0.3949863603832878,0.12913094226133026,0.09297286897385436,False
56,3,-278.9155631780227,-13.238609256719144,0.46859924362567096,0.4757677107290241,0.34193882899180855,False
56,4,-278.4276916367245,-12.75073771542094,0.47976976853244196,0.33197272948561285,0.23681690673485994,False
56,5,-278.25890151171825,-12.5819475904147,0.30171394538189383,0.30254135930367504,0.21102615610772268,False
56,6,-278.5924996479219,-12.915545726618348,0.30139291231906834,0.29851664067429967,0.25653227619577,False
56,7,-277.726963423228,-12.050009501924478,0.35497318573714765,0.12452623101147865,0.10183178811215317,False
56,8,-273.61626574692804,-7.939311825624486,1.17768222667826,0.03646052382947533,0.025410112979573043,False
56,9,-265.67673277456936,0.00022114673419082465,2.2733699223767667,,,True
57,0,-265.67695392130355,0.0,2.445334169213695,,,True
57,1,-273.67687012419816,-7.99991620289461,1.347550921126423,0.038473365930137185,0.028980917536403535,False
57,2,-277.9313016342871,-12.254347712983531,0.42735718081017326,0.081442646575344,0.06382159571320226,False
57,3,-278.9277353434124,-13.250781422108844,0.4703813207523315,0.4773404296545621,0.36355013064532876,False
57,4,-278.4528786190784,-12.775924697774826,0.48240916787089,0.43091015332468496,0.3113898509296459,False
57,5,-278.27679494800554,-12.599841026701995,0.41218008416933277,0.41286417750318316,0.2981567418023941,False
57,6,-278.62476648881346,-12.947812567509914,0.42225610431003663,0.4217967149995752,0.2972623898284154,False
57,7,-277.74172779915466,-12.06477387785111,0.3796194962123651,0.08847159970002336,0.06671413544001567,False
57,8,-273.6676716767381,-7.990717755434559,1.1990848588583505,0.03741785296092222,0.02620367523099303,False
57,9,-265.67673277456936,0.00022114673419082465,2.2733699223767667,,,True
58,0,-265.67695392130355,0.0,2.445334169213695,,,True
58,1,-273.74036279411257,-8.06340887280902,1.354298451932341,0.0406006276620426,0.03099859080739842,False
58,2,-277.9474023160907,-12.270448394787138,0.48736134564215494,0.10130998013776675,0.08055936153168416,False
58,3,-278.9506277714831,-13.273673850179534,0.5036564617867584,0.4994969484364776,0.44906188341280034,False
58,4,-278.48519758548866,-12.808243664185113,0.4882826384787982,0.4379633990802596,0.3241140937091444,False
58,5,-278.2999441246136,-12.622990203310053,0.4388188663594378,0.4393305839072088,0.3250111854512486,False
58,6,-278.65772711167017,-12.98077319036662,0.47688372326969936,0.4797873323992664,0.3473517404867745,False
58,7,-277.75753679722624,-12.080582875922687,0.42100321792765694,0.08728368671016928,0.07123312959960973,False
58,8,-273.72143222418083,-8.04447830287728,1.2219620470844772,0.03855448372376914,0.027133059221860108,False
58,9,-265.67673277456936,0.00022114673419082465,2.2733699223767667,,,True
59,0,-265.67695392130355,0.0,2.445334169213695,,,True
59,1,-273.80535196168603,-8.128398040382478,1.3784804486249973,0.042505102385312216,0.03297942831240522,False
59,2,-277.9628949569991,-12.285941035695544,0.5300752720945707,0.1481244066000391,0.09749430749850596,False
59,3,-278.98551404538466,-13.308560124081112,0.4505409430606372,0.44492897283151045,0.4150940646218254,False
59,4,-278.5243477446616,-12.847393823358061,0.49656605808740234,0.34958952823301215,0.2763925095237703,False
59,5,-278.3307701836945,-12.653816262390933,0.36941008317850027,0.3697600867727069,0.2900931214006332,False
59,6,-278.6959933382801,-13.019039416976568,0.42528737834485847,0.4331377467639277,0.3302553943880129,False
59,7,-277.7738544156853,-12.09690049438177,0.4626952257690576,0.08493350649150307,0.07151227781635919,False
59,8,-273.77645399789407,-8.099500076590516,1.2458585873915275,0.039798168878259536,0.02813103651909992,False
59,9,-265.67673277456936,0.00022114673419082465,2.2733699223767667,,,True
60,0,-265.67695392130355,0.0,2.445334169213695,,,True
60,1,-273.8709899960006,-8.194036074697067,1.4036886972131513,0.043979660349406334,0.034841074145813986,False
60,2,-277.9782566590577,-12.301302737754156,0.5352293755551105,0.17411842263341593,0.1202749461312497,False
60,3,-279.02321775784696,-13.346263836543415,0.3039905709730477,0.2916680480442053,0.2863463877542779,False
60,4,-278.56399332287026,-12.88703940156671,0.5046981153814696,0.2293136755940065,0.1999008080046545,False
60,5,-278.3645271689635,-12.687573247659941,0.23233055022785434,0.23259788978114715,0.20403081497908163,False
60,6,-278.73774173630125,-13.060787814997695,0.30805038200755497,0.29850738529428494,0.2504268889291031,False
60,7,-277.79104938189744,-12.114095460593887,0.4855665130830536,0.11121974770552964,0.07744867033693623,False
60,8,-273.831993440446,-8.155039519142463,1.270509611979868,0.04100127541940005,0.029087389951819746,False
60,9,-265.67673277456936,0.00022114673419082465,2.2733699223767667,,,True
61,0,-265.67695392130355,0.0,2.445334169213695,,,True
61,1,-273.9374482229448,-8.260494301641245,1.430087591193914,0.044873222906086405,0.0364826707505034,False
61,2,-277.9939238475777,-12.316969926274169,0.49737709852377465,0.14576442634282316,0.10627612148799394,False
61,3,-279.05514021183535,-13.3781862905318,0.2555074140991803,0.26129151312087623,0.2575919132100856,False
61,4,-278.5993835684596,-12.922429647156036,0.5105397465763295,0.26732791694625235,0.2339225425689237,False
61,5,-278.39573395222806,-12.718780030924506,0.2557483754044459,0.25436723142135503,0.22281934087584837,False
61,6,-278.77782292406243,-13.100869002758884,0.2922591917709315,0.25049320812728926,0.2038584010067543,False
61,7,-277.80978574549596,-12.132831824192408,0.4780837466282589,0.11212668175631471,0.07771469209857526,False
61,8,-273.8881739394302,-8.211220018126653,1.2960573563240463,0.04199753860933628,0.029885450590284742,False
61,9,-265.67673277456936,0.00022114673419082465,2.2733699223767667,,,True
62,0,-265.67695392130355,0.0,2.445334169213695,,,True
62,1,-274.00538702155814,-8.328433100254585,1.457979533846262,0.04723759040602923,0.03784964496661909,False
62,2,-278.0097830259169,-12.332829104613324,0.42996459343603716,0.12122882441767617,0.0880915231137165,False
62,3,-279.08159631673243,-13.40464239542888,0.28946790376776327,0.2921270258976181,0.2800626580508308,False
62,4,-278.63279971835766,-12.95584579705411,0.5132893123213644,0.27089162331889666,0.23487550315176856,False
62,5,-278.42464583053584,-12.747691909232287,0.2657485246393712,0.2645759448015399,0.22941405872855988,False
62,6,-278.81397546909034,-13.137021547786787,0.25327238676654457,0.2535216264667668,0.22643862051051825,False
62,7,-277.83018642393637,-12.153232502632818,0.4422375345809391,0.0783753250534452,0.05857998820871917,False
62,8,-273.94554367400366,-8.268589752700109,1.3227885815034006,0.04268432230032352,0.03045208151127813,False
62,9,-265.67673277456936,0.00022114673419082465,2.2733699223767667,,,True
63,0,-265.67695392130355,0.0,2.445334169213695,,,True
63,1,-274.0748284142577,-8.397874492954145,1.4872868006102662,0.04930040606988651,0.03892762098248793,False
63,2,-278.0255429398785,-12.348589018574955,0.36199869551296,0.12633445632180146,0.09368200167477955,False
63,3,-279.1089455954849,-13.431991674181347,0.27246700351495134,0.2727443737732214,0.2415356817215407,False
63,4,-278.67063505980025,-12.993681138496697,0.5131418646463831,0.2643328114646718,0.23980070396663947,False
63,5,-278.45626668984585,-12.779312768542297,0.24570631445938432,0.24826796252238748,0.2306481847277332,False
63,6,-278.84865331697324,-13.171699395669691,0.24693432255930803,0.24521965577417865,0.2173416404520693,False
63,7,-277.8517054340007,-12.174751512697128,0.3935091545622946,0.07834799197594237,0.05780206461757467,False
63,8,-274.00412151559544,-8.327167594291893,1.3506532028499234,0.04306420614205583,0.03078308056527767,False
63,9,-265.67673277456936,0.00022114673419082465,2.2733699223767667,,,True
64,0,-265.67695392130355,0.0,2.445334169213695,,,True
64,1,-274.14494863960374,-8.46799471830019,1.5175097101363917,0.050767819377606604,0.039621836199357295,False
64,2,-278.041582522125,-12.364628600821447,0.321090042472672,0.13934063584739237,0.10733055918800954,False
64,3,-279.14160018125415,-13.464646259950598,0.30668958474552815,0.30968311840649576,0.24782037672599525,False
64,4,-278.7164891525143,-13.039535231210778,0.5115234586379589,0.24899951253223404,0.2214866130627943,False
64,5,-278.4942482233069,-12.817294302003347,0.25399500973831973,0.25616330681359034,0.23841002842413012,False
64,6,-278.88509461785293,-13.208140696549378,0.26431911047236567,0.24761355113589126,0.2111711696635538,False
64,7,-277.8738403617595,-12.196886440455955,0.3825350865998688,0.0762952062813282,0.05588767860940421,False
64,8,-274.063218246582,-8.386264325278432,1.3792523176698341,0.043188302575464396,0.03104089875414069,False
64,9,-265.67673277456936,0.00022114673419082465,2.2733699223767667,,,True
65,0,-265.67695392130355,0.0,2.445334169213695,,,True
65,1,-274.21472071648145,-8.537766795177902,1.5479999841319378,0.051394495759484495,0.03972531718886779,False
65,2,-278.0587094122645,-12.381755490960927,0.30401905054936673,0.15318026804047002,0.10655938193439636,False
65,3,-279.1793018377262,-13.50234791642265,0.3125521441269776,0.3161900028491212,0.27249289810696864,False
65,4,-278.76876339758,-13.091809476276467,0.5104800065788271,0.26330639448381776,0.2314629296642546,False
65,5,-278.5378156436745,-12.860861722370942,0.26712194394828526,0.2673150177098351,0.23576205981558626,False
65,6,-278.9240145255319,-13.247060604228352,0.2806155247999883,0.23328782770129525,0.18651901798937323,False
65,7,-277.8965108004544,-12.219556879150844,0.38128637664941234,0.09717771598314749,0.06284022886711126,False
65,8,-274.1219830664702,-8.445029145166643,1.4081345979716642,0.043116859869416865,0.0318304516408241,False
65,9,-265.67673277456936,0.00022114673419082465,2.2733699223767667,,,True
66,0,-265.67695392130355,0.0,2.445334169213695,,,True
66,1,-274.283465795825,-8.606511874521459,1.5781404695146908,0.05088642278548087,0.038978167675989335,False
66,2,-278.07702476813176,-12.400070846828214,0.2834019459986233,0.11462405392240163,0.07534896173691993,False
66,3,-279.2204553935169,-13.543501472213336,0.31987634710019325,0.2979986409605441,0.25111531537377046,False
66,4,-278.8242239004561,-13.147269979152554,0.511724999173084,0.30770127362542055,0.25477193973874135,False
66,5,-278.58431918034387,-12.907365259040319,0.30560805316006157,0.30577231824687745,0.2586700533885877,False
66,6,-278.9648761020137,-13.287922180710154,0.3092339034351379,0.2671026728922593,0.20565233057607746,False
66,7,-277.9196563349308,-12.242702413627228,0.37240610532840607,0.09506359189562968,0.06243550346456794,False
66,8,-274.17987287942674,-8.502918958123189,1.4369991751946942,0.042901205006801585,0.03236147185806901,False
66,9,-265.67673277456936,0.00022114673419082465,2.2733699223767667,,,True
67,0,-265.67695392130355,0.0,2.445334169213695,,,True
67,1,-274.3508626262335,-8.673908704929943,1.6072870356636129,0.04897583181084059,0.037142003564683765,False
67,2,-278.0956750274369,-12.418721106133376,0.27039602060414,0.07987069845297101,0.07123932676987244,False
67,3,-279.26446887716753,-13.58751495586398,0.3499212531780063,0.32066454941246036,0.23505662259131652,False
67,4,-278.8818053285785,-13.20485140727493,0.5156838048830698,0.3453928696111193,0.26831946000338985,False
67,5,-278.6326165446319,-12.955662623328351,0.34234958595250986,0.3424526840863911,0.27037051575513565,False
67,6,-279.0079054918541,-13.330951570550553,0.34220141787930414,0.2932489161028139,0.21961750647748968,False
67,7,-277.94278049776267,-12.26582657645912,0.35729691734743574,0.061530407570819096,0.0490298843282639,False
67,8,-274.23665999593663,-8.559706074633084,1.4656542239653931,0.04339552885468758,0.03260562715690857,False
67,9,-265.67673277456936,0.00022114673419082465,2.2733699223767667,,,True
68,0,-265.67695392130355,0.0,2.445334169213695,,,True
68,1,-274.41673154794603,-8.739777626642478,1.6346846550052685,0.04544546271970712,0.03403182509875854,False
68,2,-278.1139072659414,-12.436953344637857,0.291131469501174,0.09573564680063047,0.08658524903840326,False
68,3,-279.3096991964359,-13.632745275132322,0.34823393450840395,0.31056339648027714,0.21692153242978873,False
68,4,-278.9418450348767,-13.264891113573128,0.521067367114657,0.35763374298003353,0.26881756490171493,False
68,5,-278.68261113131456,-13.005657210011009,0.35126836639656556,0.3513112664903299,0.2635685527139366,False
68,6,-279.05311177795915,-13.376157856655595,0.3506984364422765,0.29609845453194855,0.2117728056510608,False
68,7,-277.96523962677196,-12.288285705468411,0.3481897610370398,0.061194359053945054,0.058401726692929715,False
68,8,-274.29224825720814,-8.615294335904593,1.4939102013461916,0.04386690484495368,0.032545318027212666,False
68,9,-265.67673277456936,0.00022114673419082465,2.2733699223767667,,,True
69,0,-265.67695392130355,0.0,2.445334169213695,,,True
69,1,-274.481098924279,-8.804145002975474,1.6595644723529879,0.04012040803353973,0.029517827513046678,False
69,2,-278.13176057177196,-12.454806650468413,0.31267312345116816,0.10053074289538314,0.07698161460265679,False
69,3,-279.35079072878636,-13.673836807482814,0.28776438951153704,0.24536121268511465,0.17869569739183808,False
69,4,-279.00203842543783,-13.325084504134281,0.526011266852313,0.3116039626093589,0.22625493655018414,False
69,5,-278.73164886887037,-13.054694947566816,0.2976169429713846,0.297614562354343,0.215513536841556,False
69,6,-279.0977786355226,-13.420824714219066,0.3120943262193733,0.25572312131604646,0.21446194905025637,False
69,7,-277.98685116221924,-12.309897240915689,0.3428077768455138,0.06613879288066848,0.062410201921119374,False
69,8,-274.34672880392,-8.669774882616423,1.5216226851581542,0.04393429236617251,0.03213635038735729,False
69,9,-265.67673277456936,0.00022114673419082465,2.2733699223767667,,,True
70,0,-265.67695392130355,0.0,2.445334169213695,,,True
70,1,-274.54462400072157,-8.86767007941802,1.681324906221904,0.032864298317160444,0.02352261880764704,False
70,2,-278.14976489246067,-12.472810971157116,0.314023592573002,0.11882733042204728,0.08608454775793903,False
70,3,-279.3793234427271,-13.702369521423577,0.14830369203401836,0.16194529980643785,0.12830027032865904,False
70,4,-279.0542245570049,-13.377270635701336,0.5289370561310874,0.18890757561322444,0.17629362809752855,False
70,5,-278.7714922408074,-13.09453831950384,0.1894641951472205,0.18906592079315193,0.1703728210528765,False
70,6,-279.13553515885894,-13.458581237555393,0.2335187480679495,0.23611335378253498,0.2083601406541009,False
70,7,-278.0081112849993,-12.331157363695752,0.3433283712869031,0.08351658359324937,0.0663133699900033,False
70,8,-274.4007490122643,-8.723795090960778,1.5488734665198547,0.043397926459985386,0.031278230372602,False
70,9,-265.67673277456936,0.00022114673419082465,2.2733699223767667,,,True
71,0,-265.67695392130355,0.0,2.445334169213695,,,True
71,1,-274.6092721194919,-8.93231819818834,1.6995726673580536,0.023572767536704158,0.017227698859400203,False
71,2,-278.16854703088035,-12.491593109576797,0.30981931773140164,0.0951897933433878,0.06652395525718788,False
71,3,-279.38847684674795,-13.711522925444399,0.25032974825134546,0.30193644922045065,0.2519947627796685,False
71,4,-279.08580829104704,-13.408854369743494,0.5285854929644471,0.284126886039725,0.23522980186744746,False
71,5,-278.79016189961146,-13.113207978307912,0.3197510472333948,0.31953042641156104,0.2662507818170146,False
71,6,-279.1584366004105,-13.481482679106932,0.18570995337342888,0.21196183722523412,0.16546751366194412,False
71,7,-278.03010284112486,-12.353148919821308,0.3243609046148437,0.09639163416785836,0.07037998948265628,False
71,8,-274.4561074654604,-8.779153544156827,1.5761691906138937,0.041943791831976114,0.02978533051094205,False
71,9,-265.67673277456936,0.00022114673419082465,2.2733699223767667,,,True
72,0,-265.67695392130355,0.0,2.445334169213695,,,True
72,1,-274.67833685978985,-9.001382938486302,1.7137111115417913,0.012384863834495661,0.010503749487990427,False
72,2,-278.1886190819907,-12.51166516068713,0.31408660067015526,0.08130546187251009,0.0727786311719887,False
72,3,-279.3797437433336,-13.70278982203007,0.5350665463465505,0.5456662328954432,0.45824445093732175,False
72,4,-279.08993947594246,-13.412985554638908,0.6715738760793982,0.6696546963987466,0.5663523096814619,False
72,5,-278.7829301567424,-13.105976235438845,0.6970072839933622,0.6964785125636455,0.5903390805402364,False
72,6,-279.1615832649536,-13.484629343650056,0.4167705483141771,0.44807184711966574,0.367797018661991,False
72,7,-278.0539890635637,-12.377035142260127,0.2929119373848696,0.10571413507216851,0.07452377107597741,False
72,8,-274.51579189569276,-8.838837974389207,1.604055634376304,0.03922358601121352,0.02739939620513432,False
72,9,-265.67673277456936,0.00022114673419082465,2.2733699223767667,,,True
73,0,-265.67695392130355,0.0,2.445334169213695,,,True
73,1,-274.7011673231574,-9.024213401853842,1.7145589860103203,0.018865279110136836,0.014845522074928133,False
73,2,-278.1986355866145,-12.52168166531095,0.2941095390515487,0.0856749004001222,0.07616087398469573,False
73,3,-279.4275134191781,-13.750559497874576,0.20616970246421823,0.22455014722468497,0.19659333735428722,False
73,4,-279.13749229160896,-13.460538370305414,0.5256421979426265,0.231337850726618,0.22753811891081901,False
73,5,-278.8310032829089,-13.15404936160536,0.2404027285960576,0.2406359142522436,0.23526015435941736,False
73,6,-279.19125565375936,-13.514301732455806,0.15154997786286417,0.18197645788105066,0.16001478990555862,False
73,7,-278.0681813477671,-12.391227426463558,0.28366280344557826,0.042409570833789434,0.032860038806780845,False
73,8,-274.5366321016013,-8.859678180297749,1.615461179588218,0.03465831854214793,0.025934662294238048,False
73,9,-265.67673277456936,0.00022114673419082465,2.2733699223767667,,,True
74,0,-265.67695392130355,0.0,2.445334169213695,,,True
74,1,-274.74069740377354,-9.063743482469988,1.7167593262478809,0.026056847961732306,0.022027515426772493,False
74,2,-278.2139079990539,-12.536954077750352,0.28696310668767894,0.09065210480333608,0.08224830098879389,False
74,3,-279.4471242314641,-13.770170310160552,0.2687678002116723,0.23039651757639482,0.19448483616902235,False
74,4,-279.15662322553396,-13.479669304230413,0.5296345736104566,0.27021389049996114,0.20688724119894214,False
74,5,-278.8461210157899,-13.16916709448634,0.280132154044603,0.28036103832293396,0.20949289725570852,False
74,6,-279.20236219298175,-13.525408271678202,0.23754198496549297,0.16499755761491394,0.11451609237458997,False
74,7,-278.08863660466426,-12.41168268336071,0.30703758724372066,0.036124085577998254,0.03331415793482993,False
74,8,-274.57302568507066,-8.896071763767111,1.6327612344695597,0.03219674102713653,0.02404058112996449,False
74,9,-265.67673277456936,0.00022114673419082465,2.2733699223767667,,,True
75,0,-265.67695392130355,0.0,2.445334169213695,,,True
75,1,-274.7927363519391,-9.115782430635534,1.7196468619800118,0.02894370718707775,0.023662932556756094,False
75,2,-278.23333126111874,-12.556377339815185,0.3069347671844791,0.09723173369877602,0.0891906780618183,False
75,3,-279.47307826719873,-13.79612434589518,0.3662814911241935,0.3109448839249022,0.2621824167840107,False
75,4,-279.1775111090128,-13.500557187709262,0.5274798162572653,0.32677933196237924,0.27185013161384913,False
75,5,-278.8635309478361,-13.186577026532575,0.34240474199695425,0.3434895385336354,0.2864598192927259,False
75,6,-279.20887585646676,-13.531921935163211,0.2344152484101007,0.18541580930029758,0.14481824348718447,False
75,7,-278.1127386290748,-12.435784707771234,0.3289132314191305,0.054260669380457247,0.04823196500253529,False
75,8,-274.6214422215412,-8.944488300237651,1.6512891942990935,0.028029316253469334,0.0206062815632676,False
75,9,-265.67673277456936,0.00022114673419082465,2.2733699223767667,,,True
76,0,-265.67695392130355,0.0,2.445334169213695,,,True
76,1,-274.8497413238301,-9.172787402526524,1.7210954755645167,0.026273177514388308,0.020373972730502243,False
76,2,-278.2545762532583,-12.577622331954728,0.3315093692267132,0.10466195081587625,0.09602353548642427,False
76,3,-279.5318519628463,-13.854898041542754,0.47973494612519274,0.39619531717654105,0.34079169943340687,False
76,4,-279.2151953828104,-13.538241461506857,0.5147542834787154,0.3409499689336329,0.29400695417070455,False
76,5,-278.900750600399,-13.223796679095472,0.35139531162198284,0.35317557561931967,0.3053775233985854,False
76,6,-279.220229373116,-13.543275451812463,0.28538981831768084,0.20235809808618638,0.18364151538205148,False
76,7,-278.13717357269627,-12.46021965139272,0.3310313097892388,0.06483425980474751,0.059729104440928917,False
76,8,-274.67506386130066,-8.998109939997107,1.666622289941556,0.02306454092661872,0.01659176896981173,False
76,9,-265.67673277456936,0.00022114673419082465,2.2733699223767667,,,True
77,0,-265.67695392130355,0.0,2.445334169213695,,,True
77,1,-274.9017326587416,-9.224778737438044,1.7199007490346132,0.020891108964834648,0.015627137556624662,False
77,2,-278.2747143467548,-12.59776042545127,0.3557078596881667,0.11184477954366057,0.10232511981435288,False
77,3,-279.61786691927637,-13.940912997972816,0.6079249674267596,0.4896807808340715,0.424719389137556,False
77,4,-279.2617456917978,-13.584791770494235,0.49722622619251877,0.23895951654385933,0.21264505094145314,False
77,5,-278.94849524487717,-13.271541323573615,0.22809680379586236,0.2306598935777448,0.20359464883290954,False
77,6,-279.2372808371259,-13.560326915822372,0.23406979101164685,0.188115581176041,0.1440973431327511,False
77,7,-278.15849093330417,-12.481537012000615,0.3218378944863164,0.06264512049151773,0.05728987507157279,False
77,8,-274.72448572833025,-9.0475318070267,1.6765029583000743,0.019346998533373887,0.013642573318330716,False
77,9,-265.67673277456936,0.00022114673419082465,2.2733699223767667,,,True
78,0,-265.67695392130355,0.0,2.445334169213695,,,True
78,1,-274.9490493531432,-9.27209543183966,1.7165487263804955,0.015715368367853495,0.011532472002879022,False
78,2,-278.293329001991,-12.616375080687476,0.3793751406873536,0.1190013679962467,0.10871005466893226,False
78,3,-279.7288725964354,-14.051918675131844,0.7260018812690862,0.5713957331975225,0.4922655207880729,False
78,4,-279.30547925590577,-13.628525334602216,0.4798612217995714,0.30804523957735575,0.2742250043800133,False
78,5,-278.99365678610957,-13.316702864806018,0.2944682349772818,0.2975554633609396,0.2639545324779506,False
78,6,-279.2548236470799,-13.577869725776338,0.2896214678645263,0.23490297393342535,0.18764976783722534,False
78,7,-278.1769232445928,-12.499969323289235,0.3067763041797969,0.051139139611463186,0.04586435183310057,False
78,8,-274.76989987621016,-9.092945954906611,1.6824751699135752,0.017416427978203503,0.012141222944442252,False
78,9,-265.67673277456936,0.00022114673419082465,2.2733699223767667,,,True
79,0,-265.67695392130355,0.0,2.445334169213695,,,True
79,1,-274.9921767339962,-9.315222812692639,1.7118723152505804,0.011949369081569803,0.008897200811340416,False
79,2,-278.31080625177697,-12.633852330473417,0.40252319522994257,0.1268583269829893,0.11946958744740556,False
79,3,-279.85291207627256,-14.17595815496901,0.5917000139037323,0.42737621409985643,0.3574879238376599,False
79,4,-279.35357586051487,-13.676621939211316,0.46487088566625234,0.38275102930127897,0.3408216634661976,False
79,5,-279.04305195460057,-13.366098033297021,0.36800696065749816,0.3716166584227847,0.3292979371260061,False
79,6,-279.27532280247794,-13.598368881174395,0.35149455142894614,0.28776496595947215,0.23519074316307645,False
79,7,-278.19283784640265,-12.515883925099104,0.2895464832575325,0.03534858419728615,0.030457202983458165,False
79,8,-274.81165233141957,-9.134698410116016,1.6857705210817313,0.016950542846730126,0.012231217756431894,False
79,9,-265.67673277456936,0.00022114673419082465,2.2733699223767667,,,True
80,0,-265.67695392130355,0.0,2.445334169213695,,,True
80,1,-275.03214978516996,-9.355195863866413,1.7065377754192885,0.010329714366914277,0.008036980687132537,False
80,2,-278.3279055760633,-12.650951654759751,0.4256422149416097,0.14221231108120744,0.133229732312117,False
80,3,-279.927407489173,-14.250453567869442,0.352696151250898,0.324440167812697,0.24847176831806875,False
80,4,-279.4146385736706,-13.737684652367022,0.4648724988451324,0.4630498852640017,0.4118723194138403,False
80,5,-279.10543377168915,-13.4284798503856,0.44654109839237793,0.4503975793642489,0.39899401680684543,False
80,6,-279.30137153591966,-13.624417614616107,0.41782794663129197,0.3428449569454976,0.285096834940139,False
80,7,-278.2067497463294,-12.529795825025872,0.27235682707467684,0.0256734131093484,0.019681549136768752,False
80,8,-274.8506639270278,-9.173710005724274,1.6872157531129115,0.01751026990206238,0.013045639107571765,False
80,9,-265.67673277456936,0.00022114673419082465,2.2733699223767667,,,True
81,0,-265.67695392130355,0.0,2.445334169213695,,,True
81,1,-275.07118812618944,-9.39423420488589,1.7006963523534315,0.010668399217281181,0.00835982496664166,False
81,2,-278.34581278891676,-12.66885886761321,0.4497765201588165,0.1594286305727162,0.14838596096813056,False
81,3,-279.9236361925409,-14.246682271237376,0.7434113156358,0.7255941625060605,0.5685204180894351,False
81,4,-279.49954385194155,-13.822589930638003,0.5609469534227479,0.558906777632145,0.49809153091029207,False
81,5,-279.191982302052,-13.515028380748447,0.5393953129348341,0.54243801995583,0.4822407202649678,False
81,6,-279.33645405037254,-13.659500129068988,0.48936948571698546,0.39766247169401453,0.33725723289491416,False
81,7,-278.21947962441254,-12.542525703108993,0.2563583470969872,0.025902890606726202,0.02264591062908932,False
81,8,-274.8890428314507,-9.212088910147145,1.687281991706366,0.01856112033086366,0.013984606568330227,False
81,9,-265.67673277456936,0.00022114673419082465,2.2733699223767667,,,True
82,0,-265.67695392130355,0.0,2.445334169213695,,,True
82,1,-275.10866305944546,-9.431709138141912,1.6945829311480758,0.01213692071926285,0.009555173190125568,False
82,2,-278.3645292288851,-12.68757530758154,0.4738106106534981,0.1781432171313876,0.16462095351835823,False
82,3,-279.92679805739544,-14.249844136091895,1.0135091471321915,0.9040182925904482,0.7208059783710532,False
82,4,-279.61601624946684,-13.939062328163288,0.6733799268678134,0.6710111225049432,0.5977375484171112,False
82,5,-279.3101953726645,-13.63324145136096,0.6537587374753329,0.6530180974092347,0.5826760492753246,False
82,6,-279.3833385587249,-13.706384637421365,0.5682206656012646,0.4512421639953898,0.39107865873536996,False
82,7,-278.23098194944424,-12.554028028140692,0.24328657194632633,0.02826063159251994,0.026557434917985595,False
82,8,-274.92611274289425,-9.249158821590697,1.686162742628357,0.019518856914207385,0.014656770350139348,False
82,9,-265.67673277456936,0.00022114673419082465,2.2733699223767667,,,True
83,0,-265.67695392130355,0.0,2.445334169213695,,,True
83,1,-275.14157151278556,-9.46461759148201,1.6887800555800103,0.013836600893323836,0.010852668746296333,False
83,2,-278.38257901521547,-12.70562509391192,0.49505526958483725,0.19604170546466937,0.18000967457276013,False
83,3,-279.9764414476756,-14.299487526372047,0.6720326136976206,0.6022678483226982,0.4906719024431323,False
83,4,-279.7537089435407,-14.076755022237137,0.6883853718543795,0.6856587037211572,0.609592340424774,False
83,5,-279.45198424751055,-13.775030326207002,0.7046160220376075,0.6961011512221345,0.6226679734628962,False
83,6,-279.4405320692423,-13.763578147938745,0.6540282166906743,0.5108533368985515,0.4427855544089307,False
83,7,-278.2405862635695,-12.563632342265976,0.23484923268971486,0.02720648165615687,0.025400469300940063,False
83,8,-274.95883156617185,-9.281877644868302,1.684223531192832,0.02004753112915558,0.014897178727335737,False
83,9,-265.67673277456936,0.00022114673419082465,2.2733699223767667,,,True
84,0,-265.67695392130355,0.0,2.445334169213695,,,True
84,1,-275.1703199515292,-9.493366030225673,1.6833130890288681,0.015257958144681553,0.01190268622969214,False
84,2,-278.3998560132377,-12.722902091934145,0.5131987565040742,0.21213690572627528,0.19378249464753225,False
84,3,-280.0156499202179,-14.338695998914375,0.23794909512516527,0.2362552367658963,0.21105085240930843,False
84,4,-279.88350022380735,-14.206546302503796,0.4591430699985998,0.4603366454296067,0.42194005291351117,False
84,5,-279.59504930679583,-13.918095385492279,0.5332055376640656,0.5211136180938308,0.4703434760916011,False
84,6,-279.5077157200426,-13.830761798739047,0.7202627593840784,0.5486367665673416,0.46965825807701195,False
84,7,-278.2486172429489,-12.57166332164536,0.23061667169317993,0.02458708177713222,0.021355661952535854,False
84,8,-274.9875291952212,-9.310575273917664,1.6817818833476206,0.02016595475073476,0.014798407936856132,False
84,9,-265.67673277456936,0.00022114673419082465,2.2733699223767667,,,True
85,0,-265.67695392130355,0.0,2.445334169213695,,,True
85,1,-275.1972395197372,-9.520285598433645,1.677773921063841,0.016228830698434973,0.012594389634467865,False
85,2,-278.41748649422954,-12.740532572925986,0.5289627323603253,0.22645381518196753,0.20589172324252966,False
85,3,-280.0314690262244,-14.354515104920836,0.2726709159706488,0.22923768782735046,0.20672426576381966,False
85,4,-279.9708404223522,-14.293886501048632,0.5043651125904128,0.5054164811047622,0.4665122999011788,False
85,5,-279.70651311872246,-14.029559197418905,0.5079395731597021,0.4935282989936745,0.4548254936349381,False
85,6,-279.5837434397761,-13.906789518472522,0.6976528159718475,0.4962206280078522,0.414405928218914,False
85,7,-278.2558304334827,-12.578876512179136,0.22950010074268865,0.023239648384086306,0.01766146025038024,False
85,8,-275.0144800972004,-9.337526175896869,1.678857123316665,0.019965679086832576,0.014624107026029419,False
85,9,-265.67673277456936,0.00022114673419082465,2.2733699223767667,,,True
86,0,-265.67695392130355,0.0,2.445334169213695,,,True
86,1,-275.2247885603123,-9.547834639008727,1.671610539537741,0.016672522045499377,0.012871384680478295,False
86,2,-278.43707161646756,-12.760117695164013,0.5448499200982581,0.23845727193766397,0.21555331691010018,False
86,3,-280.04303335884674,-14.366079437543192,0.43947080387608384,0.3240688932737798,0.2757193541641707,False
86,4,-280.0120561719642,-14.335102250660668,0.7686070738712978,0.771666761108841,0.5868257011645034,False
86,5,-279.76962561273035,-14.092671691426801,0.6459679809735812,0.6472022900229427,0.5132540344027736,False
86,6,-279.6558107600754,-13.978856838771833,0.4837578179727934,0.3010787567903442,0.23372781614984614,False
86,7,-278.2629273860532,-12.585973464749657,0.23062867237964607,0.023065673339806685,0.017360148890868714,False
86,8,-275.0421118348279,-9.365157913524342,1.6752345049167228,0.0194829112821314,0.014300795437124134,False
86,9,-265.67673277456936,0.00022114673419082465,2.2733699223767667,,,True
87,0,-265.67695392130355,0.0,2.445334169213695,,,True
87,1,-275.2541758787787,-9.57722195747516,1.6644656829117228,0.016569340032790633,0.0127091025982614,False
87,2,-278.4595683168991,-12.782614395595544,0.5757723237118477,0.24549764054486783,0.2197421330167157,False
87,3,-280.06340058890623,-14.386446667602684,0.5021410013853466,0.34679239368977083,0.2821019099878489,False
87,4,-280.06934471015757,-14.392390788854016,1.1230132092023144,1.1224161669182096,0.8874887989144387,False
87,5,-279.83001538889005,-14.153061467586497,1.147471191239148,1.148375026274589,0.9114298089093185,False
87,6,-279.69406827504145,-14.017114353737895,0.37428374519102714,0.3191589046317414,0.2200947354790414,False
87,7,-278.27026424044436,-12.593310319140812,0.2331118531308436,0.022383531582375753,0.017280947076568406,False
87,8,-275.07160988594137,-9.39465596463782,1.670689965359414,0.018708497094470863,0.013742152180545014,False
87,9,-265.67673277456936,0.00022114673419082465,2.2733699223767667,,,True
88,0,-265.67695392130355,0.0,2.445334169213695,,,True
88,1,-275.2840296275943,-9.607075706290743,1.656621277148352,0.01598976544407784,0.012164226856372152,False
88,2,-278.483692396576,-12.806738475272425,0.597156428374118,0.24308356239478246,0.21378827392175412,False
88,3,-280.0921049507181,-14.415151029414574,0.46607494745690237,0.28316038605624416,0.24444256508129755,False
88,4,-280.18291014582246,-14.505956224518911,0.8797055450745437,0.8712840178158083,0.7033572865819002,False
88,5,-279.94840364372453,-14.271449722420982,1.0305816933275402,1.0293281090164164,0.8396197011394073,False
88,6,-279.68645875018046,-14.009504828876914,0.5904368472011743,0.6532426384270503,0.5308435921933051,False
88,7,-278.2775342614284,-12.60058034012485,0.23604248904642,0.021439710545783097,0.01701711146985111,False
88,8,-275.1015706179481,-9.424616696644534,1.6653805474159646,0.01771157259065557,0.013002296920868682,False
88,9,-265.67673277456936,0.00022114673419082465,2.2733699223767667,,,True
89,0,-265.67695392130355,0.0,2.445334169213695,,,True
89,1,-275.3133063046807,-9.63635238337713,1.6483896421073934,0.015107834944330668,0.011388204333375264,False
89,2,-278.50779542308544,-12.83084150178189,0.6025380483362712,0.22824029509767152,0.19454541134153436,False
89,3,-280.1234606920607,-14.44650677075714,0.442710097115478,0.29196347575542375,0.26692473652869914,False
89,4,-280.276456234501,-14.599502313197434,0.3942299065946653,0.35652630020991327,0.28940596745470165,False
89,5,-280.06517205612977,-14.388218134826218,0.4982029991165233,0.4982104321507562,0.41546374060956986,False
89,6,-279.6778195928145,-14.000865671510951,0.9453319902108648,0.9269001290758386,0.7637520019385324,False
89,7,-278.2845075684314,-12.607553647127872,0.23871424519341605,0.021362586826574166,0.01663504507706355,False
89,8,-275.13091507452,-9.453961153216426,1.659539017735255,0.01662948816590163,0.012184067502150219,False
89,9,-265.67673277456936,0.00022114673419082465,2.2733699223767667,,,True
90,0,-265.67695392130355,0.0,2.445334169213695,,,True
90,1,-275.34344656612274,-9.666492644819186,1.6394227211142658,0.014065604944705969,0.010507445123029995,False
90,2,-278.53188865247756,-12.854934731174012,0.5871678355777631,0.19904479389864022,0.1591394801379326,False
90,3,-280.15532592355265,-14.478372002249102,0.4828637306647111,0.3217375211079174,0.29679439307460775,False
90,4,-280.28226899145824,-14.605315070154688,0.6602014052008455,0.6206278642491735,0.5717638145111532,False
90,5,-280.0996879988601,-14.422734077556527,0.6084854059168538,0.5413022232773441,0.5055652290396809,False
90,6,-279.7178969815765,-14.040943060272923,0.831347890101874,0.8368794156794348,0.7075659666650114,False
90,7,-278.2915375825339,-12.61458366123037,0.24079002006191483,0.021385895095683574,0.016973020947250665,False
90,8,-275.16104935028346,-9.484095428979913,1.6529340276397435,0.015530714441972477,0.011336968671128074,False
90,9,-265.67673277456936,0.00022114673419082465,2.2733699223767667,,,True
91,0,-265.67695392130355,0.0,2.445334169213695,,,True
91,1,-275.3766938595041,-9.699739938200537,1.629035713633316,0.012946812019989477,0.009594859079341649,False
91,2,-278.55619896294,-12.879245041636466,0.5437254302217663,0.15504803899697311,0.10861523275419353,False
91,3,-280.190377659713,-14.513423738409472,0.5324327762239327,0.3632255606471907,0.33779554192146916,False
91,4,-280.2279171135921,-14.550963192288577,1.3317135568580125,1.3146074174755535,1.146042227230916,False
91,5,-280.0660280545085,-14.389074133204929,1.2616214195999944,1.1119679588542777,0.9895509001740727,False
91,6,-279.7880640449106,-14.111110123607034,0.37865332509838845,0.45993991299975784,0.4121845630496916,False
91,7,-278.2991555406744,-12.622201619370855,0.24205511066716726,0.02155939819064811,0.017974594697394736,False
91,8,-275.1941742432965,-9.517220321992966,1.645012397260196,0.014388904925628606,0.010440534620574852,False
91,9,-265.67673277456936,0.00022114673419082465,2.2733699223767667,,,True
92,0,-265.67695392130355,0.0,2.445334169213695,,,True
92,1,-275.3887359434451,-9.711782022141563,1.6257418389651268,0.013834179980860107,0.01058007763949894,False
92,2,-278.56282919971835,-12.885875278414801,0.5483878808028891,0.14642707423902324,0.10880641962482775,False
92,3,-280.2204966725685,-14.543542751264965,0.5699542670766982,0.3652381858128348,0.3334336782209097,False
92,4,-280.3645930255501,-14.687639104246557,0.36709507561561505,0.1632092978054366,0.1309466443963142,False
92,5,-280.20089609174045,-14.523942170436897,0.2054811567444577,0.1832665497231079,0.15183682522868888,False
92,6,-279.8248360204283,-14.147882099124729,0.41118531465454905,0.2879781975793618,0.2586961687704105,False
92,7,-278.30155943118723,-12.62460550988368,0.23936060216220528,0.021720052996476082,0.01659299689636833,False
92,8,-275.2056849172991,-9.528730995995545,1.6426657017921542,0.01554718337975136,0.0112134252765,False
92,9,-265.67673277456936,0.00022114673419082465,2.2733699223767667,,,True
93,0,-265.67695392130355,0.0,2.445334169213695,,,True
93,1,-275.4098172373074,-9.73286331600383,1.6195634236294898,0.014704420464189169,0.011565347162812357,False
93,2,-278.5736695120254,-12.89671559072184,0.5505874629164693,0.13323527031755522,0.109226469338625,False
93,3,-280.26641197306867,-14.58945805176512,0.6259937850921091,0.3712426528699433,0.33585171720466334,False
93,4,-280.3453764292532,-14.668422507949629,0.5556300246645535,0.5691938517477636,0.4902323987993068,False
93,5,-280.2046313707136,-14.527677449410078,0.4774012553739111,0.463319090253371,0.39343477325671755,False
93,6,-279.85073357562135,-14.173779654317798,0.4595334018028823,0.27775757244247223,0.2501678132831847,False
93,7,-278.3057416022775,-12.628787680973971,0.23524815132396917,0.021982574018978223,0.017042871542921275,False
93,8,-275.2258390118974,-9.548885090593842,1.6381539106720204,0.016846290333422668,0.012065669191880119,False
93,9,-265.67673277456936,0.00022114673419082465,2.2733699223767667,,,True
94,0,-265.67695392130355,0.0,2.445334169213695,,,True
94,1,-275.4210448684099,-9.744090947106372,1.6158251294037664,0.014282820539590388,0.011150131422474716,False
94,2,-278.5786986574461,-12.901744736142575,0.5436849443034658,0.12321755752616065,0.09789090823526664,False
94,3,-280.2933396475668,-14.616385726263275,0.6385258919709975,0.37000108490912686,0.3374752456503027,False
94,4,-280.39212137847846,-14.715167457174914,0.3407664350058235,0.3236742657313168,0.28443694669344627,False
94,5,-280.24539633837446,-14.568442417070912,0.25510684598848987,0.24491587213304628,0.21120386405863634,False
94,6,-279.8673377770926,-14.190383855789037,0.48259383636439634,0.29775167691723387,0.26856542017769486,False
94,7,-278.30794309202395,-12.630989170720397,0.23424657532149826,0.021996525400654252,0.016766383662031918,False
94,8,-275.23655744950076,-9.559603528197215,1.6352864108250975,0.016523960851576345,0.011827973673333164,False
94,9,-265.67673277456936,0.00022114673419082465,2.2733699223767667,,,True
95,0,-265.67695392130355,0.0,2.445334169213695,,,True
95,1,-275.44383167200886,-9.766877750705305,1.6081265960493787,0.013554353440078066,0.01046431977989428,False
95,2,-278.5884767486439,-12.911522827340377,0.530893741113223,0.10523101874608648,0.07880466648453335,False
95,3,-280.3450148222671,-14.668060900963553,0.586046388233653,0.3013731762326078,0.27689939224709764,False
95,4,-280.40878279191713,-14.731828870613583,0.3104727267968993,0.28315927271798097,0.267790323476759,False
95,5,-280.267378655644,-14.590424734340445,0.26924705162665746,0.2688090484760525,0.22781302659871708,False
95,6,-279.8972415750178,-14.220287653714252,0.5307368064818603,0.3339778936692409,0.30444879161093247,False
95,7,-278.3123960401994,-12.635442118895867,0.23248249562646628,0.022084621204811753,0.016567582590048584,False
95,8,-275.2583179362359,-9.581364014932376,1.6292696752468923,0.015863459794090276,0.011345275456636487,False
95,9,-265.67673277456936,0.00022114673419082465,2.2733699223767667,,,True
96,0,-265.67695392130355,0.0,2.445334169213695,,,True
96,1,-275.4776226466049,-9.800668725301364,1.5964349892811742,0.012742359778251538,0.009765548568182871,False
96,2,-278.60212298734757,-12.92516906604402,0.5138202417095303,0.08163062521100996,0.05756444422610103,False
96,3,-280.3957189828483,-14.71876506154473,0.2857548630500043,0.15981729082871668,0.11937943208328357,False
96,4,-280.41311475537674,-14.736160834073189,0.6524219837762391,0.6533693996500963,0.5959202969949923,False
96,5,-280.2899415191935,-14.612987597889969,0.5056880065618361,0.4970868740492678,0.4597428524557612,False
96,6,-279.948552126762,-14.271598205458474,0.6103510764734672,0.37192764653266175,0.343977162912651,False
96,7,-278.31898102748676,-12.642027106183207,0.23037527061414043,0.022274827406920463,0.016776517137931546,False
96,8,-275.29059619676593,-9.613642275462382,1.6198770798031674,0.01489688727152118,0.010644740914009814,False
96,9,-265.67673277456936,0.00022114673419082465,2.2733699223767667,,,True
97,0,-265.67695392130355,0.0,2.445334169213695,,,True
97,1,-275.51378000009026,-9.836826078786714,1.5835614356084686,0.01215395807352965,0.00933032360478223,False
97,2,-278.6156456836791,-12.938691762375527,0.4965044297357695,0.0585975389526471,0.04015756337634363,False
97,3,-280.40190436132565,-14.724950440022099,0.2505557518021622,0.3435050264708023,0.3064307460916057,False
97,4,-280.4628587834285,-14.785904862124937,0.3399220993646484,0.3431601380054462,0.3074487438068268,False
97,5,-280.341122476754,-14.66416855545043,0.2944480296218896,0.29412812988245063,0.2665521412281231,False
97,6,-280.0174012781895,-14.340447356885932,0.6368419857350045,0.3336541682291008,0.3104370243506416,False
97,7,-278.3260070784964,-12.649053157192839,0.22856950404404827,0.022539068446602854,0.01717752958894939,False
97,8,-275.3251284264967,-9.64817450519314,1.6092482165361182,0.013940460708836692,0.009951209090245413,False
97,9,-265.67673277456936,0.00022114673419082465,2.2733699223767667,,,True
98,0,-265.67695392130355,0.0,2.445334169213695,,,True
98,1,-275.5515439056189,-9.874589984315378,1.5697300084000714,0.011787100508989443,0.00913333433718054,False
98,2,-278.62862648674445,-12.951672565440902,0.47882812482360504,0.037243787801413034,0.026232015803102183,False
98,3,-280.4013901225876,-14.72443620128405,0.4499396046955056,0.47583810770163415,0.4021829644731411,False
98,4,-280.4893270895584,-14.812373168254851,0.2826869957654254,0.181864984120738,0.12574618334314924,False
98,5,-280.37556428084054,-14.698610359536985,0.17589383977913103,0.1747928365615481,0.12908867889181652,False
98,6,-280.0784754609806,-14.401521539677049,0.4216800125590067,0.15321440745727655,0.11059971080849923,False
98,7,-278.3333327525437,-12.656378831240147,0.2270059946678889,0.022886413909414215,0.017547351254182064,False
98,8,-275.3611592709767,-9.684205349673164,1.5975881369056943,0.01311317006612912,0.009342454537442509,False
98,9,-265.67673277456936,0.00022114673419082465,2.2733699223767667,,,True
99,0,-265.67695392130355,0.0,2.445334169213695,,,True
99,1,-275.5941935513231,-9.917239630019537,1.5535767960706899,0.01147547116529297,0.009009782772440682,False
99,2,-278.64218973452716,-12.965235813223615,0.4587193879560252,0.023720016548837226,0.02023552417015776,False
99,3,-280.42181422769886,-14.74486030639531,0.26811963442456466,0.2807571814614992,0.2017453056356308,False
99,4,-280.50004771014767,-14.823093788844119,0.37678627181000673,0.378374826589782,0.3111409202149804,False
99,5,-280.39750891567303,-14.72055499436948,0.3058958971881362,0.30494027549385394,0.24890217833545267,False
99,6,-280.090490345564,-14.413536424260428,0.402800157530227,0.3743022893066638,0.3379934955185422,False
99,7,-278.34162143281003,-12.66466751150648,0.22541966558200444,0.02339325030357031,0.017897330371091445,False
99,8,-275.4017839861631,-9.724830064859532,1.5837714886371814,0.012331417684637943,0.0087500602409926,False
99,9,-265.67673277456936,0.00022114673419082465,2.2733699223767667,,,True
100,0,-265.67695392130355,0.0,2.445334169213695,,,True
100,1,-275.59674442695234,-9.919790505648791,1.5526639172764207,0.011556864609081594,0.009097571411527308,False
100,2,-278.6428629903676,-12.965909069064026,0.45846049492999813,0.023433241831644334,0.0199539089520447,False
100,3,-280.4257077222709,-14.748753800967336,0.22123571574510723,0.24603133627749324,0.17353572251770338,False
100,4,-280.50692361113215,-14.829969689828602,0.32548973019883265,0.3275684915873862,0.26929332404670114,False
100,5,-280.4029217770395,-14.725967855735973,0.2626611482496724,0.26122160658434457,0.21247566572997853,False
100,6,-280.09716160196217,-14.42020768065862,0.36827803947841004,0.3143590106608889,0.28256974640126514,False
100,7,-278.3421108951862,-12.665156973882631,0.22533506563008823,0.023409489489049817,0.017937484221186094,False
100,8,-275.40417278102063,-9.727218859717084,1.583030249291391,0.012456645831046423,0.008839810135894953,False
100,9,-265.67673277456936,0.00022114673419082465,2.2733699223767667,,,True
101,0,-265.67695392130355,0.0,2.445334169213695,,,True
101,1,-275.6018787152501,-9.924924793946559,1.550809321069764,0.011702520356317725,0.009255011439725333,False
101,2,-278.6442127029362,-12.967258781632665,0.45797721632588845,0.02287512054290179,0.0194040771986792,False
101,3,-280.4319174120591,-14.754963490755529,0.1396667073327708,0.18487854090032868,0.13910804378063832,False
101,4,-280.51701433921073,-14.840060417907182,0.25932883338041673,0.2280807921168397,0.18667435726070045,False
101,5,-280.4109729422222,-14.734019020918652,0.1794537357739106,0.17707000709435128,0.14206344978488677,False
101,6,-280.1066156339605,-14.429661712656923,0.3040322612283729,0.20894536480490078,0.1847374590198911,False
101,7,-278.3430960123823,-12.666142091078768,0.22516416112399842,0.023446218223786053,0.018010887914844297,False
101,8,-275.4089808923927,-9.73202697108917,1.5815192729236598,0.012683966839327147,0.009067092853033656,False
101,9,-265.67673277456936,0.00022114673419082465,2.2733699223767667,,,True
102,0,-265.67695392130355,0.0,2.445334169213695,,,True
102,1,-275.6097652286562,-9.932811307352665,1.5479150793439995,0.011878386211914116,0.009446388489947229,False
102,2,-278.6462737333938,-12.969319812090248,0.45732162489210687,0.02206538440596952,0.018604960061143,False
102,3,-280.4382184270503,-14.761264505746738,0.10274727015499431,0.11145492084789405,0.0945372102645483,False
102,4,-280.52554730238535,-14.848593381081798,0.25054021250708364,0.10170070770058282,0.07254372057784213,False
102,5,-280.41823945954116,-14.741285538237605,0.09329645714827885,0.10083004657040026,0.07941168397707551,False
102,6,-280.11386679672245,-14.436912875418898,0.2963441802944924,0.1081231940966353,0.08349293436644635,False
102,7,-278.34460908361007,-12.667655162306517,0.22489944710725285,0.023511469832320532,0.018105538967228586,False
102,8,-275.4163663885531,-9.739412467249565,1.579147624053978,0.012967518119154045,0.009353100721273022,False
102,9,-265.67673277456936,0.00022114673419082465,2.2733699223767667,,,True
103,0,-265.67695392130355,0.0,2.445334169213695,,,True
103,1,-275.62074465972125,-9.943790738417704,1.543794843768622,0.012029751337008128,0.009615330737284395,False
103,2,-278.64912331027904,-12.972169388975487,0.45653245480727755,0.021025552578026362,0.017584718999583436,False
103,3,-280.4428618549008,-14.765907933597248,0.1500773914988289,0.04692895160031253,0.04639614687985606,False
103,4,-280.53034253793066,-14.853388616627115,0.23936169548654804,0.12875929876532144,0.112758670860385,False
103,5,-280.42353404011567,-14.746580118812119,0.11318814244146443,0.11501544220138964,0.09211308635880269,False
103,6,-280.1163729497903,-14.439419028486725,0.3423077129180285,0.08865016423148818,0.0753882692765083,False
103,7,-278.34671541379,-12.66976149248643,0.22452492555471693,0.02361592072923224,0.01820810061236318,False
103,8,-275.4266480378509,-9.749694116547346,1.5757435453389084,0.013232837205202411,0.009627715151859971,False
103,9,-265.67673277456936,0.00022114673419082465,2.2733699223767667,,,True
104,0,-265.67695392130355,0.0,2.445334169213695,,,True
104,1,-275.63456417438397,-9.957610253080418,1.5384720509562428,0.012090286113086598,0.009695131125610284,False
104,2,-278.6526857934956,-12.975731872192057,0.45560188186952155,0.019834897873424125,0.016437591853436587,False
104,3,-280.44530255932386,-14.768348638020314,0.2287597719341836,0.07722386298607656,0.06163647017667307,False
104,4,-280.53410305493554,-14.857149133631992,0.24496768595352247,0.2468658482388827,0.22319036726481067,False
104,5,-280.42901664360124,-14.752062722297694,0.19826608171953938,0.19740427329339413,0.17474326448159547,False
104,6,-280.115832775552,-14.438878854248458,0.4333731553919001,0.16547962769139624,0.13992152922733964,False
104,7,-278.34936716211405,-12.6724132408105,0.22404186840422385,0.023763766507057298,0.018312146454569633,False
104,8,-275.4395889043005,-9.762634982996929,1.5713036421661906,0.013385070982333803,0.009802076116742973,False
104,9,-265.67673277456936,0.00022114673419082465,2.2733699223767667,,,True
105,0,-265.67695392130355,0.0,2.445334169213695,,,True
105,1,-275.65059256519805,-9.973638643894503,1.5321301260476445,0.012018410758205828,0.009646706261652246,False
105,2,-278.65679183803354,-12.979837916729991,0.45442880738456853,0.018702072004053032,0.015273162364235902,False
105,3,-280.44629814769416,-14.769344226390615,0.28075266126265064,0.10496685024153345,0.08601764151618772,False
105,4,-280.54125542012025,-14.864301498816701,0.28869214687818906,0.2900781398121633,0.26356174010501277,False
105,5,-280.4374199651427,-14.76046604383913,0.22652868039371035,0.22585267646074086,0.20177352609805296,False
105,6,-280.1156330148086,-14.438679093505073,0.48374074435417624,0.21254538115768024,0.18048550708724342,False
105,7,-278.3524444930555,-12.675490571751936,0.22346439140543864,0.023952736398896227,0.01842638191925443,False
105,8,-275.454597960867,-9.777644039563427,1.5659609852313803,0.013360282692318683,0.009817840458301325,False
105,9,-265.67673277456936,0.00022114673419082465,2.2733699223767667,,,True
106,0,-265.67695392130355,0.0,2.445334169213695,,,True
106,1,-275.66846360117944,-9.99150967987589,1.5248688994480608,0.011798676661922658,0.009459618359822782,False
106,2,-278.661341961527,-12.98438804022345,0.45281484788002857,0.01865180061000336,0.014170730302354141,False
106,3,-280.4470034927617,-14.770049571458173,0.3070023555775706,0.11403769351390225,0.09681297629300654,False
106,4,-280.5529713383487,-14.876017417045148,0.24714989615587651,0.2483870924644334,0.2253836984446947,False
106,5,-280.44906879693224,-14.772114875628688,0.19149850416339906,0.1906653026153942,0.16949168499927691,False
106,6,-280.1175461977217,-14.440592276418158,0.4951836113271316,0.21695019792930592,0.18416178491594448,False
106,7,-278.35587773451635,-12.678923813212805,0.2227977688486521,0.02418154875307099,0.018570856355634643,False
106,8,-275.4713315917971,-9.794377670493532,1.559782786528481,0.013128901200981199,0.009651100151864999,False
106,9,-265.67673277456936,0.00022114673419082465,2.2733699223767667,,,True
107,0,-265.67695392130355,0.0,2.445334169213695,,,True
107,1,-275.69032549765956,-10.013371576356008,1.5157482318536732,0.0113884409992609,0.009104764500180565,False
107,2,-278.6668717475444,-12.989917826240855,0.4501664369716214,0.01828586162558908,0.01309218423514454,False
107,3,-280.44851183667606,-14.771557915372512,0.30941004038040554,0.10565787491497712,0.09168213526052306,False
107,4,-280.56777785062536,-14.890823929321812,0.18986594427560718,0.12922161593014905,0.11479849242526734,False
107,5,-280.46326666160974,-14.786312740306187,0.11607515956688512,0.11215843134618562,0.09963390846434372,False
107,6,-280.1216658668598,-14.444711945556264,0.46540939012978255,0.17739995326582883,0.15014763188275593,False
107,7,-278.3600796707515,-12.683125749447925,0.22194944670173825,0.024484524441787843,0.018797407446427883,False
107,8,-275.49179903908475,-9.814845117781203,1.5519430272684827,0.012626890376654251,0.009256109813728569,False
107,9,-265.67673277456936,0.00022114673419082465,2.2733699223767667,,,True
108,0,-265.67695392130355,0.0,2.445334169213695,,,True
108,1,-275.7173441512456,-10.040390229942034,1.504185370258274,0.010776229434953342,0.008590955946430235,False
108,2,-278.67365638370404,-12.996702462400492,0.44562092238228523,0.01730702980643416,0.012309716439066932,False
108,3,-280.45142747068485,-14.774473549381298,0.2857123108858922,0.09033353524725984,0.07464053036937862,False
108,4,-280.5812684714041,-14.904314550100537,0.1741741571861607,0.09901425311684589,0.0671111702896382,False
108,5,-280.4776270252833,-14.800673103979761,0.12657741989471105,0.11513447614940016,0.10568471577476879,False
108,6,-280.1261777541942,-14.449223832890652,0.38807541328649275,0.09421231635640245,0.07843127389866862,False
108,7,-278.36527473642707,-12.688320815123518,0.22085701363036636,0.02489658716749186,0.019168266387975037,False
108,8,-275.51708700653245,-9.8401330852289,1.5419035503690872,0.011816980716333513,0.00861664392010353,False
108,9,-265.67673277456936,0.00022114673419082465,2.2733699223767667,,,True
109,0,-265.67695392130355,0.0,2.445334169213695,,,True
109,1,-275.75067756399835,-10.073723642694802,1.4895905232812565,0.010020020019077567,0.008001091963843113,False
109,2,-278.6819640939141,-13.005010172610525,0.4381474492580974,0.015424014484279248,0.011390079773045354,False
109,3,-280.4552124783943,-14.778258557090737,0.23832099798563255,0.07230880675245478,0.06544978106679936,False
109,4,-280.59401500817455,-14.917061086871001,0.18377833522437706,0.1868096453746765,0.15867616120295866,False
109,5,-280.4935408784854,-14.816586957181869,0.15652167363204206,0.15130821705102618,0.12690731634154287,False
109,6,-280.1290165869428,-14.452062665639232,0.33798592056368093,0.1172191760778985,0.10132840487040005,False
109,7,-278.371689225561,-12.69473530425745,0.21946466945879678,0.025480838451727095,0.019734491785550073,False
109,8,-275.5482725896153,-9.871318668311744,1.5291217813365412,0.010756137024657613,0.007808382075926773,False
109,9,-265.67673277456936,0.00022114673419082465,2.2733699223767667,,,True
110,0,-265.67695392130355,0.0,2.445334169213695,,,True
110,1,-275.79096825547094,-10.114014334167393,1.4715762249527022,0.009417269833321966,0.0077025896798165565,False
110,2,-278.69193340071416,-13.014979479410613,0.42722840588752814,0.013122856051362495,0.01145877571264704,False
110,3,-280.4585357068071,-14.781581785503533,0.17791802076698007,0.061224861422155316,0.046139298927361384,False
110,4,-280.61155717298465,-14.934603251681096,0.2041211962270695,0.20624840417000248,0.1746082685486969,False
110,5,-280.51531492501783,-14.838361003714283,0.16814294192324813,0.16313611691200308,0.13998304119369887,False
110,6,-280.13078296202536,-14.453829040721814,0.3239458500006235,0.1328062032709117,0.12335260808267469,False
110,7,-278.37945975477294,-12.702505833469388,0.2177592553523927,0.026334791055672796,0.020508123049918076,False
110,8,-275.5859509550693,-9.90899703376573,1.5132488393428374,0.009605043167390156,0.008006195982806595,False
110,9,-265.67673277456936,0.00022114673419082465,2.2733699223767667,,,True
111,0,-265.67695392130355,0.0,2.445334169213695,,,True
111,1,-275.8392346323102,-10.162280711006645,1.4495683442020322,0.009140687742158067,0.007867680504789604,False
111,2,-278.7037932130904,-13.026839291786871,0.4130330222207363,0.012202336181301718,0.011993107696103459,False
111,3,-280.4614026076651,-14.784448686361543,0.1791922633089269,0.08903233614157899,0.07073707499788146,False
111,4,-280.6336944234257,-14.956740502122159,0.10522434758804315,0.10431104949606392,0.0882354923106937,False
111,5,-280.5436082781117,-14.86665435680817,0.1984817218596033,0.17878805006932566,0.1688651972821455,False
111,6,-280.13391426616715,-14.456960344863603,0.2831037482161123,0.14458658523289478,0.1273879999425049,False
111,7,-278.3888034945784,-12.711849573274833,0.2157411731250041,0.027609827746668633,0.02155572115731145,False
111,8,-275.6310616124362,-9.954107691132663,1.493807318802568,0.00939472545543329,0.008349186686017689,False
111,9,-265.67673277456936,0.00022114673419082465,2.2733699223767667,,,True
112,0,-265.67695392130355,0.0,2.445334169213695,,,True
112,1,-275.8971342958722,-10.220180374568656,1.4226116947880698,0.009224897760141142,0.00794811530321013,False
112,2,-278.71793568513857,-13.04098176383502,0.39679632702981704,0.013203236591116895,0.012086153842046771,False
112,3,-280.46594057987863,-14.788986658575084,0.16885923972053887,0.08342046150419845,0.06941594760670008,False
112,4,-280.65381554477585,-14.976861623472303,0.11532677235607175,0.11573731675931852,0.10096875464522202,False
112,5,-280.5778030613346,-14.900849140031028,0.25033526349430907,0.2242947343620484,0.21214444939436572,False
112,6,-280.1374508015605,-14.460496880256926,0.2793436821451014,0.09383321212461244,0.0843945213821326,False
112,7,-278.4000779573872,-12.723124036083675,0.21342591583894152,0.02955424712972483,0.023151229157649864,False
112,8,-275.6851268103245,-10.008172889020955,1.4700339091354777,0.009708491149126862,0.008619036628064748,False
112,9,-265.67673277456936,0.00022114673419082465,2.2733699223767667,,,True
113,0,-265.67695392130355,0.0,2.445334169213695,,,True
113,1,-275.96558702146785,-10.288633100164304,1.3897548401103395,0.009523663998919223,0.008767009496897042,False
113,2,-278.734596142575,-13.057642221271465,0.3805264038523141,0.014298956526854157,0.011802963520101625,False
113,3,-280.47291662978245,-14.795962708478896,0.1317449252740042,0.05335775574306492,0.050747945875488046,False
113,4,-280.6740596847538,-14.997105763450236,0.20111248533530823,0.20080039047356613,0.18157481867856276,False
113,5,-280.6260196017441,-14.949065680440526,0.32452485575798595,0.28649047624277973,0.2704979525428566,False
113,6,-280.14159587683866,-14.464641955535114,0.2800925750177267,0.139844515037706,0.121143958089122,False
113,7,-278.4135514777362,-12.736597556432628,0.21087499709266874,0.03256938482650138,0.02580771557754761,False
113,8,-275.74897936786795,-10.072025446564396,1.4411374537869783,0.009875117117654326,0.009290815378669435,False
113,9,-265.67673277456936,0.00022114673419082465,2.2733699223767667,,,True
114,0,-265.67695392130355,0.0,2.445334169213695,,,True
114,1,-276.0323751329455,-10.355421211641954,1.3565465137889023,0.010081239994447181,0.009490250798105448,False
114,2,-278.75084615203195,-13.073892230728404,0.3674156229653157,0.015413195268592042,0.01284902122495693,False
114,3,-280.47904402829954,-14.80209010699599,0.14843679502763424,0.032714069851298044,0.030727591499569783,False
114,4,-280.6946585436698,-15.017704622366239,0.07718448901663447,0.07788008501742798,0.05873891677578537,False
114,5,-280.68842077835814,-15.011466857054586,0.41132086175561205,0.35316827563120395,0.33133818056067427,False
114,6,-280.1489380560366,-14.471984134733077,0.30611078876079395,0.0824140138037298,0.07762587672397943,False
114,7,-278.4269101953299,-12.749956274026374,0.20859688551665487,0.03654766918720278,0.029479168996555068,False
114,8,-275.8111844508244,-10.134230529520835,1.411962208862414,0.010695444962566848,0.010100402568510422,False
114,9,-265.67673277456936,0.00022114673419082465,2.2733699223767667,,,True
115,0,-265.67695392130355,0.0,2.445334169213695,,,True
115,1,-276.09620887957556,-10.419254958272006,1.323901118122049,0.010682847761974201,0.00998291457256318,False
115,2,-278.76643454016744,-13.089480618863888,0.35595707259585563,0.01631681907138106,0.013689793629801059,False
115,3,-280.4842843138091,-14.807330392505548,0.14868911567240847,0.06935679286108763,0.060655536701385335,False
115,4,-280.7094378111427,-15.03248388983917,0.11598248817814928,0.11467791164275201,0.09879716510470173,False
115,5,-280.77162473080114,-15.094670809497586,0.5299083906457591,0.44921607601385316,0.41868757754381514,False
115,6,-280.15490821415085,-14.4779542928473,0.2753433386241706,0.09978836407724134,0.0869359587721847,False
115,7,-278.4399565523429,-12.763002631039342,0.20663862327071084,0.041802463995458415,0.034282158426301126,False
115,8,-275.8704863976352,-10.193532476331654,1.383268396617313,0.011399768766680607,0.010654282934453467,False
115,9,-265.67673277456936,0.00022114673419082465,2.2733699223767667,,,True
116,0,-265.67695392130355,0.0,2.445334169213695,,,True
116,1,-276.15489691706637,-10.477942995762817,1.2932217972695448,0.011074219483881419,0.010259622283044039,False
116,2,-278.78086566082493,-13.10391173952138,0.3449990161292179,0.017125345211478613,0.014545859361232866,False
116,3,-280.48989704631447,-14.812943125010918,0.12125100104977965,0.06120104667149762,0.05318823055174071,False
116,4,-280.7222895620591,-15.045335640755525,0.13986326332682178,0.13877848277289417,0.11720374332751866,False
116,5,-280.8867974353295,-15.209843514025977,0.5749587001781015,0.48375667368130754,0.4397177967713784,False
116,6,-280.161511521628,-14.484557600324422,0.27841879480513476,0.11489217523169833,0.0960670746570952,False
116,7,-278.45233218094006,-12.775378259636511,0.20502754981160273,0.04850811763300526,0.040215168439660776,False
116,8,-275.9248390975702,-10.247885176266664,1.356295528870992,0.011868327468780755,0.010963468815794495,False
116,9,-265.67673277456936,0.00022114673419082465,2.2733699223767667,,,True
117,0,-265.67695392130355,0.0,2.445334169213695,,,True
117,1,-276.2066737926029,-10.529719871299335,1.2657269209779185,0.011259554351906564,0.010344127075446035,False
117,2,-278.7937237980685,-13.116769876764977,0.3348143283669407,0.01785574635663589,0.015383543870854196,False
117,3,-280.4959001419073,-14.818946220603777,0.08331736145868145,0.03980283610144732,0.03269013763352472,False
117,4,-280.7347826546536,-15.05782873335005,0.07165180012840597,0.06862983903927475,0.055249000226968895,False
117,5,-280.9892543403162,-15.312300419012672,0.2665457178055033,0.2766888239210965,0.20987195926016863,False
117,6,-280.1696479052204,-14.492693983916865,0.2601247639405501,0.05303825583255902,0.04929699481955903,False
117,7,-278.4637363030583,-12.786782381754733,0.20379245920915756,0.056707052939642184,0.047454653138418595,False
117,8,-275.97260050685145,-10.2956465855479,1.3322025780075655,0.012105042450454826,0.011059412712168116,False
117,9,-265.67673277456936,0.00022114673419082465,2.2733699223767667,,,True
118,0,-265.67695392130355,0.0,2.445334169213695,,,True
118,1,-276.25760177194934,-10.58064785064579,1.238338529614999,0.011246483600645403,0.010242956098886914,False
118,2,-278.80654575551716,-13.129591834213613,0.32476540463364273,0.01855875018360658,0.016166255908688733,False
118,3,-280.5026320992198,-14.825678177916245,0.05990154966621089,0.038984488129618536,0.03302783356535481,False
118,4,-280.7459899064918,-15.069035985188236,0.0853172473400015,0.0843998028004889,0.07488022740878317,False
118,5,-280.9903765211721,-15.313422599868545,1.0521027367253755,1.0048920106131631,0.9497280979098828,False
118,6,-280.1777962029664,-14.50084228166287,0.25872002617777873,0.0729961919023987,0.06587275363752385,False
118,7,-278.47570432183284,-12.798750400529286,0.20744423530307443,0.06813799568914572,0.059068483584797576,False
118,8,-276.0193235053039,-10.342369584000323,1.3084017492518893,0.012120746206641584,0.01095474049783192,False
118,9,-265.67673277456936,0.00022114673419082465,2.2733699223767667,,,True
119,0,-265.67695392130355,0.0,2.445334169213695,,,True
119,1,-276.2613262489363,-10.584372327632764,1.2365383978420847,0.010991634245443421,0.009982192780499933,False
119,2,-278.8075876137606,-13.130633692457025,0.3242983711623588,0.01848885981546575,0.016074463961725516,False
119,3,-280.5037612186758,-14.826807297372227,0.06484238454874412,0.03549118270666578,0.02838854055636426,False
119,4,-280.74763545200915,-15.070681530705599,0.07744337784309298,0.0735646652395059,0.05913368703839355,False
119,5,-281.0407210429771,-15.363767121673561,0.4482013780270619,0.4468723527149349,0.3722655326572629,False
119,6,-280.1797200225615,-14.502766101257976,0.25747997027736214,0.04717052795479027,0.03714845686056298,False
119,7,-278.47675698907136,-12.799803067767812,0.21075584227988073,0.07056517885193156,0.06132442025986469,False
119,8,-276.0225354132025,-10.34558149189894,1.3069767504973266,0.011870044309784987,0.010702556129364379,False
119,9,-265.67673277456936,0.00022114673419082465,2.2733699223767667,,,True
120,0,-265.67695392130355,0.0,2.445334169213695,,,True
120,1,-276.26914860151203,-10.592194680208479,1.2326689268751476,0.010493637853508559,0.00947602691327576,False
120,2,-278.80977804952886,-13.132824128225309,0.3231797344270673,0.018385439505858872,0.015940249075017877,False
120,3,-280.5058390896095,-14.82888516830593,0.07562083432810104,0.029695886557902517,0.025279873800881578,False
120,4,-280.7503090007451,-15.07335507944157,0.0789026825538873,0.0742350856304878,0.05979602559298079,False
120,5,-281.0562247216335,-15.379270800329948,0.3761032589936783,0.3324121321685198,0.3051096777438034,False
120,6,-280.18285283999785,-14.5058989186943,0.25523727017681447,0.03659444107089788,0.027628199817504417,False
120,7,-278.47905038244767,-12.802096461144117,0.21808174989010848,0.0760643714196065,0.06623426510580807,False
120,8,-276.0292793542485,-10.352325432944951,1.3038893060483647,0.011371919339903964,0.01020721651077853,False
120,9,-265.67673277456936,0.00022114673419082465,2.2733699223767667,,,True
121,0,-265.67695392130355,0.0,2.445334169213695,,,True
121,1,-276.2700680402328,-10.593114118929236,1.2321796110042467,0.010448541792323124,0.009432471995749193,False
121,2,-278.8100371285868,-13.133083207283278,0.3229940136801639,0.018385629813639216,0.015944553660107663,False
121,3,-280.50604857921905,-14.829094657915505,0.07590358548006645,0.029556581902170965,0.025226987968742863,False
121,4,-280.75060307374997,-15.073649152446421,0.0790563998806029,0.07436816268939239,0.0598483238199594,False
121,5,-281.05891362078864,-15.381959699485094,0.3487945884303074,0.30655355002769097,0.28013240315295435,False
121,6,-280.183170913597,-14.506216992293446,0.2551568724449511,0.03672926494677563,0.027645827059821527,False
121,7,-278.4793337978674,-12.802379876563862,0.2190459543723668,0.07679794418934796,0.06685834663095472,False
121,8,-276.03006945094205,-10.353115529638501,1.303488916446007,0.011323609979964481,0.010161993459946832,False
121,9,-265.67673277456936,0.00022114673419082465,2.2733699223767667,,,True
122,0,-265.67695392130355,0.0,2.445334169213695,,,True
122,1,-276.2719106578546,-10.594956736551069,1.2311975956628247,0.010359583678665399,0.009346741319729637,False
122,2,-278.81055649768496,-13.133602576381406,0.32262430413802057,0.018386092382571197,0.015952698514969218,False
122,3,-280.50646598142646,-14.829512060122909,0.07644761756884759,0.029284094085473732,0.02512288713616526,False
122,4,-280.7511879721113,-15.074234050807775,0.07936820286336245,0.07463699858138317,0.059959764314562326,False
122,5,-281.063608188291,-15.386654266987478,0.29650659041335137,0.2571862104367813,0.23164836703644295,False
122,6,-280.1838054622905,-14.50685154098693,0.2549915198329477,0.036985376332600295,0.027677398190390057,False
122,7,-278.4799076733115,-12.802953752007966,0.2210052525291412,0.0782907369803967,0.06812882617577826,False
122,8,-276.03165275137485,-10.3546988300713,1.3026855665733037,0.01122797676236725,0.010072625963043057,False
122,9,-265.67673277456936,0.00022114673419082465,2.2733699223767667,,,True
123,0,-265.67695392130355,0.0,2.445334169213695,,,True
123,1,-276.27469313717427,-10.597739215870718,1.2297111225770498,0.010228960474700673,0.009221358340832106,False
123,2,-278.81134121075786,-13.13438728945431,0.32207245394674444,0.01838695757329988,0.015963752921854164,False
123,3,-280.5070903886027,-14.830136467299155,0.0772097495134603,0.02888687631584087,0.024970776326120946,False
123,4,-280.75206144289604,-15.075107521592486,0.07984848929420961,0.0750477209744902,0.060144882877610106,False
123,5,-281.0692111884593,-15.392257267155742,0.22572157234700724,0.19096798889248529,0.1635064734203675,False
123,6,-280.18475766521294,-14.507803743909392,0.2547308748808437,0.037333215536825406,0.028131214101960726,False
123,7,-278.48078975091016,-12.803835829606612,0.22403525541261893,0.08060451933369485,0.07009960200943662,False
123,8,-276.0340433163704,-10.35708939506685,1.301470066693836,0.011086666526857431,0.00994098426093012,False
123,9,-265.67673277456936,0.00022114673419082465,2.2733699223767667,,,True
124,0,-265.67695392130355,0.0,2.445334169213695,,,True
124,1,-276.2784455554471,-10.601491634143542,1.2276997018392437,0.010060047423059408,0.009060220453787184,False
124,2,-278.81240034632026,-13.13544642501671,0.3213402490603017,0.018388451371361386,0.015976468692078978,False
124,3,-280.5079220516493,-14.830968130345752,0.07812360040764678,0.028371892196659282,0.024775887652995935,False
124,4,-280.7532247067936,-15.076270785490067,0.08051345389775448,0.075608844366524,0.06042492224288859,False
124,5,-281.07471778123755,-15.397763859934003,0.17052108484677983,0.1769958007461686,0.15218365312198778,False
124,6,-280.1860337382692,-14.509079816965652,0.2543583547251626,0.03772405031093131,0.028682892796062554,False
124,7,-278.4820104738262,-12.805056552522672,0.2282645562537293,0.08384367063022821,0.07286167319046054,False
124,8,-276.03726648216684,-10.360312560863292,1.2998263501316547,0.010902180739993645,0.00976992490983684,False
124,9,-265.67673277456936,0.00022114673419082465,2.2733699223767667,,,True
125,0,-265.67695392130355,0.0,2.445334169213695,,,True
125,1,-276.2831809697884,-10.606227048484868,1.225150455265967,0.009858835707073667,0.008869944072559345,False
125,2,-278.8137384586621,-13.136784537358551,0.3204343036575001,0.01839109040127302,0.015989699770504705,False
125,3,-280.50895637518784,-14.832002453884286,0.079097335772428,0.0277458708769563,0.024547303581128773,False
125,4,-280.754675499399,-15.077721578095463,0.08137845017718287,0.07632552486461508,0.060821917500245626,False
125,5,-281.0798013260275,-15.402847404723957,0.2091165946153584,0.21757385214746114,0.15824653197852517,False
125,6,-280.1876367418879,-14.51068282058435,0.25385446437631415,0.038090588936542456,0.029208826744241533,False
125,7,-278.4836057421304,-12.806651820826858,0.23384892628855888,0.08813573744389418,0.07652559462990625,False
125,8,-276.04133271390845,-10.364378792604896,1.297744818590103,0.010679455972957825,0.009564738927645441,False
125,9,-265.67673277456936,0.00022114673419082465,2.2733699223767667,,,True
126,0,-265.67695392130355,0.0,2.445334169213695,,,True
126,1,-276.28885056130036,-10.611896639996814,1.2220829202480776,0.009635145335412178,0.008660843564710087,False
126,2,-278.8153428318341,-13.138388910530523,0.31937191611651544,0.01839599828044302,0.016003207174390948,False
126,3,-280.5101754981624,-14.833221576858875,0.08002475619494835,0.027021812970262682,0.024299046236712533,False
126,4,-280.7563956270162,-15.079441705712668,0.08244697559417365,0.07719248825823823,0.06134795431881251,False
126,5,-281.08504681311024,-15.408092891806689,0.25212443055631867,0.25958834615967774,0.1887008856785234,False
126,6,-280.18955208029683,-14.512598158993285,0.253204121648898,0.038362734395211456,0.029618323178900615,False
126,7,-278.485602989075,-12.808649067771455,0.24091515789921203,0.0935878886049637,0.08118194753799751,False
126,8,-276.04619921237224,-10.369245291068694,1.2952424561574882,0.010427418665814222,0.009334467443302314,False
126,9,-265.67673277456936,0.00022114673419082465,2.2733699223767667,,,True
127,0,-265.67695392130355,0.0,2.445334169213695,,,True
127,1,-276.29536897609535,-10.618415054791797,1.218536427634885,0.009400500209516131,0.008444714459246846,False
127,2,-278.81719053075426,-13.14023660945071,0.3181737767169839,0.018405015632726843,0.016018228996420282,False
127,3,-280.5115550703689,-14.83460114906535,0.0808109768589353,0.026219723437781013,0.024047228879062372,False
127,4,-280.7583577797849,-15.081403858481337,0.08371312216699035,0.07819935200801006,0.062003387838492324,False
127,5,-281.09141982764334,-15.414465906339785,0.27000871145349425,0.2765831200158122,0.21428679856444158,False
127,6,-280.1917545037843,-14.514800582480746,0.25239745741347375,0.03849166943171877,0.02984585139763202,False
127,7,-278.48802887601767,-12.811074954714115,0.2495776707285592,0.10029756562119274,0.08690913487850895,False
127,8,-276.0517917817972,-10.374837860493642,1.292352373187775,0.010156928385265098,0.009089855309681106,False
127,9,-265.67673277456936,0.00022114673419082465,2.2733699223767667,,,True
128,0,-265.67695392130355,0.0,2.445334169213695,,,True
128,1,-276.30350107433287,-10.626547153029321,1.2140840316302355,0.009140614446489672,0.008210070071286879,False
128,2,-278.81950044949207,-13.142546528188518,0.3167037883093156,0.018422828819804556,0.01603988346413229,False
128,3,-280.51324811312213,-14.836294191818581,0.08143331759940037,0.025651203789586,0.023782303576839185,False
128,4,-280.7607880137722,-15.083834092468635,0.08534089728694703,0.07947238162887893,0.0628753518349901,False
128,5,-281.10032880230284,-15.42337488099929,0.24779498275855,0.25451231778691696,0.19353770971391307,False
128,6,-280.1945060246864,-14.517552103382855,0.2513096542027244,0.03844814302716861,0.029851537176232394,False
128,7,-278.4912745122373,-12.814320590933733,0.26124095835776456,0.10936277320128847,0.09463316141442356,False
128,8,-276.05876506611236,-10.381811144808808,1.2887282984665853,0.009847807508765192,0.008813993319096535,False
128,9,-265.67673277456936,0.00022114673419082465,2.2733699223767667,,,True
129,0,-265.67695392130355,0.0,2.445334169213695,,,True
129,1,-276.3136098419957,-10.636655920692135,1.2085092447306942,0.008866068669817326,0.007969249738058622,False
129,2,-278.82237939150934,-13.145425470205794,0.3148968922857137,0.018457704501242612,0.0160770095411991,False
129,3,-280.51531651315617,-14.838362591852615,0.0817662325776238,0.02532005389512149,0.023524723991711176,False
129,4,-280.7637855235595,-15.086831602255927,0.08742704058377568,0.08108987568113579,0.06401278885580064,False
129,5,-281.1116053674216,-15.434651446118039,0.18612160371877043,0.1931057332478313,0.13065973892991753,False
129,6,-280.1979312817903,-14.520977360486768,0.24984436260623985,0.038209176630290706,0.029581780544409002,False
129,7,-278.49570108404373,-12.81874716274018,0.2771408315832842,0.12174839633400697,0.10514791291084463,False
129,8,-276.06742778633543,-10.390473865031879,1.2841967052236782,0.009505804439958247,0.00851424110753169,False
129,9,-265.67673277456936,0.00022114673419082465,2.2733699223767667,,,True
130,0,-265.67695392130355,0.0,2.445334169213695,,,True
130,1,-276.3262200226964,-10.649266101392868,1.2014981702873948,0.008594966991328789,0.007742080289561513,False
130,2,-278.8259828075239,-13.149028886220378,0.31264655030058963,0.018524681447395608,0.016146529400708126,False
130,3,-280.5178504512268,-14.84089652992327,0.08167478441148832,0.025017115513984743,0.023305715136806564,False
130,4,-280.76749533991205,-15.090541418608495,0.09011355193146461,0.08318105315627829,0.06548209808115321,False
130,5,-281.12390397310753,-15.44695005180398,0.1633024621830851,0.134088093476476,0.11445363297182687,False
130,6,-280.20220737291163,-14.52525345160808,0.24786162775046944,0.03781460351767883,0.02903894629793072,False
130,7,-278.5019544376855,-12.825000516381976,0.2992836683869681,0.1389796963173597,0.11968829550165494,False
130,8,-276.07822584782815,-10.4012719265246,1.2785063262812504,0.009142185533309234,0.008203601468617164,False
130,9,-265.67673277456936,0.00022114673419082465,2.2733699223767667,,,True
131,0,-265.67695392130355,0.0,2.445334169213695,,,True
131,1,-276.3419221332855,-10.664968211981943,1.1926898995186392,0.008357886119192536,0.007559406987232593,False
131,2,-278.8304885104447,-13.153534589141145,0.30980984271238043,0.01864963174471683,0.016276747988061398,False
131,3,-280.5209481204623,-14.843994199158772,0.08106650118937152,0.024786846999767135,0.023166015074311912,False
131,4,-280.7720919982548,-15.09513807695123,0.09357490475364305,0.08592105730616452,0.06735525626897443,False
131,5,-281.13660388141295,-15.459649960109402,0.22306777716319517,0.18234987964047555,0.14395784020732288,False
131,6,-280.20753430043976,-14.530580379136211,0.24518108241915737,0.03738806870457682,0.028315215405728813,False
131,7,-278.511147657954,-12.834193736650434,0.3304552005918014,0.16303552726973955,0.13977373822364542,False
131,8,-276.09166112612013,-10.41470720481658,1.2713691650314571,0.008779792057844226,0.00790559210021981,False
131,9,-265.67673277456936,0.00022114673419082465,2.2733699223767667,,,True
132,0,-265.67695392130355,0.0,2.445334169213695,,,True
132,1,-276.3611666505126,-10.684212729209037,1.1817914346302163,0.008197649311040252,0.007460936411264166,False
132,2,-278.836037850982,-13.159083929678445,0.3062412955351781,0.018870920664657044,0.016505542869467538,False
132,3,-280.5246756323048,-14.84772171100127,0.07994762763420747,0.024670659939219027,0.023143369663824184,False
132,4,-280.7777398572292,-15.100785935925671,0.09798024460831731,0.08948693122110253,0.06969313880440978,False
132,5,-281.1515227017703,-15.474568780466768,0.2440760673690122,0.20053491192934478,0.16550062419480047,False
132,6,-280.21407082786527,-14.537116906561721,0.24159889730724493,0.03705968105403925,0.0275365573219988,False
132,7,-278.5250972863613,-12.848143365057751,0.3733408905408804,0.19534971624575712,0.1662041370145133,False
132,8,-276.1081192998272,-10.431165378523644,1.262552314209116,0.00845610537769682,0.007655529489407378,False
132,9,-265.67673277456936,0.00022114673419082465,2.2733699223767667,,,True
133,0,-265.67695392130355,0.0,2.445334169213695,,,True
133,1,-276.3844449147441,-10.707490993440558,1.16848092437738,0.008164518867236733,0.007490031122692049,False
133,2,-278.84278954853403,-13.165835627230479,0.3017678374106041,0.01924117566113396,0.016879070905735056,False
133,3,-280.52910055095504,-14.852146629651486,0.07834789037469611,0.024698892180716636,0.023268649371317108,False
133,4,-280.7846602535854,-15.10770633228185,0.10354012186320138,0.09407134830426991,0.07261748084918657,False
133,5,-281.17002139302326,-15.493067471719712,0.19359501974420573,0.1575473042952197,0.11832635168874367,False
133,6,-280.2219939817507,-14.54504006044715,0.2368437666858174,0.036812658033203015,0.026946457141109367,False
133,7,-278.54702336513924,-12.870069443835689,0.4294749171539071,0.2353267096637262,0.19752546976863103,False
133,8,-276.1280289764245,-10.451075055120953,1.2517971090926485,0.008220248478196536,0.0074969230819553,False
133,9,-265.67673277456936,0.00022114673419082465,2.2733699223767667,,,True
134,0,-265.67695392130355,0.0,2.445334169213695,,,True
134,1,-276.412452232959,-10.735498311655476,1.152322140937914,0.008312389946121173,0.007689475029245204,False
134,2,-278.85097085023057,-13.174016928927017,0.2961684057578189,0.01983278617954104,0.017456915667189623,False
134,3,-280.53432021549327,-14.857366294189717,0.07618657252567165,0.02489598112455843,0.023569850968334933,False
134,4,-280.7932003477382,-15.116246426434657,0.11051979554816446,0.09985521627942485,0.0763613103122846,False
134,5,-281.1895074115935,-15.512553490289974,0.1442585877854183,0.1355825931539263,0.1239436441523145,False
134,6,-280.2315473655467,-14.554593444243153,0.23054153334925642,0.03639010514279499,0.027073854653068403,False
134,7,-278.5827749249743,-12.905821003670724,0.49900087429700735,0.27926781584720256,0.22867550255387942,False
134,8,-276.1520142177568,-10.47506029645325,1.238741503317559,0.008135212502332605,0.007482600429946404,False
134,9,-265.67673277456936,0.00022114673419082465,2.2733699223767667,,,True
135,0,-265.67695392130355,0.0,2.445334169213695,,,True
135,1,-276.4458006665333,-10.768846745229723,1.132925817248349,0.008687399936949048,0.008091359807086272,False
135,2,-278.86079547259044,-13.18384155128689,0.2892572604387809,0.02074233253593497,0.018321962582165452,False
135,3,-280.5404084968036,-14.863454575500043,0.07315786712345557,0.02529113664030942,0.02406976531443118,False
135,4,-280.8037920987579,-15.126838177454374,0.1190406623805803,0.10678734750816203,0.08102549794385006,False
135,5,-281.209682057674,-15.532728136370451,0.18512247902648826,0.18836975816055174,0.17897450070180154,False
135,6,-280.24295189416944,-14.565997972865887,0.222312758983731,0.035474220704887004,0.027232193056866767,False
135,7,-278.6427086470203,-12.96575472571675,0.5987654070332963,0.3317763378566597,0.2761602435407219,False
135,8,-276.18068568703256,-10.503731765729015,1.223025890492639,0.008281395021399345,0.0076783887830377436,False
135,9,-265.67673277456936,0.00022114673419082465,2.2733699223767667,,,True
136,0,-265.67695392130355,0.0,2.445334169213695,,,True
136,1,-276.48484419918077,-10.80789027787722,1.1100457614082333,0.0093147852380156,0.008706805688282953,False
136,2,-278.8724140375697,-13.195460116266133,0.28092858923435965,0.02209775059861011,0.019596698777313765,False
136,3,-280.54738368143387,-14.870429760130321,0.06877889011405035,0.025910992758888432,0.024778757735106006,False
136,4,-280.8169273143293,-15.139973393025741,0.1287751205473694,0.1143999333049415,0.08626438433173222,False
136,5,-281.2350472463215,-15.558093325017978,0.16229367909082304,0.14957702586194455,0.136250045555005,False
136,6,-280.25636166711104,-14.579407745807487,0.21200190677555486,0.03442004635176874,0.02748259689693523,False
136,7,-278.7482353266688,-13.071281405365255,0.7432699579841683,0.3800144333709927,0.31430527562689503,False
136,8,-276.2145615526133,-10.537607631309754,1.2043179560476776,0.00876686368002916,0.008175601063569165,False
136,9,-265.67673277456936,0.00022114673419082465,2.2733699223767667,,,True
137,0,-265.67695392130355,0.0,2.445334169213695,,,True
137,1,-276.5201609606749,-10.84320703937135,1.0892823516901147,0.00995548696920141,0.00929584066785105,False
137,2,-278.8830519684728,-13.206098047169235,0.2732387438888693,0.023588891960137175,0.021004766489365168,False
137,3,-280.553564878436,-14.87661095713247,0.06403077802376773,0.0265154504211229,0.025455150933465804,False
137,4,-280.82963116458154,-15.152677243277992,0.13665293787788405,0.12024787152236198,0.09072824922258038,False
137,5,-281.25675317282634,-15.579799251522786,0.22015996990666334,0.17765742877884738,0.14722517968828067,False
137,6,-280.26858809925875,-14.5916341779552,0.20272157128132834,0.03576407239036312,0.030005130028386166,False
137,7,-278.8644735664582,-13.187519645154623,0.5628721751921407,0.3269607974932508,0.2349070561851576,False
137,8,-276.24579567931653,-10.56884175801298,1.1869560220141093,0.009501290574182383,0.008875543464156466,False
137,9,-265.67673277456936,0.00022114673419082465,2.2733699223767667,,,True
138,0,-265.67695392130355,0.0,2.445334169213695,,,True
138,1,-276.554618966933,-10.877665045629442,1.0690626693984626,0.01053327002253764,0.009782304117613229,False
138,2,-278.89358589248206,-13.216631971178515,0.2656474027872561,0.02528817517104209,0.022619220508192917,False
138,3,-280.55949512449877,-14.882541203195217,0.059049298762691126,0.027026604314448054,0.026050443714826448,False
138,4,-280.8429206016194,-15.165966680315876,0.14267572013505347,0.12431503484852763,0.09472204530890291,False
138,5,-281.27926602335117,-15.60231210204762,0.2396452282524818,0.1919595705199709,0.16155080614707062,False
138,6,-280.2806650233433,-14.603711102039767,0.1945211385489359,0.039210399604840664,0.03300508205350377,False
138,7,-278.90817333579804,-13.23121941449449,0.32405223780883347,0.44398588476697015,0.3519045650873891,False
138,8,-276.2773476904862,-10.60039376918263,1.169297475269958,0.010509242709018877,0.009808315731837176,False
138,9,-265.67673277456936,0.00022114673419082465,2.2733699223767667,,,True
139,0,-265.67695392130355,0.0,2.445334169213695,,,True
139,1,-276.5560476489437,-10.879093727640168,1.068323663378412,0.010466346121055492,0.009703347509344542,False
139,2,-278.8940598292582,-13.217105907954647,0.2653591222666392,0.025328514695354482,0.022662838037091865,False
139,3,-280.55974108667135,-14.882787165367802,0.058969959663558134,0.026975614571965126,0.026019808257808648,False
139,4,-280.843621048485,-15.166667127181427,0.1429244335312504,0.12439986083911848,0.0954260328225398,False
139,5,-281.2808898714451,-15.603935950141533,0.2269175130500941,0.18406638663251423,0.1634150269188817,False
139,6,-280.2812746272849,-14.604320705981365,0.1946171847745695,0.039290059861454125,0.03302414336624472,False
139,7,-278.9214384152082,-13.244484493904622,0.3030860151906323,0.3604372077110381,0.2857209702628016,False
139,8,-276.2790530091247,-10.60209908782116,1.1683749739979723,0.010548036307428796,0.009838549788143485,False
139,9,-265.67673277456936,0.00022114673419082465,2.2733699223767667,,,True
140,0,-265.67695392130355,0.0,2.445334169213695,,,True
140,1,-276.5589257026062,-10.881971781302639,1.0668197404340032,0.010338166755675417,0.0095514122428896,False
140,2,-278.8950150911011,-13.218061169797522,0.2647777234309558,0.025421552069854497,0.0227584512779897,False
140,3,-280.560236082174,-14.883282160870465,0.05881075982610753,0.026887454663008244,0.025964612978059375,False
140,4,-280.8450334539683,-15.168079532664763,0.14347093922196447,0.12462659678908007,0.09659781108169105,False
140,5,-281.28386510180917,-15.60691118050562,0.21183432897916118,0.17834254586973178,0.1669083753147829,False
140,6,-280.2825027597636,-14.605548838460038,0.19478165218544508,0.0393710814950772,0.03299196831890191,False
140,7,-278.94002273347394,-13.263068812170388,0.263727476666232,0.26770426448854495,0.19627605267162923,False
140,8,-276.2824865590444,-10.60553263774085,1.1665098444637612,0.010627887097049725,0.009901345842932629,False
140,9,-265.67673277456936,0.00022114673419082465,2.2733699223767667,,,True
141,0,-265.67695392130355,0.0,2.445334169213695,,,True
141,1,-276.5633490470211,-10.88639512571757,1.0644681944174867,0.010158491581990477,0.009336957602889325,False
141,2,-278.89648470783226,-13.219530786528708,0.26388228094251637,0.025592810729104402,0.022925451260371443,False
141,3,-280.56099569104276,-14.884041769739213,0.05856861099836107,0.026784839903874723,0.025894716703287364,False
141,4,-280.84721048695735,-15.170256565653801,0.14433828862757553,0.1250176165246795,0.09780242918799203,False
141,5,-281.2880646896282,-15.611110768324636,0.20696148714400772,0.1837754501182072,0.17139678532058422,False
141,6,-280.2843924842996,-14.607438562996037,0.19495199339161526,0.03925491188174082,0.03273337736845079,False
141,7,-278.954622878019,-13.277668956715445,0.3267698676317829,0.21058193295386496,0.14946581592100852,False
141,8,-276.2877607468016,-10.61080682549806,1.1636253749684224,0.010752939614831881,0.010000965457186544,False
141,9,-265.67673277456936,0.00022114673419082465,2.2733699223767667,,,True
142,0,-265.67695392130355,0.0,2.445334169213695,,,True
142,1,-276.56945800736105,-10.8925040860575,1.0611442327766936,0.009943552588293877,0.009078394246219396,False
142,2,-278.89851743045244,-13.221563509148893,0.2626414153359014,0.025877605623553932,0.02319394693141406,False
142,3,-280.5620427261639,-14.885088804860345,0.05824155370759568,0.02669017758389018,0.025819820569619734,False
142,4,-280.85023455557564,-15.17328063427209,0.1454258703593851,0.12545717939078566,0.09851169643514582,False
142,5,-281.29383113423273,-15.616877212929182,0.2105682021761488,0.19220352555991038,0.1754016131461187,False
142,6,-280.2870076282619,-14.610053706958354,0.1950148333025978,0.039618501070043693,0.031972034347359575,False
142,7,-278.9616303610072,-13.284676439703674,0.4966770124272578,0.14923620511950061,0.12510670432727408,False
142,8,-276.29504322288426,-10.61808930158071,1.1596080946071263,0.010926640442998974,0.010141415848980245,False
142,9,-265.67673277456936,0.00022114673419082465,2.2733699223767667,,,True
143,0,-265.67695392130355,0.0,2.445334169213695,,,True
143,1,-276.5771233465336,-10.900169425230047,1.0568691535201427,0.00972185968383579,0.008809590019396447,False
143,2,-278.9010731952123,-13.224119273908741,0.2610769117502283,0.026296657436578826,0.023584590848943227,False
143,3,-280.5633535216289,-14.886399600325376,0.0578451797016209,0.02660936997096794,0.025743576198406525,False
143,4,-280.85405997876285,-15.177106057459298,0.14649529498781055,0.12572239516433537,0.0984549313571595,False
143,5,-281.3013412680392,-15.62438734673566,0.21170674458484906,0.1900474724133407,0.17659635678934973,False
143,6,-280.2902907310587,-14.61333680975514,0.19483124947879157,0.040833447647333,0.030552335632904645,False
143,7,-278.96487683442217,-13.28792291311862,0.6061746128165443,0.2279276728190982,0.20140220852259597,False
143,8,-276.30418368416554,-10.627229762861987,1.1545228722766008,0.011144750474822822,0.010320372852737326,False
143,9,-265.67673277456936,0.00022114673419082465,2.2733699223767667,,,True
144,0,-265.67695392130355,0.0,2.445334169213695,,,True
144,1,-276.5860844239413,-10.909130502637765,1.0517560132457617,0.009520937895026465,0.008564166012993767,False
144,2,-278.9040684791101,-13.227114557806544,0.259237230188455,0.026853712750942366,0.024104557080565553,False
144,3,-280.5648819915344,-14.887928070230828,0.05739939800902218,0.026528745234329493,0.025662002964407217,False
144,4,-280.85857167680877,-15.181617755505215,0.14732555511281817,0.125642100166111,0.09779160608300069,False
144,5,-281.3101451316852,-15.633191210381653,0.21187912030427986,0.17981200821052573,0.17296071020411294,False
144,6,-280.29412173864904,-14.61716781734549,0.19428476048960422,0.04187855875415073,0.031006906681733393,False
144,7,-278.970194295532,-13.293240374228446,0.6496627028303934,0.2597026179620776,0.22363046587506272,False
144,8,-276.31487633685015,-10.637922415546598,1.1485327834035328,0.011399993692114366,0.010532263842155259,False
144,9,-265.67673277456936,0.00022114673419082465,2.2733699223767667,,,True
145,0,-265.67695392130355,0.0,2.445334169213695,,,True
145,1,-276.5961715785633,-10.919217657259765,1.0458848184749021,0.009360711950036862,0.008367026534676482,False
145,2,-278.90745039682736,-13.230496475523807,0.2571536254165014,0.02754953728492662,0.02475757445408214,False
145,3,-280.5665978011113,-14.88964387980775,0.0569111230889826,0.026430092367977862,0.02557031347740651,False
145,4,-280.86369233687105,-15.186738415567504,0.14774868154413143,0.125105770170517,0.09689677159346635,False
145,5,-281.31966041316593,-15.642706491862384,0.2163935448822968,0.17147616038765126,0.16377426791698999,False
145,6,-280.29842258321116,-14.621468661907613,0.1932687347151729,0.04273873183238047,0.03218174032572819,False
145,7,-278.9801575017102,-13.30320358040666,0.6293995537672292,0.24428604389920286,0.19513761234888582,False
145,8,-276.32692330996406,-10.649969388660509,1.1417527126045313,0.011687163661738971,0.010772196060392689,False
145,9,-265.67673277456936,0.00022114673419082465,2.2733699223767667,,,True
146,0,-265.67695392130355,0.0,2.445334169213695,,,True
146,1,-276.6085973493499,-10.931643428046357,1.038528485035389,0.009248134986428748,0.008226259381758898,False
146,2,-278.9116325246422,-13.234678603338637,0.2545725906065017,0.028486519173915665,0.025642349061545604,False
146,3,-280.56870495069614,-14.891751029392594,0.05630448533683664,0.026290458719621428,0.0254590565639709,False
146,4,-280.8700454607332,-15.193091539429645,0.14748127522699653,0.12377635247783943,0.09603709845771939,False
146,5,-281.330792246074,-15.653838324770447,0.2187407735730663,0.16429650533534926,0.1483991539490184,False
146,6,-280.3037078115267,-14.626753890223142,0.19145328010496915,0.04346637165434138,0.03316570194211316,False
146,7,-278.9945418308214,-13.31758790951784,0.5347752420096524,0.16491919512018177,0.13004224957948526,False
146,8,-276.3417787077311,-10.664824786427573,1.1333748027417914,0.012039316141898593,0.011066339257852968,False
146,9,-265.67673277456936,0.00022114673419082465,2.2733699223767667,,,True
147,0,-265.67695392130355,0.0,2.445334169213695,,,True
147,1,-276.62401247182686,-10.947058550523309,1.0292857158176227,0.009219012850575078,0.008181632482009723,False
147,2,-278.91684783938126,-13.239893918077712,0.2513616404575348,0.02974591274254712,0.02683786169000208,False
147,3,-280.5713099546445,-14.894356033340955,0.05548292541857874,0.02612313649006026,0.025346265976795863,False
147,4,-280.8779638001147,-15.201009878811135,0.14566611736870444,0.12083872479818024,0.09524351951289213,False
147,5,-281.34399572529264,-15.667041803989093,0.20060855291916047,0.14504005163840267,0.1289686237412887,False
147,6,-280.31024166764826,-14.633287746344706,0.18839077682668265,0.04384319156341069,0.033721140546735646,False
147,7,-279.00779991532875,-13.330845994025196,0.3582957980100345,0.08895766250059045,0.06867418139975784,False
147,8,-276.36022906994515,-10.683275148641599,1.12297669930371,0.012472029182622345,0.011424954883662675,False
147,9,-265.67673277456936,0.00022114673419082465,2.2733699223767667,,,True
148,0,-265.67695392130355,0.0,2.445334169213695,,,True
148,1,-276.6432634588519,-10.96630953754834,1.0176629322572617,0.009320852586905667,0.008279234837192267,False
148,2,-278.92340771938143,-13.24645379807788,0.24737094293971945,0.03145504923611953,0.028461866801850092,False
148,3,-280.57455083209607,-14.897596910792515,0.05423841827133523,0.02600624064162849,0.025289039740509042,False
148,4,-280.8878284659175,-15.210874544613944,0.14033742481087821,0.11444200211217037,0.09313239414258982,False
148,5,-281.35935292839736,-15.682399007093807,0.15903671861689014,0.11255720475417381,0.10941000250248635,False
148,6,-280.31834140912895,-14.641387487825398,0.1834734220880412,0.04343128771113388,0.03340204305235449,False
148,7,-279.015110563328,-13.338156642024444,0.251698176979482,0.16646942248199786,0.15648224093751414,False
148,8,-276.38329937390654,-10.706345452602989,1.110006258687193,0.013001864107735371,0.011858335248896823,False
148,9,-265.67673277456936,0.00022114673419082465,2.2733699223767667,,,True
149,0,-265.67695392130355,0.0,2.445334169213695,,,True
149,1,-276.6666683656855,-10.989714444381946,1.003491022483956,0.00959860959906565,0.00855243328071028,False
149,2,-278.93146104732114,-13.254507126017586,0.24260033328026825,0.033787629440190634,0.030660810590958168,False
149,3,-280.5784755988467,-14.901521677543144,0.05233437247793984,0.026035706007831713,0.02534680769113799,False
149,4,-280.89957646426694,-15.222622542963393,0.12753871160720842,0.10108154790274015,0.08554228111702317,False
149,5,-281.3763305485961,-15.699376627292565,0.1252682125972453,0.09031790842026705,0.0894862403402479,False
149,6,-280.328083127687,-14.651129206383473,0.17646191843991643,0.04218724907010017,0.03212819931250466,False
149,7,-279.02328097975646,-13.346327058452914,0.24358304894515173,0.22488111566689303,0.19630075350907186,False
149,8,-276.41138067375294,-10.734426752449394,1.094213151603233,0.013643904446417483,0.012382046402798958,False
149,9,-265.67673277456936,0.00022114673419082465,2.2733699223767667,,,True
150,0,-265.67695392130355,0.0,2.445334169213695,,,True
150,1,-276.6946333741207,-11.017679452817163,0.9865392826265807,0.010091225660930011,0.009022102931485643,False
150,2,-278.9412159641894,-13.264262042885832,0.23710013730905352,0.037035575455629535,0.033691287517147624,False
150,3,-280.5831481162912,-14.906194194987677,0.04966571729915156,0.02619292703696695,0.02550662344598656,False
150,4,-280.9128035611303,-15.235849639826768,0.10059991155189062,0.07759322233845022,0.06766785124880442,False
150,5,-281.39551504327346,-15.718561121969913,0.11079870377796784,0.07234708166277734,0.06431812159050057,False
150,6,-280.33962099820644,-14.662667076902892,0.16743562355105374,0.040569759461328576,0.03260062051656999,False
150,7,-279.0397277284305,-13.362773807126928,0.2122984655269652,0.13610989304150528,0.10119548440798032,False
150,8,-276.4449674117817,-10.768013490478154,1.0752624706808083,0.014411231859023568,0.013011165156942847,False
150,9,-265.67673277456936,0.00022114673419082465,2.2733699223767667,,,True
151,0,-265.67695392130355,0.0,2.445334169213695,,,True
151,1,-276.7283170291442,-11.051363107840643,0.9661517930219604,0.010826534017556568,0.009689489159989366,False
151,2,-278.9532104241842,-13.276256502880642,0.2309242705203765,0.04174386568485393,0.03806551364604101,False
151,3,-280.58876240736333,-14.911808486059783,0.047158982133500185,0.026303485820985215,0.025659785449887347,False
151,4,-280.9268672300405,-15.24991330873695,0.1078586981149539,0.09676835561713436,0.08703098775129453,False
151,5,-281.4173170056844,-15.740363084380874,0.13460020383130314,0.07406677928485679,0.06634549630372091,False
151,6,-280.3534168026995,-14.676462881395935,0.15678326445762142,0.04011140708801596,0.03417892750471895,False
151,7,-279.05562316421924,-13.378669242915691,0.3779277451912376,0.11681813340710515,0.09391340182943386,False
151,8,-276.4854500293652,-10.80849610806166,1.0523582412585593,0.015301528296410762,0.0137372096810013,False
151,9,-265.67673277456936,0.00022114673419082465,2.2733699223767667,,,True
152,0,-265.67695392130355,0.0,2.445334169213695,,,True
152,1,-276.76864443384443,-11.091690512540879,0.9418166864554673,0.011826203551953315,0.010544337179281086,False
152,2,-278.96804456549046,-13.291090644186909,0.22431653457748527,0.04877281276449043,0.04458665015689698,False
152,3,-280.5954768391557,-14.918522917852158,0.044417611954049224,0.026300180704530066,0.025734369403377762,False
152,4,-280.9409419808235,-15.263988059519932,0.13628544528461858,0.12995465175460671,0.12009150614811111,False
152,5,-281.44202376922567,-15.76506984792212,0.12428200417073075,0.08118534699848544,0.06282336945498815,False
152,6,-280.3698495442627,-14.692895622959156,0.14579935142833317,0.04202344719143991,0.03534181994099211,False
152,7,-279.0726573749616,-13.39570345365803,0.4600315606752201,0.17235233463128535,0.13480790403451148,False
152,8,-276.5339206027688,-10.856966681465224,1.024920871557883,0.01631960810163834,0.014553837888044605,False
152,9,-265.67673277456936,0.00022114673419082465,2.2733699223767667,,,True
153,0,-265.67695392130355,0.0,2.445334169213695,,,True
153,1,-276.8113141500533,-11.134360228749756,0.916212225597822,0.012955037023379098,0.011446313742423789,False
153,2,-278.9845496518533,-13.307595730549735,0.21843065171413567,0.05820244802364691,0.05331285478971674,False
153,3,-280.6025871816921,-14.925633260388565,0.04152697919637322,0.02633273674150238,0.025782254687276136,False
153,4,-280.95645978311046,-15.27950586180691,0.17998393320765574,0.17843721431136814,0.16778768583660514,False
153,5,-281.46634943352973,-15.789395512226179,0.13115838573907046,0.09280506936178548,0.06944411743560898,False
153,6,-280.38727531795394,-14.710321396650386,0.13677587625203128,0.04366161917535745,0.03564155883598968,False
153,7,-279.09367438495997,-13.416720463656418,0.3252423611878,0.08352530267827639,0.06533061984548587,False
153,8,-276.5851602831183,-10.908206361814734,0.9960581574257041,0.017333880045054616,0.015334810122677706,False
153,9,-265.67673277456936,0.00022114673419082465,2.2733699223767667,,,True
154,0,-265.67695392130355,0.0,2.445334169213695,,,True
154,1,-276.85354361834203,-11.17658969703848,0.8910846711773774,0.014044046978765067,0.012242250812266906,False
154,2,-279.00215735993663,-13.325203438633082,0.21410587667960784,0.07005113905018598,0.06427814707423966,False
154,3,-280.6096516793335,-14.932697758029974,0.03861103452490285,0.026286549394241347,0.025762277297265435,False
154,4,-280.981796277689,-15.30484235638545,0.24274068665397946,0.23749873723151682,0.22482159737433238,False
154,5,-281.4886756504984,-15.811721729194858,0.13664067505836514,0.09707899133092447,0.07310056455815106,False
154,6,-280.4046020413699,-14.727648120066362,0.1297536733061956,0.0445939156004714,0.03615778463858825,False
154,7,-279.1112761470073,-13.434322225703738,0.18862808631011083,0.12054728726041007,0.10679559955522389,False
154,8,-276.6357509146268,-10.958796993323233,0.9678835740477874,0.018206538802817845,0.015941535094911252,False
154,9,-265.67673277456936,0.00022114673419082465,2.2733699223767667,,,True
155,0,-265.67695392130355,0.0,2.445334169213695,,,True
155,1,-276.8935773651976,-11.216623443894036,0.8674429669772059,0.014994959442066089,0.012864247741289608,False
155,2,-279.02072354932415,-13.343769628020596,0.2118817507035258,0.08426005956818933,0.07740366841156422,False
155,3,-280.6163937719476,-14.939439850644078,0.037056468482441055,0.026204022429704855,0.0257294416866846,False
155,4,-281.02213919493875,-15.345185273635195,0.3193685770212508,0.29769514810870007,0.2800149857780557,False
155,5,-281.50878257781926,-15.831828656515711,0.13743079993342078,0.09360062843189372,0.07065311361831028,False
155,6,-280.42116515773296,-14.744211236429408,0.1237782523680691,0.04507221592562099,0.037006953789168635,False
155,7,-279.13080965772986,-13.453855736426306,0.17440538377936077,0.0962767054532011,0.07951655154016848,False
155,8,-276.68351408727017,-11.006560165966619,0.9415938936413242,0.018888459116207672,0.01634172349814685,False
155,9,-265.67673277456936,0.00022114673419082465,2.2733699223767667,,,True
156,0,-265.67695392130355,0.0,2.445334169213695,,,True
156,1,-276.93041412138916,-11.253460200085613,0.845910562588168,0.016290261262640868,0.013266559109798346,False
156,2,-279.040475504248,-13.36352158294443,0.22788332640625497,0.10342337193874296,0.09227798260266333,False
156,3,-280.6226629412711,-14.945709019967524,0.03598875665963007,0.02623872735153095,0.025784750548695008,False
156,4,-281.0794224036758,-15.402468482372228,0.41061979933367726,0.36056666646735147,0.3342852169360545,False
156,5,-281.5267583011946,-15.849804379891054,0.132922695002494,0.08784752889601158,0.06837185860343722,False
156,6,-280.43654335999804,-14.75958943869449,0.118323532027482,0.045556590566451616,0.03696554997513811,False
156,7,-279.1485945741534,-13.471640652849828,0.2439031061755258,0.07165796138485879,0.05452661981772182,False
156,8,-276.7271840431039,-11.050230121800325,0.9178348284470752,0.019347360004325263,0.016523042825731932,False
156,9,-265.67673277456936,0.00022114673419082465,2.2733699223767667,,,True
157,0,-265.67695392130355,0.0,2.445334169213695,,,True
157,1,-276.9638982173362,-11.28694429603263,0.8266424546429413,0.0181680818642303,0.014383517316623047,False
157,2,-279.06207080118577,-13.385116879882219,0.25877502296741184,0.13053556986685266,0.10769691833265788,False
157,3,-280.6284404928253,-14.951486571521741,0.03502519923285013,0.02636942156367896,0.025916387522387306,False
157,4,-281.16327978266287,-15.486325861359319,0.5530617690071581,0.45725250332598477,0.4211615749317158,False
157,5,-281.54276598806644,-15.865812066762885,0.12282865860220328,0.07975484899817407,0.06579231415069318,False
157,6,-280.45062116156595,-14.773667240262398,0.11331769236048904,0.04612206823782066,0.03635130907455912,False
157,7,-279.1644035915539,-13.487449670250328,0.3065667213889302,0.10501507776768985,0.09315205571022163,False
157,8,-276.76653821878597,-11.089584297482418,0.8966636344928464,0.019609215274061696,0.016531396861573847,False
157,9,-265.67673277456936,0.00022114673419082465,2.2733699223767667,,,True
158,0,-265.67695392130355,0.0,2.445334169213695,,,True
158,1,-276.9930621606003,-11.316108239296739,0.8101964637838516,0.020005771321965148,0.01571982925916442,False
158,2,-279.0852866207905,-13.408332699486948,0.289384698765377,0.15897652794841355,0.12021417464967754,False
158,3,-280.6335535962256,-14.956599674922074,0.034137085437517624,0.026503731010081626,0.026063848381175724,False
158,4,-281.2919028171362,-15.61494889583264,0.7076016109446805,0.5479853836620654,0.49899751934279435,False
158,5,-281.55608690677843,-15.879132985474882,0.10750782602033448,0.06688108298511868,0.059124810833900976,False
158,6,-280.46291275091437,-14.78595882961082,0.10892538900102905,0.04652984620458219,0.03620218464006733,False
158,7,-279.1801994115683,-13.50324549026476,0.28268372353653126,0.05965135189919668,0.05656586077714177,False
158,8,-276.8004514236631,-11.123497502359555,0.8786166650501747,0.019712696888854506,0.016429406537173903,False
158,9,-265.67673277456936,0.00022114673419082465,2.2733699223767667,,,True
159,0,-265.67695392130355,0.0,2.445334169213695,,,True
159,1,-277.01753266332764,-11.340578742024093,0.7967046005958043,0.02171816065703929,0.01696500176506959,False
159,2,-279.10928478117387,-13.43233085987032,0.31251681185794056,0.18223918500461173,0.12475788010544246,False
159,3,-280.63792217317484,-14.960968251871293,0.03335666409388847,0.0266910742867395,0.026225111668049014,False
159,4,-281.4380551200835,-15.761101198779954,0.5422168390610141,0.39644246675671324,0.2739459151418834,False
159,5,-281.5666099253657,-15.889656004062147,0.08976378232199354,0.056783294559077054,0.04907525118349862,False
159,6,-280.473233392126,-14.79627947082247,0.10511399220496018,0.046783239896311744,0.03648215284553269,False
159,7,-279.1933095129323,-13.516355591628724,0.22777879148903335,0.061597071574827,0.057107937126006085,False
159,8,-276.82854692095265,-11.151592999649097,0.8638213817484959,0.01968505506545274,0.016255004558184277,False
159,9,-265.67673277456936,0.00022114673419082465,2.2733699223767667,,,True
160,0,-265.67695392130355,0.0,2.445334169213695,,,True
160,1,-277.0399052487187,-11.362951327415146,0.7875872500006323,0.023434353302367806,0.018211988920033416,False
160,2,-279.1354649796034,-13.458511058299848,0.3222095814394757,0.191998174565552,0.12512249093735095,False
160,3,-280.6420019051709,-14.96504798386735,0.03264595054566835,0.02800713814285509,0.026424264932098533,False
160,4,-281.4884812081217,-15.811527286818148,0.7301657942647614,0.7043099831941229,0.6638135593690857,False
160,5,-281.5755430849921,-15.898589163688541,0.09109745086235459,0.044958201236557215,0.038020377456499235,False
160,6,-280.4826749976908,-14.805721076387272,0.10136190941476576,0.046819321747266045,0.03678063739448385,False
160,7,-279.2051817315197,-13.528227810216151,0.19569104408300195,0.07207326855455491,0.0666336717796209,False
160,8,-276.8538334177191,-11.176879496415552,0.8506398853412358,0.019528336909423717,0.016001078345299832,False
160,9,-265.67673277456936,0.00022114673419082465,2.2733699223767667,,,True
161,0,-265.67695392130355,0.0,2.445334169213695,,,True
161,1,-277.0443042615323,-11.367350340228768,0.7866305905000811,0.023619667974920235,0.018272729648505695,False
161,2,-279.14295476156633,-13.46600084026278,0.32488707522899,0.18750798930418378,0.12183795221718616,False
161,3,-280.6429514043184,-14.96599748301486,0.03259486988737901,0.028190795299698156,0.026302828588413863,False
161,4,-281.5375856395902,-15.86063171828664,0.34693933107774205,0.24630295028782342,0.1862853100101113,False
161,5,-281.5775571983361,-15.90060327703253,0.08233864549420868,0.04535118523033944,0.03956830541392439,False
161,6,-280.48475291145894,-14.80779899015539,0.10004859242786088,0.046274905288364296,0.036332310884770846,False
161,7,-279.20884405837955,-13.531890137076005,0.22608382582546752,0.07268726069343821,0.0678454967522499,False
161,8,-276.85835174447016,-11.181397823166606,0.8483855798894016,0.019213445673843334,0.01569942617082385,False
161,9,-265.67673277456936,0.00022114673419082465,2.2733699223767667,,,True
162,0,-265.67695392130355,0.0,2.445334169213695,,,True
162,1,-277.05354839509323,-11.37659447378968,0.7846712983496095,0.02410200796449282,0.018588135216719683,False
162,2,-279.1580020548138,-13.481048133510228,0.31576573392970947,0.1660940545958321,0.10546123555901038,False
162,3,-280.6449416511485,-14.967987729844936,0.033040868787825944,0.028583676712373197,0.02604130218000466,False
162,4,-281.5464761778388,-15.869522256535276,0.6705609855851696,0.5018128320364431,0.46553051326542116,False
162,5,-281.5815312089711,-15.904577287667564,0.0769423698999691,0.04287993750502478,0.040186515398696825,False
162,6,-280.4890578887596,-14.81210396745604,0.09760209923017155,0.045312050296289375,0.03630114914823176,False
162,7,-279.21453888335014,-13.537584962046594,0.2657289727567143,0.07698135268581809,0.0720107993232213,False
162,8,-276.8678194813232,-11.190865560019631,0.8437069443629874,0.018606631403025556,0.015167368201085848,False
162,9,-265.67673277456936,0.00022114673419082465,2.2733699223767667,,,True
163,0,-265.67695392130355,0.0,2.445334169213695,,,True
163,1,-277.06700868973587,-11.390054768432321,0.7818295025106228,0.024988664752452292,0.019327477436082895,False
163,2,-279.1757816989285,-13.498827777624967,0.25944814026765617,0.10222453378714816,0.06482986909184589,False
163,3,-280.64782189242396,-14.970867971120413,0.03379908967157816,0.029152527611621636,0.026313013129407252,False
163,4,-281.5955362472321,-15.918582325928526,0.550261025654553,0.39126334029389304,0.35545211449730524,False
163,5,-281.58681947025855,-15.909865548954997,0.08259859856329117,0.03764343288661465,0.03727735385159447,False
163,6,-280.49519542279154,-14.81824150148799,0.09460620355272954,0.044730999732571226,0.03667823471862528,False
163,7,-279.2236851968889,-13.54673127558533,0.2615708095386869,0.08676480691480166,0.08064849637889845,False
163,8,-276.8815254061093,-11.20457148480574,0.8369522838690265,0.017814817353290175,0.014562286507710019,False
163,9,-265.67673277456936,0.00022114673419082465,2.2733699223767667,,,True
164,0,-265.67695392130355,0.0,2.445334169213695,,,True
164,1,-277.08464266161616,-11.407688740312608,0.7779849185824229,0.026414744263585855,0.02053458295982762,False
164,2,-279.188093780317,-13.51113985901344,0.24898573108542668,0.11123550333168487,0.08923146320170294,False
164,3,-280.65155048909685,-14.974596567793299,0.034866648310811474,0.029914504840887403,0.026919082301010696,False
164,4,-281.6422568202118,-15.965302898908249,0.3142721276258092,0.31915355047333993,0.3128002528702817,False
164,5,-281.59304777104774,-15.916093849744186,0.09210515083286952,0.04319138402535895,0.03987685754656697,False
164,6,-280.5030046504244,-14.826050729120823,0.09141355276989287,0.04393363666166728,0.036344992854016704,False
164,7,-279.23754304424415,-13.560589122940598,0.23297374535870813,0.10282158540231837,0.09497971770734796,False
164,8,-276.89930200688025,-11.222348085576698,0.8281062254888847,0.016910093119663964,0.013951191311855958,False
164,9,-265.67673277456936,0.00022114673419082465,2.2733699223767667,,,True
165,0,-265.67695392130355,0.0,2.445334169213695,,,True
165,1,-277.1065706907775,-11.429616769473967,0.7729946940936449,0.02856462520413153,0.022167792301144008,False
165,2,-279.1937663525667,-13.516812431263133,0.21363733183803765,0.1886262223198082,0.16292526663964624,False
165,3,-280.6561002859879,-14.979146364684368,0.03613298653707211,0.030920328317011248,0.02772667204945465,False
165,4,-281.67000894443436,-15.993055023130808,0.6228004201172072,0.5948076821905378,0.5942421341000914,False
165,5,-281.60000397994736,-15.92305005864381,0.09295579729657433,0.040550907499562805,0.03881361841445125,False
165,6,-280.51234065421784,-14.835386732914287,0.08815064729385645,0.042843980215965416,0.03492495544688293,False
165,7,-279.2565793557002,-13.579625434396632,0.2671132603392147,0.12621172768027555,0.11218403109534379,False
165,8,-276.9210705087187,-11.244116587415135,0.8171036863153209,0.01595715717280995,0.013325651864049144,False
165,9,-265.67673277456936,0.00022114673419082465,2.2733699223767667,,,True
166,0,-265.67695392130355,0.0,2.445334169213695,,,True
166,1,-277.1304640059832,-11.453510084679635,0.7675067740841567,0.031090426305023386,0.02405037068343318,False
166,2,-279.2036239484331,-13.526670027129569,0.1593479576767996,0.1569378323120701,0.13867404158444863,False
166,3,-280.66094919166903,-14.983995270365483,0.0373267229195323,0.03210944449824104,0.028722784795480218,False
166,4,-281.72215444604626,-16.04520052474271,0.2147990512763656,0.19787331233580546,0.14404512007196976,False
166,5,-281.6068631742296,-15.929909252926052,0.09087386528396908,0.034188150365970865,0.034012802019505836,False
166,6,-280.5220408049489,-14.845086883645365,0.08499677747568078,0.041309666738214255,0.033623464740059214,False
166,7,-279.2818718756123,-13.604917954308746,0.3050499312439832,0.1606261091719748,0.1235793838779318,False
166,8,-276.9443459662407,-11.26739204493714,0.8052680698137874,0.015064566245669313,0.012721821452867465,False
166,9,-265.67673277456936,0.00022114673419082465,2.2733699223767667,,,True
167,0,-265.67695392130355,0.0,2.445334169213695,,,True
167,1,-277.15667970481195,-11.4797257835084,0.7616028752268192,0.033787106133870926,0.02607207044137222,False
167,2,-279.2218039083399,-13.544849987036343,0.11773112100417883,0.08927068768597776,0.0728275688491212,False
167,3,-280.66615220591336,-14.989198284609813,0.038338410775452476,0.03345239528044834,0.029896992555369557,False
167,4,-281.7406336873486,-16.063679766045027,0.5077294576771597,0.3689460087800384,0.3533473170477658,False
167,5,-281.6137228564652,-15.936768935161638,0.09523620093508439,0.030939487894591458,0.03070952285084757,False
167,6,-280.5321143567853,-14.855160435481764,0.08172252466269173,0.0392758178986896,0.03250541125669916,False
167,7,-279.3156826706034,-13.638728749299844,0.3329177789045224,0.18988876333620647,0.12320516237778346,False
167,8,-276.9693501820378,-11.292396260734222,0.7925744574609774,0.014231419630895392,0.01214242793608842,False
167,9,-265.67673277456936,0.00022114673419082465,2.2733699223767667,,,True
168,0,-265.67695392130355,0.0,2.445334169213695,,,True
168,1,-277.1847308264123,-11.507776905108756,0.7554841575294405,0.0363033846617093,0.028064680419666043,False
168,2,-279.24019118915294,-13.563237267849388,0.1336650918173907,0.07807196390854997,0.07107433447562589,False
168,3,-280.6716157000378,-14.994661778734269,0.03913847806101315,0.03481630371213733,0.031077917775712113,False
168,4,-281.7785949052304,-16.10164098392687,0.2649245581183315,0.1787980164452758,0.16229272288580815,False
168,5,-281.6204980758512,-15.943544154547624,0.10499243900595552,0.03086803956006689,0.02918344527523309,False
168,6,-280.54226248343093,-14.865308562127382,0.07816851600116469,0.03711787067614192,0.030869504994183943,False
168,7,-279.35542764763613,-13.678473726332584,0.32690346126959796,0.17790995877044205,0.11416563519402409,False
168,8,-276.9955567382761,-11.318602816972543,0.7793709813377027,0.01346022234384283,0.01163923739448216,False
168,9,-265.67673277456936,0.00022114673419082465,2.2733699223767667,,,True
169,0,-265.67695392130355,0.0,2.445334169213695,,,True
169,1,-277.2141782705148,-11.537224349211272,0.7491885549211917,0.03831114444203295,0.02993752642735692,False
169,2,-279.2563384557186,-13.579384534415055,0.18199682496254574,0.09003741675204655,0.07929246595415851,False
169,3,-280.67726845019786,-15.000314528894307,0.039753957933319574,0.03609320472963636,0.032127604111551966,False
169,4,-281.79795865255437,-16.12100473125082,0.3746139490131115,0.3650694773905964,0.3359845672342642,False
169,5,-281.6271528813936,-15.950198960090063,0.11205837924895663,0.030374934961226195,0.03014358663756315,False
169,6,-280.5522243404406,-14.875270419137053,0.07430668255294888,0.03501330558336385,0.02859116985610626,False
169,7,-279.38888231124076,-13.711928389937214,0.29173688077336857,0.08477339835351051,0.057756741655855384,False
169,8,-277.0225702765586,-11.34561635525506,0.7658223317332956,0.014011609137979126,0.011600250168943437,False
169,9,-265.67673277456936,0.00022114673419082465,2.2733699223767667,,,True
170,0,-265.67695392130355,0.0,2.445334169213695,,,True
170,1,-277.2467178414247,-11.569763920121147,0.7421942259733736,0.03970115682234119,0.031574357665112546,False
170,2,-279.2710941791921,-13.594140257888569,0.20116689958191056,0.0773764682145337,0.0601856612172564,False
170,3,-280.683440222234,-15.006486300930476,0.04025415610460604,0.03728651279494328,0.03300523780952991,False
170,4,-281.8292167433229,-16.15226282201934,0.2418690333128567,0.24057012466517685,0.20619165429587594,False
170,5,-281.63417356457325,-15.957219643269696,0.1147883855325219,0.032887227205522576,0.032620041226586134,False
170,6,-280.5624805713667,-14.885526650063127,0.07037247233092557,0.0326929651061608,0.026451026809613976,False
170,7,-279.4004018681885,-13.72344794688496,0.21552476483453994,0.2796220027404163,0.23229827062538927,False
170,8,-277.05198585285285,-11.375031931549302,0.7510605562550624,0.016229687151003123,0.013362302946081981,False
170,9,-265.67673277456936,0.00022114673419082465,2.2733699223767667,,,True
171,0,-265.67695392130355,0.0,2.445334169213695,,,True
171,1,-277.2823848975867,-11.605430976283174,0.7343200175620671,0.04019188902689041,0.03257729371521879,False
171,2,-279.2855077575267,-13.608553836223166,0.2095725640783123,0.07162463208696015,0.058547770337412174,False
171,3,-280.6901338723545,-15.013179951050972,0.04059647049097569,0.03831983507349416,0.0336555379524396,False
171,4,-281.8538721038026,-16.176918182499037,0.30070340820424685,0.23257605208161763,0.20864971439761076,False
171,5,-281.6416535347578,-15.96469961345423,0.1190993919588888,0.03517787289619936,0.03485256515450227,False
171,6,-280.5729205307776,-14.895966609474044,0.06684459526140357,0.030514389889163076,0.02584303153222006,False
171,7,-279.4108769953915,-13.733923074087954,0.21047440679582438,0.27819007084088204,0.2386457219272695,False
171,8,-277.0839159748871,-11.406962053583527,0.7350156236176006,0.01914341423531399,0.01567120528541508,False
171,9,-265.67673277456936,0.00022114673419082465,2.2733699223767667,,,True
172,0,-265.67695392130355,0.0,2.445334169213695,,,True
172,1,-277.32112163153954,-11.64416771023599,0.7254159886567617,0.03938741811708391,0.0325165282080075,False
172,2,-279.30187687554735,-13.6249229542438,0.19130887031423954,0.07056312142799784,0.05615235431325231,False
172,3,-280.69733539427887,-15.020381472975316,0.0418409088204909,0.0406949893617122,0.03406355665717619,False
172,4,-281.8782437960507,-16.201289874747147,0.29081269935748844,0.22586461780275238,0.20437980762605507,False
172,5,-281.64968994270896,-15.97273602140541,0.12786327549479462,0.03652026370044052,0.036059724670737855,False
172,6,-280.58347822105156,-14.906524299748014,0.06393468272916211,0.02969087050703067,0.02720872154521258,False
172,7,-279.44207207302634,-13.765118151722788,0.14033298244031026,0.16443202754030709,0.13926134520582886,False
172,8,-277.1184233318966,-11.441469410593072,0.7177989992351871,0.02291082383816212,0.01864512730766982,False
172,9,-265.67673277456936,0.00022114673419082465,2.2733699223767667,,,True
173,0,-265.67695392130355,0.0,2.445334169213695,,,True
173,1,-277.35940070707227,-11.682446785768718,0.7161673834211867,0.03673166967446683,0.030597430198974002,False
173,2,-279.3170047384096,-13.640050817106044,0.13988698748773964,0.04377536733490373,0.03951523657654289,False
173,3,-280.70442822104064,-15.027474299737094,0.045305229508992705,0.04463224890838499,0.03538379070990107,False
173,4,-281.90147175639765,-16.224517835094105,0.1509777523703931,0.1502172401612934,0.14011523076347723,False
173,5,-281.6576779935739,-15.980724072270334,0.13554341408794185,0.03741581446513071,0.03675650639216879,False
173,6,-280.5932852636975,-14.91633134239396,0.06168329168136726,0.03084967528215927,0.02835240771852909,False
173,7,-279.47425893640025,-13.797305015096697,0.13696478456771333,0.09718871870379907,0.08039388277868713,False
173,8,-277.1526374544674,-11.475683533163874,0.7010606757953988,0.02730729774251042,0.022075461985633125,False
173,9,-265.67673277456936,0.00022114673419082465,2.2733699223767667,,,True
174,0,-265.67695392130355,0.0,2.445334169213695,,,True
174,1,-277.39888454213053,-11.721930620826981,0.7060610313669283,0.030845737053759134,0.025474244139185753,False
174,2,-279.3300453944204,-13.653091473116831,0.08541030312334695,0.0588245499652737,0.05379450516790375,False
174,3,-280.7118124495071,-15.034858528203529,0.049469435662875545,0.04929211251613378,0.03863805350712892,False
174,4,-281.91681977836174,-16.23986585705819,0.23393885851914448,0.2273019802199347,0.22325455262346477,False
174,5,-281.66611598634177,-15.989162065038215,0.13833912642595098,0.03870035018223434,0.037817827444756924,False
174,6,-280.6029463526363,-14.925992431332759,0.05941904222677453,0.031767078411827104,0.029338886514212636,False
174,7,-279.497365575504,-13.820411654200427,0.2152052503955383,0.14827972172740003,0.12979203582646634,False
174,8,-277.1885004434547,-11.51154652215115,0.685735166354216,0.03264802124559489,0.026191264074927854,False
174,9,-265.67673277456936,0.00022114673419082465,2.2733699223767667,,,True
175,0,-265.67695392130355,0.0,2.445334169213695,,,True
175,1,-277.439403871257,-11.762449949953464,0.6948259572150554,0.02031826117652694,0.016241320515712147,False
175,2,-279.3431533928999,-13.666199471596371,0.09941479997191074,0.07504752695482253,0.06846589249636231,False
175,3,-280.7195791583259,-15.042625237022378,0.054523077108318455,0.054876127482564596,0.042387233441256104,False
175,4,-281.9334335267547,-16.256479605451148,0.1345762179353347,0.10131862600072294,0.0960428582337003,False
175,5,-281.67507343162947,-15.998119510325921,0.1394477940121928,0.039992247234448886,0.03883179509752071,False
175,6,-280.61262776665654,-14.935673845352994,0.05666638534292661,0.03235546877868278,0.030053205648502182,False
175,7,-279.52021943984175,-13.843265518538203,0.22383120123219258,0.10726446728934781,0.08771418638336033,False
175,8,-277.226375918671,-11.54942199736746,0.6727588627533916,0.039082349496463074,0.03115009290349604,False
175,9,-265.67673277456936,0.00022114673419082465,2.2733699223767667,,,True
176,0,-265.67695392130355,0.0,2.445334169213695,,,True
176,1,-277.4817601244664,-11.804806203162855,0.6812373611742311,0.01466486282620969,0.009384691539329621,False
176,2,-279.35980847378204,-13.682854552478489,0.1229080288466928,0.09431934715216335,0.08483137570871625,False
176,3,-280.72811133088413,-15.051157409580583,0.06094257835622512,0.061886535598225545,0.04710401604833153,False
176,4,-281.94426160840567,-16.267307687102118,0.20156385862307605,0.15989543457905692,0.1476182267647041,False
176,5,-281.68487696203215,-16.0079230407286,0.1417120363155778,0.04038416215518702,0.0387021425868482,False
176,6,-280.62275763095704,-14.94580370965349,0.053313746247430426,0.03248201430290278,0.030348121467085744,False
176,7,-279.5443074207719,-13.867353499468322,0.24829726443040884,0.12902876124599288,0.11888249420061989,False
176,8,-277.26793850683225,-11.590984585528702,0.6586082096269203,0.04686549374487095,0.03713587374930556,False
176,9,-265.67673277456936,0.00022114673419082465,2.2733699223767667,,,True
177,0,-265.67695392130355,0.0,2.445334169213695,,,True
177,1,-277.52425713257895,-11.847303211275403,0.6645063388946044,0.02438955087183219,0.017832412634621365,False
177,2,-279.3791512694043,-13.702197348100754,0.16196073899941998,0.12339205309228606,0.1089524612394931,False
177,3,-280.7373204341212,-15.060366512817666,0.06885652394774826,0.07039458650797896,0.05283314322883524,False
177,4,-281.9567568691849,-16.279802947881365,0.09235807864879615,0.09190504173244152,0.08698613111002748,False
177,5,-281.69518507544217,-16.01823115413862,0.1424461261221255,0.03995580151929515,0.0373842437594057,False
177,6,-280.6331226971862,-14.956168775882645,0.049930498514907495,0.032105792629592934,0.030233274192831738,False
177,7,-279.56814881270105,-13.891194891397504,0.14451123640595043,0.06297796444318626,0.05915791721658109,False
177,8,-277.3123458745064,-11.635391953202827,0.6439807274716005,0.0559251279998003,0.04370788949943131,False
177,9,-265.67673277456936,0.00022114673419082465,2.2733699223767667,,,True
178,0,-265.67695392130355,0.0,2.445334169213695,,,True
178,1,-277.5661534190144,-11.889199497710877,0.6444395595301885,0.03405578478184275,0.02659843510088592,False
178,2,-279.402747976053,-13.725794054749429,0.2266538275090613,0.17416637120958992,0.15255994050203128,False
178,3,-280.74726219247844,-15.070308271174895,0.07843220329792136,0.0804197406794822,0.05949125989288382,False
178,4,-281.9659509882183,-16.28899706691476,0.1666568071054621,0.16261952598712523,0.1621167389997125,False
178,5,-281.70577833887023,-16.028824417566682,0.13905855404706957,0.03935640527846538,0.035667804924512256,False
178,6,-280.6436005515004,-14.966646630196863,0.047079966916870886,0.03160992505484096,0.0298770196885879,False
178,7,-279.58855101753034,-13.911597096226785,0.14359726846751147,0.09453196173689024,0.08844159027488276,False
178,8,-277.3591709031033,-11.68221698179974,0.6296099740391592,0.06519565914282799,0.049907383340214405,False
178,9,-265.67673277456936,0.00022114673419082465,2.2733699223767667,,,True
179,0,-265.67695392130355,0.0,2.445334169213695,,,True
179,1,-277.60617055696116,-11.92921663565761,0.6234556228184202,0.029232722269869345,0.024312111809444578,False
179,2,-279.437045547971,-13.760091626667474,0.3211561113440233,0.2511989532514368,0.22137388307637276,False
179,3,-280.75776205976206,-15.080808138458508,0.08948471921738865,0.0916008597170049,0.06667056844995033,False
179,4,-281.9777507986647,-16.300796877361165,0.06233068025300058,0.05793742594007112,0.05321536657315762,False
179,5,-281.7162304070839,-16.039276485780363,0.13449314026241166,0.03860980605529869,0.03398454497659048,False
179,6,-280.653840060662,-14.976886139358442,0.04564952930599206,0.03216207075912993,0.029441000369958926,False
179,7,-279.6079574078848,-13.931003486581233,0.14506971988660927,0.07545260776486966,0.05804035756535585,False
179,8,-277.4067297195801,-11.729775798276535,0.616318422754864,0.07235100800745967,0.05640462969340147,False
179,9,-265.67673277456936,0.00022114673419082465,2.2733699223767667,,,True
180,0,-265.67695392130355,0.0,2.445334169213695,,,True
180,1,-277.64335166658645,-11.966397745282904,0.6042296112565367,0.017906568535290934,0.016029309293847167,False
180,2,-279.4916914357775,-13.814737514473961,0.42739364594982715,0.333314694192861,0.299422726461422,False
180,3,-280.7687263212615,-15.09177239995796,0.10164356875215312,0.10346676838006731,0.07434542107651793,False
180,4,-281.9867936554264,-16.309839734122875,0.12655934753634468,0.11041861573823351,0.09987192683732589,False
180,5,-281.7263050026735,-16.049351081369934,0.13078740607265626,0.03728806842659311,0.03213022526652633,False
180,6,-280.6636168253825,-14.986662904078969,0.04502934978159453,0.032837481502234575,0.02900569201495065,False
180,7,-279.62656871567356,-13.949614794370007,0.14816702110768912,0.08773151810602806,0.07873910743329143,False
180,8,-277.45361112369756,-11.776657202394006,0.6045576351543253,0.07592912499812761,0.06119473384225784,False
180,9,-265.67673277456936,0.00022114673419082465,2.2733699223767667,,,True
181,0,-265.67695392130355,0.0,2.445334169213695,,,True
181,1,-277.6766033788292,-11.999649457525663,0.5878614351562499,0.01710660748435987,0.014550074759701574,False
181,2,-279.57119823689027,-13.894244315586718,0.5253357735480414,0.3965609252597427,0.36574255588811144,False
181,3,-280.7798556058028,-15.102901684499273,0.1140170787017409,0.11512769208202446,0.08186933121746712,False
181,4,-281.9962592600555,-16.319305338751974,0.060306567380971746,0.06026198686229317,0.05967579881997503,False
181,5,-281.735677107902,-16.058723186598456,0.12697391836861882,0.03552380228916149,0.030318745404035147,False
181,6,-280.67265942024875,-14.995705498945199,0.044377621434081575,0.03554667166881321,0.02865844200291891,False
181,7,-279.64416081649085,-13.967206895187303,0.1520835125470644,0.08410803903407318,0.07403022856710025,False
181,8,-277.49788488736885,-11.820930966065305,0.5944482820826814,0.07454283695051567,0.06214813876878966,False
181,9,-265.67673277456936,0.00022114673419082465,2.2733699223767667,,,True
182,0,-265.67695392130355,0.0,2.445334169213695,,,True
182,1,-277.70575768147165,-12.028803760168103,0.5740471349479109,0.017845640793812588,0.016610095898206334,False
182,2,-279.67950813288735,-14.0025542115838,0.6104124549654083,0.43545636974815616,0.40239007744075855,False
182,3,-280.79092658250505,-15.113972661201501,0.12571398005652537,0.1257163295794511,0.08872052645519359,False
182,4,-282.0036533010042,-16.326699379700642,0.09080751399013955,0.08749329949281032,0.08606761393652321,False
182,5,-281.74420808891466,-16.06725416761111,0.12235372543846858,0.03362031644972487,0.03264286721195307,False
182,6,-280.68087424213235,-15.003920320828797,0.04380291144640461,0.03828939004643767,0.028439563423217823,False
182,7,-279.66045945933206,-13.98350553802851,0.15545710777262237,0.10456972692904881,0.091621170098787,False
182,8,-277.5382609793004,-11.86130705799684,0.5857395176712326,0.06585533787881052,0.05678747533934927,False
182,9,-265.67673277456936,0.00022114673419082465,2.2733699223767667,,,True
183,0,-265.67695392130355,0.0,2.445334169213695,,,True
183,1,-277.7313812549737,-12.054427333670162,0.5621281298866291,0.021846448293819976,0.020833190298319756,False
183,2,-279.78478512846664,-14.107831207163088,0.3083207805349163,0.210344510540936,0.16372340726361018,False
183,3,-280.8018425645761,-15.124888643272527,0.13609351604236825,0.13461622093305725,0.09453661176086214,False
183,4,-282.01090337409187,-16.333949452788318,0.09197076065341832,0.08840259079777725,0.08748308186878687,False
183,5,-281.75193815736054,-16.07498423605699,0.11742260207666703,0.035950798178224996,0.03585560417044108,False
183,6,-280.68833422722525,-15.011380305921705,0.0438633626448967,0.041007972623265034,0.029592067065975638,False
183,7,-279.67634199851716,-13.99938807721361,0.18864801641889145,0.13039317169926545,0.11380340377064596,False
183,8,-277.5741783758739,-11.897224454570335,0.5778376234545708,0.04986158949972452,0.042451725951311414,False
183,9,-265.67673277456936,0.00022114673419082465,2.2733699223767667,,,True
184,0,-265.67695392130355,0.0,2.445334169213695,,,True
184,1,-277.7565278571244,-12.07957393582086,0.5505869165031411,0.022611651798158168,0.020708711898200133,False
184,2,-279.77769820745283,-14.100744286149279,0.7208599817131893,0.6688576280209259,0.6049843154752889,False
184,3,-280.81374478321015,-15.136790861906604,0.14558857064902297,0.14215895404833792,0.09971670287525955,False
184,4,-282.0192587715563,-16.34230485025273,0.08674651552989278,0.08813653630834262,0.08714869664034974,False
184,5,-281.75971784880426,-16.082763927500707,0.11240853665467844,0.03985959110617228,0.039745633342348985,False
184,6,-280.6958785644074,-15.018924643103844,0.046699846325425086,0.0439830528695503,0.03167647800661439,False
184,7,-279.69493918320757,-14.017985261904016,0.2366656046801169,0.16778077112162282,0.1465261826294144,False
184,8,-277.60851431103254,-11.931560389728986,0.5690401857461362,0.03196659470215339,0.02760191596710766,False
184,9,-265.67673277456936,0.00022114673419082465,2.2733699223767667,,,True
185,0,-265.67695392130355,0.0,2.445334169213695,,,True
185,1,-277.7663757600867,-12.089421838783153,0.5472258159265384,0.019838703088720842,0.01714874373809933,False
185,2,-279.8128201062865,-14.135866184982945,0.5435593066006216,0.4425128958157193,0.3799984315636876,False
185,3,-280.81974639185,-15.142792470546453,0.15043265228490532,0.14589675312398004,0.1070133047034101,False
185,4,-282.02404732508444,-16.34709340378089,0.09063790908680801,0.09144910133757066,0.09054529303375108,False
185,5,-281.76308478518206,-16.08613086387851,0.11175857887965804,0.042670705741784054,0.042599513328296486,False
185,6,-280.69901799887737,-15.022064077573816,0.048102160522609475,0.04528235822902062,0.032729076955979,False
185,7,-279.70920025511316,-14.03224633380961,0.28849658220392604,0.21350142807892247,0.18612970806661597,False
185,8,-277.61837645139394,-11.941422530090392,0.5607982814270439,0.026996794351906103,0.020731682213241207,False
185,9,-265.67673277456936,0.00022114673419082465,2.2733699223767667,,,True
186,0,-265.67695392130355,0.0,2.445334169213695,,,True
186,1,-277.7700433175305,-12.093089396226958,0.5457577056254181,0.019840041972003758,0.017167592344498533,False
186,2,-279.8408503590417,-14.163896437738174,0.33732331737239485,0.225524620987975,0.19453028676624917,False
186,3,-280.82206363633236,-15.14510971502881,0.1516051277686084,0.14664965598565122,0.10421129059858303,False
186,4,-282.02587746381494,-16.348923542511386,0.09085119990442592,0.09159163878227959,0.09102996565668008,False
186,5,-281.7643443149515,-16.087390393647922,0.11074587367176288,0.04342737392023298,0.04332566226531619,False
186,6,-280.7002056405855,-15.023251719281973,0.048718869284697354,0.04586533577291478,0.03294999214947859,False
186,7,-279.7161632784802,-14.039209357176674,0.3126049531856868,0.2319176820699329,0.20349659379736026,False
186,8,-277.6219389732089,-11.944985051905348,0.5608807198808183,0.025426768780731905,0.018952348008916563,False
186,9,-265.67673277456936,0.00022114673419082465,2.2733699223767667,,,True
187,0,-265.67695392130355,0.0,2.445334169213695,,,True
187,1,-277.77751188840085,-12.100557967097302,0.5427960598977856,0.019856443831535005,0.01719247703325151,False
187,2,-279.8473582882042,-14.170404366900641,0.21884389483252584,0.18530944768409177,0.17562924462792226,False
187,3,-280.8268680784064,-15.149914157102842,0.15439096481325432,0.14847635122124797,0.10248131867022003,False
187,4,-282.0295349875313,-16.352581066227742,0.09292110518052589,0.09345764571245666,0.0930791801884434,False
187,5,-281.7669340040021,-16.08998008269856,0.10914086900854739,0.04519856094712155,0.0450686071070378,False
187,6,-280.70265505777274,-15.025701136469195,0.05001606266299267,0.0470853519046103,0.033657097371965226,False
187,7,-279.73280594859136,-14.055852027287813,0.36256298249552943,0.2694803874865202,0.23891860190581543,False
187,8,-277.6291626415344,-11.952208720230828,0.5598980075931759,0.02242404934028272,0.017164602686407234,False
187,9,-265.67673277456936,0.00022114673419082465,2.2733699223767667,,,True
188,0,-265.67695392130355,0.0,2.445334169213695,,,True
188,1,-277.78857247362043,-12.111618552316884,0.5383993221449129,0.0199153770219643,0.0172117994053841,False
188,2,-279.83990735712916,-14.162953435825614,0.3975422182975995,0.4198065711940725,0.39598741140408394,False
188,3,-280.8341883093053,-15.157234388001768,0.15790083401158103,0.1504093644003051,0.10516496180623061,False
188,4,-282.03518386684465,-16.358229945541098,0.09731784341832253,0.09745004324519166,0.09708749413736574,False
188,5,-281.7708310996205,-16.093877178316973,0.10746361752875479,0.04809702128404662,0.04798245581285153,False
188,6,-280.70635805520374,-15.029404133900186,0.05201346625733086,0.048943363873176576,0.035062539699546265,False
188,7,-279.76471349080657,-14.08775956950302,0.4321158751143001,0.31819812176746726,0.28638186169280294,False
188,8,-277.6398109510194,-11.962857029715849,0.5563680296513677,0.018421249399899073,0.013965509355744072,False
188,9,-265.67673277456936,0.00022114673419082465,2.2733699223767667,,,True
189,0,-265.67695392130355,0.0,2.445334169213695,,,True
189,1,-277.80261382059575,-12.125659899292202,0.5326740315754508,0.020087311416970264,0.01727906415255518,False
189,2,-279.86039155577805,-14.183437634474501,0.2597383286779671,0.28962548083339706,0.26725331740198505,False
189,3,-280.8437438410093,-15.166789919705764,0.1601880278292495,0.15073349710740988,0.10923123379750951,False
189,4,-282.042808307843,-16.365854386539468,0.10197072605891262,0.10152819541965781,0.10113166404952201,False
189,5,-281.77589208770945,-16.0989381664059,0.10571380402600766,0.05188277444807528,0.05177720817518245,False
189,6,-280.71119002588784,-15.034236104584295,0.054680580728674766,0.05137967001897678,0.03697980765179581,False
189,7,-279.81818713637244,-14.141233215068894,0.5109706498908779,0.3653820028417327,0.33607927508920055,False
189,8,-277.65326826618104,-11.976314344877494,0.5501903279844832,0.013962080282646908,0.009650777817916293,False
189,9,-265.67673277456936,0.00022114673419082465,2.2733699223767667,,,True
190,0,-265.67695392130355,0.0,2.445334169213695,,,True
190,1,-277.8195185477357,-12.142564626432147,0.525475215739729,0.020481167088201854,0.01750707412543821,False
190,2,-279.87553528579855,-14.198581364494999,0.1737072977207982,0.16014503114656092,0.14450180330347528,False
190,3,-280.8554466925642,-15.178492771260665,0.15806827061605477,0.14667642583707016,0.10868813262636974,False
190,4,-282.0525480997332,-16.37559417842965,0.10434793837228518,0.10326149464780925,0.1029597307201807,False
190,5,-281.78218615017965,-16.105232228876105,0.10343772316171285,0.0564637215104979,0.05631117992753009,False
190,6,-280.7172191339893,-15.040265212685767,0.058108490981616336,0.05442135094898709,0.03915752256313585,False
190,7,-279.90560858046115,-14.228654659157598,0.6148333246928943,0.41828919722644997,0.3897219272657531,False
190,8,-277.6694067254719,-11.992452804168352,0.5423149386985021,0.01010737813680909,0.009202901910980601,False
190,9,-265.67673277456936,0.00022114673419082465,2.2733699223767667,,,True
191,0,-265.67695392130355,0.0,2.445334169213695,,,True
191,1,-277.83779099172284,-12.16083707041929,0.5173279824879711,0.021155398255663444,0.017997676064387156,False
191,2,-279.8758212780195,-14.198867356715937,0.3731906370473849,0.2775441911512064,0.252096153251395,False
191,3,-280.8679716854083,-15.191017764104743,0.14777994006106387,0.13523688523749866,0.10040347827909478,False
191,4,-282.0638092219972,-16.38685530069364,0.10362413347151211,0.10198554378196518,0.10180719866403037,False
191,5,-281.78929406634256,-16.112340145039013,0.10050478353556468,0.061645386823214306,0.06141125496256009,False
191,6,-280.72402497574876,-15.047071054445212,0.06213432765054312,0.057845390374888624,0.04139897885321911,False
191,7,-280.01822124325815,-14.341267321954604,0.4599127032764184,0.25639794562752494,0.2216709835663483,False
191,8,-277.6868569845072,-12.009903063203637,0.5346665898763272,0.010458787569328743,0.009620069550368359,False
191,9,-265.67673277456936,0.00022114673419082465,2.2733699223767667,,,True
192,0,-265.67695392130355,0.0,2.445334169213695,,,True
192,1,-277.85628747584417,-12.17933355454062,0.5088187230468317,0.022093853995433278,0.018766145451398517,False
192,2,-279.8865091071272,-14.20955518582366,0.3278059454536986,0.2284436067040047,0.2086650740761411,False
192,3,-280.8799252564828,-15.202971335179257,0.12702741716912122,0.11493047994187802,0.08679231980067763,False
192,4,-282.07592069113036,-16.398966769826814,0.10094748621099449,0.0988885806047358,0.0987604189361711,False
192,5,-281.79689539996673,-16.11994147866318,0.09738031808393824,0.06731027205761801,0.0670293854207618,False
192,6,-280.7312600306443,-15.054306109340757,0.06661943687623692,0.0615125386755807,0.043874847844950854,False
192,7,-280.0401685942568,-14.363214672953234,0.454735357893377,0.5125403959874639,0.4693682077613784,False
192,8,-277.7046868316571,-12.027732910353564,0.5274967606134889,0.010869441215128289,0.010052995250476312,False
192,9,-265.67673277456936,0.00022114673419082465,2.2733699223767667,,,True
193,0,-265.67695392130355,0.0,2.445334169213695,,,True
193,1,-277.85708518968636,-12.180131268382809,0.5084811440501649,0.022117661781698265,0.01878116663782744,False
193,2,-279.88906043393865,-14.212106512635103,0.2927289910159522,0.19740131351565,0.17647871266302148,False
193,3,-280.88040852113534,-15.203454599831787,0.1268339065666658,0.11470056615929423,0.08785849532099066,False
193,4,-282.0765419887908,-16.39958806748723,0.10209182552380128,0.1000096174202544,0.09985739127925157,False
193,5,-281.79728021541746,-16.12032629411391,0.09733805852722996,0.06783210717805271,0.06757821824174014,False
193,6,-280.7316058048927,-15.054651883589145,0.0668543498960926,0.06173405871363065,0.04409298153641543,False
193,7,-280.0512260302485,-14.374272108944922,0.34770446690296486,0.4184361239669482,0.3829608521981254,False
193,8,-277.70554629558853,-12.028592374284983,0.5270601809951694,0.010892670220984819,0.01007157442432705,False
193,9,-265.67673277456936,0.00022114673419082465,2.2733699223767667,,,True
194,0,-265.67695392130355,0.0,2.445334169213695,,,True
194,1,-277.8586920912624,-12.181738169958862,0.5077996046524134,0.02216901187006194,0.01881607412280315,False
194,2,-279.89290839331096,-14.215954472007411,0.22559762974773828,0.13868180837840852,0.1156833248676479,False
194,3,-280.88137282141145,-15.204418900107896,0.12635799942109535,0.11418354256871066,0.089565818413436,False
194,4,-282.07779211089786,-16.40083818959431,0.10413158584938911,0.10200396706593992,0.10176353303716014,False
194,5,-281.79805984164256,-16.121105920339005,0.09724821763977715,0.06884561649955377,0.06863116169870254,False
194,6,-280.732305794577,-15.055351873273423,0.06733607996302325,0.062183606157122415,0.0445102853960531,False
194,7,-280.0664265204447,-14.38947259914113,0.17743487253246826,0.2597094965209296,0.2364405607895236,False
194,8,-277.7072771150263,-12.030323193722722,0.526184465779777,0.010934523282184425,0.010103051175971527,False
194,9,-265.67673277456936,0.00022114673419082465,2.2733699223767667,,,True
195,0,-265.67695392130355,0.0,2.445334169213695,,,True
195,1,-277.8611653052292,-12.184211383925629,0.5067464667831456,0.02225661414009898,0.018881627174795114,False
195,2,-279.89623377856225,-14.219279857258698,0.13392124371325925,0.06018464333626215,0.051369419396777694,False
195,3,-280.88283496180105,-15.205881040497502,0.12528439155106058,0.11312038891807431,0.09107151309286185,False
195,4,-282.07971558012,-16.402761658816473,0.10650768829688252,0.10431230672281125,0.10392561483500885,False
195,5,-281.7992719448306,-16.122318023527043,0.09709811077640476,0.07030353862985206,0.070120133158763,False
195,6,-280.73339255704207,-15.056438635738516,0.06809664830150788,0.06288238552199335,0.045099248030463474,False
195,7,-280.0777772663135,-14.40082334500994,0.16686803350953955,0.14894595230897914,0.11558053436060198,False
195,8,-277.7099404439733,-12.032986522669773,0.5248473072309621,0.01098455637753809,0.010134175025582007,False
195,9,-265.67673277456936,0.00022114673419082465,2.2733699223767667,,,True
196,0,-265.67695392130355,0.0,2.445334169213695,,,True
196,1,-277.8646125817984,-12.187658660494833,0.5052697068962124,0.022395083612125673,0.018995438799968175,False
196,2,-279.8978296239469,-14.220875702643355,0.08383939823203476,0.0657702073921024,0.06045835080737021,False
196,3,-280.88483235497836,-15.207878433674807,0.12291286369796516,0.11088733475952285,0.09114852187965408,False
196,4,-282.0824014354348,-16.405447514131254,0.10832009608417732,0.10603198605555514,0.10554916660304935,False
196,5,-281.80098722283105,-16.124033301527504,0.09686827415843204,0.07214374723914597,0.07196384615499728,False
196,6,-280.7349270327487,-15.057973111445165,0.06918863578310488,0.06386749948602533,0.04583385454794891,False
196,7,-280.08223656819325,-14.405282646889702,0.2764941977887591,0.12932530210022494,0.11153776523211448,False
196,8,-277.7136529127623,-12.036698991458763,0.5230069832657644,0.011024579001899995,0.010141912589009101,False
196,9,-265.67673277456936,0.00022114673419082465,2.2733699223767667,,,True
197,0,-265.67695392130355,0.0,2.445334169213695,,,True
197,1,-277.8689645359574,-12.192010614653839,0.503390571691754,0.022594912903868787,0.019171827613735898,False
197,2,-279.8982751640084,-14.221321242704846,0.10519799444191538,0.13500735706374825,0.12103797726656791,False
197,3,-280.8872897686633,-15.210335847359772,0.11854056739275258,0.10685973573544398,0.08884613710677876,False
197,4,-282.0858036042549,-16.40884968295137,0.10876486543734709,0.10636286431432981,0.10592187789059954,False
197,5,-281.80319611932646,-16.126242198022908,0.09655576490692294,0.07422988059012506,0.07401655329102172,False
197,6,-280.73689690453716,-15.059942983233611,0.07061134128112069,0.06512936030081386,0.04668151069306397,False
197,7,-280.08301430947165,-14.4060603881681,0.39385699722170825,0.23643067708672483,0.20340800681144922,False
197,8,-277.7183411880174,-12.041387266713855,0.5207203958953317,0.011035205539920679,0.010104201432500149,False
197,9,-265.67673277456936,0.00022114673419082465,2.2733699223767667,,,True
198,0,-265.67695392130355,0.0,2.445334169213695,,,True
198,1,-277.8740351367611,-12.197081215457558,0.5011810993798932,0.02286031071198309,0.019417064098834806,False
198,2,-279.89939113352585,-14.222437212222303,0.14458518121775984,0.16971903204535127,0.15465365812435475,False
198,3,-280.89006047382827,-15.21310655252472,0.11197266764944369,0.10090024672862681,0.0841682629076439,False
198,4,-282.0897788953064,-16.41282497400283,0.1076957528890323,0.10516965762588897,0.1048422382650663,False
198,5,-281.80583135633606,-16.128877435032507,0.09617694905498454,0.07643860550942783,0.07615742607432487,False
198,6,-280.739237939554,-15.062284018250466,0.07232543865824571,0.06662795702651399,0.047636039142655566,False
198,7,-280.0848042192513,-14.407850297947732,0.45233019420121057,0.28552354857403617,0.24428687849691547,False
198,8,-277.7238060493589,-12.046852128055377,0.518101205226587,0.011007132455364546,0.010012823276002784,False
198,9,-265.67673277456936,0.00022114673419082465,2.2733699223767667,,,True
199,0,-265.67695392130355,0.0,2.445334169213695,,,True
199,1,-277.87970357340316,-12.202749652099612,0.4986874414689998,0.023196160744970534,0.01973557665829012,False
199,2,-279.9023909761229,-14.225437054819338,0.1362683764068824,0.1624274110937432,0.14774806478264563,False
199,3,-280.8930331958248,-15.216079274521235,0.10337414162257018,0.09322302043362617,0.07770357889905077,False
199,4,-282.0942256283538,-16.417271707050247,0.1053750705774383,0.10272617687220434,0.10246865742346399,False
199,5,-281.80885825024507,-16.131904328941516,0.0957517721390105,0.07871555472780997,0.07834567338414143,False
199,6,-280.74191521081104,-15.064961289507494,0.07431266777861713,0.06834342559136435,0.04872952869261543,False
199,7,-280.0897877839361,-14.412833862632567,0.4568378568531322,0.28083628877171496,0.23884358075784776,False
199,8,-277.7299183902464,-12.052964468942832,0.5152245470766044,0.010938333567523906,0.00986856126587071,False
199,9,-265.67673277456936,0.00022114673419082465,2.2733699223767667,,,True
200,0,-265.67695392130355,0.0,2.445334169213695,,,True
200,1,-277.88662778511633,-12.209673863812782,0.4956115206750331,0.02366014373115294,0.020180604470969327,False
200,2,-279.90757572223697,-14.23062180093342,0.1088117483775591,0.11144481553835929,0.09866179598116324,False
200,3,-280.8964766324861,-15.219522711182549,0.09172538140182836,0.08303375511251065,0.06934046207829611,False
200,4,-282.09964036419785,-16.422686442894303,0.10173983299329889,0.098967846969579,0.09870235736262745,False
200,5,-281.8126772564456,-16.135723335142075,0.09525106937261757,0.0812890327781839,0.08082747167305376,False
200,6,-280.74527657040653,-15.068322649102981,0.07684097028389068,0.07049817064451483,0.05016847564864928,False
200,7,-280.0983586700163,-14.421404748712746,0.4037054023470687,0.2208607724467906,0.18606559887262997,False
200,8,-277.7373893002755,-12.060435378971931,0.5117743066463413,0.010816346453008788,0.009653686790385398,False
200,9,-265.67673277456936,0.00022114673419082465,2.2733699223767667,,,True
201,0,-265.67695392130355,0.0,2.445334169213695,,,True
201,1,-277.89513165383494,-12.218177732531387,0.4917989248411166,0.024307995623991215,0.020800700823055032,False
201,2,-279.913656723583,-14.236702802279467,0.12331951518965917,0.10084841667445184,0.087374295601845,False
201,3,-280.9004173815068,-15.223463460203277,0.0765904547975488,0.0701478185141864,0.059799633596019475,False
201,4,-282.1062249050357,-16.429270983732124,0.09675582033576303,0.09387673710450288,0.09360553370937863,False
201,5,-281.81755791490696,-16.140603993603406,0.09555702844937788,0.084152531104054,0.08363829651165838,False
201,6,-280.749549799013,-15.072595877709432,0.08008564182610493,0.07322330142476008,0.052134539914900795,False
201,7,-280.1079879438058,-14.431034022502274,0.28422668599944967,0.10500367417451262,0.08482351539523834,False
201,8,-277.74656985027775,-12.069615928974201,0.5076037405870821,0.010631702438790535,0.00936213566987797,False
201,9,-265.67673277456936,0.00022114673419082465,2.2733699223767667,,,True
202,0,-265.67695392130355,0.0,2.445334169213695,,,True
202,1,-277.9056736446763,-12.228719723372762,0.4870390853802906,0.025227633603899645,0.021669406572951626,False
202,2,-279.91976586837865,-14.242811947075097,0.16007648036918917,0.11763651451488556,0.1005695662700416,False
202,3,-280.90487528928713,-15.227921367983583,0.05795202418482167,0.054877429001447466,0.04993690742796604,False
202,4,-282.1142106189756,-16.43725669767207,0.09011833099080394,0.08718612353416144,0.08698083240026235,False
202,5,-281.8239082887924,-16.14695436748883,0.09931220064898194,0.08713481001413347,0.08663112277900302,False
202,6,-280.7550843962485,-15.078130474944942,0.08428821202677916,0.07669293466495473,0.054827270019964125,False
202,7,-280.1147523006247,-14.437798379321123,0.25221644373847474,0.11465095269159396,0.09588807382096198,False
202,8,-277.75795578613725,-12.081001864833695,0.5024769730164386,0.010376380975134991,0.008992773443519918,False
202,9,-265.67673277456936,0.00022114673419082465,2.2733699223767667,,,True
203,0,-265.67695392130355,0.0,2.445334169213695,,,True
203,1,-277.9185848141859,-12.24163089288237,0.4811831029516746,0.026534834141740356,0.02288613840159686,False
203,2,-279.9285755436721,-14.251621622368532,0.21026980705729245,0.1497025538771395,0.12725418734230692,False
203,3,-280.909759538863,-15.23280561755945,0.04896614174038906,0.0501784051962878,0.04143145977757908,False
203,4,-282.1235825708847,-16.446628649581157,0.08066094029530588,0.07781537780699578,0.07760355678411623,False
203,5,-281.83212212558817,-16.15516820428462,0.10271556067156172,0.089519596086962,0.08902923514622474,False
203,6,-280.76223675348314,-15.085282832179587,0.0896438114882967,0.08103659634414688,0.058258693503814615,False
203,7,-280.11858451795933,-14.441630596655784,0.1875470434162597,0.21215694434596205,0.1958515480929334,False
203,8,-277.7718986371714,-12.094944715867825,0.49617513974679267,0.010073504068943091,0.008554133739428225,False
203,9,-265.67673277456936,0.00022114673419082465,2.2733699223767667,,,True
204,0,-265.67695392130355,0.0,2.445334169213695,,,True
204,1,-277.9340695314561,-12.257115610152539,0.4741430505847727,0.02838390158039664,0.024592290899268725,False
204,2,-279.94535109299215,-14.268397171688605,0.24075659184820736,0.20603632368920494,0.1736458566470056,False
204,3,-280.9149756478081,-15.238021726504542,0.05667593838714137,0.056558053879436354,0.0442252180045303,False
204,4,-282.1340167380757,-16.457062816772122,0.06656587514867215,0.0640688804557852,0.06381614353198987,False
204,5,-281.8425454179022,-16.165591496598665,0.1045053119342295,0.09006114628618761,0.08949672661894557,False
204,6,-280.7713846313749,-15.094430710071322,0.09628554654324872,0.08632580911758521,0.06225376794505432,False
204,7,-280.1252291237294,-14.448275202425862,0.17313630465645996,0.20517057941107927,0.17948225406808485,False
204,8,-277.7886010176843,-12.11164709638075,0.4885380703843137,0.010220234067771044,0.008067952794001855,False
204,9,-265.67673277456936,0.00022114673419082465,2.2733699223767667,,,True
205,0,-265.67695392130355,0.0,2.445334169213695,,,True
205,1,-277.9525192764148,-12.275565355111269,0.4657567595994396,0.031018758393950692,0.02701280081600432,False
205,2,-279.97610856592325,-14.299154644619705,0.3304188292049534,0.29630166359948756,0.24860901302068664,False
205,3,-280.92076039820927,-15.243806476905718,0.07086396309970883,0.07003627696274767,0.048850177147130205,False
205,4,-282.14503798295436,-16.468084061650814,0.05694722902828618,0.05590642274221911,0.05054593031994252,False
205,5,-281.85565695935725,-16.178703038053698,0.10350746531407215,0.08756475205312628,0.08683028063254442,False
205,6,-280.7831632987387,-15.106209377435164,0.10438683736427969,0.09261773770012177,0.06672499636373722,False
205,7,-280.1361334785339,-14.459179557230357,0.17159098333932304,0.1378901256267857,0.1217477339097225,False
205,8,-277.8084471873965,-12.131493266092946,0.4793666211723878,0.010393486441463191,0.008104023188452068,False
205,9,-265.67673277456936,0.00022114673419082465,2.2733699223767667,,,True
206,0,-265.67695392130355,0.0,2.445334169213695,,,True
206,1,-277.97445120881315,-12.2974972875096,0.455826632674781,0.03482737365701388,0.03050834357189335,False
206,2,-280.0354924536333,-14.35853853232976,0.4633661119117216,0.41902703377412126,0.3537913989215234,False
206,3,-280.92784157771996,-15.25088765641641,0.07629128747317168,0.0749032111591633,0.052569440180365606,False
206,4,-282.1559461690488,-16.478992247745225,0.04819320913683321,0.04800447779478088,0.04122387073647265,False
206,5,-281.8719454198619,-16.194991498558352,0.09898254148328049,0.0812644414133174,0.08040329765841459,False
206,6,-280.79850719445824,-15.121553273154689,0.11399930067355252,0.09974955135869407,0.07182439582278924,False
206,7,-280.1482125180026,-14.471258596699045,0.22672058473897816,0.12178774032741008,0.11314274583294757,False
206,8,-277.83190301639763,-12.154949095094082,0.46843837468437244,0.01062818831263658,0.008386899937099937,False
206,9,-265.67673277456936,0.00022114673419082465,2.2733699223767667,,,True
207,0,-265.67695392130355,0.0,2.445334169213695,,,True
207,1,-277.99504297791617,-12.31808905661262,0.4466164112265599,0.03915846386291367,0.034471132875251914,False
207,2,-280.13476727613994,-14.45781335483639,0.6205913369054845,0.5457911868225382,0.462733718011469,False
207,3,-280.93522583899517,-15.258271917691616,0.06715554158916161,0.06941855879533892,0.05359339552904871,False
207,4,-282.16408711639696,-16.487133195093406,0.041804750430030214,0.04233821184450874,0.0332618579627826,False
207,5,-281.88758071960956,-16.21062679830601,0.09337738595317882,0.07408874085774056,0.07331381305034895,False
207,6,-280.81433188295455,-15.137377961650998,0.12250293837885937,0.10553791187276841,0.07656182104709039,False
207,7,-280.15875830303116,-14.481804381727613,0.25605620234331977,0.12740171613957094,0.12470153315808079,False
207,8,-277.8537021649778,-12.17674824367424,0.45815264088601365,0.010863709347487914,0.008698168171584928,False
207,9,-265.67673277456936,0.00022114673419082465,2.2733699223767667,,,True
208,0,-265.67695392130355,0.0,2.445334169213695,,,True
208,1,-278.01313017438855,-12.336176253085,0.43871946288173325,0.043684204490993736,0.03859116037934861,False
208,2,-280.28171908993363,-14.604765168630081,0.7031807786341865,0.5792624800377463,0.4789272366680387,False
208,3,-280.9422949933114,-15.265341072007857,0.05791279397803728,0.06857843118549249,0.05801873523477069,False
208,4,-282.1698441977078,-16.49289027640424,0.04196773361748425,0.042384129646412125,0.03360282569873308,False
208,5,-281.90124121114684,-16.22428728984329,0.09103881039833898,0.06844718412838965,0.06779353275312885,False
208,6,-280.8294037695199,-15.15244984821635,0.12895469109616495,0.10927986619085392,0.08031343681711683,False
208,7,-280.16851617711905,-14.491562255815495,0.23608489618693368,0.11112506566050928,0.09614812213608023,False
208,8,-277.8725547001034,-12.195600778799871,0.44912146009427567,0.011027933344476947,0.008862062687619646,False
208,9,-265.67673277456936,0.00022114673419082465,2.2733699223767667,,,True
209,0,-265.67695392130355,0.0,2.445334169213695,,,True
209,1,-278.0290489861575,-12.352095064853927,0.4319957771336103,0.048375727101965006,0.04285236927243204,False
209,2,-280.4041920295216,-14.727238108218046,0.3673708312144261,0.3486684986088597,0.27460588530112795,False
209,3,-280.9486804386251,-15.271726517321554,0.060522450976210514,0.06571898843090679,0.06098503895568241,False
209,4,-282.174163519783,-16.497209598479458,0.041680114474674484,0.04235597323010308,0.03314417294862554,False
209,5,-281.9128778266629,-16.235923905359357,0.09058205022658063,0.06439415924092155,0.06375071739814231,False
209,6,-280.8435208880153,-15.166566966711741,0.13331929810684076,0.11104276064375197,0.0826799035335957,False
209,7,-280.1776967357962,-14.50074281449264,0.2073211471813768,0.09308876521233418,0.07562959423688674,False
209,8,-277.8887696936275,-12.211815772323973,0.44131880978419363,0.011100129825150467,0.008871283195133934,False
209,9,-265.67673277456936,0.00022114673419082465,2.2733699223767667,,,True
210,0,-265.67695392130355,0.0,2.445334169213695,,,True
210,1,-278.04599973869944,-12.369045817395886,0.4251072797699674,0.05426232079503414,0.04821641225052322,False
210,2,-280.3676924244166,-14.690738503113039,1.1899642774047992,1.0890261580480403,0.8240503363110512,False
210,3,-280.9552915561268,-15.278337634823231,0.06275865477554876,0.0633541207499024,0.062096755693345246,False
210,4,-282.17833363523096,-16.501379713927406,0.04015753948503843,0.04112847416548461,0.03299608098038266,False
210,5,-281.924496769143,-16.24754284783944,0.08994061132180435,0.060432047282905556,0.059633839813351526,False
210,6,-280.8592293506574,-15.182275429353865,0.13610364058995508,0.11092783337068264,0.08365077301403075,False
210,7,-280.1864374549877,-14.509483533684147,0.1797592457321287,0.06744537383450425,0.0618718366966137,False
210,8,-277.9054150713408,-12.228461150037276,0.4334450921043982,0.01109103883732635,0.008803067769977541,False
210,9,-265.67673277456936,0.00022114673419082465,2.2733699223767667,,,True
211,0,-265.67695392130355,0.0,2.445334169213695,,,True
211,1,-278.0475611344393,-12.37060721313577,0.42457163217295957,0.05493433758356222,0.04876161771417557,False
211,2,-280.43911795526634,-14.76216403396279,0.5466985363063251,0.5341453734552644,0.40280451684405977,False
211,3,-280.95592479203015,-15.278970870726596,0.06307552982546831,0.06373731427301255,0.06250973888128927,False
211,4,-282.178788666469,-16.501834745165468,0.03944957748066078,0.0404326782902059,0.03238505802782901,False
211,5,-281.92538903951413,-16.24843511821058,0.08978406330456865,0.060815670299559955,0.06021821890002629,False
211,6,-280.8607214925069,-15.183767571203362,0.1362991016391048,0.11075956344682217,0.08380459435444082,False
211,7,-280.1877545557479,-14.510800634444365,0.1788357090336458,0.061490222630790674,0.052903952012518775,False
211,8,-277.90669542169974,-12.229741500396187,0.43301039094440286,0.01104292123913733,0.008789267223111862,False
211,9,-265.67673277456936,0.00022114673419082465,2.2733699223767667,,,True
212,0,-265.67695392130355,0.0,2.445334169213695,,,True
212,1,-278.05082717955077,-12.373873258247215,0.42349281151277174,0.05640171843165143,0.04999596130987517,False
212,2,-280.4721760474225,-14.795222126118972,0.20507268834731598,0.1876426361411595,0.1317288464567236,False
212,3,-280.9572235754447,-15.280269654141136,0.06347649318675808,0.06422604977220758,0.06298989217593792,False
212,4,-282.17971123053627,-16.50275730923272,0.03801692938664419,0.039025345515966155,0.0310913297172621,False
212,5,-281.927231890754,-16.25027796945045,0.0894853879963475,0.061144659803039174,0.060759976619920116,False
212,6,-280.8638431319911,-15.186889210687525,0.13668984425534747,0.1104164063169975,0.08392404720299838,False
212,7,-280.18986186500354,-14.512907943699986,0.17745436786388039,0.05350247780868172,0.04643600894819334,False
212,8,-277.9093575955941,-12.232403674290538,0.43207133640844886,0.010944041986164155,0.008745863463199926,False
212,9,-265.67673277456936,0.00022114673419082465,2.2733699223767667,,,True
213,0,-265.67695392130355,0.0,2.445334169213695,,,True
213,1,-278.05617624250556,-12.379222321202008,0.42182929765720656,0.058932176313608704,0.05223382810568901,False
213,2,-280.4574862277965,-14.780532306492944,0.572315713326301,0.5163149931377291,0.4269209073209965,False
213,3,-280.959276010201,-15.282322088897445,0.06345164650036185,0.06424248360324541,0.06285385702033137,False
213,4,-282.18114076253744,-16.50418684123389,0.03581750657862496,0.03686655150498593,0.02895399679580423,False
213,5,-281.9301779833928,-16.25322406208926,0.08906719414214474,0.06038668540923556,0.06005189717364839,False
213,6,-280.8689491922239,-15.191995270920359,0.13717432964950907,0.10976079252391913,0.08365131116612595,False
213,7,-280.19237128042505,-14.5154173591215,0.17642626316777862,0.046008216169943404,0.03991707684310355,False
213,8,-277.9136628637233,-12.236708942419739,0.43045750743215333,0.010788003918257155,0.008640717968502562,False
213,9,-265.67673277456936,0.00022114673419082465,2.2733699223767667,,,True
214,0,-265.67695392130355,0.0,2.445334169213695,,,True
214,1,-278.05657411988625,-12.3796201985827,0.4217262819576717,0.05912683580381458,0.052416929356937106,False
214,2,-280.4629761502922,-14.786022228988656,0.5393216016928682,0.4814600474388946,0.396369048286875,False
214,3,-280.9594223289679,-15.28246840766434,0.06340001963165184,0.06418403637595184,0.06277155679621939,False
214,4,-282.18123944219224,-16.504285520888686,0.035687132504440396,0.03673903068396956,0.0287943882256327,False
214,5,-281.93038975465885,-16.253435833355297,0.08904780313490805,0.06016180051159898,0.05980124783217662,False
214,6,-280.8693276666724,-15.192373745368855,0.13720039038251997,0.1097086337299938,0.083598350549572,False
214,7,-280.1925670281495,-14.515613106845933,0.1765568895551737,0.046394362430676316,0.04028013239340631,False
214,8,-277.91397698733516,-12.237023066031611,0.4303194671665132,0.010777668695212541,0.00862662231525194,False
214,9,-265.67673277456936,0.00022114673419082465,2.2733699223767667,,,True
215,0,-265.67695392130355,0.0,2.445334169213695,,,True
215,1,-278.0573731025508,-12.380419181247248,0.4215203082147001,0.059520385740495466,0.05278754427281762,False
215,2,-280.4724919083362,-14.795537987032674,0.4729604489631362,0.41231090139517185,0.3361719670680664,False
215,3,-280.95971505962865,-15.2827611383251,0.0632930378945676,0.06406381355564097,0.0626039928280111,False
215,4,-282.1814365518747,-16.504482630571147,0.03542675129333462,0.03648435719988886,0.02847747198280613,False
215,5,-281.9308137424149,-16.253859821111348,0.08900778980073737,0.05973178716216189,0.05931968438808708,False
215,6,-280.8700877843985,-15.193133863094943,0.13724906024432584,0.10960056606663421,0.08349616306993957,False
215,7,-280.1929528211284,-14.515998899824865,0.17681402691753312,0.04714775884840008,0.040984608787660914,False
215,8,-277.91460687278857,-12.237652951485018,0.43004316463762593,0.010757217774738394,0.008599235458375256,False
215,9,-265.67673277456936,0.00022114673419082465,2.2733699223767667,,,True
216,0,-265.67695392130355,0.0,2.445334169213695,,,True
216,1,-278.0585855492852,-12.381631627981676,0.42121010565634864,0.0601241652858635,0.05335709448743212,False
216,2,-280.4834667181305,-14.80651279682695,0.3732697705405791,0.31064136103392337,0.2485671938500743,False
216,3,-280.9601564484494,-15.283202527145875,0.06312268068303874,0.06387474900386567,0.062344965080149826,False
216,4,-282.18173299464513,-16.50477907334158,0.03503546932477502,0.03610168137419087,0.028006016123764736,False
216,5,-281.9314538753895,-16.25449995408593,0.08894425572791051,0.059132627508028356,0.05864532297227436,False
216,6,-280.87124148460134,-15.194287563297792,0.1373134593476844,0.10942791349166635,0.0833519650791735,False
216,7,-280.1935219739196,-14.516568052616037,0.17718980917033775,0.04822650299767034,0.04198664809429416,False
216,8,-277.91556036732186,-12.23860644601831,0.42962618429201577,0.010726947535289804,0.008560041378555702,False
216,9,-265.67673277456936,0.00022114673419082465,2.2733699223767667,,,True
217,0,-265.67695392130355,0.0,2.445334169213695,,,True
217,1,-278.0602416467988,-12.383287725495222,0.4207911720617447,0.06096118750311675,0.05414821594818099,False
217,2,-280.49294442261805,-14.815990501314502,0.24254305936830922,0.181026985290294,0.13810559627418942,False
217,3,-280.9607537405101,-15.283799819206536,0.06287470893871498,0.06360434245969314,0.061983609669125674,False
217,4,-282.18213276208263,-16.50517884077908,0.03450899852653758,0.035586861935207374,0.027380738702022827,False
217,5,-281.93232182887584,-16.255367907572293,0.0888520248525757,0.058409090021793696,0.05783052865063819,False
217,6,-280.8728176615808,-15.195863740277275,0.13738242522819596,0.10917453705253032,0.08317504303432449,False
217,7,-280.19427431066174,-14.51732038935819,0.17767289463889713,0.04955831772141047,0.043218321849335356,False
217,8,-277.9168580717824,-12.239904150478878,0.4290610138546677,0.010687025322906517,0.008510989917640486,False
217,9,-265.67673277456936,0.00022114673419082465,2.2733699223767667,,,True
218,0,-265.67695392130355,0.0,2.445334169213695,,,True
218,1,-278.06239560065023,-12.385441679346684,0.4202549713276275,0.06207018217182293,0.05519852649130758,False
218,2,-280.4986431072314,-14.821689185927823,0.15795867170237868,0.1392868065778914,0.11898984716677488,False
218,3,-280.9615206864905,-15.284566765186923,0.06252541984618297,0.06323178270167813,0.061502272386166526,False
218,4,-282.1826439722722,-16.505690050968667,0.03383905075662815,0.03493190082319805,0.026599528756888032,False
218,5,-281.933439485034,-16.25648556373045,0.08872311314654285,0.05760691473917224,0.056937121186778135,False
218,6,-280.87486785611827,-15.197913934814721,0.1374377474159821,0.10881302747752762,0.0829741036776248,False
218,7,-280.19522311682476,-14.518269195521214,0.1782467644045109,0.05102530513279183,0.04457871373319984,False
218,8,-277.9185375179722,-12.241583596668647,0.4283330556475507,0.010637379427380453,0.008454376771433167,False
218,9,-265.67673277456936,0.00022114673419082465,2.2733699223767667,,,True
219,0,-265.67695392130355,0.0,2.445334169213695,,,True
219,1,-278.0650769294067,-12.38812300810315,0.4196017511514316,0.06348148378489464,0.056538182208163555,False
219,2,-280.50034474241914,-14.823390821115595,0.16857337907737566,0.15669530893168385,0.13077297208929362,False
219,3,-280.96245941711277,-15.285505495809218,0.06204394159293164,0.06273013209178997,0.060880578280768344,False
219,4,-282.1832669935951,-16.50631307229156,0.033029405597068406,0.0341406730406553,0.025912452800337778,False
219,5,-281.9348128063623,-16.257858885058738,0.08855053065012025,0.056768853083335374,0.056029588266126154,False
219,6,-280.8774192985608,-15.200465377257274,0.13744871714818352,0.10830929895809416,0.08275181050972703,False
219,7,-280.19637785592295,-14.519423934619397,0.17887947699994267,0.05244386794501468,0.04591602793463211,False
219,8,-277.9206143407569,-12.243660419453363,0.42743661316715664,0.010578714517315764,0.008393404104429698,False
219,9,-265.67673277456936,0.00022114673419082465,2.2733699223767667,,,True
220,0,-265.67695392130355,0.0,2.445334169213695,,,True
220,1,-278.06821262740243,-12.391258706098881,0.41885798327678025,0.06517330506200869,0.05814918932036659,False
220,2,-280.5004201663236,-14.823466245020029,0.2366430946945089,0.2678496594643492,0.19935288181584537,False
220,3,-280.9635343331852,-15.28658041188163,0.061404845437415895,0.06207650685374532,0.06010418786722251,False
220,4,-282.18397774321943,-16.50702382191588,0.03211607049960837,0.033248565658895446,0.02589119345635474,False
220,5,-281.936393299811,-16.259439378507466,0.08833620589602247,0.055919439309343795,0.05514396878931442,False
220,6,-280.8803999596771,-15.203446038373556,0.13737439406016697,0.10764054343134485,0.08249564205024963,False
220,7,-280.19771105184395,-14.520757130540403,0.17952467982414885,0.053624159920315294,0.04707150353715775,False
220,8,-277.9230227235216,-12.246068802218076,0.4263992314634718,0.010513716041638164,0.00833187934851834,False
220,9,-265.67673277456936,0.00022114673419082465,2.2733699223767667,,,True
221,0,-265.67695392130355,0.0,2.445334169213695,,,True
221,1,-278.0721103870476,-12.395156465744037,0.41796438402704145,0.06733581656824787,0.0602166252285887,False
221,2,-280.50239794247443,-14.825444021170881,0.3068570011624631,0.3315432703564148,0.2485913215159118,False
221,3,-280.96483547348714,-15.287881552183592,0.060491774794586964,0.061154563513678144,0.059050575248681916,False
221,4,-282.1848358899814,-16.50788196867785,0.031029900309835087,0.03218833071362042,0.025861670630428706,False
221,5,-281.9383191708707,-16.261365249567177,0.08805646848005222,0.05496023225274114,0.05418000899301678,False
221,6,-280.8840970870991,-15.207143165795571,0.1371450140883253,0.10668592174985676,0.08214220260895913,False
221,7,-280.1993580278107,-14.522404106507167,0.18021287141524167,0.05451224599714816,0.04802032853294806,False
221,8,-277.92598454149004,-12.249030620186488,0.42512311869302805,0.010437441047861417,0.008265849229383474,False
221,9,-265.67673277456936,0.00022114673419082465,2.2733699223767667,,,True
222,0,-265.67695392130355,0.0,2.445334169213695,,,True
222,1,-278.07689226040884,-12.39993833910529,0.41691732593040937,0.07007602868136961,0.06284804809229393,False
222,2,-280.50918517021455,-14.832231248911,0.29558972138864537,0.31822864520916777,0.23831259638232208,False
222,3,-280.9663777540555,-15.289423832751936,0.05920490481465459,0.059865571138954,0.057625243237824905,False
222,4,-282.1858526535059,-16.50889873220234,0.029770683357092733,0.030960257933614704,0.025822492635874206,False
222,5,-281.94062274748967,-16.26366882618612,0.08769942079555577,0.05382660506614748,0.05306579872202636,False
222,6,-280.88861597349063,-15.21166205218708,0.13665025424992738,0.10532537810439004,0.08161054718971258,False
222,7,-280.2013703695974,-14.524416448293834,0.18092513364223065,0.05492646417739812,0.04861625151959118,False
222,8,-277.92956811755073,-12.25261419624718,0.42357436134957566,0.0103497080770493,0.008195629352723376,False
222,9,-265.67673277456936,0.00022114673419082465,2.2733699223767667,,,True
223,0,-265.67695392130355,0.0,2.445334169213695,,,True
223,1,-278.0827818030331,-12.405827881729522,0.41570895045141365,0.07358006564732072,0.06622653156978485,False
223,2,-280.5202707521107,-14.843316830807169,0.1900292076978065,0.21550849470186062,0.15924486935760243,False
223,3,-280.96819405681094,-15.291240135507394,0.05742044414046768,0.0580873064636119,0.055711980510427014,False
223,4,-282.1870540632784,-16.510100141974874,0.028331199539091315,0.029558142561123223,0.02577152760973983,False
223,5,-281.9433694448827,-16.266415523579155,0.08724548938535087,0.05239710678027363,0.05166151427419763,False
223,6,-280.89414842029396,-15.217194498990409,0.1357143299242075,0.10336337796240724,0.08076287333926921,False
223,7,-280.20383115114873,-14.526877229845184,0.1816598417124125,0.05469909604131216,0.0487188260589495,False
223,8,-277.93390289595357,-12.256948974650015,0.4216888908198483,0.01024942716876107,0.008119687907941077,False
223,9,-265.67673277456936,0.00022114673419082465,2.2733699223767667,,,True
224,0,-265.67695392130355,0.0,2.445334169213695,,,True
224,1,-278.09019042703005,-12.413236505726502,0.41432994448640154,0.07818546994400023,0.07067949445925338,False
224,2,-280.530301541377,-14.853347620073464,0.07333367809863765,0.055649944834626416,0.048413138928813715,False
224,3,-280.9703468836442,-15.293392962340647,0.054991648706368766,0.055677096582613224,0.05317922203097103,False
224,4,-282.18849189117293,-16.51153796986938,0.0266953110794432,0.028581745174378677,0.025705365694006006,False
224,5,-281.94668104536197,-16.26972712405842,0.08666013006341797,0.05046434097496908,0.0497311947034919,False
224,6,-280.90104195621916,-15.22408803491561,0.13403211351194086,0.10045871327733727,0.07935760561832557,False
224,7,-280.20687690016007,-14.529922978856519,0.18245794477167301,0.053732938831403426,0.04823279298955647,False
224,8,-277.9392256488307,-12.26227172752715,0.419349455377207,0.010134206396408977,0.008033797510482176,False
224,9,-265.67673277456936,0.00022114673419082465,2.2733699223767667,,,True
225,0,-265.67695392130355,0.0,2.445334169213695,,,True
225,1,-278.0998045155008,-12.422850594197257,0.4127917459621611,0.08446778482985072,0.07676702337866143,False
225,2,-280.5342637994502,-14.857309878146623,0.20449458650289362,0.15878648912128923,0.132022696519873,False
225,3,-280.9729230590407,-15.295969137737131,0.05179052419253707,0.05251258899062606,0.04991820206650227,False
225,4,-282.1902472533624,-16.513293332058822,0.026062510247889886,0.027706107351518818,0.025618565289459078,False
225,5,-281.95073825200285,-16.2737843306993,0.08588673465975243,0.04773245808880423,0.046944430642764656,False
225,6,-280.9098490852944,-15.232895163990861,0.13105327179360246,0.09766837635476541,0.0769724005418444,False
225,7,-280.2107150201948,-14.533761098891262,0.18346201395901426,0.05221173489061539,0.04728068544279737,False
225,8,-277.94590247272515,-12.268948551421602,0.4163723495936404,0.01000120612082395,0.00793167432056865,False
225,9,-265.67673277456936,0.00022114673419082465,2.2733699223767667,,,True
226,0,-265.67695392130355,0.0,2.445334169213695,,,True
226,1,-278.11214964642244,-12.435195725118888,0.4111901046231747,0.09290757041046925,0.08499998870734907,False
226,2,-280.5364178044261,-14.859463883122544,0.2969739809760734,0.24691226898935825,0.20678666878677565,False
226,3,-280.97588996437054,-15.298936043066988,0.04796156868612359,0.048906961985778555,0.04600228111675803,False
226,4,-282.1923388560152,-16.515384934711676,0.02577356670706092,0.027278282386429806,0.0255015045965224,False
226,5,-281.9555611722292,-16.27860725092563,0.08488698656026607,0.045102076598074255,0.043111626632153725,False
226,6,-280.92086682902095,-15.243912907717402,0.13361833102897663,0.10706215609318225,0.0730612650631411,False
226,7,-280.21544887780266,-14.538494956499108,0.1849164457803482,0.05091253317935791,0.04651381669748662,False
226,8,-277.95407413148337,-12.277120210179817,0.4126733900194489,0.009855035712831797,0.00781668019997417,False
226,9,-265.67673277456936,0.00022114673419082465,2.2733699223767667,,,True
227,0,-265.67695392130355,0.0,2.445334169213695,,,True
227,1,-278.1279521377926,-12.45099821648904,0.40968431994156246,0.10423521433375778,0.0986954810800447,False
227,2,-280.5438345483909,-14.866880627087369,0.2552957932531121,0.20215614117114206,0.16814602131583728,False
227,3,-280.9791846183849,-15.30223069708137,0.044068971513249906,0.045699648794183145,0.04186577381189414,False
227,4,-282.1947804223192,-16.517826501015634,0.025359196354845116,0.027963013108725242,0.025332780993598904,False
227,5,-281.9611336703608,-16.284179749057273,0.0836066138080856,0.04242718323737358,0.03827825711038666,False
227,6,-280.93440866454216,-15.257454743238611,0.14738058385455535,0.11957404323666004,0.07920512536309018,False
227,7,-280.22122661008177,-14.544272688778221,0.18714419037083665,0.05083936762436575,0.046836668375215024,False
227,8,-277.9638571146952,-12.286903193391652,0.4081832925800206,0.009703548413975135,0.0077006171867946595,False
227,9,-265.67673277456936,0.00022114673419082465,2.2733699223767667,,,True
228,0,-265.67695392130355,0.0,2.445334169213695,,,True
228,1,-278.1487812286656,-12.471827307362048,0.4300871935134914,0.12763218272584576,0.11987385795391053,False
228,2,-280.552403622036,-14.875449700732474,0.09053544000144643,0.09445612389417883,0.06995984995124647,False
228,3,-280.9828015978651,-15.305847676561541,0.04105452408329262,0.041693938234434014,0.038334574192476004,False
228,4,-282.19764277776954,-16.520688856465995,0.02546519895245126,0.029821618933827156,0.025075704792876265,False
228,5,-281.9675314184824,-16.290577497178845,0.08192539918539019,0.03916157519965627,0.03274562494579973,False
228,6,-280.9512122675028,-15.274258346199247,0.16545127367231532,0.13631435353768212,0.09164337387247172,False
228,7,-280.2283841701044,-14.551430248800841,0.19062415302914298,0.05312859641387916,0.04929157712573223,False
228,8,-277.9755847320172,-12.298630810713632,0.40273581518303336,0.009554273149969414,0.007598927620863135,False
228,9,-265.67673277456936,0.00022114673419082465,2.2733699223767667,,,True
229,0,-265.67695392130355,0.0,2.445334169213695,,,True
229,1,-278.1777528977083,-12.500798976404724,0.4723439093176743,0.1628657845649501,0.15106917444106704,False
229,2,-280.5535594568694,-14.87660553556583,0.20704060136114766,0.2172055798936143,0.1798826425586897,False
229,3,-280.986782514605,-15.30982859330146,0.040007352791418496,0.04025484890573029,0.03634412275613412,False
229,4,-282.2010458112137,-16.524091889910153,0.02610956516841436,0.03183358516641106,0.025581063516688533,False
229,5,-281.97488963288663,-16.29793571158308,0.07964863634608144,0.03505368692992776,0.03016124762033394,False
229,6,-280.972657875202,-15.295703953898453,0.18912045513817807,0.15851177848549566,0.10801252447028575,False
229,7,-280.2374554576585,-14.560501536354934,0.1959888295294434,0.058569426781168735,0.05460329016578334,False
229,8,-277.9897828409594,-12.312828919655828,0.3960801223209557,0.009415116097364059,0.007527383137736726,False
229,9,-265.67673277456936,0.00022114673419082465,2.2733699223767667,,,True
230,0,-265.67695392130355,0.0,2.445334169213695,,,True
230,1,-278.2191706551598,-12.542216733856264,0.5257823253759066,0.2142512539193125,0.19493606345687647,False
230,2,-280.5608203879667,-14.883866466663164,0.20376044508924726,0.2062070535483672,0.16868155171779833,False
230,3,-280.99104947570936,-15.31409555440581,0.041726756945673536,0.041362177571432894,0.0361293769541325,False
230,4,-282.2049913597167,-16.52803743841315,0.027069972754617536,0.033620705297388684,0.027645274171287322,False
230,5,-281.983091536476,-16.306137615172474,0.07668435838682137,0.03568509963916658,0.03334091368621276,False
230,6,-280.99992800100176,-15.322974079698213,0.21669859375680806,0.18482855358177108,0.12736636034009857,False
230,7,-280.2488580652222,-14.57190414391863,0.20346718609374284,0.06597682192443308,0.06174213798477319,False
230,8,-278.0065231593693,-12.329569238065744,0.38816565752160465,0.009299736353440412,0.007496995776673418,False
230,9,-265.67673277456936,0.00022114673419082465,2.2733699223767667,,,True
231,0,-265.67695392130355,0.0,2.445334169213695,,,True
231,1,-278.27874978946903,-12.601795868165482,0.578089892984527,0.276987416926959,0.24496616991998416,False
231,2,-280.57087858590745,-14.893924664603901,0.08741000820404525,0.07806388256598372,0.06911318622777829,False
231,3,-280.99546583844824,-15.31851191714469,0.04619055457586456,0.044883794290400604,0.037397296334156394,False
231,4,-282.2093477506038,-16.532393829300247,0.028491302501783274,0.03473399426852984,0.028791503804153983,False
231,5,-281.9918035993974,-16.31484967809382,0.07304600784353334,0.03973923668054176,0.03687531957640659,False
231,6,-281.03394671966305,-15.3569927983595,0.24046617240992396,0.20809775250438312,0.14371684313379113,False
231,7,-280.2629307464797,-14.585976825176147,0.21272599887324112,0.07795479180585119,0.06810896623085169,False
231,8,-278.02530397855844,-12.34835005725489,0.37922406168421746,0.009591627209539754,0.0076862630543422655,False
231,9,-265.67673277456936,0.00022114673419082465,2.2733699223767667,,,True
232,0,-265.67695392130355,0.0,2.445334169213695,,,True
232,1,-278.3504617275057,-12.673507806202167,0.6382401037919182,0.30343057708174925,0.25440371022824243,False
232,2,-280.5753721204454,-14.898418199141872,0.20415384715880602,0.1777345267666449,0.14772014901830485,False
232,3,-280.99946642399857,-15.32251250269502,0.05159671142196364,0.049509030376727124,0.04216411437477717,False
232,4,-282.2133973825968,-16.53644346129323,0.030035120376427447,0.03504630311250217,0.028879932484635343,False
232,5,-281.99971409706467,-16.32276017576112,0.06935003980223602,0.04343822657370389,0.03997462208935527,False
232,6,-281.07017505320323,-15.39322113189968,0.24188917583235023,0.21023993512706693,0.14117923315449182,False
232,7,-280.27784611625765,-14.600892194954099,0.22125259942481063,0.0910399884250388,0.07410871940717201,False
232,8,-278.04302329895745,-12.3660693776539,0.3707759519339141,0.01011296728832556,0.0080661393572411,False
232,9,-265.67673277456936,0.00022114673419082465,2.2733699223767667,,,True
233,0,-265.67695392130355,0.0,2.445334169213695,,,True
233,1,-278.4230204512155,-12.746066529911957,0.5836482597064194,0.22923924915351754,0.16104990538431857,False
233,2,-280.5847219929936,-14.907768071690043,0.10624057726179847,0.07764618976231076,0.0640730237559072,False
233,3,-281.003240971581,-15.326287050277472,0.05721622795848088,0.05468106489112374,0.04725054146513258,False
233,4,-282.2171234668474,-16.540169545543847,0.03154746891340706,0.034855139497652274,0.02822563043880035,False
233,5,-282.0070041670557,-16.330050245752147,0.06573506911023756,0.046550335675747526,0.04244959518898413,False
233,6,-281.1058138274185,-15.428859906114951,0.20186940912372092,0.17428675725597867,0.10579882926012195,False
233,7,-280.29346573629005,-14.616511814986495,0.226536452830881,0.09900766196124273,0.08054640926039511,False
233,8,-278.0595809621175,-12.38262704081393,0.36292096436427035,0.010660601958793975,0.008468316623264863,False
233,9,-265.67673277456936,0.00022114673419082465,2.2733699223767667,,,True
234,0,-265.67695392130355,0.0,2.445334169213695,,,True
234,1,-278.47691310142307,-12.799959180119515,0.40969327260411176,0.26252786228864644,0.2584644940044695,False
234,2,-280.59016672088285,-14.913212799579298,0.10735295742862278,0.09791292383759398,0.07899163428240913,False
234,3,-281.00714899199465,-15.330195070691104,0.06338883730508589,0.06081855595307058,0.05259262871123889,False
234,4,-282.2206572972808,-16.54370337597726,0.0331815426264736,0.03415801188777871,0.02689330670065796,False
234,5,-282.014100790616,-16.33714686931245,0.06483550069592173,0.048971168833914454,0.04424184004255366,False
234,6,-281.1349337310106,-15.45797980970707,0.12386371795953627,0.11278921004598319,0.10094813375106235,False
234,7,-280.31007637402706,-14.633122452723512,0.2242708683168705,0.09609929954972428,0.07636370593476395,False
234,8,-278.07556527010547,-12.398611348801921,0.35541731314470537,0.011236427514173397,0.00888567582457327,False
234,9,-265.67673277456936,0.00022114673419082465,2.2733699223767667,,,True
235,0,-265.67695392130355,0.0,2.445334169213695,,,True
235,1,-278.51690975389374,-12.839955832590192,0.3536407545866664,0.39345598867188747,0.38130908140413367,False
235,2,-280.5961057083265,-14.91915178702294,0.11833854120374532,0.13078240785571302,0.10798367128532566,False
235,3,-281.0116735324608,-15.334719611157254,0.07110843339445312,0.06883692037691475,0.058556077545976894,False
235,4,-282.22420968375854,-16.547255762454995,0.035101667569307125,0.03288418525773124,0.027555092790513432,False
235,5,-282.02158409166236,-16.344630170358812,0.06628754084352749,0.0503688760858637,0.04512100455461951,False
235,6,-281.15117189930993,-15.47421797800638,0.19110346255218882,0.1874788065855216,0.1552997965230262,False
235,7,-280.32779621152446,-14.650842290220908,0.20577468669426657,0.07275455821644387,0.05095840813611484,False
235,8,-278.09205770599294,-12.415103784689393,0.34774381712682056,0.011889405782236259,0.009337377819914092,False
235,9,-265.67673277456936,0.00022114673419082465,2.2733699223767667,,,True
236,0,-265.67695392130355,0.0,2.445334169213695,,,True
236,1,-278.56692629188944,-12.889972370585895,0.2696112560195051,0.2682278746417799,0.23947670620348407,False
236,2,-280.6046301421443,-14.927676220840738,0.055955655506371264,0.04619247049857978,0.04598692526297466,False
236,3,-281.0170440473936,-15.340090126090047,0.08041019965346913,0.07881037623740986,0.06516518116676448,False
236,4,-282.2276919676601,-16.55073804635657,0.03724497452785917,0.03318239239910378,0.03012939005939825,False
236,5,-282.0294157523361,-16.352461831032542,0.06589289910687661,0.049892259374319355,0.04449739440693139,False
236,6,-281.1615548037987,-15.484600882495158,0.29954879478098567,0.2792814428298193,0.2500323262662459,False
236,7,-280.3442404664942,-14.667286545190677,0.16540679042720485,0.05254669126807962,0.04455623930197185,False
236,8,-278.1088653361418,-12.431911414838225,0.3399491650490995,0.012632184567130954,0.00984286680141822,False
236,9,-265.67673277456936,0.00022114673419082465,2.2733699223767667,,,True
237,0,-265.67695392130355,0.0,2.445334169213695,,,True
237,1,-278.6177791999581,-12.940825278654529,0.3099597212979363,0.20127297932016822,0.15601280372125528,False
237,2,-280.61031669557224,-14.933362774268687,0.12319766026282654,0.10437496192815741,0.079223789934095,False
237,3,-281.02338635217825,-15.3464324308747,0.08996030016501703,0.08937974910166337,0.07219178477984456,False
237,4,-282.2309237293845,-16.55396980808092,0.039503279726269595,0.0339948788455239,0.03237371028873132,False
237,5,-282.0372721297297,-16.360318208426122,0.06285551095979401,0.046839328937345374,0.041948444227457006,False
237,6,-281.1825768713571,-15.505622950053578,0.2295447058809449,0.2081207037920676,0.1839418797545656,False
237,7,-280.35705350065734,-14.680099579353794,0.12030126505939943,0.07731403646843162,0.07663266529305389,False
237,8,-278.1252915407475,-12.448337619443976,0.33233227642333,0.01343514867563663,0.010421935614824535,False
237,9,-265.67673277456936,0.00022114673419082465,2.2733699223767667,,,True
238,0,-265.67695392130355,0.0,2.445334169213695,,,True
238,1,-278.6592587941892,-12.982304872885663,0.3943134789978182,0.13675243312575705,0.10192379304812163,False
238,2,-280.617639491527,-14.940685570223422,0.09273353316579211,0.07610665095964442,0.059383853934686204,False
238,3,-281.03096477274397,-15.354010851440421,0.09659968368784783,0.09703291869533565,0.07968455056704152,False
238,4,-282.23388730980275,-16.556933388499203,0.041799365746469364,0.034725575892118755,0.03406790738998755,False
238,5,-282.0451027669452,-16.368148845641656,0.05677565650067962,0.040857725169263004,0.03725074964530812,False
238,6,-281.20772885358224,-15.530774932278689,0.16441336549431565,0.16314308126243154,0.12520846737917576,False
238,7,-280.3678228828918,-14.69086896158825,0.10778038169452031,0.12206713119580323,0.12005453910378927,False
238,8,-278.1413467486936,-12.464392827390043,0.32489904112301177,0.014296559341681342,0.011076958023716338,False
238,9,-265.67673277456936,0.00022114673419082465,2.2733699223767667,,,True
239,0,-265.67695392130355,0.0,2.445334169213695,,,True
239,1,-278.69288090246596,-13.015926981162409,0.3987495656140256,0.16212041277100428,0.1258092136474693,False
239,2,-280.6248634843008,-14.947909562997268,0.06976690617269853,0.06293612150963453,0.05896368009732691,False
239,3,-281.04013405212265,-15.363180130819103,0.09735253584182908,0.09863868213910196,0.08784242626283736,False
239,4,-282.23665260862185,-16.559698687318303,0.04404322894926238,0.03536729679908051,0.035055740054589,False
239,5,-282.05303942137607,-16.37608550007252,0.047582741586946434,0.03894800507601294,0.030894387441969425,False
239,6,-281.2271968012021,-15.550242879898576,0.12382924662924788,0.12460410631069102,0.09977105899421491,False
239,7,-280.3798160217955,-14.702862100491927,0.11443057731677006,0.11471338221914026,0.10677569243456916,False
239,8,-278.15750899915133,-12.480555077847782,0.3174697852689701,0.015253449442970829,0.011797416971408636,False
239,9,-265.67673277456936,0.00022114673419082465,2.2733699223767667,,,True
240,0,-265.67695392130355,0.0,2.445334169213695,,,True
240,1,-278.7235439678866,-13.046590046583049,0.3727092213844584,0.17378062969819577,0.13595053581523703,False
240,2,-280.6313158600761,-14.954361938772536,0.0856035414946268,0.09044463313735211,0.07249679193830469,False
240,3,-281.0511663908148,-15.374212469511235,0.09198193950883458,0.09682001434194411,0.09643320830836075,False
240,4,-282.23927007045944,-16.56231614915589,0.04614622103158663,0.03591259822589921,0.035259903652756164,False
240,5,-282.061150307714,-16.38419638641045,0.04430319043547711,0.040379998727491866,0.03208495446926641,False
240,6,-281.24441741950795,-15.567463498204404,0.15779909262437924,0.15215348881183546,0.1282359645898891,False
240,7,-280.3938503620092,-14.716896440705625,0.10357614875743566,0.10151488858309521,0.08150654427974975,False
240,8,-278.1742304611926,-12.497276539889072,0.3098750227729069,0.016357043721176242,0.012598391931838971,False
240,9,-265.67673277456936,0.00022114673419082465,2.2733699223767667,,,True
241,0,-265.67695392130355,0.0,2.445334169213695,,,True
241,1,-278.75429086541783,-13.077336944114279,0.34057910424402865,0.1248486024402576,0.09225010808461216,False
241,2,-280.63964366715953,-14.962689745855982,0.09169347762914523,0.08492082479182926,0.08262137550482382,False
241,3,-281.0640296301398,-15.387075708836278,0.09265895415419742,0.10432747505427847,0.10403134989035621,False
241,4,-282.2416912915823,-16.56473737027875,0.049857149777931556,0.036358794473218506,0.034766235563557665,False
241,5,-282.0691846249979,-16.392230703694338,0.042607370034316,0.04099861510369858,0.03267430150683066,False
241,6,-281.26349427796083,-15.58654035665728,0.17060999514854422,0.1709799589891629,0.11543621464459906,False
241,7,-280.40882433684175,-14.731870415538197,0.12218387273865278,0.06887290741443325,0.05759844266357502,False
241,8,-278.1913373454803,-12.514383424176742,0.30220500814953893,0.01761681756186943,0.013522834804644508,False
241,9,-265.67673277456936,0.00022114673419082465,2.2733699223767667,,,True
242,0,-265.67695392130355,0.0,2.445334169213695,,,True
242,1,-278.78272141126536,-13.105767489961806,0.3403079259539616,0.12393951474997061,0.10754509103590267,False
242,2,-280.64736777331564,-14.970413852012086,0.10772520101103847,0.09789265310328947,0.09381823192812745,False
242,3,-281.07886499297695,-15.401911071673396,0.09907390372876565,0.10896099412335825,0.1087284198311399,False
242,4,-282.24389067295283,-16.56693675164928,0.05404573255716446,0.036548260957231564,0.033740048648422255,False
242,5,-282.0770179500181,-16.400064028714553,0.043893263930150736,0.04249562250237648,0.03390866515315138,False
242,6,-281.2837698947331,-15.606815973429548,0.14448525644667387,0.1445502730275433,0.11617102012948652,False
242,7,-280.4238764929777,-14.746922571674133,0.14595980563812433,0.08169392140703755,0.06226251818933984,False
242,8,-278.20865108338717,-12.531697162083617,0.2945474725488861,0.019034497303276394,0.014617252667182598,False
242,9,-265.67673277456936,0.00022114673419082465,2.2733699223767667,,,True
243,0,-265.67695392130355,0.0,2.445334169213695,,,True
243,1,-278.80883860982453,-13.131884688520984,0.29729437810584947,0.10854043263758047,0.08680343876299283,False
243,2,-280.6566275616651,-14.979673640361568,0.13065895104321376,0.12033432761886521,0.11416438593355513,False
243,3,-281.0956362799882,-15.418682358684634,0.10103082738929818,0.10872117996275231,0.10854064401027891,False
243,4,-282.24587174548526,-16.56891782418171,0.0584859550770615,0.0362512311091155,0.03232181309025808,False
243,5,-282.0847237475208,-16.407769826217248,0.045640203432421075,0.04441290996753024,0.03548414887771475,False
243,6,-281.3017184617322,-15.624764540428657,0.10108769514561547,0.10118025175799399,0.07785846389857067,False
243,7,-280.4387000883519,-14.76174616704833,0.1498328999639704,0.07213504332153173,0.05207195561480506,False
243,8,-278.22613688560875,-12.549182964305203,0.2869436196399281,0.020642305810889373,0.015872999853475702,False
243,9,-265.67673277456936,0.00022114673419082465,2.2733699223767667,,,True
244,0,-265.67695392130355,0.0,2.445334169213695,,,True
244,1,-278.83084618781845,-13.153892266514902,0.22377718917061334,0.08317384872745313,0.07094843774227945,False
244,2,-280.66802490245016,-14.991070981146606,0.1642978650185432,0.1544696721034132,0.1485938968916731,False
244,3,-281.1135864331837,-15.436632511880134,0.09720069065205258,0.10281831777113715,0.10266017480495733,False
244,4,-282.2476351426956,-16.57068122139202,0.06309956407749928,0.0353709335876058,0.030660553562833644,False
244,5,-282.09238053688097,-16.415426615577417,0.04710408560889003,0.0460042735831553,0.0369251036399995,False
244,6,-281.317078173078,-15.640124251774466,0.12173446386318867,0.12075059864980665,0.0982417533229809,False
244,7,-280.4529455764013,-14.775991655097755,0.14292087224966132,0.06199266305037836,0.05479655697827103,False
244,8,-278.24377013464084,-12.56681621333729,0.27944611109472967,0.0224814526799105,0.017287572911178835,False
244,9,-265.67673277456936,0.00022114673419082465,2.2733699223767667,,,True
245,0,-265.67695392130355,0.0,2.445334169213695,,,True
245,1,-278.8483619763082,-13.171408055004633,0.20582503220847354,0.07794346653098934,0.06219554700348241,False
245,2,-280.6828673594948,-15.005913438191271,0.21412652329208112,0.20044046629124135,0.19563034392353826,False
245,3,-281.13121648035815,-15.454262559054598,0.08835283539413911,0.09289159314409733,0.09270426612232348,False
245,4,-282.24917879391285,-16.572224872609297,0.0678363862297362,0.034068340136374595,0.028973381760030118,False
245,5,-282.1000121016747,-16.42305818037113,0.047646947199048946,0.04664185477749068,0.037746924054589605,False
245,6,-281.3330938131878,-15.656139891884266,0.09704663406157472,0.09696198697598435,0.08342633727427781,False
245,7,-280.4664241287271,-14.789470207423562,0.13312286768706702,0.06293735018282215,0.054348725261421996,False
245,8,-278.2616081499527,-12.584654228649129,0.27205940436514625,0.0246021160412957,0.018927964020081994,False
245,9,-265.67673277456936,0.00022114673419082465,2.2733699223767667,,,True
246,0,-265.67695392130355,0.0,2.445334169213695,,,True
246,1,-278.8646771860243,-13.187723264720773,0.215357316227041,0.06691680724987405,0.05902583548559169,False
246,2,-280.7051124570552,-15.02815853575163,0.2835677049834224,0.25861328162079716,0.2532482298640027,False
246,3,-281.1468870141074,-15.469933092803842,0.08145797644910248,0.08436441414700876,0.0812158976554343,False
246,4,-282.250474264743,-16.57352034343944,0.07264102639001815,0.03266705521871371,0.027628558377943545,False
246,5,-282.1074892611647,-16.430535339861137,0.04702416452377213,0.04609578807474223,0.03764933052139188,False
246,6,-281.35082904544953,-15.67387512414598,0.08597878585898852,0.08573891160950133,0.08458059192456348,False
246,7,-280.4793181905817,-14.802364269278144,0.1150589529333424,0.04989955050622398,0.04180394629817248,False
246,8,-278.2794935457773,-12.602539624473764,0.264852882492793,0.027045998529375233,0.02085153818180265,False
246,9,-265.67673277456936,0.00022114673419082465,2.2733699223767667,,,True
247,0,-265.67695392130355,0.0,2.445334169213695,,,True
247,1,-278.8799269540659,-13.202973032762372,0.24217384580155984,0.048609675946819475,0.03582295238620453,False
247,2,-280.73855004075,-15.061596119446449,0.3680473499560294,0.3266518800169272,0.31756709910946607,False
247,3,-281.1608673936842,-15.483913472380664,0.11878895303330626,0.1184872138582992,0.09339860744028407,False
247,4,-282.2515006921053,-16.57454677080176,0.07746790059480049,0.03165856700334785,0.02893285496622387,False
247,5,-282.1146897910712,-16.437735869767664,0.045379287111895,0.044519897168694034,0.03661363117890878,False
247,6,-281.36869104172956,-15.691737120426012,0.0992972383013347,0.09818060716761959,0.09616442510066447,False
247,7,-280.49147403739835,-14.814520116094798,0.09860970097397104,0.03801098035612691,0.03761485698480354,False
247,8,-278.297224561682,-12.620270640378465,0.2579186118463037,0.02985665615541867,0.02310850581087498,False
247,9,-265.67673277456936,0.00022114673419082465,2.2733699223767667,,,True
248,0,-265.67695392130355,0.0,2.445334169213695,,,True
248,1,-278.89279446146674,-13.215840540163185,0.2565453335895971,0.05210971188894114,0.04495784640555964,False
248,2,-280.7901292978735,-15.113175376569927,0.46186000193326937,0.39945561694656173,0.3821986491769714,False
248,3,-281.1744869388632,-15.497533017559647,0.12963133791308018,0.12886914111174108,0.09916690359085498,False
248,4,-282.25225341003124,-16.575299488727694,0.08223345807347657,0.032699044756131466,0.030101802818188406,False
248,5,-282.121528481223,-16.44457455991943,0.0431054905634656,0.04231083568600893,0.03485273857163649,False
248,6,-281.38557302874483,-15.70861910744128,0.11086701853050698,0.10897331161213016,0.10613478349828777,False
248,7,-280.50264283276715,-14.825688911463601,0.09240003361325029,0.04052826925117365,0.040086861593739295,False
248,8,-278.3146039495013,-12.637650028197754,0.25135009602599145,0.03308492319174841,0.025742875807293217,False
248,9,-265.67673277456936,0.00022114673419082465,2.2733699223767667,,,True
249,0,-265.67695392130355,0.0,2.445334169213695,,,True
249,1,-278.90380941952856,-13.226855498225007,0.25009472012330536,0.05691319095274252,0.038464202032915465,False
249,2,-280.8686056938511,-15.191651772547573,0.5820949652994982,0.48816778424928564,0.4600406330160939,False
249,3,-281.1873751707692,-15.51042124946565,0.10760057045340211,0.10663977846388539,0.08592745501977188,False
249,4,-282.25274087213455,-16.575786950831002,0.0867675335811318,0.033194820437913775,0.03103508919089614,False
249,5,-282.1278952222817,-16.450941300978172,0.04090609995793155,0.04016867693741739,0.032872489127371084,False
249,6,-281.4024170876013,-15.725463166297743,0.11894471542093751,0.11636376951826863,0.11293475718333836,False
249,7,-280.5127562632507,-14.835802341947158,0.08945123575317059,0.04305151044969738,0.03594929037825722,False
249,8,-278.33132087069566,-12.654366949392113,0.2452724486182865,0.036753077097066676,0.028780036028172667,False
249,9,-265.67673277456936,0.00022114673419082465,2.2733699223767667,,,True
250,0,-265.67695392130355,0.0,2.445334169213695,,,True
250,1,-278.91361676794224,-13.236662846638694,0.23439590829716303,0.04453758119231552,0.03868031358288673,False
250,2,-280.98683828050576,-15.309884359202215,0.7372681749536333,0.5907054012658349,0.5531916890845537,False
250,3,-281.19811572838904,-15.521161807085491,0.07208146084556111,0.07288342799256844,0.05989041423749654,False
250,4,-282.2529914851028,-16.576037563799275,0.09086146821097497,0.03325991530710986,0.03167550365486824,False
250,5,-282.13366586544174,-16.456711944138192,0.03890624680197768,0.03821935118347487,0.030843336412421037,False
250,6,-281.4199282842642,-15.742974362960638,0.12267965216318946,0.11947565003211567,0.11567743426562266,False
250,7,-280.52182026074917,-14.844866339445616,0.0864297545916461,0.044571908504156404,0.03611661380770967,False
250,8,-278.3470013045705,-12.670047383266933,0.23981328260790774,0.04083480299387641,0.032217642330238626,False
250,9,-265.67673277456936,0.00022114673419082465,2.2733699223767667,,,True
251,0,-265.67695392130355,0.0,2.445334169213695,,,True
251,1,-278.9222369930626,-13.245283071759047,0.2214355628754428,0.04380697568454738,0.03942457059109144,False
251,2,-281.1398640902611,-15.462910168957535,0.716137161377302,0.5375748736142117,0.4708730446149771,False
251,3,-281.20618724296094,-15.529233321657387,0.0715157901872625,0.07564836620664711,0.05729084102965301,False
251,4,-282.2530533652771,-16.576099443973533,0.09436453278410091,0.03310251002958595,0.03202263673265132,False
251,5,-282.138757350182,-16.461803428878454,0.03710158019322933,0.03646035392286019,0.028890087615380367,False
251,6,-281.4372616808026,-15.760307759499028,0.12233847514852314,0.11861320563085767,0.11459927424638919,False
251,7,-280.5298914372248,-14.852937515921269,0.08379673603481819,0.04500013395662093,0.03539006407530507,False
251,8,-278.36135817795696,-12.684404256653409,0.23504940451173675,0.04527137486295786,0.03602129468535972,False
251,9,-265.67673277456936,0.00022114673419082465,2.2733699223767667,,,True
252,0,-265.67695392130355,0.0,2.445334169213695,,,True
252,1,-278.92995226306505,-13.252998341761497,0.21635671430280684,0.041609311087900315,0.039125767984711235,False
252,2,-281.249132018638,-15.572178097334472,0.3798890144179705,0.3544964578283108,0.2975980206859808,False
252,3,-281.2123147731204,-15.535360851816847,0.07391510083733206,0.07792873364382816,0.05838272304688235,False
252,4,-282.25297941985514,-16.576025498551587,0.09733519972376267,0.033365124367649227,0.03210795952115451,False
252,5,-282.14332186317466,-16.466367941871113,0.035418006626941785,0.03482047312442744,0.02707161070345651,False
252,6,-281.4540086590299,-15.77705473772636,0.11904961609026898,0.11492908950368158,0.11085772867566951,False
252,7,-280.53730039050174,-14.860346469198191,0.08086373508348094,0.044511333922748766,0.03412784815149861,False
252,8,-278.37476185595517,-12.697807934651621,0.2308457884575856,0.05020089146001724,0.04032509115783737,False
252,9,-265.67673277456936,0.00022114673419082465,2.2733699223767667,,,True
253,0,-265.67695392130355,0.0,2.445334169213695,,,True
253,1,-278.9376945170371,-13.260740595733523,0.21941888267148857,0.045275069612070326,0.043352060200039226,False
253,2,-281.20938914009366,-15.532435218790113,1.5110911117156756,1.375612427806328,1.363326189362729,False
253,3,-281.21784095496207,-15.540887033658521,0.07627263693451984,0.08032314309078471,0.05969370550870069,False
253,4,-282.2527821907421,-16.575828269438546,0.10007645594835544,0.033536042937959726,0.031950853990518314,False
253,5,-282.147887670524,-16.470933749220478,0.03363495571254182,0.0330855522640867,0.025284628768648672,False
253,6,-281.47167687775186,-15.794722956448311,0.11393893101085757,0.10892834576331215,0.10493005855744875,False
253,7,-280.5448963648397,-14.867942443536151,0.07712583942174356,0.04318555548801036,0.032453351758817986,False
253,8,-278.38881252564806,-12.711858604344513,0.22674383080507948,0.05644259588244243,0.045839351044506316,False
253,9,-265.67673277456936,0.00022114673419082465,2.2733699223767667,,,True
254,0,-265.67695392130355,0.0,2.445334169213695,,,True
254,1,-278.9401270110762,-13.263173089772636,0.2233276493647912,0.04340663741311285,0.041095482275516675,False
254,2,-281.29395771847874,-15.617003797175187,0.6941978533852834,0.6593599003509506,0.6307984693422098,False
254,3,-281.2207689431483,-15.54381502184475,0.07695799565270793,0.08183464675919394,0.0603187734799632,False
254,4,-282.2528304457008,-16.575876524397245,0.10042938336116726,0.033127558356904424,0.031249268507309306,False
254,5,-282.1490198617182,-16.472065940414666,0.03340008502940464,0.032869762316069674,0.025711826912757946,False
254,6,-281.4778014916766,-15.800847570373037,0.12230637333335045,0.1174316940651744,0.11558723821732746,False
254,7,-280.5470742466888,-14.870120325385244,0.07646763296475265,0.041839832529825524,0.03123668091659426,False
254,8,-278.39278045596166,-12.715826534658106,0.22620506570991397,0.05947167199541529,0.04902272281888107,False
254,9,-265.67673277456936,0.00022114673419082465,2.2733699223767667,,,True
255,0,-265.67695392130355,0.0,2.445334169213695,,,True
255,1,-278.9414018448533,-13.264447923549767,0.21928172486777267,0.04536276000025516,0.04299881048777693,False
255,2,-281.34060064165806,-15.663646720354507,0.3628789082934364,0.31822738025563235,0.23649603320198828,False
255,3,-281.2224939703841,-15.545540049080557,0.07744691062378348,0.08163037676455907,0.06009989895709775,False
255,4,-282.2528513951488,-16.57589747384526,0.10053388126825488,0.03314798728693091,0.030955364111655337,False
255,5,-282.1497399474115,-16.47278602610794,0.03320283403251815,0.032687517247694226,0.025723941954447604,False
255,6,-281.4814752017289,-15.804521280425377,0.12103850880457513,0.1160459780224335,0.11264267428459357,False
255,7,-280.548376896233,-14.87142297492943,0.07612928964217042,0.04111124846355721,0.03088174973663243,False
255,8,-278.3953606791485,-12.718406757844946,0.22594619531364168,0.061693184674277694,0.05076433076146005,False
255,9,-265.67673277456936,0.00022114673419082465,2.2733699223767667,,,True
256,0,-265.67695392130355,0.0,2.445334169213695,,,True
256,1,-278.94395645951283,-13.267002538209283,0.21273959032527867,0.04874585399158882,0.04613370594615351,False
256,2,-281.33971338096046,-15.662759459656911,0.6115368903415204,0.6012886997286616,0.5887336400257943,False
256,3,-281.2259159830467,-15.548962061743168,0.07845595482989051,0.08175342038951187,0.06012869281768688,False
256,4,-282.25287667138434,-16.575922750080792,0.1008018465967198,0.03311923858884207,0.03041278337749449,False
256,5,-282.1512300761867,-16.47427615488317,0.03281498035155374,0.03233033555091535,0.025728507811133214,False
256,6,-281.48896211927,-15.812008197966463,0.12002832311430414,0.11468613033006238,0.1095399711252628,False
256,7,-280.55102269091464,-14.874068769611085,0.07569915771343336,0.03984171493539833,0.030139654956204215,False
256,8,-278.4008312129764,-12.723877291672864,0.2254088563467196,0.06679964448155574,0.05513557030804757,False
256,9,-265.67673277456936,0.00022114673419082465,2.2733699223767667,,,True
257,0,-265.67695392130355,0.0,2.445334169213695,,,True
257,1,-278.944264644534,-13.267310723230423,0.21265392278238793,0.04886335635134414,0.046205888275933096,False
257,2,-281.35243675160456,-15.675482830301007,0.45743995995975045,0.45513984901199295,0.4376750269927978,False
257,3,-281.22629548053595,-15.549341559232403,0.0785786151367396,0.08181490098804878,0.060123515745810575,False
257,4,-282.2528774669146,-16.575923545611033,0.1008623048976921,0.03308447242870686,0.030373704969487034,False
257,5,-282.1514067068049,-16.47445278550134,0.032774043298335755,0.03229273180673014,0.025715924724863417,False
257,6,-281.48982568310544,-15.812871761801887,0.12011247302423236,0.11466840753919386,0.11009512113711821,False
257,7,-280.55132661165135,-14.874372690347798,0.0756553873600758,0.03978144110312733,0.030069099706485004,False
257,8,-278.4014956222456,-12.72454170094204,0.22535233494424695,0.06751887566521576,0.055823966247407125,False
257,9,-265.67673277456936,0.00022114673419082465,2.2733699223767667,,,True
258,0,-265.67695392130355,0.0,2.445334169213695,,,True
258,1,-278.9448871921357,-13.267933270832145,0.21245441853827562,0.04915195419527385,0.04640179488878832,False
258,2,-281.3678125787242,-15.690858657420677,0.27474837842696914,0.26964799727071315,0.2506155765517131,False
258,3,-281.22705781416255,-15.550103892859,0.07882577435582702,0.08197330942434025,0.060152271813383895,False
258,4,-282.2528781124937,-16.575924191190154,0.1009803997411062,0.03302060532610598,0.03029609050343853,False
258,5,-282.1517634518424,-16.474809530538835,0.032688594384128376,0.03221410401479218,0.02568547084414785,False
258,6,-281.49156423597935,-15.814610314675804,0.12017305237252898,0.11454636443968359,0.1108385502335281,False
258,7,-280.55193990877444,-14.874985987470893,0.07556645836311998,0.03965615936793959,0.029939294204851235,False
258,8,-278.40284710311465,-12.725893181811102,0.22524124007863625,0.06901291149723277,0.057236423774714926,False
258,9,-265.67673277456936,0.00022114673419082465,2.2733699223767667,,,True
259,0,-265.67695392130355,0.0,2.445334169213695,,,True
259,1,-278.94585208074784,-13.26889815944429,0.21207458791947767,0.049724555889317366,0.04683430521611318,False
259,2,-281.37691193982096,-15.699958018517407,0.3173268006290541,0.2843747566070398,0.2315996480916112,False
259,3,-281.2282259020562,-15.551271980752631,0.07920614201154136,0.08225211193089078,0.06024253038276475,False
259,4,-282.2528765844345,-16.57592266313094,0.10115307286746011,0.032937638752479334,0.030179669065908202,False
259,5,-282.1523149306949,-16.47536100939135,0.03254919232820259,0.03208546602453434,0.02562519208580039,False
259,6,-281.4942381119065,-15.817284190602948,0.11983196889965865,0.11397413476289071,0.11103999599567164,False
259,7,-280.5528866421983,-14.875932720894752,0.07542507631448636,0.0394545560864239,0.02977102128815725,False
259,8,-278.40496266224335,-12.7280087409398,0.22507820007404733,0.07143667880711652,0.05948502351842301,False
259,9,-265.67673277456936,0.00022114673419082465,2.2733699223767667,,,True
260,0,-265.67695392130355,0.0,2.445334169213695,,,True
260,1,-278.9471703300354,-13.27021640873187,0.21143228158742994,0.050707218442582115,0.047642163867728744,False
260,2,-281.38097069553527,-15.704016774231718,0.4277422510343074,0.3860583674893267,0.3173536851823244,False
260,3,-281.2297913578681,-15.552837436564573,0.07971787456178357,0.08259105073567966,0.06035321495583688,False
260,4,-282.2528696395509,-16.57591571824736,0.10137154549145917,0.03285047372763741,0.030028754200732973,False
260,5,-282.1530626136325,-16.476108692328978,0.032347329826851685,0.03189856666740999,0.025520411717256015,False
260,6,-281.49783780123215,-15.820883879928601,0.11843633571824745,0.11233748126263722,0.10980233780331701,False
260,7,-280.5541680118405,-14.877214090536938,0.07522126747360963,0.039172715871977494,0.029596335359680828,False
260,8,-278.40788564189177,-12.730931720588217,0.22487437402667224,0.07495687961150435,0.0626866942389582,False
260,9,-265.67673277456936,0.00022114673419082465,2.2733699223767667,,,True
261,0,-265.67695392130355,0.0,2.445334169213695,,,True
261,1,-278.94880189305286,-13.27184797174931,0.21049090440361953,0.05214996126292822,0.04889633480101402,False
261,2,-281.38784943083647,-15.710895509532918,0.48284211258101567,0.4413191304795258,0.3862669084311886,False
261,3,-281.231677663733,-15.554723742429474,0.08033491719075914,0.0828789791520596,0.06040406797817808,False
261,4,-282.2528536200871,-16.57589969878353,0.10162147859594521,0.032772170446851545,0.029855001738931117,False
261,5,-282.15397538369757,-16.47702146239402,0.032084745906245056,0.031654718289222776,0.025363645879210476,False
261,6,-281.5021902000295,-15.825236278725924,0.11557174298807332,0.1092549179981333,0.10668462360049213,False
261,7,-280.5557298373866,-14.878775916083043,0.0749503824512811,0.03882958805397281,0.029443847122350555,False
261,8,-278.41154731755375,-12.734593396250204,0.22465151552637913,0.07964167187311104,0.06688932891650015,False
261,9,-265.67673277456936,0.00022114673419082465,2.2733699223767667,,,True
262,0,-265.67695392130355,0.0,2.445334169213695,,,True
262,1,-278.95072446952724,-13.273770548223695,0.209241663802015,0.05406971738347751,0.050625919489231855,False
262,2,-281.4022382746425,-15.725284353338964,0.4601257063315064,0.4197730730456013,0.36386147999379587,False
262,3,-281.2338272823123,-15.55687336100874,0.08103517231896444,0.08304014628626746,0.060341482364152994,False
262,4,-282.2528248591581,-16.575870937854575,0.10189699099083886,0.03270762148834722,0.029668480149451677,False
262,5,-282.1550300726189,-16.47807615131535,0.03176405342712812,0.03135619275275684,0.02515117776609111,False
262,6,-281.5071522483994,-15.830198327095843,0.11127193522960212,0.10478103948219415,0.10176431407750505,False
262,7,-280.5575322541265,-14.88057833282295,0.0746105021535604,0.03845117775257389,0.029324998636317868,False
262,8,-278.4159218697414,-12.738967948437846,0.2244317459432338,0.08563637280591882,0.072231859590286,False
262,9,-265.67673277456936,0.00022114673419082465,2.2733699223767667,,,True
263,0,-265.67695392130355,0.0,2.445334169213695,,,True
263,1,-278.9529515155972,-13.275997594293642,0.20769708900995582,0.056483156651947294,0.052844147127023684,False
263,2,-281.4217117581133,-15.744757836809754,0.3647398658551734,0.3289782485254831,0.2553964522066982,False
263,3,-281.23622003295,-15.559266111646423,0.08180644635006556,0.08307287991156698,0.06016803236912484,False
263,4,-282.25277931177243,-16.57582539046888,0.10220307290772877,0.032653516630638056,0.029476293899264063,False
263,5,-282.1562207154633,-16.47926679415974,0.031385826305136706,0.031003525209054632,0.024880477975878827,False
263,6,-281.51265250065546,-15.835698579351913,0.10589682325504778,0.09928392991263962,0.09550940919989184,False
263,7,-280.5595655031014,-14.882611581797846,0.07419051080131298,0.03806695169655475,0.029237910162362893,False
263,8,-278.4210749884726,-12.744121067169033,0.22457710530834746,0.09325274249868623,0.07901764745943618,False
263,9,-265.67673277456936,0.00022114673419082465,2.2733699223767667,,,True
264,0,-265.67695392130355,0.0,2.445334169213695,,,True
264,1,-278.9558451362533,-13.278891214949738,0.20569133473592624,0.05977615226079343,0.055891217760458044,False
264,2,-281.4407677829829,-15.763813861679353,0.23550478424031193,0.22029927205559827,0.20802845300422843,False
264,3,-281.23917790892506,-15.562223987621508,0.08274039952319939,0.08305766783966086,0.05991655029657181,False
264,4,-282.252702926796,-16.57574900549247,0.10259648998043187,0.03259140074042101,0.029262453144876188,False
264,5,-282.157713796009,-16.480759874705427,0.030896759908044632,0.030547158028042434,0.024509098815326022,False
264,6,-281.5193770699121,-15.842423148608532,0.09916796894010574,0.09246365647185104,0.08787794218718634,False
264,7,-280.5621152892038,-14.885161367900253,0.07359856209848988,0.03767213471608364,0.029166543583279168,False
264,8,-278.42792711180556,-12.750973190502009,0.23848851678284097,0.10428741892818864,0.0888974174017759,False
264,9,-265.67673277456936,0.00022114673419082465,2.2733699223767667,,,True
265,0,-265.67695392130355,0.0,2.445334169213695,,,True
265,1,-278.959696490831,-13.282742569527443,0.20330325172538707,0.06422107138365872,0.059976128897524635,False
265,2,-281.4535840355156,-15.776630114212026,0.3122573571544764,0.31057365673133186,0.30769210173270595,False
265,3,-281.2428701075884,-15.565916186284824,0.08386129609717058,0.08312554030271278,0.05965521589528786,False
265,4,-282.2525765153167,-16.57562259401317,0.10312387216085146,0.03248978474274209,0.029031509559308857,False
265,5,-282.1596024043189,-16.48264848301534,0.030269519683701958,0.029962223194557356,0.02401216562797731,False
265,6,-281.5275853674756,-15.85063144617203,0.09109693939107698,0.08430237849980342,0.07961314076025341,False
265,7,-280.5653456607304,-14.888391739426822,0.07273431740720349,0.037314802403837485,0.029099295149730125,False
265,8,-278.4373817376147,-12.760427816311164,0.2592650962976993,0.12098315476309564,0.10425323634753193,False
265,9,-265.67673277456936,0.00022114673419082465,2.2733699223767667,,,True
266,0,-265.67695392130355,0.0,2.445334169213695,,,True
266,1,-278.96473893187965,-13.287785010576101,0.200875874842373,0.07002792527937599,0.06523779451823833,False
266,2,-281.4691802153375,-15.792226294033924,0.37709142892132547,0.37191091663058506,0.3715605014836591,False
266,3,-281.24734527303315,-15.570391351729597,0.08512591081953559,0.08323079098227967,0.059323910865599974,False
266,4,-282.2523784221616,-16.57542450085805,0.10379451992979001,0.03255580989263463,0.028799482957689887,False
266,5,-282.16191208804435,-16.484958166740796,0.029499293102018265,0.029245438932687804,0.02338298948399781,False
266,6,-281.5371549759383,-15.860201054634729,0.08134623887596137,0.07453229049879011,0.07059425775013918,False
266,7,-280.56931283131235,-14.892358910008795,0.07152242185355218,0.037029006081760324,0.029045926529362404,False
266,8,-278.45049977457927,-12.77354585327572,0.2899458028569039,0.14922008817033186,0.12810719235524473,False
266,9,-265.67673277456936,0.00022114673419082465,2.2733699223767667,,,True
267,0,-265.67695392130355,0.0,2.445334169213695,,,True
267,1,-278.9713918419589,-13.294437920655355,0.19987704214029342,0.07770333339220069,0.07212016651556336,False
267,2,-281.4923312144974,-15.815377293193876,0.17184258584953038,0.17053704490846514,0.16940987298295881,False
267,3,-281.2527184520775,-15.575764530773938,0.08646083265001811,0.08327757930250215,0.058840245015985684,False
267,4,-282.25207957795067,-16.575125656647117,0.10461537099613565,0.03284227465892369,0.028583356804824718,False
267,5,-282.1646944277485,-16.487740506444936,0.0285737616833585,0.02838714200873319,0.02260617749327607,False
267,6,-281.54795798787757,-15.871004066574017,0.06925012537050526,0.06269524826338378,0.059705621053909794,False
267,7,-280.5741272680741,-14.897173346770558,0.0698740168774665,0.0368197628661667,0.029039097661632176,False
267,8,-278.46947942290876,-12.792525501605212,0.33532433888471436,0.191260870544449,0.16304984805957554,False
267,9,-265.67673277456936,0.00022114673419082465,2.2733699223767667,,,True
268,0,-265.67695392130355,0.0,2.445334169213695,,,True
268,1,-278.98061480125426,-13.303660879950712,0.21158349838816148,0.08855616473963873,0.08188346233441537,False
268,2,-281.5065146254118,-15.829560704108246,0.2460230663858075,0.2429940685750944,0.24264898013517328,False
268,3,-281.259314187157,-15.582360265853424,0.08773376639251057,0.08331140331422936,0.05950514887368608,False
268,4,-282.25163301994365,-16.574679098640104,0.10562421629154928,0.033401841547518143,0.02869755793568835,False
268,5,-282.1680946429791,-16.49114072167555,0.027456004215848345,0.02735581740637777,0.021644889657947947,False
268,6,-281.5600536531773,-15.883099731873756,0.059848194512245226,0.05763837193472983,0.045618981897685526,False
268,7,-280.58008081981455,-14.903126898511005,0.06767536669928481,0.03666109277260273,0.029109044829521463,False
268,8,-278.499894823572,-12.822940902268442,0.4031501307176221,0.25372585614966736,0.21366529046464497,False
268,9,-265.67673277456936,0.00022114673419082465,2.2733699223767667,,,True
269,0,-265.67695392130355,0.0,2.445334169213695,,,True
269,1,-278.99366132763146,-13.316707406327907,0.23435495331538195,0.10432712599293044,0.0962081275724818,False
269,2,-281.51895941360897,-15.842005492305418,0.28786430993108986,0.2962854532216925,0.2942274099291061,False
269,3,-281.2673188854514,-15.590364964147852,0.0885515489157685,0.0827110345731345,0.05984826154108073,False
269,4,-282.2509946850329,-16.57404076372933,0.10676249705537096,0.034695006735629225,0.03137701214560083,False
269,5,-282.17216173630857,-16.495207815005017,0.026120251788551353,0.02612911090281318,0.020472500045503085,False
269,6,-281.57304928126257,-15.89609535995902,0.054455754959748755,0.05255176274501002,0.03945904280244592,False
269,7,-280.587328174892,-14.91037425358843,0.06499399839645495,0.036472907112375726,0.029213727961171894,False
269,8,-278.551824164985,-12.874870243681471,0.4919919288396703,0.3337009784214987,0.28203397310831796,False
269,9,-265.67673277456936,0.00022114673419082465,2.2733699223767667,,,True
270,0,-265.67695392130355,0.0,2.445334169213695,,,True
270,1,-279.00967099532386,-13.332717074020309,0.2616860475563242,0.12715878939238925,0.11348796462603337,False
270,2,-281.53569561047345,-15.858741689169904,0.10359599460463144,0.12493626127175624,0.0978909044861006,False
270,3,-281.2754614012737,-15.598507479970124,0.08831806867031478,0.08107800810319193,0.059414797800549174,False
270,4,-282.2502680110157,-16.57331408971214,0.10783516955997538,0.03701735698366779,0.03439194218945453,False
270,5,-282.1762119352127,-16.499258013909127,0.02479665650873185,0.024918379314835905,0.01931682535431832,False
270,6,-281.58464469993487,-15.90769077863132,0.0543828993123517,0.052053145319637686,0.04114458417800326,False
270,7,-280.5947117147914,-14.917757793487851,0.06242636573861987,0.03621369515350114,0.02912765766623981,False
270,8,-278.62879557072915,-12.951841649425603,0.5998301899268073,0.4202103764938229,0.36020067101102893,False
270,9,-265.67673277456936,0.00022114673419082465,2.2733699223767667,,,True
271,0,-265.67695392130355,0.0,2.445334169213695,,,True
271,1,-279.0282894615499,-13.351335540246339,0.2909036976227573,0.15862517172006532,0.13118469105732825,False
271,2,-281.54478445357984,-15.867830532276287,0.2591673834437665,0.24845874976011306,0.2359993214203918,False
271,3,-281.2831075924282,-15.606153671124673,0.08689762748542987,0.07884954051291199,0.058464636233029665,False
271,4,-282.24955096272055,-16.572597041416998,0.10883764296871161,0.03928545723814356,0.037261893619560005,False
271,5,-282.1799289842429,-16.502975062939356,0.023612376616690915,0.02383873631190404,0.01833177210264876,False
271,6,-281.5944535124121,-15.917499591108538,0.05680114967117825,0.056551189062377,0.04519053215265391,False
271,7,-280.601663241123,-14.924709319819442,0.06029800827303883,0.0358431069094669,0.02868488158168149,False
271,8,-278.73831052919695,-13.061356607893401,0.7399242431583359,0.5116328802545207,0.4376449084156229,False
271,9,-265.67673277456936,0.00022114673419082465,2.2733699223767667,,,True
272,0,-265.67695392130355,0.0,2.445334169213695,,,True
272,1,-279.0494079068594,-13.372453985555865,0.3181070668727491,0.19088214839392215,0.1456079278004872,False
272,2,-281.5569333224968,-15.879979401193225,0.23383939774704118,0.22443049309015045,0.21124105133233553,False
272,3,-281.29006545056825,-15.6131115292647,0.08444112504362727,0.07612660111523949,0.05705204250130634,False
272,4,-282.24889967454783,-16.57194575324428,0.10972350532202481,0.04140642555309641,0.039824079920129256,False
272,5,-282.183238285065,-16.506284363761438,0.0225801350565063,0.022898003263835613,0.01835348459634923,False
272,6,-281.6028494246154,-15.925895503311835,0.0595525009862438,0.060963870028448865,0.04895658975694532,False
272,7,-280.60801272367024,-14.931058802366692,0.058686279936617,0.03529796134801519,0.02875698964809722,False
272,8,-278.8673361414411,-13.190382220137565,0.6083549741886811,0.3604066568046607,0.27091897638281653,False
272,9,-265.67673277456936,0.00022114673419082465,2.2733699223767667,,,True
273,0,-265.67695392130355,0.0,2.445334169213695,,,True
273,1,-279.0740961313782,-13.397142210074662,0.33754521497980017,0.21892085049153528,0.15133553308240236,False
273,2,-281.5708609273376,-15.893907006034055,0.09646935866041575,0.10589843495807082,0.07731637192978379,False
273,3,-281.29664104083923,-15.619687119535683,0.08103938283156684,0.07295278724012431,0.0552282771991771,False
273,4,-282.24831722828594,-16.57136330698239,0.11049262057004831,0.043394240701288264,0.042099582087892454,False
273,5,-282.18629604715477,-16.50934212585122,0.021628753161978095,0.022026458272175583,0.018230570260599804,False
273,6,-281.61063056303817,-15.933676641734621,0.06278351681315039,0.06548944645671459,0.05265891320951887,False
273,7,-280.6140274894415,-14.937073568137976,0.05752193276672067,0.0345350676923631,0.028768141180354853,False
273,8,-278.93016187079087,-13.253207949487319,0.33981551695807943,0.418182586705225,0.31679978651536483,False
273,9,-265.67673277456936,0.00022114673419082465,2.2733699223767667,,,True
274,0,-265.67695392130355,0.0,2.445334169213695,,,True
274,1,-279.1060824437101,-13.429128522406529,0.3461415535744785,0.22749914774290092,0.14743905513555977,False
274,2,-281.58265684834896,-15.905702927045411,0.18399070509317272,0.19497115433633844,0.18385502868000256,False
274,3,-281.30388578821714,-15.626931866913594,0.07603542537206402,0.0687435865368914,0.05888539332122884,False
274,4,-282.24772960984933,-16.57077568854578,0.11115067026392535,0.04536909909574073,0.04424608419088222,False
274,5,-282.1895838130348,-16.51262989173125,0.02056623740814315,0.02104208666158707,0.017910650817457636,False
274,6,-281.61924802612845,-15.942294104824896,0.0672194388572851,0.07102629562672456,0.05711083066571253,False
274,7,-280.6206564061476,-14.943702484844039,0.056601128270617924,0.03364954310221707,0.028711196114136358,False
274,8,-278.91365564848775,-13.236701727184197,1.0416994345706123,1.0897428772371105,0.9198099127382686,False
274,9,-265.67673277456936,0.00022114673419082465,2.2733699223767667,,,True
275,0,-265.67695392130355,0.0,2.445334169213695,,,True
275,1,-279.1097829777057,-13.43282905640217,0.3457691307403645,0.22486298102437308,0.1457576947270505,False
275,2,-281.58538099621103,-15.908427074907479,0.12393004157490613,0.13591359431273206,0.12350468010278016,False
275,3,-281.3045763236263,-15.627622402322743,0.0757171468968717,0.06838106355212309,0.05963069570281042,False
275,4,-282.2477325810271,-16.570778659723544,0.11129645069257085,0.04541773526291778,0.04429959684552358,False
275,5,-282.1898537064692,-16.512899785165644,0.02047986729657285,0.020956093598620537,0.017810385386173515,False
275,6,-281.6201910764561,-15.94323715515253,0.06797043245596052,0.07178720456055517,0.05746527536715712,False
275,7,-280.6212179284223,-14.944264007118761,0.05666933702955041,0.03385148272640023,0.02874814636777812,False
275,8,-278.98266743000886,-13.30571350870531,0.41588770623845567,0.5329043231709849,0.4494342638481806,False
275,9,-265.67673277456936,0.00022114673419082465,2.2733699223767667,,,True
276,0,-265.67695392130355,0.0,2.445334169213695,,,True
276,1,-279.1172904164081,-13.440336495104532,0.3417734388840918,0.21652213117639782,0.13988581984500773,False
276,2,-281.58876521092407,-15.911811289620516,0.10230385098631034,0.11519991456454054,0.08425436747176135,False
276,3,-281.30601793104285,-15.629064009739295,0.07503334456964775,0.06769249371154776,0.061202883131999286,False
276,4,-282.2477397795959,-16.570785858292368,0.11151599625357968,0.045532952862435146,0.04441563335677464,False
276,5,-282.19041260408187,-16.51345868277832,0.020308036780930874,0.020784893619151576,0.017599364951509024,False
276,6,-281.62214002044726,-15.945186099143712,0.06953277503823094,0.07336351970244645,0.05829596435042948,False
276,7,-280.62238842191783,-14.945434500614283,0.05676778354252646,0.03413095983814116,0.02879911094757466,False
276,8,-279.016480768528,-13.339526847224477,0.3181798460106252,0.17747321705934938,0.14009424148019708,False
276,9,-265.67673277456936,0.00022114673419082465,2.2733699223767667,,,True
277,0,-265.67695392130355,0.0,2.445334169213695,,,True
277,1,-279.12846994866686,-13.451516027363311,0.3256266720216591,0.1945400030693778,0.12465506134334933,False
277,2,-281.5925063444013,-15.915552423097722,0.1573512363880507,0.15318629415546295,0.14481972616717562,False
277,3,-281.30834141789876,-15.63138749659521,0.07387750328276815,0.06668443471120813,0.06379584851434691,False
277,4,-282.24775417663864,-16.570800255335087,0.11167101731241443,0.045734714463319316,0.04459589580433707,False
277,5,-282.1912990883943,-16.514345167090767,0.020053165165144604,0.02053060734259231,0.017256354567419918,False
277,6,-281.6252266312523,-15.948272709948753,0.0720552561131493,0.0758967580545666,0.05985924628831717,False
277,7,-280.6242650858035,-14.947311164499922,0.056816504811335274,0.03471278387099036,0.028838863946731085,False
277,8,-279.00647756902515,-13.3295236477216,0.6768614222780222,0.46472177416689114,0.40515708105113624,False
277,9,-265.67673277456936,0.00022114673419082465,2.2733699223767667,,,True
278,0,-265.67695392130355,0.0,2.445334169213695,,,True
278,1,-279.1291727147397,-13.452218793436145,0.32423344367102414,0.19279873736609443,0.12357983552120344,False
278,2,-281.59306166189043,-15.916107740586881,0.1439201664214532,0.13991353714521101,0.13175801489002578,False
278,3,-281.30852064519377,-15.631566723890217,0.07378867769717834,0.06662466373341328,0.06399948151216668,False
278,4,-282.2477565219991,-16.570802600695572,0.11165386792424938,0.04575617095280077,0.044613944363044444,False
278,5,-282.19136537364534,-16.51441145234179,0.020038515697303586,0.020515926240639245,0.017229627408910174,False
278,6,-281.6254583527436,-15.948504431440028,0.07225101534658226,0.07609430307101935,0.06000870233491222,False
278,7,-280.6244087279108,-14.947454806607254,0.056795018964152365,0.034754849513000174,0.0288388907280522,False
278,8,-279.01102712823365,-13.3340732069301,0.64807631733369,0.43371204801343594,0.3768730801419219,False
278,9,-265.67673277456936,0.00022114673419082465,2.2733699223767667,,,True
279,0,-265.67695392130355,0.0,2.445334169213695,,,True
279,1,-279.1305634901172,-13.453609568813647,0.3212961906878515,0.1891845471563486,0.1213473281375822,False
279,2,-281.5940652349733,-15.91711131366975,0.11919407680007803,0.12039210835946074,0.10764334912447344,False
279,3,-281.3088809186803,-15.631926997376752,0.07361194430624522,0.06650660644295198,0.06441180344797957,False
279,4,-282.2477612560889,-16.570807334785343,0.11162177468638312,0.045797255884328154,0.0446481372284146,False
279,5,-282.19149821680946,-16.514544295505914,0.020008915690522103,0.02048625339204658,0.017178822693958318,False
279,6,-281.6259231237726,-15.948969202469073,0.07264824459174843,0.07649525907933051,0.060309538450594134,False
279,7,-280.6246968790692,-14.947742957765627,0.05675198950454928,0.034839163171417206,0.02883913122372391,False
279,8,-279.01896136474494,-13.34200744344139,0.5901598315064474,0.3720839074703444,0.3208970400761464,False
279,9,-265.67673277456936,0.00022114673419082465,2.2733699223767667,,,True
280,0,-265.67695392130355,0.0,2.445334169213695,,,True
280,1,-279.1326179739806,-13.455664052677037,0.31649912961873883,0.18341719575338716,0.11778249884640195,False
280,2,-281.5953610860576,-15.918407164754058,0.10737615301520292,0.11970356166285628,0.08688910267494224,False
280,3,-281.30942822081477,-15.632474299511216,0.07334814965615746,0.06633151634588029,0.06504588299655657,False
280,4,-282.24776850496585,-16.570814583662298,0.11157924957326382,0.045854399781625456,0.04469472768859104,False
280,5,-282.19169897201533,-16.51474505071178,0.019963558302331035,0.020440760857272006,0.017154447301184105,False
280,6,-281.62662653574944,-15.949672614445888,0.07326118509455891,0.07711425799300406,0.06076754753239978,False
280,7,-280.6251330551269,-14.948179133823373,0.056687081397635404,0.03496662829451142,0.0288399813566253,False
280,8,-279.02821269147273,-13.351258770169181,0.5032173835736072,0.28135507705153956,0.23897650451484623,False
280,9,-265.67673277456936,0.00022114673419082465,2.2733699223767667,,,True
281,0,-265.67695392130355,0.0,2.445334169213695,,,True
281,1,-279.1353052201166,-13.458351298813056,0.3093420177188515,0.17504652256483713,0.11260282880672835,False
281,2,-281.59683544647976,-15.919881525176208,0.10849902985774346,0.11921108076527914,0.08596542658725968,False
281,3,-281.31017560526936,-15.633221683965814,0.07299706788307825,0.06620136468976921,0.06592696047415053,False
281,4,-282.24777852469083,-16.57082460338728,0.11153303635519735,0.04592231897494789,0.044748073772674715,False
281,5,-282.19197101074235,-16.5150170894388,0.019900894730803472,0.020377863689740056,0.017120750954545693,False
281,6,-281.62758195956155,-15.950628038258003,0.07411627913168534,0.07797844250681678,0.061395189676607675,False
281,7,-280.62572551791084,-14.948771596607287,0.05659944192679382,0.035139583965641125,0.028842043463598734,False
281,8,-279.03635966406335,-13.359405742759805,0.3895624827358828,0.16587104438122402,0.13519710512252042,False
281,9,-265.67673277456936,0.00022114673419082465,2.2733699223767667,,,True
282,0,-265.67695392130355,0.0,2.445334169213695,,,True
282,1,-279.13857762398766,-13.461623702684108,0.299149880622421,0.16346509576612547,0.10542389406342596,False
282,2,-281.59849255963877,-15.921538638335221,0.10994489228708947,0.11914945574473756,0.08538151030209894,False
282,3,-281.31114408823134,-15.634190166927795,0.072557761765078,0.06738764520033108,0.06709518078331028,False
282,4,-282.24779172101216,-16.570837799708613,0.11149186070913819,0.04599371420804297,0.04480020664871932,False
282,5,-282.1923197957848,-16.515365874481233,0.019818598451001045,0.02029517892665336,0.017076485150288832,False
282,6,-281.62881124650505,-15.951857325201502,0.07525400502988537,0.07912930594779062,0.062213366936887296,False
282,7,-280.62648755577294,-14.94953363446939,0.056487759286040884,0.03536215812692721,0.028846085973064723,False
282,8,-279.04148381450256,-13.364529893199006,0.2572581494130646,0.13884127811158967,0.09688438199344236,False
282,9,-265.67673277456936,0.00022114673419082465,2.2733699223767667,,,True
283,0,-265.67695392130355,0.0,2.445334169213695,,,True
283,1,-279.14231565183434,-13.465361730530788,0.28529135718360465,0.14814199053527408,0.0959010648021346,False
283,2,-281.6004428977165,-15.923488976412955,0.11172085282211253,0.1196805027558248,0.09056204819323369,False
283,3,-281.31234849037014,-15.635394569066591,0.0720355521069972,0.06890820055027433,0.06858916455050545,False
283,4,-282.24780842379903,-16.57085450249548,0.11146472636629837,0.046058613848399876,0.04484013369789394,False
283,5,-282.19274755553283,-16.515793634229283,0.019714947172716057,0.020190910929514687,0.01702062512001166,False
283,6,-281.63032644719544,-15.953372525891893,0.07671214427476514,0.08060549451746894,0.06324161559405622,False
283,7,-280.62742592370205,-14.950472002398499,0.05635193418913314,0.03563739423394467,0.028852731220461485,False
283,8,-279.0432718419279,-13.36631792062434,0.23461574326452345,0.1530187495258853,0.11459514033943077,False
283,9,-265.67673277456936,0.00022114673419082465,2.2733699223767667,,,True
284,0,-265.67695392130355,0.0,2.445334169213695,,,True
284,1,-279.146286342674,-13.469332421370439,0.26760804007203354,0.1290461848133991,0.08399047182542187,False
284,2,-281.6027754634197,-15.925821542116125,0.11378327835096946,0.12082677150746894,0.09650343502957731,False
284,3,-281.3137750475329,-15.636821126229336,0.07145015021573604,0.07077121504207042,0.07041479041764544,False
284,4,-282.24782845902587,-16.570874537722318,0.11145629768567619,0.04610559043177819,0.044855146199417655,False
284,5,-282.19324563370424,-16.516291712400687,0.01959108158775081,0.020066133546646908,0.016953400448319278,False
284,6,-281.6321025244298,-15.955148603126247,0.07849500813290766,0.08241110972244102,0.06448058373159517,False
284,7,-280.6285238019178,-14.951569880614272,0.056195146260063805,0.03596253555237697,0.028861800842880925,False
284,8,-279.0435079339222,-13.366554012618678,0.23708098657514823,0.2279344197954999,0.1853190967246908,False
284,9,-265.67673277456936,0.00022114673419082465,2.2733699223767667,,,True
285,0,-265.67695392130355,0.0,2.445334169213695,,,True
285,1,-279.15066306217386,-13.473709140870312,0.2440176970364903,0.10405687552478601,0.06832184513623286,False
285,2,-281.60578763614006,-15.928833714836514,0.11632331137566614,0.12273321358463428,0.08964751095189295,False
285,3,-281.31558399719523,-15.638630075891683,0.07243549592755369,0.07322482741966406,0.07281153330365152,False
285,4,-282.2478539388457,-16.570900017542158,0.11146763024543856,0.04612472848624413,0.04482871504034572,False
285,5,-282.19386389651225,-16.516909975208705,0.019433422177478486,0.01990705295219416,0.016866682972838734,False
285,6,-281.63432707881384,-15.95737315751029,0.08083424355129272,0.08477981555653344,0.0660913796784897,False
285,7,-280.6298945038586,-14.952940582555073,0.05600196156606274,0.03637505683101613,0.028873504493192623,False
285,8,-279.0451105613638,-13.36815664006025,0.23426739427642676,0.28725215986618324,0.2381403176297171,False
285,9,-265.67673277456936,0.00022114673419082465,2.2733699223767667,,,True
286,0,-265.67695392130355,0.0,2.445334169213695,,,True
286,1,-279.1552431932763,-13.478289271972756,0.21419018971715967,0.072888949444502,0.04859937391746322,False
286,2,-281.6095074042091,-15.932553482905575,0.11937661766872609,0.12548064313825538,0.08899395391202684,False
286,3,-281.31785344338766,-15.640899522084112,0.07568434914738816,0.07643853926844361,0.07593840354536428,False
286,4,-282.2478855046277,-16.570931583324125,0.1114978416908172,0.04609341319575034,0.044730586396135794,False
286,5,-282.1946184854455,-16.517664564141967,0.019236240424613877,0.019707693810936046,0.016756041943493335,False
286,6,-281.6370764996084,-15.960122578304833,0.08388251094874513,0.08786426358734499,0.06818189426714359,False
286,7,-280.63157956641334,-14.954625645109786,0.055767200768584525,0.03689414988226047,0.02898021936532475,False
286,8,-279.0507055652525,-13.373751643948935,0.2212850854943692,0.27825845434030455,0.23195601615842304,False
286,9,-265.67673277456936,0.00022114673419082465,2.2733699223767667,,,True
287,0,-265.67695392130355,0.0,2.445334169213695,,,True
287,1,-279.15987536001336,-13.482921438709809,0.20482102343614167,0.05395676003327116,0.042340415443042304,False
287,2,-281.61391089985864,-15.936956978555088,0.12299700539997585,0.12910088355047908,0.09163430126672417,False
287,3,-281.3207167247815,-15.643762803477955,0.07998421324684765,0.08069550637386223,0.08006044562089641,False
287,4,-282.2479239806256,-16.570970059322065,0.11154133306737939,0.04597811635575302,0.04451400178920527,False
287,5,-282.1955367000753,-16.51858277877176,0.018990494515647927,0.019458595162287144,0.016614868095117964,False
287,6,-281.64048278883,-15.963528867526463,0.08789642008464285,0.09192121954947814,0.07093315710416574,False
287,7,-280.6336488575065,-14.95669493620295,0.05548138792023105,0.03755110760331023,0.029400476249740938,False
287,8,-279.060357291832,-13.38340337052847,0.20037614140214147,0.18954193869695943,0.15722020034604828,False
287,9,-265.67673277456936,0.00022114673419082465,2.2733699223767667,,,True
288,0,-265.67695392130355,0.0,2.445334169213695,,,True
288,1,-279.1646189653642,-13.487665044060634,0.19728006230145237,0.08186678088084236,0.06963243886705332,False
288,2,-281.6191044895414,-15.942150568237878,0.12725461980414196,0.13340863985557633,0.0947321976585668,False
288,3,-281.3244058385827,-15.64745191727917,0.08583088844337143,0.0864865028549474,0.08563451458171412,False
288,4,-282.2479701784447,-16.57101625714114,0.11158575504356733,0.04572454074236286,0.044100661194951436,False
288,5,-282.1966634527712,-16.51970953146764,0.018681676996022297,0.019144487492568227,0.0164332444615412,False
288,6,-281.64477452487824,-15.967820603574694,0.0933229696636176,0.09739846412204645,0.07465715282751767,False
288,7,-280.6362182977949,-14.959264376491376,0.055127542867308324,0.03839642473925484,0.029960374323058144,False
288,8,-279.0703593313672,-13.393405410063622,0.18724215376181802,0.09427853294438947,0.06669663838410803,False
288,9,-265.67673277456936,0.00022114673419082465,2.2733699223767667,,,True
289,0,-265.67695392130355,0.0,2.445334169213695,,,True
289,1,-279.1699426087951,-13.492988687491561,0.1856924037997688,0.09936407764871966,0.08750774007412614,False
289,2,-281.6255338887691,-15.948579967465548,0.132161506416146,0.1377350598405846,0.0975917342299191,False
289,3,-281.3292802361843,-15.652326314880725,0.09400495387452247,0.09458434217188855,0.09336577058335789,False
289,4,-282.2480229473717,-16.57106902606813,0.11160832786561296,0.04524651031296434,0.0433611966824771,False
289,5,-282.1980565175153,-16.521102596211733,0.018290293255074544,0.018744558294837354,0.016201124624871086,False
289,6,-281.6502923826275,-15.973338461323976,0.10087183115373946,0.10500693360488138,0.07984599555300129,False
289,7,-280.63944407705543,-14.96249015575188,0.05467961379615982,0.03950044448493853,0.0307163535391761,False
289,8,-279.0769807613897,-13.400026840086127,0.3372751842961521,0.11611179091132355,0.09971614112802048,False
289,9,-265.67673277456936,0.00022114673419082465,2.2733699223767667,,,True
290,0,-265.67695392130355,0.0,2.445334169213695,,,True
290,1,-279.1765538896889,-13.499599968385326,0.16996167711657728,0.09760091465632673,0.08816236751110348,False
290,2,-281.6336328887926,-15.95667896748904,0.13745173013140086,0.14116319121817913,0.09937274887358327,False
290,3,-281.335752505958,-15.658798584654448,0.10536923118258025,0.10584316994867729,0.103975530384327,False
290,4,-282.24807529918445,-16.5711213778809,0.1115784355780303,0.044669661212252236,0.04240481224491819,False
290,5,-282.19975135374193,-16.52279743243838,0.017800437178169093,0.01824113465862643,0.016002314653222494,False
290,6,-281.6573908106484,-15.980436889344844,0.11137710852736095,0.11558188982491606,0.08707891339496526,False
290,7,-280.6434445221055,-14.966490600801933,0.054109242183408464,0.040930125956885846,0.031702838143456716,False
290,8,-279.0826541392783,-13.405700217974754,0.43085677917723697,0.20604669577205637,0.17173426358060204,False
290,9,-265.67673277456936,0.00022114673419082465,2.2733699223767667,,,True
291,0,-265.67695392130355,0.0,2.445334169213695,,,True
291,1,-279.18504700974074,-13.508093088437192,0.1517953314111153,0.0744191816467004,0.0689618896831748,False
291,2,-281.64343350266864,-15.966479581365093,0.1425123648677082,0.14320366175162771,0.09986354020201578,False
291,3,-281.3444200285034,-15.667466107199857,0.12072446350768826,0.12105149717655923,0.11799268815580669,False
291,4,-282.24812004141097,-16.57116612010742,0.11147802797783765,0.04412828432498144,0.04136709790157066,False
291,5,-282.2017791974786,-16.524825276175022,0.01719309069726263,0.017612570048082615,0.01575161387746346,False
291,6,-281.6665782570086,-15.98962433570506,0.12590835959196855,0.13020124031743002,0.09707461002993975,False
291,7,-280.64834628464905,-14.971392363345501,0.05338150510624332,0.04277360686283,0.03294397799112254,False
291,8,-279.09291537389004,-13.415961452586487,0.4180828137370068,0.1894587386383567,0.14770501750006382,False
291,9,-265.67673277456936,0.00022114673419082465,2.2733699223767667,,,True
292,0,-265.67695392130355,0.0,2.445334169213695,,,True
292,1,-279.19559599657,-13.518642075266428,0.13633549325493705,0.0426689388767886,0.034993495100804975,False
292,2,-281.65508937503944,-15.978135453735888,0.14617614112321872,0.14352531493579074,0.09948890107021494,False
292,3,-281.35632352866344,-15.679369607359888,0.13991553775399385,0.1400293735953227,0.13470340092949856,False
292,4,-282.2481524600081,-16.57119853870455,0.11131738226665489,0.04359365049667799,0.04022122680880834,False
292,5,-282.2041967518885,-16.527242830584953,0.016435230949550763,0.016821195791410812,0.01582175957600924,False
292,6,-281.6788266287093,-16.001872707405767,0.14598433430606966,0.1503990246825897,0.11079123268763917,False
292,7,-280.65436961132394,-14.977415690020393,0.05244567119488551,0.04518773107919628,0.034495048370646396,False
292,8,-279.106870593663,-13.429916672359468,0.2831009961255109,0.07365223583498604,0.06346520267336327,False
292,9,-265.67673277456936,0.00022114673419082465,2.2733699223767667,,,True
293,0,-265.67695392130355,0.0,2.445334169213695,,,True
293,1,-279.20789799133325,-13.530944070029705,0.1407160482521328,0.03572314686396074,0.031412395525159814,False
293,2,-281.6693730610302,-15.992419139726678,0.1460156306354628,0.14080552888059233,0.09836992362010491,False
293,3,-281.3729905273003,-15.696036605996767,0.1570479576593523,0.15682321107659467,0.14691704480967024,False
293,4,-282.24817230471405,-16.571218383410496,0.1111139012606425,0.043014295566127014,0.03893335343472763,False
293,5,-282.207087008101,-16.530133086797434,0.015837398088545104,0.01616667337809036,0.016062138015083216,False
293,6,-281.6959733316586,-16.019019410355043,0.17329105003410983,0.17787495412914256,0.12913629140440896,False
293,7,-280.661859007972,-14.984905086668448,0.05441122071231636,0.04844965240073945,0.03649917721651472,False
293,8,-279.1177606184208,-13.440806697117239,0.20398563582840562,0.1526656818983189,0.14001673565214914,False
293,9,-265.67673277456936,0.00022114673419082465,2.2733699223767667,,,True
294,0,-265.67695392130355,0.0,2.445334169213695,,,True
294,1,-279.2212837216963,-13.544329800392745,0.17163719800770733,0.0543874756013087,0.045013211977428684,False
294,2,-281.68581910327885,-16.008865181975295,0.137096541784512,0.1312687839186463,0.09401740671499931,False
294,3,-281.3941971707586,-15.717243249455066,0.14775393834178166,0.14693882894110355,0.12666624111130192,False
294,4,-282.2481831078694,-16.57122918656586,0.11077548886914813,0.04250325003556523,0.03761333717955638,False
294,5,-282.21042595185907,-16.533472030555515,0.016198294692547785,0.016442395578801533,0.016358708520621795,False
294,6,-281.7202719080448,-16.043317986741272,0.20648676243172562,0.21126117021696605,0.1504825905942229,False
294,7,-280.6709553567639,-14.994001435460348,0.05915759602597751,0.05287190473093762,0.039174582165428906,False
294,8,-279.13137739056674,-13.45442346926319,0.20950181153350042,0.18082335316557546,0.16437999424650923,False
294,9,-265.67673277456936,0.00022114673419082465,2.2733699223767667,,,True
295,0,-265.67695392130355,0.0,2.445334169213695,,,True
295,1,-279.2337729682148,-13.556819046911244,0.18129645129804878,0.06131150625773808,0.050495332533807155,False
295,2,-281.7006792805224,-16.023725359218872,0.11545503066508077,0.11086269568864512,0.08302537990148035,False
295,3,-281.41190121876383,-15.73494729746028,0.10052459291835368,0.09791403610717564,0.06759189086353687,False
295,4,-282.2482089475358,-16.571255026232222,0.11027985577469018,0.0422187813023455,0.036562955242052254,False
295,5,-282.21360424070815,-16.5366503194046,0.016581335198900943,0.016718447977505074,0.016651606099179306,False
295,6,-281.74936878037306,-16.07241485906951,0.23493938609969395,0.23985412910130952,0.16653105773510946,False
295,7,-280.6801573783568,-15.003203457053246,0.06460739879718372,0.05795486680579667,0.04236706273338747,False
295,8,-279.1496212352427,-13.472667313939155,0.22287305505332702,0.09529157648382361,0.09266868165568334,False
295,9,-265.67673277456936,0.00022114673419082465,2.2733699223767667,,,True
296,0,-265.67695392130355,0.0,2.445334169213695,,,True
296,1,-279.2459385311558,-13.568984609852237,0.17084231811454123,0.050891547520502144,0.03780814666792597,False
296,2,-281.7135039171668,-16.036549995863254,0.08548592784129094,0.0851804167760977,0.06233492157827048,False
296,3,-281.4221033205939,-15.74514939929037,0.197961012458666,0.18930415259361796,0.16473238293371545,False
296,4,-282.248286110958,-16.57133218965447,0.10956635038474762,0.04205684695023145,0.03571545959710422,False
296,5,-282.2166500469889,-16.53969612568534,0.01697631906374989,0.016979497077134795,0.01692580501411164,False
296,6,-281.7842975946555,-16.107343673351977,0.2524202125213033,0.2575108479034593,0.1717863009727742,False
296,7,-280.6896240403537,-15.012670119050142,0.07100337048398135,0.06390002755214975,0.04627208055190798,False
296,8,-279.1656481498202,-13.488694228516636,0.3249787724760215,0.11025733469686967,0.09260707700533531,False
296,9,-265.67673277456936,0.00022114673419082465,2.2733699223767667,,,True
297,0,-265.67695392130355,0.0,2.445334169213695,,,True
297,1,-279.2578093118951,-13.580855390591523,0.1636878780748633,0.03340311328545263,0.026687955940100552,False
297,2,-281.72322521381363,-16.046271292510085,0.09712504839414038,0.09805224821727987,0.0685883172126739,False
297,3,-281.42863487608537,-15.751680954781818,0.26259781709378105,0.2513553594900224,0.24020660866513813,False
297,4,-282.2484317415083,-16.571477820204734,0.1084307531950423,0.041977154352924054,0.03502841843805561,False
297,5,-282.21959312409723,-16.54263920279368,0.017361149649964287,0.017201593769881483,0.01715900007084558,False
297,6,-281.8249372633372,-16.147983342033626,0.2486512404423272,0.2545617310835221,0.16288031547707393,False
297,7,-280.69954286283155,-15.022588941528,0.07861798055569162,0.07094623282811942,0.050851768788659046,False
297,8,-279.1848360736344,-13.507882152330865,0.33622433424271303,0.13213013836631926,0.10267899972354207,False
297,9,-265.67673277456936,0.00022114673419082465,2.2733699223767667,,,True
298,0,-265.67695392130355,0.0,2.445334169213695,,,True
298,1,-279.26915207675734,-13.592198155453787,0.15634022547249574,0.03739907144041168,0.03259854200268614,False
298,2,-281.7300067294716,-16.053052808168047,0.1108704629531082,0.11397276962793162,0.07871492575699561,False
298,3,-281.4378524458206,-15.760898524517074,0.20543460781795087,0.1944532879499566,0.190207921023978,False
298,4,-282.24865022668223,-16.57169630537868,0.10679000159005575,0.04195351606782099,0.034476784433642965,False
298,5,-282.22239567545756,-16.545441754154012,0.01770783837674361,0.017361492679673497,0.017328333145405314,False
298,6,-281.86668724145466,-16.189733320151106,0.20305464601946988,0.2133880210091017,0.1723359906633723,False
298,7,-280.7099024428542,-15.032948521550622,0.08760327865669153,0.07922707610093592,0.056003020992777895,False
298,8,-279.2090338365531,-13.53207991524954,0.31730946550116207,0.1744418158437167,0.12859838192080858,False
298,9,-265.67673277456936,0.00022114673419082465,2.2733699223767667,,,True
299,0,-265.67695392130355,0.0,2.445334169213695,,,True
299,1,-279.27995906637875,-13.603005145075201,0.14115424874028248,0.04193281917070733,0.03810698431913348,False
299,2,-281.73610401178473,-16.059150090481182,0.12730511956102453,0.13325804656302406,0.09083977925985894,False
299,3,-281.44687504172714,-15.76992112042359,0.08894076271787392,0.08122686202971703,0.06696107749593017,False
299,4,-282.24894474526207,-16.571990823958515,0.10478354915775474,0.041975513146120615,0.03403773264441719,False
299,5,-282.2250565488066,-16.548102627503056,0.018006441852910192,0.017457205016776497,0.01743068313937064,False
299,6,-281.89669666438726,-16.219742743083714,0.19711308292849683,0.21176579129783407,0.18623765322398006,False
299,7,-280.7208455056489,-15.043891584345374,0.09826781882900913,0.08900841815850923,0.061891854756940645,False
299,8,-279.23623502651424,-13.559281105210687,0.3483805465554439,0.2163023676114542,0.15961113151624212,False
299,9,-265.67673277456936,0.00022114673419082465,2.2733699223767667,,,True
300,0,-265.67695392130355,0.0,2.445334169213695,,,True
300,1,-279.29058128581215,-13.613627364508602,0.12230622501889288,0.05015429583949189,0.046120435359341926,False
300,2,-281.74467311369733,-16.06771919239378,0.14728143685678352,0.15584337110910268,0.10500492247158934,False
300,3,-281.4522174063636,-15.775263485060066,0.07750748492191574,0.07837658395309423,0.07281143346854188,False
300,4,-282.249316499243,-16.57236257793943,0.10266189796874173,0.04203516421975061,0.033677155584959685,False
300,5,-282.22763838342576,-16.550684462122206,0.018266677882266616,0.017513386959361475,0.01748880245203291,False
300,6,-281.90482546948556,-16.22787154818201,0.3732727915481852,0.37127233188914077,0.2915415899332934,False
300,7,-280.7328458524315,-15.055891931127974,0.11123575102635433,0.10083653097216971,0.06894067909844613,False
300,8,-279.2702368568956,-13.593282935592072,0.3612015463837311,0.24143281167555392,0.16401849769523122,False
300,9,-265.67673277456936,0.00022114673419082465,2.2733699223767667,,,True
301,0,-265.67695392130355,0.0,2.445334169213695,,,True
301,1,-279.30121054021305,-13.624256618909499,0.1056942883067573,0.05962113832646027,0.054684115221803824,False
301,2,-281.75758152906553,-16.080627607761983,0.17079406837884628,0.18068912139587456,0.12044043894348065,False
301,3,-281.4558834367176,-15.778929515414063,0.10399287942903701,0.10762773185604552,0.0993036094840129,False
301,4,-282.2497528852148,-16.572798963911225,0.10069512379541168,0.04210531049338099,0.03335962486115355,False
301,5,-282.23014395137466,-16.553190030071107,0.018501591996369506,0.018106793557050062,0.017538984667861614,False
301,6,-281.908374537544,-16.231420616240428,0.3789251009957581,0.35787186109146757,0.2920114879883712,False
301,7,-280.746205054871,-15.069251133567434,0.1268508261170557,0.11496876372427303,0.07731573598148872,False
301,8,-279.30852309269375,-13.631569171390197,0.3386988421890447,0.21286082875123416,0.13627343794877989,False
301,9,-265.67673277456936,0.00022114673419082465,2.2733699223767667,,,True
302,0,-265.67695392130355,0.0,2.445334169213695,,,True
302,1,-279.3119121722916,-13.634958250988063,0.10017965636968798,0.07050663231708557,0.06402192871788191,False
302,2,-281.7746330269182,-16.097679105614645,0.19652234372339694,0.20604341114342983,0.13595765205663482,False
302,3,-281.46017117484485,-15.783217253541295,0.08930884019163463,0.09396684354788154,0.07845205449039179,False
302,4,-282.25024089283363,-16.57328697153008,0.09908256745861338,0.04212918290159799,0.03304876941314132,False
302,5,-282.23252387776483,-16.555569956461284,0.018731745643980058,0.019427950097563856,0.017617238820232722,False
302,6,-281.9206026161328,-16.243648694829233,0.4236321658745717,0.42203395188583537,0.38421245235135504,False
302,7,-280.7610096016324,-15.084055680328845,0.1450357662414552,0.1312350342433035,0.08690721401772665,False
302,8,-279.33672975194804,-13.659775830644492,0.2883652570819784,0.09767217571604693,0.07676479702638093,False
302,9,-265.67673277456936,0.00022114673419082465,2.2733699223767667,,,True
303,0,-265.67695392130355,0.0,2.445334169213695,,,True
303,1,-279.32312336083805,-13.646169439534503,0.11551573582673592,0.0840911529479721,0.07552930806346346,False
303,2,-281.7955655546537,-16.118611633350156,0.2225001185997819,0.23025486017748545,0.15138329039329187,False
303,3,-281.46517038028117,-15.788216458977615,0.06799532846666206,0.07497038575238317,0.05556565296425391,False
303,4,-282.2507888357565,-16.57383491445296,0.09774151098805418,0.04210360812483638,0.032740071553906284,False
303,5,-282.23481594904683,-16.557862027743283,0.018989384660380384,0.019970281583614184,0.01775175902602913,False
303,6,-281.9377011174445,-16.260747196140926,0.3700864047801198,0.3744857747459322,0.33046369911252904,False
303,7,-280.77793336952334,-15.100979448219789,0.1660737740423926,0.1497645689208814,0.1008448352924388,False
303,8,-279.34535545746337,-13.66840153615982,0.28846577915357424,0.30860448964809817,0.2676429717840909,False
303,9,-265.67673277456936,0.00022114673419082465,2.2733699223767667,,,True
304,0,-265.67695392130355,0.0,2.445334169213695,,,True
304,1,-279.3352108813207,-13.658256960017127,0.1368883322230668,0.1025297458922522,0.09121917796127305,False
304,2,-281.82059812252226,-16.143644201218706,0.24363004915472267,0.24907019364403105,0.16447809858891116,False
304,3,-281.46973309935674,-15.792779178053195,0.051994083155281735,0.05127701101486954,0.04460439312674322,False
304,4,-282.2514015405486,-16.574447619245063,0.09638875597323399,0.04211494809766618,0.032485663316966985,False
304,5,-282.23705734154805,-16.560103420244502,0.019295077169279307,0.01998101968394616,0.017955719936340455,False
304,6,-281.95514066138526,-16.278186740081708,0.17864533940868463,0.19388242851203535,0.13637031542571962,False
304,7,-280.79779943930816,-15.120845518004614,0.18964510754006894,0.17010850006595205,0.11649453812877193,False
304,8,-279.3501000975871,-13.673146176283524,0.2343681108494386,0.3777148179278616,0.3331697850660178,False
304,9,-265.67673277456936,0.00022114673419082465,2.2733699223767667,,,True
305,0,-265.67695392130355,0.0,2.445334169213695,,,True
305,1,-279.3484372709006,-13.671483349597054,0.16650206945964538,0.1283755521500477,0.11336902793513327,False
305,2,-281.84914084101604,-16.172186919712487,0.24874504335974457,0.25251447976724767,0.16474072696394024,False
305,3,-281.47359464033536,-15.796640719031814,0.0781027615548064,0.07351743845141084,0.07285978601936202,False
305,4,-282.25206651587416,-16.575112594570612,0.09487727082781859,0.042225959755515255,0.032333399569908244,False
305,5,-282.23921957743903,-16.56226565613548,0.019655925532304885,0.019627793345368853,0.018233841283338728,False
305,6,-281.96379962167197,-16.286845700368417,0.20168539452673415,0.19981143789524985,0.17330481933779532,False
305,7,-280.8209170121356,-15.143963090832074,0.21376300526375738,0.19026352327099516,0.132160698495105,False
305,8,-279.3683395595816,-13.691385638278064,0.1858246769114426,0.24567225868782588,0.20691615490912138,False
305,9,-265.67673277456936,0.00022114673419082465,2.2733699223767667,,,True
306,0,-265.67695392130355,0.0,2.445334169213695,,,True
306,1,-279.363681921392,-13.686728000088465,0.2072299340226727,0.16469273171931054,0.14490050632106452,False
306,2,-281.87862258788874,-16.201668666585192,0.21964274348859453,0.22367935355519325,0.14307659391555175,False
306,3,-281.47738769455225,-15.800433773248699,0.07687929308057113,0.07424627654631286,0.06786331857689319,False
306,4,-282.2527714565066,-16.575817535203043,0.09328718068502682,0.04241979569950281,0.03228481659548175,False
306,5,-282.2412844615608,-16.56433054025723,0.0200793727373981,0.01904694605464992,0.01859091016637335,False
306,6,-281.97038347874263,-16.293429557439083,0.23646035420349676,0.23567869576633618,0.18746558135297264,False
306,7,-280.84739240257693,-15.17043848127338,0.2351144727416971,0.20697914207077536,0.14506202582517294,False
306,8,-279.39175911973797,-13.71480519843442,0.14039839993553296,0.14959351876898133,0.12115917872273052,False
306,9,-265.67673277456936,0.00022114673419082465,2.2733699223767667,,,True
307,0,-265.67695392130355,0.0,2.445334169213695,,,True
307,1,-279.38281660394387,-13.705862682640316,0.26241075754365983,0.21457428453406607,0.1890067041725739,False
307,2,-281.90311611811296,-16.226162196809412,0.1423654999494359,0.149722509456149,0.10124057985001153,False
307,3,-281.4812276320863,-15.804273710782752,0.05717233640122074,0.05659350794005698,0.044811631282862176,False
307,4,-282.25351041725355,-16.57655649595,0.09179941574025734,0.042654506695814894,0.03232366256445959,False
307,5,-282.2432613642259,-16.566307442922323,0.020575582416039302,0.019189931922415988,0.01903252744979805,False
307,6,-281.9797322757787,-16.30277835447515,0.15405902837210353,0.1460877838641517,0.1266865487293366,False
307,7,-280.87715210784404,-15.20019818654049,0.2487867643150399,0.21554576441906922,0.15087470799207087,False
307,8,-279.41059593014205,-13.733642008838501,0.1789570651406457,0.09123980759241668,0.07385988723459164,False
307,9,-265.67673277456936,0.00022114673419082465,2.2733699223767667,,,True
308,0,-265.67695392130355,0.0,2.445334169213695,,,True
308,1,-279.4095919228007,-13.73263800149715,0.3348497184386907,0.2799001961445297,0.24807677012725238,False
308,2,-281.9155705780106,-16.238616656707052,0.13307571417284114,0.12808775962514435,0.12393718341180637,False
308,3,-281.48502306291573,-15.80806914161218,0.04070844214727261,0.04183704685037132,0.04124232427481491,False
308,4,-282.25429648400893,-16.577342562705383,0.09052014479289128,0.04292683946804503,0.0324497501420756,False
308,5,-282.24520564175634,-16.568251720452793,0.021164824581791954,0.019756492215660403,0.019574004688364424,False
308,6,-281.98591538298865,-16.3089614616851,0.12845717571522888,0.1618679950427932,0.15028464212632844,False
308,7,-280.9100831556621,-15.233129234358557,0.2465749612252409,0.20829009345346075,0.1418008260144027,False
308,8,-279.42275985229435,-13.745805930990798,0.22852477982719824,0.14222709253530147,0.12465616907503431,False
308,9,-265.67673277456936,0.00022114673419082465,2.2733699223767667,,,True
309,0,-265.67695392130355,0.0,2.445334169213695,,,True
309,1,-279.4495841027625,-13.772630181458965,0.418313511517438,0.35319067144699373,0.31690488382652765,False
309,2,-281.9167476892602,-16.239793767956655,0.24751229405590647,0.2317809049021719,0.2042610537255785,False
309,3,-281.4887958500933,-15.811841928789761,0.04121380006266503,0.040708324018194936,0.03796676122500238,False
309,4,-282.2551397558134,-16.57818583450984,0.08940195300817064,0.043271946713347574,0.032671532983177286,False
309,5,-282.24716462115936,-16.570210699855807,0.02185419559222519,0.02054926060270085,0.02022073695577841,False
309,6,-281.99066097505107,-16.31370705374752,0.1546550087008988,0.17422605597056876,0.13379519627978217,False
309,7,-280.944242495524,-15.267288574220458,0.21465858220059073,0.17336847452986476,0.10623707250150653,False
309,8,-279.4340887295325,-13.757134808228955,0.2523020941720141,0.1694371275336639,0.15227626598074634,False
309,9,-265.67673277456936,0.00022114673419082465,2.2733699223767667,,,True
310,0,-265.67695392130355,0.0,2.445334169213695,,,True
310,1,-279.50720762016687,-13.830253698863316,0.49811784588056485,0.41911011645959917,0.3830808088451755,False
310,2,-281.9185880387031,-16.241634117399542,0.29607107219044093,0.27177475802927353,0.24351471457209578,False
310,3,-281.4924278071759,-15.815473885872336,0.039192607512431143,0.03884687875326772,0.03742702708580159,False
310,4,-282.256021824953,-16.579067903649445,0.08836445678200133,0.0436705293316441,0.03296173237661236,False
310,5,-282.24911893270036,-16.572165011396805,0.02269832450390947,0.021835251195553004,0.0209942020764584,False
310,6,-281.99551784817277,-16.318563926869217,0.11683476873929252,0.10332280856542478,0.07704747567276617,False
310,7,-280.9741215318662,-15.297167610562667,0.14846602159620684,0.11335645417522286,0.0915217334634473,False
310,8,-279.4475051408227,-13.770551219519177,0.24918470148693558,0.11015270485965237,0.0921635847592127,False
310,9,-265.67673277456936,0.00022114673419082465,2.2733699223767667,,,True
311,0,-265.67695392130355,0.0,2.445334169213695,,,True
311,1,-279.58597057127133,-13.909016649967782,0.5888693789745543,0.49023793536417937,0.4548294409934274,False
311,2,-281.9270318854682,-16.250077964164632,0.22513539216502515,0.19736041761738612,0.1760034847571794,False
311,3,-281.49580315898356,-15.818849237680013,0.03396050855487921,0.034034669812178474,0.031002647997324596,False
311,4,-282.25691995644394,-16.579966035140387,0.08739326887227954,0.044038304968652714,0.033263794836917944,False
311,5,-282.2510373098752,-16.574083388571637,0.024103772839873153,0.02318650639448643,0.02223734747675519,False
311,6,-282.00020688194184,-16.323252960638285,0.175051240865249,0.1770988855394866,0.14830227979225516,False
311,7,-280.99461925919286,-15.31766533788931,0.13504535072972002,0.1254697829504999,0.11999156703693352,False
311,8,-279.4606219632674,-13.783668041963836,0.24565859492293132,0.10060362544933936,0.0965093286823836,False
311,9,-265.67673277456936,0.00022114673419082465,2.2733699223767667,,,True
312,0,-265.67695392130355,0.0,2.445334169213695,,,True
312,1,-279.68876382753433,-14.01180990623078,0.6131889655251874,0.4916420117880843,0.45853064244576863,False
312,2,-281.9365011863754,-16.25954726507183,0.16891788559775114,0.1717907819066169,0.14132937502226478,False
312,3,-281.49892151804585,-15.821967596742297,0.035139388473153656,0.03514608902316728,0.032903587269074074,False
312,4,-282.2578191635903,-16.580865242286734,0.08650625926989841,0.044306849841142686,0.03353550989675867,False
312,5,-282.25290393125556,-16.57595000995201,0.025527515281149105,0.024555136127329392,0.02350103097631625,False
312,6,-282.0059719254082,-16.329018004104626,0.16247671552894913,0.15998194640628066,0.1380950144319187,False
312,7,-281.00737516606273,-15.33042124475918,0.20884644093798085,0.21445653930047825,0.1889970393456532,False
312,8,-279.47258104641537,-13.795627125111821,0.2355268031643827,0.09890656562058862,0.08732008278742279,False
312,9,-265.67673277456936,0.00022114673419082465,2.2733699223767667,,,True
313,0,-265.67695392130355,0.0,2.445334169213695,,,True
313,1,-279.7781852428225,-14.101231321518924,0.2500012601023119,0.22106180801037162,0.16677654670469172,False
313,2,-281.9426127073407,-16.265658786037136,0.14658417523866646,0.1495240887234238,0.11362532878199792,False
313,3,-281.5018501850301,-15.824896263726544,0.03024111532275719,0.027283448024219253,0.025217311370278158,False
313,4,-282.25871890495694,-16.581764983653386,0.08570182012202292,0.04446747904374861,0.033769045012796255,False
313,5,-282.2547310507294,-16.57777712942584,0.026937150929392067,0.025908675958068637,0.02475539441520878,False
313,6,-282.0119414667847,-16.33498754548117,0.09145620471963052,0.07107846899482197,0.0670464871988335,False
313,7,-281.0198567995979,-15.342902878294353,0.2567642696709203,0.2578269652067601,0.23213543872913422,False
313,8,-279.4834232042916,-13.806469282988076,0.17968198679325273,0.06445678128546638,0.05116073667459944,False
313,9,-265.67673277456936,0.00022114673419082465,2.2733699223767667,,,True
314,0,-265.67695392130355,0.0,2.445334169213695,,,True
314,1,-279.7671031568986,-14.09014923559505,0.7174117400399327,0.731244698388584,0.654984719815405,False
314,2,-281.9462200525005,-16.269266131196957,0.11950351067329353,0.12115945776594618,0.1023723194785502,False
314,3,-281.50481528519595,-15.827861363892396,0.029347232878607316,0.026392143916519784,0.025678022950996873,False
314,4,-282.25968444857,-16.58273052726645,0.0849149955550717,0.04454958641865189,0.03416127418329434,False
314,5,-282.2566568702386,-16.57970294893505,0.028397262957713425,0.027306982702828074,0.026055632635626932,False
314,6,-282.0171025807372,-16.340148659433623,0.08736096632210019,0.0816262179227778,0.05791079811234506,False
314,7,-281.03821335643676,-15.361259435133206,0.215829831986315,0.21604015715915736,0.19355177964367634,False
314,8,-279.493317879375,-13.816363958071463,0.1464652787049876,0.05960738226906394,0.044491132790271545,False
314,9,-265.67673277456936,0.00022114673419082465,2.2733699223767667,,,True
315,0,-265.67695392130355,0.0,2.445334169213695,,,True
315,1,-279.8000966693181,-14.123142748014573,0.5415979843953189,0.4758461040763197,0.4153301136465482,False
315,2,-281.9537574241146,-16.27680350281105,0.079531470065051,0.07899593903830943,0.07831981862166468,False
315,3,-281.5065304659256,-15.829576544622057,0.03090756756018487,0.024281387022857336,0.023212756884668517,False
315,4,-282.2602877883926,-16.58333386708904,0.08556682111294452,0.04410956748865247,0.03493039923488743,False
315,5,-282.2576450831432,-16.58069116183964,0.029053455404070498,0.027927666539545336,0.026559653647736176,False
315,6,-282.0219339122777,-16.34497999097414,0.1108617454886792,0.09977860009252244,0.0929856629521006,False
315,7,-281.05963798755505,-15.3826840662515,0.12551566717955134,0.10682029865942795,0.08701772277242686,False
315,8,-279.4992191250028,-13.82226520369926,0.16266702267142558,0.04762130377938618,0.03580998888125705,False
315,9,-265.67673277456936,0.00022114673419082465,2.2733699223767667,,,True
316,0,-265.67695392130355,0.0,2.445334169213695,,,True
316,1,-279.8285140062583,-14.151560084954724,0.32282707160556595,0.2384083163529493,0.21061048837649113,False
316,2,-281.955421816362,-16.27846789505844,0.06968691699841212,0.0703113150363827,0.0675057361917525,False
316,3,-281.50715256969636,-15.830198648392809,0.031177575869887786,0.024472622217599375,0.022795396577264072,False
316,4,-282.26054967200764,-16.58359575070409,0.08484399562443234,0.04455633215616453,0.03481046025881801,False
316,5,-282.2580721964158,-16.58111827511226,0.02935910865531436,0.02821824490691594,0.026840416038287275,False
316,6,-282.0241584592944,-16.347204537990876,0.06751348478574883,0.0610601665846883,0.05737968460058743,False
316,7,-281.06385820872475,-15.386904287421203,0.12362408404296346,0.1031418399027776,0.08272589505719428,False
316,8,-279.5010806814761,-13.824126760172533,0.14672129162032127,0.04808163746120143,0.036429380715755244,False
316,9,-265.67673277456936,0.00022114673419082465,2.2733699223767667,,,True
317,0,-265.67695392130355,0.0,2.445334169213695,,,True
317,1,-279.83547984155933,-14.158525920255784,0.1673620692173651,0.22889359079480928,0.21585549607933951,False
317,2,-281.95816114165825,-16.281207220354702,0.05635490992319059,0.058884319116696865,0.053313638192880625,False
317,3,-281.50839871658275,-15.831444795279197,0.03169174197858638,0.02473844989204473,0.022531742170534382,False
317,4,-282.26108970067526,-16.584135779371707,0.08389474055102224,0.04493151978542634,0.03479255590816779,False
317,5,-282.2589622219915,-16.58200830068796,0.0299790006385874,0.028806961135741695,0.02740109657585862,False
317,6,-282.0273809751436,-16.350427053840065,0.08236041508084795,0.0878790282071234,0.08291364177870214,False
317,7,-281.07156922987076,-15.39461530856721,0.12031617269012307,0.09667021054738494,0.07681269452939897,False
317,8,-279.504464705199,-13.827510783895434,0.1469787757464446,0.049142614814574936,0.0378748499003076,False
317,9,-265.67673277456936,0.00022114673419082465,2.2733699223767667,,,True
318,0,-265.67695392130355,0.0,2.445334169213695,,,True
318,1,-279.833367560453,-14.156413639149434,0.4151991315263545,0.4672891291766124,0.43010182562461835,False
318,2,-281.96132753342033,-16.28437361211678,0.048459465356762606,0.04835338867914105,0.046472106108486094,False
318,3,-281.51022018902626,-15.833266267722706,0.03233859889433006,0.024917036419908358,0.022549901742049433,False
318,4,-282.26190648308983,-16.58495256178628,0.08326123745501122,0.044756944374359994,0.03510889170678316,False
318,5,-282.2603278507415,-16.583373929437926,0.03088283602182684,0.02966401150742922,0.028206156513404034,False
318,6,-282.0325551581493,-16.355601236845757,0.06064194349159223,0.0662321938574308,0.06172944705037226,False
318,7,-281.08175497404557,-15.404801052742016,0.11561981698051096,0.08831372210252479,0.07202063034738962,False
318,8,-279.5095841483105,-13.832630227006973,0.14764968917500382,0.05017816708501385,0.039525048608279496,False
318,9,-265.67673277456936,0.00022114673419082465,2.2733699223767667,,,True
319,0,-265.67695392130355,0.0,2.445334169213695,,,True
319,1,-279.861368427305,-14.184414506001474,0.1949144412720501,0.24356209966499326,0.21775084132964986,False
319,2,-281.9644533436733,-16.287499422369763,0.04519071694385626,0.04396106204286874,0.03604181417669165,False
319,3,-281.51252234814524,-15.83556842684169,0.032940626876673304,0.024983136750139544,0.022303437559014976,False
319,4,-282.2629752367553,-16.586021315451774,0.0828025776670381,0.044387664469182145,0.035664601324991274,False
319,5,-282.26214529910135,-16.5851913777978,0.03198869316451682,0.03070998951817541,0.029189178531680057,False
319,6,-282.03867607617804,-16.361722154874485,0.07418743049110478,0.06676175127152095,0.06308151475583842,False
319,7,-281.09364254355626,-15.416688622252707,0.10858828082422065,0.07822504337625172,0.06719824051256867,False
319,8,-279.51615166340014,-13.839197742096587,0.14867372252030805,0.05028904872955823,0.04022561327780202,False
319,9,-265.67673277456936,0.00022114673419082465,2.2733699223767667,,,True
320,0,-265.67695392130355,0.0,2.445334169213695,,,True
320,1,-279.87811724351934,-14.201163322215791,0.2556630677683497,0.1864070870242425,0.14883378682559986,False
320,2,-281.96730941244584,-16.290355491142293,0.044283858985838025,0.05400459414894592,0.044457106944133816,False
320,3,-281.5153275553572,-15.838373634053653,0.03328767648658769,0.024983030056502337,0.021931636947013104,False
320,4,-282.2643297866952,-16.587375865391664,0.08191459269816508,0.04434337453315049,0.03618005683927901,False
320,5,-282.2644941082007,-16.587540186897172,0.03324793902917018,0.03190599903502337,0.030324388110949566,False
320,6,-282.04596148366704,-16.369007562363493,0.08309604068337326,0.07932635750106488,0.07356286272732857,False
320,7,-281.1071864792524,-15.430232557948841,0.09720196757383838,0.06540981026686236,0.0591482375227389,False
320,8,-279.5242156431657,-13.84726172186214,0.1498542939305694,0.04903760102727653,0.041850310301870045,False
320,9,-265.67673277456936,0.00022114673419082465,2.2733699223767667,,,True
321,0,-265.67695392130355,0.0,2.445334169213695,,,True
321,1,-279.89201227113335,-14.215058349829803,0.4070935970553816,0.3230313166551542,0.284447300518315,False
321,2,-281.9698950990175,-16.292941177713942,0.05039835588663844,0.06032640911046105,0.04956139569312824,False
321,3,-281.51862372343226,-15.841669802128706,0.03317548444475012,0.02492065821643388,0.021726049350841853,False
321,4,-282.2659861344889,-16.589032213185362,0.08013717993975394,0.04454039481675153,0.03641776330113107,False
321,5,-282.26743365694466,-16.59047973564111,0.03454557396444722,0.03319884493359118,0.03155196446714128,False
321,6,-282.05474417735877,-16.37779025605522,0.0502377390589722,0.05607523023447836,0.051557163631716016,False
321,7,-281.1221017326392,-15.44514781133563,0.09637926127072195,0.05904422601460033,0.04919805967738884,False
321,8,-279.5340611214087,-13.857107200105133,0.15111922876031125,0.05467404443252984,0.046297454545028316,False
321,9,-265.67673277456936,0.00022114673419082465,2.2733699223767667,,,True
322,0,-265.67695392130355,0.0,2.445334169213695,,,True
322,1,-279.9299198080669,-14.252965886763377,0.2749148449987942,0.2354444052366375,0.21775824406977054,False
322,2,-281.9723859971918,-16.295432075888243,0.049508517705901846,0.05286351036525753,0.04450397022719186,False
322,3,-281.52236273971744,-15.845408818413887,0.032508251503604875,0.024698772899753144,0.021548177778541847,False
322,4,-282.26792779314843,-16.59097387184488,0.07782601596992184,0.044446398820595055,0.03651506418540147,False
322,5,-282.27097816121665,-16.594024239913097,0.03571140474010493,0.03437951903040147,0.03271852356864919,False
322,6,-282.0641342500862,-16.387180328782676,0.06288033637432194,0.07495449972662972,0.07024803347751926,False
322,7,-281.1378810103629,-15.46092708905934,0.0867190351473351,0.0538985556162819,0.04727950193729194,False
322,8,-279.5456170413259,-13.868663120022347,0.1526554907173621,0.06761175061608862,0.059034310821851656,False
322,9,-265.67673277456936,0.00022114673419082465,2.2733699223767667,,,True
323,0,-265.67695392130355,0.0,2.445334169213695,,,True
323,1,-279.9736849178697,-14.296730996566168,0.32310845361200274,0.2854542797500748,0.2674312863613045,False
323,2,-281.97460601404737,-16.297652092743817,0.052508971391529026,0.04505052023585202,0.03888071289186652,False
323,3,-281.5261333593225,-15.84917943801895,0.031350775972944896,0.02561761350949397,0.022664596861733506,False
323,4,-282.2699406444418,-16.592986723138267,0.07591516460470689,0.043896807784237116,0.03679151176923508,False
323,5,-282.27477117044054,-16.597817249136995,0.036658552485799814,0.03536469895869434,0.03370158088708465,False
323,6,-282.07370351396185,-16.396749592658296,0.05344382355743656,0.059027458778956834,0.053224536414357704,False
323,7,-281.1525580214185,-15.475604100114936,0.07742072247494199,0.05095102979013544,0.04701059549255149,False
323,8,-279.55796039501564,-13.881006473712091,0.15437055460231577,0.08527586947636062,0.07676044090948568,False
323,9,-265.67673277456936,0.00022114673419082465,2.2733699223767667,,,True
324,0,-265.67695392130355,0.0,2.445334169213695,,,True
324,1,-280.0253883550225,-14.348434433718978,0.3520508069619932,0.3157740926442596,0.2960601802303093,False
324,2,-281.9765165794904,-16.299562658186858,0.0534228510521448,0.045557337944132796,0.0398839365903177,False
324,3,-281.52986564801665,-15.852911726713103,0.02989723766513402,0.027125367170902775,0.023812281878274846,False
324,4,-282.271977702102,-16.595023780798442,0.07437891353109208,0.04348767933304084,0.037234692055428203,False
324,5,-282.27874054791863,-16.60178662661508,0.03750310101854389,0.03626906820220657,0.03457348000762392,False
324,6,-282.08283960154495,-16.405885680241397,0.07630079005173449,0.0689281992222958,0.06461177038482788,False
324,7,-281.1660381062079,-15.489084184904357,0.08063558976160631,0.059560260427092504,0.04651173558791776,False
324,8,-279.5713436069983,-13.894389685694762,0.15764042183820287,0.10845699082415787,0.09628403277689192,False
324,9,-265.67673277456936,0.00022114673419082465,2.2733699223767667,,,True
325,0,-265.67695392130355,0.0,2.445334169213695,,,True
325,1,-280.0878287253648,-14.410874804061223,0.28657303478429813,0.2499161845981169,0.21868725343438172,False
325,2,-281.97814845091665,-16.3011945296131,0.053365774063636524,0.04663073830920772,0.04401898420914013,False
325,3,-281.5334773624446,-15.856523441141064,0.028397137624566197,0.028513217607896983,0.024949827050987347,False
325,4,-282.2739785005841,-16.59702457928057,0.072749245224947,0.043452583428123547,0.03759457107883625,False
325,5,-282.28278066621806,-16.60582674491451,0.0383175368312751,0.037163579578506696,0.035502800996880586,False
325,6,-282.09184549872504,-16.414891577421486,0.06093127273946727,0.06149550029778994,0.053988572207369745,False
325,7,-281.1786223282178,-15.501668406914234,0.0844521408859973,0.06749621607092647,0.047685321520532245,False
325,8,-279.5862556868256,-13.90930176552206,0.19511219755487266,0.1402923794276524,0.12249227658618181,False
325,9,-265.67673277456936,0.00022114673419082465,2.2733699223767667,,,True
326,0,-265.67695392130355,0.0,2.445334169213695,,,True
326,1,-280.1297382923225,-14.452784371018936,0.1842599000083531,0.21270009960967723,0.1402363289766987,False
326,2,-281.9795820505876,-16.302628129284074,0.05375284602515195,0.049577611704818746,0.04701452532066281,False
326,3,-281.53702713012075,-15.860073208817198,0.027432077711049177,0.029833179589128223,0.02608173907504601,False
326,4,-282.27596138836645,-16.599007467062904,0.07083217032917642,0.04352716028371475,0.03779387513944392,False
326,5,-282.28694600136424,-16.609992080060692,0.039156095823474915,0.038103034994978205,0.037288601102386985,False
326,6,-282.1005846711945,-16.423630749890947,0.04934549406956636,0.059870861021596944,0.05222275287671847,False
326,7,-281.19107461656444,-15.514120695260885,0.08940737005768652,0.07439752717944799,0.05027333006724749,False
326,8,-279.60439714299304,-13.927443221689487,0.24660733102043586,0.1853403156596843,0.16247567099613833,False
326,9,-265.67673277456936,0.00022114673419082465,2.2733699223767667,,,True
327,0,-265.67695392130355,0.0,2.445334169213695,,,True
327,1,-280.1399787076689,-14.463024786365338,0.46901918262858056,0.4831454320306945,0.4662619333901513,False
327,2,-281.9808968428896,-16.303942921586042,0.05499072248663475,0.05129986704724489,0.04914184691117257,False
327,3,-281.5407295011022,-15.863775579798642,0.028838015675503127,0.03121036427212889,0.02722536567914375,False
327,4,-282.27803024828745,-16.6010763269839,0.06870892334324223,0.043454839718214545,0.03794943882765829,False
327,5,-282.2914962841519,-16.61454236284834,0.04025728362882683,0.03942054359127364,0.03928756794203775,False
327,6,-282.10955628555246,-16.432602364248908,0.04763984945336239,0.05788406923065543,0.05015812936687858,False
327,7,-281.2043289349245,-15.52737501362094,0.09644267407602324,0.0814595861093156,0.05317611881720555,False
327,8,-279.6300133531752,-13.953059431871623,0.31838425421498284,0.24885648937506744,0.220957289885861,False
327,9,-265.67673277456936,0.00022114673419082465,2.2733699223767667,,,True
328,0,-265.67695392130355,0.0,2.445334169213695,,,True
328,1,-280.1629140656237,-14.485960144320131,0.45728086669271784,0.4533483470502532,0.44332169547392136,False
328,2,-281.98210056760365,-16.305146646300102,0.05628239363807968,0.05285773349729908,0.05130179742424447,False
328,3,-281.5445546333128,-15.867600712009278,0.030196088778930156,0.032572116355513464,0.028251572497600137,False
328,4,-282.2801460644422,-16.603192143138642,0.06663665934097704,0.04334725451919856,0.03819151648663007,False
328,5,-282.2964008810746,-16.61944695977104,0.04231568206285033,0.04151203843272317,0.041393807470069564,False
328,6,-282.11874997457846,-16.441796053274913,0.0417659914787903,0.05606732410816138,0.04806229116064331,False
328,7,-281.21829543116024,-15.541341509856693,0.10603904045687848,0.09003754875011713,0.05848627585022579,False
328,8,-279.6681062653247,-13.991152344021145,0.40437334719545337,0.32333358782279076,0.29088223628779564,False
328,9,-265.67673277456936,0.00022114673419082465,2.2733699223767667,,,True
329,0,-265.67695392130355,0.0,2.445334169213695,,,True
329,1,-280.19380380782013,-14.516849886516582,0.16163713656091616,0.1618123483406574,0.14051805852753652,False
329,2,-281.9831852325554,-16.30623131125185,0.05644914776127224,0.05527319684670272,0.054163852171987506,False
329,3,-281.5482525021085,-15.871298580804932,0.03128543768988496,0.03370542257596031,0.028972844818665737,False
329,4,-282.28215908254873,-16.60520516124518,0.06490686063011443,0.04337928720217264,0.03858742088509336,False
329,5,-282.301330848597,-16.62437692729344,0.044064625193330535,0.04328989020437312,0.04319976139069823,False
329,6,-282.1274639573197,-16.45051003601617,0.0504849905572841,0.05414248266451564,0.048180574198915416,False
329,7,-281.232196340392,-15.555242419088472,0.11801987950923731,0.10070558753492902,0.06520071721979981,False
329,8,-279.7217330955797,-14.04477917427613,0.48579439526242263,0.3893407128036691,0.3557090588356599,False
329,9,-265.67673277456936,0.00022114673419082465,2.2733699223767667,,,True
330,0,-265.67695392130355,0.0,2.445334169213695,,,True
330,1,-280.2082519628901,-14.531298041586524,0.19815770776876915,0.18908336920793833,0.18469662071341586,False
330,2,-281.98420891589456,-16.307254994591005,0.05533322805358654,0.05915741678286186,0.05822922581722411,False
330,3,-281.5518437328777,-15.874889811574178,0.03201207458752221,0.03450783233759486,0.029333545733131145,False
330,4,-282.2840834362787,-16.607129514975156,0.06342993310885744,0.04405746353123839,0.03908780576952661,False
330,5,-282.306282417512,-16.629328496208473,0.04518613823348112,0.04443859879428559,0.044385495631541254,False
330,6,-282.13592187584914,-16.458967954545585,0.04317954182898246,0.05181243566523982,0.047700586179793655,False
330,7,-281.24627163670425,-15.5693177154007,0.1328260428496108,0.11416606868638378,0.07398293553715919,False
330,8,-279.79640954026604,-14.11945561896249,0.5762004794197964,0.4582389414346835,0.42464018113265806,False
330,9,-265.67673277456936,0.00022114673419082465,2.2733699223767667,,,True
331,0,-265.67695392130355,0.0,2.445334169213695,,,True
331,1,-280.22379644094076,-14.54684251963721,0.2679341595311223,0.24163441571980174,0.2404554507648488,False
331,2,-281.98520992036515,-16.3082559990616,0.05400992007717525,0.06446680351881377,0.06355244694651785,False
331,3,-281.5552994064586,-15.878345485155023,0.03235710558450685,0.034936532069840404,0.02934426993960006,False
331,4,-282.28591252452105,-16.608958603217502,0.061965316425376823,0.04476429328439764,0.03954114832489074,False
331,5,-282.311158773996,-16.63420485269245,0.04548027155477083,0.04475952366331015,0.04472934997659905,False
331,6,-282.143985544319,-16.46703162301543,0.042882744578474206,0.0514987658740499,0.04852387306709033,False
331,7,-281.26058394560175,-15.583630024298202,0.15043680744444823,0.1302797827820313,0.08473218787660933,False
331,8,-279.89813622069516,-14.221182299391614,0.6380062745153084,0.4922029599205654,0.45825415610611037,False
331,9,-265.67673277456936,0.00022114673419082465,2.2733699223767667,,,True
332,0,-265.67695392130355,0.0,2.445334169213695,,,True
332,1,-280.2426940888324,-14.565740167528872,0.2298954812749467,0.1872795271694943,0.17177298691664156,False
332,2,-281.9862405019577,-16.309286580654145,0.05327410352270954,0.0707071734882715,0.06973510082313829,False
332,3,-281.5585556917081,-15.88160177040453,0.03239384266120569,0.035047001725866875,0.029093170709105685,False
332,4,-282.28762800616227,-16.610674084858715,0.06045247273718111,0.04538141544605949,0.03990144192527404,False
332,5,-282.31580520123737,-16.638851279933817,0.04498608509516274,0.044291517751264435,0.04424359616016615,False
332,6,-282.1515157600578,-16.474561838754255,0.04293291900520647,0.052525024327053346,0.049809776762931336,False
332,7,-281.27512603273306,-15.598172111429506,0.17036437467155377,0.1482382427383671,0.09664822211068791,False
332,8,-279.9966243110533,-14.319670389749774,0.3447376228955841,0.221124008592792,0.1861073009639097,False
332,9,-265.67673277456936,0.00022114673419082465,2.2733699223767667,,,True
333,0,-265.67695392130355,0.0,2.445334169213695,,,True
333,1,-280.2602318481295,-14.583277926825929,0.23582220089856137,0.16432973709411977,0.15990959009837624,False
333,2,-281.9874713148055,-16.310517393501925,0.054333221052089174,0.0781856114195011,0.07708810689603693,False
333,3,-281.56188091433546,-15.884926993031911,0.03223033622648976,0.034945574875407025,0.028665254017276848,False
333,4,-282.28939162230984,-16.612437701006286,0.05884852902130538,0.0459884715625312,0.04114934198579208,False
333,5,-282.32054765152185,-16.6435937302183,0.04382445452446898,0.04315688076503724,0.04304262281868746,False
333,6,-282.1592079656431,-16.482254044339527,0.04347051230851616,0.05374835143531052,0.051228026933947485,False
333,7,-281.29158190866156,-15.614627987358006,0.19427350157854326,0.1693096117480107,0.11033026105972306,False
333,8,-280.00324154109023,-14.326287619786683,0.5496818031153038,0.6146815347714581,0.5487607772588432,False
333,9,-265.67673277456936,0.00022114673419082465,2.2733699223767667,,,True
334,0,-265.67695392130355,0.0,2.445334169213695,,,True
334,1,-280.2725123254945,-14.595558404190967,0.23106538247708713,0.17492577688688163,0.15585115799914856,False
334,2,-281.9883925277712,-16.311438606467675,0.059275576232645295,0.08354874574387297,0.08229931972955959,False
334,3,-281.56326734318213,-15.886313421878583,0.03262973000567661,0.03542799695212102,0.029147852281261398,False
334,4,-282.2901885745225,-16.613234653218967,0.05891033386494833,0.04646814717590285,0.041899748248216045,False
334,5,-282.3225767522658,-16.645622830962225,0.044286570406020714,0.04361346849946141,0.04356814416962489,False
334,6,-282.1624496766086,-16.485495755305067,0.04398009739360906,0.05229565296015059,0.04948464751064893,False
334,7,-281.30093419436446,-15.623980273060909,0.2115723998358561,0.184149343411449,0.1193533422004732,False
334,8,-280.0410684060693,-14.364114484765764,0.39645006581781356,0.28962030766275576,0.25249332810439973,False
334,9,-265.67673277456936,0.00022114673419082465,2.2733699223767667,,,True
335,0,-265.67695392130355,0.0,2.445334169213695,,,True
335,1,-280.2747871576098,-14.597833236306258,0.23398647166372363,0.17616809849628712,0.15940691891757797,False
335,2,-281.9886505933242,-16.311696672020673,0.06044799769308588,0.08477256327636358,0.08350354997366582,False
335,3,-281.5636154453894,-15.886661524085866,0.03262698860060366,0.03542469499242298,0.029117158356676977,False
335,4,-282.2903919730653,-16.61343805176176,0.05862383373806181,0.046480530822223275,0.04206541801203467,False
335,5,-282.3230798312933,-16.646125909989735,0.04406202280978763,0.04339296213038866,0.0433433457252997,False
335,6,-282.1632687663803,-16.486314845076777,0.043900999896214356,0.05226379154479743,0.049429373469246654,False
335,7,-281.3034794962896,-15.626525574986033,0.21626025714619926,0.1882549496395628,0.1220439590299485,False
335,8,-280.0485770390602,-14.371623117756656,0.32586689738764396,0.21272252567423416,0.1859917554039132,False
335,9,-265.67673277456936,0.00022114673419082465,2.2733699223767667,,,True
336,0,-265.67695392130355,0.0,2.445334169213695,,,True
336,1,-280.27906146609,-14.602107544786463,0.2398968090986086,0.17907453205676221,0.1654906843471886,False
336,2,-281.9891875788029,-16.31223365749935,0.06280289595092615,0.0872035793641318,0.08589903184794463,False
336,3,-281.5643172572693,-15.887363335965745,0.032613303101698944,0.03541088935726784,0.029049944797627944,False
336,4,-282.29080408362427,-16.613850162320716,0.05810854023985112,0.04665466186233828,0.042416423917806714,False
336,5,-282.32408980333076,-16.647135882027214,0.04360351716391887,0.04294253758070993,0.04288398815216128,False
336,6,-282.16491468567386,-16.487960764370314,0.04379988275594074,0.05224667776768671,0.049370794737422716,False
336,7,-281.30877191470336,-15.631817993399807,0.2256496015623416,0.19641897531482455,0.1273084870390524,False
336,8,-280.05678697323833,-14.379833051934781,0.19590525121929217,0.11849271779223332,0.0860861791236541,False
336,9,-265.67673277456936,0.00022114673419082465,2.2733699223767667,,,True
337,0,-265.67695392130355,0.0,2.445334169213695,,,True
337,1,-280.2852663547611,-14.60831243345757,0.24844543950722608,0.18358024568035777,0.17231345215771338,False
337,2,-281.99004969392956,-16.313095772626014,0.06634111058944096,0.09081220837669432,0.08946115755661077,False
337,3,-281.5653828910715,-15.888428969767972,0.0325730109730736,0.035372771119177235,0.028935318957307814,False
337,4,-282.29143577067543,-16.614481849371884,0.057463505436113664,0.04726968509777235,0.04299182223297685,False
337,5,-282.32561175672026,-16.648657835416714,0.04289405581928743,0.04224516706134053,0.042172612027232,False
337,6,-282.1674102274219,-16.490456306118347,0.043758311415532415,0.05231087261233632,0.049386711614653425,False
337,7,-281.31723749239626,-15.64028357109271,0.23963405153442435,0.2084173711195382,0.1348246784688965,False
337,8,-280.0609983407728,-14.384044419469262,0.19282804307415452,0.12665791814110813,0.11526772653187137,False
337,9,-265.67673277456936,0.00022114673419082465,2.2733699223767667,,,True
338,0,-265.67695392130355,0.0,2.445334169213695,,,True
338,1,-280.2935242456357,-14.616570324332145,0.2589069907708721,0.18891829871004132,0.17829638199826875,False
338,2,-281.9912938239404,-16.314339902636846,0.07095159429913858,0.0954739739509762,0.09406998587728091,False
338,3,-281.56680144825634,-15.889847526952792,0.03248550015742089,0.03529062620254364,0.02875846344840539,False
338,4,-282.29228956741485,-16.615335646111305,0.05678236910599737,0.04817590781199149,0.04383314794749118,False
338,5,-282.3276147596722,-16.65066083836865,0.04191906995603456,0.04128610205189073,0.041194226766449286,False
338,6,-282.17073583154655,-16.493781910243,0.043819099766611386,0.05249049126209737,0.04952705091054935,False
338,7,-281.3293404127283,-15.65238649142475,0.25738984549066013,0.22332439436705195,0.1437321932934918,False
338,8,-280.06507663757986,-14.388122716276314,0.20830582338380663,0.21582346196737076,0.19788690503665013,False
338,9,-265.67673277456936,0.00022114673419082465,2.2733699223767667,,,True
339,0,-265.67695392130355,0.0,2.445334169213695,,,True
339,1,-280.30391097220615,-14.626957050902604,0.27122725581385826,0.19470889204772085,0.18319933028788546,False
339,2,-281.99299896355313,-16.316045042249584,0.07644329300784852,0.10098887148491285,0.09953210719064202,False
339,3,-281.5685540366881,-15.891600115384563,0.03295585118168467,0.03514143433288563,0.028957092353137086,False
339,4,-282.2933681974702,-16.616414276166665,0.05608929676207083,0.04942194140633471,0.04498340655438586,False
339,5,-282.3300508790037,-16.653096957700143,0.04065745362829898,0.04004420118907219,0.03992739745677078,False
339,6,-282.17485391947514,-16.49789999817159,0.04395092667408397,0.05275961509005645,0.049780160271063856,False
339,7,-281.3456337822699,-15.668679860966336,0.27719740118332925,0.2393571138565817,0.15385970423414935,False
339,8,-280.0738654845803,-14.396911563276774,0.17583003020419088,0.19525593011919962,0.176436355812782,False
339,9,-265.67673277456936,0.00022114673419082465,2.2733699223767667,,,True
340,0,-265.67695392130355,0.0,2.445334169213695,,,True
340,1,-280.3167274011908,-14.639773479887253,0.28635433390213216,0.20116867404537525,0.18802175672425636,False
340,2,-281.99529835430894,-16.318344433005393,0.08260847208171833,0.10711486764737825,0.10561902360725878,False
340,3,-281.5706411221085,-15.893687200804948,0.03357484467228148,0.03490305524953402,0.029488050957214993,False
340,4,-282.29469309586693,-16.617739174563383,0.05532977577215654,0.05107067422353376,0.04650015511920495,False
340,5,-282.3328930203637,-16.655939099060163,0.03907628776575781,0.03848686371860723,0.03833941572764663,False
340,6,-282.1797778036627,-16.502823882359166,0.04406917146369948,0.05305475389192088,0.050091251377402196,False
340,7,-281.36694563335016,-15.689991712046606,0.29624561642443664,0.2536678529494687,0.16393614256899813,False
340,8,-280.0841376299958,-14.40718370869223,0.17603317827396217,0.08256032764106264,0.06739705790067477,False
340,9,-265.67673277456936,0.00022114673419082465,2.2733699223767667,,,True
341,0,-265.67695392130355,0.0,2.445334169213695,,,True
341,1,-280.3327777184042,-14.655823797100652,0.30558612706591964,0.20820386116519557,0.1942403381637351,False
341,2,-281.9983835711072,-16.321429649803633,0.08912269182741685,0.11345361482060937,0.11195432719343335,False
341,3,-281.5730736642272,-15.896119742923645,0.03419643100102793,0.03455703969385754,0.02998527375120282,False
341,4,-282.29630248218155,-16.619348560877995,0.05440313300905652,0.05319090355058885,0.0484501364691006,False
341,5,-282.33612161806013,-16.659167696756583,0.037144262875782263,0.036583288589848585,0.03639999849347742,False
341,6,-282.18555702702406,-16.50860310572051,0.044095098805858615,0.053317883886248536,0.05040385166684362,False
341,7,-281.3941430335982,-15.717189112294648,0.30935155905109574,0.2611974896484998,0.16840948357376223,False
341,8,-280.09119618942947,-14.414242268125918,0.19720441608639352,0.09422041721984174,0.06772059220876141,False
341,9,-265.67673277456936,0.00022114673419082465,2.2733699223767667,,,True
342,0,-265.67695392130355,0.0,2.445334169213695,,,True
342,1,-280.35577769063013,-14.678823769326584,0.33285900559833187,0.21601875152878572,0.20373292399808177,False
342,2,-282.00295078856703,-16.325996867263484,0.09591131245007575,0.11980110928632087,0.11837263137600734,False
342,3,-281.5761542279669,-15.899200306663374,0.03476115092846642,0.03419917470600396,0.0303561579648116,False
342,4,-282.2984571453144,-16.621503224010837,0.05309751953918617,0.05613220114394481,0.05117120049015317,False
342,5,-282.34008173836264,-16.66312781705909,0.0345958284822664,0.03407200066872385,0.033844205709455406,False
342,6,-282.1929510518553,-16.51599713055174,0.044040314770972463,0.05355383796679208,0.05072659242729065,False
342,7,-281.4308950291357,-15.753941107832134,0.30471085721874197,0.25043355160557157,0.15461255869895568,False
342,8,-280.0983074342328,-14.421353512929272,0.26854855456465904,0.16130735924242084,0.12644323654322193,False
342,9,-265.67673277456936,0.00022114673419082465,2.2733699223767667,,,True
343,0,-265.67695392130355,0.0,2.445334169213695,,,True
343,1,-280.39093254577585,-14.713978624472304,0.37194742113440155,0.22503097430900987,0.21698150535550223,False
343,2,-282.00968531817966,-16.332731396876113,0.10120369166760439,0.12432587091790655,0.12310873928219156,False
343,3,-281.580006410809,-15.903052489505455,0.03499590495671164,0.03487597158641811,0.030291788989779113,False
343,4,-282.3013612129697,-16.62440729166616,0.05133891258610436,0.060119376978628784,0.05491449503519662,False
343,5,-282.3448441515716,-16.66789023026803,0.031335583029287656,0.03085933609895514,0.030578544023231596,False
343,6,-282.2023390286596,-16.525385107356044,0.044058648629501936,0.05374782103600599,0.05104155431921635,False
343,7,-281.4747729947479,-15.797819073444373,0.25553098998462115,0.2026562240538028,0.16685947367581025,False
343,8,-280.10980095069334,-14.43284702938979,0.22833934221884758,0.11475778024222587,0.08997621012878596,False
343,9,-265.67673277456936,0.00022114673419082465,2.2733699223767667,,,True
344,0,-265.67695392130355,0.0,2.445334169213695,,,True
344,1,-280.4373043241664,-14.760350402862855,0.41634631988172516,0.2692093693793934,0.22992797530220976,False
344,2,-282.0174208867842,-16.34046696548063,0.1024704843546373,0.12488725403638151,0.12398370808516158,False
344,3,-281.58381706806756,-15.90686314676401,0.03458859324252778,0.0363080692774743,0.02954384465648626,False
344,4,-282.30450611519063,-16.627552193887084,0.051170120118218324,0.0642790928526294,0.05888570236370967,False
344,5,-282.34936594045166,-16.672412019148112,0.029868472402449685,0.029180114743569983,0.027482050827733816,False
344,6,-282.21182563390795,-16.5348717126044,0.04424906291139746,0.05375845718660131,0.05117038418185592,False
344,7,-281.5040928999497,-15.827138978646133,0.22864883181643808,0.21269772710848328,0.2014270748202878,False
344,8,-280.12082220530294,-14.443868283999393,0.1801922944556639,0.059975101927581466,0.05216536455293848,False
344,9,-265.67673277456936,0.00022114673419082465,2.2733699223767667,,,True
345,0,-265.67695392130355,0.0,2.445334169213695,,,True
345,1,-280.5029552876621,-14.826001366358526,0.4641739226484396,0.36603493067961446,0.29827403195641744,False
345,2,-282.0260342033638,-16.349080282060243,0.09980636391253649,0.12168029188375964,0.12110043429263967,False
345,3,-281.58759766449873,-15.91064374319518,0.033480808841777704,0.03749410230099871,0.02806212179067958,False
345,4,-282.3079402074072,-16.630986286103678,0.053596380192942786,0.0684582236044249,0.06296226894402854,False
345,5,-282.353696524062,-16.676742602758452,0.029722021646552597,0.02907975369648962,0.025773955476373747,False
345,6,-282.2214787636216,-16.544524842318026,0.044458813728570315,0.05355091337628985,0.051067656801517744,False
345,7,-281.5141293971053,-15.837175475801757,0.30983009709766524,0.3092947486766559,0.19852908831605717,False
345,8,-280.1302948341498,-14.453340912846272,0.18322634340006963,0.1065385439273121,0.08827072698242865,False
345,9,-265.67673277456936,0.00022114673419082465,2.2733699223767667,,,True
346,0,-265.67695392130355,0.0,2.445334169213695,,,True
346,1,-280.5967284685664,-14.919774547262875,0.5550733408879309,0.470616384715629,0.39061542124979737,False
346,2,-282.03507841620024,-16.358124494896686,0.09382724545590555,0.11530090649082889,0.11494592636948203,False
346,3,-281.59125981606525,-15.914305894761696,0.03175282708559364,0.03834065053556134,0.025917317292310352,False
346,4,-282.311591264484,-16.63463734318043,0.054688624526266175,0.07235605899125513,0.06690079583306446,False
346,5,-282.35778188009215,-16.680827958788598,0.02947356158908207,0.028875190687372376,0.025674603298316043,False
346,6,-282.2311062095288,-16.554152288225225,0.04449952978544184,0.0532192333368984,0.05081500899255184,False
346,7,-281.51873793476807,-15.841784013464519,0.28391607070716063,0.2727900313771819,0.23611368506158803,False
346,8,-280.1402294013617,-14.463275480058144,0.18519675840003275,0.09954949826388658,0.08377743835875863,False
346,9,-265.67673277456936,0.00022114673419082465,2.2733699223767667,,,True
347,0,-265.67695392130355,0.0,2.445334169213695,,,True
347,1,-280.72562834998155,-15.048674428677998,0.6922652853438767,0.5882490557309603,0.4991073385667982,False
347,2,-282.04386729145244,-16.366913370148893,0.08631653704265593,0.10765875976898971,0.10738229028717461,False
347,3,-281.5946516332067,-15.917697711903145,0.031155184768229146,0.03886656721168731,0.026587919508704864,False
347,4,-282.31526076712316,-16.638306845819613,0.05404236146328879,0.07559365766289478,0.07035571669920114,False
347,5,-282.3615024120435,-16.684548490739928,0.02915749009474163,0.02859928828960367,0.025512065148632163,False
347,6,-282.24031656189266,-16.563362640589105,0.044315529914008674,0.05284000381197193,0.05048114857156803,False
347,7,-281.5268856001437,-15.849931678840164,0.36549386662135713,0.3617453829874445,0.3471384934516865,False
347,8,-280.14995637489426,-14.47300245359071,0.18586226763143293,0.07861166845436951,0.0712819012115429,False
347,9,-265.67673277456936,0.00022114673419082465,2.2733699223767667,,,True
348,0,-265.67695392130355,0.0,2.445334169213695,,,True
348,1,-280.89580682283696,-15.21885290153341,0.7821850812841116,0.6568924388399938,0.5571820331463774,False
348,2,-282.0518550353064,-16.374901114002853,0.0791206417194651,0.1006758183218459,0.10034715832734248,False
348,3,-281.59768950298076,-15.920735581677206,0.031593929615119525,0.0391972985124885,0.027119240027800397,False
348,4,-282.3187614457104,-16.64180752440683,0.05192401269425539,0.0779472984454136,0.0730933199073669,False
348,5,-282.36480736870783,-16.68785344740428,0.02880842299824126,0.028285877248791856,0.025311233948343385,False
348,6,-282.2488539604653,-16.571900039161733,0.04397831603175433,0.052481159307485536,0.050127007468073,False
348,7,-281.53820576587583,-15.86125184457228,0.38537060423766745,0.38293417763727006,0.36832164409089496,False
348,8,-280.1584371379151,-14.481483216611537,0.18608114558417777,0.07454948418928634,0.06634523107298652,False
348,9,-265.67673277456936,0.00022114673419082465,2.2733699223767667,,,True
349,0,-265.67695392130355,0.0,2.445334169213695,,,True
349,1,-281.0695205977462,-15.392566676442641,0.5821559739845237,0.3573358903343366,0.29423892898610243,False
349,2,-282.05880576938415,-16.3818518480806,0.07305290990977496,0.09504204383843651,0.09455980782760079,False
349,3,-281.6003798938885,-15.923425972584937,0.03198789455418949,0.039452120636856394,0.02742371245965424,False
349,4,-282.32199702812403,-16.64504310682048,0.05337162700373135,0.07940905996073928,0.07506372524117301,False
349,5,-282.3677286243587,-16.690774703055126,0.028448863333357652,0.027957744869411983,0.025090583811939182,False
349,6,-282.25667981385334,-16.57972589254979,0.04356668583535199,0.0522106453704537,0.049814265072128626,False
349,7,-281.5523719921406,-15.875418070837043,0.31567328082961327,0.3143959573045701,0.30510715769033997,False
349,8,-280.16604428548493,-14.48909036418138,0.18667665655455948,0.06949055738202596,0.06078244694165441,False
349,9,-265.67673277456936,0.00022114673419082465,2.2733699223767667,,,True
350,0,-265.67695392130355,0.0,2.445334169213695,,,True
350,1,-281.1488415785469,-15.471887657243371,0.5548262338154941,0.5458028341018443,0.4446840831174223,False
350,2,-282.065125203587,-16.38817128228345,0.06772957383849032,0.09058424846215767,0.08984152960234446,False
350,3,-281.60294196954374,-15.925988048240185,0.03237258848500618,0.03971165611448831,0.027581576063963643,False
350,4,-282.32516519962246,-16.64821127831891,0.054070148871063026,0.08012008133566764,0.07639760572680926,False
350,5,-282.37051620764635,-16.693562286342797,0.028062328453960544,0.027601204505836283,0.024843026837630844,False
350,6,-282.26439318611267,-16.58743926480912,0.04307772474255798,0.05204271342371408,0.04954870687674956,False
350,7,-281.5667197722579,-15.889765850954348,0.18051936821637754,0.18063830132144673,0.17517735054686523,False
350,8,-280.1735995893923,-14.496645668088775,0.18809171449706374,0.06668728122665876,0.05807330822395532,False
350,9,-265.67673277456936,0.00022114673419082465,2.2733699223767667,,,True
351,0,-265.67695392130355,0.0,2.445334169213695,,,True
351,1,-281.1477107712647,-15.470756849961163,1.3493871420376267,1.3443438504060587,1.1203756877015179,False
351,2,-282.0715060019217,-16.394552080618155,0.06096080024281344,0.08527202042214277,0.08422566918856475,False
351,3,-281.6057527862358,-15.928798864932276,0.03281408994186024,0.03998634836836276,0.027582887806723664,False
351,4,-282.328672682528,-16.65171876122446,0.05421317353251303,0.0802511452101693,0.07731694095537497,False
351,5,-282.3735912304422,-16.696637309138623,0.027598184425596143,0.027170372217663864,0.02453387882851936,False
351,6,-282.2731599193636,-16.596205998060043,0.04275615293578847,0.05198588382564621,0.049322540977385754,False
351,7,-281.5777739217925,-15.900820000488977,0.14707413001854175,0.14285454548446197,0.08606996901844668,False
351,8,-280.18206910218333,-14.505115180879784,0.19061739453000853,0.06797830340908638,0.060067666052668736,False
351,9,-265.67673277456936,0.00022114673419082465,2.2733699223767667,,,True
352,0,-265.67695392130355,0.0,2.445334169213695,,,True
352,1,-281.2717727670309,-15.594818845727332,0.3611831778386956,0.21352798566487868,0.18234672566863502,False
352,2,-282.07266582900525,-16.395711907701696,0.06097333711878824,0.08566048338230901,0.08414373948392229,False
352,3,-281.60628987126347,-15.92933594995992,0.032905258387165785,0.040062767528285484,0.027704409309976776,False
352,4,-282.3294841004112,-16.652530179107657,0.05342734694514683,0.0794263122784058,0.07662257756473348,False
352,5,-282.3741803416791,-16.697226420375557,0.027481847894038354,0.027061025174711612,0.02445907495171112,False
352,6,-282.27493642496074,-16.597982503657192,0.04277165049010212,0.05202512145358172,0.049296580419179975,False
352,7,-281.5818032848608,-15.904849363557275,0.08219182502564813,0.08380243575018435,0.06558508357876548,False
352,8,-280.18401104755685,-14.5070571262533,0.19181834629711775,0.07230155609265781,0.06455946923092536,False
352,9,-265.67673277456936,0.00022114673419082465,2.2733699223767667,,,True
353,0,-265.67695392130355,0.0,2.445334169213695,,,True
353,1,-281.2598357141827,-15.582881792879164,0.7371195192719078,0.6473591787331205,0.5505942562415221,False
353,2,-282.07511723368305,-16.398163312379495,0.05903849615977262,0.08509046952738544,0.08308067375411665,False
353,3,-281.6074581798023,-15.930504258498729,0.03311038658071095,0.04010472663194783,0.027733806899427345,False
353,4,-282.33124231703476,-16.654288395731214,0.05238126901512727,0.07834200295835057,0.0757067616740735,False
353,5,-282.37546661394305,-16.698512692639497,0.02724200174323045,0.026836588209135294,0.02430141618695483,False
353,6,-282.2788388243946,-16.601884903091047,0.04280306060550047,0.05209959555564234,0.04924302362486978,False
353,7,-281.58793037127856,-15.91097644997501,0.11228161150143137,0.11257404920365072,0.10627766254673938,False
353,8,-280.1877354640459,-14.510781542742336,0.19437682261501008,0.07929065898046948,0.07181659549683958,False
353,9,-265.67673277456936,0.00022114673419082465,2.2733699223767667,,,True
354,0,-265.67695392130355,0.0,2.445334169213695,,,True
354,1,-281.27416571972526,-15.59721179842171,0.6660949324003307,0.5753934582635744,0.4863132899173026,False
354,2,-282.07538415830686,-16.39843023700331,0.05846144692907062,0.0843696443428882,0.08246308291194361,False
354,3,-281.6075906265677,-15.930636705264135,0.03313598453310699,0.04007983094553652,0.027687201645545695,False
354,4,-282.3314412403146,-16.654487319011025,0.052435598170594164,0.07841704828627384,0.07576383249986765,False
354,5,-282.3756131225949,-16.698659201291377,0.027219366515065364,0.02681579708868847,0.024285527827198297,False
354,6,-282.2792863279881,-16.602332406684525,0.042805902228032267,0.05209631827771233,0.04923224243353592,False
354,7,-281.58861000500804,-15.911656083704486,0.10451943420575655,0.10485333005125605,0.0983833649565127,False
354,8,-280.18820393517905,-14.511250013875497,0.1946153395112586,0.07901048620063518,0.07155835371142286,False
354,9,-265.67673277456936,0.00022114673419082465,2.2733699223767667,,,True
355,0,-265.67695392130355,0.0,2.445334169213695,,,True
355,1,-281.29727567570194,-15.62032175439839,0.5208985123698245,0.4295671107642347,0.35757565666056007,False
355,2,-282.075915909376,-16.39896198807247,0.058583102740432484,0.08303648193019529,0.08130152158337173,False
355,3,-281.60785638024544,-15.930902458941887,0.033187650814357345,0.04003505476891249,0.02759954734053093,False
355,4,-282.3318404483342,-16.65488652703067,0.05254434764466218,0.07856539327000159,0.07587958915795445,False
355,5,-282.37590732453043,-16.69895340322688,0.02717380977031782,0.026773943691064627,0.024253485185030278,False
355,6,-282.2801861398561,-16.603232218552535,0.042810615490593736,0.05209078497975718,0.049211437808374225,False
355,7,-281.5898784848987,-15.91292456359514,0.09056971624150377,0.09098632630419815,0.08403787940580085,False
355,8,-280.1891268941246,-14.512172972821077,0.1951019329608394,0.0785323032467935,0.07112447231445082,False
355,9,-265.67673277456936,0.00022114673419082465,2.2733699223767667,,,True
356,0,-265.67695392130355,0.0,2.445334169213695,,,True
356,1,-281.3198951417944,-15.642941220490854,0.3014667809713653,0.21646247169895513,0.2095746888499938,False
356,2,-282.07671404764756,-16.399760126344006,0.05870553969345538,0.08129746215809312,0.07974342473338322,False
356,3,-281.6082601511639,-15.931306229860354,0.03326696476489351,0.03998023750318679,0.02748167396348288,False
356,4,-282.3324472170159,-16.655493295712347,0.05270685897962758,0.0787830818853697,0.07605699939835593,False
356,5,-282.3763549148245,-16.699400993520953,0.027104245046985834,0.026710014300448184,0.024204396650588034,False
356,6,-282.28155814497694,-16.60460422367339,0.042815136234181914,0.05208504015111334,0.04918196595923112,False
356,7,-281.59163390405257,-15.914679982749021,0.07350757807368576,0.07403473568400944,0.06611184837529215,False
356,8,-280.1905004171996,-14.513546495896037,0.19586281276939688,0.07801802016376773,0.07067843219780592,False
356,9,-265.67673277456936,0.00022114673419082465,2.2733699223767667,,,True
357,0,-265.67695392130355,0.0,2.445334169213695,,,True
357,1,-281.3334330792136,-15.656479157910042,0.293373854601147,0.19458197202832522,0.1864057153704132,False
357,2,-282.0777883918333,-16.40083447052973,0.05872459762218231,0.07940814095491872,0.07797881774737855,False
357,3,-281.6088133384634,-15.931859417159842,0.03337731381463136,0.03992949021777006,0.027348891857480677,False
357,4,-282.33327915584414,-16.65632523454059,0.05292019046869542,0.07906269393269141,0.07629975694679672,False
357,5,-282.37696930258255,-16.700015381279,0.02700832920573334,0.026621836847400028,0.02413641923969098,False
357,6,-282.28344745456934,-16.60649353326579,0.04281587373718371,0.05208198745475952,0.049145502365173725,False
357,7,-281.5938650920835,-15.91691117077994,0.06196747445171575,0.06259569334129064,0.06172524388263188,False
357,8,-280.19236008029145,-14.5154061589879,0.19695012535577142,0.07770770991953757,0.07046335449110872,False
357,9,-265.67673277456936,0.00022114673419082465,2.2733699223767667,,,True
358,0,-265.67695392130355,0.0,2.445334169213695,,,True
358,1,-281.337551195188,-15.660597273884434,0.28816597565497376,0.3424897338768906,0.2868097754086329,False
358,2,-282.079122218372,-16.402168297068442,0.05853170182052123,0.0775650156854652,0.07615622914498499,False
358,3,-281.6095165893734,-15.932562668069863,0.0335204890563515,0.03989842564858605,0.027218878265927147,False
358,4,-282.33433819413995,-16.657384272836396,0.053174070137517765,0.07938712908448448,0.07660596564589132,False
358,5,-282.3777522722908,-16.70079835098727,0.02688567853124602,0.026509050995105317,0.02404903881723729,False
358,6,-282.2858651386623,-16.608911217358752,0.042807150014685956,0.052084985092993086,0.049104871208439704,False
358,7,-281.5966123130104,-15.919658391706832,0.06287040566493898,0.06453538211233213,0.06172306164560938,False
358,8,-280.19473302258444,-14.517779101280894,0.19840988429562698,0.07788115769676181,0.070759412709624,False
358,9,-265.67673277456936,0.00022114673419082465,2.2733699223767667,,,True
359,0,-265.67695392130355,0.0,2.445334169213695,,,True
359,1,-281.34275223375903,-15.665798312455479,0.4404730358006557,0.49700228548887154,0.4159004235715161,False
359,2,-282.08064034381516,-16.403686422511612,0.05812954657246869,0.07576011786665116,0.07426642780980591,False
359,3,-281.61034086268677,-15.933386941383219,0.033692328646058915,0.03989512401974356,0.02710093647636632,False
359,4,-282.33558196689694,-16.65862804559339,0.05345337004030063,0.07973362767533362,0.0769654521103137,False
359,5,-282.37867262670534,-16.701718705401788,0.026741505766568727,0.026376470516512426,0.02394571762138457,False
359,6,-282.28872085731064,-16.611766936007086,0.04278190167190431,0.052096414364286435,0.04906407554404033,False
359,7,-281.59980193448314,-15.922848013179589,0.06556633007900034,0.066483477685241,0.061846688953507506,False
359,8,-280.19755721512684,-14.520603293823285,0.20022963844279684,0.07870272584510259,0.07172408040672298,False
359,9,-265.67673277456936,0.00022114673419082465,2.2733699223767667,,,True
360,0,-265.67695392130355,0.0,2.445334169213695,,,True
360,1,-281.3585276851852,-15.681573763881659,0.4337753417560214,0.48372197803288225,0.4035819564204705,False
360,2,-282.08228120192985,-16.405327280626295,0.05759559247734276,0.07386228002353021,0.07219855911680058,False
360,3,-281.61126324726774,-15.934309325964193,0.03388970891675629,0.03992152064869745,0.026995936108916,False
360,4,-282.33697746113387,-16.66002353983032,0.05374160094675932,0.0800808756028974,0.07736450740760738,False
360,5,-282.37970580638535,-16.702751885081796,0.026580320350780333,0.0262282887913891,0.023829499799160093,False
360,6,-282.29194367885134,-16.61498975754779,0.04273206683724099,0.05211671572679211,0.04902521292516396,False
360,7,-281.6033119207492,-15.926357999445656,0.06274321006703934,0.06261903460398092,0.062172061422206576,False
360,8,-280.2007812655728,-14.52382734426925,0.20240635935598483,0.08023625473622167,0.07341011627550877,False
360,9,-265.67673277456936,0.00022114673419082465,2.2733699223767667,,,True
361,0,-265.67695392130355,0.0,2.445334169213695,,,True
361,1,-281.3848348097133,-15.707880888409761,0.24134190893618962,0.28957032378619796,0.23845632404915115,False
361,2,-282.08420755327774,-16.407253631974186,0.05695609733893726,0.07151601879885819,0.06959976162376547,False
361,3,-281.6123932042959,-15.935439282992377,0.034138837166187264,0.039985929645270576,0.026892518858038086,False
361,4,-282.33869298278836,-16.66173906148481,0.05404612782997894,0.08043785652139608,0.07783018617034236,False
361,5,-282.3809760546438,-16.70402213334023,0.026384058844115536,0.02604799930522293,0.023687125624794685,False
361,6,-282.29592921617393,-16.61897529487038,0.04263552970465988,0.052147030736367374,0.0489830931287986,False
361,7,-281.6074529053269,-15.930498984023359,0.06400813247362729,0.06331221134841386,0.06289484528884025,False
361,8,-280.2048208390804,-14.527866917776862,0.2052811161066197,0.08279649913866127,0.07613367470713629,False
361,9,-265.67673277456936,0.00022114673419082465,2.2733699223767667,,,True
362,0,-265.67695392130355,0.0,2.445334169213695,,,True
362,1,-281.40676786023334,-15.729813938929794,0.16630176364585209,0.1713447097827162,0.12166050733590317,False
362,2,-282.08647898835534,-16.40952506705179,0.05630954470104364,0.06848159392399365,0.06627793832329784,False
362,3,-281.61380089255067,-15.936846971247121,0.0344603006748555,0.040099479691202304,0.02678482276880151,False
362,4,-282.34084040457054,-16.663886483266992,0.05432842417380512,0.08076041739075689,0.07834074303358651,False
362,5,-282.38256519688474,-16.70561127558119,0.02614330812813348,0.02582720362965408,0.02351141965289332,False
362,6,-282.3009481320322,-16.623994210728654,0.042451836737237146,0.05218247142907281,0.04893025684890104,False
362,7,-281.61234631827097,-15.935392396967416,0.06618403360405457,0.06479147241373243,0.06436830444627369,False
362,8,-280.20999626839784,-14.533042347094295,0.20918680729475705,0.08664921994524497,0.08013806799078592,False
362,9,-265.67673277456936,0.00022114673419082465,2.2733699223767667,,,True
363,0,-265.67695392130355,0.0,2.445334169213695,,,True
363,1,-281.4150589387867,-15.738105017483122,0.3349988990519525,0.2794391101312209,0.24205499613754758,False
363,2,-282.08915762742765,-16.412203706124103,0.05578862355669503,0.06440447019863665,0.061964121772434724,False
363,3,-281.6155844599081,-15.93863053860457,0.03488417252909205,0.04027306233511742,0.026816187635157238,False
363,4,-282.34357836809045,-16.666624446786898,0.05451123944609556,0.08096660899952694,0.07883335743676198,False
363,5,-282.3845883814565,-16.707634460152974,0.02584776982939703,0.02555700828835241,0.023294442397880474,False
363,6,-282.3073825789113,-16.63042865760775,0.04209729220795423,0.052207505469227006,0.04884881379634091,False
363,7,-281.6183324413404,-15.941378520036835,0.06969901422261988,0.0676012723397945,0.06714782389747234,False
363,8,-280.21683199003206,-14.539878068728513,0.21462224423687773,0.09185185948565583,0.0854437740806356,False
363,9,-265.67673277456936,0.00022114673419082465,2.2733699223767667,,,True
364,0,-265.67695392130355,0.0,2.445334169213695,,,True
364,1,-281.42407502060723,-15.747121099303683,0.42037613944491536,0.36492512976831165,0.3149461031222175,False
364,2,-282.0921523545403,-16.415198433236753,0.05554652401268523,0.05906244700808509,0.05644600791416922,False
364,3,-281.6177673927184,-15.940813471414856,0.03542412460971818,0.040510914895577586,0.027335178828031645,False
364,4,-282.34694937789277,-16.66999545658922,0.05448432761041935,0.08095286148055363,0.0791925894462078,False
364,5,-282.38707695489165,-16.710123033588104,0.025503566419711864,0.02524379348565785,0.023039828167685576,False
364,6,-282.3153471992481,-16.638393277944544,0.04142113847759884,0.052207052845077304,0.04872331744535762,False
364,7,-281.6256392919478,-15.948685370644228,0.07471628536013177,0.07201691628690099,0.07149641932030901,False
364,8,-280.22571856965635,-14.548764648352801,0.22181733963614864,0.0979029905850222,0.0915037154598578,False
364,9,-265.67673277456936,0.00022114673419082465,2.2733699223767667,,,True
365,0,-265.67695392130355,0.0,2.445334169213695,,,True
365,1,-281.4442879727735,-15.767334051469959,0.27907769269813665,0.21890849984457783,0.18724386081760602,False
365,2,-282.0953747776024,-16.418420856298837,0.05568213388882969,0.05530942616461746,0.04993505966038395,False
365,3,-281.6203971121364,-15.943443190832852,0.036099652031735756,0.04085157749014533,0.02807128411615696,False
365,4,-282.3510239762848,-16.674070054981257,0.05396136146110781,0.08044704270903576,0.07912418684114178,False
365,5,-282.3900886322282,-16.713134710924635,0.025117855400579987,0.024895226783038252,0.022752522440402646,False
365,6,-282.32502379676583,-16.648069875462284,0.040313198298105826,0.05214491663928489,0.04851436859660578,False
365,7,-281.63452338163086,-15.957569460327306,0.08147656292295609,0.07830071017568425,0.07765881468927491,False
365,8,-280.2373097313741,-14.560355810070575,0.2307933202385882,0.10573698975263196,0.09753440414687578,False
365,9,-265.67673277456936,0.00022114673419082465,2.2733699223767667,,,True
366,0,-265.67695392130355,0.0,2.445334169213695,,,True
366,1,-281.4554373247995,-15.778483403495954,0.20111626681066855,0.16723620105451426,0.13730902646725357,False
366,2,-282.0987935871183,-16.42183966581473,0.05627370631180615,0.05681288346579242,0.05134646543038069,False
366,3,-281.62360351088597,-15.946649589582421,0.036948385354820146,0.04139383772035317,0.02901489865324567,False
366,4,-282.3559810696333,-16.679027148329737,0.0523789291772651,0.07891226081570435,0.0780517778950348,False
366,5,-282.3937726312463,-16.716818709942743,0.024694825798631238,0.02451694492263223,0.02243697406928335,False
366,6,-282.3368479777023,-16.65989405639874,0.0398686336181005,0.051928756994967046,0.048119913279148455,False
366,7,-281.64568698759217,-15.968733066288621,0.0904923850766956,0.08683531457255497,0.08601109968296596,False
366,8,-280.2529001700309,-14.575946248727348,0.24053027961828807,0.12127905934446588,0.10185710955889374,False
366,9,-265.67673277456936,0.00022114673419082465,2.2733699223767667,,,True
367,0,-265.67695392130355,0.0,2.445334169213695,,,True
367,1,-281.45480956102233,-15.77785563971878,0.3379882150354377,0.38014631627055695,0.3198894769877773,False
367,2,-282.10219565716056,-16.425241735857014,0.0579226169671054,0.05889904235379717,0.055367156217097174,False
367,3,-281.6273517620854,-15.950397840781875,0.03795228516062384,0.042169919194878405,0.030063217156602415,False
367,4,-282.3616897011755,-16.68473577987197,0.04920510750792954,0.07585925794438499,0.07539937487443399,False
367,5,-282.3980806440667,-16.72112672276313,0.024267742640628115,0.024140704906738888,0.02212120186404767,False
367,6,-282.3505498000576,-16.673595878754043,0.03883806248450668,0.05147277008809957,0.0474329845313557,False
367,7,-281.6596927970802,-15.982738875776647,0.10100188819848623,0.09663480593661634,0.09551146910655804,False
367,8,-280.27310531234303,-14.596151391039484,0.2443979878393872,0.13000070245722964,0.106562438241127,False
367,9,-265.67673277456936,0.00022114673419082465,2.2733699223767667,,,True
368,0,-265.67695392130355,0.0,2.445334169213695,,,True
368,1,-281.4698178688583,-15.792863947554736,0.11717375304006447,0.12493606899491884,0.10603267663878717,False
368,2,-282.10513047681474,-16.428176555511186,0.06091421469554435,0.06294643811402056,0.06077291161255634,False
368,3,-281.6311382823218,-15.954184361018235,0.03895067072569713,0.042934957142759855,0.031026730826188405,False
368,4,-282.36725940116366,-16.690305479860115,0.046981018095517815,0.07181894745863358,0.0716091497474534,False
368,5,-282.4024183561178,-16.725464434814228,0.02391091811022086,0.02383202411276397,0.021863190066920425,False
368,6,-282.3641092491998,-16.687155327896278,0.037478521460470926,0.050877157952884486,0.04652832773967726,False
368,7,-281.6749474491899,-15.997993527886365,0.10958104950852564,0.10440939400589926,0.10285365731908198,False
368,8,-280.29457089737036,-14.617616976066813,0.22743037838947794,0.11328684525206552,0.08765921147353806,False
368,9,-265.67673277456936,0.00022114673419082465,2.2733699223767667,,,True
369,0,-265.67695392130355,0.0,2.445334169213695,,,True
369,1,-281.4735772317359,-15.796623310432324,0.25381913458643107,0.1947522440662756,0.1606671812116327,False
369,2,-282.1077614327687,-16.43080751146516,0.06454567591919862,0.06786774418178837,0.06662085835579189,False
369,3,-281.6349463132947,-15.957992391991127,0.03988801696518821,0.04358110540449831,0.03169435051706419,False
369,4,-282.37259759963376,-16.695643678330214,0.046706476635995135,0.06793993352368331,0.06755000146048656,False
369,5,-282.4067537446241,-16.729799823320548,0.023634474992781714,0.023598469362028515,0.021674637181043722,False
369,6,-282.37736873018946,-16.70041480888591,0.038824896273216156,0.05026083494792982,0.045469744812806065,False
369,7,-281.69155249528427,-16.01459857398072,0.1149123503150698,0.10900982985675478,0.1072104789682896,False
369,8,-280.31418912072957,-14.637235199426016,0.17743474448777535,0.06539876460879801,0.05488768874160906,False
369,9,-265.67673277456936,0.00022114673419082465,2.2733699223767667,,,True
370,0,-265.67695392130355,0.0,2.445334169213695,,,True
370,1,-281.47832351267834,-15.801369591374794,0.29849788881635153,0.2388543548590937,0.1965040617067463,False
370,2,-282.1102831417151,-16.433329220411565,0.06752960392843757,0.0719739866109896,0.07130269717992185,False
370,3,-281.63886492064114,-15.96191099933759,0.04074948733557924,0.04393114437043352,0.032139198498531085,False
370,4,-282.37773474402627,-16.70078082272272,0.04376930526889878,0.0697369525147943,0.06330133996982096,False
370,5,-282.4111810494787,-16.734227128175178,0.02344454474787304,0.02344273175545789,0.0215601352472194,False
370,6,-282.3906342294357,-16.713680308132155,0.04103402739554734,0.04988435860290082,0.044434130070083705,False
370,7,-281.70994771424137,-16.032993792937816,0.11530986403482553,0.1088270915579315,0.10686937775331307,False
370,8,-280.32845220023387,-14.651498278930319,0.11414442620127557,0.0934952276421628,0.0837858956612159,False
370,9,-265.67673277456936,0.00022114673419082465,2.2733699223767667,,,True
371,0,-265.67695392130355,0.0,2.445334169213695,,,True
371,1,-281.48875449785197,-15.811800576548421,0.1809537774612146,0.08805369495525495,0.06281731121165347,False
371,2,-282.112697825392,-16.43574390408844,0.06782239577910408,0.07326269383993798,0.07285182528706745,False
371,3,-281.64283093296103,-15.965877011657483,0.0414884243620147,0.043932697290204055,0.0324199525096501,False
371,4,-282.382516472945,-16.705562551641435,0.03925033402707067,0.07159914032807753,0.05874222486099283,False
371,5,-282.41562402155205,-16.7386701002485,0.02335522888101139,0.023369760277512894,0.02152717868647224,False
371,6,-282.4037584090763,-16.726804487772768,0.04354204226654043,0.049923536050164474,0.043586221869974094,False
371,7,-281.7295711770485,-16.052617255744963,0.11046727377633639,0.10343592075704565,0.10132389834409088,False
371,8,-280.3380458548668,-14.661091933563227,0.16798724818532004,0.17276559987361503,0.17053342953538744,False
371,9,-265.67673277456936,0.00022114673419082465,2.2733699223767667,,,True
372,0,-265.67695392130355,0.0,2.445334169213695,,,True
372,1,-281.49192187769756,-15.814967956394014,0.19055855499076926,0.19195121402899962,0.16304814146524224,False
372,2,-282.1149053613251,-16.43795144002155,0.06289244679184428,0.06990072525109334,0.06939627894692132,False
372,3,-281.6468580622258,-15.969904140922267,0.04207093773257869,0.04375631044306126,0.032835198131021426,False
372,4,-282.3869479670301,-16.709994045726546,0.03986706727907387,0.07370009154735352,0.054666328422528096,False
372,5,-282.4200894283599,-16.743135507056365,0.023365322829969903,0.02336610899300377,0.02157092050906623,False
372,6,-282.41689229057783,-16.739938369274284,0.04629654330248719,0.05022092567062688,0.042874786783928046,False
372,7,-281.7500748096684,-16.073120888364826,0.10459001611105749,0.09410747887190045,0.0919883272669072,False
372,8,-280.3494093306641,-14.672455409360566,0.1629522285325366,0.16921558452966476,0.15751946688084112,False
372,9,-265.67673277456936,0.00022114673419082465,2.2733699223767667,,,True
373,0,-265.67695392130355,0.0,2.445334169213695,,,True
373,1,-281.4990332462277,-15.822079324924175,0.11532186758783976,0.15448474510147117,0.13239775889339586,False
373,2,-282.11653054941235,-16.439576628108796,0.05015091811449379,0.06041494137435001,0.05850761880067827,False
373,3,-281.6509261848056,-15.973972263502048,0.0424817973337861,0.044921745292970675,0.03557851105163521,False
373,4,-282.39101947032657,-16.71406554902302,0.04045731494763376,0.07623419099968427,0.05616140766876774,False
373,5,-282.42454583108497,-16.74759190978142,0.02346336577585062,0.023442459355380474,0.02168278413575316,False
373,6,-282.4300704835148,-16.753116562211233,0.049182416073089694,0.050289751210340725,0.042043870427341055,False
373,7,-281.7704944822137,-16.093540560910128,0.09607393625998144,0.08191424104867429,0.07970115303256756,False
373,8,-280.36343251294466,-14.686478591641105,0.1511010724551222,0.14447178951701523,0.11751631634052495,False
373,9,-265.67673277456936,0.00022114673419082465,2.2733699223767667,,,True
374,0,-265.67695392130355,0.0,2.445334169213695,,,True
374,1,-281.50624571666617,-15.829291795362622,0.11014577863283335,0.07974955590723866,0.07717453690190958,False
374,2,-282.1170679881727,-16.44011406686917,0.04586055684104307,0.04775974847453113,0.038703462153474075,False
374,3,-281.6549943992004,-15.978040477896855,0.0427088098019341,0.0465146845656728,0.03792474474276941,False
374,4,-282.39474361648405,-16.7177896951805,0.04100926917631755,0.0793449041314509,0.05839027489001306,False
374,5,-282.4289374155184,-16.75198349421487,0.023625827705073627,0.023591429311427034,0.021854828356879474,False
374,6,-282.44323830318297,-16.766284381879416,0.05206383244021751,0.05321499632331759,0.042323028058993066,False
374,7,-281.7896719534952,-16.11271803219165,0.0816696746608363,0.07199073322239363,0.06651320434168344,False
374,8,-280.3775735992152,-14.700619677911675,0.12382927486761824,0.08249964638186576,0.06623253680060448,False
374,9,-265.67673277456936,0.00022114673419082465,2.2733699223767667,,,True
375,0,-265.67695392130355,0.0,2.445334169213695,,,True
375,1,-281.5103739966005,-15.833420075296942,0.20750870714593136,0.1520297344648021,0.12038315926454733,False
375,2,-282.1161236419473,-16.439169720643747,0.06158316657970308,0.04669204203230903,0.04534038178736238,False
375,3,-281.65913463237905,-15.9821807110755,0.04277303919497407,0.047459471971218664,0.0395336192857921,False
375,4,-282.398241827294,-16.721287905990437,0.04152634963724591,0.08315234075827065,0.06133631806103748,False
375,5,-282.43333969388493,-16.756385772581382,0.023832331423374396,0.023786037010395937,0.022071525706444113,False
375,6,-282.4566862230506,-16.77973230174706,0.05486161347086376,0.05645360493604095,0.04465129094755032,False
375,7,-281.80721401291714,-16.130260091613593,0.06837729047372684,0.06647154978964347,0.05311864422909865,False
375,8,-280.3902831997606,-14.713329278457024,0.16605049843059025,0.07553235413197495,0.059408800576635425,False
375,9,-265.67673277456936,0.00022114673419082465,2.2733699223767667,,,True
376,0,-265.67695392130355,0.0,2.445334169213695,,,True
376,1,-281.51739439552534,-15.840440474221793,0.15210195765710807,0.06507248055234163,0.04942931096959242,False
376,2,-282.113691511271,-16.436737589967436,0.08089467058264209,0.06716255241263201,0.06315097845122705,False
376,3,-281.66334969855563,-15.986395777252085,0.042731165660798855,0.047583171219087915,0.040017815079803176,False
376,4,-282.40154973170524,-16.724595810401695,0.041974202657693235,0.08760621047030308,0.06460405835814748,False
376,5,-282.4377741603524,-16.760820239048826,0.024071948384270066,0.024018158596091375,0.0223218649597766,False
376,6,-282.47047640206154,-16.793522480757986,0.057416717864229055,0.05946611405319225,0.04666408190367045,False
376,7,-281.822749585824,-16.14579566452045,0.06111520094555344,0.05959808969379686,0.043852162046818466,False
376,8,-280.40160784242977,-14.724653921126219,0.18455676141442914,0.08485068732975108,0.07143008390420247,False
376,9,-265.67673277456936,0.00022114673419082465,2.2733699223767667,,,True
377,0,-265.67695392130355,0.0,2.445334169213695,,,True
377,1,-281.52270912882875,-15.845755207525201,0.16010431736640227,0.0911867013531744,0.0791864651880646,False
377,2,-282.11043129477446,-16.433477373470907,0.09828529495910199,0.09271097714535416,0.07700353942617351,False
377,3,-281.66760653001506,-15.990652608711514,0.04266099225292393,0.046861042516760584,0.039004782423689446,False
377,4,-282.40469008367756,-16.727736162374015,0.04227540857816204,0.09253542622790999,0.06791689358058278,False
377,5,-282.4422489821651,-16.765295060861547,0.024332954899404357,0.024275801684322123,0.022592918933255338,False
377,6,-282.4845936493357,-16.807639728032143,0.05955682410593749,0.06209023071657269,0.04817604417348091,False
377,7,-281.8363302066162,-16.159376285312646,0.05214470506350065,0.05133626674824269,0.03968092246430097,False
377,8,-280.41298534584973,-14.736031424546184,0.17963037183463493,0.06678820651048417,0.05542915583764331,False
377,9,-265.67673277456936,0.00022114673419082465,2.2733699223767667,,,True
378,0,-265.67695392130355,0.0,2.445334169213695,,,True
378,1,-281.528455953165,-15.851502031861457,0.12056963867307081,0.10903059334156112,0.0932462271684164,False
378,2,-282.10732958394067,-16.43037566263712,0.10943677691709382,0.10934924429387341,0.08334854621833193,False
378,3,-281.67185557521464,-15.994901653911086,0.042658341777336746,0.04618422775056578,0.03726392677501958,False
378,4,-282.4076791875395,-16.730725266235936,0.04235899672891533,0.09765023346545738,0.07103827540748643,False
378,5,-282.4467785494809,-16.769824628177332,0.02460897241310655,0.024550049813454523,0.022877807970916774,False
378,6,-282.49898891958355,-16.822034998280003,0.06112550950214746,0.06418979058404102,0.04903270987962614,False
378,7,-281.84829921176936,-16.17134529046581,0.04432787700082806,0.04459678741455379,0.03562569202449023,False
378,8,-280.4240668677791,-14.747112946475568,0.17548329038349292,0.07770282408965085,0.06904604648852826,False
378,9,-265.67673277456936,0.00022114673419082465,2.2733699223767667,,,True
379,0,-265.67695392130355,0.0,2.445334169213695,,,True
379,1,-281.53609176293196,-15.85913784162841,0.13535998357638418,0.10080437212845743,0.06638505292719528,False
379,2,-282.1051150036911,-16.428161082387533,0.11225139681979429,0.11173138567384854,0.08084285542758943,False
379,3,-281.6760260918208,-15.999072170517252,0.042788201014391666,0.046427812825155935,0.03895133058063398,False
379,4,-282.4104984482568,-16.733544526953267,0.04399811482199663,0.10251368542372578,0.07365158210658494,False
379,5,-282.4513277551039,-16.774373833800325,0.024888260878470927,0.024826929586080265,0.023167265343976395,False
379,6,-282.5134281284072,-16.836474207103663,0.06198430050407301,0.06564108811499231,0.04916054053455791,False
379,7,-281.85900374717306,-16.182049825869512,0.04316601419659924,0.04559624477838792,0.03733247459099559,False
379,8,-280.43477593494714,-14.75782201364359,0.15715149256123484,0.07442106533723372,0.05801282978780897,False
379,9,-265.67673277456936,0.00022114673419082465,2.2733699223767667,,,True
380,0,-265.67695392130355,0.0,2.445334169213695,,,True
380,1,-281.5437333881501,-15.866779466846538,0.15376443719663177,0.11515997362109043,0.07990732348674104,False
380,2,-282.1038159470428,-16.42686202573924,0.1071960386864926,0.10108631449174701,0.0709977919910065,False
380,3,-281.6800830732395,-16.003129151935923,0.043043990788843044,0.04720254903466175,0.04082874000129895,False
380,4,-282.413147730541,-16.736193809237477,0.046665611735819255,0.10688535666184515,0.07559184848680486,False
380,5,-282.4558856448108,-16.77893172350724,0.025156084500555547,0.02509111448276165,0.023450542386077498,False
380,6,-282.5277510441675,-16.850797122863924,0.06205408109830604,0.06638312266007954,0.0485807955894808,False
380,7,-281.86889006084806,-16.19193613954451,0.041468229737345784,0.04589849107842978,0.038640076678017235,False
380,8,-280.4452197740241,-14.76826585272056,0.12096825053890949,0.041230398504017066,0.04014308624692383,False
380,9,-265.67673277456936,0.00022114673419082465,2.2733699223767667,,,True
381,0,-265.67695392130355,0.0,2.445334169213695,,,True
381,1,-281.5540298676884,-15.877075946384878,0.17638104979491254,0.13301715188235436,0.09034922481791079,False
381,2,-282.1028864048767,-16.42593248357315,0.09703032903071063,0.0832876519847214,0.05730293297989469,False
381,3,-281.6839920913385,-16.007038170034946,0.04337944359781155,0.04787886419069594,0.042370206563294585,False
381,4,-282.41562540375566,-16.738671482452105,0.04935070230240357,0.11092778710598211,0.07939908174235871,False
381,5,-282.46044031309447,-16.783486391790916,0.02540619124271253,0.02533744818080245,0.023721059431840847,False
381,6,-282.5417945379693,-16.86484061666573,0.061336348323417424,0.06643224746263024,0.04724489832407247,False
381,7,-281.87824745490116,-16.201293533597607,0.03920974706145719,0.04539222334152897,0.03901870412182832,False
381,8,-280.4549255018686,-14.777971580565065,0.10602063925035493,0.061219190644685104,0.06115342012817112,False
381,9,-265.67673277456936,0.00022114673419082465,2.2733699223767667,,,True
382,0,-265.67695392130355,0.0,2.445334169213695,,,True
382,1,-281.5665810547782,-15.889627133474676,0.2026100680752697,0.15523988467098668,0.1067500385577745,False
382,2,-282.1017821727916,-16.424828251488066,0.08501101577327388,0.06491857245477228,0.043108521925001086,False
382,3,-281.6877221207077,-16.01076819940414,0.04376151673593695,0.047992309282497723,0.04319477887009031,False
382,4,-282.4179617505629,-16.74100782925933,0.052572714702581444,0.115123267780426,0.08399796153637393,False
382,5,-282.46498036523496,-16.788026443931415,0.025641153773300594,0.025570177218136102,0.02397613147263112,False
382,6,-282.5554255715561,-16.87847165025255,0.05991863831202031,0.06587473375911967,0.045206141342154255,False
382,7,-281.8872176318272,-16.210263710523634,0.03620994503820414,0.043841168313080076,0.03824013475762497,False
382,8,-280.46419205280495,-14.787238131501397,0.10723998659793024,0.05088135843078504,0.0487539504106023,False
382,9,-265.67673277456936,0.00022114673419082465,2.2733699223767667,,,True
383,0,-265.67695392130355,0.0,2.445334169213695,,,True
383,1,-281.5820448638018,-15.905090942498248,0.23032228236470598,0.17846065909669773,0.12674726950342535,False
383,2,-282.1002492167521,-16.423295295448554,0.0735758513302174,0.05052496576427466,0.03890146089905375,False
383,3,-281.691256250759,-16.01430232945546,0.04418084943403479,0.04746058403478666,0.04324014308725831,False
383,4,-282.42022909377965,-16.743275172476103,0.056772972737561433,0.11988752724150305,0.0887315689321996,False
383,5,-282.46950827641854,-16.792554355114987,0.025873642229282727,0.025802975513788195,0.024220641396097933,False
383,6,-282.5685920885344,-16.891638167230838,0.05797012978861105,0.06486412207767871,0.04430247991904808,False
383,7,-281.89579810761416,-16.218844186310605,0.03236436683350862,0.04122651226701125,0.036545688223739936,False
383,8,-280.4731625604825,-14.796208639178928,0.10922087273416503,0.034996686536477875,0.0271501277245242,False
383,9,-265.67673277456936,0.00022114673419082465,2.2733699223767667,,,True
384,0,-265.67695392130355,0.0,2.445334169213695,,,True
384,1,-281.60186314480086,-15.924909223497309,0.25552074968603894,0.19641329755974526,0.1393775007392952,False
384,2,-282.09831368805135,-16.4213597667478,0.06374466161311784,0.04130143420527613,0.03579126749692145,False
384,3,-281.6945732582375,-16.017619336933933,0.04463155416344302,0.046503934932391335,0.04270360024917602,False
384,4,-282.42251261415197,-16.74555869284842,0.062052468849659495,0.12535975066560665,0.0937812124898383,False
384,5,-282.47401676109763,-16.79706283979408,0.0261135241447926,0.026045289736972555,0.02445960653154545,False
384,6,-282.58124346804334,-16.90428954673979,0.05572343843519156,0.06360719296872012,0.04442599074588184,False
384,7,-281.9039046820686,-16.226950760765078,0.027894558213602517,0.03787269505733941,0.0352538780956123,False
384,8,-280.4818437393044,-14.804889818000845,0.11427028781559918,0.04008639625373339,0.033936984898149454,False
384,9,-265.67673277456936,0.00022114673419082465,2.2733699223767667,,,True
385,0,-265.67695392130355,0.0,2.445334169213695,,,True
385,1,-281.62550021319714,-15.948546291893592,0.2716807627263361,0.20289161860851146,0.14051941992032077,False
385,2,-282.09610777079683,-16.419153849493284,0.05564525097058503,0.03689024496066338,0.0317148596687574,False
385,3,-281.69765857735877,-16.020704656055216,0.045104553435647676,0.04540572172176481,0.04184815006645467,False
385,4,-282.4249038617228,-16.747949940419232,0.06805524889582763,0.13137592834531975,0.09915212358860145,False
385,5,-282.478499197973,-16.801545276669458,0.026356857158033986,0.02629181097669082,0.02469007691546145,False
385,6,-282.5933652244932,-16.916411303189648,0.053384214922102054,0.06227027862052158,0.04517214356046562,False
385,7,-281.91149718667396,-16.234543265370405,0.025968464546952386,0.03548311481863111,0.03361084854594672,False
385,8,-280.49042321031055,-14.813469289007003,0.11404185851269498,0.039422056561692405,0.033993751876307786,False
385,9,-265.67673277456936,0.00022114673419082465,2.2733699223767667,,,True
386,0,-265.67695392130355,0.0,2.445334169213695,,,True
386,1,-281.6522313440571,-15.97527742275355,0.2664048227947528,0.18801851955794216,0.12820285452148303,False
386,2,-282.0937391037678,-16.416785182464253,0.04937694694417445,0.03617050657797069,0.027245323879467827,False
386,3,-281.700508182872,-16.02355426156845,0.04558764490870691,0.04491709211941919,0.040907799836736244,False
386,4,-282.42748068697824,-16.750526765674692,0.07404163232454748,0.13741196080944823,0.10474485702469902,False
386,5,-282.48295435977747,-16.806000438473916,0.026591241614841256,0.026528482733240925,0.024904121815325874,False
386,6,-282.6049777018362,-16.92802378053267,0.051121689002961136,0.060990480520579725,0.04564121563033492,False
386,7,-281.91858547128913,-16.241631549985584,0.030002705639424847,0.03607494060575483,0.03142394479474273,False
386,8,-280.4987857365311,-14.82183181522754,0.10890016565374867,0.035490416179831626,0.024657544339973747,False
386,9,-265.67673277456936,0.00022114673419082465,2.2733699223767667,,,True
387,0,-265.67695392130355,0.0,2.445334169213695,,,True
387,1,-281.67892648099473,-16.001972559691183,0.22085954779039574,0.13860719028929766,0.0948573501664979,False
387,2,-282.09125997522995,-16.414306053926396,0.04522703560934319,0.034031998215622514,0.024446759406368368,False
387,3,-281.7031308615943,-16.026176940290725,0.046076527818314644,0.04535399079633607,0.04007520583268151,False
387,4,-282.43029503229707,-16.753341110993517,0.07927678487948342,0.14287815551802371,0.11038980490808632,False
387,5,-282.4873892504453,-16.81043532914174,0.026803530581015127,0.026741008195661383,0.025093525279591397,False
387,6,-282.6161289672251,-16.93917504592156,0.049207950689745955,0.060004720203152284,0.04572766656459396,False
387,7,-281.9252316544372,-16.248277733133648,0.03269773614183597,0.037659940667705005,0.02915592485237549,False
387,8,-280.5068595873935,-14.829905666089928,0.10368907033041153,0.03317698764940896,0.02655721712345717,False
387,9,-265.67673277456936,0.00022114673419082465,2.2733699223767667,,,True
388,0,-265.67695392130355,0.0,2.445334169213695,,,True
388,1,-281.6987610484034,-16.021807127099862,0.16025492531247837,0.1264665278567511,0.11523215327661085,False
388,2,-282.0886660434645,-16.411712122160964,0.04755365269896879,0.031196453265261145,0.024417904908842637,False
388,3,-281.7055550641577,-16.028601142854143,0.04658198791549411,0.04571580979254208,0.03945261455625759,False
388,4,-282.43338907829116,-16.756435156987607,0.083279797742572,0.1473529039342619,0.11563398787174006,False
388,5,-282.4918368174338,-16.814882896130257,0.02698567216739168,0.02692105880428738,0.025253753854522297,False
388,6,-282.626929398939,-16.949975477635462,0.047743203037034464,0.05940176147185115,0.04544238766404761,False
388,7,-281.9315455478847,-16.254591626581146,0.03432883841144773,0.03612319969345835,0.03005029429139116,False
388,8,-280.5148137407409,-14.83785981943737,0.09936704401526666,0.032403479910958655,0.024079319857215075,False
388,9,-265.67673277456936,0.00022114673419082465,2.2733699223767667,,,True
389,0,-265.67695392130355,0.0,2.445334169213695,,,True
389,1,-281.7064630467565,-16.029509125452932,0.16776323119246397,0.193647855334911,0.16919876716836335,False
389,2,-282.08590738369173,-16.408953462388183,0.052948807796764474,0.029702891042372198,0.02420813661499361,False
389,3,-281.7078230619203,-16.030869140616744,0.04712921644966525,0.04604132997011576,0.0390576192981406,False
389,4,-282.4367893118251,-16.759835390521573,0.08563228112474025,0.15040463359764028,0.11979015759376548,False
389,5,-282.49636140648,-16.81940748517644,0.02713866985027696,0.0270700014455897,0.025386804763093983,False
389,6,-282.6375389757245,-16.96058505442096,0.04673016550544263,0.05919109292434726,0.04536502597718788,False
389,7,-281.93765262016245,-16.260698698858903,0.036204051101156674,0.03400531806917031,0.030946902133757108,False
389,8,-280.5227660297086,-14.845812108405028,0.0974065658742095,0.029067126930457085,0.021077960013827824,False
389,9,-265.67673277456936,0.00022114673419082465,2.2733699223767667,,,True
390,0,-265.67695392130355,0.0,2.445334169213695,,,True
390,1,-281.7071051625018,-16.03015124119827,0.2842264016751834,0.3056852593048605,0.27286647809732495,False
390,2,-282.08293398371643,-16.40598006241288,0.05836721751550326,0.029684542933770593,0.023912528651104388,False
390,3,-281.70995841626564,-16.033004494962086,0.047741819503547125,0.046339770433942065,0.03882706076695012,False
390,4,-282.4404145619925,-16.763460640688947,0.08578849100317627,0.151337525247555,0.12245721770186152,False
390,5,-282.5010053930967,-16.824051471793155,0.02727136058554435,0.027197082664048588,0.025499943388288707,False
390,6,-282.64802002443776,-16.971066103134206,0.0461726838199443,0.05938174131952598,0.046532015748403995,False
390,7,-281.94360104889245,-16.266647127588897,0.03712045775945328,0.034810019795893446,0.03191468040490141,False
390,8,-280.53073508370437,-14.853781162400821,0.09714800180348034,0.028956436106166255,0.02729346796972215,False
390,9,-265.67673277456936,0.00022114673419082465,2.2733699223767667,,,True
391,0,-265.67695392130355,0.0,2.445334169213695,,,True
391,1,-281.7122617525191,-16.03530783121556,0.30117415821243404,0.306562041534143,0.2720694707479221,False
391,2,-282.07975733107236,-16.402803409768808,0.06322581713887565,0.02999544562696262,0.02420887433415226,False
391,3,-281.71194790524123,-16.03499398393768,0.04843474926357395,0.04657898996043503,0.038665767657516024,False
391,4,-282.4439969157647,-16.76704299446118,0.08285181004877483,0.1491399699677498,0.12313810658840035,False
391,5,-282.5057324018056,-16.828778480502024,0.027383771300243477,0.02730242851766755,0.0255932088255012,False
391,6,-282.6582346942095,-16.98128077290596,0.04593441980712559,0.05985102023418692,0.04802961418707603,False
391,7,-281.94932716703437,-16.27237324573082,0.03766680326956516,0.03564214600201315,0.03292765627177063,False
391,8,-280.53870954892966,-14.86175562762611,0.09480867896314266,0.02868191437282606,0.02758899515921889,False
391,9,-265.67673277456936,0.00022114673419082465,2.2733699223767667,,,True
392,0,-265.67695392130355,0.0,2.445334169213695,,,True
392,1,-281.7248607912335,-16.047906869929932,0.19619636653041428,0.19155343344580464,0.16535038970323512,False
392,2,-282.07644109454196,-16.399487173238413,0.06719425087618405,0.030854645232284483,0.025052676945475895,False
392,3,-281.71377100442885,-16.0368170831253,0.04922803061165244,0.04672054107710976,0.03838034308489849,False
392,4,-282.4471432547142,-16.770189333410656,0.07606761613007086,0.1430118161492641,0.12109651950442375,False
392,5,-282.5104698656071,-16.833515944303542,0.027459727247640186,0.027369763414051715,0.025654669296937296,False
392,6,-282.66799359973857,-16.991039678435016,0.04568339685786082,0.060303945095679344,0.0496079389341965,False
392,7,-281.9547582375709,-16.27780431626735,0.0416273251366115,0.03647223159975781,0.03392249268928227,False
392,8,-280.5466103467031,-14.869656425399569,0.09018747148174928,0.029719664533069148,0.023443658013520025,False
392,9,-265.67673277456936,0.00022114673419082465,2.2733699223767667,,,True
393,0,-265.67695392130355,0.0,2.445334169213695,,,True
393,1,-281.73811383392444,-16.061159912620894,0.16734294964450175,0.16745991804074933,0.12573471944285827,False
393,2,-282.0730449593559,-16.39609103805236,0.07027320305893604,0.03189063144434015,0.026113006337183053,False
393,3,-281.7154306497191,-16.03847672841556,0.050155304773504494,0.04671658902556868,0.03795660491178464,False
393,4,-282.4494969238819,-16.772543002578345,0.06577216611973231,0.13349700065249615,0.11618574028606037,False
393,5,-282.5151873950942,-16.838233473790638,0.027475527203477224,0.02737541366570858,0.025667465430511186,False
393,6,-282.67722996857776,-17.000276047274212,0.04515343193484724,0.060502152431717846,0.05107244157207189,False
393,7,-281.9599045363671,-16.282950615063555,0.044717583949699206,0.03727453984553517,0.03485035183811096,False
393,8,-280.5543614885461,-14.877407567242528,0.0868543277406003,0.03161093121023136,0.024806536440068683,False
393,9,-265.67673277456936,0.00022114673419082465,2.2733699223767667,,,True
394,0,-265.67695392130355,0.0,2.445334169213695,,,True
394,1,-281.7476536865699,-16.07069976526634,0.13300581127293395,0.13300846747393677,0.10022756894315804,False
394,2,-282.0695978033501,-16.39264388204657,0.07267920652281853,0.03276874694496881,0.027099370694316942,False
394,3,-281.7169490418871,-16.03999512058357,0.05124753280362287,0.046556202466470076,0.03744627721398812,False
394,4,-282.45100110090016,-16.774047179596607,0.054187110039544385,0.1241359846159639,0.11073297928574663,False
394,5,-282.51990764787604,-16.84295372657249,0.02741574369270213,0.027303709092684425,0.025620690593940437,False
394,6,-282.6859915130189,-17.009037591715355,0.04448975123630095,0.060541300858092756,0.0524749213722503,False
394,7,-281.9648392769396,-16.287885355636035,0.04667362849884227,0.038043262429487745,0.03569925203925045,False
394,8,-280.56201069640224,-14.88505677509869,0.08529332157814867,0.03438082746076045,0.0318243686038774,False
394,9,-265.67673277456936,0.00022114673419082465,2.2733699223767667,,,True
395,0,-265.67695392130355,0.0,2.445334169213695,,,True
395,1,-281.75475880684945,-16.077804885545902,0.1872799999768867,0.17974408698838107,0.1494730107047637,False
395,2,-282.06611490051506,-16.38916097921151,0.07466717256277487,0.03343176548921699,0.02797234558433486,False
395,3,-281.7183446336265,-16.041390712322936,0.05251510460247348,0.046285410852821146,0.03730901134846911,False
395,4,-282.45168184816623,-16.77472792686268,0.05618622848555943,0.11196746257918871,0.10331590020305398,False
395,5,-282.5246596260182,-16.847705704714656,0.02728264152225925,0.027157024803357965,0.025516163494852164,False
395,6,-282.6943208455689,-17.017366924265332,0.04413604939315692,0.06076304931547901,0.05402147738401333,False
395,7,-281.96962734461624,-16.292673423312692,0.048265642667219874,0.03878435435490155,0.036482730523895335,False
395,8,-280.5696659805093,-14.892712059205735,0.08248621517252884,0.03578260184425435,0.03097362962250632,False
395,9,-265.67673277456936,0.00022114673419082465,2.2733699223767667,,,True
396,0,-265.67695392130355,0.0,2.445334169213695,,,True
396,1,-281.76182294063625,-16.0848690193327,0.1869220828703216,0.17199281932009708,0.1399440648201793,False
396,2,-282.0626146730656,-16.385660751762032,0.07644385911598983,0.03394377045381734,0.028780759018080464,False
396,3,-281.71962810060234,-16.042674179298785,0.05394913938506479,0.0460248774242125,0.03755253680615271,False
396,4,-282.4511922284513,-16.774238307147755,0.06468699020151643,0.09578249951057753,0.09157500714305643,False
396,5,-282.5294562337746,-16.852502312471074,0.027087449336309088,0.026947212038721947,0.02536194149573583,False
396,6,-282.7022268923988,-17.025272971095262,0.04430954389367515,0.06135969407080252,0.05575519022032985,False
396,7,-281.97431606992586,-16.297362148622312,0.0501430741939498,0.03949276871277141,0.03753665005874636,False
396,8,-280.5773660955731,-14.900412174269547,0.07888291736053867,0.03811557126592906,0.029467603582451082,False
396,9,-265.67673277456936,0.00022114673419082465,2.2733699223767667,,,True
397,0,-265.67695392130355,0.0,2.445334169213695,,,True
397,1,-281.7700295683429,-16.09307564703937,0.18610854204835825,0.1920858688323633,0.1258911428555012,False
397,2,-282.05911727270677,-16.38216335140322,0.0781673714870321,0.034397920609692226,0.029570578724964332,False
397,3,-281.7208091491832,-16.043855227879646,0.05552214325015201,0.045952245708865684,0.03792962319743853,False
397,4,-282.4492369446287,-16.772283023325144,0.08058420463726138,0.08606952044108977,0.07700145431410621,False
397,5,-282.5342993419592,-16.857345420655633,0.02684040779421649,0.026685645226411543,0.0258312868409064,False
397,6,-282.70971829143366,-17.03276437013011,0.04525406305204255,0.06272748896741707,0.05789314152345229,False
397,7,-281.978950487345,-16.301996566041453,0.052306820812148117,0.040834432817037566,0.03891348015683231,False
397,8,-280.58510283050543,-14.908148909201884,0.077028144862936,0.04068415297050332,0.031257969841800216,False
397,9,-265.67673277456936,0.00022114673419082465,2.2733699223767667,,,True
398,0,-265.67695392130355,0.0,2.445334169213695,,,True
398,1,-281.7789672617106,-16.10201334040704,0.16283220005247945,0.16946905663310644,0.13182620451779808,False
398,2,-282.0556415125112,-16.378687591207665,0.07993790764369425,0.03485902362176248,0.03035333229153958,False
398,3,-281.7219009491049,-16.044947027801356,0.05718478476754428,0.04624327263718172,0.03860609624550418,False
398,4,-282.4462675508538,-16.769313629550254,0.10376329866928133,0.09465337512543433,0.08220616661880975,False
398,5,-282.53918520754564,-16.862231286242093,0.026846152097028238,0.026860568278216923,0.026412781806484546,False
398,6,-282.716852786584,-17.039898865280463,0.04735475235524053,0.06550700347734553,0.0608644537479991,False
398,7,-281.98357599479857,-16.30662207349502,0.054422021019472355,0.04212228471666531,0.04025363696004214,False
398,8,-280.59289302861407,-14.915939107310521,0.07626847931114676,0.04356303314152673,0.033220615395838135,False
398,9,-265.67673277456936,0.00022114673419082465,2.2733699223767667,,,True
399,0,-265.67695392130355,0.0,2.445334169213695,,,True
399,1,-281.78698204984823,-16.110028128544684,0.10287384750760581,0.10863948709478231,0.09876522931968017,False
399,2,-282.05220387733505,-16.375249956031496,0.08177524059094814,0.0353166254590175,0.03108965746149761,False
399,3,-281.72292252079893,-16.04596859949538,0.058868283860544664,0.04700677988428637,0.03968450720398764,False
399,4,-282.4433142085678,-16.766360287264263,0.1251664247601619,0.10257399259021575,0.08639423998133763,False
399,5,-282.54410923873496,-16.86715531743141,0.027387899792012067,0.027403556845393362,0.026948466119936423,False
399,6,-282.7237114560588,-17.046757534755272,0.049782062515658615,0.06892658136254581,0.06386178493969585,False
399,7,-281.9882391832997,-16.311285261996147,0.056047752744529084,0.043254271816001576,0.04145289510275113,False
399,8,-280.6007633324204,-14.92380941111685,0.07459980323974964,0.04683452279423971,0.035414765099560465,False
399,9,-265.67673277456936,0.00022114673419082465,2.2733699223767667,,,True
400,0,-265.67695392130355,0.0,2.445334169213695,,,True
400,1,-281.79290180723126,-16.11594788592771,0.1265204769259254,0.13889284205176577,0.12141634639805239,False
400,2,-282.04881956239774,-16.37186564109419,0.08360899271950152,0.03572754340448649,0.03173213022570684,False
400,3,-281.7238979043566,-16.04694398305304,0.06049424662301739,0.04825772421405827,0.041182923173954784,False
400,4,-282.4412226038173,-16.764268682513773,0.1337043218387467,0.11220007734328057,0.0908638815222058,False
400,5,-282.54906832804085,-16.872114406737296,0.02788713358696751,0.027903491652738976,0.027433298996417405,False
400,6,-282.7303570626825,-17.053403141378965,0.05170100386465972,0.07206210530812618,0.06601953693712273,False
400,7,-281.9929834252318,-16.316029503928235,0.05682464793243545,0.04407309926087075,0.04234437770543854,False
400,8,-280.6087172850499,-14.93176336374637,0.07250915395561693,0.05058092356544708,0.037897754389501555,False
400,9,-265.67673277456936,0.00022114673419082465,2.2733699223767667,,,True
401,0,-265.67695392130355,0.0,2.445334169213695,,,True
401,1,-281.79713759567016,-16.120183674366615,0.14842378975997403,0.15346203835629224,0.12833510688279812,False
401,2,-282.04550789917937,-16.36855397787582,0.08531847677009775,0.03608469312661717,0.032713921626532534,False
401,3,-281.7248533438397,-16.047899422536148,0.06198891395846064,0.0499539804920158,0.04306300254406238,False
401,4,-282.4403529153452,-16.763398994041665,0.13180626508883733,0.11783955528082157,0.09889194908617228,False
401,5,-282.55405701945426,-16.877103098150712,0.028362583216354206,0.02837912672470298,0.027888165413102753,False
401,6,-282.7368083648797,-17.05985444357617,0.05236848527369629,0.07405010218685192,0.06665484939612776,False
401,7,-281.9978344025169,-16.32088048121335,0.05678792913273784,0.0444146188672197,0.042748350341642205,False
401,8,-280.61676130018554,-14.939807378881994,0.07141920881720662,0.05487652875497984,0.0407053834896705,False
401,9,-265.67673277456936,0.00022114673419082465,2.2733699223767667,,,True
402,0,-265.67695392130355,0.0,2.445334169213695,,,True
402,1,-281.8009653665364,-16.12401144523284,0.13058092249715775,0.1300053317307244,0.10324700814470705,False
402,2,-282.04229546043604,-16.365341539132487,0.08681438462808257,0.038002046782115814,0.03557275875416573,False
402,3,-281.7258175893565,-16.048863668052945,0.0632976038643217,0.05207105000733668,0.04529089423343316,False
402,4,-282.44065783568726,-16.76370391438371,0.12155526829128767,0.11916760908112486,0.10003226900878216,False
402,5,-282.5590655848939,-16.882111663590365,0.028858900542938017,0.028875275307553856,0.028361877181065427,False
402,6,-282.7430395607904,-17.066085639486857,0.05516783266984198,0.07446153521998,0.0655620594352769,False
402,7,-282.00279472578086,-16.32584080447731,0.0563417133327449,0.04417736117764999,0.042543963060737496,False
402,8,-280.6249283712882,-14.947974449984656,0.07142213977016293,0.05979462364926597,0.043857657299606397,False
402,9,-265.67673277456936,0.00022114673419082465,2.2733699223767667,,,True
403,0,-265.67695392130355,0.0,2.445334169213695,,,True
403,1,-281.80547181552026,-16.128517894216714,0.11881186505989047,0.11935084531097873,0.0987735036966017,False
403,2,-282.03921669362563,-16.362262772322083,0.08809720046112697,0.04120354379815214,0.038722901851866234,False
403,3,-281.7268257752305,-16.04987185392696,0.06439472087305854,0.05465131074859898,0.04788732801402919,False
403,4,-282.4418325407531,-16.764878619449576,0.10433423329899146,0.11673038086910761,0.09394114602050416,False
403,5,-282.5640839189823,-16.887129997678755,0.029435485033560783,0.02945157346292751,0.028919493205005187,False
403,6,-282.7490099969863,-17.072056075682724,0.05846740432640093,0.07352337231146908,0.0631095852221977,False
403,7,-282.00785096921413,-16.330897047910582,0.05589924561471049,0.043394171743073987,0.041745151535192565,False
403,8,-280.63325587780724,-14.956301956503694,0.07748584388044515,0.06542892472663904,0.04738668510047334,False
403,9,-265.67673277456936,0.00022114673419082465,2.2733699223767667,,,True
404,0,-265.67695392130355,0.0,2.445334169213695,,,True
404,1,-281.81084526271314,-16.133891341409594,0.09448822378528013,0.09503720940569967,0.06843535025362454,False
404,2,-282.03631224132295,-16.359358320019396,0.08925850992530462,0.044717636091008706,0.04218675910586974,False
404,3,-281.7279223653486,-16.050968444045054,0.06528691061616404,0.0577831735071049,0.05092416932832858,False
404,4,-282.44351068905587,-16.76655676775232,0.08056765674452954,0.11263070957252187,0.08119930533267233,False
404,5,-282.56910700139326,-16.892153080089713,0.03014252800799663,0.030158400774162982,0.02961660803434457,False
404,6,-282.7546968569352,-17.077742935631647,0.0614064372077978,0.07171393608515439,0.05983618616545232,False
404,7,-282.01298621976355,-16.336032298459997,0.055673637810777596,0.04227068536250319,0.040546117360016676,False
404,8,-280.6417798666791,-14.964825945375537,0.08449100778072827,0.07191293794259737,0.05136443370897226,False
404,9,-265.67673277456936,0.00022114673419082465,2.2733699223767667,,,True
405,0,-265.67695392130355,0.0,2.445334169213695,,,True
405,1,-281.8162148375518,-16.139260916248247,0.0610609972205852,0.0627743999214618,0.06022338079085457,False
405,2,-282.03362764354665,-16.3566737222431,0.09043553173242687,0.04861325767828119,0.04604063392518377,False
405,3,-281.7291642769215,-16.052210355617945,0.06599925026988378,0.0615384834972245,0.054452425783220446,False
405,4,-282.4454562550968,-16.768502333793265,0.08239840658897232,0.11068365796961747,0.08841707627919854,False
405,5,-282.57413913238986,-16.89718521108631,0.030994740246406985,0.031236865541589838,0.030470898724003475,False
405,6,-282.76010092585545,-17.083147004551904,0.06413889564361124,0.06920597387386712,0.05596169542191478,False
405,7,-282.018191874438,-16.341237953134453,0.05569861870544274,0.041739590263372026,0.039304957369372034,False
405,8,-280.6505686763915,-14.973614755087965,0.0926040799751635,0.07942881705967161,0.05591464690236003,False
405,9,-265.67673277456936,0.00022114673419082465,2.2733699223767667,,,True
406,0,-265.67695392130355,0.0,2.445334169213695,,,True
406,1,-281.8205392196397,-16.143585298336177,0.05586262750320612,0.05555317869456001,0.04991359020727793,False
406,2,-282.03121386310295,-16.3542599417994,0.09174407004566514,0.0529924545245923,0.050387726265629366,False
406,3,-281.73062376520204,-16.05366984389849,0.06649010293165063,0.06618774627518194,0.058433464096404666,False
406,4,-282.44762307506664,-16.770669153763095,0.08399745760549025,0.11451377790685478,0.09792162529735318,False
406,5,-282.5791943521933,-16.902240430889776,0.03221798162821611,0.0324720247950114,0.031449718963989466,False
406,6,-282.76523317404747,-17.088279252743916,0.06694774020308122,0.06596732724848393,0.05146267665925289,False
406,7,-282.0234697769635,-16.34651585565996,0.05588728583961617,0.041822980021681166,0.03856532211775946,False
406,8,-280.65973986322547,-14.982785941921918,0.10203660752096316,0.0881991675938854,0.06119602984490384,False
406,9,-265.67673277456936,0.00022114673419082465,2.2733699223767667,,,True
407,0,-265.67695392130355,0.0,2.445334169213695,,,True
407,1,-281.8238685480136,-16.146914626710043,0.1003410500411596,0.09970459043911795,0.08847198558833654,False
407,2,-282.02912956142643,-16.35217564012288,0.09322476816679634,0.05792314936084647,0.0552858105160966,False
407,3,-281.73237419705123,-16.05542027574768,0.06680254093778475,0.0715767576248615,0.06274515997564417,False
407,4,-282.4501514362729,-16.773197514969354,0.08472365735956243,0.12435698167532637,0.10559740494949965,False
407,5,-282.5842913369455,-16.907337415641962,0.033755736705706474,0.03398626795226875,0.03249891393433509,False
407,6,-282.77010803006203,-17.093154108758483,0.07018868380256636,0.06272313406319999,0.05120846701605465,False
407,7,-282.02882613985764,-16.351872218554092,0.056131985818047694,0.04192789865856826,0.03852490579390454,False
407,8,-280.6694353820925,-14.992481460788952,0.11301702093683108,0.09844872524550255,0.06735042310066204,False
407,9,-265.67673277456936,0.00022114673419082465,2.2733699223767667,,,True
408,0,-265.67695392130355,0.0,2.445334169213695,,,True
408,1,-281.8272184065619,-16.150264485258333,0.11855406779128505,0.11793458538248097,0.10567234765274049,False
408,2,-282.027443704907,-16.35048978360345,0.09484407798465193,0.06341258294842594,0.060727488221489115,False
408,3,-281.734472021199,-16.057518099895447,0.06700564436980835,0.07673290594354337,0.06719434666160658,False
408,4,-282.4533174860277,-16.776363564724136,0.08469988566905437,0.1361003000732823,0.11087515800699815,False
408,5,-282.5894429820364,-16.912489060732867,0.03558210146245616,0.03579040849295817,0.03383039588884191,False
408,6,-282.77475868654426,-17.09780476524071,0.07421018942426906,0.06735032212981877,0.05577779114058925,False
408,7,-282.03426432350875,-16.3573104022052,0.056428077043960086,0.04209319604522251,0.038553364952298524,False
408,8,-280.6798002949289,-15.002846373625346,0.12573954444737004,0.11034792221011834,0.07445167883030825,False
408,9,-265.67673277456936,0.00022114673419082465,2.2733699223767667,,,True
409,0,-265.67695392130355,0.0,2.445334169213695,,,True
409,1,-281.83118878071565,-16.1542348594121,0.10012439332210414,0.0991951324583383,0.09107429676029369,False
409,2,-282.0262356632878,-16.34928174198427,0.09653910966928429,0.06946805484960543,0.06671236421313238,False
409,3,-281.7369421740733,-16.059988252769756,0.06717889885658765,0.0810230908145505,0.07160517792631967,False
409,4,-282.45741386066237,-16.78045993935882,0.09594056160364647,0.14436722094324514,0.11327381857635008,False
409,5,-282.5946538856997,-16.91769996439615,0.03768838654760086,0.037876778515088534,0.03596161816383611,False
409,6,-282.77926259328285,-17.1023086719793,0.07927614176178109,0.07280306470721802,0.06140889895371518,False
409,7,-282.0397872914392,-16.36283337013566,0.056850587638716144,0.04239335724508692,0.038904475442523345,False
409,8,-280.69100128063593,-15.01404735933238,0.1403246722711367,0.12397319592403916,0.08249409871050331,False
409,9,-265.67673277456936,0.00022114673419082465,2.2733699223767667,,,True
410,0,-265.67695392130355,0.0,2.445334169213695,,,True
410,1,-281.8354593881785,-16.158505466874942,0.08137869108391138,0.08533620490070444,0.06795068765107203,False
410,2,-282.0255911248745,-16.348637203570945,0.09825220704709718,0.07614867597774085,0.07329954310637624,False
410,3,-281.73976248327665,-16.0628085619731,0.06742111550781514,0.08413939252273697,0.07588783688516096,False
410,4,-282.462606143289,-16.78565222198546,0.10602634153669757,0.14640395693489477,0.11277286021906625,False
410,5,-282.5999253873774,-16.922971466073875,0.040061431824334304,0.0402321803720559,0.038326300594163344,False
410,6,-282.7837713661412,-17.106817444837645,0.08561074982081802,0.07923830640014659,0.06827255336538744,False
410,7,-282.0454024233255,-16.368448502021977,0.05742047977345407,0.04291380135367064,0.039521869668311935,False
410,8,-280.70325047792835,-15.0262965566248,0.15677428470105337,0.13926705419371807,0.09335376871679901,False
410,9,-265.67673277456936,0.00022114673419082465,2.2733699223767667,,,True
411,0,-265.67695392130355,0.0,2.445334169213695,,,True
411,1,-281.8395424891745,-16.162588567870955,0.075906987796093,0.08021372338410868,0.06257749996718025,False
411,2,-282.0255956853586,-16.34864176405506,0.09993871944159079,0.08354611645704595,0.08058014738652398,False
411,3,-281.74284605824755,-16.065892136944,0.06785045269310314,0.08808638870578513,0.08002927643763819,False
411,4,-282.46889012855206,-16.79193620724851,0.11198142041452498,0.1434480299716747,0.11049145723327157,False
411,5,-282.6052592304861,-16.928305309182576,0.04268927711225153,0.04284392291117977,0.04090902950965004,False
411,6,-282.7884908877185,-17.111536966414974,0.09341783445089578,0.08689641223884388,0.07657927436984012,False
411,7,-282.0511192536062,-16.374165332302653,0.05805218436688224,0.04370731330293268,0.03990253397129913,False
411,8,-280.7168025648849,-15.039848643581365,0.17488510332202858,0.15596251224281696,0.1066112748843107,False
411,9,-265.67673277456936,0.00022114673419082465,2.2733699223767667,,,True
412,0,-265.67695392130355,0.0,2.445334169213695,,,True
412,1,-281.8433192038824,-16.16636528257885,0.0634396182117704,0.06721944516204659,0.05194061001727153,False
412,2,-282.02632854980817,-16.34937462850462,0.10662608679081349,0.09175339361246017,0.08863899589864398,False
412,3,-281.74603297898875,-16.0690790576852,0.06859116668528684,0.09174977164056183,0.08403131298017247,False
412,4,-282.47618142281897,-16.799227501515418,0.1126373544187097,0.1393470169041205,0.10824878477092195,False
412,5,-282.6106576830418,-16.93370376173823,0.04555615430025067,0.045695391845610604,0.04369715417634449,False
412,6,-282.79362918375534,-17.116675262451793,0.1028921774644517,0.09605252636842203,0.08658627953072542,False
412,7,-282.05694246041935,-16.3799885391158,0.05861432591902571,0.044758826057658616,0.04089236880783686,False
412,8,-280.7319355219165,-15.054981600612962,0.1941279890407574,0.17347590893078724,0.120570510060826,False
412,9,-265.67673277456936,0.00022114673419082465,2.2733699223767667,,,True
413,0,-265.67695392130355,0.0,2.445334169213695,,,True
413,1,-281.8468459883058,-16.16989206700225,0.0773618948258198,0.07710980332153265,0.05699152081569671,False
413,2,-282.02785297312164,-16.35089905181809,0.11609921572719933,0.10085699372643246,0.09754350283311286,False
413,3,-281.749110809629,-16.072156888325424,0.06974812461302629,0.09505819635821287,0.08786349160616924,False
413,4,-282.48439222243906,-16.807438301135505,0.10708354090167288,0.13796723092380916,0.106984374637736,False
413,5,-282.6161231199963,-16.939169198692753,0.0486315783673381,0.04875546047298487,0.046663231830534876,False
413,6,-282.79938721804746,-17.122433296743907,0.11420274888540738,0.10694144846951897,0.09855365352359914,False
413,7,-282.0628676951467,-16.38591377384313,0.058986915538072414,0.04597924454644394,0.04203401201898934,False
413,8,-280.74892881619684,-15.071974894893287,0.2135272157581173,0.19079765196900647,0.134373757708925,False
413,9,-265.67673277456936,0.00022114673419082465,2.2733699223767667,,,True
414,0,-265.67695392130355,0.0,2.445334169213695,,,True
414,1,-281.85012567806405,-16.173171756760496,0.07252912474005874,0.07270954436155205,0.057520769033621265,False
414,2,-282.030213726997,-16.353259805693426,0.12651865616307229,0.110898397755022,0.10730745965323082,False
414,3,-281.75187470463845,-16.074920783334903,0.07138207762079894,0.09784212314899557,0.09142615097544951,False
414,4,-282.49341188429787,-16.81645796299432,0.09531161086799415,0.14192062661246896,0.10626790214259507,False
414,5,-282.62165854584373,-16.94470462454018,0.051864788706840706,0.05197297149398306,0.04975536696448626,False
414,6,-282.8059643557228,-17.12901043441923,0.12743933745277433,0.11964891630436247,0.11265114102800088,False
414,7,-282.0688819235944,-16.391928002290854,0.059074041710251816,0.047226716887539356,0.0431696779443915,False
414,8,-280.7680247870619,-15.091070865758354,0.2316310605654057,0.20647025946114494,0.14670867131442603,False
414,9,-265.67673277456936,0.00022114673419082465,2.2733699223767667,,,True
415,0,-265.67695392130355,0.0,2.445334169213695,,,True
415,1,-281.85316674270035,-16.176212821396803,0.05752473065554495,0.05956823846453359,0.04770640889012675,False
415,2,-282.03343905693316,-16.35648513562961,0.13769548495852338,0.1217197084048055,0.11773086944896315,False
415,3,-281.7542129874306,-16.077259066127056,0.07784718000238444,0.09980724178104343,0.09449261381106092,False
415,4,-282.5030899769238,-16.826136055620225,0.09453021911607559,0.15199836501439018,0.10775874245413122,False
415,5,-282.6272680416162,-16.95031412031267,0.05519080354459258,0.05528265230428454,0.052903687579495366,False
415,6,-282.81356232566253,-17.13660840435898,0.14250907307421368,0.13393094741477504,0.12882748309422828,False
415,7,-282.0749657572296,-16.39801183592607,0.05881891444891375,0.04834057004013059,0.04413133107143764,False
415,8,-280.7893545450478,-15.112400623744236,0.24628492402816718,0.21838544835469845,0.15563626982235973,False
415,9,-265.67673277456936,0.00022114673419082465,2.2733699223767667,,,True
416,0,-265.67695392130355,0.0,2.445334169213695,,,True
416,1,-281.85607090093896,-16.17911697963541,0.0610862962962454,0.0638184079825459,0.045528418345343824,False
416,2,-282.03752568453484,-16.36057176323129,0.149023607732494,0.13274284525044355,0.12818576754384883,False
416,3,-281.75617948521824,-16.07922556391469,0.09986897371013087,0.1006172862750861,0.09670199275699465,False
416,4,-282.5132767757195,-16.836322854415926,0.1125160332000904,0.1661362100863425,0.13009461094009747,False
416,5,-282.6329565430374,-16.95600262173383,0.0585482535672205,0.058622767576830895,0.056042223770347836,False
416,6,-282.8223942889574,-17.145440367653862,0.15896307987354086,0.14892429923080072,0.1466329369944114,False
416,7,-282.0810961853716,-16.40414226406807,0.05822348995248382,0.049172460930633294,0.04477251218839255,False
416,8,-280.8128063205105,-15.135852399206954,0.25410851614119273,0.22331429514419707,0.15816641005622645,False
416,9,-265.67673277456936,0.00022114673419082465,2.2733699223767667,,,True
417,0,-265.67695392130355,0.0,2.445334169213695,,,True
417,1,-281.8589685159267,-16.182014594623126,0.0649924251724806,0.06777111236611254,0.04897313503047284,False
417,2,-282.0424321755421,-16.365478254238553,0.15934994093616567,0.14285256604754754,0.13751843602362124,False
417,3,-281.75799880147804,-16.08104488017449,0.12250154301894897,0.10967751027553284,0.09764764343345536,False
417,4,-282.5238561159137,-16.846902194610152,0.13553247350348613,0.17933069107563335,0.1468165713453865,False
417,5,-282.6387306697501,-16.96177674844654,0.06190564469707833,0.061961242969087595,0.05914059788117946,False
417,6,-282.8326781526062,-17.155724231302656,0.1757685554709744,0.16599130832992412,0.1649810329021683,False
417,7,-282.0872499635959,-16.410296042292373,0.05733806208113517,0.04960570084638797,0.04498589961393435,False
417,8,-280.8378280068149,-15.160874085511352,0.24985060308231358,0.21635968218552593,0.14946951288538612,False
417,9,-265.67673277456936,0.00022114673419082465,2.2733699223767667,,,True
418,0,-265.67695392130355,0.0,2.445334169213695,,,True
418,1,-281.86191017491365,-16.184956253610096,0.06923645624320934,0.07145083056238602,0.05191098167353708,False
418,2,-282.0480797357494,-16.37112581444586,0.1671150945623046,0.15054970838246987,0.1442166746860065,False
418,3,-281.7599806198298,-16.083026698526226,0.1400727100279645,0.12647003604197218,0.09695999842172524,False
418,4,-282.5347663089677,-16.857812387664126,0.14861430530287273,0.18628075040348271,0.15438102811936047,False
418,5,-282.64460283148117,-16.967648910177616,0.0652874754747433,0.06532191429615097,0.062234536137653874,False
418,6,-282.8445901096263,-17.167636188322774,0.1911249223492286,0.18311281831514994,0.181920176513204,False
418,7,-282.0934077724776,-16.416453851174026,0.05622682218518721,0.049562707216544793,0.04470801649656582,False
418,8,-280.86315828490854,-15.186204363604986,0.22665589487154386,0.19143407772329352,0.12284760493365278,False
418,9,-265.67673277456936,0.00022114673419082465,2.2733699223767667,,,True
419,0,-265.67695392130355,0.0,2.445334169213695,,,True
419,1,-281.8648588387544,-16.18790491745085,0.07376629970571892,0.07493597771245336,0.054261241231301195,False
419,2,-282.0543592039017,-16.377405282598147,0.17072929604346887,0.15432284982755567,0.14678575443002614,False
419,3,-281.7623828038145,-16.08542888251094,0.14883102153707223,0.1367630500374744,0.10258734993558913,False
419,4,-282.5459460114988,-16.868992090195263,0.14841587837255923,0.1832616693954609,0.15040676489651442,False
419,5,-282.65059346102436,-16.973639539720807,0.06879132565951401,0.06880195760573932,0.06544412314319505,False
419,6,-282.85818587191403,-17.18123195061048,0.20258448112494573,0.1967088063195761,0.19464926275848357,False
419,7,-282.0995584659021,-16.422604544598528,0.05494588876578831,0.04900346807879514,0.04391494107192288,False
419,8,-280.8866345288613,-15.209680607557743,0.1791639820747065,0.14524435711718867,0.09391807373462667,False
419,9,-265.67673277456936,0.00022114673419082465,2.2733699223767667,,,True
420,0,-265.67695392130355,0.0,2.445334169213695,,,True
420,1,-281.86777498019245,-16.1908210588889,0.07851190809458274,0.07836145942638409,0.05612176121580224,False
420,2,-282.06114907350593,-16.38419515220238,0.16885352825865838,0.15291048972679638,0.14400143918998545,False
420,3,-281.76531031091224,-16.08835638960869,0.14725632979323097,0.13876064249765271,0.10269310948248854,False
420,4,-282.5572448338091,-16.88029091250553,0.13419068949021098,0.16941958960177875,0.1344824666202017,False
420,5,-282.6567355064334,-16.979781585129842,0.07257764050226657,0.07256194972059933,0.06895662993146169,False
420,6,-282.8733258216623,-17.19637190035877,0.2077439073175817,0.2044245620182327,0.20005693471726252,False
420,7,-282.105702470658,-16.428748549354452,0.053545345152881174,0.047977132975907034,0.04267873809643528,False
420,8,-280.9053848554597,-15.228430934156165,0.12248896359034342,0.12188636370281676,0.1091658971485969,False
420,9,-265.67673277456936,0.00022114673419082465,2.2733699223767667,,,True
421,0,-265.67695392130355,0.0,2.445334169213695,,,True
421,1,-281.8706909835961,-16.19373706229254,0.08342751292017996,0.08191747829664746,0.057739382634386806,False
421,2,-282.06831070290355,-16.391356781599995,0.16040232257036335,0.14529506519736515,0.13486870728443032,False
421,3,-281.7686868256675,-16.091732904363937,0.13593618791685624,0.132944586325798,0.094754985550195,False
421,4,-282.5683931423498,-16.891439221046255,0.10794122465238702,0.14720928145985882,0.10825535241066792,False
421,5,-282.6630775045527,-16.98612358324914,0.07682981755798524,0.07678592665150796,0.07297097752827632,False
421,6,-282.88960018530645,-17.2126462640029,0.20511641750111007,0.20483823619127736,0.19547567647205358,False
421,7,-282.1118535871496,-16.434899665846046,0.052075738717611446,0.04657374860752007,0.04111254253399026,False
421,8,-280.9171754415008,-15.240221520197224,0.149509040553125,0.15822068686973742,0.13415649112545808,False
421,9,-265.67673277456936,0.00022114673419082465,2.2733699223767667,,,True
422,0,-265.67695392130355,0.0,2.445334169213695,,,True
422,1,-281.87370299241326,-16.196749071109707,0.08850826852042847,0.08582054176825278,0.05944441202565449,False
422,2,-282.0756178627415,-16.398663941437974,0.14450505194992408,0.13071313509287363,0.11853692097936014,False
422,3,-281.7722994877083,-16.095345566404774,0.11707822640124545,0.12144581067417458,0.09034378686776845,False
422,4,-282.57904723329125,-16.9020933119877,0.08598830866180947,0.12239579049797258,0.09603333443832544,False
422,5,-282.66967777272885,-16.992723851425296,0.08170287739166014,0.08162983928403804,0.07763238594736271,False
422,6,-282.90630596783166,-17.229352046528106,0.19408145298286375,0.19744468668477708,0.1786240203708337,False
422,7,-282.1180299639648,-16.441076042661223,0.05058321906060762,0.04483197266600013,0.03926087179890014,False
422,8,-280.9226550664523,-15.245701145148757,0.26173516817245657,0.27274556575370534,0.24231983933330536,False
422,9,-265.67673277456936,0.00022114673419082465,2.2733699223767667,,,True
423,0,-265.67695392130355,0.0,2.445334169213695,,,True
423,1,-281.87690386966835,-16.199949948364804,0.09376958284188786,0.09025483981245687,0.0615557846155473,False
423,2,-282.0827192596739,-16.405765338370372,0.12516164554845968,0.10918545168301964,0.09461737550801007,False
423,3,-281.77589324748106,-16.098939326177515,0.0937193869790148,0.10721719148924246,0.08766396212986455,False
423,4,-282.5888903258885,-16.911936404584935,0.08234954482351493,0.10375660017930236,0.09605018868759921,False
423,5,-282.6765903007464,-16.999636379442848,0.0872857016623386,0.08718384750395083,0.08299679423006201,False
423,6,-282.9223972244899,-17.245443303186335,0.17345267733446396,0.18140860522473787,0.14563252798245802,False
423,7,-282.12424068980533,-16.447286768501783,0.04909956291577823,0.042798356232349836,0.03879018203167248,False
423,8,-280.92614464385224,-15.24919072254869,0.36309645880157,0.36809976483616635,0.33088202979978476,False
423,9,-265.67673277456936,0.00022114673419082465,2.2733699223767667,,,True
424,0,-265.67695392130355,0.0,2.445334169213695,,,True
424,1,-281.8803361549668,-16.203382233663262,0.09921489624616397,0.09532866385422442,0.06431442196952233,False
424,2,-282.0891976243379,-16.412243703034335,0.126888016226586,0.09414338840569647,0.09247112569115333,False
424,3,-281.7792651644026,-16.102311243099052,0.09148478574861457,0.0933387673444405,0.0801204930348985,False
424,4,-282.597737584593,-16.920783663289455,0.07703439899373127,0.10002741879620067,0.09499884453558485,False
424,5,-282.6838573673101,-17.00690344600656,0.09355625400766909,0.0934272593608328,0.08899516308733449,False
424,6,-282.9363536102626,-17.259399688959036,0.15189409553340755,0.15824315884491738,0.12549520104217216,False
424,7,-282.13048192295787,-16.45352800165432,0.047644807812907565,0.04282116474172872,0.040951475711087384,False
424,8,-280.933145127432,-15.256191206128449,0.4045033514721858,0.4037041010169541,0.3625049258391785,False
424,9,-265.67673277456936,0.00022114673419082465,2.2733699223767667,,,True
425,0,-265.67695392130355,0.0,2.445334169213695,,,True
425,1,-281.88399545067307,-16.20704152936952,0.10482331754234873,0.10106729116641279,0.06786402567131565,False
425,2,-282.09470773135456,-16.41775381005101,0.12633028255369402,0.09395530029448448,0.09251375520052166,False
425,3,-281.7823124018469,-16.105358480543373,0.09086378631910216,0.08261044182247619,0.07977954917048533,False
425,4,-282.60559616713306,-16.928642245829508,0.06999470903006433,0.11121708344899331,0.09262908279145068,False
425,5,-282.6915169922914,-17.014563070987833,0.100398169000646,0.10024535131142226,0.09546105142619483,False
425,6,-282.94620270784276,-17.269248786539208,0.17692262694817407,0.17786989502256634,0.14916258546083827,False
425,7,-282.13674708110597,-16.459793159802416,0.04624139839909361,0.044541429323925054,0.04300387037971978,False
425,8,-280.946461212337,-15.269507291033449,0.3699900460326881,0.3664533031635136,0.32662792311351907,False
425,9,-265.67673277456936,0.00022114673419082465,2.2733699223767667,,,True
426,0,-265.67695392130355,0.0,2.445334169213695,,,True
426,1,-281.8878618304041,-16.21090790910057,0.11055366395904608,0.10741620810707107,0.07223705450975632,False
426,2,-282.09909757376363,-16.42214365246008,0.12258760182499572,0.10940540688013489,0.1093447060950356,False
426,3,-281.7850327349909,-16.10807881368737,0.08979475178756913,0.08328190152371004,0.08211380359864409,False
426,4,-282.61266710411337,-16.93571318280982,0.09802882218311884,0.12795302237545275,0.08922349599843667,False
426,5,-282.6996170184735,-17.022663097169925,0.10763711144827766,0.10746617290927288,0.10217362466780895,False
426,6,-282.9503390525365,-17.273385131232942,0.2732408963496186,0.23846653119143604,0.21924932707721123,False
426,7,-282.1430422321071,-16.46608831080357,0.04492215409431495,0.0460566751804518,0.04474818038953479,False
426,8,-280.9645694743057,-15.287615553002126,0.27404565678965165,0.2714430633455835,0.23595715873475187,False
426,9,-265.67673277456936,0.00022114673419082465,2.2733699223767667,,,True
427,0,-265.67695392130355,0.0,2.445334169213695,,,True
427,1,-281.89192869587913,-16.21497477457558,0.11634121387179464,0.11422961760682933,0.07731893864991404,False
427,2,-282.1024298506169,-16.425475929313336,0.12259799976491143,0.12197290696816696,0.12189218604158604,False
427,3,-281.78749358527216,-16.11053966396861,0.08853991802336124,0.0870316353147265,0.08513419517243437,False
427,4,-282.6192645208669,-16.94231059956337,0.11858487119736484,0.14112318523914455,0.08574293199367511,False
427,5,-282.70821936552136,-17.03126544421781,0.11510651215803928,0.11492687595838173,0.10893639456508153,False
427,6,-282.949232332995,-17.272278411691445,0.40343634479589174,0.36256464646736236,0.33376054913321995,False
427,7,-282.14938906967245,-16.472435148368902,0.04372407498322106,0.0472263333215598,0.04604881031938196,False
427,8,-280.98353206622716,-15.306578144923606,0.2082103655591511,0.2081489960417986,0.16882227144462797,False
427,9,-265.67673277456936,0.00022114673419082465,2.2733699223767667,,,True
428,0,-265.67695392130355,0.0,2.445334169213695,,,True
428,1,-281.8962101228753,-16.21925620157174,0.12207583800606846,0.12125263981758039,0.08282239437102723,False
428,2,-282.1048895558355,-16.427935634531934,0.12540875998344103,0.12476105443501201,0.12466155219033685,False
428,3,-281.78978058243683,-16.112826661133283,0.08738553884469821,0.09139808911813276,0.08776198982272058,False
428,4,-282.62566383669474,-16.94870991539119,0.12833075471485947,0.1459239348042099,0.09052565986024727,False
428,5,-282.7173841192517,-17.040430197948126,0.12275709917965258,0.1225830568775318,0.11571198692262513,False
428,6,-282.9461869068658,-17.26923298556227,0.4952044277706505,0.44813959494078237,0.40717193041277205,False
428,7,-282.15581271950543,-16.478858798201884,0.042675948313292675,0.04799491882231546,0.04686355780370263,False
428,8,-281.00020515545776,-15.323251234154213,0.19056826138174743,0.1902806919580645,0.14822878023315325,False
428,9,-265.67673277456936,0.00022114673419082465,2.2733699223767667,,,True
429,0,-265.67695392130355,0.0,2.445334169213695,,,True
429,1,-281.9007343261284,-16.223780404824822,0.1275849769804804,0.12813395666058947,0.08833984505291487,False
429,2,-282.10667654370695,-16.429722622403403,0.11712492517918008,0.11646879067728876,0.11637805344697025,False
429,3,-281.79195465532393,-16.115000734020384,0.0865214256233263,0.09478171437973648,0.08887073829850903,False
429,4,-282.63199426818096,-16.95504034687741,0.12789570835568911,0.14132246691777864,0.08644802949401975,False
429,5,-282.7271565014405,-17.050202580136954,0.13079543671078558,0.13064594799467108,0.12278723580703714,False
429,6,-282.94507411574597,-17.268120194442417,0.5143864844230924,0.46195775177287807,0.4060839545244657,False
429,7,-282.16232937310076,-16.48537545179721,0.041792692641730474,0.04838738565391466,0.04723194253897958,False
429,8,-281.01378185827934,-15.336827936975794,0.16484331047701734,0.16444860345758633,0.11247847188060535,False
429,9,-265.67673277456936,0.00022114673419082465,2.2733699223767667,,,True
430,0,-265.67695392130355,0.0,2.445334169213695,,,True
430,1,-281.90553645651414,-16.22858253521059,0.13264037156320724,0.1344636042365254,0.09343519670209639,False
430,2,-282.1079541109379,-16.431000189634346,0.11198731441015412,0.09756584234650847,0.09749317157780908,False
430,3,-281.7940429055668,-16.117088984263262,0.08580554000571274,0.09557949424389822,0.08747774891620999,False
430,4,-282.6382523233094,-16.961298402005866,0.12026079608478767,0.12889200820674207,0.07777665849501661,False
430,5,-282.7375831142532,-17.060629192949648,0.13970413174557106,0.13960054466387936,0.13078983631984517,False
430,6,-282.94695182112105,-17.269997899817497,0.45906880893189,0.40317344689554563,0.325227663588602,False
430,7,-282.16894896503527,-16.49199504373172,0.04166281822812214,0.04847770503560481,0.04724107463444787,False
430,8,-281.02526242542365,-15.348308504120098,0.21628286025249188,0.20977830731813274,0.16810645140342687,False
430,9,-265.67673277456936,0.00022114673419082465,2.2733699223767667,,,True
431,0,-265.67695392130355,0.0,2.445334169213695,,,True
431,1,-281.9106502806459,-16.233696359342332,0.13697490706934443,0.1398136827349196,0.09770971541519517,False
431,2,-282.1088290470067,-16.43187512570313,0.11263885646718678,0.08799757219248901,0.07631597745467648,False
431,3,-281.7960324565978,-16.11907853529425,0.08522051431557173,0.09282445665209071,0.08306331214972924,False
431,4,-282.6443843493739,-16.967430428070372,0.11048141282264973,0.1122350550705247,0.07735897158878755,False
431,5,-282.7487406431376,-17.07178672183403,0.149997768892189,0.14995928093433114,0.14037089634027916,False
431,6,-282.9498559203488,-17.272901999045246,0.3666208813826569,0.31138348532184684,0.2445850154305851,False
431,7,-282.17568499043034,-16.49873106912679,0.04248083050871602,0.048372476099304715,0.047011976727962326,False
431,8,-281.03628227050234,-15.35932834919879,0.25923426796252175,0.24822826775242754,0.20266056112465974,False
431,9,-265.67673277456936,0.00022114673419082465,2.2733699223767667,,,True
432,0,-265.67695392130355,0.0,2.445334169213695,,,True
432,1,-281.91609353038933,-16.239139609085782,0.14029605643161372,0.14377866567707184,0.10083929202281852,False
432,2,-282.10934885137146,-16.432394930067915,0.11260691946126727,0.09737351842086316,0.07664531801724364,False
432,3,-281.79785831382225,-16.120904392518696,0.08484564550191889,0.08997368587988464,0.08458412171907975,False
432,4,-282.6503702903559,-16.97341636905236,0.10474622719460967,0.09665437567785777,0.07802912423394912,False
432,5,-282.76074431390066,-17.08379039259711,0.16189553687487498,0.16193451256323582,0.15177920840644335,False
432,6,-282.95207868888923,-17.27512476758568,0.29153183739033467,0.28057878516129153,0.23433245494420663,False
432,7,-282.18255631955606,-16.505602398252506,0.04439946626499881,0.048196535155920935,0.04684800352154978,False
432,8,-281.0481829048934,-15.371228983589845,0.2701725772762524,0.25548623984914504,0.21120183105757884,False
432,9,-265.67673277456936,0.00022114673419082465,2.2733699223767667,,,True
433,0,-265.67695392130355,0.0,2.445334169213695,,,True
433,1,-281.92185062786575,-16.2448967065622,0.1422978550542782,0.1460106976014334,0.10259664510115263,False
433,2,-282.1095348028812,-16.432580881577678,0.11202215542755435,0.10298696627632051,0.08009887509134529,False
433,3,-281.7994258489081,-16.122471927604522,0.08486501264837346,0.09769674371312181,0.09197794682635947,False
433,4,-282.65627739777676,-16.979323476473212,0.10697295651008,0.09264226140843693,0.07957406948113155,False
433,5,-282.7737313775959,-17.09677745629233,0.17522003888488677,0.17534046641696016,0.1647537795918925,False
433,6,-282.9544295048636,-17.277475583560033,0.3067837980029197,0.2980633612327545,0.25154657598161695,False
433,7,-282.18957894429724,-16.51262502299369,0.04677515566499811,0.049076360368058576,0.04903778197803834,False
433,8,-281.06155614128863,-15.384602219985084,0.25088872253804695,0.23323191255705414,0.19306977794107003,False
433,9,-265.67673277456936,0.00022114673419082465,2.2733699223767667,,,True
434,0,-265.67695392130355,0.0,2.445334169213695,,,True
434,1,-281.9278666143249,-16.25091269302135,0.14267169650336609,0.14623330456145403,0.10286374075743561,False
434,2,-282.1094294657455,-16.432475544441957,0.11109417952876675,0.10462027041337142,0.08153817393422512,False
434,3,-281.80066406045034,-16.123710139146795,0.08554633302348975,0.10722339541698941,0.10119346377803169,False
434,4,-282.6622768207684,-16.985322899464848,0.11796688161781657,0.10924400410296334,0.08241735857027503,False
434,5,-282.7878513662883,-17.110897444984744,0.18956623760530533,0.18976546127560542,0.17878434947299304,False
434,6,-282.95881745907275,-17.281863537769198,0.3254651307200867,0.31660676272810667,0.24898151734909982,False
434,7,-282.1967602721203,-16.519806350816737,0.04898870134856331,0.051152851819413044,0.05100958880551697,False
434,8,-281.0762444051363,-15.399290483832772,0.23035151742205418,0.23623695108553663,0.1563844041097671,False
434,9,-265.67673277456936,0.00022114673419082465,2.2733699223767667,,,True
435,0,-265.67695392130355,0.0,2.445334169213695,,,True
435,1,-281.9340532691168,-16.257099347813266,0.14110299474919027,0.14422741549346887,0.1016245773572589,False
435,2,-282.1091082308346,-16.43215430953103,0.11006563555259115,0.10244436679386602,0.08105354747765145,False
435,3,-281.80157580070465,-16.124621879401104,0.08705435762733427,0.11815101194267273,0.11164532942471667,False
435,4,-282.668614719136,-16.991660797832424,0.12957234438914855,0.1199319570138989,0.0938139550498741,False
435,5,-282.80328607017077,-17.12633214886722,0.20453178834483784,0.2048029211706632,0.19343019288089552,False
435,6,-282.9655463149767,-17.288592393673127,0.3025405355436424,0.2940322416577906,0.21092942219775218,False
435,7,-282.20410310639954,-16.527149185095993,0.050967784691603193,0.053018256216981724,0.05269750196882084,False
435,8,-281.0915368637154,-15.414582942411869,0.2425014608817092,0.2486122881280674,0.184112821409637,False
435,9,-265.67673277456936,0.00022114673419082465,2.2733699223767667,,,True
436,0,-265.67695392130355,0.0,2.445334169213695,,,True
436,1,-281.94029916044843,-16.263345239144883,0.13723917659863868,0.13978870031247612,0.09891964210263288,False
436,2,-282.108649632735,-16.431695711431473,0.10917865341155919,0.09692466320248241,0.07879806621130991,False
436,3,-281.80225732160403,-16.12530340030048,0.08922479813259286,0.12977916870342757,0.1224959458121131,False
436,4,-282.6755468708407,-16.99859294953717,0.13412122227607226,0.12135042906749931,0.09867134792741841,False
436,5,-282.8202924201467,-17.14333849884315,0.21978735753341724,0.22012013357143037,0.20842180001054372,False
436,6,-282.97244922206016,-17.295495300756613,0.24456372000170343,0.23689966487481667,0.18294495898966373,False
436,7,-282.21161607372824,-16.534662152424687,0.05265632322939691,0.05460904556738628,0.05404960346648045,False
436,8,-281.10638333663917,-15.429429415335619,0.2316755320788935,0.23746127547185317,0.1903221704717713,False
436,9,-265.67673277456936,0.00022114673419082465,2.2733699223767667,,,True
437,0,-265.67695392130355,0.0,2.445334169213695,,,True
437,1,-281.94647615892075,-16.269522237617196,0.1306262428195562,0.13265479671727745,0.09474624278958799,False
437,2,-282.1080788159052,-16.431124894601624,0.1086503380266293,0.09010888569646139,0.0826067475610627,False
437,3,-281.8028798640912,-16.12592594278766,0.09834969445913279,0.14113094824752148,0.13268344190342207,False
437,4,-282.6832592736606,-17.00630535235706,0.13897290334254264,0.11417241136111592,0.09665733374268662,False
437,5,-282.8392421148908,-17.162288193587244,0.23486508290030358,0.2352464791521788,0.22342641483735626,False
437,6,-282.97650023759564,-17.299546316292094,0.2015308704717325,0.19400731824590167,0.15474345317939214,False
437,7,-282.2193237482913,-16.542369826987738,0.054016118477283784,0.055881615016082326,0.05503222245134618,False
437,8,-281.1196963251956,-15.442742403892055,0.19882427232339683,0.2038594991557582,0.17475461220766844,False
437,9,-265.67673277456936,0.00022114673419082465,2.2733699223767667,,,True
438,0,-265.67695392130355,0.0,2.445334169213695,,,True
438,1,-281.95243570136404,-16.27548178006049,0.12063083635683743,0.12241411435975189,0.08890835539021494,False
438,2,-282.1073310240131,-16.430377102709542,0.10864828943620507,0.08805267365811517,0.08484061680559256,False
438,3,-281.80363306973265,-16.126679148429105,0.11062955411601626,0.1510840677752114,0.141020550456996,False
438,4,-282.691807129578,-17.014853208274474,0.14122853644311864,0.1130431850183798,0.10278317268661001,False
438,5,-282.86060848224486,-17.183654560941306,0.2485845892822459,0.2489997219892582,0.23738463009030922,False
438,6,-282.97637574775536,-17.299421826451805,0.18906135846851585,0.19086518217968865,0.15443157457748033,False
438,7,-282.22725755348745,-16.550303632183898,0.05504620533283177,0.0568334493453897,0.05565316174467359,False
438,8,-281.1307326443411,-15.453778723037544,0.15107636619509981,0.15509182396867532,0.1408571743527584,False
438,9,-265.67673277456936,0.00022114673419082465,2.2733699223767667,,,True
439,0,-265.67695392130355,0.0,2.445334169213695,,,True
439,1,-281.95799694073855,-16.281043019435003,0.10638726380217796,0.10843283843727458,0.08089645137617998,False
439,2,-282.10628012506015,-16.429326203756602,0.10926622729552715,0.08334677497987594,0.08233553628248949,False
439,3,-281.8046490457439,-16.127695124440322,0.11696073763348806,0.15858116293440647,0.14636361279348614,False
439,4,-282.70112352190034,-17.024169600596792,0.1423312083445923,0.11609118340839661,0.10941930539510425,False
439,5,-282.88484516693603,-17.20789124563248,0.2581163456691192,0.258549014867786,0.24733716465599762,False
439,6,-282.97354331418956,-17.296589392886005,0.2697027205918101,0.2703363491765967,0.2169723426741664,False
439,7,-282.2354406884089,-16.558486767105364,0.05578840632241704,0.05750780562383978,0.05596772668749098,False
439,8,-281.13935320713944,-15.462399285835886,0.17310174999679231,0.1828695864505149,0.1578450182008525,False
439,9,-265.67673277456936,0.00022114673419082465,2.2733699223767667,,,True
440,0,-265.67695392130355,0.0,2.445334169213695,,,True
440,1,-281.9629381989675,-16.285984277663943,0.08685524474335098,0.08989596410129876,0.0699352514572874,False
440,2,-282.10482256907164,-16.427868647768094,0.11052255026208574,0.0780621489603735,0.07625493988777654,False
440,3,-281.8059539982236,-16.129000076920022,0.11687813159310505,0.16281283959764992,0.14776918187601398,False
440,4,-282.7111159637499,-17.034162042446326,0.1431484811608808,0.12058939513531182,0.11355447539191983,False
440,5,-282.9121277855157,-17.23517386421213,0.28553039954563825,0.2856737698678588,0.262683680368789,False
440,6,-282.97076876019923,-17.293814838895685,0.2984895873625439,0.29894842294752616,0.23693873850191743,False
440,7,-282.24387820566824,-16.56692428436469,0.05630780294987988,0.05797412327910649,0.056061861412834285,False
440,8,-281.1459995164229,-15.469045595119326,0.20688887479323356,0.2146152297426792,0.1831072168295998,False
440,9,-265.67673277456936,0.00022114673419082465,2.2733699223767667,,,True
441,0,-265.67695392130355,0.0,2.445334169213695,,,True
441,1,-281.96699962408655,-16.290045702783004,0.061194721607330915,0.06614183252648688,0.05521058403253907,False
441,2,-282.10294196206553,-16.42598804076198,0.11237828073128454,0.07356972800349476,0.0678958520633407,False
441,3,-281.80746450976324,-16.130510588459686,0.11105291593275474,0.16336294880405552,0.1446455164466928,False
441,4,-282.7217735063865,-17.044819585082962,0.14350541655849378,0.1270375183555496,0.11561973246041012,False
441,5,-282.94191976640127,-17.26496584509772,0.30460333920419286,0.3047437701536546,0.28061003967014975,False
441,6,-282.9697668178058,-17.292812896502255,0.27164018144852764,0.2722772506712757,0.2256279175224622,False
441,7,-282.2525614033964,-16.575607482092835,0.05667028935333087,0.05830540994740493,0.056032375049609666,False
441,8,-281.15141882318323,-15.474464901879685,0.21317666126613985,0.21882256568875313,0.18470957197000124,False
441,9,-265.67673277456936,0.00022114673419082465,2.2733699223767667,,,True
442,0,-265.67695392130355,0.0,2.445334169213695,,,True
442,1,-281.96990718106645,-16.292953259762896,0.058813222484401566,0.05828452141310292,0.05440222127175746,False
442,2,-282.1007139387111,-16.423760017407574,0.11475477219261139,0.07000732125904414,0.05846730987783381,False
442,3,-281.80901101892823,-16.13205709762468,0.10104238381452879,0.16042262876742167,0.13702272217610548,False
442,4,-282.73319065255623,-17.05623673125268,0.14258044589935534,0.1348276258703471,0.11617528439348475,False
442,5,-282.9723766240642,-17.295422702760675,0.29055839724679117,0.2906807946552372,0.2701829890558934,False
442,6,-282.9702657209166,-17.293311799613036,0.24897998757631773,0.24906126164907683,0.242203809722924,False
442,7,-282.26147870992224,-16.584524788618694,0.05692625837186263,0.05856083612167836,0.05596967310587528,False
442,8,-281.1563971720258,-15.479443250722227,0.1944875254152929,0.19847923357353875,0.16557110054670243,False
442,9,-265.67673277456936,0.00022114673419082465,2.2733699223767667,,,True
443,0,-265.67695392130355,0.0,2.445334169213695,,,True
443,1,-281.9714470877258,-16.294493166422228,0.07210513180020804,0.07064560633702356,0.05746584873124201,False
443,2,-282.0982630487131,-16.42130912740953,0.11754700085257966,0.06648016388066531,0.05285311259776085,False
443,3,-281.8103998629862,-16.133445941682623,0.09484972209600212,0.15551860202452836,0.12653487618649645,False
443,4,-282.7455117327827,-17.06855781147914,0.13961446795901025,0.14260392239128733,0.1146337432868716,False
443,5,-282.9999471022516,-17.32299318094806,0.22359561469010658,0.22376167448693635,0.21349831376974082,False
443,6,-282.9708920869574,-17.293938165653856,0.24494193255520344,0.24530412890568423,0.2351891032360699,False
443,7,-282.27062628429974,-16.593672362996188,0.057099416296824385,0.058772161673833916,0.05593985612631392,False
443,8,-281.16163646785003,-15.48468254654648,0.16026386894521083,0.1601273147254534,0.14372104988576173,False
443,9,-265.67673277456936,0.00022114673419082465,2.2733699223767667,,,True
444,0,-265.67695392130355,0.0,2.445334169213695,,,True
444,1,-281.9715453636886,-16.29459144238507,0.09567849524441575,0.09299313561108712,0.0639470113505841,False
444,2,-282.0956983989779,-16.418744477674352,0.12063424211242038,0.062238455149028434,0.0549803162778957,False
444,3,-281.8114755087311,-16.13452158742757,0.08945562887651419,0.14982801336371135,0.11463499610334285,False
444,4,-282.7588217417954,-17.081867820491823,0.13446510373535323,0.14920139535598692,0.11354549025460811,False
444,5,-283.0201848864227,-17.343230965119176,0.3174278636659585,0.3177431329190009,0.2755834057335176,False
444,6,-282.97058968977615,-17.293635768472598,0.21867319248140332,0.21959203825220977,0.20602760596930433,False
444,7,-282.2800122932998,-16.60305837199627,0.05718051594495806,0.058935588677651474,0.05596942953458166,False
444,8,-281.16770684806886,-15.49075292676531,0.17694313243875406,0.17665029506954086,0.14332469031463413,False
444,9,-265.67673277456936,0.00022114673419082465,2.2733699223767667,,,True
445,0,-265.67695392130355,0.0,2.445334169213695,,,True
445,1,-281.97031551882867,-16.29336159752512,0.12629194777438185,0.12224404193511729,0.0902591054061376,False
445,2,-282.09305933116866,-16.41610540986511,0.12389025451177224,0.06111086121860462,0.05240919104649738,False
445,3,-281.8121296813545,-16.13517576005097,0.08202432738909864,0.1443859782433151,0.10291894325145279,False
445,4,-282.77304682544286,-17.09609290413931,0.1384160425191036,0.1549237788193373,0.12732829831900738,False
445,5,-283.0307383933416,-17.353784472038058,0.5114448795212491,0.5115542757487422,0.39500661174269064,False
445,6,-282.9692348078048,-17.29228088650126,0.17365789191214454,0.175546428309799,0.15840700034104968,False
445,7,-282.2896465245845,-16.612692603280948,0.05712622924769693,0.05900929816984641,0.05603425707093437,False
445,8,-281.1749394253744,-15.497985504070869,0.1761534054113689,0.17583920652452692,0.12737191987316623,False
445,9,-265.67673277456936,0.00022114673419082465,2.2733699223767667,,,True
446,0,-265.67695392130355,0.0,2.445334169213695,,,True
446,1,-281.9680976323776,-16.291143711074028,0.16322769190219572,0.1535052534106026,0.1164611793969811,False
446,2,-282.0903077298826,-16.413353808579075,0.1271939374919203,0.0586448949439222,0.04987014016570465,False
446,3,-281.8123156604545,-16.135361739150937,0.07336834763488542,0.14003402084078975,0.09304289386515818,False
446,4,-282.78790513484444,-17.110951213540886,0.1425259619946067,0.1624205345683924,0.14243921087027087,False
446,5,-283.0347742146404,-17.35782029333683,0.7098472304543773,0.7096585814535432,0.5033016999113007,False
446,6,-282.96718562008255,-17.290231698778996,0.14968790218982364,0.15574459225930895,0.13365204769351965,False
446,7,-282.2995150465546,-16.622561125251025,0.05685936571486578,0.05891249897438443,0.05605148861241541,False
446,8,-281.18329033447594,-15.506336413172392,0.15767774694682607,0.1633379824960083,0.11202179158274941,False
446,9,-265.67673277456936,0.00022114673419082465,2.2733699223767667,,,True
447,0,-265.67695392130355,0.0,2.445334169213695,,,True
447,1,-281.9654449200265,-16.288490998722978,0.20784602504932373,0.18158108660352504,0.13967910865557945,False
447,2,-282.08737523610915,-16.410421314805603,0.13043614373139029,0.06261798852666667,0.051463983295173016,False
447,3,-281.81204926999953,-16.135095348695984,0.07333687445284537,0.13717867505516337,0.09307472374263143,False
447,4,-282.80298206447793,-17.12602814317438,0.16038826068541967,0.1758821489868905,0.15882356006859996,False
447,5,-283.04059477160547,-17.36364085030192,0.844955980409831,0.844361352977008,0.5771812267219172,False
447,6,-282.9646507406642,-17.287696819360633,0.17950269607091826,0.18130458461757015,0.13512387312509053,False
447,7,-282.30956055248913,-16.63260663118558,0.05627533163621779,0.05853433641897541,0.055890701792359956,False
447,8,-281.1923560255326,-15.515402104229054,0.15771319762860644,0.16476899752236598,0.11393129541144255,False
447,9,-265.67673277456936,0.00022114673419082465,2.2733699223767667,,,True
448,0,-265.67695392130355,0.0,2.445334169213695,,,True
448,1,-281.9630488131245,-16.286094891820937,0.24361724447142563,0.2015724666767112,0.15690069937066065,False
448,2,-282.08421398556254,-16.407260064258992,0.13352101030193253,0.0656393088852341,0.05315977153883987,False
448,3,-281.81138532916725,-16.1344314078637,0.07876080617359829,0.135704977249535,0.09399232687807774,False
448,4,-282.81791538598696,-17.140961464683414,0.18726324656354754,0.1977938453346043,0.17579737153422598,False
448,5,-283.056384390791,-17.37943046948743,0.8685824151317225,0.8674050198637298,0.61080835967227,False
448,6,-282.96151939682005,-17.2845654755165,0.18661333493611804,0.17955999004360768,0.1345077393106787,False
448,7,-282.3196850264344,-16.64273110513085,0.05526376658522248,0.057757705389362854,0.055404045887044034,False
448,8,-281.20154194921554,-15.524588027911989,0.1502079117801769,0.1588055336893387,0.11561898895030066,False
448,9,-265.67673277456936,0.00022114673419082465,2.2733699223767667,,,True
449,0,-265.67695392130355,0.0,2.445334169213695,,,True
449,1,-281.96158995278006,-16.28463603147651,0.26655441450722317,0.21519956690152192,0.16549882206660954,False
449,2,-282.08081737556506,-16.40386345426151,0.1363720960893707,0.06610591892149444,0.05249543448452342,False
449,3,-281.81037105823833,-16.13341713693478,0.08416198037201902,0.13507511411764395,0.09447793052736583,False
449,4,-282.8326080948922,-17.15565417358863,0.21945188863959098,0.22557666502268856,0.19178424231938151,False
449,5,-283.083999628513,-17.407045707209477,0.7649178015195116,0.7630959955806168,0.5493647546712761,False
449,6,-282.95761045933466,-17.28065653803111,0.17780448239689584,0.16554128186538702,0.1366800691779894,False
449,7,-282.3297746576319,-16.65282073632835,0.05374680715576033,0.0564991599183245,0.054473545110339805,False
449,8,-281.2103114400999,-15.533357518796322,0.13639502608578108,0.14647737960523932,0.11267183533395682,False
449,9,-265.67673277456936,0.00022114673419082465,2.2733699223767667,,,True
450,0,-265.67695392130355,0.0,2.445334169213695,,,True
450,1,-281.9615556596729,-16.28460173836936,0.27432347715587313,0.218874706493805,0.16379401613144048,False
450,2,-282.07721607842774,-16.40026215712419,0.13894480169607837,0.06408469789352726,0.04950967456859379,False
450,3,-281.80900685799656,-16.132052936693015,0.08826311046350471,0.13465101101741778,0.09533207105971182,False
450,4,-282.84735579182427,-17.17040187052072,0.2491437577230685,0.2519796233065764,0.20421383927668407,False
450,5,-283.1171879187077,-17.440233997404164,0.5590150208443004,0.5568300016854315,0.41414188112560935,False
450,6,-282.95305878968196,-17.27610486837841,0.17293173091908023,0.15409824397918329,0.15381074860034727,False
450,7,-282.33973393869087,-16.66278001738732,0.051724829240446656,0.054756503670364394,0.05306515927240713,False
450,8,-281.21844910780726,-15.54149518650371,0.11842539178724283,0.12910863567333578,0.10934066920011201,False
450,9,-265.67673277456936,0.00022114673419082465,2.2733699223767667,,,True
451,0,-265.67695392130355,0.0,2.445334169213695,,,True
451,1,-281.9630986511992,-16.286144729895625,0.26683448354460115,0.20963694592668777,0.15150333681722283,False
451,2,-282.0734591161107,-16.396505194807162,0.14123873948785007,0.05980045824512983,0.05087103049005792,False
451,3,-281.8072430197218,-16.130289098418245,0.09069929939628607,0.13412553071759548,0.0970430774329201,False
451,4,-282.8627551042215,-17.185801182917942,0.26749819933330005,0.2681879420014259,0.2099314804077496,False
451,5,-283.1462789751597,-17.469325053856153,0.30678767433277104,0.30473890918769386,0.24360999241845485,False
451,6,-282.94852881834953,-17.27157489704598,0.18973043487280594,0.18634191238342768,0.18534469183426838,False
451,7,-282.34950861053477,-16.67255468923122,0.050080628682051515,0.05520901655698409,0.051268447869512235,False
451,8,-281.2261904295421,-15.54923650823855,0.16525271065533248,0.16396277855698382,0.15155305639271927,False
451,9,-265.67673277456936,0.00022114673419082465,2.2733699223767667,,,True
452,0,-265.67695392130355,0.0,2.445334169213695,,,True
452,1,-281.9659898089596,-16.28903588765604,0.2463013653711933,0.18986819583222367,0.13455450201177177,False
452,2,-282.06958959797987,-16.39263567667632,0.14330416787073316,0.059461696009356795,0.05396814503635594,False
452,3,-281.8050020676857,-16.128048146382127,0.09185142434486626,0.13365023344309257,0.09968279906181791,False
452,4,-282.8793844353493,-17.202430514045773,0.2674878375147292,0.26700093069612935,0.20608404931465735,False
452,5,-283.16489451847684,-17.487940597173292,0.23976817966710412,0.2396961389950208,0.19590458201034336,False
452,6,-282.9450057778753,-17.26805185657173,0.21484474061123274,0.2108773269339984,0.1949321985922881,False
452,7,-282.35908283274034,-16.68212891143679,0.05017116525138775,0.05550969852415596,0.04929250832538322,False
452,8,-281.23405815601706,-15.557104234713506,0.19514063720567373,0.19432430499030004,0.1749139935888326,False
452,9,-265.67673277456936,0.00022114673419082465,2.2733699223767667,,,True
453,0,-265.67695392130355,0.0,2.445334169213695,,,True
453,1,-281.96971245720385,-16.292758535900305,0.21651296966694747,0.163184229921414,0.12685007608214635,False
453,2,-282.0656300546329,-16.38867613332934,0.14523234248140293,0.059234896192637505,0.05384861314568533,False
453,3,-281.80221135966156,-16.125257438358005,0.0926048061572738,0.1335804672644886,0.10301970406681066,False
453,4,-282.8974256000094,-17.22047167870585,0.24618621806236393,0.24528473953437066,0.19116885212142581,False
453,5,-283.17285901541686,-17.49590509411331,0.2847809953122733,0.28479739580094826,0.23697087228356425,False
453,6,-282.9432122079209,-17.266258286617358,0.2307213154375827,0.22568915351286858,0.18305344375227336,False
453,7,-282.3684584614339,-16.691504540130325,0.05000120322864321,0.05561108017420936,0.04742794318876968,False
453,8,-281.24244747157815,-15.565493550274596,0.19969898254545806,0.1991594174043048,0.17549047137888046,False
453,9,-265.67673277456936,0.00022114673419082465,2.2733699223767667,,,True
454,0,-265.67695392130355,0.0,2.445334169213695,,,True
454,1,-281.9736708879624,-16.296716966658835,0.1815184915863937,0.13320146867541563,0.11340043986499324,False
454,2,-282.06158765761825,-16.384633736314697,0.14713028365616532,0.05599220986544275,0.050650701326853814,False
454,3,-281.79883712258635,-16.1218832012828,0.0939526460169515,0.13419527101661038,0.10668982958365404,False
454,4,-282.9165368996112,-17.239582978307624,0.20558182300832217,0.20486609081383017,0.16560549735097563,False
454,5,-283.17426439658584,-17.49731047528229,0.35793897339218794,0.3578257565857753,0.3038785675963753,False
454,6,-282.9431292001592,-17.266175278855656,0.21579193594401688,0.21089660401921498,0.1535361736999764,False
454,7,-282.37764067946694,-16.700686758163386,0.049601419833424164,0.05556066639684387,0.045982611023373934,False
454,8,-281.2513226000664,-15.574368678762823,0.17854419698763976,0.1781299960808519,0.15435898923669475,False
454,9,-265.67673277456936,0.00022114673419082465,2.2733699223767667,,,True
455,0,-265.67695392130355,0.0,2.445334169213695,,,True
455,1,-281.977366604007,-16.30041268270344,0.14470650697225523,0.10278006959373727,0.09505234215563851,False
455,2,-282.0574648332646,-16.38051091196104,0.14910000782893035,0.050169416332306045,0.04605023233782519,False
455,3,-281.79490292254195,-16.1179490012384,0.0965564303077601,0.13557473650200197,0.11034469120650943,False
455,4,-282.9360387533834,-17.25908483207985,0.16496887267639598,0.1624570614091983,0.16091820621291852,False
455,5,-283.17405066848676,-17.497096747183207,0.44894111603752307,0.44822290847438556,0.3511797060427463,False
455,6,-282.944018086844,-17.267064165540432,0.17444994959647425,0.18047146289296512,0.1400710067639503,False
455,7,-282.38663903667185,-16.709685115368302,0.04900766457510505,0.055404758699276926,0.04519959567841646,False
455,8,-281.2602742838169,-15.583320362513348,0.13753036676525798,0.13712202740674398,0.11682592869059691,False
455,9,-265.67673277456936,0.00022114673419082465,2.2733699223767667,,,True
456,0,-265.67695392130355,0.0,2.445334169213695,,,True
456,1,-281.98047571758457,-16.303521796281018,0.10903350431829945,0.09557804984454898,0.07303677711403005,False
456,2,-282.05326433924245,-16.376310417938896,0.1512282189256217,0.05100710842256551,0.04921776451143944,False
456,3,-281.7904847123218,-16.113530791018263,0.10045062592249232,0.1375795547548248,0.11377828968847555,False
456,4,-282.95520339825237,-17.278249476948815,0.16011222906087047,0.15877225739120335,0.15708431261083916,False
456,5,-283.17587875764957,-17.49892483634602,0.48839630435008896,0.4873114665544595,0.3495773542286278,False
456,6,-282.9448759105837,-17.267921989280126,0.12005281554152299,0.18580696544808822,0.14359214180789548,False
456,7,-282.39547277964846,-16.718518858344908,0.048262506492635485,0.055181598559403265,0.04517974107110871,False
456,8,-281.2688244427069,-15.591870521403337,0.08583863357695883,0.09102597524280227,0.07343882591594966,False
456,9,-265.67673277456936,0.00022114673419082465,2.2733699223767667,,,True
457,0,-265.67695392130355,0.0,2.445334169213695,,,True
457,1,-281.98285758832424,-16.305903667020686,0.11005004531567934,0.10050191117584054,0.08058513584970768,False
457,2,-282.048991235452,-16.37203731414843,0.1535814004936895,0.05057049291273859,0.04947763699111711,False
457,3,-281.7856855882876,-16.108731666984056,0.10503888170746092,0.13986677956515126,0.11701262570702656,False
457,4,-282.9734676162086,-17.29651369490506,0.14724745656267546,0.14709235156801742,0.14531980529633673,False
457,5,-283.1815779427052,-17.50462402140164,0.48552984272055805,0.4844702212597554,0.33566903318421926,False
457,6,-282.9449917392334,-17.268037817929837,0.11672713959946789,0.18982237272039715,0.1481718696032721,False
457,7,-282.40417167134945,-16.727217750045895,0.04740504813165603,0.054906629461168276,0.04584162095965811,False
457,8,-281.27671516941996,-15.599761248116408,0.08637475972810407,0.08941016736650907,0.07052086876743593,False
457,9,-265.67673277456936,0.00022114673419082465,2.2733699223767667,,,True
458,0,-265.67695392130355,0.0,2.445334169213695,,,True
458,1,-281.98452899647,-16.307575075166426,0.11271468789370107,0.10668418897151101,0.0871539582297812,False
458,2,-282.0446546331866,-16.36770071188306,0.15620435739520627,0.05062840420197101,0.04707075583126005,False
458,3,-281.78059929042035,-16.103645369116805,0.10936908311648483,0.141975903313313,0.12026142441249496,False
458,4,-282.9904582032548,-17.313504281951225,0.12181234727685487,0.12300743528192834,0.121255366083661,False
458,5,-283.19137851473664,-17.51442459343309,0.4487240796908502,0.4481459554680212,0.3352841754987634,False
458,6,-282.94426845408884,-17.267314532785292,0.1146517808837506,0.19293714664678718,0.153807213865287,False
458,7,-282.41277132573566,-16.73581740443211,0.04794898767299463,0.05454897272020877,0.04693284202843309,False
458,8,-281.28400014822626,-15.607046226922705,0.08813742875800123,0.08825181177315086,0.07026228756642032,False
458,9,-265.67673277456936,0.00022114673419082465,2.2733699223767667,,,True
459,0,-265.67695392130355,0.0,2.445334169213695,,,True
459,1,-281.98562173208586,-16.30866781078231,0.11590834852552896,0.11258877052769761,0.09102405579825276,False
459,2,-282.0402681497933,-16.36331422848974,0.15912283125617593,0.05202244534540371,0.045627783680160044,False
459,3,-281.77527930261544,-16.098325381311895,0.11249914870495574,0.14358253523508144,0.12373359859846532,False
459,4,-283.0058620551017,-17.328908133798166,0.1474689512757071,0.15190446383457837,0.1317237051103162,False
459,5,-283.20424028278677,-17.52728636148322,0.3827900324111507,0.3830591671155344,0.3113212094438311,False
459,6,-282.943166068129,-17.266212146825467,0.12769870039940037,0.1953533498058534,0.15985390399163843,False
459,7,-282.42130750084203,-16.744353579538483,0.049650687151405117,0.05427183317861951,0.04808421335762959,False
459,8,-281.29094260069735,-15.613988679393799,0.11545305087550978,0.11201687871726237,0.07530529811231144,False
459,9,-265.67673277456936,0.00022114673419082465,2.2733699223767667,,,True
460,0,-265.67695392130355,0.0,2.445334169213695,,,True
460,1,-281.98633186781683,-16.30937794651328,0.1176372437789031,0.11617691296495823,0.09152417062505794,False
460,2,-282.03584645498927,-16.35889253368572,0.16234969528254617,0.05587856705383233,0.047206583669899695,False
460,3,-281.76973114210057,-16.092777220797018,0.1137699663623322,0.14478779254559876,0.12738964419352597,False
460,4,-283.01931652908763,-17.342362607784082,0.18075375086480108,0.18560120617227288,0.1535550667226717,False
460,5,-283.21809190969924,-17.54113798839569,0.2903298169737529,0.2915660641757208,0.2796510373871701,False
460,6,-282.9423870446361,-17.26543312333257,0.1398959386341884,0.19717119136262118,0.16557157051818422,False
460,7,-282.42980790937656,-16.752853988073014,0.05168025953612957,0.054594115758842536,0.048890172443237234,False
460,8,-281.29784811767126,-15.620894196367715,0.1361189712751772,0.13272087812879133,0.0902464845162455,False
460,9,-265.67673277456936,0.00022114673419082465,2.2733699223767667,,,True
461,0,-265.67695392130355,0.0,2.445334169213695,,,True
461,1,-281.9868664540014,-16.309912532697865,0.11585305837485438,0.1155870867724181,0.08959672823840664,False
461,2,-282.0313970767203,-16.35444315541673,0.16589254069438938,0.05851757418596777,0.04889334271872095,False
461,3,-281.76393174646904,-16.08697782516549,0.11292541846535213,0.14603332964367888,0.1308554142303992,False
461,4,-283.03048827753696,-17.35353435623341,0.20041782119216348,0.20621373053946349,0.16584331225003157,False
461,5,-283.2302193532196,-17.55326543191603,0.24030496910342322,0.23982975664443554,0.23009724952143176,False
461,6,-282.9425283493043,-17.265574428000775,0.14630395878041244,0.19865776873451024,0.1706141981103052,False
461,7,-282.4382909819089,-16.761337060605342,0.05419810523932053,0.054420881916565585,0.04896601545011337,False
461,8,-281.30494394454536,-15.627990023241807,0.14174712305116485,0.13840869737398875,0.09591981390769755,False
461,9,-265.67673277456936,0.00022114673419082465,2.2733699223767667,,,True
462,0,-265.67695392130355,0.0,2.445334169213695,,,True
462,1,-281.9873939920897,-16.31044007078617,0.10986605982379453,0.1122037242988362,0.09132792441856981,False
462,2,-282.0269101303753,-16.349956209071763,0.16975932141447653,0.05879503252890064,0.04895770466389861,False
462,3,-281.7578584732262,-16.08090455192263,0.11011078949706579,0.14759976312628223,0.13357389728939184,False
462,4,-283.0393338917814,-17.362379970477832,0.20462256652630684,0.21195015363113553,0.1683167245743843,False
462,5,-283.23812083418574,-17.561166912882186,0.22829154387090844,0.22804526861217314,0.17714313183613886,False
462,6,-282.9438516872417,-17.266897765938154,0.1445993915109601,0.2002310116172155,0.17504465462275623,False
462,7,-282.4467682673762,-16.76981434607268,0.05601426267842278,0.05376503815056795,0.0480139569368689,False
462,8,-281.31233255883353,-15.635378637529982,0.1336392192590987,0.13038108542644067,0.09287395903846837,False
462,9,-265.67673277456936,0.00022114673419082465,2.2733699223767667,,,True
463,0,-265.67695392130355,0.0,2.445334169213695,,,True
463,1,-281.9880077213981,-16.311053800094555,0.10848780739652562,0.11063871295592417,0.08978249407577069,False
463,2,-282.022350896269,-16.345396974965468,0.1739590302912736,0.05673484144143094,0.048274179969769,False
463,3,-281.75150685854305,-16.074552937239503,0.12419112052237703,0.1492741844983968,0.13507492148074296,False
463,4,-283.04633425384526,-17.36938033254171,0.24173676863580165,0.24013734952292787,0.2194902200552091,False
463,5,-283.24073188971875,-17.563777968415195,0.3374031154034914,0.3381085603455299,0.2415266218598014,False
463,6,-282.9462212449293,-17.26926732362574,0.13434678937803388,0.20201511082807327,0.17882760747631343,False
463,7,-282.45523818690276,-16.77828426559921,0.05711373134690458,0.055897853803677275,0.04621264423813081,False
463,8,-281.3199955378766,-15.643041616573043,0.11424621460922385,0.11110943870230747,0.08285401629609787,False
463,9,-265.67673277456936,0.00022114673419082465,2.2733699223767667,,,True
464,0,-265.67695392130355,0.0,2.445334169213695,,,True
464,1,-281.988716072791,-16.31176215148747,0.1035516091505232,0.10561992015007908,0.08517427967220721,False
464,2,-282.01766291891556,-16.340708997612012,0.17849783227305333,0.05264904547128009,0.04835066677210199,False
464,3,-281.74489441973367,-16.06794049843012,0.13640881895096138,0.15052735573336667,0.13516314639115926,False
464,4,-283.05246402792034,-17.375510106616787,0.3163573339533508,0.313904630801646,0.2872456716948121,False
464,5,-283.2391380826366,-17.56218416133305,0.4198308172051303,0.421103298374913,0.2854783253790074,False
464,6,-282.9492013673547,-17.272247446051153,0.11676465409451761,0.20343883266838172,0.1813766794944407,False
464,7,-282.46367849477826,-16.786724573474714,0.059090871689079186,0.05807793596567685,0.04790640703430401,False
464,8,-281.3278262533932,-15.650872332089648,0.10178650479874504,0.08424612688042564,0.06815928966840021,False
464,9,-265.67673277456936,0.00022114673419082465,2.2733699223767667,,,True
465,0,-265.67695392130355,0.0,2.445334169213695,,,True
465,1,-281.98946668223476,-16.312512760931213,0.0954448130002339,0.09750074384169315,0.07789801087312018,False
465,2,-282.0127832313251,-16.335829310021552,0.18337526536491397,0.04812683551671543,0.047930792406528415,False
465,3,-281.73806107755854,-16.06110715625499,0.14583020422525766,0.15091469179052946,0.133959471672895,False
465,4,-283.05886974783164,-17.381915826528086,0.36493042800264697,0.36187908016277986,0.3282265832050154,False
465,5,-283.23594922929783,-17.55899530799428,0.45331109587207474,0.4547683827105839,0.31008997120457404,False
465,6,-282.95224760135795,-17.275293680054403,0.10856818861033875,0.2033069044155287,0.18159107464343766,False
465,7,-282.47204892390613,-16.79509500260258,0.06108526921349553,0.060289596922347914,0.04957580154895005,False
465,8,-281.335681855113,-15.658727933809473,0.09212100280894345,0.06808283650393848,0.06596871927957156,False
465,9,-265.67673277456936,0.00022114673419082465,2.2733699223767667,,,True
466,0,-265.67695392130355,0.0,2.445334169213695,,,True
466,1,-281.99018134082655,-16.313227419523002,0.08452387469518076,0.09108872058822258,0.0684545762361786,False
466,2,-282.0076597228699,-16.330705801566353,0.1885831676100019,0.04724261087025982,0.04703935517240895,False
466,3,-281.7310674402203,-16.054113518916722,0.15253090295488614,0.1503111930052315,0.13183376817133527,False
466,4,-283.06636807215966,-17.389414150856112,0.37821064298020546,0.37480432540741293,0.3334291089132581,False
466,5,-283.2337825296687,-17.55682860836515,0.4324950591121666,0.43370174403483613,0.3185303438122837,False
466,6,-282.95485878125874,-17.277904859955186,0.1251345856958724,0.20011009897928908,0.178124229390448,False
466,7,-282.4803084333213,-16.803354512017734,0.06306822718569119,0.06251234399255468,0.05118804462299722,False
466,8,-281.3434359582691,-15.666482036965533,0.08275209324581222,0.062221893162324106,0.05995583602285873,False
466,9,-265.67673277456936,0.00022114673419082465,2.2733699223767667,,,True
467,0,-265.67695392130355,0.0,2.445334169213695,,,True
467,1,-281.9907826679189,-16.313828746615343,0.07108644085509734,0.0891457363562366,0.06032998427340428,False
467,2,-282.0022612327108,-16.325307311407244,0.19410622374749079,0.0459067075258237,0.04569765529734883,False
467,3,-281.72399005366384,-16.04703613236029,0.15697258491826444,0.14892412784577994,0.12929723982259156,False
467,4,-283.07501391848587,-17.398059997182315,0.35393417337432886,0.350500861223032,0.3076758630379037,False
467,5,-283.2341225068793,-17.557168585575766,0.36773685913198495,0.36819214245369875,0.30995425647005115,False
467,6,-282.9566339408352,-17.279680019531668,0.14247536434928107,0.19232208190603478,0.16965764656877602,False
467,7,-282.4884170673668,-16.81146314606326,0.06501430929853089,0.06472362762875081,0.05271339209641639,False
467,8,-281.35101861544103,-15.674064694137485,0.0867963110381489,0.06603168073327341,0.051515309264519075,False
467,9,-265.67673277456936,0.00022114673419082465,2.2733699223767667,,,True
468,0,-265.67695392130355,0.0,2.445334169213695,,,True
468,1,-281.9912083842313,-16.31425446292775,0.05803560474109028,0.0833991781636841,0.05495352498969956,False
468,2,-281.9965795272569,-16.319625605953377,0.19992281977963447,0.044258523582252296,0.04392084285370679,False
468,3,-281.71691368493896,-16.03995976363541,0.16014750534798156,0.1472567061327359,0.12693735443164458,False
468,4,-283.08403975375296,-17.40708583244941,0.29874299662899867,0.29580422617735547,0.256342340505715,False
468,5,-283.2371759827566,-17.560222061453032,0.31271811125820853,0.3123329674893374,0.269050242435974,False
468,6,-282.9572464744528,-17.280292553149252,0.15317627123862781,0.17877510036896885,0.1552530342401263,False
468,7,-282.4963425323196,-16.819388611016052,0.06689928736589633,0.06690137021405879,0.05412996218800395,False
468,8,-281.3584427715258,-15.681488850222252,0.0913014680488848,0.0740125737364877,0.06777250568477007,False
468,9,-265.67673277456936,0.00022114673419082465,2.2733699223767667,,,True
469,0,-265.67695392130355,0.0,2.445334169213695,,,True
469,1,-281.99141758626075,-16.314463664957202,0.05568134876765765,0.07377126227878113,0.04676574777660631,False
469,2,-281.9906249317686,-16.313671010465043,0.20600527766350793,0.04458008780402862,0.04242307791562063,False
469,3,-281.70991510459834,-16.032961183294788,0.16342451145372888,0.14594058767990517,0.12525847699230325,False
469,4,-283.09223615703104,-17.41528223572749,0.22753779732217128,0.22603208081436255,0.18666480405077915,False
469,5,-283.24228546929385,-17.565331547990297,0.2989024560023846,0.2964525689846342,0.21785770834623427,False
469,6,-282.9563917541672,-17.279437832863664,0.15306710524773715,0.158884991874602,0.13450670113611954,False
469,7,-282.5040661101002,-16.82711218879666,0.06870038345156533,0.06902419634043414,0.05542320916281245,False
469,8,-281.3658142217865,-15.68886030048293,0.09633027668245439,0.09423500287480942,0.07909661060031653,False
469,9,-265.67673277456936,0.00022114673419082465,2.2733699223767667,,,True
470,0,-265.67695392130355,0.0,2.445334169213695,,,True
470,1,-281.99139428571755,-16.314440364413997,0.05965677147244426,0.060657363147607064,0.045430677015552444,False
470,2,-281.98441595157,-16.307462030266436,0.2123122029903216,0.044986496149755334,0.0427503308848055,False
470,3,-281.7030783478581,-16.02612442655453,0.1671933329932594,0.14536933273763109,0.12442054973381195,False
470,4,-283.09850385740896,-17.421549936105407,0.17810246654841957,0.17316383272645058,0.150375472324477,False
470,5,-283.2482670547933,-17.571313133489753,0.2818800988745183,0.2766347772532182,0.24482610187299592,False
470,6,-282.95375068404803,-17.276796762744482,0.14151467014778954,0.14240391215209972,0.12391068591943155,False
470,7,-282.5115867047955,-16.83463278349194,0.07039553538759191,0.07107063998662792,0.05658282958758068,False
470,8,-281.3733222862004,-15.696368364896841,0.10318013428910855,0.10637135173969589,0.09065609476646444,False
470,9,-265.67673277456936,0.00022114673419082465,2.2733699223767667,,,True
471,0,-265.67695392130355,0.0,2.445334169213695,,,True
471,1,-281.9911507240713,-16.314196802767754,0.07647684892595621,0.0755058292813598,0.05084639047933639,False
471,2,-281.9779657686388,-16.301011847335246,0.2187399709937875,0.04720146594588294,0.04424257894226221,False
471,3,-281.6964994431057,-16.019545521802172,0.17156715148633098,0.1458109979737634,0.12436984591240098,False
471,4,-283.10220090952384,-17.425246988220294,0.16223625945497122,0.16876539936354445,0.13431309138347158,False
471,5,-283.2536088659306,-17.576654944627023,0.2547106590689025,0.24751675308367907,0.24255776172068896,False
471,6,-282.94899369308047,-17.272039771776917,0.12154889543787373,0.14649753769208868,0.12824024817548593,False
471,7,-282.51891821522094,-16.841964293917385,0.07196247202036211,0.07301857383937263,0.05759699405599737,False
471,8,-281.38120897840633,-15.704255057102785,0.11627029508655845,0.11656339553664401,0.10253858513531112,False
471,9,-265.67673277456936,0.00022114673419082465,2.2733699223767667,,,True
472,0,-265.67695392130355,0.0,2.445334169213695,,,True
472,1,-281.9907287299475,-16.313774808643927,0.08947833776549793,0.08831406098131507,0.059087309940978924,False
472,2,-281.9712819459796,-16.294328024676076,0.22518267120183108,0.05041423362224644,0.0457032829100004,False
472,3,-281.6902878266965,-16.013333905392926,0.17644701455712702,0.14739351995944172,0.12487332518984985,False
472,4,-283.10317423390563,-17.426220312602084,0.16022709182758085,0.1593655582491602,0.11908266155362214,False
472,5,-283.2568596734162,-17.579905752112666,0.22306856423092136,0.21609901470140225,0.20403002309003168,False
472,6,-282.94183683145604,-17.264882910152494,0.14041694625162518,0.15107621757625272,0.13260773958064043,False
472,7,-282.52608517226264,-16.84913125095909,0.07337805791070927,0.07484549781413155,0.0584435408283278,False
472,8,-281.38971931051253,-15.712765389208982,0.13131976896414108,0.13196500119268284,0.1119307960050889,False
472,9,-265.67673277456936,0.00022114673419082465,2.2733699223767667,,,True
473,0,-265.67695392130355,0.0,2.445334169213695,,,True
473,1,-281.99019547258604,-16.313241551282488,0.09821248760780228,0.096972577686891,0.06486986721941969,False
473,2,-281.9643636158173,-16.28740969451377,0.2315394513063971,0.05218110562129056,0.04830703945293473,False
473,3,-281.6845685495173,-16.00761462821373,0.18162245572202407,0.15016402786030547,0.12562830966356586,False
473,4,-283.1016097427941,-17.424655821490546,0.18306450896495988,0.19091878540409504,0.16645243033153398,False
473,5,-283.2573366603183,-17.580382739014738,0.2117730045854668,0.207747983610674,0.13899847215009367,False
473,6,-282.93211405902855,-17.255160137725,0.1621972772478942,0.15619029740661813,0.13699254611864425,False
473,7,-282.5331112948205,-16.856157373516965,0.07461884630225454,0.07652974786451529,0.05908507958701595,False
473,8,-281.3990419317938,-15.722088010490268,0.1424093017039135,0.14322791800852736,0.1184780489457841,False
473,9,-265.67673277456936,0.00022114673419082465,2.2733699223767667,,,True
474,0,-265.67695392130355,0.0,2.445334169213695,,,True
474,1,-281.9896322971754,-16.312678375871826,0.10255288195825038,0.10128691361910465,0.06837945915755872,False
474,2,-281.95720527265416,-16.280251351350614,0.23772158376571842,0.05224752630107368,0.04926970933965935,False
474,3,-281.6794820772781,-16.002528155974574,0.18689935338021219,0.15418219600055094,0.1263897423464843,False
474,4,-283.09786512502967,-17.42091120372612,0.2090149918939264,0.21616983451021504,0.20276350866714518,False
474,5,-283.25575731288535,-17.5788033915818,0.23868028889792264,0.23796004409365437,0.20542206167722143,False
474,6,-282.91979982613964,-17.242845904836088,0.22388514644090868,0.16189153547758114,0.14139307488533082,False
474,7,-282.5400105724609,-16.863056651157365,0.07566218803494941,0.0780510734340316,0.05946948642649938,False
474,8,-281.40926435714465,-15.7323104358411,0.14862692739303646,0.1494600622191192,0.12200182947932876,False
474,9,-265.67673277456936,0.00022114673419082465,2.2733699223767667,,,True
475,0,-265.67695392130355,0.0,2.445334169213695,,,True
475,1,-281.98912055227544,-16.312166630971888,0.10269512488142966,0.10139845962509321,0.07049624782791615,False
475,2,-281.94980607413663,-16.27285215283308,0.24365633102111872,0.05153492188748209,0.04922901129701324,False
475,3,-281.6751708037324,-15.998216882428835,0.19218698633152875,0.15958526934211004,0.13070989518923098,False
475,4,-283.09238176521853,-17.415427843914983,0.2237425849983003,0.23008162312240296,0.2214525495188545,False
475,5,-283.25413375109633,-17.577179829792783,0.2966640818706447,0.29656046392545343,0.25844682314195866,False
475,6,-282.9049828414825,-17.22802892017893,0.2911594129577192,0.1682237570463104,0.14584916471828735,False
475,7,-282.54678374951175,-16.869829828208196,0.0764920556209457,0.07939579347491008,0.05954290552822407,False
475,8,-281.4203719244157,-15.74341800311214,0.149737554640863,0.15043036760340106,0.1224835282408215,False
475,9,-265.67673277456936,0.00022114673419082465,2.2733699223767667,,,True
476,0,-265.67695392130355,0.0,2.445334169213695,,,True
476,1,-281.9887282564274,-16.311774335123857,0.10949705377455847,0.10643008161622826,0.07495286807660707,False
476,2,-281.9421780107961,-16.265224089492563,0.24928613930335444,0.05281773142568789,0.05029876569332904,False
476,3,-281.67179445254726,-15.99484053124371,0.19751761035710963,0.1665123583924273,0.13937506466933414,False
476,4,-283.0856608021711,-17.408706880867555,0.22749338274656045,0.23302981476158385,0.22563475948073658,False
476,5,-283.2547388097131,-17.577784888409553,0.3368125505255633,0.3366123040725915,0.3012448618088417,False
476,6,-282.88787131412823,-17.210917392824683,0.36291963039988206,0.1821564168258407,0.16386905468129445,False
476,7,-282.55342056509585,-16.8764666437923,0.07710352524346892,0.08056093200369675,0.05926675234114368,False
476,8,-281.4322906889556,-15.755336767652068,0.1550706356900673,0.1464653208615919,0.12002958657558233,False
476,9,-265.67673277456936,0.00022114673419082465,2.2733699223767667,,,True
477,0,-265.67695392130355,0.0,2.445334169213695,,,True
477,1,-281.98849757369464,-16.311543652391094,0.1143896003850809,0.11115663051033885,0.07630177364023015,False
477,2,-281.934347759713,-16.257393838409428,0.2545668235454239,0.05403767830141448,0.05137525207674317,False
477,3,-281.6695425720476,-15.99258865074404,0.20302762324169704,0.1751018077722856,0.14857915961027401,False
477,4,-283.07824061192116,-17.40128669061761,0.2218080787885028,0.2266440499519143,0.2185355234120068,False
477,5,-283.2587732552514,-17.581819333947863,0.32726689727358244,0.32704402344295247,0.3007371346871874,False
477,6,-282.8688836887261,-17.19192976742255,0.43660422450896985,0.23825093838964076,0.21845750779720677,False
477,7,-282.55990556771746,-16.882951646413915,0.0775041943898672,0.08155495912690866,0.05862919882884084,False
477,8,-281.44494691683406,-15.767992995530506,0.16809928609450298,0.14553021963147444,0.11485657937046165,False
477,9,-265.67673277456936,0.00022114673419082465,2.2733699223767667,,,True
478,0,-265.67695392130355,0.0,2.445334169213695,,,True
478,1,-281.9884341437741,-16.31148022247055,0.11345038448901959,0.11011120156971602,0.07463053045135536,False
478,2,-281.92635241483504,-16.249398493531487,0.2594677931067635,0.05523260402953023,0.052471180131129766,False
478,3,-281.668630282664,-15.991676361360476,0.20891936493066038,0.18539809144390684,0.15816789301307516,False
478,4,-283.0706506152286,-17.39369669392505,0.20797400490997617,0.21232266475675668,0.20299569749186577,False
478,5,-283.2656849400476,-17.588731018744056,0.2738055078329385,0.27363123620549173,0.2596541453525396,False
478,6,-282.84878160570577,-17.171827684402217,0.5075415557271342,0.2952142464930548,0.26954070772598093,False
478,7,-282.5662237250166,-16.889269803713034,0.07771149627383024,0.08239491008404722,0.05764821250814261,False
478,8,-281.458319637708,-15.781365716404423,0.18235545152923122,0.15856088314157626,0.11074990202317248,False
478,9,-265.67673277456936,0.00022114673419082465,2.2733699223767667,,,True
479,0,-265.67695392130355,0.0,2.445334169213695,,,True
479,1,-281.98850247917403,-16.31154855787048,0.10703179785138196,0.10364424801283616,0.07022047884163413,False
479,2,-281.9182324341306,-16.241278512827023,0.2639738000618381,0.05643679151638656,0.05358450383228392,False
479,3,-281.66929170929666,-15.992337787993108,0.21538184043687497,0.19724414101683052,0.16791489992252598,False
479,4,-283.06334994930364,-17.386396028000092,0.18673634795119354,0.19096679019958368,0.18131999066516383,False
479,5,-283.27361104858596,-17.596657127282413,0.19485379117944943,0.19481499058442003,0.18932265530818784,False
479,6,-282.82871762175466,-17.151763700451113,0.5690485156950252,0.34457314347252477,0.31188909338107007,False
479,7,-282.57236436141,-16.895410440106446,0.07774762339138487,0.08310063969932564,0.05786955125591934,False
479,8,-281.4724712872432,-15.795517365939645,0.19770679582567383,0.17249562499871135,0.12015993779730316,False
479,9,-265.67673277456936,0.00022114673419082465,2.2733699223767667,,,True
480,0,-265.67695392130355,0.0,2.445334169213695,,,True
480,1,-281.98863170293873,-16.311677781635183,0.09602042464995166,0.09263145206327462,0.06350344881042098,False
480,2,-281.91002550563826,-16.23307158433471,0.26808612200932036,0.05767221539006291,0.05470021167459885,False
480,3,-281.6717748090937,-15.994820887790127,0.2224406750929513,0.21018360078392798,0.17752026905461482,False
480,4,-283.0566588498128,-17.379704928509227,0.1890893562282135,0.19140390999491627,0.1655584913823834,False
480,5,-283.2805288098549,-17.60357488855135,0.14122294192186416,0.14023204293634847,0.11975092244190644,False
480,6,-282.81007212705185,-17.133118205748303,0.613558231412554,0.3799996074117615,0.3396907063981748,False
480,7,-282.5783218032904,-16.901367881986857,0.07763462806292569,0.08369104440312243,0.05949221825711497,False
480,8,-281.4875467629289,-15.81059284162535,0.21393202300540753,0.18707578410956488,0.1297112890983235,False
480,9,-265.67673277456936,0.00022114673419082465,2.2733699223767667,,,True
481,0,-265.67695392130355,0.0,2.445334169213695,,,True
481,1,-281.9887322203559,-16.311778299052378,0.08168977548329631,0.07832027778014478,0.05500188549057925,False
481,2,-281.90176393293723,-16.22481001163368,0.2718212882347574,0.058940448452505366,0.05579283301169906,False
481,3,-281.67633690083596,-15.999382979532413,0.22976009044227072,0.22339133140221115,0.1866142947417904,False
481,4,-283.0507112955607,-17.37375737425714,0.18984345460191135,0.1842453072327402,0.16101734771726106,False
481,5,-283.28523348280044,-17.608279561496886,0.11756580265773653,0.11631945347786485,0.10046534540761348,False
481,6,-282.7940786833311,-17.117124762027572,0.6345770253764875,0.39606856442701144,0.34803570023717245,False
481,7,-282.5840915387946,-16.90713761749106,0.07739108442687365,0.08418182775147447,0.061015018109781965,False
481,8,-281.5037427125221,-15.826788791218576,0.23070031362359,0.20193793757454043,0.13914002839041018,False
481,9,-265.67673277456936,0.00022114673419082465,2.2733699223767667,,,True
482,0,-265.67695392130355,0.0,2.445334169213695,,,True
482,1,-281.98871789116686,-16.311763969863307,0.06901980286028636,0.0621187832921771,0.04526569179182617,False
482,2,-281.8934746219278,-16.216520700624244,0.27520688175232927,0.06022487123454967,0.05683278813018882,False
482,3,-281.6832471082332,-16.006293186929668,0.23651354044619421,0.23563437874202697,0.1947687997034399,False
482,4,-283.0454565357901,-17.368502614486545,0.19395173391718867,0.1679320492558322,0.14842957724028996,False
482,5,-283.28760470459105,-17.610650783287497,0.15041135695924754,0.15116129643760964,0.11595327485811342,False
482,6,-282.78139703252066,-17.10444311121711,0.6286593074872996,0.38991142250811944,0.33438531360654467,False
482,7,-282.58966842658367,-16.91271450528012,0.07703081625423112,0.08458400869389684,0.062417062986579376,False
482,8,-281.521261923928,-15.844308002624473,0.24754994604914243,0.21660590496991752,0.14810257288200906,False
482,9,-265.67673277456936,0.00022114673419082465,2.2733699223767667,,,True
483,0,-265.67695392130355,0.0,2.445334169213695,,,True
483,1,-281.98852513142674,-16.31157121012319,0.05993790000660358,0.04541281745491502,0.034826104021457874,False
483,2,-281.88517926870674,-16.208225347403186,0.2782771024116179,0.06149414645399621,0.05779071965710366,False
483,3,-281.69275237216493,-16.015798450861382,0.24144519566150488,0.24548424073769057,0.20154642411588275,False
483,4,-283.0407084269667,-17.363754505663167,0.19284957075650844,0.14590660636099875,0.12886239529477345,False
483,5,-283.28827763324847,-17.61132371194492,0.19056951323780127,0.19134336068144778,0.12701228660017844,False
483,6,-282.7718591599418,-17.094905238638262,0.5965220406062932,0.3622312312675196,0.299376962028611,False
483,7,-282.5950468134853,-16.918092892181733,0.0765635209251809,0.08490463583061883,0.063685771055735,False
483,8,-281.5402705592947,-15.863316637991147,0.2638671280597746,0.23048121735447719,0.15615216474254837,False
483,9,-265.67673277456936,0.00022114673419082465,2.2733699223767667,,,True
484,0,-265.67695392130355,0.0,2.445334169213695,,,True
484,1,-281.98812327193434,-16.31116935063079,0.05394532476424962,0.032876670563699154,0.02748335578429547,False
484,2,-281.8768947827323,-16.19994086142873,0.28106948823323147,0.06270918677062016,0.05864140852387883,False
484,3,-281.70499905212444,-16.028045130820885,0.24310964433586638,0.25144490280646203,0.2065448917782199,False
484,4,-283.03622958526853,-17.35927566396498,0.1867330632011844,0.14410022167699732,0.1187732549207861,False
484,5,-283.28813641521816,-17.61118249391461,0.21059179032876496,0.21136299262065486,0.15511108322257053,False
484,6,-282.7645205347666,-17.087566613463025,0.5428925953263662,0.3173466784746631,0.24668213247630658,False
484,7,-282.60022247453173,-16.923268553228183,0.07606036607706525,0.08521435851199444,0.06489496368500638,False
484,8,-281.56086747754694,-15.883913556243385,0.2788546077213091,0.24281975964326136,0.16270088832108454,False
484,9,-265.67673277456936,0.00022114673419082465,2.2733699223767667,,,True
485,0,-265.67695392130355,0.0,2.445334169213695,,,True
485,1,-281.98751561581145,-16.310561694507896,0.0557578526697002,0.03558006045530661,0.032560500809844725,False
485,2,-281.86863423793875,-16.1916803166352,0.28362311109623134,0.06382533227865247,0.05936437300514048,False
485,3,-281.71998383179255,-16.043029910488997,0.2401354519691417,0.2520970199692458,0.20943621972646895,False
485,4,-283.0318256745121,-17.354871753208556,0.1841167869996953,0.14929667967854937,0.12289572640275194,False
485,5,-283.28793021447706,-17.610976293173508,0.2175856280517262,0.21378645262204105,0.1804256316934864,False
485,6,-282.7579907649084,-17.081036843604863,0.47530072651498867,0.26252288872310736,0.18207920287107743,False
485,7,-282.60519500444195,-16.928241083138403,0.07555492478209837,0.0855453290601045,0.06609020078857746,False
485,8,-281.58306700510036,-15.90611308379681,0.2914687447687321,0.25266468110049,0.16694747253909378,False
485,9,-265.67673277456936,0.00022114673419082465,2.2733699223767667,,,True
486,0,-265.67695392130355,0.0,2.445334169213695,,,True
486,1,-281.9867342044,-16.309780283096472,0.05756019302062502,0.04303566578912226,0.042481603455894974,False
486,2,-281.86041437356334,-16.183460452259794,0.285978169517019,0.06479940980807827,0.05994586669880814,False
486,3,-281.73752548979996,-16.060571568496414,0.23132139011280092,0.25714669591696837,0.20998341222132327,False
486,4,-283.02741655931146,-17.35046263800791,0.19362485371556368,0.1509560661036502,0.12382259765874036,False
486,5,-283.2880957528458,-17.611141831542227,0.22650433997106742,0.21554818408541554,0.18770631168923288,False
486,6,-282.7508790829336,-17.07392516163003,0.40239844075121195,0.20721131281235278,0.16412602040420737,False
486,7,-282.6099664006139,-16.933012479310378,0.07502768184558622,0.08587446749162234,0.06725899099689311,False
486,8,-281.6067819685371,-15.92982804723357,0.3002907023770351,0.25874693448117975,0.16772608063127625,False
486,9,-265.67673277456936,0.00022114673419082465,2.2733699223767667,,,True
487,0,-265.67695392130355,0.0,2.445334169213695,,,True
487,1,-281.98582974462425,-16.308875823320705,0.059164158885568564,0.04897717278011739,0.048867976576054024,False
487,2,-281.8522504364695,-16.17529651516594,0.28817288397831947,0.06561478429438976,0.060388979167480546,False
487,3,-281.75723013040636,-16.080276209102806,0.22817811405888133,0.26099166789507655,0.21304985178414265,False
487,4,-283.02306097077974,-17.34610704947619,0.20061152902195073,0.15593285021972822,0.12148911667954271,False
487,5,-283.28874663468514,-17.61179271338159,0.23128105398694143,0.21083451455127394,0.17695781996462062,False
487,6,-282.7421745043936,-17.065220583090024,0.33238777700230776,0.17327899847598746,0.15022622174112266,False
487,7,-282.6145402765902,-16.93758635528667,0.07446353919256861,0.08618250824368003,0.06839436728728315,False
487,8,-281.63178067327374,-15.954826751970188,0.3033144896909323,0.2593102561854383,0.16327084698264427,False
487,9,-265.67673277456936,0.00022114673419082465,2.2733699223767667,,,True
488,0,-265.67695392130355,0.0,2.445334169213695,,,True
488,1,-281.9848611434927,-16.307907222189158,0.06041501260096762,0.052653910916980566,0.051627524405431655,False
488,2,-281.84415213283603,-16.16719821153248,0.2902422348995748,0.0662720270739786,0.06070885998626341,False
488,3,-281.7783782112258,-16.10142428992225,0.22865375186117848,0.25371540597509945,0.2075533079175927,False
488,4,-283.018928483152,-17.341974561848474,0.20447283647414372,0.15979487015139923,0.12170666104071781,False
488,5,-283.2897617832076,-17.61280786190406,0.23523024699294978,0.2042238540081493,0.14968102521311966,False
488,6,-282.73144184301447,-17.054487921710916,0.27184118489314635,0.16729805041838028,0.14387694907684173,False
488,7,-282.6189217918974,-16.941967870593828,0.07385395853523737,0.0864552391440232,0.06949427527485187,False
488,8,-281.65761360113663,-15.980659679833082,0.2978665185994344,0.2521137444941464,0.15104318957387386,False
488,9,-265.67673277456936,0.00022114673419082465,2.2733699223767667,,,True
489,0,-265.67695392130355,0.0,2.445334169213695,,,True
489,1,-281.98388686265264,-16.30693294134909,0.06121632686734622,0.05409217083646253,0.051058180969430704,False
489,2,-281.8361236534282,-16.159169732124667,0.29221776367175084,0.0667885545205873,0.06093164387569705,False
489,3,-281.7997026619088,-16.122748740605232,0.22652299254570046,0.22924986792589516,0.19576422218979975,False
489,4,-283.0152312263639,-17.33827730506033,0.2046859869532571,0.16030627089282254,0.12313125744627819,False
489,5,-283.2909167955779,-17.613962874274364,0.23970692900985768,0.19926934940070476,0.14347278907429697,False
489,6,-282.7188082089493,-17.041854287645776,0.22486044228455693,0.16884234373002255,0.13985014594947526,False
489,7,-282.6231175809496,-16.94616365964606,0.07319785628087495,0.08668471970575986,0.07056111713890521,False
489,8,-281.6835122524968,-16.006558331193276,0.28107717255077785,0.23509860100557345,0.14865991287250535,False
489,9,-265.67673277456936,0.00022114673419082465,2.2733699223767667,,,True
490,0,-265.67695392130355,0.0,2.445334169213695,,,True
490,1,-281.98295834224564,-16.306004420942088,0.06154300927844546,0.05688104089784109,0.05126500077211032,False
490,2,-281.82816344046296,-16.15120951915941,0.29412758377661746,0.0671969039317014,0.06109252726349157,False
490,3,-281.8191632885196,-16.142209367216026,0.22148867172264303,0.24796515395161747,0.18678354964290894,False
490,4,-283.0121492956217,-17.335195374318175,0.20088886989518231,0.15708721978587542,0.12488528662370588,False
490,5,-283.2920114623049,-17.615057541001363,0.24349981900498938,0.19685913903772567,0.17481468966886418,False
490,6,-282.70479308429015,-17.027839162986595,0.2057490715385593,0.20426340722804498,0.13693307478141858,False
490,7,-282.6271357548783,-16.95018183357473,0.07250122247274639,0.08686926715647479,0.07160082345774614,False
490,8,-281.7082780272809,-16.031324105977376,0.25170966465772154,0.20877262410963984,0.16216919474633248,False
490,9,-265.67673277456936,0.00022114673419082465,2.2733699223767667,,,True
491,0,-265.67695392130355,0.0,2.445334169213695,,,True
491,1,-281.98211502171375,-16.305161100410203,0.061441082605507305,0.06350950484022076,0.051426887436775634,False
491,2,-281.8202625869543,-16.14330866565075,0.2959956942811885,0.07268722750860904,0.066811708207655,False
491,3,-281.83404011447817,-16.15708619317462,0.2266166307183529,0.2685229453891607,0.20453313180170588,False
491,4,-283.0097692191517,-17.33281529784813,0.19294074947815762,0.15193329772278247,0.12432602976174505,False
491,5,-283.29294323535385,-17.615989314050296,0.2430550779868764,0.19428554580804747,0.18831435684813963,False
491,6,-282.6900682085722,-17.01311428726865,0.23003891599646084,0.22950999779080838,0.15970848402282306,False
491,7,-282.63098577226356,-16.954031850960007,0.07177635779649064,0.08701324977694551,0.07262281665559708,False
491,8,-281.73026089689495,-16.053306975591397,0.2175209180613313,0.18472197568389062,0.17619573301889746,False
491,9,-265.67673277456936,0.00022114673419082465,2.2733699223767667,,,True
492,0,-265.67695392130355,0.0,2.445334169213695,,,True
492,1,-281.98137940033916,-16.304425479035615,0.06445823510320746,0.06822463960430734,0.049751889349289154,False
492,2,-281.8124555128328,-16.13550159152925,0.2973854773170154,0.07751009297147361,0.07218030488831233,False
492,3,-281.84173019626513,-16.164776274961582,0.35757790633079933,0.28927284868362074,0.22168614449162727,False
492,4,-283.00804227612934,-17.331088354825795,0.18097011714807065,0.15635995602467595,0.1344949029812086,False
492,5,-283.29369694798487,-17.61674302668132,0.23399683748243022,0.18677943745668363,0.1820747513894673,False
492,6,-282.675228908819,-16.998274987515458,0.243267237215474,0.24325311757228193,0.17579620078116903,False
492,7,-282.63467632859204,-16.957722407288486,0.07104280918285076,0.08712811422466794,0.0736419782300067,False
492,8,-281.74760280766066,-16.070648886357105,0.20955002845940185,0.19624961883706513,0.18962253473140223,False
492,9,-265.67673277456936,0.00022114673419082465,2.2733699223767667,,,True
493,0,-265.67695392130355,0.0,2.445334169213695,,,True
493,1,-281.9807531107633,-16.303799189459767,0.06714947991605157,0.07066453963692061,0.05145431165243561,False
493,2,-281.804788186475,-16.12783426517143,0.2978574914761503,0.07932439818857588,0.07421310414730861,False
493,3,-281.84120082840525,-16.1642469071017,0.5354031028816737,0.40126821115808914,0.31325787883753364,False
493,4,-283.0067739613338,-17.329820040030256,0.16539720716678577,0.1640305365254192,0.1429725825756718,False
493,5,-283.29427403914354,-17.617320117839995,0.21343983854412962,0.17079035272766713,0.1569437186048989,False
493,6,-282.6606326910087,-16.983678769705136,0.24496063867214551,0.24525506628121085,0.1895705060899101,False
493,7,-282.63821247158194,-16.961258550278387,0.07032960515960132,0.08723425261138876,0.0746811913973458,False
493,8,-281.75886481878956,-16.08191089748601,0.2651880702308526,0.26593284898510433,0.20047636994008958,False
493,9,-265.67673277456936,0.00022114673419082465,2.2733699223767667,,,True
494,0,-265.67695392130355,0.0,2.445334169213695,,,True
494,1,-281.9802173330115,-16.303263411707974,0.06771247194963892,0.07076729946275266,0.05288108042242441,False
494,2,-281.79725669380844,-16.120302772504886,0.2973682889606421,0.07935488392083204,0.07414370348295414,False
494,3,-281.8342007617531,-16.157246840449545,0.7132472328060877,0.5657484967127164,0.41932150249244393,False
494,4,-283.005663234044,-17.328709312740443,0.1619441485626236,0.1622944750757757,0.1430674747293549,False
494,5,-283.29463395833056,-17.617680037027014,0.18179381363435307,0.14674952373112346,0.1164708316019547,False
494,6,-282.64635714976566,-16.969403228462113,0.23572767021588373,0.2362186714087406,0.19549484852919627,False
494,7,-282.6415943778386,-16.96464045653505,0.07114156854902917,0.08735985092339413,0.07576930855936402,False
494,8,-281.76382598142004,-16.08687206011649,0.36808731872689515,0.3686950567589808,0.23982620660686788,False
494,9,-265.67673277456936,0.00022114673419082465,2.2733699223767667,,,True
495,0,-265.67695392130355,0.0,2.445334169213695,,,True
495,1,-281.9797393035534,-16.30278538224985,0.06640237475172503,0.0687296340906105,0.05268073672952891,False
495,2,-281.78982023013754,-16.112866308833986,0.29614192014608914,0.0788586509949987,0.07344453967833744,False
495,3,-281.82508165525627,-16.14812773395272,0.8537239403240755,0.6956337974253523,0.5060758183803319,False
495,4,-283.00438843251345,-17.3274345112099,0.15146448364447024,0.15219829818431582,0.1354192557132607,False
495,5,-283.2947110317035,-17.617757110399964,0.14328018115804506,0.13109150264170044,0.10642455627678919,False
495,6,-282.63228797894743,-16.95533405764388,0.21688158156317086,0.217240587361444,0.1940364020592854,False
495,7,-282.6448188342176,-16.967864912914024,0.07286779550315071,0.08826692314561402,0.07773843146248571,False
495,8,-281.7639154826675,-16.086961561363978,0.4752225391505323,0.4680276782163057,0.3103970232111001,False
495,9,-265.67673277456936,0.00022114673419082465,2.2733699223767667,,,True
496,0,-265.67695392130355,0.0,2.445334169213695,,,True
496,1,-281.97928107985706,-16.30232715855351,0.06369164707686799,0.06492799067100039,0.051036145521699904,False
496,2,-281.78243320339516,-16.105479282091608,0.2944565863940698,0.0791789441055703,0.07369001765058114,False
496,3,-281.8189385105527,-16.141984589249148,0.9245899395974352,0.7619635174432349,0.556576970090778,False
496,4,-283.0026936167994,-17.325739695495827,0.1488098021905483,0.13558824242994502,0.1212177843534782,False
496,5,-283.2944819451745,-17.617528023870932,0.13205926571307106,0.13221865059617816,0.09716961615597061,False
496,6,-282.6182738339497,-16.941319912646122,0.19012041367401605,0.19239383979490665,0.18678471789498385,False
496,7,-282.64788950795315,-16.970935586649603,0.07394295003246609,0.08946980970696754,0.0800572498714056,False
496,8,-281.761823594341,-16.084869673037474,0.5516931653224588,0.5344138138976152,0.3653535519935592,False
496,9,-265.67673277456936,0.00022114673419082465,2.2733699223767667,,,True
497,0,-265.67695392130355,0.0,2.445334169213695,,,True
497,1,-281.9788065657636,-16.30185264446004,0.060219624758162685,0.05987334519970138,0.04816765681819795,False
497,2,-281.77506858566596,-16.098114664362413,0.29248873734823033,0.08109130014536627,0.07578767410200209,False
497,3,-281.81906920291465,-16.142115281611098,0.9075511275196697,0.7479072157786434,0.5593891103794478,False
497,4,-283.00043872796147,-17.323484806657916,0.1483418907356921,0.11496216533040808,0.10199165748668033,False
497,5,-283.2940174758106,-17.61706355450707,0.16071863793749985,0.14593579342575463,0.120724804981682,False
497,6,-282.6041886026983,-16.927234681394737,0.15818313948558388,0.18284508607844288,0.17512612257773638,False
497,7,-282.65082664212014,-16.973872720816587,0.07440977963593941,0.09131824045193908,0.08299188692021506,False
497,8,-281.7603596403187,-16.08340571901516,0.5749319745066411,0.5482458946068118,0.38128739300219633,False
497,9,-265.67673277456936,0.00022114673419082465,2.2733699223767667,,,True
498,0,-265.67695392130355,0.0,2.445334169213695,,,True
498,1,-281.9782864115564,-16.301332490252832,0.05945979721969774,0.05417448656693925,0.044318221945920507,False
498,2,-281.7677252232258,-16.090771301922246,0.29024596857796525,0.08425227327539722,0.07937131512723186,False
498,3,-281.8252686741547,-16.14831475285115,0.8049603177665965,0.6551570287078511,0.5125687879914329,False
498,4,-282.99761150910786,-17.320657587804305,0.1470997272694958,0.09347806131338673,0.08065789230596887,False
498,5,-283.29348367228795,-17.616529750984398,0.18029778588259923,0.16765734273186222,0.13649544521054374,False
498,6,-282.5899619585083,-16.913008037204747,0.15433087868954118,0.17160846754220463,0.15995316454608244,False
498,7,-282.65367257878927,-16.97671865748572,0.07434321111101415,0.09392089904978711,0.08662700085172181,False
498,8,-281.76121362111576,-16.084259699812208,0.5373012961880915,0.5032282396314088,0.3546371619427074,False
498,9,-265.67673277456936,0.00022114673419082465,2.2733699223767667,,,True
499,0,-265.67695392130355,0.0,2.445334169213695,,,True
499,1,-281.9777010825765,-16.300747161272966,0.0602537459435917,0.04849628065227309,0.03974149036310503,False
499,2,-281.76042024656545,-16.083466325261895,0.28759583330764377,0.08765801008946839,0.08327375784793495,False
499,3,-281.8342197093452,-16.157265788041627,0.6399370043970054,0.5060042260383133,0.42403019649685403,False
499,4,-282.99430787335245,-17.317353952048904,0.1450871772654504,0.08699055888862528,0.08150266585905988,False
499,5,-283.29309159620436,-17.616137674900813,0.18959598477869655,0.17883118424083894,0.14261999947743623,False
499,6,-282.57558642374335,-16.898632502439796,0.15963126439446798,0.16634755024299872,0.1473912763415911,False
499,7,-282.6564756321456,-16.97952171084205,0.07377936443664808,0.09705448429626742,0.09072288646798633,False
499,8,-281.76445498009963,-16.08750105879608,0.44753582511964163,0.4317733656494208,0.41517925526687555,False
499,9,-265.67673277456936,0.00022114673419082465,2.2733699223767667,,,True
500,0,-265.67695392130355,0.0,2.445334169213695,,,True
500,1,-281.9770420291239,-16.30008810782033,0.06144634541630372,0.04349243641807865,0.034692119686033196,False
500,2,-281.75317781228335,-16.076223890979804,0.28436607493872884,0.09049847795617999,0.08650836339126755,False
500,3,-281.8417374804789,-16.164783559175362,0.4512058495234514,0.36895949642754566,0.34435464902284985,False
500,4,-282.99068845101925,-17.313734529715703,0.14488818446837798,0.0942694895988297,0.09006334497916996,False
500,5,-283.29301424081154,-17.616060319507994,0.18802281865903722,0.17901271447608583,0.13869024547051287,False
500,6,-282.56110052118987,-16.88414659988632,0.16442675126358022,0.16813782701459298,0.14951827430244435,False
500,7,-282.6592838890783,-16.982329967774774,0.07385464628598666,0.10040263982305433,0.09494409701527334,False
500,8,-281.7690772366311,-16.09212331532757,0.5009848040817051,0.5002780137200342,0.4781258519319463,False
500,9,-265.67673277456936,0.00022114673419082465,2.2733699223767667,,,True
