iteration_record_id,configuration_id,structure_hash,run_id,pathway_id,path_iteration,image_index,pw_block_index,frozen_endpoint_force_reused,energy_eV,path_energy_eV,energy_residual_eV,max_atomic_force_eV_A,neb_residual_eV_A,neb_iteration_complete,neb_source_file,reaction_coordinate_A,reaction_coordinate_normalized,scf_iterations,gradient_force_rms_eV_A,gradient_force_max_eV_A
556a5037a667e8e824d6fac1164b69b12897c86cd6364fa29d9c0f2bf657aaea,664fcddc60d9483e17031ccb72dafdae826e188ab752ec479633a4687d0502e0,44c91d7b780b981d70e477a9477f082c2ef0c1806ae5c1275ea7da4781448ad3,mb_qe16_direct_r3_s42_30812496,Sb2Te3Cr_1-6_qe_r3,1,1,0,True,-133597.1500230125,-133597.1500230125,0.0,0.3127942658103932,0.312794,True,/Users/alina/Project/26MIgrationBench/cluster/mb_qe16_direct_pf_s42_30791500/neb.out,0.0,0.0,31,6.833693910353517e-08,1.2654970801828647e-07
e7eac3373d99ea56d50a7ffcac343d76cb402dd6f655e4aecb87d456c2e184ba,fa9fcb4cf7a9e50f0c7dfea304e4c51269c819585bfe323c36e1718dd1e74c86,297508336c0c60357764770d8eac28c9c31ab143b87ec70df7ed0faae576b9b9,mb_qe16_direct_r3_s42_30812496,Sb2Te3Cr_1-6_qe_r3,1,2,0,False,-133596.8217287941,-133596.82172875328,4.0832674130797386e-08,1.1916550269440904,2.371225,True,/Users/alina/Project/26MIgrationBench/cluster/mb_qe16_direct_pf_s42_30791500/neb.out,0.10142155822319204,0.25398721285987436,34,7.771243506800399e-08,1.284009024937749e-07
34d01255fa4117e72e1e324e851d88f9e90ae47042d9d29fcdbb4f1269194060,05dab356c0a67a1b4b7744a24e4ca56105bcf7d1f5389e887bc98dcc77126554,eeb86677bb1b14ac11bfdd15bc24ccb742a70f4bbaeb5c4fe0842518bbf8f903,mb_qe16_direct_r3_s42_30812496,Sb2Te3Cr_1-6_qe_r3,1,3,0,False,-133596.11636136242,-133596.116361376,1.359148882329464e-08,0.5861602456368595,0.574924,True,/Users/alina/Project/26MIgrationBench/cluster/mb_qe16_direct_pf_s42_30791500/neb.out,0.20022379273487825,0.5014149255432762,33,7.191251784750404e-08,1.2485277983177723e-07
33a22adca8d1721d1707efd3cc52a03c739844b409c321d46c2db1426242bfeb,aca82aad4272263a025ed9b9cd09144abeacacccf587a9a8511ee34f0478f29b,d3b8fe4cc75723e16f92abc09e5488d02c56b2298d4cf09ac2e0ffad98d7db0d,mb_qe16_direct_r3_s42_30812496,Sb2Te3Cr_1-6_qe_r3,1,4,0,False,-133596.3666918299,-133596.36669180813,2.176966518163681e-08,0.9285656391175496,0.368255,True,/Users/alina/Project/26MIgrationBench/cluster/mb_qe16_direct_pf_s42_30791500/neb.out,0.2988061259155703,0.7482919453844277,31,7.354160743838225e-08,1.2834948042578231e-07
605bc6434535d176dc780aa1539c871cd3528344fc1bde4f3b03d848c70b327d,7b72f1530e365f451d28323a15a3d148e6816768ccd97ce164add75d775e6dfa,3964c5f125dd97a12324dae72ba37fbf556e38c0bb69add29adeb1a2beba7b1b,mb_qe16_direct_r3_s42_30812496,Sb2Te3Cr_1-6_qe_r3,1,5,0,True,-133596.32962311897,-133596.32962306184,5.713081918656826e-08,0.43780568272107695,0.437806,True,/Users/alina/Project/26MIgrationBench/cluster/mb_qe16_direct_pf_s42_30791500/neb.out,0.39931757619288766,1.0,30,6.099201161710495e-08,1.1945346274806756e-07
eeda74ca66591319c4cdd231d6089434414024fb00b8831abeb713211d1fcb4b,62e8a6d1d8c1f34d54ace15a0581d5e318fe5d29798e6bb59965bc7a4932a7f6,44c91d7b780b981d70e477a9477f082c2ef0c1806ae5c1275ea7da4781448ad3,mb_qe16_direct_r3_s42_30812496,Sb2Te3Cr_1-6_qe_r3,2,1,0,True,-133597.1500230125,-133597.1500230125,0.0,0.3127942658103932,0.312794,True,/Users/alina/Project/26MIgrationBench/cluster/mb_qe16_direct_pf_s42_30791500/neb.out,0.0,0.0,31,6.833693910353517e-08,1.2654970801828647e-07
88f4bccd2f489ae57f77545381c3ec3f043acafcbf06fc06787308535cc67af9,5feeec750ec56934fe7fae04f560b39c861d97d9e115da2b43dab3583efd1bf5,008085a3cafe12ec48b438f785c96d1108f5aab55acb7b3630ee34fcdbe73556,mb_qe16_direct_r3_s42_30812496,Sb2Te3Cr_1-6_qe_r3,2,2,1,False,-133596.82164253402,-133596.82164257483,4.080357030034065e-08,1.1931809370933706,2.35679,True,/Users/alina/Project/26MIgrationBench/cluster/mb_qe16_direct_pf_s42_30791500/neb.out,0.13309385157178238,0.32423647325937327,12,7.35846013448383e-08,1.2834948041884342e-07
ba91ec9b5e6150bc8f25d5b37f51f810d0b640561480d7f8853d5acb794774a5,e2bd305471c6bdc505debf7bfa1264d714705f358a96e23a88be5099f131bb43,a668809625cfe2ac53a6089bb246b3b5747bea240294016939b371e8defec4cc,mb_qe16_direct_r3_s42_30812496,Sb2Te3Cr_1-6_qe_r3,2,3,1,False,-133596.11765159026,-133596.11765159844,8.17817635834217e-09,0.5846863065683012,0.572851,True,/Users/alina/Project/26MIgrationBench/cluster/mb_qe16_direct_pf_s42_30791500/neb.out,0.20888724406645978,0.508880481894013,12,7.399265716108983e-08,1.2726961701181594e-07
c345777aae8a214f2d9b64190ccc9809f8adbf68c887aa8302ac275c3f2ff3a9,b35161b788be64684bba1dc4156813d9aefd1ac81f5b2b011392eda045e26560,c17f8220c21d3990e7deaca692bc811dbbd35a3cca7b4d3a0ff9eec47428d139,mb_qe16_direct_r3_s42_30812496,Sb2Te3Cr_1-6_qe_r3,2,4,1,False,-133596.36806559673,-133596.36806553687,5.986657924950123e-08,0.9277196929651703,0.368444,True,/Users/alina/Project/26MIgrationBench/cluster/mb_qe16_direct_pf_s42_30791500/neb.out,0.30339493419131897,0.7391153107767525,12,6.941429929920792e-08,1.2850374662325484e-07
53b6c191db0f4a028e3371accc37d2ec728302e9f949ff0472c3d1e16a2cfec9,06d99169335329fffacb0a0647215dbd4c1786945bfe13ffcd43f4f9fea06716,3964c5f125dd97a12324dae72ba37fbf556e38c0bb69add29adeb1a2beba7b1b,mb_qe16_direct_r3_s42_30812496,Sb2Te3Cr_1-6_qe_r3,2,5,0,True,-133596.32962311897,-133596.32962306184,5.713081918656826e-08,0.43780568272107695,0.437806,True,/Users/alina/Project/26MIgrationBench/cluster/mb_qe16_direct_pf_s42_30791500/neb.out,0.41048389847651046,1.0,30,6.099201161710495e-08,1.1945346274806756e-07
7f153027b46c01bf7d682a9e06d2a07e5d09005752f7445c2130640e653e1c9b,bda61d350ea1c698151d9270b9e71ce2dbee0703e3fc2c4c77650a9d574c8a1c,44c91d7b780b981d70e477a9477f082c2ef0c1806ae5c1275ea7da4781448ad3,mb_qe16_direct_r3_s42_30812496,Sb2Te3Cr_1-6_qe_r3,3,1,0,True,-133597.1500230125,-133597.1500230125,0.0,0.3127942658103932,0.312794,True,/Users/alina/Project/26MIgrationBench/cluster/mb_qe16_direct_pf_s42_30791500/neb.out,0.0,0.0,31,6.833693910353517e-08,1.2654970801828647e-07
18e73300d78fb8fab787db51f58b8218cdd783beeac04fd13962338fd385af83,af18a2f69fc2c6a40c4f24d7271316c80d7143514e06b05a4f75730ca9d2c477,8fca4d58083ce3948ba0fb31ddc496318c6d1c4d4cd85cbfecc6c5bdc9ff98c0,mb_qe16_direct_r3_s42_30812496,Sb2Te3Cr_1-6_qe_r3,3,2,2,False,-133596.73962864038,-133596.73962863768,2.7066562324762344e-09,1.3607359120929985,0.536152,True,/Users/alina/Project/26MIgrationBench/cluster/mb_qe16_direct_pf_s42_30791500/neb.out,0.1454623292907197,0.3494979193565912,30,7.413253087618509e-08,1.280923700840847e-07
adca1e3b05886f3f167adef09f8a9a1cc11db493003d100477e446b99f6bb18d,a63545b180a569788648b6acf373680f4acd9cb1c0d314f1922c92792dd43b8f,4cf127242f90d292319e86c0b7a491fe82999ade1d20ae1069c6bb74d007d9d9,mb_qe16_direct_r3_s42_30812496,Sb2Te3Cr_1-6_qe_r3,3,3,2,False,-133596.31255613753,-133596.3125561321,5.4424162954092026e-09,0.4565451911232451,0.442927,True,/Users/alina/Project/26MIgrationBench/cluster/mb_qe16_direct_pf_s42_30791500/neb.out,0.21300546897368916,0.5117817690729691,34,7.64743636916049e-08,1.2824663628285826e-07
c7b8fed329e2835161208d3d99808cf74a28ef3327ee23eba4d142f31996ce19,88718cbb289a4f4042f66f9cc7ff15c75ce6213d3c58dd4bd0f0f93f451c48c9,2946361b2e87ab9dc69a68d8d4e66ec78a9fcdc5a8f7ff3a34eb7f7bd652c286,mb_qe16_direct_r3_s42_30812496,Sb2Te3Cr_1-6_qe_r3,3,4,2,False,-133596.57698482423,-133596.5769848188,5.4424162954092026e-09,0.8696442902850535,1.449612,True,/Users/alina/Project/26MIgrationBench/cluster/mb_qe16_direct_pf_s42_30791500/neb.out,0.3061706191851171,0.7356268450744827,31,7.189675512168808e-08,1.2819521422180458e-07
133aac2fbd40a08b9ca8fb7a42fc338c7a78f81073e7dacc3d6ab6c0a32199b3,8fa8965bd4d5e95b4c7c5183ec096eddff7acda8f70a63541392b438402e56f9,3964c5f125dd97a12324dae72ba37fbf556e38c0bb69add29adeb1a2beba7b1b,mb_qe16_direct_r3_s42_30812496,Sb2Te3Cr_1-6_qe_r3,3,5,0,True,-133596.32962311897,-133596.32962306184,5.713081918656826e-08,0.43780568272107695,0.437806,True,/Users/alina/Project/26MIgrationBench/cluster/mb_qe16_direct_pf_s42_30791500/neb.out,0.4162037060435405,1.0,30,6.099201161710495e-08,1.1945346274806756e-07
382e850e9ac4832b53256c2943c75fea614185f16e4004ae5965127f85bdde44,d971077bcfc1b30436b3bdf1b51f31ecf22690b192ba66b23ef069f02881225e,44c91d7b780b981d70e477a9477f082c2ef0c1806ae5c1275ea7da4781448ad3,mb_qe16_direct_r3_s42_30812496,Sb2Te3Cr_1-6_qe_r3,4,1,0,True,-133597.1500230125,-133597.1500230125,0.0,0.3127942658103932,0.312794,True,/Users/alina/Project/26MIgrationBench/cluster/mb_qe16_direct_pf_s42_30791500/neb.out,0.0,0.0,31,6.833693910353517e-08,1.2654970801828647e-07
97d80e818fbf697c364e786ad86ee164114562a648b338bfc4472c7f11b67b4a,c6b54d7787a9e416a041653365b69c9bc6d56224c7da3772a594f3f05bcdea3a,69f3010b33bac613f429711d4f9b4772c83f0dd3b7dac6df5c437d9abafab628,mb_qe16_direct_r3_s42_30812496,Sb2Te3Cr_1-6_qe_r3,4,2,3,False,-133596.67621930758,-133596.67621928582,2.176966518163681e-08,1.3552641973926103,1.898022,True,/Users/alina/Project/26MIgrationBench/cluster/mb_qe16_direct_pf_s42_30791500/neb.out,0.14488021918294033,0.3482344661366487,30,7.440980683568775e-08,1.281952142192025e-07
ba0eea866994e49109c49511d24d018e22b8dd59bb6a1ac8c45c6382766ad817,4e3540cc9c6a3aaa803c2284ee1c4fd8d788a9e8325d106f51ec80cf4174c7bf,751724f7a42aff2be1185c722f38fe43883151f5b0f3f8edb3fc360045e37b4e,mb_qe16_direct_r3_s42_30812496,Sb2Te3Cr_1-6_qe_r3,4,3,3,False,-133596.38205878,-133596.38205880174,2.1740561351180077e-08,0.40660782697184716,2.280708,True,/Users/alina/Project/26MIgrationBench/cluster/mb_qe16_direct_pf_s42_30791500/neb.out,0.21299189885657094,0.5119478739612696,30,7.753623287366425e-08,1.2732103906940018e-07
2d955e3e3252f05a1a1bd2b31f503e9d14a05a0941440c8ef12dc579bbc4b5c5,969117cf367840ace28283860e1bbcb6c898ebc768dfa4377e1b5547264d952a,1a1022622b6d01a49071f9f254ee789c22a064a1282d1348a991e9e942fe4012,mb_qe16_direct_r3_s42_30812496,Sb2Te3Cr_1-6_qe_r3,4,4,3,False,-133596.65365208863,-133596.65365212128,3.2654497772455215e-08,0.8473678979831024,1.757692,True,/Users/alina/Project/26MIgrationBench/cluster/mb_qe16_direct_pf_s42_30791500/neb.out,0.30619424836717307,0.7359692801100506,23,7.366377066350434e-08,1.275781494336492e-07
e76da613584b422a435deb39591e6da533ad0f33c361351973ab92b4fa981e7a,dd1220ac691b157c57a0fd8fc098a40760d1cd12f7cfb9278030af995275dfd1,3964c5f125dd97a12324dae72ba37fbf556e38c0bb69add29adeb1a2beba7b1b,mb_qe16_direct_r3_s42_30812496,Sb2Te3Cr_1-6_qe_r3,4,5,0,True,-133596.32962311897,-133596.32962306184,5.713081918656826e-08,0.43780568272107695,1.512456,True,/Users/alina/Project/26MIgrationBench/cluster/mb_qe16_direct_pf_s42_30791500/neb.out,0.4160421591528758,1.0,30,6.099201161710495e-08,1.1945346274806756e-07
69f48beee3c23265784466ea8f892e2939c26ba4436784fc6379f7375b9fa563,cee4ec9dff87d3b1f571ec6e5c5ffc74a0e88a98cb811a498f033bce2087725c,44c91d7b780b981d70e477a9477f082c2ef0c1806ae5c1275ea7da4781448ad3,mb_qe16_direct_r3_s42_30812496,Sb2Te3Cr_1-6_qe_r3,5,1,0,True,-133597.1500230125,-133597.1500230125,0.0,0.3127942658103932,0.312794,True,/Users/alina/Project/26MIgrationBench/cluster/mb_qe16_direct_pf_s42_30791500/neb.out,0.0,0.0,31,6.833693910353517e-08,1.2654970801828647e-07
36175a9fa28b4226fce86d4ba8f63d166c0b97d0bb0b84bbfb17dad1f87504b4,c04bae2224a7751560679399e6b49ea1d5e92747f5c7f109c060c8cdbe1604d8,eb39042bd9f7322138babec3bf6b531fdc06f51f6a3516c7e4fc8a2b628bab9f,mb_qe16_direct_r3_s42_30812496,Sb2Te3Cr_1-6_qe_r3,5,2,4,False,-133596.68124674726,-133596.68124680713,5.986657924950123e-08,1.3546277085709915,1.803642,True,/Users/alina/Project/26MIgrationBench/cluster/mb_qe16_direct_pf_s42_30791500/neb.out,0.14507235760071147,0.3485507032379858,17,7.319041554832553e-08,1.2850374664363784e-07
8cf60f277c1fe84e75748e106b6a95342625d79d6aa13616d9eca6f056f8e88b,f9bd19138a124647e0ac9f47f1f1789028a3ce80cf453f53b64ea4eb76248784,f22785d00e8ac0ccd185cf0467aab49d776204dc34ecba0e59e460f5ffaf5db9,mb_qe16_direct_r3_s42_30812496,Sb2Te3Cr_1-6_qe_r3,5,3,4,False,-133596.3802792914,-133596.38027924238,4.901085048913956e-08,0.40570088850780683,2.266497,True,/Users/alina/Project/26MIgrationBench/cluster/mb_qe16_direct_pf_s42_30791500/neb.out,0.21318523844061477,0.5121986435413769,16,7.827833642637775e-08,1.2809237008321733e-07
e04eed6582048001851b85b9986f3dad69bd1ae9a6570e7310909c51774c0259,86a94665d000c21237f72f29e16220eb3524578dbbee3aa873f707354a26f384,6c0156e3269bc9671835ca3f5dbc512cc97b0045145e873e832b6fc88a45a839,mb_qe16_direct_r3_s42_30812496,Sb2Te3Cr_1-6_qe_r3,5,4,4,False,-133596.65208321615,-133596.65208327875,6.26023393124342e-08,0.8465521795503859,1.742575,True,/Users/alina/Project/26MIgrationBench/cluster/mb_qe16_direct_pf_s42_30791500/neb.out,0.30634709720425635,0.73602923349014,14,7.641962368168279e-08,1.277324156111724e-07
c63c4f852e6fabe9ec89b8410e5c84ff0b4e0171b0c1f5823597dcbb4abe5049,5c3de48d62bb468163a8f3ed90e622160ad7c8fc447412a5fd474ffccfb0a6ff,3964c5f125dd97a12324dae72ba37fbf556e38c0bb69add29adeb1a2beba7b1b,mb_qe16_direct_r3_s42_30812496,Sb2Te3Cr_1-6_qe_r3,5,5,0,True,-133596.32962311897,-133596.32962306184,5.713081918656826e-08,0.43780568272107695,1.50468,True,/Users/alina/Project/26MIgrationBench/cluster/mb_qe16_direct_pf_s42_30791500/neb.out,0.4162159371735881,1.0,30,6.099201161710495e-08,1.1945346274806756e-07
a2fdb424e2058db322c7bfc744d340a8a90ec3b243da7fa0b209a64d8496b412,57392fa09a09ddf9333f2d935525e132215be1fd768670d9891a5972fdac766a,44c91d7b780b981d70e477a9477f082c2ef0c1806ae5c1275ea7da4781448ad3,mb_qe16_direct_r3_s42_30812496,Sb2Te3Cr_1-6_qe_r3,6,1,0,True,-133597.1500230125,-133597.1500230125,0.0,0.3127942658103932,0.312794,True,/Users/alina/Project/26MIgrationBench/cluster/mb_qe16_direct_pf_s42_30791500/neb.out,0.0,0.0,31,6.833693910353517e-08,1.2654970801828647e-07
58cd38b3b2360aea1f080adb2733dca32886ac64855a9252423fb94742a6538f,1a7b2ada76996a8a843a93b003b0d9006f97ff04e8d15ee44ca59316bb961de9,b96435597793f23b48b82fb807b2829d2b3a91c38f6de6ffb642e0bb5a6de3c6,mb_qe16_direct_r3_s42_30812496,Sb2Te3Cr_1-6_qe_r3,6,2,5,False,-133596.6812523256,-133596.6812523147,1.0884832590818405e-08,1.3537850091350627,1.812779,True,/Users/alina/Project/26MIgrationBench/cluster/mb_qe16_direct_pf_s42_30791500/neb.out,0.14494039295347602,0.34808492316862555,14,7.745214875826873e-08,1.2660113016260688e-07
ab1e16ad03f48d14ad8bffdd30a93b00f0d5b9d47cec440e95e362e9dcb3ee0d,7a4d7a49c6e3fab72ae979f0ac6b172c1034b93e2357415be22ade1925643f3f,9818e4da7a36b3b7d00a6c9a9557802868678a8c98ffd528336e1bacd8ff3a7f,mb_qe16_direct_r3_s42_30812496,Sb2Te3Cr_1-6_qe_r3,6,3,5,False,-133596.38218027883,-133596.38218024347,3.536115400493145e-08,0.4055174778301019,2.251572,True,/Users/alina/Project/26MIgrationBench/cluster/mb_qe16_direct_pf_s42_30791500/neb.out,0.21352763682617082,0.5128021909177067,14,7.600452505853095e-08,1.2742388320885478e-07
1d9d8745bfac2108d159d333e32168ee272649edc54accee22c259efbef7ffa5,0f5b3a388359c0ad636063dfc14bfa3d14f14e7740b6f467f17129bc75a6df2b,195793156e1ae264ab27763621f19b0296decf4b296163db3c2f095918a5a8db,mb_qe16_direct_r3_s42_30812496,Sb2Te3Cr_1-6_qe_r3,6,4,5,False,-133596.65443713713,-133596.65443719426,5.713081918656826e-08,0.8471038967108558,1.705765,True,/Users/alina/Project/26MIgrationBench/cluster/mb_qe16_direct_pf_s42_30791500/neb.out,0.30664456615865504,0.7364292870771613,11,7.443249342097237e-08,1.278352597462902e-07
4e5f7979a347e256f4124dca421011a07285e74ac085fb6cb8c8b52a87d60825,b0ee97e8f429b1787ee042f14f8144ee63f79723cc02c3f20c31033eb0b700fb,3964c5f125dd97a12324dae72ba37fbf556e38c0bb69add29adeb1a2beba7b1b,mb_qe16_direct_r3_s42_30812496,Sb2Te3Cr_1-6_qe_r3,6,5,0,True,-133596.32962311897,-133596.32962306184,5.713081918656826e-08,0.43780568272107695,1.508062,True,/Users/alina/Project/26MIgrationBench/cluster/mb_qe16_direct_pf_s42_30791500/neb.out,0.41639376860704014,1.0,30,6.099201161710495e-08,1.1945346274806756e-07
67d35b429f88b7a4213694f195ec9bcc5b99487a319da36db106ea18e0828f26,c965002d8cbec32d99294956cfbcf7e2fa9fc3e661ba63f59caae6c956a6fac4,44c91d7b780b981d70e477a9477f082c2ef0c1806ae5c1275ea7da4781448ad3,mb_qe16_direct_r3_s42_30812496,Sb2Te3Cr_1-6_qe_r3,7,1,0,True,-133597.1500230125,-133597.1500230125,0.0,0.3127942658103932,0.312794,True,/Users/alina/Project/26MIgrationBench/cluster/mb_qe16_direct_pf_s42_30791500/neb.out,0.0,0.0,31,6.833693910353517e-08,1.2654970801828647e-07
b35e74f70107b173a8b5f28d508c7c53f92e9c68afb00c5e58581aee8d61f0de,0ce8ec6c71a2a6669e867afc9470cd8449402436fcf6f975528a702977e82fab,ad94d587b89958dc54f757a49e4da4ec43796783ed2df8241b35c0f310603dab,mb_qe16_direct_r3_s42_30812496,Sb2Te3Cr_1-6_qe_r3,7,2,6,False,-133596.68543308295,-133596.68543314282,5.986657924950123e-08,1.3522806346084797,1.752011,True,/Users/alina/Project/26MIgrationBench/cluster/mb_qe16_direct_pf_s42_30791500/neb.out,0.14481038313875835,0.3476207643635929,14,7.782374230572629e-08,1.275781494336492e-07
c7c0276f55225e0be5d773b4f770117859e82d87f094194a8fcc86d216a91312,b892b8ed5f0eca1dfcc1f22598821d88aef5c7269d90e45c06e01a4738604e64,08505ca7ed049f043d714ecb496baf7fbd87c774adfbea8d646745983c8683fc,mb_qe16_direct_r3_s42_30812496,Sb2Te3Cr_1-6_qe_r3,7,3,6,False,-133596.3842094319,-133596.38420947272,4.080357030034065e-08,0.40627399388063545,2.213383,True,/Users/alina/Project/26MIgrationBench/cluster/mb_qe16_direct_pf_s42_30791500/neb.out,0.2138680420050666,0.5133953147786948,14,7.827022709573673e-08,1.281952142079268e-07
ee96b4d79dd4adb6dedec2409f67693d15e95f000c36901d9ce4837a4f1e99e1,3388cd2d69a4e88f4168505663e9214b0d2b5822f2ad076ae5baa192873a0551,c935f5bb28564c7363d14a43cf30ddbccb01ec170d1979b895f978effb48f050,mb_qe16_direct_r3_s42_30812496,Sb2Te3Cr_1-6_qe_r3,7,4,6,False,-133596.65738508262,-133596.65738513708,5.445326678454876e-08,0.840838403740602,1.740043,True,/Users/alina/Project/26MIgrationBench/cluster/mb_qe16_direct_pf_s42_30791500/neb.out,0.3069447276363815,0.736828109460167,16,7.18162333258061e-08,1.2721819493688447e-07
3e82f9da5461c8bfe77b8cdb8c48617fd313e5bc89ab585d1aba0463762f44bb,dca58586648d22f897e189af62b6de1be1744836c8b59ceb6c3d371a08079413,3964c5f125dd97a12324dae72ba37fbf556e38c0bb69add29adeb1a2beba7b1b,mb_qe16_direct_r3_s42_30812496,Sb2Te3Cr_1-6_qe_r3,7,5,0,True,-133596.32962311897,-133596.32962306184,5.713081918656826e-08,0.43780568272107695,1.507258,True,/Users/alina/Project/26MIgrationBench/cluster/mb_qe16_direct_pf_s42_30791500/neb.out,0.41657575721597107,1.0,30,6.099201161710495e-08,1.1945346274806756e-07
dbb51615608d0e544c79b35970a73c559b5be4c92c816ccae925ff73b0c88ceb,f9b8e3780e93bdcee621d5ab2e2006b7fa677fa487645b74a41dfdd54478b3f9,44c91d7b780b981d70e477a9477f082c2ef0c1806ae5c1275ea7da4781448ad3,mb_qe16_direct_r3_s42_30812496,Sb2Te3Cr_1-6_qe_r3,8,1,0,True,-133597.1500230125,-133597.1500230125,0.0,0.3127942658103932,0.312794,True,/Users/alina/Project/26MIgrationBench/cluster/mb_qe16_direct_pf_s42_30791500/neb.out,0.0,0.0,31,6.833693910353517e-08,1.2654970801828647e-07
0ee4c1b6aecfb2eb92f140e2c3a45f794100d1c63f84d89d15faa3d65deaccc0,d9bca44f7b15fa7099c2d1b88667c07b61b94a866909d66d525ae1682a789aca,9fa91cf8062e2b056678be0ff2b060470de7554b0a6a9f454c1dbd4dbe2b26dc,mb_qe16_direct_r3_s42_30812496,Sb2Te3Cr_1-6_qe_r3,8,2,7,False,-133596.68958091456,-133596.68958097717,6.26023393124342e-08,1.3505222154567804,1.691955,True,/Users/alina/Project/26MIgrationBench/cluster/mb_qe16_direct_pf_s42_30791500/neb.out,0.1445563840889936,0.3467083915786277,14,7.737652028778447e-08,1.2855516869081374e-07
584dea8c735da7c180dacb580df5da9b56a0f0db39f4c6fab6c73312e3c4ec2a,1760769baf31f09b8287c0d1501b2b7a20689228a9abce638face200a9895ee0,42cd5a0be514073a48457f708a10e2e6068ab4df12e66c30a90bf3cb7d863f2e,mb_qe16_direct_r3_s42_30812496,Sb2Te3Cr_1-6_qe_r3,8,3,7,False,-133596.38623082972,-133596.38623080796,2.176966518163681e-08,0.4052903205344707,2.175493,True,/Users/alina/Project/26MIgrationBench/cluster/mb_qe16_direct_pf_s42_30791500/neb.out,0.21454139349012022,0.514562548951171,15,7.333328958690374e-08,1.276809935141232e-07
ab59de615bc1e4f8d6128c9100bd1e6d1e38984c2b19dfe235c45dfe443559cc,863420a891dff7f78b1e0bd0daa17c0c23c09f18cff273e9364b697bb44a81bb,f317d4b50ef15bc03eada67738b1cd5e33f76b3a5b329bda8691c61a9a23b5e8,mb_qe16_direct_r3_s42_30812496,Sb2Te3Cr_1-6_qe_r3,8,4,7,False,-133596.66037656637,-133596.6603765147,5.168840289115906e-08,0.837143925795382,1.732374,True,/Users/alina/Project/26MIgrationBench/cluster/mb_qe16_direct_pf_s42_30791500/neb.out,0.30754112431616487,0.7376159083385568,12,7.663371271199015e-08,1.281437921512099e-07
3b2efe48a8721904f9693cf42588e799e0d3969b6329469ea4c3181a1509808b,8fd4c9f0e6ef7ac8c3c0a4f6c655ff79d8274b237b42d4563f6ab9564832e62b,3964c5f125dd97a12324dae72ba37fbf556e38c0bb69add29adeb1a2beba7b1b,mb_qe16_direct_r3_s42_30812496,Sb2Te3Cr_1-6_qe_r3,8,5,0,True,-133596.32962311897,-133596.32962306184,5.713081918656826e-08,0.43780568272107695,1.506663,True,/Users/alina/Project/26MIgrationBench/cluster/mb_qe16_direct_pf_s42_30791500/neb.out,0.41693938652826235,1.0,30,6.099201161710495e-08,1.1945346274806756e-07
7ac954112dd447641b9f887b82e14573e5581d4fa30af52f163faceac73fccc7,bef9d5d1cccd5b9b6667af7ef554750e92111721b51b415d094de984fca334f7,44c91d7b780b981d70e477a9477f082c2ef0c1806ae5c1275ea7da4781448ad3,mb_qe16_direct_r3_s42_30812496,Sb2Te3Cr_1-6_qe_r3,9,1,0,True,-133597.1500230125,-133597.1500230125,0.0,0.3127942658103932,0.312794,True,/Users/alina/Project/26MIgrationBench/cluster/mb_qe16_direct_pf_s42_30791500/neb.out,0.0,0.0,31,6.833693910353517e-08,1.2654970801828647e-07
c3d07114fd412fcd67499a1aceac4232f47cab7a4e860fdde0ac59849319ee54,7ae898d3496eb42b63f70c13ca1361b4112081587a0c4ed2871614e6c0a40377,3815add88226e5939fb6325979b80d3bb725d3cb23758a44d50c6fbf24e81b8b,mb_qe16_direct_r3_s42_30812496,Sb2Te3Cr_1-6_qe_r3,9,2,8,False,-133596.6977251464,-133596.6977251464,0.0,1.3463629493170726,1.574295,True,/Users/alina/Project/26MIgrationBench/cluster/mb_qe16_direct_pf_s42_30791500/neb.out,0.14393073727817685,0.344483232177911,18,7.14077263361098e-08,1.2845232455482858e-07
869dbe007372f5856d6876519fbfbf9f0ba92544194a1e2916f0979dd20fcc4a,443d06b5467c07f87273a3fcdb32409eaf976250f291441ee00e6af858bcf770,1d321af176d2dd6536976573670aa42da582dd739be1ff7b4e597f9d79f70741,mb_qe16_direct_r3_s42_30812496,Sb2Te3Cr_1-6_qe_r3,9,3,8,False,-133596.39028831953,-133596.3902883413,2.176966518163681e-08,0.40489871706089503,2.10134,True,/Users/alina/Project/26MIgrationBench/cluster/mb_qe16_direct_pf_s42_30791500/neb.out,0.21614711903390194,0.5173256220235585,19,7.159176427934047e-08,1.278866818138491e-07
606254d9fb24b8b7af916ffd9799dedddbb5b5b2e7fe0b2c8891270792312055,1cc0b61f60d7561955985575d0c3192db4588a30bc5d891043aa48624aa686f1,491b37c1844288c38c7cf366f65ade00d9b34f4e9d5af3d9caeb892d36577146,mb_qe16_direct_r3_s42_30812496,Sb2Te3Cr_1-6_qe_r3,9,4,8,False,-133596.66626769546,-133596.66626773085,3.5390257835388184e-08,0.8286421584018123,1.719835,True,/Users/alina/Project/26MIgrationBench/cluster/mb_qe16_direct_pf_s42_30791500/neb.out,0.30897444436008364,0.7394981590890101,17,7.456481170868245e-08,1.2798952594983426e-07
703b309e523a9d95393b1b26955db84b014418dad59d6a2b4a4c9da4f7a7b8c7,a3b61cecb1901e01217c74372d8e958238d9ca8bbb24f58b557c288951296e40,3964c5f125dd97a12324dae72ba37fbf556e38c0bb69add29adeb1a2beba7b1b,mb_qe16_direct_r3_s42_30812496,Sb2Te3Cr_1-6_qe_r3,9,5,0,True,-133596.32962311897,-133596.32962306184,5.713081918656826e-08,0.43780568272107695,1.505376,True,/Users/alina/Project/26MIgrationBench/cluster/mb_qe16_direct_pf_s42_30791500/neb.out,0.41781638069350996,1.0,30,6.099201161710495e-08,1.1945346274806756e-07
be086a751d0f6fda34cdde2d6b9f4cbc44d2c83cd788bec4698c5e1d7af50d52,2258d96324671d48ba84cc0bb2457bbaf0cfa973df55dd153ad50b8179bb5823,44c91d7b780b981d70e477a9477f082c2ef0c1806ae5c1275ea7da4781448ad3,mb_qe16_direct_r3_s42_30812496,Sb2Te3Cr_1-6_qe_r3,10,1,0,True,-133597.1500230125,-133597.1500230125,0.0,0.3127942658103932,0.312794,True,/Users/alina/Project/26MIgrationBench/cluster/mb_qe16_direct_pf_s42_30791500/neb.out,0.0,0.0,31,6.833693910353517e-08,1.2654970801828647e-07
d249fadae50b370126fa81248643bb2e677d35ca5a7f40693df4a63aa5578493,b0cd63bdfc09a49cc26c8b1190ae8fc2b2555174b3fd4b5ac9eb76f3e30a0121,c35b5c115eaf071bdf39beca6719781f408c02011d52476a88595cc6671efa1a,mb_qe16_direct_r3_s42_30812496,Sb2Te3Cr_1-6_qe_r3,10,2,9,False,-133596.71715924636,-133596.7171592246,2.176966518163681e-08,1.3362844875739237,1.297097,True,/Users/alina/Project/26MIgrationBench/cluster/mb_qe16_direct_pf_s42_30791500/neb.out,0.14279317823308865,0.3403681862212352,19,7.314157353325821e-08,1.2752672734483994e-07
c19a9aea8d12c0ccdebf841a4799a0313616a910cbb2094f9f92c1182a9c5594,bea9170ba228eec82d92457403c637ceec507c2bfa01dd7f0888da09064121f0,0df700091331e54bd576fc156dd55df4c6be3805474c7d4febcb17553b448447,mb_qe16_direct_r3_s42_30812496,Sb2Te3Cr_1-6_qe_r3,10,3,9,False,-133596.39998251194,-133596.39998257995,6.801565177738667e-08,0.40659657299972957,1.929568,True,/Users/alina/Project/26MIgrationBench/cluster/mb_qe16_direct_pf_s42_30791500/neb.out,0.21915787758112232,0.5223944883880789,18,7.510499198125951e-08,1.2850374667139342e-07
ffe778d8f7b032e06e0d4f2e11ea424d8afeba80b8bedbb99118831f30bb6690,7021af575c7dd1c43dc18867961801641b07c3ee8410678443d641f96fd7fb1e,969830eb326b8ffbc9920b2b28834f8bea4faec648d586bafbe35ccc2d0deadc,mb_qe16_direct_r3_s42_30812496,Sb2Te3Cr_1-6_qe_r3,10,4,9,False,-133596.6800588342,-133596.6800588532,1.900480128824711e-08,0.809072112717924,1.688787,True,/Users/alina/Project/26MIgrationBench/cluster/mb_qe16_direct_pf_s42_30791500/neb.out,0.311691045841394,0.7429606739424166,22,7.505398458093374e-08,1.2845232455591278e-07
bde20f608175696a4ac7377ac7d1ed39f83ddc07770e2ddb4f799fb53a6394be,c8281b8f104e8c31e56aa80804aeeafca19c62894b6b04d5082aab0296ef1282,3964c5f125dd97a12324dae72ba37fbf556e38c0bb69add29adeb1a2beba7b1b,mb_qe16_direct_r3_s42_30812496,Sb2Te3Cr_1-6_qe_r3,10,5,0,True,-133596.32962311897,-133596.32962306184,5.713081918656826e-08,0.43780568272107695,1.501445,True,/Users/alina/Project/26MIgrationBench/cluster/mb_qe16_direct_pf_s42_30791500/neb.out,0.4195256314004471,1.0,30,6.099201161710495e-08,1.1945346274806756e-07
4b222ad75e4f482859b7ae939761255983a94bf92103e9c8e92a29ddbe12c9e4,c16694f04911c0c5979c80508d9533be845120c7529ec485dfeb2962713c0be5,44c91d7b780b981d70e477a9477f082c2ef0c1806ae5c1275ea7da4781448ad3,mb_qe16_direct_r3_s42_30812496,Sb2Te3Cr_1-6_qe_r3,11,1,0,True,-133597.1500230125,-133597.1500230125,0.0,0.3127942658103932,0.312794,True,/Users/alina/Project/26MIgrationBench/cluster/mb_qe16_direct_pf_s42_30791500/neb.out,0.0,0.0,31,6.833693910353517e-08,1.2654970801828647e-07
51108bcaa45d5dd49c8eaad43e9ceae63c583cc6c4f0fe2a689ec3c2619c9a7c,87707f7968993a887f66bf4b6e5bac3802fd0087b7a6715935836b1f6ab6300b,b9da914e13a9e28cc4703197aa8427fdd0c2d5b7c1ae45e9a7930133214ad20a,mb_qe16_direct_r3_s42_30812496,Sb2Te3Cr_1-6_qe_r3,11,2,10,False,-133596.75252588507,-133596.7525258633,2.176966518163681e-08,1.3157822316396799,0.806914,True,/Users/alina/Project/26MIgrationBench/cluster/mb_qe16_direct_pf_s42_30791500/neb.out,0.14141643763665399,0.3352441528610799,23,7.529038356421743e-08,1.2798952594853322e-07
5150faf22fa3d00f5c9a576a219421e9619b3db9febe4e93d09c8a06d5e7ba20,319c8aca86692ccec737c19673c9b56652d8892b9d459eaa0d92239cc10a887e,171819d943513143d6bd538d41de2bda33949cd8dae7ac587c25805ee1889aaf,mb_qe16_direct_r3_s42_30812496,Sb2Te3Cr_1-6_qe_r3,11,3,10,False,-133596.41857047382,-133596.4185704956,2.176966518163681e-08,0.4048188177923005,1.621277,True,/Users/alina/Project/26MIgrationBench/cluster/mb_qe16_direct_pf_s42_30791500/neb.out,0.22300593093454912,0.5286615590702156,21,7.461628092732747e-08,1.268582404640806e-07
b6056299e39c497726ef249e6122f21579780d0ebca898fb50cc054cada022f5,cf77b689bfd1cee5f991f3fdedb0719f3da47a64c21e5fb407848ea7da78490e,bb6a36660e0d3bfaf0cbfff69e23c16f84e5bd6c643f291e1bff5056df38d471,mb_qe16_direct_r3_s42_30812496,Sb2Te3Cr_1-6_qe_r3,11,4,10,False,-133596.70522025065,-133596.7052202479,2.735760062932968e-09,0.7699687342270488,1.634392,True,/Users/alina/Project/26MIgrationBench/cluster/mb_qe16_direct_pf_s42_30791500/neb.out,0.31521635800816394,0.7472571270669022,20,7.231519154555842e-08,1.278866818277269e-07
860348c99a1fc7fb5e2c672765f6d0be4e25457179886ff5ed7030713e0f612b,b92892eb62c425326a3352122a28829c695abb9b55ed37fdfc89366390d80370,3964c5f125dd97a12324dae72ba37fbf556e38c0bb69add29adeb1a2beba7b1b,mb_qe16_direct_r3_s42_30812496,Sb2Te3Cr_1-6_qe_r3,11,5,0,True,-133596.32962311897,-133596.32962306184,5.713081918656826e-08,0.43780568272107695,1.492411,True,/Users/alina/Project/26MIgrationBench/cluster/mb_qe16_direct_pf_s42_30791500/neb.out,0.42183118312358703,1.0,30,6.099201161710495e-08,1.1945346274806756e-07
e6b4959858e9c1cddf18e23c779b006917369bf64bea9cf2dcb6f883830e3138,edbe74542642a77d7efae39550834e70d886d550c5bcee2c59130fe0de017a2b,44c91d7b780b981d70e477a9477f082c2ef0c1806ae5c1275ea7da4781448ad3,mb_qe16_direct_r3_s42_30812496,Sb2Te3Cr_1-6_qe_r3,12,1,0,True,-133597.1500230125,-133597.1500230125,0.0,0.3127942658103932,0.312794,True,/Users/alina/Project/26MIgrationBench/cluster/mb_qe16_direct_pf_s42_30791500/neb.out,0.0,0.0,31,6.833693910353517e-08,1.2654970801828647e-07
2e8d9a2b97e8131dabeeac0c40ffd22ea05ea4379eb35414d5c40a99ee273ade,b2f2ac31a5687df866045577ddadea36ac38ea39fe07500893bad2100dd308b4,4b008cc1b8420f19802ed681ec6fab4d1be84f678155af7660beb8c963c10bae,mb_qe16_direct_r3_s42_30812496,Sb2Te3Cr_1-6_qe_r3,12,2,11,False,-133596.7956849124,-133596.7956849396,2.7212081477046013e-08,1.2874888367419584,0.416061,True,/Users/alina/Project/26MIgrationBench/cluster/mb_qe16_direct_pf_s42_30791500/neb.out,0.139160708883026,0.32637236891109456,21,7.658799853808476e-08,1.282980583543203e-07
8f8c33e48b7a03182fb8f959707ee306e27f03f955c60a41329f92960024aa4e,efb4b7279d23778f2309bc9e2ab2d4aabbb19f903d5e08891cfbf345e7136edf,a1bad2b05a20766886d810389ab5a2906ea6749023ab5ce84cb0b5fe09bb1c9e,mb_qe16_direct_r3_s42_30812496,Sb2Te3Cr_1-6_qe_r3,12,3,11,False,-133596.44307704826,-133596.44307699113,5.713081918656826e-08,0.40263687874599674,1.257698,True,/Users/alina/Project/26MIgrationBench/cluster/mb_qe16_direct_pf_s42_30791500/neb.out,0.2300130965990928,0.5394476632101931,23,7.218988568061905e-08,1.2732103906940018e-07
da7b4c499b54c6efe35406d8f5e3b35eba4921b95bf46dc620ea32b7bb9ab6a5,1b0f4dcb1c697432d722205482613d7853f6f8079ded993413771e6237e93e4e,5f7e3ee31a4cf19b77b25ccf1e485d8d18cde5732164f9ba16c9a73b97ab808c,mb_qe16_direct_r3_s42_30812496,Sb2Te3Cr_1-6_qe_r3,12,4,11,False,-133596.7360718401,-133596.7360718809,4.080357030034065e-08,0.716774069453904,1.576222,True,/Users/alina/Project/26MIgrationBench/cluster/mb_qe16_direct_pf_s42_30791500/neb.out,0.3218281266519211,0.7547806339927239,21,7.280135089717743e-08,1.278352597462902e-07
cd94b256f989f839c77b4f4b1bc5e4f40ec0b621f5169a3a9b3e800b9a86bc55,a8f18bca0cf1dd34e96d869aa8db47b956897cce93ec33da472e741e1921173c,3964c5f125dd97a12324dae72ba37fbf556e38c0bb69add29adeb1a2beba7b1b,mb_qe16_direct_r3_s42_30812496,Sb2Te3Cr_1-6_qe_r3,12,5,0,True,-133596.32962311897,-133596.32962306184,5.713081918656826e-08,0.43780568272107695,1.47781,True,/Users/alina/Project/26MIgrationBench/cluster/mb_qe16_direct_pf_s42_30791500/neb.out,0.4263863063755072,1.0,30,6.099201161710495e-08,1.1945346274806756e-07
e568f5b24ff5eb453e570873f9de85423549fda9b9611a95632fa1148226eb60,ef35844ad4f1703bf85264d8ca74b6ee0bd834479c8e2de6d899e37cb80b17cc,44c91d7b780b981d70e477a9477f082c2ef0c1806ae5c1275ea7da4781448ad3,mb_qe16_direct_r3_s42_30812496,Sb2Te3Cr_1-6_qe_r3,13,1,0,True,-133597.1500230125,-133597.1500230125,0.0,0.3127942658103932,0.312794,True,/Users/alina/Project/26MIgrationBench/cluster/mb_qe16_direct_r2_s42_30791828/neb.out,0.0,0.0,31,6.833693910353517e-08,1.2654970801828647e-07
b1160156ce8e62c51c2a59d0811c3c53421c61f5834dfa24278d53ff3f2e55e2,8c687d65fdf94b41b7a4f9c077b397dd90cced7830176e523de5eedaa0590469,1e94df39b96ce7c8f6e4daa3af28d7fcdb2335234a10c8e85aff1b4739921a73,mb_qe16_direct_r3_s42_30812496,Sb2Te3Cr_1-6_qe_r3,13,2,12,False,-133596.8685394534,-133596.86853940986,4.353933036327362e-08,1.2341662461411629,0.59525,True,/Users/alina/Project/26MIgrationBench/cluster/mb_qe16_direct_r2_s42_30791828/neb.out,0.13867534981528665,0.32424135440562213,34,7.872902588598339e-08,1.280923700996972e-07
c3c6a66c29925e1fa9da4b82eba516cc41081d769ae223e37075f18c1c42bbb6,7fe43f215dc71b1cee5033c2001091507bdd2973f085a03e7966e0274bc2c598,9e7ac9f7faebdec16d1f1adaea8d9175b2258b0d119e7b62f8da7887673ef7e8,mb_qe16_direct_r3_s42_30812496,Sb2Te3Cr_1-6_qe_r3,13,3,12,False,-133596.48993247031,-133596.48993246487,5.4424162954092026e-09,0.400378977902534,0.670227,True,/Users/alina/Project/26MIgrationBench/cluster/mb_qe16_direct_r2_s42_30791828/neb.out,0.23185857052324754,0.542116079297044,28,7.447417416167255e-08,1.2793810388097432e-07
594e0101d98efac5a7036cfdf1fff6c5e55a820542d33abec53937ee6dca0902,7a559a72ab85442f4107a650a92eaf9d9589c137d21b7e4b9f104b9f85623df6,cf51b971f87f9814711094794a613424314407272c75f2b08e9eb112ef8bc28f,mb_qe16_direct_r3_s42_30812496,Sb2Te3Cr_1-6_qe_r3,13,4,12,False,-133596.7888707731,-133596.78887080576,3.2654497772455215e-08,0.6115636007514815,1.490464,True,/Users/alina/Project/26MIgrationBench/cluster/mb_qe16_direct_r2_s42_30791828/neb.out,0.32367531522072757,0.7567958020991162,32,7.761204604005361e-08,1.2732103907138223e-07
a3eecac287036d44bcf26478e4bf0bf194358dd58d0bd6ab06e3a551f99f68bb,8643c467ee65459cd41dac1afd8fbe85b56801fee93b0289d2561d1a6d420e58,3964c5f125dd97a12324dae72ba37fbf556e38c0bb69add29adeb1a2beba7b1b,mb_qe16_direct_r3_s42_30812496,Sb2Te3Cr_1-6_qe_r3,13,5,0,True,-133596.32962311897,-133596.32962306184,5.713081918656826e-08,0.43780568272107695,1.442241,True,/Users/alina/Project/26MIgrationBench/cluster/mb_qe16_direct_r2_s42_30791828/neb.out,0.427691742373508,1.0,30,6.099201161710495e-08,1.1945346274806756e-07
c7fa71d7c6326807731e89c7d817f67148b752ab412b8936c9118396cf402c73,dacdd9952c9ec9d625d0d14f9e74f060100eff2814cec6cc1f703a5d76793dde,44c91d7b780b981d70e477a9477f082c2ef0c1806ae5c1275ea7da4781448ad3,mb_qe16_direct_r3_s42_30812496,Sb2Te3Cr_1-6_qe_r3,14,1,0,True,-133597.1500230125,-133597.1500230125,0.0,0.3127942658103932,0.312794,True,/Users/alina/Project/26MIgrationBench/cluster/mb_qe16_direct_r2_s42_30791828/neb.out,0.0,0.0,31,6.833693910353517e-08,1.2654970801828647e-07
0b30f819678b10f2906e7bc90ff1c2273165d8b690107dc60e6114e56084ea2b,e2278fd358fee08f88d1f596206322c4cdfc9278073a36ba7e9f1076386f2e7a,516ef8b126e9ce59a7b63af9308c74f9deeb724edcca6b870d93d1ca7a7820ea,mb_qe16_direct_r3_s42_30812496,Sb2Te3Cr_1-6_qe_r3,14,2,13,False,-133596.8863370606,-133596.88633700617,5.4424162954092026e-08,1.218714785299732,0.768199,True,/Users/alina/Project/26MIgrationBench/cluster/mb_qe16_direct_r2_s42_30791828/neb.out,0.1385378381765091,0.3234372531270858,20,7.209536131843158e-08,1.2834948042578231e-07
2a6f437ad7db28a4fbc95f5b46c41a94891eb99e5adb00408d33863d01415bf9,587f005ba7f8425c3d9b279a7ab822f353864e39d5b98743a78ddc36b1891284,239294a493b10f22dd29c8f45780c0e0e32ae93458f0a10e562f6981c3b9f0ce,mb_qe16_direct_r3_s42_30812496,Sb2Te3Cr_1-6_qe_r3,14,3,13,False,-133596.50319666055,-133596.5031966143,4.6245986595749855e-08,0.3999590180887056,0.534657,True,/Users/alina/Project/26MIgrationBench/cluster/mb_qe16_direct_r2_s42_30791828/neb.out,0.2326872572595336,0.543243119109537,22,7.754425033181587e-08,1.2773241558905468e-07
bddd72cd89e22b1982352d4cc8db128a9af9fde73e744c6f4640cf80e880b227,3042c12670248d50ee1c302d1c96390198a4cd2256d4bede762727fd23ea7f30,fdbb463446cdce9af30a6a53c331cc4f19933ea362c94921a1102cff8fcf12f0,mb_qe16_direct_r3_s42_30812496,Sb2Te3Cr_1-6_qe_r3,14,4,13,False,-133596.80249469785,-133596.80249464887,4.898174665868282e-08,0.5795046282130802,1.466222,True,/Users/alina/Project/26MIgrationBench/cluster/mb_qe16_direct_r2_s42_30791828/neb.out,0.32460178445313864,0.7578312965293238,19,7.498814905669863e-08,1.2768099354448087e-07
198279200ac9a1e16d1cf501a48f7591b90b632b34d52f87f2ade333fe18860a,3e7a86f7458460ece879ebc4f721803e0eecdd5aa555e3dca5ded104a9bf0e40,3964c5f125dd97a12324dae72ba37fbf556e38c0bb69add29adeb1a2beba7b1b,mb_qe16_direct_r3_s42_30812496,Sb2Te3Cr_1-6_qe_r3,14,5,0,True,-133596.32962311897,-133596.32962306184,5.713081918656826e-08,0.43780568272107695,1.430242,True,/Users/alina/Project/26MIgrationBench/cluster/mb_qe16_direct_r2_s42_30791828/neb.out,0.42832987492035884,1.0,30,6.099201161710495e-08,1.1945346274806756e-07
878c5a522ccff369cc108091e345b815092cb22d4207b41f1fef42acb29760cd,cd65ee8bca5c4ef5a7b8218f64266a90cdfc5404e6d979911bbe8072df23ba8c,44c91d7b780b981d70e477a9477f082c2ef0c1806ae5c1275ea7da4781448ad3,mb_qe16_direct_r3_s42_30812496,Sb2Te3Cr_1-6_qe_r3,15,1,0,True,-133597.1500230125,-133597.1500230125,0.0,0.3127942658103932,0.312794,True,/Users/alina/Project/26MIgrationBench/cluster/mb_qe16_direct_r2_s42_30791828/neb.out,0.0,0.0,31,6.833693910353517e-08,1.2654970801828647e-07
1a58cdcdd4e33b17957cbc660811363acf6498353486af3807c9198258682614,51c23d5cf872e13bfb868917c7265efa0ff7fb486e75878412861792ae77c001,e90a055b12e3d8aac00ab955ccab63b88e62e114895a9486474e969ae3bbde44,mb_qe16_direct_r3_s42_30812496,Sb2Te3Cr_1-6_qe_r3,15,2,14,False,-133596.89395012616,-133596.893950167,4.0832674130797386e-08,1.211992762198252,0.830987,True,/Users/alina/Project/26MIgrationBench/cluster/mb_qe16_direct_r2_s42_30791828/neb.out,0.13852341445513758,0.32302314175427255,19,7.794877386442878e-08,1.2855516867693595e-07
1ff74721b02b9e15dfa591e3e55190866a9990a0aaf0acc235bdc2f6dc79ad86,e993baeacaad603639683662f5c6cb5620abfea7dfe03929a1fcc4502e864182,08824dd897fd28a8ca93f88ee7c24cdf795b2ef0b7c8fc2e9f3cb8916d1bb728,mb_qe16_direct_r3_s42_30812496,Sb2Te3Cr_1-6_qe_r3,15,3,14,False,-133596.50992045802,-133596.50992050156,4.353933036327362e-08,0.3986019827725887,0.481335,True,/Users/alina/Project/26MIgrationBench/cluster/mb_qe16_direct_r2_s42_30791828/neb.out,0.23327683132016253,0.5439789023964942,19,7.183330100261479e-08,1.281437921512099e-07
595a9900917f3dd2a8b55e31a20dbf3d21c62f9e054600da26453d020a4b1a83,b9a19e2a9fba9222893c73327a78fa06e5e62b30c656a727e8a0435fca5dc589,ba2987e0c451b192dc6b380311b580817d3445061f853cc4178f827c0f5fc794,mb_qe16_direct_r3_s42_30812496,Sb2Te3Cr_1-6_qe_r3,15,4,14,False,-133596.80914325587,-133596.80914330485,4.898174665868282e-08,0.5633721224844346,1.449871,True,/Users/alina/Project/26MIgrationBench/cluster/mb_qe16_direct_r2_s42_30791828/neb.out,0.3253635530068926,0.7587161890140753,19,7.953940155895795e-08,1.2850374661588226e-07
de7c3c210e16c1c88f2cbd4eb3a736b9d3f10d6b10b75057797e9ff18af47ecb,33fe2c69a577f533a3642b4d43a0e3d57c735e83ecc866c762c92fe433286d43,3964c5f125dd97a12324dae72ba37fbf556e38c0bb69add29adeb1a2beba7b1b,mb_qe16_direct_r3_s42_30812496,Sb2Te3Cr_1-6_qe_r3,15,5,0,True,-133596.32962311897,-133596.32962306184,5.713081918656826e-08,0.43780568272107695,1.423512,True,/Users/alina/Project/26MIgrationBench/cluster/mb_qe16_direct_r2_s42_30791828/neb.out,0.4288343358399812,1.0,30,6.099201161710495e-08,1.1945346274806756e-07
43143edb5d5d3fbfb0942a29ba36d91acef080adfb37d30346b66a641022b7b2,e98c2b50aebdb74a9c79b6f91c144b2f214ca3fc17633a1aa4c87c15b2f52b75,44c91d7b780b981d70e477a9477f082c2ef0c1806ae5c1275ea7da4781448ad3,mb_qe16_direct_r3_s42_30812496,Sb2Te3Cr_1-6_qe_r3,16,1,0,True,-133597.1500230125,-133597.1500230125,0.0,0.3127942658103932,0.312794,True,/Users/alina/Project/26MIgrationBench/cluster/mb_qe16_direct_r2_s42_30791828/neb.out,0.0,0.0,31,6.833693910353517e-08,1.2654970801828647e-07
5eb95722de157097acda62f93cc5e49c7deba51bc0e6900fa10272c3a303bc14,f545e859545f83f9a721dec43f3bf0c356e4daf0094f535bb6d6b015a6e6ac1f,e8537b382d0d1bc63c7230da92c6e093d5da704aaf9ec658e554815854390609,mb_qe16_direct_r3_s42_30812496,Sb2Te3Cr_1-6_qe_r3,16,2,15,False,-133596.8990488597,-133596.8990488597,0.0,1.2068336252975336,0.862086,True,/Users/alina/Project/26MIgrationBench/cluster/mb_qe16_direct_r2_s42_30791828/neb.out,0.13860639036422906,0.32297603730750507,18,7.788521536949296e-08,1.2762957147735565e-07
83d2e1b002cbb5d493dcd104c5ec2ba5e93db07bb401c297682c50f8f1f5b95c,5484288d25910d1dbd26d8ab61aab64c9746b40dfb553829a4a69b2282a0150c,e0b76178edcb955f991896389ceb55f35547c14fbe6586df3db02e120ccff412,mb_qe16_direct_r3_s42_30812496,Sb2Te3Cr_1-6_qe_r3,16,3,15,False,-133596.51551498298,-133596.51551502926,4.627509042620659e-08,0.39800127317435946,0.451166,True,/Users/alina/Project/26MIgrationBench/cluster/mb_qe16_direct_r2_s42_30791828/neb.out,0.23358808388496394,0.5442992454905515,19,7.500854204930571e-08,1.2850374661588226e-07
0114319d3a0d238bb584a44da07d3a65799e18af71b6d5a4c1c38faf8a622bfe,e32c99c4fdefb09b81627833b285ecc44b80a29cc082d3416fcac9de25d4b492,8acb2387646ab8d396813c467e9b7200a13ab87a28099a97e21d056eb7bcead5,mb_qe16_direct_r3_s42_30812496,Sb2Te3Cr_1-6_qe_r3,16,4,15,False,-133596.8145268926,-133596.81452691706,2.4476321414113045e-08,0.5506430503393971,1.432536,True,/Users/alina/Project/26MIgrationBench/cluster/mb_qe16_direct_r2_s42_30791828/neb.out,0.3258777139778417,0.7593494963025493,17,7.054199035497847e-08,1.2747530527337791e-07
d40efb92a8e4348115b3f6fcbdf9f923b3ec0523ede767da9831e6707ec6e361,47e7c641b7ed4dcc390f049b5537b067220817eac9330de0b110f4bfd1a499cf,3964c5f125dd97a12324dae72ba37fbf556e38c0bb69add29adeb1a2beba7b1b,mb_qe16_direct_r3_s42_30812496,Sb2Te3Cr_1-6_qe_r3,16,5,0,True,-133596.32962311897,-133596.32962306184,5.713081918656826e-08,0.43780568272107695,1.417417,True,/Users/alina/Project/26MIgrationBench/cluster/mb_qe16_direct_r2_s42_30791828/neb.out,0.42915378961152495,1.0,30,6.099201161710495e-08,1.1945346274806756e-07
48216e6b4118f04379b1a2ed4b7b93455bcf410a3a461dba9f216f812d37efd7,bb621f3e6700b7aff96f6858fd0772f807c55261663207fdc8accb1fd944c5af,44c91d7b780b981d70e477a9477f082c2ef0c1806ae5c1275ea7da4781448ad3,mb_qe16_direct_r3_s42_30812496,Sb2Te3Cr_1-6_qe_r3,17,1,0,True,-133597.1500230125,-133597.1500230125,0.0,0.3127942658103932,0.312794,True,/Users/alina/Project/26MIgrationBench/cluster/mb_qe16_direct_r2_s42_30791828/neb.out,0.0,0.0,31,6.833693910353517e-08,1.2654970801828647e-07
6742a11896ce45a602a83276f5e6488f69302351525c1933a6b4de7fce8e6f74,34055e9f34cc843af2e2aa497230ea65db9be384ab924d3705da03a275a88490,4996c5ecb68b33694d726159c4012632e8912f13cc6700f5728490057e72e8df,mb_qe16_direct_r3_s42_30812496,Sb2Te3Cr_1-6_qe_r3,17,2,16,False,-133596.90145312168,-133596.90145306182,5.986657924950123e-08,1.2046079364349958,0.865435,True,/Users/alina/Project/26MIgrationBench/cluster/mb_qe16_direct_r2_s42_30791828/neb.out,0.13907765039841594,0.32296620241236174,18,7.180960623356832e-08,1.2804094801782684e-07
088bd684e13264362ad76578b1cea9ee682f0359f5e13c403c47299b82595e14,5eaf2381a25b7948dfdf815a221d1a64aabb039a30a0c56ae5d848a8f8007a21,efa874e45dec141a247afa2a69bafd758359a369df16b5b143776673e009f95e,mb_qe16_direct_r3_s42_30812496,Sb2Te3Cr_1-6_qe_r3,17,3,16,False,-133596.51935437354,-133596.51935432997,4.3568434193730354e-08,0.39718759899124834,0.443321,True,/Users/alina/Project/26MIgrationBench/cluster/mb_qe16_direct_r2_s42_30791828/neb.out,0.23493908176942113,0.545575675314842,17,7.790432084798802e-08,1.2809237004418605e-07
9c30dce10b037400d67fde0aedd512cb5c70d28d6fc629c623905ba275e891e4,efe205ea3b30379ead4bc1f1610340ffbb6b4119552ec0373dce97c74233608c,49962fdc816b7c713709a61d4f6bcbd771ef2a8a77c4c1525151265e4555b866,mb_qe16_direct_r3_s42_30812496,Sb2Te3Cr_1-6_qe_r3,17,4,16,False,-133596.81811974794,-133596.81811977515,2.7212081477046013e-08,0.5423452859183537,1.415321,True,/Users/alina/Project/26MIgrationBench/cluster/mb_qe16_direct_r2_s42_30791828/neb.out,0.32824006093055774,0.7622392645738275,15,7.337896567683256e-08,1.2855516869081374e-07
0acf41743b1afd6725a5666c81bb9e14860763b1ba2d63502c3dd333e3e83a15,74530a235ae0dd4e2d18f00e28dfba85e3b2934b273f0c0b55ce68dbf8ea4ea3,3964c5f125dd97a12324dae72ba37fbf556e38c0bb69add29adeb1a2beba7b1b,mb_qe16_direct_r3_s42_30812496,Sb2Te3Cr_1-6_qe_r3,17,5,0,True,-133596.32962311897,-133596.32962306184,5.713081918656826e-08,0.43780568272107695,1.412846,True,/Users/alina/Project/26MIgrationBench/cluster/mb_qe16_direct_r2_s42_30791828/neb.out,0.43062602018288665,1.0,30,6.099201161710495e-08,1.1945346274806756e-07
7204c53c7958e06175ca671ac7046e87ecbaa709d005af4c7a9aa714f47540cd,93611aee211ee34ea9f360950ca55c58ce9aca0bae83d25e97d3f93ee0a7181a,44c91d7b780b981d70e477a9477f082c2ef0c1806ae5c1275ea7da4781448ad3,mb_qe16_direct_r3_s42_30812496,Sb2Te3Cr_1-6_qe_r3,18,1,0,True,-133597.1500230125,-133597.1500230125,0.0,0.3127942658103932,0.312794,True,/Users/alina/Project/26MIgrationBench/cluster/mb_qe16_direct_r2_s42_30791828/neb.out,0.0,0.0,31,6.833693910353517e-08,1.2654970801828647e-07
36d5db1c0a2610677ffbaf48cd30c00ac8a2a5fd4b9d25134d1d87703e5995f4,900925c3e6746602c44b8d3ba6793a6bd5f0f68723443eb0de4160deea865e0b,4f3055ec233504aab9d00bc4bc5f3786d39acbdd992ae8020b82b3e4fecd8cb3,mb_qe16_direct_r3_s42_30812496,Sb2Te3Cr_1-6_qe_r3,18,2,17,False,-133596.91132024248,-133596.91132029417,5.168840289115906e-08,1.193101332729881,0.859903,True,/Users/alina/Project/26MIgrationBench/cluster/mb_qe16_direct_r2_s42_30791828/neb.out,0.14030252946448632,0.3230467960815401,19,7.219068020043268e-08,1.280923700835426e-07
ec8df0549876118ba45421bf32a9db8080cbdff70e922d56c7897bf8baf21a06,2fc87d181dfdcb09070441d3db2156dccd27a264e4d54f519cacb3b283c542da,62760371d17ed28bcde3d747ac9480b605c02c687ea206bdc94314d8d2c32c36,mb_qe16_direct_r3_s42_30812496,Sb2Te3Cr_1-6_qe_r3,18,3,17,False,-133596.53696966442,-133596.53696960182,6.26023393124342e-08,0.3990994787512143,0.417756,True,/Users/alina/Project/26MIgrationBench/cluster/mb_qe16_direct_r2_s42_30791828/neb.out,0.23811771135940846,0.5482664071597996,22,7.000805130151526e-08,1.2742388320636112e-07
10b2668f9756528391368fb120c4a83638934448ab533afff04a4627f16d84f2,a9352d760deece9cf7af49173bbd4a42bfe8e0be166d3fbadb318a26b9e5b0d2,5fc5a410adb96b812f029f796da5a7b3df865ac93c402c12e6b58fe552e1835e,mb_qe16_direct_r3_s42_30812496,Sb2Te3Cr_1-6_qe_r3,18,4,17,False,-133596.83418793546,-133596.83418787288,6.257323548197746e-08,0.49968492330779535,1.338384,True,/Users/alina/Project/26MIgrationBench/cluster/mb_qe16_direct_r2_s42_30791828/neb.out,0.3339063061794299,0.7688197982915924,21,7.255784678111793e-08,1.2618975358657386e-07
79e777b4c4b6ab8e988c403145e2978831190e9119ec7b11b9a328be2d0870fd,1515903b8741586b206de536de3f0b2609d62aaceaea76bcc548303bdb4a5ca8,3964c5f125dd97a12324dae72ba37fbf556e38c0bb69add29adeb1a2beba7b1b,mb_qe16_direct_r3_s42_30812496,Sb2Te3Cr_1-6_qe_r3,18,5,0,True,-133596.32962311897,-133596.32962306184,5.713081918656826e-08,0.43780568272107695,1.390915,True,/Users/alina/Project/26MIgrationBench/cluster/mb_qe16_direct_r2_s42_30791828/neb.out,0.4343102335832256,1.0,30,6.099201161710495e-08,1.1945346274806756e-07
c003a50549875758afc2c8e82baf02297477f0ee8776de2c4a9fa6e7e6fec59d,c3f1c191bcd0c1d4b166ca23e95e3d0eef6dfe62d75b319f510e46553abcc915,44c91d7b780b981d70e477a9477f082c2ef0c1806ae5c1275ea7da4781448ad3,mb_qe16_direct_r3_s42_30812496,Sb2Te3Cr_1-6_qe_r3,19,1,0,True,-133597.1500230125,-133597.1500230125,0.0,0.3127942658103932,0.312794,True,/Users/alina/Project/26MIgrationBench/cluster/mb_qe16_direct_r2_s42_30791828/neb.out,0.0,0.0,31,6.833693910353517e-08,1.2654970801828647e-07
9e4c6b96fb9f345c3aaaefd41b749c0569ea9815c063b052f6f67820117df4a0,bf883a4141f6248fcc0abd3b258a20ef3a116bc3059890d9e25954aef01c27f0,ed8bc5077d985fd44132a2f57a9f17b92a34374ddd83b81a2c989ae4225f889e,mb_qe16_direct_r3_s42_30812496,Sb2Te3Cr_1-6_qe_r3,19,2,18,False,-133596.93295138972,-133596.93295135166,3.8067810237407684e-08,1.1658507387710983,0.804891,True,/Users/alina/Project/26MIgrationBench/cluster/mb_qe16_direct_r2_s42_30791828/neb.out,0.14204322857311605,0.3231116819180556,28,7.504737962788192e-08,1.2654970805991983e-07
a935266c01d0a72cab71f939fe863f5141185e76f6cfbc9e035bbe1e080a29d9,c062ad2d34b020f2435b27f03f4a7d650c549f01b4591f999fc9a9aa415c2b67,5c392062ca56fa49522bb43eff8229679d731c0086b5fbfafc4d030fe45b8c15,mb_qe16_direct_r3_s42_30812496,Sb2Te3Cr_1-6_qe_r3,19,3,18,False,-133596.5782965491,-133596.5782964974,5.168840289115906e-08,0.41091191943708477,0.373485,True,/Users/alina/Project/26MIgrationBench/cluster/mb_qe16_direct_r2_s42_30791828/neb.out,0.2423474605890824,0.5512779200115185,24,6.992707405111171e-08,1.2778383767786394e-07
f401f02cadff2c535f81a9574146bf26e6001ef962164a0be52a104fdcc68b7e,e539ee668b29c53c801451dece46346c18e620f1685e24418c3433659b2d568f,afe46233c519448105c7f0cd1b4c03deb48c7819e367592806aef422e3227d52,mb_qe16_direct_r3_s42_30812496,Sb2Te3Cr_1-6_qe_r3,19,4,18,False,-133596.8697455981,-133596.8697455464,5.168840289115906e-08,0.3945142351765814,1.178882,True,/Users/alina/Project/26MIgrationBench/cluster/mb_qe16_direct_r2_s42_30791828/neb.out,0.3415178357267219,0.7768649263690457,23,7.201085056729267e-08,1.2804094801782684e-07
dce8243cfd69610df7e71831ef0cdcda84f96a595373cf48b76a4203a1def522,0dd073b841c37cdbad5977e14813b32cc8a4df06951931aa49d079851dc80dda,3964c5f125dd97a12324dae72ba37fbf556e38c0bb69add29adeb1a2beba7b1b,mb_qe16_direct_r3_s42_30812496,Sb2Te3Cr_1-6_qe_r3,19,5,0,True,-133596.32962311897,-133596.32962306184,5.713081918656826e-08,0.43780568272107695,1.334132,True,/Users/alina/Project/26MIgrationBench/cluster/mb_qe16_direct_r2_s42_30791828/neb.out,0.4396103159437598,1.0,30,6.099201161710495e-08,1.1945346274806756e-07
f3e5fc4a5cfceed87a5a66f1ab3b95a612ae24afceb2ee2db60057be8456d9b4,79be717c8a3aeb511a4b8ce1c554dcc5e17368c316554d62bcef0a7d65f57875,44c91d7b780b981d70e477a9477f082c2ef0c1806ae5c1275ea7da4781448ad3,mb_qe16_direct_r3_s42_30812496,Sb2Te3Cr_1-6_qe_r3,20,1,0,True,-133597.1500230125,-133597.1500230125,0.0,0.3127942658103932,0.312794,True,/Users/alina/Project/26MIgrationBench/cluster/mb_qe16_direct_r2_s42_30791828/neb.out,0.0,0.0,31,6.833693910353517e-08,1.2654970801828647e-07
246c59b4a74f164ac3584cb47360e55ad900bf0eed169ec86dba1f021632d830,d3f9e79863323a85248541c3e99ed546274ed5b386ca904cdc1737e988c2b41b,3b1d7fd47d9a5e3c0c5d918dfcbb1551d9cfbe55441bc01e8276182f21541513,mb_qe16_direct_r3_s42_30812496,Sb2Te3Cr_1-6_qe_r3,20,2,19,False,-133596.95888343267,-133596.9588834218,1.0884832590818405e-08,1.1324651405590953,0.671933,True,/Users/alina/Project/26MIgrationBench/cluster/mb_qe16_direct_r2_s42_30791828/neb.out,0.14461742496531213,0.32292361136447784,30,7.603758121575479e-08,1.2855516869081374e-07
447aebbaf5ae89c88382dfe6156cee53aea0fbcfcb11e956e0cee308237aad25,0dcb210525e9effbe607943e103d22a7783d3c34c81dfaae9f847bb985638f45,217af48e0879d10a4551c5759f9b9e0c645574f6b9ad40f99e0a6910e8fcf4f3,mb_qe16_direct_r3_s42_30812496,Sb2Te3Cr_1-6_qe_r3,20,3,19,False,-133596.63172433726,-133596.6317243073,2.994784153997898e-08,0.4291326774333115,0.344957,True,/Users/alina/Project/26MIgrationBench/cluster/mb_qe16_direct_r2_s42_30791828/neb.out,0.2483659948648244,0.5545890754251639,24,7.620661417603861e-08,1.2737246110616773e-07
697771413d75c8e8d4cbd945e8029140e4f340463912176957c3e4b777c3dd01,704399a20e31f02840566f962aef059da6a43ad3162058d75c5f648df4d41ac6,10ffb0eee123923d23430bd03855ee23ceb5e448760c83972dbbd6b5b279fef4,mb_qe16_direct_r3_s42_30812496,Sb2Te3Cr_1-6_qe_r3,20,4,19,False,-133596.9108956088,-133596.91089558974,1.9063008949160576e-08,0.3930752103459038,1.006175,True,/Users/alina/Project/26MIgrationBench/cluster/mb_qe16_direct_r2_s42_30791828/neb.out,0.35236310253176295,0.7868095121209732,25,7.209691916478148e-08,1.2608690945232343e-07
1fbd623cad5e489f3b0aa894dbc21036a6102c71b0f29a32bd225bdef2abe72f,7b031850dd9a65cc41436c24c99ff36fc0d0f6a18d1f6c2ea2ab31a0d47ae6a0,3964c5f125dd97a12324dae72ba37fbf556e38c0bb69add29adeb1a2beba7b1b,mb_qe16_direct_r3_s42_30812496,Sb2Te3Cr_1-6_qe_r3,20,5,0,True,-133596.32962311897,-133596.32962306184,5.713081918656826e-08,0.43780568272107695,1.249365,True,/Users/alina/Project/26MIgrationBench/cluster/mb_qe16_direct_r2_s42_30791828/neb.out,0.44783787829650257,1.0,30,6.099201161710495e-08,1.1945346274806756e-07
7938a62db84a348b1c35730d7adfd684a20a64e30b15c6d6fda74aba7901957a,b3c439f17aeb51ce30e26d20100bbee9a0cd486bc590dc9b9fb7eec65c33d528,44c91d7b780b981d70e477a9477f082c2ef0c1806ae5c1275ea7da4781448ad3,mb_qe16_direct_r3_s42_30812496,Sb2Te3Cr_1-6_qe_r3,21,1,0,True,-133597.1500230125,-133597.1500230125,0.0,0.3127942658103932,0.312794,True,/Users/alina/Project/26MIgrationBench/cluster/mb_qe16_direct_r2_s42_30791828/neb.out,0.0,0.0,31,6.833693910353517e-08,1.2654970801828647e-07
45c4e5962c012b6f8110cc574bb704cba0a0a0943e853da14aa8b7858080b290,5cec37925e1d8205d862257704f94f14a304c83c11b66e5138f7c305950e6bc8,28408a91acc9352e86351d23ac511f73e9e588aeafc06c4c72e27695e39f2ae6,mb_qe16_direct_r3_s42_30812496,Sb2Te3Cr_1-6_qe_r3,21,2,20,False,-133596.99106035265,-133596.9910603799,2.7241185307502747e-08,1.089637010165225,0.409625,True,/Users/alina/Project/26MIgrationBench/cluster/mb_qe16_direct_r2_s42_30791828/neb.out,0.14514022760977674,0.3228911854949313,30,7.15608254896945e-08,1.2757814940589363e-07
ccabc8de551c68842d054206a0f4ab2972ff58a86450645e022abb35cd35322e,64a200d25b67a2ceda9cdb14e2f0483309b131969f3b016a82ded0626174bf6d,9435a7e396bd07ab1a1e539380578a64e97ff75cd4984d49414008769d94043a,mb_qe16_direct_r3_s42_30812496,Sb2Te3Cr_1-6_qe_r3,21,3,20,False,-133596.7038395449,-133596.7038395857,4.080357030034065e-08,0.46013254627342765,0.37436,True,/Users/alina/Project/26MIgrationBench/cluster/mb_qe16_direct_r2_s42_30791828/neb.out,0.24951504242162417,0.5550921972021856,27,7.26630066456345e-08,1.2840090249030545e-07
421baf3d018b6213a0da8fe835eb4ebfbb646c14198b004b3d8dfacca1a29d16,1f5c469eb688a712fe713e0d7ddadf4b4d1ef7129cc6edae587fbd52362c0422,23d7f20cd4fb5c31a72571deae16e5573ccd76586bb5d5fd3a29526394520c49,mb_qe16_direct_r3_s42_30812496,Sb2Te3Cr_1-6_qe_r3,21,4,20,False,-133596.9558335805,-133596.9558336077,2.7212081477046013e-08,0.410277685473705,0.787184,True,/Users/alina/Project/26MIgrationBench/cluster/mb_qe16_direct_r2_s42_30791828/neb.out,0.35447100463747616,0.7885860784144461,29,7.755852715843216e-08,1.2783525975279542e-07
d520a44af365c2b32e6c4593b3bfeba3c737fc71a5c842963a660ab1fe77f36b,da0192587a648d67399e4d7c1f2048f7c38774293e3ef93952d69fbc92a53a0c,3964c5f125dd97a12324dae72ba37fbf556e38c0bb69add29adeb1a2beba7b1b,mb_qe16_direct_r3_s42_30812496,Sb2Te3Cr_1-6_qe_r3,21,5,0,True,-133596.32962311897,-133596.32962306184,5.713081918656826e-08,0.43780568272107695,1.113064,True,/Users/alina/Project/26MIgrationBench/cluster/mb_qe16_direct_r2_s42_30791828/neb.out,0.4495019812550911,1.0,30,6.099201161710495e-08,1.1945346274806756e-07
29a4eab2cf290a4954ffd8bdb37a92825093799f36be733897d65f07763028be,a494e81b2c4be872e473617b147a4f8c25c53e04374f6539377b9e0ea9beaa10,44c91d7b780b981d70e477a9477f082c2ef0c1806ae5c1275ea7da4781448ad3,mb_qe16_direct_r3_s42_30812496,Sb2Te3Cr_1-6_qe_r3,22,1,0,True,-133597.1500230125,-133597.1500230125,0.0,0.3127942658103932,0.312794,True,/Users/alina/Project/26MIgrationBench/cluster/mb_qe16_direct_r2_s42_30791828/neb.out,0.0,0.0,31,6.833693910353517e-08,1.2654970801828647e-07
a451869a93ec620b62189edab6871d67776b7fd1a4ceb0d1651092c4fad7986f,36dc1d193e6a97853d1a4df602d195037639657a030220a60aa130b559ff55d7,ee95ff28383cf3c56d2ceeb24ccc4bc33d7bae44037e0eb733d11dda0666534c,mb_qe16_direct_r3_s42_30812496,Sb2Te3Cr_1-6_qe_r3,22,2,21,False,-133596.99669991247,-133596.99669988255,2.991873770952225e-08,1.0818851970228407,0.349808,True,/Users/alina/Project/26MIgrationBench/cluster/mb_qe16_direct_r2_s42_30791828/neb.out,0.1453670108018472,0.3229177382449128,21,7.70818623844724e-08,1.2814379215034255e-07
8941ec6612c2826f796ef1e74f34d524143db2803e10b931021eff964c7042b4,264b84c4b7bd7a8dfa227b8304ed2f81da8f8eb6c16929e75d9b3ede4caa0a1a,f079a3210a7ab6f43f800603fd7b7e42cd07effc42053f99b31d09d975a6d9f1,mb_qe16_direct_r3_s42_30812496,Sb2Te3Cr_1-6_qe_r3,22,3,21,False,-133596.71747204126,-133596.7174720603,1.9033905118703842e-08,0.4663793582370502,0.381514,True,/Users/alina/Project/26MIgrationBench/cluster/mb_qe16_direct_r2_s42_30791828/neb.out,0.24996683656991195,0.5552754029689797,21,7.264092939121738e-08,1.284523245565633e-07
1e7fb3899eb3a0f9a257f57359bdc766eb694bc18a0e18654ae067af581f28a4,420cfd59ecdeef3233e2c569c45b329dbcaae5a8694ed644dcc115748e46bb2f,43cc5e4c321cd89d448e8d5eaeef6f0f62b682a25355689bcfd8605b13510b93,mb_qe16_direct_r3_s42_30812496,Sb2Te3Cr_1-6_qe_r3,22,4,21,False,-133596.96260649455,-133596.9626064374,5.7159923017024994e-08,0.4132668922764009,0.743576,True,/Users/alina/Project/26MIgrationBench/cluster/mb_qe16_direct_r2_s42_30791828/neb.out,0.35533875151007455,0.7893481837142261,19,7.192337334649111e-08,1.2845232455482858e-07
e8bcf3cf9d1c9e47dc8f2d6e888481b05b2cd2486ed3381e4d18fe012b54f90a,e94c2c24fbb2b79ca47224df20bb68a50d9b14f960236a737e2c8c25d138e1c0,3964c5f125dd97a12324dae72ba37fbf556e38c0bb69add29adeb1a2beba7b1b,mb_qe16_direct_r3_s42_30812496,Sb2Te3Cr_1-6_qe_r3,22,5,0,True,-133596.32962311897,-133596.32962306184,5.713081918656826e-08,0.43780568272107695,1.084707,True,/Users/alina/Project/26MIgrationBench/cluster/mb_qe16_direct_r2_s42_30791828/neb.out,0.45016731379307334,1.0,30,6.099201161710495e-08,1.1945346274806756e-07
14751fd10d0550b6fb3ebdd50c40fb820304d89b9f4800515dc39574e926dcdf,c4bd5ad6e1bc64147425c9a2f82166c60c36d6c49952653b38e46d18b918aa82,44c91d7b780b981d70e477a9477f082c2ef0c1806ae5c1275ea7da4781448ad3,mb_qe16_direct_r3_s42_30812496,Sb2Te3Cr_1-6_qe_r3,23,1,0,True,-133597.1500230125,-133597.1500230125,0.0,0.3127942658103932,0.312794,True,/Users/alina/Project/26MIgrationBench/cluster/mb_qe16_direct_r2_s42_30791828/neb.out,0.0,0.0,31,6.833693910353517e-08,1.2654970801828647e-07
f248b83fee16e8607bcc065b78f2ac9bc313621edee2042706da078a8c0282d5,3a725aad5308486ff560a140b23ab616152fe41d7430579836116869e52a7d4b,fb3fa411844d2c85ba27aec79137fe6365ef643731fdfe770bfe00b76c8781e6,mb_qe16_direct_r3_s42_30812496,Sb2Te3Cr_1-6_qe_r3,23,2,22,False,-133596.9989604984,-133596.99896056368,6.52798917144537e-08,1.0787523375986698,0.322096,True,/Users/alina/Project/26MIgrationBench/cluster/mb_qe16_direct_r2_s42_30791828/neb.out,0.14554795900620168,0.3229763323455965,18,7.621470723569874e-08,1.2855516869081374e-07
3332b87e614fd7b1e513c8e730da31ac2992fd36858e12208b3c9c5de5cd9124,a25af59ed78dfa45de0bfae4dd2411730e2b7cd7a1e69a54737cabe6f305733c,28a3e225271967370ff332ec7898c07bd13d586cc0d713f0c3aaac5b2b81235d,mb_qe16_direct_r3_s42_30812496,Sb2Te3Cr_1-6_qe_r3,23,3,22,False,-133596.72317854105,-133596.72317851114,2.991873770952225e-08,0.4693463876916909,0.384901,True,/Users/alina/Project/26MIgrationBench/cluster/mb_qe16_direct_r2_s42_30791828/neb.out,0.25028898913839326,0.5554005723636473,17,7.572001597472607e-08,1.275781494089294e-07
eeb1241d10ab1b263ce1151a9d6b93052855cade9ee264d08fbafbc456b779e1,98b670e30b56dc45329acd0bc7c6e378c29a0358806dfbbbb4c33497b24863c8,d350b1eb588ea8aa6c62a99254221858ee8b411f3ba7ab227ad41a6d49a05cea,mb_qe16_direct_r3_s42_30812496,Sb2Te3Cr_1-6_qe_r3,23,4,22,False,-133596.96522286933,-133596.9652228421,2.7241185307502747e-08,0.41403374153933725,0.727238,True,/Users/alina/Project/26MIgrationBench/cluster/mb_qe16_direct_r2_s42_30791828/neb.out,0.3559963255267359,0.7899690818902865,18,7.489204709911694e-08,1.2505846810288018e-07
97fa506e640f1c3f593793ad7100dc4f86689e1f7cd126d05e118effcfad8a76,1f8aad01d78f67865e44c72069a0cd925336847f31a4ef6e2c4b4e01603fb62f,3964c5f125dd97a12324dae72ba37fbf556e38c0bb69add29adeb1a2beba7b1b,mb_qe16_direct_r3_s42_30812496,Sb2Te3Cr_1-6_qe_r3,23,5,0,True,-133596.32962311897,-133596.32962306184,5.713081918656826e-08,0.43780568272107695,1.073021,True,/Users/alina/Project/26MIgrationBench/cluster/mb_qe16_direct_r2_s42_30791828/neb.out,0.4506458970202809,1.0,30,6.099201161710495e-08,1.1945346274806756e-07
b100222b3727197708cf724c09d06c4b9daa348ffd8738530d5144a84808c181,66282c7ac419d3b1bcca1778d90b2e51ef98892ea1593caa453e5436e6498c22,44c91d7b780b981d70e477a9477f082c2ef0c1806ae5c1275ea7da4781448ad3,mb_qe16_direct_r3_s42_30812496,Sb2Te3Cr_1-6_qe_r3,24,1,0,True,-133597.1500230125,-133597.1500230125,0.0,0.3127942658103932,0.312794,True,/Users/alina/Project/26MIgrationBench/cluster/mb_qe16_direct_r2_s42_30791828/neb.out,0.0,0.0,31,6.833693910353517e-08,1.2654970801828647e-07
a6ba4f4fab35eef03d115a9f781e968433947d09df30689bfed63abb24ac3c74,c26e9935a7b95eb6fc81ba44b381e78b4ed96fad19d1e837f156edd7ec16e249,78dc9ed8a294d9bf95167bfc062ba49dd0786b45ff43c7d37d1bdaedfba97379,mb_qe16_direct_r3_s42_30812496,Sb2Te3Cr_1-6_qe_r3,24,2,23,False,-133597.00068869352,-133597.00068873432,4.080357030034065e-08,1.0772707821317178,0.298381,True,/Users/alina/Project/26MIgrationBench/cluster/mb_qe16_direct_r2_s42_30791828/neb.out,0.14568940873575423,0.32305654217045243,18,6.906940851000892e-08,1.266011301348513e-07
43921d291b7ca2fcf2b0ab3437e7a561bd5c85d6a87ec461299baad6cd21bf98,7207bf8aeb40c7f23c5bdf030e84597f9d61e4fffc56631b4b8931ff166d5054,1eaafd694a6e910bb0f8d7c5125004d9ce038993d8fa2382ab5be9804a017705,mb_qe16_direct_r3_s42_30812496,Sb2Te3Cr_1-6_qe_r3,24,3,23,False,-133596.72765535832,-133596.72765539642,3.809691406786442e-08,0.47113084175161335,0.387202,True,/Users/alina/Project/26MIgrationBench/cluster/mb_qe16_direct_r2_s42_30791828/neb.out,0.25050749917384507,0.5554836633159386,16,7.345792318531423e-08,1.2721819493688447e-07
9e5249c219c5f1192cd70ebbb2f40379c1ee85d0818dc812e92299fa9d08e72a,1e9da5dcc592a2dddb480a5345dc323119d50e50ae6a309a7ee33a6da63a3598,6d894bb19bb7267055d392ba33f64a061098a9fb9fe2785d6ef5bde7da2e4e0c,mb_qe16_direct_r3_s42_30812496,Sb2Te3Cr_1-6_qe_r3,24,4,23,False,-133596.96713174807,-133596.96713170724,4.0832674130797386e-08,0.41389776262039796,0.714566,True,/Users/alina/Project/26MIgrationBench/cluster/mb_qe16_direct_r2_s42_30791828/neb.out,0.3564822139995834,0.7904755218607035,14,7.258383786771359e-08,1.2541842257470827e-07
1aa8d2ff6d90d211f80a7b8e5dec4b3a8f5911311f21ef1d4d9bfec987ad4606,f6d3be51458dd7d218b3262ce9be0f4eaa68d958b76426d5ffc4b90a65beabb7,3964c5f125dd97a12324dae72ba37fbf556e38c0bb69add29adeb1a2beba7b1b,mb_qe16_direct_r3_s42_30812496,Sb2Te3Cr_1-6_qe_r3,24,5,0,True,-133596.32962311897,-133596.32962306184,5.713081918656826e-08,0.43780568272107695,1.064278,True,/Users/alina/Project/26MIgrationBench/cluster/mb_qe16_direct_r2_s42_30791828/neb.out,0.45097185699116715,1.0,30,6.099201161710495e-08,1.1945346274806756e-07
504c5b4e9939c6032a65bfb7f5cf47dc145c4e5b3913e59eb8ea4a18786a0de3,557921059171d30839025b0f4a47d3ca4951a1c3c79f6d9c6a22c6a4faec9fce,44c91d7b780b981d70e477a9477f082c2ef0c1806ae5c1275ea7da4781448ad3,mb_qe16_direct_r3_s42_30812496,Sb2Te3Cr_1-6_qe_r3,25,1,0,True,-133597.1500230125,-133597.1500230125,0.0,0.3127942658103932,0.312794,True,/Users/alina/Project/26MIgrationBench/cluster/mb_qe16_direct_r2_s42_30791828/neb.out,0.0,0.0,31,6.833693910353517e-08,1.2654970801828647e-07
d3ecf400bbe246ee624f14c4f1c6b395a14b5b242847389eab64d5c0ce531f49,8dd5b75d2c3273119b51524f8e8956529acafbb366a6145c1238b55b076d139c,e27c19fdf44af7deba493ada70ffc4f2b1c4b05c96a2950b7afa97f5e21065d2,mb_qe16_direct_r3_s42_30812496,Sb2Te3Cr_1-6_qe_r3,25,2,24,False,-133597.00197552,-133597.001975471,4.898174665868282e-08,1.0762505469894597,0.278451,True,/Users/alina/Project/26MIgrationBench/cluster/mb_qe16_direct_r2_s42_30791828/neb.out,0.14646197421170848,0.3234926116665721,18,7.506279104967536e-08,1.2840090248813704e-07
43f8b77289dfca4ed25c37c3af19535572ae1cdbd8bc934ed5c02a1db52ee825,9b1dddfed4dc47f72818589db97d82154fdac91071b23db2181a7b27eb8141f9,8b585f0d131e7f719b1e38136485b0893132db7d28f7b3f29c1359c7cd98fc42,mb_qe16_direct_r3_s42_30812496,Sb2Te3Cr_1-6_qe_r3,25,3,24,False,-133596.73111038803,-133596.73111038803,0.0,0.4727485455349513,0.389477,True,/Users/alina/Project/26MIgrationBench/cluster/mb_qe16_direct_r2_s42_30791828/neb.out,0.25168459432194723,0.5558992849281127,16,7.86016377690608e-08,1.27269617003576e-07
16f9e77bf64b9b56f17c42bd31f6b03a70c70ceb1be78167604d8dbd4658e7f9,0470a565022a02417c4cacd57cbd232ee80a0b196fee855130c1d53dc2ea7952,71b936368ad7a9978c97e8fa4386b8725459905ef02965c7fb65962366eb9edf,mb_qe16_direct_r3_s42_30812496,Sb2Te3Cr_1-6_qe_r3,25,4,24,False,-133596.9685244268,-133596.9685243751,5.171750672161579e-08,0.4118300441339524,0.706895,True,/Users/alina/Project/26MIgrationBench/cluster/mb_qe16_direct_r2_s42_30791828/neb.out,0.3591353120516194,0.7932271885761611,14,7.167921672432783e-08,1.2829805835345293e-07
30e847cab65a91a70219d5cd0b47e262a8ad8e83d7c349bd62b3b8b908c333a9,82402ed896de59379c14643020e7b0852344309bb64df631685255a5c38909b0,3964c5f125dd97a12324dae72ba37fbf556e38c0bb69add29adeb1a2beba7b1b,mb_qe16_direct_r3_s42_30812496,Sb2Te3Cr_1-6_qe_r3,25,5,0,True,-133596.32962311897,-133596.32962306184,5.713081918656826e-08,0.43780568272107695,1.057978,True,/Users/alina/Project/26MIgrationBench/cluster/mb_qe16_direct_r2_s42_30791828/neb.out,0.45275214619945836,1.0,30,6.099201161710495e-08,1.1945346274806756e-07
af425c682c7989e7ee6104413d609678398d16bc18ad975061aad37a17e01eb1,6c0af7879b566565f3720bbf762eccb15e86fb67c5df185927a3d0b39e3bf1d8,44c91d7b780b981d70e477a9477f082c2ef0c1806ae5c1275ea7da4781448ad3,mb_qe16_direct_r3_s42_30812496,Sb2Te3Cr_1-6_qe_r3,26,1,0,True,-133597.1500230125,-133597.1500230125,0.0,0.3127942658103932,0.312794,True,/Users/alina/Project/26MIgrationBench/cluster/mb_qe16_direct_r2_s42_30791828/neb.out,0.0,0.0,31,6.833693910353517e-08,1.2654970801828647e-07
b831c390d055999d4111a70deb2ab7ad2658764ab94ef245213f7f5ad5bad9f1,f87fc68910f50a68145b32109031310f92a271310323e108e72fa27419204f59,127bf66e86fb7b0cc8369d6763dde11a52d514ba786337408e3313596db9d715,mb_qe16_direct_r3_s42_30812496,Sb2Te3Cr_1-6_qe_r3,26,2,25,False,-133597.0089142874,-133597.00891430103,1.3620592653751373e-08,1.0706531331227556,0.219807,True,/Users/alina/Project/26MIgrationBench/cluster/mb_qe16_direct_r2_s42_30791828/neb.out,0.1482992589520608,0.32435687834697663,21,7.089817818814764e-08,1.2829805835345293e-07
722e78b074bb00169eed9381dba2f22b44fe1c7db4df6bec1f0da27a8f8c15bd,4922332f880555d6b4b7a045a9b3fd63e84b0c96d29391a5f214faeb2bc15fe1,9425cfc4b25bb5b70aa16b42557c8ef455094f92feb633738bced888c316d056,mb_qe16_direct_r3_s42_30812496,Sb2Te3Cr_1-6_qe_r3,26,3,25,False,-133596.74982814825,-133596.7498281591,1.0855728760361671e-08,0.4780084361292386,0.39881,True,/Users/alina/Project/26MIgrationBench/cluster/mb_qe16_direct_r2_s42_30791828/neb.out,0.2545031487278527,0.5566436908327888,22,6.973196452522632e-08,1.27166772861953e-07
39d60f7bc797e1f7b9b61e6d6526bf6fd9b9b12f9b5ab6b81b3c886dbacdfb04,045709c087f8688b327c5e39f4228f104c778cc2108dccb74b29059fbfa19f10,1834d758834d80f3392e11c0bda2e55d4e45174efb77e434116c18883e9e1fc9,mb_qe16_direct_r3_s42_30812496,Sb2Te3Cr_1-6_qe_r3,26,4,25,False,-133596.97571966157,-133596.97571965883,2.735760062932968e-09,0.4053874127910289,0.664383,True,/Users/alina/Project/26MIgrationBench/cluster/mb_qe16_direct_r2_s42_30791828/neb.out,0.3655131295657304,0.7994422800123293,20,7.72506714834097e-08,1.2824663628600245e-07
502f3e40c45fbe51fba72f7217a68f7243684a5f2c43ef0cf8b422f28415c407,02239e7e10450d710b7f10a60b29f79d438fc829dcf422cce1432a3e0bfd77f5,3964c5f125dd97a12324dae72ba37fbf556e38c0bb69add29adeb1a2beba7b1b,mb_qe16_direct_r3_s42_30812496,Sb2Te3Cr_1-6_qe_r3,26,5,0,True,-133596.32962311897,-133596.32962306184,5.713081918656826e-08,0.43780568272107695,1.023579,True,/Users/alina/Project/26MIgrationBench/cluster/mb_qe16_direct_r2_s42_30791828/neb.out,0.4572101560103793,1.0,30,6.099201161710495e-08,1.1945346274806756e-07
6260e73a54551a60d3305cfdb856d354cce0c45096c93f2c7bb520ca59183f22,a2ef7b5698918788701ac8ec64e59f59000b8a56045de695bb7413bf42d42409,44c91d7b780b981d70e477a9477f082c2ef0c1806ae5c1275ea7da4781448ad3,mb_qe16_direct_r3_s42_30812496,Sb2Te3Cr_1-6_qe_r3,27,1,0,True,-133597.1500230125,-133597.1500230125,0.0,0.3127942658103932,0.312794,True,/Users/alina/Project/26MIgrationBench/cluster/mb_qe16_direct_r2_s42_30791828/neb.out,0.0,0.0,31,6.833693910353517e-08,1.2654970801828647e-07
4b602d1363864374779a49ba99fa7cd557668be26434b0dd26866e75ec864dec,60eac5d877a0f00f27f33216d23750bfd3bf5fe322d72649424b3b9dc3011c29,559dfdbbd6f2c98422bb9b44ead08dce698e4b56f9dd7fa59aef667fd41db7f5,mb_qe16_direct_r3_s42_30812496,Sb2Te3Cr_1-6_qe_r3,27,2,26,False,-133597.02470777597,-133597.02470783857,6.26023393124342e-08,1.0583265209965247,0.217636,True,/Users/alina/Project/26MIgrationBench/cluster/mb_qe16_direct_r2_s42_30791828/neb.out,0.15049574081585887,0.3250599440427576,23,7.537741795730427e-08,1.282466362863277e-07
678882bc7ad7bf6d923a45ed28890818c5122b374a483704e7a98a3d0e5c6725,5d884a2dc855fb480cb371f608e3aeddef49f354d6dbadd1f514120d5b860e77,eae130969fed79bf243d94d304b683676fcb98cb885ee264d090648999a1bf2d,mb_qe16_direct_r3_s42_30812496,Sb2Te3Cr_1-6_qe_r3,27,3,26,False,-133596.79304785695,-133596.79304787054,1.359148882329464e-08,0.4924100894323441,0.49705,True,/Users/alina/Project/26MIgrationBench/cluster/mb_qe16_direct_r2_s42_30791828/neb.out,0.2579321675933767,0.5571148758775705,23,7.408774512477041e-08,1.2804094803864352e-07
c660e0504f78180574b63d0eb2ae28d34e88c30cb5a47f503f2aa324e4426f18,01ebdeffd551a1b57c103307f3a9af5c1003ee95b05ba82f8abc2e8495a86d1b,5c2e1a68139bc80d52baa361b0e4dda3b75ed8f9e5ff64fae197b81554159887,mb_qe16_direct_r3_s42_30812496,Sb2Te3Cr_1-6_qe_r3,27,4,26,False,-133596.99056564967,-133596.9905657041,5.4424162954092026e-08,0.39011159982996796,0.560078,True,/Users/alina/Project/26MIgrationBench/cluster/mb_qe16_direct_r2_s42_30791828/neb.out,0.3732735803606039,0.8062440072182533,23,7.297319483643543e-08,1.2804094801609212e-07
157b5bf6e9efc1539dbcd06875b8eeee2e5323ab802ee05e882caa4b7436f86d,2285d769f5761486a004a6c25ba16e0fe9f219714371f8ff5df909b705361967,3964c5f125dd97a12324dae72ba37fbf556e38c0bb69add29adeb1a2beba7b1b,mb_qe16_direct_r3_s42_30812496,Sb2Te3Cr_1-6_qe_r3,27,5,0,True,-133596.32962311897,-133596.32962306184,5.713081918656826e-08,0.43780568272107695,0.939888,True,/Users/alina/Project/26MIgrationBench/cluster/mb_qe16_direct_r2_s42_30791828/neb.out,0.4629784246688451,1.0,30,6.099201161710495e-08,1.1945346274806756e-07
fd4c6d974fd77d86c49947918bfa1580515c51a2f32510b5136aade3ea998897,290f8f9ae7cd0c2a5c919dd7af4ba3cc90aa15e0e23ef177143fc93317980d31,44c91d7b780b981d70e477a9477f082c2ef0c1806ae5c1275ea7da4781448ad3,mb_qe16_direct_r3_s42_30812496,Sb2Te3Cr_1-6_qe_r3,28,1,0,True,-133597.1500230125,-133597.1500230125,0.0,0.3127942658103932,0.312794,True,/Users/alina/Project/26MIgrationBench/cluster/mb_qe16_direct_r2_s42_30791828/neb.out,0.0,0.0,31,6.833693910353517e-08,1.2654970801828647e-07
e611c1d43d6b1278d20d7aa597ca179d7e7628425256ee11efc3dd8fdeed8882,3c3303e79768a7d03ef1c8715a0615c06f4f15f9a95e415db385bbdda9913a31,af782e39bc8e7f4e42634838f2a27a2e2de059dd57b63f5fef148e581a1c3c90,mb_qe16_direct_r3_s42_30812496,Sb2Te3Cr_1-6_qe_r3,28,2,27,False,-133597.04232415534,-133597.04232413357,2.176966518163681e-08,1.0438699824919804,0.372721,True,/Users/alina/Project/26MIgrationBench/cluster/mb_qe16_direct_r2_s42_30791828/neb.out,0.1529164789003511,0.3254247273628324,25,7.294176029936202e-08,1.284009024937749e-07
bf9ba2d30f3d428988226b6d7470f72b7b1963a27e250dc14a780b8e180aefff,fbf0041b51284b1a4cca343c677b3133b581a6d0d91e10bcf3b9a6227bb26633,283000ea3a66d98e7025d10321e54585952e700f55192e828f797eb96cc83b3c,mb_qe16_direct_r3_s42_30812496,Sb2Te3Cr_1-6_qe_r3,28,3,27,False,-133596.84245393827,-133596.84245399814,5.986657924950123e-08,0.5065929580951865,0.61063,True,/Users/alina/Project/26MIgrationBench/cluster/mb_qe16_direct_r2_s42_30791828/neb.out,0.26181119459004687,0.5571658282527184,25,7.183766614784855e-08,1.276809935436135e-07
07424def2e1cee781d7078a9a160d59d2d6fb5fe3f7f8a70436b9140d4b83171,348cdb30b009d5fe2c8caa270fb82b08b691845bcdaa972d8c87ef1ba2524056,6707bef0fdb947d7737b6bbb5f2cf4555608db7e0bd3df3e66ac1d08c750e14b,mb_qe16_direct_r3_s42_30812496,Sb2Te3Cr_1-6_qe_r3,28,4,27,False,-133597.00426753503,-133597.0042675051,2.991873770952225e-08,0.3741015108158497,0.619394,True,/Users/alina/Project/26MIgrationBench/cluster/mb_qe16_direct_r2_s42_30791828/neb.out,0.3820123470367677,0.8129683914883186,26,7.534197350499634e-08,1.2726961700314232e-07
f2db9d526cef181655da267e69e2bfdcbd9e7bfad31a10422a60d3c29cb6f58e,6c7f47158c8fb10b1bab8617361bc18bb0a19abc394163a6f0b0a492411742db,3964c5f125dd97a12324dae72ba37fbf556e38c0bb69add29adeb1a2beba7b1b,mb_qe16_direct_r3_s42_30812496,Sb2Te3Cr_1-6_qe_r3,28,5,0,True,-133596.32962311897,-133596.32962306184,5.713081918656826e-08,0.43780568272107695,0.930719,True,/Users/alina/Project/26MIgrationBench/cluster/mb_qe16_direct_r2_s42_30791828/neb.out,0.46989815475778773,1.0,30,6.099201161710495e-08,1.1945346274806756e-07
e99dead19597228fa3fba0b8ccb3462cf965f3c7055af7856977e0041b34130e,175e92570bd001e217bfd6ad5b70dcf194a00d4d26b47141350158127770a02b,44c91d7b780b981d70e477a9477f082c2ef0c1806ae5c1275ea7da4781448ad3,mb_qe16_direct_r3_s42_30812496,Sb2Te3Cr_1-6_qe_r3,29,1,0,True,-133597.1500230125,-133597.1500230125,0.0,0.3127942658103932,0.312794,True,/Users/alina/Project/26MIgrationBench/cluster/mb_qe16_direct_r2_s42_30791828/neb.out,0.0,0.0,31,6.833693910353517e-08,1.2654970801828647e-07
4628a3dd01591676754b2335228185a263fcf08e7c0d897f9009a49f539c7f3e,6949aa541a841e54bb763303c5c07ade1b01e025229a0d9230ceb7aaea85b7cf,543d86be6bacec663e2632bba9fec65050d26d222752fbf720e2b08b8af497a0,mb_qe16_direct_r3_s42_30812496,Sb2Te3Cr_1-6_qe_r3,29,2,28,False,-133597.06039686964,-133597.06039685602,1.3620592653751373e-08,1.0259699645797185,0.65739,True,/Users/alina/Project/26MIgrationBench/cluster/mb_qe16_direct_r2_s42_30791828/neb.out,0.15325710928398648,0.32537471177050764,26,6.72079007863185e-08,1.2793810387837223e-07
9d663d1d53207ae07c02e3788ce19eb01501a364d8b707a0d9b72aeefa6828c2,b0e8148961c91d36b4d74e2997164a03693320d54b2000e88edf5a2b5868b695,709681017a7576212aab309ee30013e879c803d25ff97afd38c108118317e541,mb_qe16_direct_r3_s42_30812496,Sb2Te3Cr_1-6_qe_r3,29,3,28,False,-133596.89442659754,-133596.89442654856,4.898174665868282e-08,0.5193820489305198,0.728909,True,/Users/alina/Project/26MIgrationBench/cluster/mb_qe16_direct_r2_s42_30791828/neb.out,0.2624684194467026,0.5572373557436979,24,7.721179995984696e-08,1.2819521422180458e-07
b36a0315995e50b014729adf298c59f199fb883da4163f6509d02fdf6a7fa3ad,4eb388cc8304b6dd760f972483f4d89bc230ccc61f7b3498ce6a38276092c025,a47acbc29d0970ff96ea9d8644833b992b46bbf0c4a363c153fe46101f42e806,mb_qe16_direct_r3_s42_30812496,Sb2Te3Cr_1-6_qe_r3,29,4,28,False,-133597.01437302757,-133597.0143729704,5.7159923017024994e-08,0.45480485819025795,0.754073,True,/Users/alina/Project/26MIgrationBench/cluster/mb_qe16_direct_r2_s42_30791828/neb.out,0.3834195060899686,0.814024301150311,26,7.362186447539823e-08,1.2757814940589363e-07
773066abc7b8fb8a8d46bf19e2154761f81acd19cb7960826013a2cd2ea0c528,39c16687354febdab8734425b041b8f9e70fa3d0350dd08cfe98b0b43778914a,3964c5f125dd97a12324dae72ba37fbf556e38c0bb69add29adeb1a2beba7b1b,mb_qe16_direct_r3_s42_30812496,Sb2Te3Cr_1-6_qe_r3,29,5,0,True,-133596.32962311897,-133596.32962306184,5.713081918656826e-08,0.43780568272107695,0.92373,True,/Users/alina/Project/26MIgrationBench/cluster/mb_qe16_direct_r2_s42_30791828/neb.out,0.4710172725164989,1.0,30,6.099201161710495e-08,1.1945346274806756e-07
c7b58b259af4269b18b7876d1a1ed06f6542019764dbb7016cb0d4c55279cab2,47ae64cb3369a57bb54be7f377347d93afa694e530fdf28bcc11d7a61625fcd6,44c91d7b780b981d70e477a9477f082c2ef0c1806ae5c1275ea7da4781448ad3,mb_qe16_direct_r3_s42_30812496,Sb2Te3Cr_1-6_qe_r3,30,1,0,True,-133597.1500230125,-133597.1500230125,0.0,0.3127942658103932,0.312794,True,/Users/alina/Project/26MIgrationBench/cluster/mb_qe16_direct_r2_s42_30791828/neb.out,0.0,0.0,31,6.833693910353517e-08,1.2654970801828647e-07
b5e15af1da24534f5597c9b93e190573a7f081d15d97da96012848e066066e01,85ba79dcd536427507004d596f3e8304734874f36cd97ad5f9d7314f2ff4f58d,374509954c048e2f92f3a0674e2f38989623d1ad72038db2cbe2a1f7410118b8,mb_qe16_direct_r3_s42_30812496,Sb2Te3Cr_1-6_qe_r3,30,2,29,False,-133597.06365815425,-133597.06365816787,1.3620592653751373e-08,1.023718347871891,0.695188,True,/Users/alina/Project/26MIgrationBench/cluster/mb_qe16_direct_r2_s42_30791828/neb.out,0.15335212261752776,0.3252732438437422,18,7.215779612172438e-08,1.2593264324964673e-07
5b6c25f827bcb5d9d5d721994e71eafa7e0a724fe70f2697729540d5bc8606fd,c1f8278a69a9cf35bce7673aacea50815a5b1ed505188d8ccc28dfea77329c90,b856476299a7ce4248bb2b0954df9d2fd10cc8a11648fa8121e1d71f731c94bc,mb_qe16_direct_r3_s42_30812496,Sb2Te3Cr_1-6_qe_r3,30,3,29,False,-133596.9026181772,-133596.902618218,4.080357030034065e-08,0.5211742444924297,0.745729,True,/Users/alina/Project/26MIgrationBench/cluster/mb_qe16_direct_r2_s42_30791828/neb.out,0.262780986405595,0.5573814200263085,19,7.33585749683856e-08,1.2809237008234997e-07
9e36efde4ffd1a9186a72122f06818c50de317d6c32844c03841d84ec3c8b1eb,ead431469b5bd275e9673c05135e1503a2614d02ab18a48faf6116df0339b1e8,0afdf1fcb686055cebacbfc591ccb5e13d5947b5aa2f334e624cb14f5fef5fa0,mb_qe16_direct_r3_s42_30812496,Sb2Te3Cr_1-6_qe_r3,30,4,29,False,-133597.01549794624,-133597.01549798436,3.812601789832115e-08,0.47104772011404544,0.772307,True,/Users/alina/Project/26MIgrationBench/cluster/mb_qe16_direct_r2_s42_30791828/neb.out,0.38401572481682655,0.8145308872555386,16,7.083578943774922e-08,1.2804094801609212e-07
8e463d2b3f4060fea1056d011963b363b6815e43c3dd82240b1d7fe8e62e51c2,911d6bd0400f1368d6ba581d65b0323fd4c933d071dcac83b1b44c59c70c07bf,3964c5f125dd97a12324dae72ba37fbf556e38c0bb69add29adeb1a2beba7b1b,mb_qe16_direct_r3_s42_30812496,Sb2Te3Cr_1-6_qe_r3,30,5,0,True,-133596.32962311897,-133596.32962306184,5.713081918656826e-08,0.43780568272107695,0.920724,True,/Users/alina/Project/26MIgrationBench/cluster/mb_qe16_direct_r2_s42_30791828/neb.out,0.47145630795011373,1.0,30,6.099201161710495e-08,1.1945346274806756e-07
7ba35ab9c34c6e39b691e123974e13b8748e64096a0cc89a9f3359d21f94b2dc,7f68d3b790c0f9773aa06d5cd9b93e6e7345796bb08ba0b747a9810a383b35f4,44c91d7b780b981d70e477a9477f082c2ef0c1806ae5c1275ea7da4781448ad3,mb_qe16_direct_r3_s42_30812496,Sb2Te3Cr_1-6_qe_r3,31,1,0,True,-133597.1500230125,-133597.1500230125,0.0,0.3127942658103932,0.312794,True,/Users/alina/Project/26MIgrationBench/cluster/mb_qe16_direct_r2_s42_30791828/neb.out,0.0,0.0,31,6.833693910353517e-08,1.2654970801828647e-07
fbafd7f42e93ada129215cdf081660edcb97a8ac862ec297cdfab449c6d0e1ae,d3765c46c95cd6ce48dbbb8889925e89150366b21a8f83d3a5aa0997b6f33c3b,0a8b3be26b0d4c20b49b339a85f2b9ec5f81475fc3e7e3920f9f3b99c982cacb,mb_qe16_direct_r3_s42_30812496,Sb2Te3Cr_1-6_qe_r3,31,2,30,False,-133597.0655632234,-133597.06556317443,4.898174665868282e-08,1.0223240858343798,0.706612,True,/Users/alina/Project/26MIgrationBench/cluster/mb_qe16_direct_r2_s42_30791828/neb.out,0.15338721440455566,0.3251016886917254,17,7.690327759444407e-08,1.2778383767959867e-07
e8d9023a1c4a52904fbd3fc19b257694412d05f7ceb55e965346fcbee98da6e2,92fe4492116c67b252a7a972250fa1ca37b54aab6472bac6d1efffa8eeac91ad,66e77e6a3f67643c1e560b69cc803a870a5ceb51c781f191f5c6473ed6f5f571,mb_qe16_direct_r3_s42_30812496,Sb2Te3Cr_1-6_qe_r3,31,3,30,False,-133596.90623538676,-133596.90623533507,5.168840289115906e-08,0.5238693514691665,0.75064,True,/Users/alina/Project/26MIgrationBench/cluster/mb_qe16_direct_r2_s42_30791828/neb.out,0.26309658547243053,0.5576289038049945,14,7.403544582919899e-08,1.2819521422180458e-07
1131ff75627596d432b41f7f68f1caab96691df9c28b572fe4b8988c059df4bc,21ad8fd7c4568d0450f285e7bd24ba3d44c337a503fe7adb93f30e6fa7c740e3,e3fcac2da40cbe63f851c9d920e9f9c2c37920e83c1b4a07ebbde98762451866,mb_qe16_direct_r3_s42_30812496,Sb2Te3Cr_1-6_qe_r3,31,4,30,False,-133597.01593387267,-133597.01593391894,4.627509042620659e-08,0.4731867336545891,0.775717,True,/Users/alina/Project/26MIgrationBench/cluster/mb_qe16_direct_r2_s42_30791828/neb.out,0.38455119326271686,0.8150499557831087,14,7.04382604171022e-08,1.281437921607509e-07
5fb5d475a2cb157f0da1d6e4183037c6ad1630147102545943db5d1f89d06c5f,68461045b77ced3766b10f18e6808493dd03ec3cb8a775e370624d9e756ea17f,3964c5f125dd97a12324dae72ba37fbf556e38c0bb69add29adeb1a2beba7b1b,mb_qe16_direct_r3_s42_30812496,Sb2Te3Cr_1-6_qe_r3,31,5,0,True,-133596.32962311897,-133596.32962306184,5.713081918656826e-08,0.43780568272107695,0.917689,True,/Users/alina/Project/26MIgrationBench/cluster/mb_qe16_direct_r2_s42_30791828/neb.out,0.47181303493628923,1.0,30,6.099201161710495e-08,1.1945346274806756e-07
fa39e1bc63cd45f625e446e1429de39199090dfc21c36878f021af177468951e,f710d15b22bba5e479e2efab07286da9b1b9b8d144348c228c58d80ee6118a29,44c91d7b780b981d70e477a9477f082c2ef0c1806ae5c1275ea7da4781448ad3,mb_qe16_direct_r3_s42_30812496,Sb2Te3Cr_1-6_qe_r3,32,1,0,True,-133597.1500230125,-133597.1500230125,0.0,0.3127942658103932,0.312794,True,/Users/alina/Project/26MIgrationBench/cluster/mb_qe16_direct_r2_s42_30791828/neb.out,0.0,0.0,31,6.833693910353517e-08,1.2654970801828647e-07
5b6032e4900041163db6f74158047e91c6e40fb405486593f69371bbd2c244ac,dac3e31193ed736f122aec6eb922de58a2ebf753054d0cd447bfa3df3110420a,95603f721f9b31ceedf45a376652e7efe9c4550ea50b6974b34f8edfeb851eb1,mb_qe16_direct_r3_s42_30812496,Sb2Te3Cr_1-6_qe_r3,32,2,31,False,-133597.0678383674,-133597.06783830756,5.98374754190445e-08,1.0216797389836247,0.712634,True,/Users/alina/Project/26MIgrationBench/cluster/mb_qe16_direct_r2_s42_30791828/neb.out,0.15337281205348582,0.32483421024044845,13,6.762558401937813e-08,1.2819521422180458e-07
941abba2a2416cd5c47607b112710df9eb615357f94f97eed60e9a379eb484a0,84f28b72c0bca9f70dcc031179ca2d042d0b3d3ab7c6d6fb096bb5f2f38194c8,f9558dbd4cb357d89d26ff19598163c9a79bf13ce9288f8d8ce32073d4bb9332,mb_qe16_direct_r3_s42_30812496,Sb2Te3Cr_1-6_qe_r3,32,3,31,False,-133596.90965150422,-133596.9096515151,1.0884832590818405e-08,0.5234868374531676,0.752135,True,/Users/alina/Project/26MIgrationBench/cluster/mb_qe16_direct_r2_s42_30791828/neb.out,0.2634712400251402,0.5580159288257173,15,7.181910890139768e-08,1.2845232455482858e-07
1d3f87d9ca2f088bb94cdc805e9812810eccf43bad458cd73956e84ebae9e37c,4c51e36ab195f16ee47b8e93078f37f840ae65b3071aa8e23bc4d2c0358ad958,e91d3312ca6226136a25304fed8e3f570b5f7012925ac44ca424aaecac4d65c4,mb_qe16_direct_r3_s42_30812496,Sb2Te3Cr_1-6_qe_r3,32,4,31,False,-133597.01629619228,-133597.016296195,2.735760062932968e-09,0.47077606063639066,0.775805,True,/Users/alina/Project/26MIgrationBench/cluster/mb_qe16_direct_r2_s42_30791828/neb.out,0.38512627253797194,0.8156738271128057,15,6.896185817837002e-08,1.2829805835323609e-07
1dac166260c10e7f879295cbc265a5b47b38f543ea99369393e9f736d6cf3269,599f8a0e36480bf7a2db1a5511086d2ae03ed78967938fa7c4069f6356996802,3964c5f125dd97a12324dae72ba37fbf556e38c0bb69add29adeb1a2beba7b1b,mb_qe16_direct_r3_s42_30812496,Sb2Te3Cr_1-6_qe_r3,32,5,0,True,-133596.32962311897,-133596.32962306184,5.713081918656826e-08,0.43780568272107695,0.913185,True,/Users/alina/Project/26MIgrationBench/cluster/mb_qe16_direct_r2_s42_30791828/neb.out,0.47215720271567563,1.0,30,6.099201161710495e-08,1.1945346274806756e-07
d2a6a0e3cbe8231ebc484d348be133326a15221141960fe1a229ea0542434ceb,2df61a4cf074a1944b5e3af4ba54ce1d060c1ef5624b898ca8c0e36a64646f5e,44c91d7b780b981d70e477a9477f082c2ef0c1806ae5c1275ea7da4781448ad3,mb_qe16_direct_r3_s42_30812496,Sb2Te3Cr_1-6_qe_r3,33,1,0,True,-133597.1500230125,-133597.1500230125,0.0,0.3127942658103932,0.312794,True,/Users/alina/Project/26MIgrationBench/cluster/mb_qe16_direct_r2_s42_30791828/neb.out,0.0,0.0,31,6.833693910353517e-08,1.2654970801828647e-07
d60cdee1ad1bebbddf90a9b008efa27256d826ba4cf78ccfc663ce502be1705d,63013d6fe856efa02abc83beec16e6f92cace20a5d7b6862dc64347d1862c8cf,7e821fad6eda168ca7a1dc02672b8cca67e74453b214f5cbf8917efe5fc9766d,mb_qe16_direct_r3_s42_30812496,Sb2Te3Cr_1-6_qe_r3,33,2,32,False,-133597.07084155205,-133597.07084156023,8.17817635834217e-09,1.0209330017411804,0.714574,True,/Users/alina/Project/26MIgrationBench/cluster/mb_qe16_direct_r2_s42_30791828/neb.out,0.1532332963556223,0.3226775873677358,13,7.049209511584768e-08,1.2798952594853322e-07
706fb9785b22d9da32ed3674466c64d1a0ae72d1b3ea3da81482c0d4424ef0aa,eecb63c7a3d32e46ecdd713c8dcf414653315c2c45c9b18d4b9471bbb2943e3e,119d406961d0e51eaec6d5551316e817de6b95628a9b0059dacf73ab129b095c,mb_qe16_direct_r3_s42_30812496,Sb2Te3Cr_1-6_qe_r3,33,3,32,False,-133596.91347252706,-133596.91347254885,2.1798769012093544e-08,0.5248883199731549,0.751475,True,/Users/alina/Project/26MIgrationBench/cluster/mb_qe16_direct_r2_s42_30791828/neb.out,0.2663768462100721,0.5609344712275305,16,7.7695459259472e-08,1.2834948042101182e-07
c4de7f8548ed8a331f0b6cf3d773b734a184aa009cc6df3a27244c89c9a35853,c65a795324a3913d6a054d15d812974fbeee69823b403a343d8920d4f9173ece,66df895c821fe285c170ce97685282bdc875cd572a2aecf8b599d7b57d3c753a,mb_qe16_direct_r3_s42_30812496,Sb2Te3Cr_1-6_qe_r3,33,4,32,False,-133597.0166370149,-133597.0166369496,6.530899554491043e-08,0.46440527553358774,0.771582,True,/Users/alina/Project/26MIgrationBench/cluster/mb_qe16_direct_r2_s42_30791828/neb.out,0.38959807094257404,0.8204128512847276,13,7.071273133367824e-08,1.273210390711349e-07
551a726f88a3d59f2e3e5c07ff7fbc694b43be6d9dc60ab4f0f429945d954e37,e70c2ab916aff5c04101ce284457f0270ea092f2d6da1005d313623ed574263e,3964c5f125dd97a12324dae72ba37fbf556e38c0bb69add29adeb1a2beba7b1b,mb_qe16_direct_r3_s42_30812496,Sb2Te3Cr_1-6_qe_r3,33,5,0,True,-133596.32962311897,-133596.32962306184,5.713081918656826e-08,0.43780568272107695,0.906522,True,/Users/alina/Project/26MIgrationBench/cluster/mb_qe16_direct_r2_s42_30791828/neb.out,0.47488050721351077,1.0,30,6.099201161710495e-08,1.1945346274806756e-07
e86f7720c19148e5e5fcaccd62d54a40c5653d67897b11c313c98a20ed733110,6e74b60855e47e4443a482dceaa2ba126c419a88fd8897e3ebe156ef052b523e,44c91d7b780b981d70e477a9477f082c2ef0c1806ae5c1275ea7da4781448ad3,mb_qe16_direct_r3_s42_30812496,Sb2Te3Cr_1-6_qe_r3,34,1,0,True,-133597.1500230125,-133597.1500230125,0.0,0.3127942658103932,0.312794,True,/Users/alina/Project/26MIgrationBench/cluster/mb_qe16_direct_r2_s42_30791828/neb.out,0.0,0.0,31,6.833693910353517e-08,1.2654970801828647e-07
227555e96a03fff355ef8e8f21ae8d325a135ced91d698044d79746ae7ef70eb,908ff679e702a8fa352bfac0652b9e48cefc0c5535b91857c0bea1b0818ca2b9,5763994beba64e10e573fdb4cd4e632487ac9a9cc30320144837c333210ab78b,mb_qe16_direct_r3_s42_30812496,Sb2Te3Cr_1-6_qe_r3,34,2,33,False,-133597.0939445632,-133597.09394450334,5.986657924950123e-08,1.0152947899785274,0.72578,True,/Users/alina/Project/26MIgrationBench/cluster/mb_qe16_direct_r2_s42_30791828/neb.out,0.1530100151099151,0.31711582291501184,23,6.850427878546386e-08,1.2824663628979716e-07
035797cb9b8068f5dedf04ff7d10bc9cea96ae27b513a6e64472a1ab17b787f9,539defbf5d8b26a93dacd20da641af7300be0d4ae6485e6a86ceef18b3d7cfed,b0bc615aa739c11ce4b00f90c1c3f67bf0ec20b71acb8ddf7e7b734b585240fc,mb_qe16_direct_r3_s42_30812496,Sb2Te3Cr_1-6_qe_r3,34,3,33,False,-133596.94257483256,-133596.9425748543,2.1740561351180077e-08,0.5328920649228117,0.747999,True,/Users/alina/Project/26MIgrationBench/cluster/mb_qe16_direct_r2_s42_30791828/neb.out,0.27357888295634514,0.5669968239565859,20,7.220606218929063e-08,1.278866818138491e-07
dfe1b87c524eaa01f0e199f985d4d87291276ea14e9d0c1748df73bcdb3f913a,e6d34ffeae8b26ed378421ed224bd852ae18a67ba2a51a89e8791d43473bd6d6,421f7bd7f2e62ed12496a0e1f4b252e89363762a46dc9ccb232483581101855b,mb_qe16_direct_r3_s42_30812496,Sb2Te3Cr_1-6_qe_r3,34,4,33,False,-133597.01881651088,-133597.01881657346,6.257323548197746e-08,0.40947895226677716,0.739064,True,/Users/alina/Project/26MIgrationBench/cluster/mb_qe16_direct_r2_s42_30791828/neb.out,0.4011087227955035,0.8313045562168759,20,7.583777856280251e-08,1.2834948042578231e-07
c6ec61a1ea95129eadd5686e331aad7b62eca00f4a16230488d2d4ce92c9d147,6b83ff9558e2dfc804b93018de29d96b544b9ff2005c4c22848282bc15d2bf2e,3964c5f125dd97a12324dae72ba37fbf556e38c0bb69add29adeb1a2beba7b1b,mb_qe16_direct_r3_s42_30812496,Sb2Te3Cr_1-6_qe_r3,34,5,0,True,-133596.32962311897,-133596.32962306184,5.713081918656826e-08,0.43780568272107695,0.854196,True,/Users/alina/Project/26MIgrationBench/cluster/mb_qe16_direct_r2_s42_30791828/neb.out,0.4825051418229684,1.0,30,6.099201161710495e-08,1.1945346274806756e-07
66f1c1b2d54b30198ad7209e432fa51c5c86f6e45879fcee19b9a927636e7b08,6bb67cd210b4de898a0a41a113bf3e889a21c560c4906a975e7c0bc3c12920fd,44c91d7b780b981d70e477a9477f082c2ef0c1806ae5c1275ea7da4781448ad3,mb_qe16_direct_r3_s42_30812496,Sb2Te3Cr_1-6_qe_r3,35,1,0,True,-133597.1500230125,-133597.1500230125,0.0,0.3127942658103932,0.312794,True,/Users/alina/Project/26MIgrationBench/cluster/mb_qe16_direct_r2_s42_30791828/neb.out,0.0,0.0,31,6.833693910353517e-08,1.2654970801828647e-07
d4e92f868380f0941fb5a5b3e96dca1354f85db189f5a71034a1672887aedba5,e1f320e91cdc4ba7c7ee59766ef835156443b4796b25df3f815276d9bde3b161,3e795c7d2682ff05c5f1eed18397def880f742bdfd03974f85b67b110d168beb,mb_qe16_direct_r3_s42_30812496,Sb2Te3Cr_1-6_qe_r3,35,2,34,False,-133597.14775331077,-133597.14775334887,3.809691406786442e-08,1.000967656407072,0.739132,True,/Users/alina/Project/26MIgrationBench/cluster/mb_qe16_direct_r2_s42_30791828/neb.out,0.1529644439582829,0.31170234350522913,23,7.613870645706729e-08,1.2845232455591278e-07
fdcdc40bae0b821655c757f9a11991c12328b3debb13491c2f02f95109cf7f24,92faea67d29d0a88ade01653a2bb243a50e65f2f29cab2694c4bf7b754471ca1,3f76d73ccb9042e524d8492263268197a07807fd51aff0bebdcf99c5e6218572,mb_qe16_direct_r3_s42_30812496,Sb2Te3Cr_1-6_qe_r3,35,3,34,False,-133597.0117407341,-133597.0117407749,4.080357030034065e-08,0.5722067278747197,0.768764,True,/Users/alina/Project/26MIgrationBench/cluster/mb_qe16_direct_r2_s42_30791828/neb.out,0.2803726034058749,0.5713275273311719,24,7.597161456496521e-08,1.2824663628285826e-07
b718a68ab87ddb588b67a3a7208397b7d3702ccc5e745be4eafd4c9b818102d1,aa2751cd959aad9a5571e446d25b6c1b7757c314e14e3b1047dc98c22febeb68,235c0a7b5062bf139d9c1432823ec929e791a817c41033cca2ea14577dcf4036,mb_qe16_direct_r3_s42_30812496,Sb2Te3Cr_1-6_qe_r3,35,4,34,False,-133597.02120567058,-133597.02120563792,3.2654497772455215e-08,0.329988485358798,0.608427,True,/Users/alina/Project/26MIgrationBench/cluster/mb_qe16_direct_r2_s42_30791828/neb.out,0.412422845615666,0.8404120864098192,25,7.712260178138741e-08,1.2675539629025678e-07
b8c4bf079af98165220ee37f3ed163d43ef795f2376ce69f6e8ec9f6ff1b53a2,b6b56367437421a757c3afb1315ea5fed48a6a6547beebc3e92c3929515373ad,3964c5f125dd97a12324dae72ba37fbf556e38c0bb69add29adeb1a2beba7b1b,mb_qe16_direct_r3_s42_30812496,Sb2Te3Cr_1-6_qe_r3,35,5,0,True,-133596.32962311897,-133596.32962306184,5.713081918656826e-08,0.43780568272107695,0.727452,True,/Users/alina/Project/26MIgrationBench/cluster/mb_qe16_direct_r2_s42_30791828/neb.out,0.4907388319193589,1.0,30,6.099201161710495e-08,1.1945346274806756e-07
98d53f0ca31cb63e3c86d7afa2a3cc503939c9ee13eb9552e7da33e62941731d,907d6ab5be218bf39ea4a94b961f365afae7b89a785093243ae4dd09a67d9268,44c91d7b780b981d70e477a9477f082c2ef0c1806ae5c1275ea7da4781448ad3,mb_qe16_direct_r3_s42_30812496,Sb2Te3Cr_1-6_qe_r3,36,1,0,True,-133597.1500230125,-133597.1500230125,0.0,0.3127942658103932,0.312794,True,/Users/alina/Project/26MIgrationBench/cluster/mb_qe16_direct_r2_s42_30791828/neb.out,0.0,0.0,31,6.833693910353517e-08,1.2654970801828647e-07
20fb7d13d03ee066befbf60ffc1cff6fb783ec59d41f9cd6c78cf9453c21edc7,01b9f35dc6c2fe77e3a9311e66c6478676738f594d50602052fbdc1c0618f06c,c86d2bc0f4d10303a4b219d94a8cbdc2b5195af49866c6406beb0650f59d0917,mb_qe16_direct_r3_s42_30812496,Sb2Te3Cr_1-6_qe_r3,36,2,35,False,-133597.19433702712,-133597.1943370353,8.17817635834217e-09,0.9876566722302563,0.704183,True,/Users/alina/Project/26MIgrationBench/cluster/mb_qe16_direct_r2_s42_30791828/neb.out,0.1530221931197437,0.30765692804963046,23,7.703720885808078e-08,1.2644686393781246e-07
bf2e664bd5b9037a960c09f85d83e4ce76b411ce93f27f31302729747a1fb1f3,a91c2fbe45c30ca1b1778ef073fdd4d65fffbb2fc7f4c6c6e49900e1b9da17f0,b56eccc270be54193d2c4ba3a1660d2ef7db77943a29e721080c83c91c064a09,mb_qe16_direct_r3_s42_30812496,Sb2Te3Cr_1-6_qe_r3,36,3,35,False,-133597.0735715344,-133597.07357158334,4.895264282822609e-08,0.6122691734338024,0.858657,True,/Users/alina/Project/26MIgrationBench/cluster/mb_qe16_direct_r2_s42_30791828/neb.out,0.2853935837865729,0.573794633855127,24,7.549331685488253e-08,1.273724611478011e-07
fb784fd96b9c77e33ef33d1bcac48b8dc745fed05b05e34083762edfb7c0771a,8643c571f780928c413da1450beddffa194649d189177eab6ecdb27b108bf569,2b7e854ca718239f78ba2f095384b7a6e0c66949a66669de97448850155e9186,mb_qe16_direct_r3_s42_30812496,Sb2Te3Cr_1-6_qe_r3,36,4,35,False,-133597.0193411464,-133597.01934110286,4.353933036327362e-08,0.33786837915976586,0.371109,True,/Users/alina/Project/26MIgrationBench/cluster/mb_qe16_direct_r2_s42_30791828/neb.out,0.4209548529093833,0.846345711385409,25,7.369002326295178e-08,1.2696108459692157e-07
20cbd1d6645a5015748d89ed5cb699a1e877162ee31cfc8497af8ea12941d5bc,bd07cf084daa6d0d4db2dae2d444f32b010f88731a7a6018e9bb3325f8d62243,3964c5f125dd97a12324dae72ba37fbf556e38c0bb69add29adeb1a2beba7b1b,mb_qe16_direct_r3_s42_30812496,Sb2Te3Cr_1-6_qe_r3,36,5,0,True,-133596.32962311897,-133596.32962306184,5.713081918656826e-08,0.43780568272107695,0.612204,True,/Users/alina/Project/26MIgrationBench/cluster/mb_qe16_direct_r2_s42_30791828/neb.out,0.49737931822246667,1.0,30,6.099201161710495e-08,1.1945346274806756e-07
ab84a8ccf21ec1166f2717efc34265f66ac29ecad9169534a317748af4771147,aba3096b1539e757ddf08d0afd11e943c68d0d58b66fc621f0249b673366b415,44c91d7b780b981d70e477a9477f082c2ef0c1806ae5c1275ea7da4781448ad3,mb_qe16_direct_r3_s42_30812496,Sb2Te3Cr_1-6_qe_r3,37,1,0,True,-133597.1500230125,-133597.1500230125,0.0,0.3127942658103932,0.312794,True,/Users/alina/Project/26MIgrationBench/cluster/mb_qe16_direct_r2_s42_30791828/neb.out,0.0,0.0,31,6.833693910353517e-08,1.2654970801828647e-07
e014110db67b774a8c72b1ad33c056a6c5948d2f03399e23036762b20763f42e,50764c16af18a9a90a47657e22dff0532b8ec2f81ec973ca56b2dcb99f2e7cf7,ffb427243e40a479ff57786c8ae4fd6d2c912551c5e2090f0c47c27c13ddf643,mb_qe16_direct_r3_s42_30812496,Sb2Te3Cr_1-6_qe_r3,37,2,36,False,-133597.2263267328,-133597.2263266702,6.26023393124342e-08,0.97591471669184,0.699847,True,/Users/alina/Project/26MIgrationBench/cluster/mb_qe16_direct_r2_s42_30791828/neb.out,0.15301272354080311,0.30715033239166656,22,7.199770676586088e-08,1.261383315159792e-07
e89669453e09348663219fc8bfaa71a4896aa9e76f0185ff71974a0c2dcfb4d7,bb24c0f0e31bc50e35b5f7bb4c4a6e886a9461a6b842d7cf7193a708af0d55b5,cf634dc350faaf8e73e3316b5e4d8fd653b1a1424be7053561b44e5b10550f21,mb_qe16_direct_r3_s42_30812496,Sb2Te3Cr_1-6_qe_r3,37,3,36,False,-133597.11722989066,-133597.11722990152,1.0855728760361671e-08,0.6360988459978898,0.931177,True,/Users/alina/Project/26MIgrationBench/cluster/mb_qe16_direct_r2_s42_30791828/neb.out,0.28602020003469814,0.5741431005112569,24,6.967040164376476e-08,1.278866818138491e-07
c0c17fd90d4b256bd006da00cef612ebfc55edb6451215febff85b5d02ef8bec,dc6768f30fa63eecd272f4d02f4bda384d32909687215dcf259b254ecb323d94,50d005e9c514ce14909eea2d4df8d74e20373192d883da130f8f2c018d17ff1a,mb_qe16_direct_r3_s42_30812496,Sb2Te3Cr_1-6_qe_r3,37,4,36,False,-133597.01575563807,-133597.01575565984,2.176966518163681e-08,0.3470558570933595,0.205288,True,/Users/alina/Project/26MIgrationBench/cluster/mb_qe16_direct_r2_s42_30791828/neb.out,0.4219373110273585,0.8469765280397735,21,7.28476761941936e-08,1.2855516869081374e-07
975491c0312a7fde090b84812986a09946042b7a1f1097b4d39c2634ca5fa154,5f111913c8b9c2c3b725e56df68b35276644c39a1979c4a735b5f8ca61720bd6,3964c5f125dd97a12324dae72ba37fbf556e38c0bb69add29adeb1a2beba7b1b,mb_qe16_direct_r3_s42_30812496,Sb2Te3Cr_1-6_qe_r3,37,5,0,True,-133596.32962311897,-133596.32962306184,5.713081918656826e-08,0.43780568272107695,0.614837,True,/Users/alina/Project/26MIgrationBench/cluster/mb_qe16_direct_r2_s42_30791828/neb.out,0.49816883592262257,1.0,30,6.099201161710495e-08,1.1945346274806756e-07
239f33018d960d043c9160e044bf4210d25b3f24f5bcda76d4c86fdc7fc76032,afd98cd4aa770bfac047cac772bf2ac3c6b30ec04676afeac5b3fd7283386729,44c91d7b780b981d70e477a9477f082c2ef0c1806ae5c1275ea7da4781448ad3,mb_qe16_direct_r3_s42_30812496,Sb2Te3Cr_1-6_qe_r3,38,1,0,True,-133597.1500230125,-133597.1500230125,0.0,0.3127942658103932,0.312794,True,/Users/alina/Project/26MIgrationBench/cluster/mb_qe16_direct_r2_s42_30791828/neb.out,0.0,0.0,31,6.833693910353517e-08,1.2654970801828647e-07
84815115b0281ff02baa7b491929dac9923411701a0e2448f25ef75c104acd58,efb9e2aea840e1d0c1aac1858118f0caa74e1bce4e040712268a9fc4793d4aa5,a88ab95b6a57fe552d01061d2d9184178c805fee56feacc5703d38ff8b0212e7,mb_qe16_direct_r3_s42_30812496,Sb2Te3Cr_1-6_qe_r3,38,2,37,False,-133597.2302344239,-133597.2302344239,0.0,0.9742883063107525,0.697755,True,/Users/alina/Project/26MIgrationBench/cluster/mb_qe16_direct_r2_s42_30791828/neb.out,0.15298724449892212,0.30690715359254667,17,7.054571627173838e-08,1.2737246113912748e-07
0783f70a8a4174f622468fc2ddbc4265faa3c062cb417235c9229c10d7d17e5c,2d8bdb0524e615388cb36b0fdaaaccb579b15703c5511c3974492be5bdf44f94,1300f92fa247552e51298637c58520ba6b4040998bbdf137ddd15cf97c38c508,mb_qe16_direct_r3_s42_30812496,Sb2Te3Cr_1-6_qe_r3,38,3,37,False,-133597.12239501992,-133597.12239506075,4.0832674130797386e-08,0.6385963054231294,0.938134,True,/Users/alina/Project/26MIgrationBench/cluster/mb_qe16_direct_r2_s42_30791828/neb.out,0.2863207894649458,0.5743870921845152,14,7.615688800974698e-08,1.2824663631061384e-07
4a250543de2aced9baa492f6f2f6e57f26d150e8df5dccfef23f27be2543ba52,90d3f4778941b27fc2e9dd6cc060cd8cdeb4b70c832731eceb3dd03dbae5e9df,3cfb3aeeb2ddb60ce0c561cb16e37b8384869610f5aa9764cff9be82e5cd5c05,mb_qe16_direct_r3_s42_30812496,Sb2Te3Cr_1-6_qe_r3,38,4,37,False,-133597.01534243318,-133597.0153424903,5.713081918656826e-08,0.3480909911625454,0.190098,True,/Users/alina/Project/26MIgrationBench/cluster/mb_qe16_direct_r2_s42_30791828/neb.out,0.42231896561893434,0.8472125376908067,17,7.003090307592053e-08,1.2850374661588226e-07
0780fe19878c880298c2ce705404902d6a2cfdfb919da6eeebed290c6eeadffc,8376da1e1f9bf9a00ba194ca6da15261daee0135b7f843ad75dea6b9afc10b39,3964c5f125dd97a12324dae72ba37fbf556e38c0bb69add29adeb1a2beba7b1b,mb_qe16_direct_r3_s42_30812496,Sb2Te3Cr_1-6_qe_r3,38,5,0,True,-133596.32962311897,-133596.32962306184,5.713081918656826e-08,0.43780568272107695,0.616798,True,/Users/alina/Project/26MIgrationBench/cluster/mb_qe16_direct_r2_s42_30791828/neb.out,0.4984805427573372,1.0,30,6.099201161710495e-08,1.1945346274806756e-07
71770187273f44bd29930a8d2074c34b87850d2733105a3bcb90e2228940e33b,4e92f495500165d70cadba9b2549077dd0ed1b646f36a698c0a6a697c95a4abb,44c91d7b780b981d70e477a9477f082c2ef0c1806ae5c1275ea7da4781448ad3,mb_qe16_direct_r3_s42_30812496,Sb2Te3Cr_1-6_qe_r3,39,1,0,True,-133597.1500230125,-133597.1500230125,0.0,0.3127942658103932,0.312794,True,/Users/alina/Project/26MIgrationBench/cluster/mb_qe16_direct_r2_s42_30791828/neb.out,0.0,0.0,31,6.833693910353517e-08,1.2654970801828647e-07
1bdc1ee9b54a89fdf74b01e6d036f372cac1526a9cb090e4b3e3fdad1409f1a7,c68988917eb84f562fa2f40049c811e4aab518e66961e76b845444856feb752b,5a20464adb4290a4d3a9f4e1c12335bd867aaeccfa9b217bd9f8792144bf4411,mb_qe16_direct_r3_s42_30812496,Sb2Te3Cr_1-6_qe_r3,39,2,38,False,-133597.23216928952,-133597.23216935756,6.80447556078434e-08,0.9746785548343314,0.695693,True,/Users/alina/Project/26MIgrationBench/cluster/mb_qe16_direct_r2_s42_30791828/neb.out,0.1529373100258799,0.30660639999257117,15,7.470311859085978e-08,1.2819521422006985e-07
5c2cf14d98390f015bb75346e22a24bc87c95ff3af36cf0efa97768a69785b3e,01f090e9d1f974090ab92e4b00a904f7f0e2c5910c146a04466ca4b1d18c9eda,b46aeb3ce4f4a68e3fce1133ff2b684e14838060e19311e0231f14a39d296011,mb_qe16_direct_r3_s42_30812496,Sb2Te3Cr_1-6_qe_r3,39,3,38,False,-133597.12471696752,-133597.12471690495,6.257323548197746e-08,0.6406723114885231,0.940162,True,/Users/alina/Project/26MIgrationBench/cluster/mb_qe16_direct_r2_s42_30791828/neb.out,0.2866970192937691,0.5747658367954058,16,7.824167737392538e-08,1.2824663628589403e-07
36e3fe6b4ff745364dd87a7b10ee93e4760c55af43fc730daa62d07da044d812,8c531f41e1e000e907146b0c3bf38ba9f6464bca8846a38e625b5f5ebfae2040,ead1662d27e87ee94b6a0154985d0686beb92ba0c69dda3ee80067124de9e9b0,mb_qe16_direct_r3_s42_30812496,Sb2Te3Cr_1-6_qe_r3,39,4,38,False,-133597.01524283952,-133597.0152427742,6.530899554491043e-08,0.36632213038597805,0.186144,True,/Users/alina/Project/26MIgrationBench/cluster/mb_qe16_direct_r2_s42_30791828/neb.out,0.42271243252203683,0.8474474746924248,11,7.303782778929536e-08,1.2850374662282116e-07
a2193637ab11c9a5a4a0b27f4411a2029ee6d27dd33ccc21a1e485df9139bc84,24bcf523b2ad4409ed962cfeb33d2f6ed7497de1d7a5984166cb391bd1524ce2,3964c5f125dd97a12324dae72ba37fbf556e38c0bb69add29adeb1a2beba7b1b,mb_qe16_direct_r3_s42_30812496,Sb2Te3Cr_1-6_qe_r3,39,5,0,True,-133596.32962311897,-133596.32962306184,5.713081918656826e-08,0.43780568272107695,0.617381,True,/Users/alina/Project/26MIgrationBench/cluster/mb_qe16_direct_r2_s42_30791828/neb.out,0.4988066460112556,1.0,30,6.099201161710495e-08,1.1945346274806756e-07
0905937fda7e61763a84c3846f6177ac5e3092ff1a95e16384f8918afe1bb173,2fdaa76c6d53d387d6b3ec43011b23d0229c7f4e4c0b295833d50b46eaf69643,44c91d7b780b981d70e477a9477f082c2ef0c1806ae5c1275ea7da4781448ad3,mb_qe16_direct_r3_s42_30812496,Sb2Te3Cr_1-6_qe_r3,40,1,0,True,-133597.1500230125,-133597.1500230125,0.0,0.3127942658103932,0.312794,True,/Users/alina/Project/26MIgrationBench/cluster/mb_qe16_direct_r2_s42_30791828/neb.out,0.0,0.0,31,6.833693910353517e-08,1.2654970801828647e-07
c016becafbdbe584dc59c75dddec48eb4a736bad72402749d25ca81e4a0531cc,572fdd9a408ef4ab41387ece8a4b1bc45011d8a2c07834f810bdcc3229df7d9f,d7620a09c41467a62b28a519053e97ef9c9a396e4776e12a3f5df915d9e5065f,mb_qe16_direct_r3_s42_30812496,Sb2Te3Cr_1-6_qe_r3,40,2,39,False,-133597.23461464077,-133597.23461465162,1.0855728760361671e-08,0.973160891803985,0.691075,True,/Users/alina/Project/26MIgrationBench/cluster/mb_qe16_direct_r2_s42_30791828/neb.out,0.15283127623552392,0.30606465584238873,14,7.586117969811953e-08,1.281952142079268e-07
9663dfae7540d50df377a89dcc2b6d9f4fa14e30071b4203b0443742d6cd76c3,48c99023733ec0229fb7fcd70cf035ef6ee2a28910273ef51644bd2cda946ba8,bdaf6e37f1847b8c708132a174ec36a76ff5821cec1bde18e7123ce74e828089,mb_qe16_direct_r3_s42_30812496,Sb2Te3Cr_1-6_qe_r3,40,3,39,False,-133597.12746504543,-133597.12746504,5.4424162954092026e-09,0.6429211613704409,0.938794,True,/Users/alina/Project/26MIgrationBench/cluster/mb_qe16_direct_r2_s42_30791828/neb.out,0.2873771987327446,0.5755104949299824,15,7.760356144171926e-08,1.2773241561681026e-07
8a673fa40dad2e869f94555cb67eaa5a2004a1a407a886602183d8a361396d61,4b19ecf2d3ae5545026e54239743f193e2b62ae115602854b2a0805e337527f5,8a13ac99be6159e62ce88f5451200b611ecbeb4ab1276753547828cd4139127e,mb_qe16_direct_r3_s42_30812496,Sb2Te3Cr_1-6_qe_r3,40,4,39,False,-133597.01526134327,-133597.0152613351,8.17817635834217e-09,0.35280652235477894,0.179452,True,/Users/alina/Project/26MIgrationBench/cluster/mb_qe16_direct_r2_s42_30791828/neb.out,0.4233505297984541,0.847814906706505,11,7.346447553774677e-08,1.2773241561681026e-07
634748afa5d02cdfee48a550aa1557f98daa646865fd29aa329a07262d09a1ca,8a04abef1c5b883fefb715210271994ef9e4b86f025983e7ff0bf0ceb4458e74,3964c5f125dd97a12324dae72ba37fbf556e38c0bb69add29adeb1a2beba7b1b,mb_qe16_direct_r3_s42_30812496,Sb2Te3Cr_1-6_qe_r3,40,5,0,True,-133596.32962311897,-133596.32962306184,5.713081918656826e-08,0.43780568272107695,0.617701,True,/Users/alina/Project/26MIgrationBench/cluster/mb_qe16_direct_r2_s42_30791828/neb.out,0.49934310714474006,1.0,30,6.099201161710495e-08,1.1945346274806756e-07
e983e5d0f6a35da7e2b3955d03dde4c338367e57345e089916e21f62fc5c927f,37cde24c22d98bec74dec7f8f542c278d65b3c645429b3ee933bf8e656ebd3d3,44c91d7b780b981d70e477a9477f082c2ef0c1806ae5c1275ea7da4781448ad3,mb_qe16_direct_r3_s42_30812496,Sb2Te3Cr_1-6_qe_r3,41,1,0,True,-133597.1500230125,-133597.1500230125,0.0,0.3127942658103932,0.312794,True,/Users/alina/Project/26MIgrationBench/cluster/mb_qe16_direct_r2_s42_30791828/neb.out,0.0,0.0,31,6.833693910353517e-08,1.2654970801828647e-07
df82dd15e84f6550ba13931c48f24f04460fde1cfb86274c34747e8e28ed6df6,4b5a449cbddf4342797ea35193fd6437a33e04d4fbd41a3bd659060517905f49,3191031e5434be1dd8572eb92261019935fde77a7529d9abc1e709935699dd36,mb_qe16_direct_r3_s42_30812496,Sb2Te3Cr_1-6_qe_r3,41,2,40,False,-133597.2390773081,-133597.23907735982,5.171750672161579e-08,0.9736098660535527,0.682318,True,/Users/alina/Project/26MIgrationBench/cluster/mb_qe16_direct_r2_s42_30791828/neb.out,0.151680310154408,0.29975499846859316,16,7.340561156128558e-08,1.2562411084385966e-07
f420cb6d9489c9624082cbacce7fdd6fb8f99ebf1ec0ace5fad1f6aec5d68806,620c210142b5b2a09abec448475a591dbd42f56696edfb652cf66f5da43f9f54,4fa56881656fc911ab5a91e5140eeb314f1cceeb86c5c179a8488489aedb5169,mb_qe16_direct_r3_s42_30812496,Sb2Te3Cr_1-6_qe_r3,41,3,40,False,-133597.13229901213,-133597.1322989849,2.7212081477046013e-08,0.6466658168682697,0.935143,True,/Users/alina/Project/26MIgrationBench/cluster/mb_qe16_direct_r2_s42_30791828/neb.out,0.29548908232059956,0.5839540368049758,17,7.750145720216576e-08,1.2850374662282116e-07
94893cd618f108d1e719f358c80e3ccb4364662b29ce6bd5d5cfe152efebee80,801c20a5df559635da8f1b6e1617f94a5b29f561b4fab97a543c3a121e26b35a,232b25f0dc241f8e25e0ada1527dbdd0d7041712e64038d202d902c26a49aa20,mb_qe16_direct_r3_s42_30812496,Sb2Te3Cr_1-6_qe_r3,41,4,40,False,-133597.01541359097,-133597.01541356376,2.7212081477046013e-08,0.3462526222298246,0.173039,True,/Users/alina/Project/26MIgrationBench/cluster/mb_qe16_direct_r2_s42_30791828/neb.out,0.43111653258786353,0.8519849111206783,12,7.463314378196358e-08,1.2845232455482858e-07
54473035d24c00940a965c87f2f569f8f4f1eb6748972423ead3c7cd4575c2f5,d01c8279e18fe5c99f2b7f484df3930d419f066e4793b654c7c06966cfb71ee7,3964c5f125dd97a12324dae72ba37fbf556e38c0bb69add29adeb1a2beba7b1b,mb_qe16_direct_r3_s42_30812496,Sb2Te3Cr_1-6_qe_r3,41,5,0,True,-133596.32962311897,-133596.32962306184,5.713081918656826e-08,0.43780568272107695,0.618039,True,/Users/alina/Project/26MIgrationBench/cluster/mb_qe16_direct_r2_s42_30791828/neb.out,0.5060142814275717,1.0,30,6.099201161710495e-08,1.1945346274806756e-07
c9f51e1738b1c8b1f66d7c36f146daad1ddd0d0bdf985a895ca70b491cd44357,59f6dfa7ec1ccab4055ac6c938aa0f49ad44124871ce8bf64637410644dbdf49,44c91d7b780b981d70e477a9477f082c2ef0c1806ae5c1275ea7da4781448ad3,mb_qe16_direct_r3_s42_30812496,Sb2Te3Cr_1-6_qe_r3,42,1,0,True,-133597.1500230125,-133597.1500230125,0.0,0.3127942658103932,0.312794,True,/Users/alina/Project/26MIgrationBench/cluster/mb_qe16_direct_r2_s42_30791828/neb.out,0.0,0.0,31,6.833693910353517e-08,1.2654970801828647e-07
4e15663d14a8d77b5c6671ee2c80c872c30190272e35442deabe466ae5bb0bd0,543935ea0c6a13e137187085d0da4b96e9db1eed7acbefb26e67160ca21d620a,c5e7834112c0d85a356595560f181178ce8dcd3797e092571d3b12f7de4c2ff4,mb_qe16_direct_r3_s42_30812496,Sb2Te3Cr_1-6_qe_r3,42,2,41,False,-133597.29067254544,-133597.29067258353,3.809691406786442e-08,0.9618074215834052,0.593373,True,/Users/alina/Project/26MIgrationBench/cluster/mb_qe16_direct_r2_s42_30791828/neb.out,0.1498516196791687,0.28650800660061093,23,7.534792987084986e-08,1.2845232455482858e-07
834ee79f053f11df85fd078a58ac5045df86b6cc9e68cd587625fa33efa63456,55d004b3c32da864b8e7e2adf968d067a42962ee2cc6d0ad3c92964f3b4ca123,aa079ae978db639ca53c4584de0a13cee552151a1c4040af6f78a1927d0dd8f3,mb_qe16_direct_r3_s42_30812496,Sb2Te3Cr_1-6_qe_r3,42,3,41,False,-133597.18970020692,-133597.18970018785,1.9063008949160576e-08,0.6840309299875603,0.889733,True,/Users/alina/Project/26MIgrationBench/cluster/mb_qe16_direct_r2_s42_30791828/neb.out,0.31385713926935727,0.6000774867963223,33,7.562100907788578e-08,1.2845232455569594e-07
2dca8d8060cb0be6c598a735d3a94353cfa4b8c6c94bb8563c287c89e3784e60,8cd1e7e7413084fd8b7d5f4f3f34e1725d547000fd34cecfd1e8b5925f5afe1d,1fc5b50550f5be9da7b7dbeaee4227773ae1eb2ae35c24537ce94b88898ddf1b,mb_qe16_direct_r3_s42_30812496,Sb2Te3Cr_1-6_qe_r3,42,4,41,False,-133597.01710396228,-133597.017103916,4.627509042620659e-08,0.33442076201709353,0.146603,True,/Users/alina/Project/26MIgrationBench/cluster/mb_qe16_direct_r2_s42_30791828/neb.out,0.44998491349834285,0.8603462601390932,21,7.280730613248822e-08,1.2654970805922865e-07
8e001d0f7b0d5cb138f35389db694578bed303a4e5e60c663b2aaf2432c2314e,19298655946b7193e87f12c8f7ed4056f21a7d4b7cb70b797142bc527e84ad69,3964c5f125dd97a12324dae72ba37fbf556e38c0bb69add29adeb1a2beba7b1b,mb_qe16_direct_r3_s42_30812496,Sb2Te3Cr_1-6_qe_r3,42,5,0,True,-133596.32962311897,-133596.32962306184,5.713081918656826e-08,0.43780568272107695,0.622027,True,/Users/alina/Project/26MIgrationBench/cluster/mb_qe16_direct_r2_s42_30791828/neb.out,0.5230276858826506,1.0,30,6.099201161710495e-08,1.1945346274806756e-07
04e918b5daf8183ffff9bf9f82e43aefc3163979fdd90ab88558d13e161abcf8,a8983874fcd78dade35a2d2df994f78f941d79147450c763e4a517544ce26af7,44c91d7b780b981d70e477a9477f082c2ef0c1806ae5c1275ea7da4781448ad3,mb_qe16_direct_r3_s42_30812496,Sb2Te3Cr_1-6_qe_r3,43,1,0,True,-133597.1500230125,-133597.1500230125,0.0,0.3127942658103932,0.312794,True,/Users/alina/Project/26MIgrationBench/cluster/mb_qe16_direct_r2_s42_30791828/neb.out,0.0,0.0,31,6.833693910353517e-08,1.2654970801828647e-07
cc58587124cb34ce5fa71b6d5413df1bacd42d0763934e9da2d9ec6d4a5ac7a1,551929673551f32a9d67aed62fca95a53f41f4e4a50c2e2f3412fda343de4145,05875514ab8b9cb89eac44beb39052974cb72f014cbaba74a6292843a82cdca1,mb_qe16_direct_r3_s42_30812496,Sb2Te3Cr_1-6_qe_r3,43,2,42,False,-133597.39680593155,-133597.39680598598,5.4424162954092026e-08,0.9213087343480629,0.458932,True,/Users/alina/Project/26MIgrationBench/cluster/mb_qe16_direct_r2_s42_30791828/neb.out,0.14913024833652266,0.27764628438833355,26,7.789942544117275e-08,1.2783525975279542e-07
12f2d3f950a2cebc3d748e87eedf713cb33261b2689cc6bee1ee4d626784ebf8,9a3a526bc2e9ca71f38c505157ef1a3e99b122509be852514ff140cbf5a61d6d,25d348b23e3e056f01e82556a5753fc8bfe5c161fbf24d1fd99984ff15814bb1,mb_qe16_direct_r3_s42_30812496,Sb2Te3Cr_1-6_qe_r3,43,3,42,False,-133597.31373215443,-133597.31373212993,2.450542524456978e-08,0.6842176215369368,0.761115,True,/Users/alina/Project/26MIgrationBench/cluster/mb_qe16_direct_r2_s42_30791828/neb.out,0.32744062908131166,0.6096192760106856,32,7.661720369736098e-08,1.2809237008321733e-07
fd9d767609d3dc4e335eb2ac9b165db2ac018d428126e2f7a3ed0d947d21b072,4d428ccd2e8eede2b319e5fbd8a0d5b8ce077ea11c490f4eab6345a2809f388c,a4a0eac76c27319cb8f87f8507668c39977842f5e8be94df33c7521ecfa398ac,mb_qe16_direct_r3_s42_30812496,Sb2Te3Cr_1-6_qe_r3,43,4,42,False,-133597.02004837032,-133597.0200483404,2.991873770952225e-08,0.3094868134564996,0.167677,True,/Users/alina/Project/26MIgrationBench/cluster/mb_qe16_direct_r2_s42_30791828/neb.out,0.4649323089026461,0.865597217860293,23,7.516491095577067e-08,1.280923700840847e-07
cdb6b2611df5e8a4709bd1f0a158b783f0155e8100888c0c374b7f7757d69a6a,8584730b342d606b2e8f949c9b4243e42f8aca3ccb1e957a06f7283f7534a220,3964c5f125dd97a12324dae72ba37fbf556e38c0bb69add29adeb1a2beba7b1b,mb_qe16_direct_r3_s42_30812496,Sb2Te3Cr_1-6_qe_r3,43,5,0,True,-133596.32962311897,-133596.32962306184,5.713081918656826e-08,0.43780568272107695,0.630813,True,/Users/alina/Project/26MIgrationBench/cluster/mb_qe16_direct_r2_s42_30791828/neb.out,0.5371231553307579,1.0,30,6.099201161710495e-08,1.1945346274806756e-07
dfca0935d52ff17a416735c49dcd602d1e98be5718e79205a0438a93c253913c,ab734905fa6e9b9667adf371eb34a829303403fb3c19039b3573fbe4061fc67d,44c91d7b780b981d70e477a9477f082c2ef0c1806ae5c1275ea7da4781448ad3,mb_qe16_direct_r3_s42_30812496,Sb2Te3Cr_1-6_qe_r3,44,1,0,True,-133597.1500230125,-133597.1500230125,0.0,0.3127942658103932,0.312794,True,/Users/alina/Project/26MIgrationBench/cluster/mb_qe16_direct_r2_s42_30791828/neb.out,0.0,0.0,31,6.833693910353517e-08,1.2654970801828647e-07
5c4eb10fbe867cfd48ababc372b209b7c2442594bc04dd957e14a302d34cceb5,b9d12d0b8ed2a89acd4b717cd07bfdd178eb966d2208c223721df6d31c864cf7,bb50b4d24f0e656ea21d33c8803163002052bd213e3ac2554627176707e572e3,mb_qe16_direct_r3_s42_30812496,Sb2Te3Cr_1-6_qe_r3,44,2,43,False,-133597.46589060713,-133597.46589062345,1.6327248886227608e-08,0.8736174980662487,0.372208,True,/Users/alina/Project/26MIgrationBench/cluster/mb_qe16_direct_r2_s42_30791828/neb.out,0.14897363491667462,0.273684464022479,25,7.546078638628989e-08,1.2809237008581942e-07
691ff38638fd99f3e5f1330095296aa1acbba3975a2c2237b313235184e3881d,9a4ce1996e5b0a9994fc6f6a35c4c5572ee0a550b3a8a43c982ca1723d9ffc98,25cbdb493c4edbe7060d270234c380530f29a02fce15e9d46848840b5b3324bc,mb_qe16_direct_r3_s42_30812496,Sb2Te3Cr_1-6_qe_r3,44,3,43,False,-133597.3943341853,-133597.39433424242,5.713081918656826e-08,0.5872325381542329,0.616241,True,/Users/alina/Project/26MIgrationBench/cluster/mb_qe16_direct_r2_s42_30791828/neb.out,0.33398345758489345,0.6135722178801776,39,7.354583189815322e-08,1.2819521421849776e-07
61e297fce92f56e7d166346acc01da5c3376f1750811f3a3f3c6cb1bf85c771a,641963f767d45628bc02de3064f8af37fc535add25080e2cb21ef56273c95346,c6347badb92feea13aa62c6e181d200fffcf1cb7336c7ff2a8a3a21216d5ac84,mb_qe16_direct_r3_s42_30812496,Sb2Te3Cr_1-6_qe_r3,44,4,43,False,-133597.0217130269,-133597.02171303504,8.149072527885437e-09,0.3238535697014726,0.198512,True,/Users/alina/Project/26MIgrationBench/cluster/mb_qe16_direct_r2_s42_30791828/neb.out,0.4723708029945786,0.8678082541904124,22,7.25768226625281e-08,1.2850374662368852e-07
7150dc751eea5cd44efb466bf7507a5bff1c08304c7c6cc9f781e41e89182843,e9fd3f7cb0daad6ac1801895744eaa845ec74b3bcafe59b277ae0b066311e0a1,3964c5f125dd97a12324dae72ba37fbf556e38c0bb69add29adeb1a2beba7b1b,mb_qe16_direct_r3_s42_30812496,Sb2Te3Cr_1-6_qe_r3,44,5,0,True,-133596.32962311897,-133596.32962306184,5.713081918656826e-08,0.43780568272107695,0.637419,True,/Users/alina/Project/26MIgrationBench/cluster/mb_qe16_direct_r2_s42_30791828/neb.out,0.5443262387902249,1.0,30,6.099201161710495e-08,1.1945346274806756e-07
b9d1d6be7727c7a95b9ab9af0e077cfc1867514e62ef7ad2417054986f2b404f,ee458c91efa6d84c1c806a877577bca320d12f2356998ac635b68b79bbc948a0,44c91d7b780b981d70e477a9477f082c2ef0c1806ae5c1275ea7da4781448ad3,mb_qe16_direct_r3_s42_30812496,Sb2Te3Cr_1-6_qe_r3,45,1,0,True,-133597.1500230125,-133597.1500230125,0.0,0.3127942658103932,0.312794,True,/Users/alina/Project/26MIgrationBench/cluster/mb_qe16_direct_r2_s42_30791828/neb.out,0.0,0.0,31,6.833693910353517e-08,1.2654970801828647e-07
c188ec2ec31de1888bbb8bec324672a7499abf2b4ee4ec2de2f4535775d65c3b,07eefa5552ca32e1c142366302afc2534131611f163f1f33397a588f2b8980b7,e144417811920fcb06d1e45e035ed468bded3a378acb82cd8a177254419ac35f,mb_qe16_direct_r3_s42_30812496,Sb2Te3Cr_1-6_qe_r3,45,2,44,False,-133597.49624885412,-133597.4962489004,4.627509042620659e-08,0.8478502722660931,0.444542,True,/Users/alina/Project/26MIgrationBench/cluster/mb_qe16_direct_r2_s42_30791828/neb.out,0.148989292653849,0.2734126459045504,28,7.46867699050148e-08,1.2783525974585652e-07
f1cff3d4295f958cae1a84f1d7bef9a58147314b0b3650387cd4a50411aeba5e,92f42706ea76e8ecede985bac1f121cb68c4c1967259c5ea8a26286a295faef4,7914088b90ea302f5288cef40caed655b2c3cdd7cd3f0b52545486d10be15534,mb_qe16_direct_r3_s42_30812496,Sb2Te3Cr_1-6_qe_r3,45,3,44,False,-133597.42788922595,-133597.42788929126,6.530899554491043e-08,0.5056341770032261,0.517059,True,/Users/alina/Project/26MIgrationBench/cluster/mb_qe16_direct_r2_s42_30791828/neb.out,0.3345077669806675,0.6138605802921392,23,7.714244550864833e-08,1.2840090248857072e-07
31676b0b4c3e71b34b4359a8b852430f1ebeb8cef3e554a66c4f369fce380ed8,a1373f57909d514d6e94a2279869dc0658ef131462af40d78d1ebdf29829679f,084644cd2925c32743c86016efcb289295031a7b7389d53ce35ebb0008d0ed91,mb_qe16_direct_r3_s42_30812496,Sb2Te3Cr_1-6_qe_r3,45,4,44,False,-133597.02264746587,-133597.0226474414,2.4476321414113045e-08,0.33726681202465575,0.215139,True,/Users/alina/Project/26MIgrationBench/cluster/mb_qe16_direct_r2_s42_30791828/neb.out,0.4729429357794705,0.867905183856112,21,7.685753603642315e-08,1.2850374661588226e-07
6c3458cf76fc1a43c280f59dded7d3d73854187559562ca91a9575871845e1e2,caa7474f43230997a3e70f3604e9238cc1cc664a24e6ea3b42f3aefa479ce8cd,3964c5f125dd97a12324dae72ba37fbf556e38c0bb69add29adeb1a2beba7b1b,mb_qe16_direct_r3_s42_30812496,Sb2Te3Cr_1-6_qe_r3,45,5,0,True,-133596.32962311897,-133596.32962306184,5.713081918656826e-08,0.43780568272107695,0.641054,True,/Users/alina/Project/26MIgrationBench/cluster/mb_qe16_direct_r2_s42_30791828/neb.out,0.5449246583344277,1.0,30,6.099201161710495e-08,1.1945346274806756e-07
19037c96efde53fc89f14758b4c5884d0de4932c11b4a31abc9a3103f70c820b,d6cf3f55da70c7b84553845ae50a43ebdb72d47ac8f66ce0149f8c7b6790d2ed,44c91d7b780b981d70e477a9477f082c2ef0c1806ae5c1275ea7da4781448ad3,mb_qe16_direct_r3_s42_30812496,Sb2Te3Cr_1-6_qe_r3,46,1,0,True,-133597.1500230125,-133597.1500230125,0.0,0.3127942658103932,0.312794,True,/Users/alina/Project/26MIgrationBench/cluster/mb_qe16_direct_r2_s42_30791828/neb.out,0.0,0.0,31,6.833693910353517e-08,1.2654970801828647e-07
ab4f2fb8e90e78025a5fda542d1d0c146a7803998c6b4a95928d9950fc3df734,c54b7fe27dc859f0de007c5350904cfc2d553ba20e264be30afd525f67a2a8de,e9aceeba67a3e3a0919a30f795ef24af2a030412bd9033807cb906d3ee8c8d2c,mb_qe16_direct_r3_s42_30812496,Sb2Te3Cr_1-6_qe_r3,46,2,45,False,-133597.49863951048,-133597.49863953225,2.176966518163681e-08,0.8458932014720187,0.448619,True,/Users/alina/Project/26MIgrationBench/cluster/mb_qe16_direct_r2_s42_30791828/neb.out,0.1490206169540727,0.2733170571230902,15,7.48167441143223e-08,1.2834948041884342e-07
6c26026e6089d04975f0f04abad08c776e7a637c10a6bb60c3c940ba633a9c39,2bcde745488ecb53dbaeb3cb9f28d8950f034048aeb43adba384a5746b1393b1,59dd2713fd5987ed0194be6942c57aee4b51a87843038b911eabcea6aeee44af,mb_qe16_direct_r3_s42_30812496,Sb2Te3Cr_1-6_qe_r3,46,3,45,False,-133597.4303945783,-133597.43039451298,6.530899554491043e-08,0.49978352368891954,0.51052,True,/Users/alina/Project/26MIgrationBench/cluster/mb_qe16_direct_r2_s42_30791828/neb.out,0.3347673802357071,0.6139931309976328,15,7.373190061182595e-08,1.2757814940871255e-07
d3e82b904ff7c500f7baedb8d91e5e767c436e823f8d8cd0db288e13a798283b,aab4176af070b13fd0a1db52ab666fc610fb024aefce1b66039da433f346d197,471c7aa49e1da431deb899fcae3c45e6240dab8ad2519fa6237fe49c2c57bb23,mb_qe16_direct_r3_s42_30812496,Sb2Te3Cr_1-6_qe_r3,46,4,45,False,-133597.0231142772,-133597.02311421733,5.986657924950123e-08,0.3178171550044046,0.218178,True,/Users/alina/Project/26MIgrationBench/cluster/mb_qe16_direct_r2_s42_30791828/neb.out,0.4731944463565657,0.867880674289692,11,7.357673469508249e-08,1.2829805835345293e-07
bdd454c72fd5095e2bc69fd90bd4229f53696fb0f9336b03241063a12d5ca2ab,4febead6e85b651415899cbb488b5db8b6036116b2763d2fdebd35588010519b,3964c5f125dd97a12324dae72ba37fbf556e38c0bb69add29adeb1a2beba7b1b,mb_qe16_direct_r3_s42_30812496,Sb2Te3Cr_1-6_qe_r3,46,5,0,True,-133596.32962311897,-133596.32962306184,5.713081918656826e-08,0.43780568272107695,0.641883,True,/Users/alina/Project/26MIgrationBench/cluster/mb_qe16_direct_r2_s42_30791828/neb.out,0.5452298459622308,1.0,30,6.099201161710495e-08,1.1945346274806756e-07
c4d41531b78bd87088f2250d179bced021b4427635fa006b73d5b1f5f867b458,193d5a34ae2398b169dec31cb13638cc838b5a701652119501588e85914412a0,44c91d7b780b981d70e477a9477f082c2ef0c1806ae5c1275ea7da4781448ad3,mb_qe16_direct_r3_s42_30812496,Sb2Te3Cr_1-6_qe_r3,47,1,0,True,-133597.1500230125,-133597.1500230125,0.0,0.3127942658103932,0.312794,True,/Users/alina/Project/26MIgrationBench/cluster/mb_qe16_direct_r2_s42_30791828/neb.out,0.0,0.0,31,6.833693910353517e-08,1.2654970801828647e-07
32b94e30a015268cfdb6cde520c2002a335aa593fe2a30598b3b4bdc89c3a3d0,dd507aa9d2fa4ec37ef6fc6a209c6941c7d86eb8d84799296c5b96613d2b5850,520a72b851bf34f6225b1bf481732e813b5a9a64879b5f3be908ef54e5b645c0,mb_qe16_direct_r3_s42_30812496,Sb2Te3Cr_1-6_qe_r3,47,2,46,False,-133597.49985463492,-133597.4998546839,4.898174665868282e-08,0.8449643981251933,0.449923,True,/Users/alina/Project/26MIgrationBench/cluster/mb_qe16_direct_r2_s42_30791828/neb.out,0.14909860118503884,0.2731919940502582,12,7.247956710743721e-08,1.2685824046440586e-07
c6ecc5e2b41cb0abab65ca2878b9ded2b3dcc22e566c575450e1a17ff14900f0,b67bb50140e0e279ecd67095599acaaf838e75fd0f338984995955375a051dba,f0d7e614a46f6b16bcca4dd35dfdedfdccb91f3a11f3283604049b4c4c49958b,mb_qe16_direct_r3_s42_30812496,Sb2Te3Cr_1-6_qe_r3,47,3,46,False,-133597.43163242424,-133597.43163242153,2.7066562324762344e-09,0.49577002560651073,0.503844,True,/Users/alina/Project/26MIgrationBench/cluster/mb_qe16_direct_r2_s42_30791828/neb.out,0.3352112681803517,0.6142045200588733,12,7.259011291071587e-08,1.2834948042079498e-07
81b4aa30d06b02fd6216cba7c7c56f51dd4a5e6acdacd18173c49017b372bc32,32f5957a209c60b17b7309c239b775d42901bcea886e095b498a381ed4685687,e9dddb49fdd055186ac53d5223bde3e8976206221f36a84e6126456465b5beba,mb_qe16_direct_r3_s42_30812496,Sb2Te3Cr_1-6_qe_r3,47,4,46,False,-133597.0237650375,-133597.02376503206,5.4424162954092026e-09,0.3250541729372965,0.215202,True,/Users/alina/Project/26MIgrationBench/cluster/mb_qe16_direct_r2_s42_30791828/neb.out,0.4735965079355943,0.8677665206100319,11,7.332282146947386e-08,1.2819521421844355e-07
e1a81982166d39a3971fb145f80d23ab0c2268de40caf52dce9a33c848e7598c,78c85c49b746369669248210287cb021941c8c36e86dec2a81d12f3fee88e962,3964c5f125dd97a12324dae72ba37fbf556e38c0bb69add29adeb1a2beba7b1b,mb_qe16_direct_r3_s42_30812496,Sb2Te3Cr_1-6_qe_r3,47,5,0,True,-133596.32962311897,-133596.32962306184,5.713081918656826e-08,0.43780568272107695,0.642832,True,/Users/alina/Project/26MIgrationBench/cluster/mb_qe16_direct_r2_s42_30791828/neb.out,0.5457648995292654,1.0,30,6.099201161710495e-08,1.1945346274806756e-07
482056f610ac6abfc6c00dd2fad41b3671288e012f51487182a78d51bb339b8d,0910a73196f3edafdc413a41ff7c2abde446edb7adb70b56a814c672da5a7e1b,44c91d7b780b981d70e477a9477f082c2ef0c1806ae5c1275ea7da4781448ad3,mb_qe16_direct_r3_s42_30812496,Sb2Te3Cr_1-6_qe_r3,48,1,0,True,-133597.1500230125,-133597.1500230125,0.0,0.3127942658103932,0.312794,True,/Users/alina/Project/26MIgrationBench/cluster/mb_qe16_direct_r2_s42_30791828/neb.out,0.0,0.0,31,6.833693910353517e-08,1.2654970801828647e-07
de225147873bee5fc185f70155ad3acaec903d86a2a426635080d0c0a1318ce9,48fbd40820860a25cf92eb6479d58dc6839aee7d5b706dfc7b658ea093a69e16,bcb103f455688ca142b78efc8436fa6b7446cc15db4f3ec7ba7a4601e963ffbe,mb_qe16_direct_r3_s42_30812496,Sb2Te3Cr_1-6_qe_r3,48,2,47,False,-133597.5019750822,-133597.5019751312,4.898174665868282e-08,0.8443403645545472,0.447774,True,/Users/alina/Project/26MIgrationBench/cluster/mb_qe16_direct_r2_s42_30791828/neb.out,0.14934675068579303,0.27287985984042207,17,7.277051227096634e-08,1.2824663628285826e-07
121da1d23079b7a0eec7f47de88108db064ab05d775d368a8ebef9b83dc54ef9,a95b9e43961c36ff7afa78b77fd24bf8c20a935efcc387b29f027b6f55605ec0,8e8fc6b08b01dbd97c68284987d34229469f534b3a468c67165466e98863f85c,mb_qe16_direct_r3_s42_30812496,Sb2Te3Cr_1-6_qe_r3,48,3,47,False,-133597.43373817738,-133597.43373811204,6.533809937536716e-08,0.4929555410767335,0.492423,True,/Users/alina/Project/26MIgrationBench/cluster/mb_qe16_direct_r2_s42_30791828/neb.out,0.33647061943575113,0.6147844198178594,14,7.366224163809214e-08,1.2855516869081374e-07
67754f56e51c85eda556274ec0d516bc571634e2c5aa530923cd0324e67c4590,86934639067f6747a2a0ade7a5251e28878b0307f368d3fe2ddba57ee010829a,0af99a8e91dba73e8a3d4435e41c413b2e9e9dddfa9b0179a913ab183744a062,mb_qe16_direct_r3_s42_30812496,Sb2Te3Cr_1-6_qe_r3,48,4,47,False,-133597.02521975822,-133597.02521974462,1.359148882329464e-08,0.31020333997317057,0.210501,True,/Users/alina/Project/26MIgrationBench/cluster/mb_qe16_direct_r2_s42_30791828/neb.out,0.4747133848375419,0.8673755627357184,11,8.016227868353434e-08,1.2778383767786394e-07
4d4e4267000e83e1fc8c39a1e6becc4ebf213584731bed5c779a6180bd8108a3,7a28b6eee1db942c10f0c298bab8c79c2b68d7453b6bb08f96770e909ecffd9c,3964c5f125dd97a12324dae72ba37fbf556e38c0bb69add29adeb1a2beba7b1b,mb_qe16_direct_r3_s42_30812496,Sb2Te3Cr_1-6_qe_r3,48,5,0,True,-133596.32962311897,-133596.32962306184,5.713081918656826e-08,0.43780568272107695,0.644994,True,/Users/alina/Project/26MIgrationBench/cluster/mb_qe16_direct_r2_s42_30791828/neb.out,0.5472985465953032,1.0,30,6.099201161710495e-08,1.1945346274806756e-07
3da2348e1ffbb54708a226fe550b602e6b8a5ddf362450d6f57d4a8e3f25b917,d1464a2622b85388c2c10931bd9baf2f27747e7e8b2d503282b6887655182f6d,44c91d7b780b981d70e477a9477f082c2ef0c1806ae5c1275ea7da4781448ad3,mb_qe16_direct_r3_s42_30812496,Sb2Te3Cr_1-6_qe_r3,49,1,0,True,-133597.1500230125,-133597.1500230125,0.0,0.3127942658103932,0.312794,True,/Users/alina/Project/26MIgrationBench/cluster/mb_qe16_direct_r2_s42_30791828/neb.out,0.0,0.0,31,6.833693910353517e-08,1.2654970801828647e-07
be2becb5fa1e961a7d60bb243f66c6073fe1b92ec13ec62ed69db6c6d3175e4f,237fef2e2c057005998a67e409c511f6705450bf62645b41202842aaf4a28772,a52b97284078286a290f7f7969ac87c2904a8b8b9f1282e0e84a0ee84500b44d,mb_qe16_direct_r3_s42_30812496,Sb2Te3Cr_1-6_qe_r3,49,2,48,False,-133597.50798444476,-133597.50798449374,4.898174665868282e-08,0.8417470443655525,0.441671,True,/Users/alina/Project/26MIgrationBench/cluster/mb_qe16_direct_r2_s42_30791828/neb.out,0.15333204941537498,0.26892760777616426,18,7.412244815748532e-08,1.2850374662336326e-07
ab8ef4e528be96577be567cd9bb037bfe05b419d6c2fae099978dce35002e547,b4962be30dd75b84acf9f060c2e00221380fc86cb2d8b17ff35a995b8b536c87,25eb844e62f31f05f6da33b9bd1d00b9095c6400fc4b5c7ca0a91d487fbd548f,mb_qe16_direct_r3_s42_30812496,Sb2Te3Cr_1-6_qe_r3,49,3,48,False,-133597.4396268574,-133597.43962679483,6.257323548197746e-08,0.4821832940955724,0.458579,True,/Users/alina/Project/26MIgrationBench/cluster/mb_qe16_direct_r2_s42_30791828/neb.out,0.35497213049769133,0.6225822079984561,17,7.774583176159835e-08,1.27886681820788e-07
f8cdc9f8181440e6cfe5602e7a6ceae51413d19ef5b87db6ce36cce225f3ef30,0feed837d26ed605dcfbca0e0f91125bef1577f175c62c5695ecdf75c97c2c50,50ddbae37cbbfd911af11703ec96d00f5a8d5211aa166e17c2235881899cf6b1,mb_qe16_direct_r3_s42_30812496,Sb2Te3Cr_1-6_qe_r3,49,4,48,False,-133597.029860252,-133597.02986023293,1.9063008949160576e-08,0.34323321806357865,0.20545,True,/Users/alina/Project/26MIgrationBench/cluster/mb_qe16_direct_r2_s42_30791828/neb.out,0.49152585268501775,0.8620824689079428,18,7.429740595289329e-08,1.2783525974585652e-07
806124cf84562181701ee454b7d08e2b5995e0f24852fd98c207b9cf8de0fb4e,346c44f14917e5f8b8bab8cb5b85bcc3622a945dbad7ee60d3122069e03b3d86,3964c5f125dd97a12324dae72ba37fbf556e38c0bb69add29adeb1a2beba7b1b,mb_qe16_direct_r3_s42_30812496,Sb2Te3Cr_1-6_qe_r3,49,5,0,True,-133596.32962311897,-133596.32962306184,5.713081918656826e-08,0.43780568272107695,0.651731,True,/Users/alina/Project/26MIgrationBench/cluster/mb_qe16_direct_r2_s42_30791828/neb.out,0.5701610581498847,1.0,30,6.099201161710495e-08,1.1945346274806756e-07
f0c5f8b363d901da76bdcd4f9f1310ecedae0ba5052d3fb96e4f22f5470c9515,113e2220231489fd71e1ff8cceb4436a98337ea459ca0222e0b13b3019abcdd3,44c91d7b780b981d70e477a9477f082c2ef0c1806ae5c1275ea7da4781448ad3,mb_qe16_direct_r3_s42_30812496,Sb2Te3Cr_1-6_qe_r3,50,1,0,True,-133597.1500230125,-133597.1500230125,0.0,0.3127942658103932,0.312794,True,/Users/alina/Project/26MIgrationBench/cluster/mb_qe16_direct_r2_s42_30791828/neb.out,0.0,0.0,31,6.833693910353517e-08,1.2654970801828647e-07
9320a96773b1fc4bf8f8fc8f08418d280251f014ebebac794fdfe06e270fe89f,d54d92f4f14bbc8ce97198d1684e2eb5afefdd33a811834be54e1412230c39dd,42554266f9fef9571dbbab181fb2ae3becbc4102a6198a734ed87a2543cc5e58,mb_qe16_direct_r3_s42_30812496,Sb2Te3Cr_1-6_qe_r3,50,2,49,False,-133597.58852797112,-133597.5885279929,2.176966518163681e-08,0.8125918179895318,0.379195,True,/Users/alina/Project/26MIgrationBench/cluster/mb_qe16_direct_r2_s42_30791828/neb.out,0.15761566077879333,0.2660631605211058,48,7.575568009032272e-08,1.2742388320538534e-07
54a9732e58e8533d32429d6f7bf8b2a7d1f09f654acaaaae04708eb254945f67,6ef73bd581dfa51da65f635cd80287fca3d8f86a012452c10b291383229683af,234acce8ce2ab6cfdaf1ac77526fed1670c1674d042356a80b7437d1e194bf73,mb_qe16_direct_r3_s42_30812496,Sb2Te3Cr_1-6_qe_r3,50,3,49,False,-133597.50765042496,-133597.50765040048,2.4476321414113045e-08,0.2597526920442319,0.376985,True,/Users/alina/Project/26MIgrationBench/cluster/mb_qe16_direct_r2_s42_30791828/neb.out,0.37256829622724563,0.6289140172644679,41,7.261488919144891e-08,1.2819521421833513e-07
8e20972bca1ebc457c6796365db75dff59b0376332b963079a25a9013d203cd0,3c46a694436dce99e743acf17cb9ac2a3579cb144e1f9a4e3eb566304c042f67,1e16b31851919806eeac17db489963aaad32b5e08a5300d82ca5020bcc229533,mb_qe16_direct_r3_s42_30812496,Sb2Te3Cr_1-6_qe_r3,50,4,49,False,-133597.0920842568,-133597.09208422143,3.536115400493145e-08,0.39609732285759053,0.144753,True,/Users/alina/Project/26MIgrationBench/cluster/mb_qe16_direct_r2_s42_30791828/neb.out,0.5081653462502245,0.8578086557045228,23,7.57972046303767e-08,1.2788668179997131e-07
4907d190d92b01d1bbefcc40207653d405f80057008e038c14f6e6c65b0458e9,6928f47357e55a5300e67522e5f63fe8c8e2a1ad3dbb0ae787958eb020e5ee25,3964c5f125dd97a12324dae72ba37fbf556e38c0bb69add29adeb1a2beba7b1b,mb_qe16_direct_r3_s42_30812496,Sb2Te3Cr_1-6_qe_r3,50,5,0,True,-133596.32962311897,-133596.32962306184,5.713081918656826e-08,0.43780568272107695,0.750683,True,/Users/alina/Project/26MIgrationBench/cluster/mb_qe16_direct_r2_s42_30791828/neb.out,0.5923994155000285,1.0,30,6.099201161710495e-08,1.1945346274806756e-07
4c995e59533d77e3ab02f30aa5c45106cbdfa13f05baa67b555c7aa6a3534428,e6367b1f8060f801547ccdedc2b2b56e567de6bb6b12155feea79cdf0d543248,44c91d7b780b981d70e477a9477f082c2ef0c1806ae5c1275ea7da4781448ad3,mb_qe16_direct_r3_s42_30812496,Sb2Te3Cr_1-6_qe_r3,51,1,0,True,-133597.1500230125,-133597.1500230125,0.0,0.3127942658103932,0.312794,True,/Users/alina/Project/26MIgrationBench/cluster/mb_qe16_direct_r2_s42_30791828/neb.out,0.0,0.0,31,6.833693910353517e-08,1.2654970801828647e-07
89fc6be7f96de1e47e05db366f05f5370deedd2afd325924ed74707820487b1f,d007cba3e45fd6d73441f0fcd9651c584332f4df1241f1b394a3ed3881a7e2ef,ee5e70e3f13410610824ffe00937cb9479b6e449606165d609235ac36e43dfb6,mb_qe16_direct_r3_s42_30812496,Sb2Te3Cr_1-6_qe_r3,51,2,50,False,-133597.65263051397,-133597.6526304759,3.8067810237407684e-08,0.7785192987297143,0.476281,True,/Users/alina/Project/26MIgrationBench/cluster/mb_qe16_direct_r2_s42_30791828/neb.out,0.15855832294645344,0.26559766527102724,50,7.099364657191897e-08,1.2824663628285826e-07
13de77ce62789c8cf989da74c768a7bafd946d9f3ff8047a68d47fd544e92e41,d4fa67714d3ca389998bbddec5f17e34bceb4866e0474df04c392f502c01c2db,2b4dcb786876e531329d42e0aaefc144cdcd56917931efdc611a1b5d9a8ad6d8,mb_qe16_direct_r3_s42_30812496,Sb2Te3Cr_1-6_qe_r3,51,3,50,False,-133597.5327061252,-133597.53270613338,8.17817635834217e-09,0.36187232526789,0.696205,True,/Users/alina/Project/26MIgrationBench/cluster/mb_qe16_direct_r2_s42_30791828/neb.out,0.3761092544995782,0.630012591112291,49,7.463546390670288e-08,1.2742388320538534e-07
aebc4020417b320c09afa18564fca70aee8cfdbc1ed0f9ed7f536aaa64001668,81362b58b3a7a3cd7372a16c5c328dfcc763fc3ca247333573e1083a05eb2168,781d55fb7a42c10da70292f4fc379803704a80e12ac003e8ec33047453dd1ec5,mb_qe16_direct_r3_s42_30812496,Sb2Te3Cr_1-6_qe_r3,51,4,50,False,-133597.14248913203,-133597.14248919464,6.26023393124342e-08,0.4397849949261532,0.20008,True,/Users/alina/Project/26MIgrationBench/cluster/mb_qe16_direct_r2_s42_30791828/neb.out,0.5116717020030128,0.857090355850618,23,7.667450488279827e-08,1.2809237008365101e-07
81aee81200d6ca4a55182097bab15ec274e963c8800706164830cb176e2aaf55,e2d588c4005304323fcdce354dc43f67eddef303e4ec1f962e92da38322d4e2b,3964c5f125dd97a12324dae72ba37fbf556e38c0bb69add29adeb1a2beba7b1b,mb_qe16_direct_r3_s42_30812496,Sb2Te3Cr_1-6_qe_r3,51,5,0,True,-133596.32962311897,-133596.32962306184,5.713081918656826e-08,0.43780568272107695,0.845225,True,/Users/alina/Project/26MIgrationBench/cluster/mb_qe16_direct_r2_s42_30791828/neb.out,0.5969868853502674,1.0,30,6.099201161710495e-08,1.1945346274806756e-07
864823515294b997836f32a1668d74a4d3f3f495d44c1c230e54a77bb5965b79,e57dfa15669d58f68a0a35e4ab0d4ee62ca70ac182f294623e77fb65edf29604,44c91d7b780b981d70e477a9477f082c2ef0c1806ae5c1275ea7da4781448ad3,mb_qe16_direct_r3_s42_30812496,Sb2Te3Cr_1-6_qe_r3,52,1,0,True,-133597.1500230125,-133597.1500230125,0.0,0.3127942658103932,0.312794,True,/Users/alina/Project/26MIgrationBench/cluster/mb_qe16_direct_r2_s42_30791828/neb.out,0.0,0.0,31,6.833693910353517e-08,1.2654970801828647e-07
f04d3acb7031c141e7a7c4232be1288b6a2d167a13673c21584b47384f32b8f5,845e5bbfd9b77703e18e2eff12142bb1eec53ac475dfa04ed5b8692aedd53b40,c7580526f2f7f909b82cc13fa9e0771771a7d31962334360480d0686663a7764,mb_qe16_direct_r3_s42_30812496,Sb2Te3Cr_1-6_qe_r3,52,2,51,False,-133597.66439277175,-133597.66439273366,3.809691406786442e-08,0.7712823381744758,0.507079,True,/Users/alina/Project/26MIgrationBench/cluster/mb_qe16_direct_r2_s42_30791828/neb.out,0.15882248869382865,0.2655185722530815,21,7.716130897502287e-08,1.2798952594983426e-07
12846e9d3bc178ee51bbcf7335d591e249d49947486008034ac52d99d2d00732,d83de29ed6b291322e681d56d386473224b9f9cd5b5f3056fbeabe926df71db5,512ae568733885e895c180886e267528ac562b3021a75c86c5fc3cfd9d92a8fb,mb_qe16_direct_r3_s42_30812496,Sb2Te3Cr_1-6_qe_r3,52,3,51,False,-133597.53239632357,-133597.5323963018,2.176966518163681e-08,0.4836558374699064,0.833462,True,/Users/alina/Project/26MIgrationBench/cluster/mb_qe16_direct_r2_s42_30791828/neb.out,0.3769589918119626,0.6301979910214222,21,7.574497560853562e-08,1.2809237008234997e-07
14d4a457b2bdeb275e80d12d2c41c935cfe3ac70fe271397898596ed5ffef12d,73ee18348f470bbe65bdddaca1b7682fd4a33de5f72776c0c263b4bee43ba5a1,e5f7e3295c06b63930ddb87f612bc7b382a73a0f04d1d53532fd527d426951ac,mb_qe16_direct_r3_s42_30812496,Sb2Te3Cr_1-6_qe_r3,52,4,51,False,-133597.1515068494,-133597.15150686572,1.6327248886227608e-08,0.44840059343396904,0.234195,True,/Users/alina/Project/26MIgrationBench/cluster/mb_qe16_direct_r2_s42_30791828/neb.out,0.5126176779169873,0.8569914441688086,19,7.496169782452782e-08,1.278866818277269e-07
f10788d7bd88bd24c7b1c571f63b9cf66b2e5da3f791b4ec14973d2db0a56d5e,ccf34fdd04fb7169e62b86b34d230f4b1414e38423cbcfcbb9b322b5e00d0918,3964c5f125dd97a12324dae72ba37fbf556e38c0bb69add29adeb1a2beba7b1b,mb_qe16_direct_r3_s42_30812496,Sb2Te3Cr_1-6_qe_r3,52,5,0,True,-133596.32962311897,-133596.32962306184,5.713081918656826e-08,0.43780568272107695,0.863878,True,/Users/alina/Project/26MIgrationBench/cluster/mb_qe16_direct_r2_s42_30791828/neb.out,0.598159621551616,1.0,30,6.099201161710495e-08,1.1945346274806756e-07
97dafc78f409a36509c67dab96a563671513e85a44b943772e545544c37bc45a,623080f459e56873dee8a4deba252775717c5678d88392c89170d3520e17e30b,44c91d7b780b981d70e477a9477f082c2ef0c1806ae5c1275ea7da4781448ad3,mb_qe16_direct_r3_s42_30812496,Sb2Te3Cr_1-6_qe_r3,53,1,0,True,-133597.1500230125,-133597.1500230125,0.0,0.3127942658103932,0.312794,True,/Users/alina/Project/26MIgrationBench/cluster/mb_qe16_direct_r2_s42_30791828/neb.out,0.0,0.0,31,6.833693910353517e-08,1.2654970801828647e-07
2493a5278c743a247102baa361985beee5080b20cb29304bdc4db120e5c44933,87a7c4838e437db818e7ec3eebf4a10df2a1dbb0fb6c757fdd494abd28bb6b06,daa906830cbe406eed6978ee4bbfe862aa0137e303174152420fa5118e9f6455,mb_qe16_direct_r3_s42_30812496,Sb2Te3Cr_1-6_qe_r3,53,2,52,False,-133597.66745990314,-133597.66745994124,3.809691406786442e-08,0.7694895356398288,0.511782,True,/Users/alina/Project/26MIgrationBench/cluster/mb_qe16_direct_r2_s42_30791828/neb.out,0.1588717568235639,0.2655450360982838,19,7.439673629324262e-08,1.2588122118122047e-07
9744e0581673ae0dcb22d2db2225727edf2975bdd4e64832858cd6f800d1bd15,366db606fb1220f12f8dbbeabf33f5b407b3f6bf6c7d40c4a1e174ec6a96287c,882634bf4000765723256477c5c9bee635a19414007d69a71219ad0ccfa47f36,mb_qe16_direct_r3_s42_30812496,Sb2Te3Cr_1-6_qe_r3,53,3,52,False,-133597.53247782166,-133597.53247787882,5.7159923017024994e-08,0.5104160018114372,0.861166,True,/Users/alina/Project/26MIgrationBench/cluster/mb_qe16_direct_r2_s42_30791828/neb.out,0.3769971238123441,0.6301290855798592,18,7.440393315806953e-08,1.2819521421833513e-07
9f5195113a1b9796f303fdf0ef2c3288935805081ff7f8e2d4eaab38b8ee30df,5c91645f4ec08962d16be6e5a0fa7f169f44b5f559a1c225ad327c82b4797a63,150411f64e4a6b960214f6076675b6d6aee23f51fdb1a1d37e20445e59326439,mb_qe16_direct_r3_s42_30812496,Sb2Te3Cr_1-6_qe_r3,53,4,52,False,-133597.15346879032,-133597.153468823,3.268360160291195e-08,0.4496463716433544,0.240172,True,/Users/alina/Project/26MIgrationBench/cluster/mb_qe16_direct_r2_s42_30791828/neb.out,0.5127667178104439,0.8570601805718633,13,7.52565700820236e-08,1.282466362859584e-07
8fbd6f17f3ab7eb91e3802a52989664a64055fdd6ce29b08f8ac70358255ce8e,319ec42647ad6f20584427244320cb3edd6ac705783be7e2571f265c2473e983,3964c5f125dd97a12324dae72ba37fbf556e38c0bb69add29adeb1a2beba7b1b,mb_qe16_direct_r3_s42_30812496,Sb2Te3Cr_1-6_qe_r3,53,5,0,True,-133596.32962311897,-133596.32962306184,5.713081918656826e-08,0.43780568272107695,0.867856,True,/Users/alina/Project/26MIgrationBench/cluster/mb_qe16_direct_r2_s42_30791828/neb.out,0.5982855456758082,1.0,30,6.099201161710495e-08,1.1945346274806756e-07
cb98b8ed5137cc052b978248be6de42443e88f2ab4fb3675feb7086c35218242,cbc450ff66f68121106e7d168a49f3b922c3498234fde504ef4cb9c545829048,44c91d7b780b981d70e477a9477f082c2ef0c1806ae5c1275ea7da4781448ad3,mb_qe16_direct_r3_s42_30812496,Sb2Te3Cr_1-6_qe_r3,54,1,0,True,-133597.1500230125,-133597.1500230125,0.0,0.3127942658103932,0.312794,True,/Users/alina/Project/26MIgrationBench/cluster/mb_qe16_direct_r2_s42_30791828/neb.out,0.0,0.0,31,6.833693910353517e-08,1.2654970801828647e-07
1d8f00953ff3796033a90978ef4b23dbf4eb3279c559cd6305364f682998680e,7e8afd657bb11cc6e469beebf958488cf073e8cae96a396f39f1f21f24d27ae2,3b0d7ae8bcd628ce2d0d83ad66b963c0bb21fc29a357593238ec35ce6c266892,mb_qe16_direct_r3_s42_30812496,Sb2Te3Cr_1-6_qe_r3,54,2,53,False,-133597.66790276847,-133597.66790278206,1.359148882329464e-08,0.768285016583556,0.494138,True,/Users/alina/Project/26MIgrationBench/cluster/mb_qe16_direct_r2_s42_30791828/neb.out,0.1591746297452561,0.2657665967525954,11,7.3271176766329e-08,1.278866818138491e-07
c8f7c01c032a3a706d4a296288ba4740bfd91f755f3b3118d39d8c4aa44b316e,1aa32d2af9c0a927e8040a4371de1608dff37125f1acbd72f6b9a3ed468c62e4,f440dc8c5f944702df424468f753c06afe4004ad43aa5cebb5ae7e3b05d8d13f,mb_qe16_direct_r3_s42_30812496,Sb2Te3Cr_1-6_qe_r3,54,3,53,False,-133597.53294504117,-133597.53294510103,5.986657924950123e-08,0.5101704149623143,0.874334,True,/Users/alina/Project/26MIgrationBench/cluster/mb_qe16_direct_r2_s42_30791828/neb.out,0.37705255641305957,0.6295474025926003,11,7.430263921895627e-08,1.2737246113912748e-07
4cb34b08a723aa6e9981103b441bcf7db5ad73ed08def8711f4a44181e866d74,8aaac5e77353c7e5be295f9b6018454723df0937b0fc52fa218075bc20dbb9b8,d821a6c8e7b52ff18556c0b7708da335e5d07f6c9f02a12e5d3ff805124ac152,mb_qe16_direct_r3_s42_30812496,Sb2Te3Cr_1-6_qe_r3,54,4,53,False,-133597.15338212208,-133597.1533821792,5.713081918656826e-08,0.44276620775794145,0.238943,True,/Users/alina/Project/26MIgrationBench/cluster/mb_qe16_direct_r2_s42_30791828/neb.out,0.513637998369365,0.8575978659910133,11,7.285840524774401e-08,1.2716677286889189e-07
48ba123f57a7b2ba47590068478568413a6929060c614849700a4b84e6ac207d,e4aa2b21e820b5a4df5b0097a23a52ae4fdf495d3bb4e4c7bfe0d0b8bee446b3,3964c5f125dd97a12324dae72ba37fbf556e38c0bb69add29adeb1a2beba7b1b,mb_qe16_direct_r3_s42_30812496,Sb2Te3Cr_1-6_qe_r3,54,5,0,True,-133596.32962311897,-133596.32962306184,5.713081918656826e-08,0.43780568272107695,0.867513,True,/Users/alina/Project/26MIgrationBench/cluster/mb_qe16_direct_r2_s42_30791828/neb.out,0.5989263951535385,1.0,30,6.099201161710495e-08,1.1945346274806756e-07
9cb6fcf9d3db8b7ff5297267a1b430fbeeef5b8c6a0d316a316e014153790c3e,7edce8f664271e24a7e851dbd1eb8827e3e21b87ad5b329bad9e56b46d842c85,44c91d7b780b981d70e477a9477f082c2ef0c1806ae5c1275ea7da4781448ad3,mb_qe16_direct_r3_s42_30812496,Sb2Te3Cr_1-6_qe_r3,55,1,0,True,-133597.1500230125,-133597.1500230125,0.0,0.3127942658103932,0.312794,True,/Users/alina/Project/26MIgrationBench/cluster/mb_qe16_direct_r2_s42_30791828/neb.out,0.0,0.0,31,6.833693910353517e-08,1.2654970801828647e-07
9a09ba976e300bd28575f19f355b20c3f3a5fd0dc6a71b0c57fc2b70ca6a0886,37c62fd0caedb0c3694491b3d319c84ba4185c5f09adc3c487c09566c43cda14,4ece4ffd3c6c672ef057eee2092f75742bf64423367830f6d8e5da51501465e7,mb_qe16_direct_r3_s42_30812496,Sb2Te3Cr_1-6_qe_r3,55,2,54,False,-133597.67049859863,-133597.6704985796,1.9033905118703842e-08,0.7691816346605832,0.511881,True,/Users/alina/Project/26MIgrationBench/cluster/mb_qe16_direct_r2_s42_30791828/neb.out,0.17283297545953796,0.27377835405759343,17,7.241782044803253e-08,1.2855516869081374e-07
c7c62ba215f466afa19110a0000fb60cf373011893da127022288938dd8cece8,a75a18d6d030fd2f2ba45827650afb5b8c14492d8e30b33b4b8aeb7578e33f14,daf463154f1d3ae518b3b39a2b5bb9f84cd2902a5cf20bef6e4176ad56b30ec1,mb_qe16_direct_r3_s42_30812496,Sb2Te3Cr_1-6_qe_r3,55,3,54,False,-133597.53647163682,-133597.53647158513,5.168840289115906e-08,0.48029299951456084,0.812349,True,/Users/alina/Project/26MIgrationBench/cluster/mb_qe16_direct_r2_s42_30791828/neb.out,0.38333536554502534,0.6072274411288638,16,7.783430940963734e-08,1.2845232455482858e-07
eb72a9de62d6faf69a92f5e9a2161852123fd188576be63d0dbb24979fdf49ed,436995083deec54ff7354ba2ab8021fc6943b8198cd4f0caf2f04aaf3694f72e,d59b5f8925ae2a6f82ed6769fa366064837f99c8c2d3cfd2f739bf9b3f391fbd,mb_qe16_direct_r3_s42_30812496,Sb2Te3Cr_1-6_qe_r3,55,4,54,False,-133597.1522001955,-133597.15220019006,5.4424162954092026e-09,0.44606836771749303,0.222968,True,/Users/alina/Project/26MIgrationBench/cluster/mb_qe16_direct_r2_s42_30791828/neb.out,0.555233548590651,0.8795250249353754,14,7.122903539577232e-08,1.2834948042101182e-07
b1847b5918be1728f3fcee390cc0a085f6dbcf46ed85696e7c75a9597b1b43db,45325663560a818e4768daaf958e01a1aeb5de4fe33498df33a18cc61e3272ff,3964c5f125dd97a12324dae72ba37fbf556e38c0bb69add29adeb1a2beba7b1b,mb_qe16_direct_r3_s42_30812496,Sb2Te3Cr_1-6_qe_r3,55,5,0,True,-133596.32962311897,-133596.32962306184,5.713081918656826e-08,0.43780568272107695,0.863894,True,/Users/alina/Project/26MIgrationBench/cluster/mb_qe16_direct_r2_s42_30791828/neb.out,0.6312879484372235,1.0,30,6.099201161710495e-08,1.1945346274806756e-07
64d296fbaef10ac05d258d94190aa1a83e6e116c72232c5032529a1b912a680f,9b6e42c109c1783dc5020abc2b672a0908f9926a04fdecdf4debb058bf8876d5,44c91d7b780b981d70e477a9477f082c2ef0c1806ae5c1275ea7da4781448ad3,mb_qe16_direct_r3_s42_30812496,Sb2Te3Cr_1-6_qe_r3,56,1,0,True,-133597.1500230125,-133597.1500230125,0.0,0.3127942658103932,0.312794,True,/Users/alina/Project/26MIgrationBench/cluster/mb_qe16_direct_r2_s42_30791828/neb.out,0.0,0.0,31,6.833693910353517e-08,1.2654970801828647e-07
d62e308417d984b6b39572c745ff776e6583f32966192ee48836d0b164071fb1,9c7532094083e8347e3c28c58e7374a8875522bdf4901cbd396755d9b840821d,05b0a81c3230cf5d44e6d4658377e26782ca50b6bc9ebddd9615280ae31ffa31,mb_qe16_direct_r3_s42_30812496,Sb2Te3Cr_1-6_qe_r3,56,2,55,False,-133597.77218877355,-133597.77218881165,3.809691406786442e-08,0.7760045035904329,0.76909,True,/Users/alina/Project/26MIgrationBench/cluster/mb_qe16_direct_r2_s42_30791828/neb.out,0.16845586039715774,0.2715366117158206,32,7.125710340797534e-08,1.2804094801620054e-07
e763c359907682dc0af1cfa4b8916e6bc9cc50b3ad32ce1d7886158921870ef1,d009a4c0606d64d870571a64d4b90bbeaaecb1c693bb084be0ccd1163bd343a3,f9bab213f097368ca9afac12e60bfe48c997706f47a4941a901e6cb27e2b7731,mb_qe16_direct_r3_s42_30812496,Sb2Te3Cr_1-6_qe_r3,56,3,55,False,-133597.57076070464,-133597.57076076724,6.26023393124342e-08,0.49154057065377754,0.866341,True,/Users/alina/Project/26MIgrationBench/cluster/mb_qe16_direct_r2_s42_30791828/neb.out,0.3806663732922774,0.613602025802118,30,7.142034082094706e-08,1.2557268877846917e-07
d387f730558007fef9f44551534fbf3f15f91fddc68dd1cb1caff32959a3e459,4d6e7df479915a0f4a46515541988dbcab1fb075b4fe2ee9b9970f5de381a229,6066e748e05906adaea867cc92780c10a2d2661ee787f57b50ac3e2da75d8d77,mb_qe16_direct_r3_s42_30812496,Sb2Te3Cr_1-6_qe_r3,56,4,55,False,-133597.08206924214,-133597.0820692748,3.2654497772455215e-08,0.3611127248398043,0.604202,True,/Users/alina/Project/26MIgrationBench/cluster/mb_qe16_direct_r2_s42_30791828/neb.out,0.5414937296429002,0.8728421336363111,28,7.121621659466938e-08,1.2824663628459299e-07
2892ae3728a902ceb72cd9cf871c202baa5c2eb77879774c3c84d15aee629d54,84f2792c26a6e7a645d48cda246f9ad98152da9a327511054e14f4dc096b8eed,3964c5f125dd97a12324dae72ba37fbf556e38c0bb69add29adeb1a2beba7b1b,mb_qe16_direct_r3_s42_30812496,Sb2Te3Cr_1-6_qe_r3,56,5,0,True,-133596.32962311897,-133596.32962306184,5.713081918656826e-08,0.43780568272107695,0.718474,True,/Users/alina/Project/26MIgrationBench/cluster/mb_qe16_direct_r2_s42_30791828/neb.out,0.6203799161103805,1.0,30,6.099201161710495e-08,1.1945346274806756e-07
356be46a4dffea9ae7354a7836701cb3ea1f82657afe9a436088db1808823f64,cfc581cea297ae642e7b3f7f82b9e9ca20a9914c8add929cab7d4b01c2fd3360,44c91d7b780b981d70e477a9477f082c2ef0c1806ae5c1275ea7da4781448ad3,mb_qe16_direct_r3_s42_30812496,Sb2Te3Cr_1-6_qe_r3,57,1,0,True,-133597.1500230125,-133597.1500230125,0.0,0.3127942658103932,0.312794,True,/Users/alina/Project/26MIgrationBench/cluster/mb_qe16_direct_r2_s42_30791828/neb.out,0.0,0.0,31,6.833693910353517e-08,1.2654970801828647e-07
aef48fbcc18c28c04486e01a85b32b263c9f74f570398bb058576f8f17fea3f5,6857f84d3359b87551acabdf96f8513d3d17b83bb2ba8726ecb7bc52ff2d315c,e9d9f88c2220e8aaaf62de89acdcd6e6e4737d90337f056764e7fe7eb6dae136,mb_qe16_direct_r3_s42_30812496,Sb2Te3Cr_1-6_qe_r3,57,2,56,False,-133597.74319136798,-133597.7431914197,5.171750672161579e-08,0.7691491404627842,0.625085,True,/Users/alina/Project/26MIgrationBench/cluster/mb_qe16_direct_r2_s42_30791828/neb.out,0.16730156669189836,0.27084696439112,23,7.237760670894359e-08,1.2793810388184168e-07
d53f65a36cbc15ddefed47114ea043f8c3132d84a14c2af96fb3a4f2deae0561,787bfa9b15989f204c8ee0e721a555f4415f70e2a8d0e4724b9e1512cc507823,94ba4496d7e317b6e71e8f8b27950b021c5038656ffddaefcf478e49d901d15f,mb_qe16_direct_r3_s42_30812496,Sb2Te3Cr_1-6_qe_r3,57,3,56,False,-133597.58422530672,-133597.58422537203,6.530899554491043e-08,0.2544086146248867,0.378269,True,/Users/alina/Project/26MIgrationBench/cluster/mb_qe16_direct_r2_s42_30791828/neb.out,0.38012289124791576,0.6153865335862361,28,7.485315788105313e-08,1.2783525974498916e-07
cb4f847695f49300f88ceb04283974fb54cd6be853ac168ff2f5fd5d38ee52bc,af52dc9f70a39643c2325a26281eb447521e430392b11c4a5ee7a98104b5e43f,4e8fc3f3f2aaac1c1878c4a9cd471af632dc436c564de900de18d8994db08de6,mb_qe16_direct_r3_s42_30812496,Sb2Te3Cr_1-6_qe_r3,57,4,56,False,-133597.10860714657,-133597.10860716837,2.1798769012093544e-08,0.37758282197436166,0.363131,True,/Users/alina/Project/26MIgrationBench/cluster/mb_qe16_direct_r2_s42_30791828/neb.out,0.5379718411721711,0.8709305178099105,21,7.625135010307503e-08,1.2845232455482858e-07
3a3525f4edc400e73ab8628fc715151e99bb277aaa7354c4909e4e667794ec94,6ae376414abe9ce9ae8a520222ad1f4a13268105bd8f1053ecdd8535175a780a,3964c5f125dd97a12324dae72ba37fbf556e38c0bb69add29adeb1a2beba7b1b,mb_qe16_direct_r3_s42_30812496,Sb2Te3Cr_1-6_qe_r3,57,5,0,True,-133596.32962311897,-133596.32962306184,5.713081918656826e-08,0.43780568272107695,0.763708,True,/Users/alina/Project/26MIgrationBench/cluster/mb_qe16_direct_r2_s42_30791828/neb.out,0.617697772865951,1.0,30,6.099201161710495e-08,1.1945346274806756e-07
c68018429b602485cb9f3d8ce2d1c9edf9c278aaba0942853f974678848b8494,0f543848e4ecd6b6e81cf1a4bc4a45f8d0a8f446b9c14daffba4da2000bcd785,44c91d7b780b981d70e477a9477f082c2ef0c1806ae5c1275ea7da4781448ad3,mb_qe16_direct_r3_s42_30812496,Sb2Te3Cr_1-6_qe_r3,58,1,0,True,-133597.1500230125,-133597.1500230125,0.0,0.3127942658103932,0.312794,True,/Users/alina/Project/26MIgrationBench/cluster/mb_qe16_direct_r2_s42_30791828/neb.out,0.0,0.0,31,6.833693910353517e-08,1.2654970801828647e-07
1c4d9714977758b377419b1b255293ee9376863f7506d4588681c879cfcc3235,2f75a06882e8648b2bd2456371fb282fc3ecb5ddeee53101bb534b41e10c7db3,49b30b0bcdb68fe5fca25a07f1f635f8eca58bb5264430171b819463693bef0a,mb_qe16_direct_r3_s42_30812496,Sb2Te3Cr_1-6_qe_r3,58,2,57,False,-133597.73570388297,-133597.73570389382,1.0855728760361671e-08,0.7671832572092887,0.576967,True,/Users/alina/Project/26MIgrationBench/cluster/mb_qe16_direct_r2_s42_30791828/neb.out,0.16719228808528408,0.2707382454681276,20,7.17542852668179e-08,1.2670397425695867e-07
4d022a356bb750afb49e94fb429bc0f608a7b560c6c673f96a64ea4cba35fb30,cc3ad0da2e8fc159ca3f24e8f00de38ddb42666bfcd2257d6bd1be83d829fdc9,f3a4b10640def5a625eb6b36d84e28834e567061926f4c690393b3e7a37938e4,mb_qe16_direct_r3_s42_30812496,Sb2Te3Cr_1-6_qe_r3,58,3,57,False,-133597.58424544317,-133597.58424541593,2.7241185307502747e-08,0.20533372841974812,0.240727,True,/Users/alina/Project/26MIgrationBench/cluster/mb_qe16_direct_r2_s42_30791828/neb.out,0.38012771179892957,0.6155493828385176,22,7.341898795017632e-08,1.2706392873290673e-07
cfa2ed4e3bba5ea10a159bf1e06f86697b21091ccc7147930b3fcc14081c0c2f,e3a8ac809b61843ced4f5fa4fe253024e259873eda63e2960c1c337f80cbee77,e87f856f6ea9a316391b6cf29589ee165fd2c23f8af1f8d4af517d1ab8d29383,mb_qe16_direct_r3_s42_30812496,Sb2Te3Cr_1-6_qe_r3,58,4,57,False,-133597.1157231962,-133597.11572322613,2.991873770952225e-08,0.38690744505533414,0.305801,True,/Users/alina/Project/26MIgrationBench/cluster/mb_qe16_direct_r2_s42_30791828/neb.out,0.5376743350810284,0.8706681855973261,20,7.579509774130424e-08,1.284009024937749e-07
2434956d8f26614bd0bc92b8903582dc17972c2b9e0c6577fdc0eca47aa4dd89,9345bf9789d1a2769b8a3344b1fbc0deb15efb096e35d2263070551fd0cabc6a,3964c5f125dd97a12324dae72ba37fbf556e38c0bb69add29adeb1a2beba7b1b,mb_qe16_direct_r3_s42_30812496,Sb2Te3Cr_1-6_qe_r3,58,5,0,True,-133596.32962311897,-133596.32962306184,5.713081918656826e-08,0.43780568272107695,0.77729,True,/Users/alina/Project/26MIgrationBench/cluster/mb_qe16_direct_r2_s42_30791828/neb.out,0.6175421865359124,1.0,30,6.099201161710495e-08,1.1945346274806756e-07
118845b7909132d066d0442aaa3b03bd02e5e44d4c568e68a89faf54eb270553,3b62818c45569fc9475912d7f8eee1331db73cf7a93989b0899e955ae92b7ace,44c91d7b780b981d70e477a9477f082c2ef0c1806ae5c1275ea7da4781448ad3,mb_qe16_direct_r3_s42_30812496,Sb2Te3Cr_1-6_qe_r3,59,1,0,True,-133597.1500230125,-133597.1500230125,0.0,0.3127942658103932,0.312794,True,/Users/alina/Project/26MIgrationBench/cluster/mb_qe16_direct_r2_s42_30791828/neb.out,0.0,0.0,31,6.833693910353517e-08,1.2654970801828647e-07
7613d59b12221887d99581113606ca1a519d79554cabe766a5b74b498bd50d8b,a496ac72c3f69b381b9ad7f13616f2afa69a811f1e1cdbb10478d6e09226345a,6d6a52c99d3b5f7459a23b4a3822301fb7cca2f8efce9da1dcb41dc5cdaa2475,mb_qe16_direct_r3_s42_30812496,Sb2Te3Cr_1-6_qe_r3,59,2,58,False,-133597.7355359887,-133597.73553603768,4.898174665868282e-08,0.7684292789361745,0.599759,True,/Users/alina/Project/26MIgrationBench/cluster/mb_qe16_direct_r2_s42_30791828/neb.out,0.1671830364093497,0.2706845859153056,11,7.346239350255739e-08,1.27166772861953e-07
98000ee9569b50ba054329c535b279c08839b8080b4f526df823c3dfb876c709,7415f810579019c7bcc6173ca3765939ba52ce0b87d3830b733e2d60f04c1064,a38caeb8865af6277718e852a04b1d44a7e0cd05920097558e703d9be8825581,mb_qe16_direct_r3_s42_30812496,Sb2Te3Cr_1-6_qe_r3,59,3,58,False,-133597.5842582325,-133597.58425822164,1.0855728760361671e-08,0.20056278206714298,0.226148,True,/Users/alina/Project/26MIgrationBench/cluster/mb_qe16_direct_r2_s42_30791828/neb.out,0.380187333513025,0.6155579725818527,14,7.213766845147705e-08,1.269610845986563e-07
cd3c886cc83b980cb040eae94f8a148ea68f473c7bbdcbf211fccd68e9e25a8c,92b8a9de64849911b75938633bf6981b1b0a65284f1de52ca47dfaee77530c2c,e659e41893c9fab5ef2031cb57ace1cef1294b1262303344b68d58122f50c1c8,mb_qe16_direct_r3_s42_30812496,Sb2Te3Cr_1-6_qe_r3,59,4,58,False,-133597.11695383114,-133597.11695377398,5.7159923017024994e-08,0.38726358748674744,0.300131,True,/Users/alina/Project/26MIgrationBench/cluster/mb_qe16_direct_r2_s42_30791828/neb.out,0.537685979603421,0.8705626471877979,12,6.924697246469685e-08,1.283494804214455e-07
8e9c8e3dc1436782e0e99214ca504d1ff200fec665c98a5273982199f89e26b3,825188acfe4e9a1899983b221c0e53fd1885ea6af14f622d4f6f541a63bd090b,3964c5f125dd97a12324dae72ba37fbf556e38c0bb69add29adeb1a2beba7b1b,mb_qe16_direct_r3_s42_30812496,Sb2Te3Cr_1-6_qe_r3,59,5,0,True,-133596.32962311897,-133596.32962306184,5.713081918656826e-08,0.43780568272107695,0.779797,True,/Users/alina/Project/26MIgrationBench/cluster/mb_qe16_direct_r2_s42_30791828/neb.out,0.6176304271040374,1.0,30,6.099201161710495e-08,1.1945346274806756e-07
ff5c3a3aaa4daae9a6676e3f0285743d4b6b72b037b56630266f60076dc3242d,82baa981a50ad5d174fe4b2da431d90111455922130e759dbb77ec02d62eb491,44c91d7b780b981d70e477a9477f082c2ef0c1806ae5c1275ea7da4781448ad3,mb_qe16_direct_r3_s42_30812496,Sb2Te3Cr_1-6_qe_r3,60,1,0,True,-133597.1500230125,-133597.1500230125,0.0,0.3127942658103932,0.312794,True,/Users/alina/Project/26MIgrationBench/cluster/mb_qe16_direct_r2_s42_30791828/neb.out,0.0,0.0,31,6.833693910353517e-08,1.2654970801828647e-07
a817b53270b2346ef377c65601aa0fbbceefd843c4a2a7b1b3f560a8f695a3f1,d879796d5b5f451c2f2de76d681379c29d8f92bda1f6b6b801ca1a0441d1ae56,f2c3cdc2cde89ff230441b12c4826255b71bd0af3ddfb7782b32912cc4a7ad07,mb_qe16_direct_r3_s42_30812496,Sb2Te3Cr_1-6_qe_r3,60,2,59,False,-133597.7361602179,-133597.7361601553,6.26023393124342e-08,0.7669659199234119,0.570349,True,/Users/alina/Project/26MIgrationBench/cluster/mb_qe16_direct_r2_s42_30791828/neb.out,0.16666985141417584,0.2680039614728361,11,7.291808053297792e-08,1.2824663628546035e-07
b4b6e50324547743c65b94dc4f464c6f99bcdb0085c8dbbfd3c3237306573be8,0150cb00ecd711ea0e8d0d1e3304713a75c1f71eb5b535eccacce5a4c07cffb8,e0148afdaa1a208427f24369814289f73c2a9348d3ee5c8f0a1231d72910850a,mb_qe16_direct_r3_s42_30812496,Sb2Te3Cr_1-6_qe_r3,60,3,59,False,-133597.5843593228,-133597.5843592711,5.168840289115906e-08,0.19338461497135312,0.226182,True,/Users/alina/Project/26MIgrationBench/cluster/mb_qe16_direct_r2_s42_30791828/neb.out,0.3830236981028712,0.615899441671994,11,7.75891651489076e-08,1.2793810388097432e-07
a59f01999d500f6b937806f084e955e9cbfe1e2cd384de7e9286601e7c51ff8c,afdcac148555ee759ceff8072cc65ad5f81cafc9bbfc067b2ab7789345e72c60,3458a793bac738b5c008e1cc3da1616c6642bf617ba0864476584944837c90f7,mb_qe16_direct_r3_s42_30812496,Sb2Te3Cr_1-6_qe_r3,60,4,59,False,-133597.1176530277,-133597.1176530658,3.809691406786442e-08,0.3811809803729279,0.299916,True,/Users/alina/Project/26MIgrationBench/cluster/mb_qe16_direct_r2_s42_30791828/neb.out,0.538084455898199,0.8652360613756895,11,7.223467261555958e-08,1.2505846810288018e-07
5e1311b9b69335683b9f20fcb763dfda989d25a1b188880ab8a38b05c40df596,3f93a2cffeca72664cd95a40a72699888ae16960760e207b36d3e2e61346c22c,3964c5f125dd97a12324dae72ba37fbf556e38c0bb69add29adeb1a2beba7b1b,mb_qe16_direct_r3_s42_30812496,Sb2Te3Cr_1-6_qe_r3,60,5,0,True,-133596.32962311897,-133596.32962306184,5.713081918656826e-08,0.43780568272107695,0.781274,True,/Users/alina/Project/26MIgrationBench/cluster/mb_qe16_direct_r2_s42_30791828/neb.out,0.6218932380634563,1.0,30,6.099201161710495e-08,1.1945346274806756e-07
bcb7effb193a8f8718549f69d4e0c0956535694db556641e00e11b26118f6293,2f2ae178b5f64edca9b66c26e630da38789ca572ba81585a5f53ca1ec5e85efc,44c91d7b780b981d70e477a9477f082c2ef0c1806ae5c1275ea7da4781448ad3,mb_qe16_direct_r3_s42_30812496,Sb2Te3Cr_1-6_qe_r3,61,1,0,True,-133597.1500230125,-133597.1500230125,0.0,0.3127942658103932,0.312794,True,/Users/alina/Project/26MIgrationBench/cluster/mb_qe16_direct_r2_s42_30791828/neb.out,0.0,0.0,31,6.833693910353517e-08,1.2654970801828647e-07
fc49480108b402efe11c92a76d946f6fcbf20d6dc7e6b4226a021fc61378b008,483407ba61eee82815629d3fb7fed3a8decf86bbe4dfbfd5fb89b71e833c41d7,20dd1eabd0e19f67069cb3388b900bda9eb86e473ca62ddc1505a6a74f6ac14b,mb_qe16_direct_r3_s42_30812496,Sb2Te3Cr_1-6_qe_r3,61,2,60,False,-133597.76393950576,-133597.76393945952,4.6245986595749855e-08,0.734808591338058,0.507576,True,/Users/alina/Project/26MIgrationBench/cluster/mb_qe16_direct_r2_s42_30791828/neb.out,0.16587414150246726,0.26310439923122625,21,7.530863753476572e-08,1.278866818138491e-07
e3bd89ae1bd020c785bd2ea3e5250e1f940387c151463a390717b9d4e42684f9,18bd1272571536c85b22d5c2a728f0d0dc3ad4ccfb6e4cdc25d2eca734d30b7f,fcea11982ae8bfea14d8f8a64c93fe03cee130441aefad60b060dbbcc5e15d45,mb_qe16_direct_r3_s42_30812496,Sb2Te3Cr_1-6_qe_r3,61,3,60,False,-133597.58858184968,-133597.58858186874,1.9063008949160576e-08,0.15373619236175348,0.160288,True,/Users/alina/Project/26MIgrationBench/cluster/mb_qe16_direct_r2_s42_30791828/neb.out,0.3886243548034135,0.6164238528743442,21,7.370711753658243e-08,1.2845232455482858e-07
2e105f8d05b1ac892ed5f0eb849b5fdf2cedea72010c4c27cc6f2b6d4ec2be5f,7d988473f5d6d4fd3598681f98a091f95b4c10c8931f3b304f72944b2aefffee,5c511fb51e04ccb69d4b0b24e6e6b6bf3487b80493b2512992a83f2c1a77fcea,mb_qe16_direct_r3_s42_30812496,Sb2Te3Cr_1-6_qe_r3,61,4,60,False,-133597.15235203505,-133597.1523519888,4.6245986595749855e-08,0.4059822656541498,0.233828,True,/Users/alina/Project/26MIgrationBench/cluster/mb_qe16_direct_r2_s42_30791828/neb.out,0.539331380911978,0.8554706458527952,23,7.406151244549573e-08,1.2850374662976005e-07
f0aedb301db80573bd386ebb84add219194a4dd286cf659d58bfb529d0ef397b,32cbfd9dc2a2ce5bd589c56169bcc6e6a80da7f4b23ad897325070bceb2704af,3964c5f125dd97a12324dae72ba37fbf556e38c0bb69add29adeb1a2beba7b1b,mb_qe16_direct_r3_s42_30812496,Sb2Te3Cr_1-6_qe_r3,61,5,0,True,-133596.32962311897,-133596.32962306184,5.713081918656826e-08,0.43780568272107695,0.857663,True,/Users/alina/Project/26MIgrationBench/cluster/mb_qe16_direct_r2_s42_30791828/neb.out,0.630449897406279,1.0,30,6.099201161710495e-08,1.1945346274806756e-07
e7ab44ae5ad41c6bf65aea6199186f6a6798a045c98da53cc43d12cdb0fdc004,b898eb4d3b4cec0e55857bb038f3851a4bdb36ffa939fdb0f8ae2332224672ce,44c91d7b780b981d70e477a9477f082c2ef0c1806ae5c1275ea7da4781448ad3,mb_qe16_direct_r3_s42_30812496,Sb2Te3Cr_1-6_qe_r3,62,1,0,True,-133597.1500230125,-133597.1500230125,0.0,0.3127942658103932,0.312794,True,/Users/alina/Project/26MIgrationBench/cluster/mb_qe16_direct_r2_s42_30791828/neb.out,0.0,0.0,31,6.833693910353517e-08,1.2654970801828647e-07
e42d8ff2f4711ba247a385cacf38c3ccc44aa9ee3b38bab66c1abf4c75b95ac8,351ce93708128766900bc6c906aed4fe577f1864e4ee88308373f032edf9e18e,59e460ec506a266c5eccf1930e0aed97aceea1195b4779af1f4d9a24f69bf0a2,mb_qe16_direct_r3_s42_30812496,Sb2Te3Cr_1-6_qe_r3,62,2,61,False,-133597.81421444664,-133597.81421450924,6.26023393124342e-08,0.6835433504381788,0.365966,True,/Users/alina/Project/26MIgrationBench/cluster/mb_qe16_direct_r2_s42_30791828/neb.out,0.16581919552281796,0.26261395600165754,30,7.657078363253567e-08,1.2788668181363226e-07
806a060614919524ee0df1861785ce343891b779b3e4d7521e8794e7cdf83b0e,0c54615dd82e5bbf9ee207b8f58626ade292040fdb3d014bc75e1e263ad6709a,f6340515d7f6c4ffa84c5199ad476e2a283f2ebdc85b89a5bfb16b1179693ac3,mb_qe16_direct_r3_s42_30812496,Sb2Te3Cr_1-6_qe_r3,62,3,61,False,-133597.59438345325,-133597.5943834587,5.4424162954092026e-09,0.1307755329966007,0.336121,True,/Users/alina/Project/26MIgrationBench/cluster/mb_qe16_direct_r2_s42_30791828/neb.out,0.38923251009052273,0.6164418356815712,25,7.22526718689063e-08,1.2814379215034255e-07
0bb07548de535f5b797dc4a33aa6109e8df7f9f53196796e10123938479b56d7,4916c704c40fe535d3d948c1a700125974a8e3d0f81294744abf9e775ee2e12b,dfbab9e5c181da062e2b65ff26ef4135741b7371b8e8555b15a62f89cbf3d070,mb_qe16_direct_r3_s42_30812496,Sb2Te3Cr_1-6_qe_r3,62,4,61,False,-133597.21388282982,-133597.2138828951,6.52798917144537e-08,0.4335020366520969,0.114468,True,/Users/alina/Project/26MIgrationBench/cluster/mb_qe16_direct_r2_s42_30791828/neb.out,0.5395755087662261,0.854545569781194,29,7.578045904051478e-08,1.2819521421844355e-07
4c184d1ddb379b61a978203f5b3ff6f704d623dd4cbf2d7e02d3c565db711570,f24ebd9f47307f5823653e412b506af55e40da39ceabfdc928df7d2d73a88a25,3964c5f125dd97a12324dae72ba37fbf556e38c0bb69add29adeb1a2beba7b1b,mb_qe16_direct_r3_s42_30812496,Sb2Te3Cr_1-6_qe_r3,62,5,0,True,-133596.32962311897,-133596.32962306184,5.713081918656826e-08,0.43780568272107695,1.011744,True,/Users/alina/Project/26MIgrationBench/cluster/mb_qe16_direct_r2_s42_30791828/neb.out,0.6314180634092856,1.0,30,6.099201161710495e-08,1.1945346274806756e-07
18fa16396e56fbfceb78556c8956bb45b4a1d939221c37b6a39ac6048bb63045,a1e4bec0b104bf9e37c5c132e50e05b44298fa47097163d00684f94a153468f3,44c91d7b780b981d70e477a9477f082c2ef0c1806ae5c1275ea7da4781448ad3,mb_qe16_direct_r3_s42_30812496,Sb2Te3Cr_1-6_qe_r3,63,1,0,True,-133597.1500230125,-133597.1500230125,0.0,0.3127942658103932,0.312794,True,/Users/alina/Project/26MIgrationBench/cluster/mb_qe16_direct_r2_s42_30791828/neb.out,0.0,0.0,31,6.833693910353517e-08,1.2654970801828647e-07
a758ca4665c80f0316143fee6eb1c734afa58eedca99555a7da5f5565c0414e9,382bf8489aef77770050621590248c26e9e37ffeb3fa13d5896d6ba85fd8d28f,e2a14ab8536797a9042bf3d5128a1455a3446a787cb32ca05c010b2dbaee12de,mb_qe16_direct_r3_s42_30812496,Sb2Te3Cr_1-6_qe_r3,63,2,62,False,-133597.8194311415,-133597.81943118502,4.351022653281689e-08,0.6774127536046571,0.349675,True,/Users/alina/Project/26MIgrationBench/cluster/mb_qe16_direct_r2_s42_30791828/neb.out,0.16564594189342255,0.2611896385597265,18,7.249984161161584e-08,1.2850374662325484e-07
a5538ca065a651ee6c38a5288ace87204b52f6dda8b8d93195fd8b0160771067,752077b427b18932dd383ee895009481c9d8091ec21765c1fbfacf551d2ec78d,c1a3df3b472e58e32acb01ed071e44f627e0b4f0af7ce1377e908bab6923a316,mb_qe16_direct_r3_s42_30812496,Sb2Te3Cr_1-6_qe_r3,63,3,62,False,-133597.59487461878,-133597.59487458615,3.262539394199848e-08,0.13114322121776217,0.353067,True,/Users/alina/Project/26MIgrationBench/cluster/mb_qe16_direct_r2_s42_30791828/neb.out,0.39100842307268313,0.6165399980753647,14,7.391966056804164e-08,1.276809935436135e-07
f44e0118bffcf5fcdb55fb6c6824ac9c10f4ab4cb55b72c27ba40d49ad1220c4,d38494afca24e8f8d6a6f54cedeffb90f54d402c0cefb970bedc99199e397c34,bba4a7aebbe28ac2e98803579cbbb5f3bbe3bc07d2bc429ee4828d5d91958e78,mb_qe16_direct_r3_s42_30812496,Sb2Te3Cr_1-6_qe_r3,63,4,62,False,-133597.21969354924,-133597.2196936091,5.986657924950123e-08,0.43552229355324235,0.103174,True,/Users/alina/Project/26MIgrationBench/cluster/mb_qe16_direct_r2_s42_30791828/neb.out,0.5401743733422107,0.8517440736535247,18,7.457577403904373e-08,1.2773241560293247e-07
243ba40d95453ee0a1c37dd937842512b763d72bc0bb2d5e25861574af369c5f,2a5c693231e8ce6503fc9fa6ef1890792a89e4ec2bb410ad14a42fbf226c1397,3964c5f125dd97a12324dae72ba37fbf556e38c0bb69add29adeb1a2beba7b1b,mb_qe16_direct_r3_s42_30812496,Sb2Te3Cr_1-6_qe_r3,63,5,0,True,-133596.32962311897,-133596.32962306184,5.713081918656826e-08,0.43780568272107695,1.027696,True,/Users/alina/Project/26MIgrationBench/cluster/mb_qe16_direct_r2_s42_30791828/neb.out,0.6341979827639455,1.0,30,6.099201161710495e-08,1.1945346274806756e-07
7528b3cfd7fd27219caa2da2eb727711e9f6d284213f460cc14d34a616b90e63,216a48c8bcf9433082941a204b67f87608093e62edae78fcc2d350010e01b4b1,44c91d7b780b981d70e477a9477f082c2ef0c1806ae5c1275ea7da4781448ad3,mb_qe16_direct_r3_s42_30812496,Sb2Te3Cr_1-6_qe_r3,64,1,0,True,-133597.1500230125,-133597.1500230125,0.0,0.3127942658103932,0.312794,True,/Users/alina/Project/26MIgrationBench/cluster/mb_qe16_direct_r2_s42_30791828/neb.out,0.0,0.0,31,6.833693910353517e-08,1.2654970801828647e-07
0a08ae0dc3b2588d6e51658a181be3d35da54ea256e3cbf46b76ae3a484c1566,50b64f18bae85e671a127354f51200338f6c6be9d9ffad8cdea3ecf1c664d2f8,bf1cd7438beada4e640a009cee8580eeaefa3424759d4ea9e9ee9f77fc06a674,mb_qe16_direct_r3_s42_30812496,Sb2Te3Cr_1-6_qe_r3,64,2,63,False,-133597.834067738,-133597.8340677897,5.168840289115906e-08,0.6617183747347518,0.4053,True,/Users/alina/Project/26MIgrationBench/cluster/mb_qe16_direct_r2_s42_30791828/neb.out,0.1656607552599657,0.26115640433654774,20,7.233524854605009e-08,1.2798952593595647e-07
c829c7ebd91e7503e2297bc349c71b979c98e5b2ae51cc5c0189fade6e153ed4,37d9148f714561167f2c02a3e0a439024034f596a10d2a1ae4a5186315fcb274,854b5b23f612d95a3fde5d8e6752a4e4fd7d7d17127824010ed2bc27cdf9051a,mb_qe16_direct_r3_s42_30812496,Sb2Te3Cr_1-6_qe_r3,64,3,63,False,-133597.59603232724,-133597.5960323245,2.735760062932968e-09,0.13516887637500744,0.401515,True,/Users/alina/Project/26MIgrationBench/cluster/mb_qe16_direct_r2_s42_30791828/neb.out,0.39107326596278613,0.6165086463038306,17,7.410966043623711e-08,1.2840090248857072e-07
32edca57ced86db2bd5b3f96ce3e05b501aa0e29fbc142b767b389b0a8a60f7b,f86514cac0a609b2b5c229282bb424c080035b6e3427101e23e9871b3457ad44,14cadf8c0f3ff9152f189c66794596d5a3b2f674ae7436641b166905c4e9463d,mb_qe16_direct_r3_s42_30812496,Sb2Te3Cr_1-6_qe_r3,64,4,63,False,-133597.2367806671,-133597.23678071878,5.168840289115906e-08,0.4430679438794621,0.122851,True,/Users/alina/Project/26MIgrationBench/cluster/mb_qe16_direct_r2_s42_30791828/neb.out,0.5402912714961768,0.8517438275404386,22,7.680261261621697e-08,1.2855516869428318e-07
6749b0d362f9f8f16f2181450ddadf016b5a89c0c05aabd18b5cecc1dc484ba1,02fc6a6d5c9238f95c5aac88768147f24860df3a92d19af1ff2c5e956917286b,3964c5f125dd97a12324dae72ba37fbf556e38c0bb69add29adeb1a2beba7b1b,mb_qe16_direct_r3_s42_30812496,Sb2Te3Cr_1-6_qe_r3,64,5,0,True,-133596.32962311897,-133596.32962306184,5.713081918656826e-08,0.43780568272107695,1.076465,True,/Users/alina/Project/26MIgrationBench/cluster/mb_qe16_direct_r2_s42_30791828/neb.out,0.6343354116887042,1.0,30,6.099201161710495e-08,1.1945346274806756e-07
cf74b9d81f865a213e57ded809587eb9422299c3a3d617fa8bf28579adb04776,42b01c2db2f3daf5699ab512cf9da4c54d1a10f408f424b70fd028d6e5240086,44c91d7b780b981d70e477a9477f082c2ef0c1806ae5c1275ea7da4781448ad3,mb_qe16_direct_r3_s42_30812496,Sb2Te3Cr_1-6_qe_r3,65,1,0,True,-133597.1500230125,-133597.1500230125,0.0,0.3127942658103932,0.312794,True,/Users/alina/Project/26MIgrationBench/cluster/mb_qe16_direct_r2_s42_30791828/neb.out,0.0,0.0,31,6.833693910353517e-08,1.2654970801828647e-07
2ae9653fedbc043928da3f7d5e4213593b20900fb966a52911b56622c8f2532e,88e51167be7c4f0e082f856b4c853a09f343c20a5771f5cd3e5e844ddc61e14b,ed80c7d4e8c9843e79744cded55de3a3a435a55a9d3c6ea47bc3ab3a27ddb397,mb_qe16_direct_r3_s42_30812496,Sb2Te3Cr_1-6_qe_r3,65,2,64,False,-133597.8347235324,-133597.83472347524,5.7159923017024994e-08,0.6632999463276189,0.408386,True,/Users/alina/Project/26MIgrationBench/cluster/mb_qe16_direct_r2_s42_30791828/neb.out,0.16573947633580344,0.2610695327488255,11,7.468879536763357e-08,1.28143792153812e-07
b87339618ae0469ddf552655f1230ffc565d3bb7d2179a4b4d6f9d6a8dc2fddc,526a7eb291af41ab1008158f5205adb16ae4ad00f9886eab3dd8a6682a69a198,382c81368c1fb5e4ba91a7c558a1df13276fb9adf7bceb796b3384ff698fcb46,mb_qe16_direct_r3_s42_30812496,Sb2Te3Cr_1-6_qe_r3,65,3,64,False,-133597.59615028856,-133597.59615028588,2.6775524020195007e-09,0.13035605301496128,0.406886,True,/Users/alina/Project/26MIgrationBench/cluster/mb_qe16_direct_r2_s42_30791828/neb.out,0.39128771210920765,0.6163486359986791,11,7.213262666715458e-08,1.2850374662282116e-07
534effb680a06df65d139826e939f9537e7e5913fa81c688c320e6e91eb26e4e,de3c560e66a0d0ebf2d2ef7164115aef6b15215f34d4e61ab79dffc89287b948,85bc6f68d734928a6fc94cfe7a7a8cc13facfa5272a189976fed318a7fb5bc21,mb_qe16_direct_r3_s42_30812496,Sb2Te3Cr_1-6_qe_r3,65,4,64,False,-133597.236988426,-133597.2369883852,4.080357030034065e-08,0.4430508033138604,0.12152,True,/Users/alina/Project/26MIgrationBench/cluster/mb_qe16_direct_r2_s42_30791828/neb.out,0.540816225739708,0.8518829821254151,11,7.595817455789528e-08,1.28400902486836e-07
fbfc271fe5c21c65f9e32e46fed6855078cc587331524271fb5ebac4bb01d796,24b05db3a4cb86a30f2c5569f82185ba64c56d0f93a337fef9ee5c248e85fbda,3964c5f125dd97a12324dae72ba37fbf556e38c0bb69add29adeb1a2beba7b1b,mb_qe16_direct_r3_s42_30812496,Sb2Te3Cr_1-6_qe_r3,65,5,0,True,-133596.32962311897,-133596.32962306184,5.713081918656826e-08,0.43780568272107695,1.076934,True,/Users/alina/Project/26MIgrationBench/cluster/mb_qe16_direct_r2_s42_30791828/neb.out,0.634848021485759,1.0,30,6.099201161710495e-08,1.1945346274806756e-07
79a19c874fa25d4b06f1431c8273d28eb7e94f37a59737927e4c5b0a05f5a4a3,aaf4cd82421bd7ed2775cf10b872245f6415493b6e60ea2f906fd9b82c40947c,44c91d7b780b981d70e477a9477f082c2ef0c1806ae5c1275ea7da4781448ad3,mb_qe16_direct_r3_s42_30812496,Sb2Te3Cr_1-6_qe_r3,66,1,0,True,-133597.1500230125,-133597.1500230125,0.0,0.3127942658103932,0.312794,True,/Users/alina/Project/26MIgrationBench/cluster/mb_qe16_direct_r3_s42_30812496/neb.out,0.0,0.0,31,6.833693910353517e-08,1.2654970801828647e-07
e61eef2dce581c9fac5f6d1a42fb29af59597daeda8b4142a456635a2e4a9509,30080256f47d3c61b92a194020822cdc73b0bd4f7cf42ca188133e10a9feb3dd,9dfdbba373256c7bd5deef3cde78f7d46d985b25dd90b767b50241bcab2f582b,mb_qe16_direct_r3_s42_30812496,Sb2Te3Cr_1-6_qe_r3,66,2,65,False,-133597.83709105907,-133597.83709100465,5.4424162954092026e-08,0.658983693568392,0.402738,True,/Users/alina/Project/26MIgrationBench/cluster/mb_qe16_direct_r3_s42_30812496/neb.out,0.16582296816087314,0.26097539258011493,18,7.656707387255107e-08,1.271153508147771e-07
6903ec26919d4707638f4a17fb77cb9a1fd0057044c2ab057212fe3c3742ea59,c76bfed7ad82b085359960c754edd1eedda82d2432d554bdf1407ba91cf0479f,b8d1b77276bb69a22c2efd15de36f0743d0a2cd61a1707f5d02c604802ec77f0,mb_qe16_direct_r3_s42_30812496,Sb2Te3Cr_1-6_qe_r3,66,3,65,False,-133597.59664771272,-133597.59664773179,1.9063008949160576e-08,0.13344598722158926,0.39552,True,/Users/alina/Project/26MIgrationBench/cluster/mb_qe16_direct_r3_s42_30812496/neb.out,0.39152033881047255,0.6161822771441138,29,7.468352647633071e-08,1.275267273409368e-07
441fecf5334bfb054c217c79d8adf0d093ba6f1d5264a0a653d33b485c314548,083391a6f11ee3a1c0665805eb71e4f0a24049157a34369ada865110ada3ef02,9f20a08741f7522a5708f7db4bc576ee18b88ef2042fef49b3c84e0b9c9e9b66,mb_qe16_direct_r3_s42_30812496,Sb2Te3Cr_1-6_qe_r3,66,4,65,False,-133597.23710693163,-133597.2371069588,2.718297764658928e-08,0.4427861129815716,0.117461,True,/Users/alina/Project/26MIgrationBench/cluster/mb_qe16_direct_r3_s42_30812496/neb.out,0.5413722668608583,0.8520221380848265,31,7.785001576175547e-08,1.2752672734223786e-07
d673e119b6a45de422e78c0da27b2783545900f56d4509621e3d0de1d5bf99fe,2f864eef295f97322d015c561c148f12e66959abfc442d700c8c9811d2829fba,3964c5f125dd97a12324dae72ba37fbf556e38c0bb69add29adeb1a2beba7b1b,mb_qe16_direct_r3_s42_30812496,Sb2Te3Cr_1-6_qe_r3,66,5,0,True,-133596.32962311897,-133596.32962306184,5.713081918656826e-08,0.43780568272107695,1.076661,True,/Users/alina/Project/26MIgrationBench/cluster/mb_qe16_direct_r3_s42_30812496/neb.out,0.6353969488137405,1.0,30,6.099201161710495e-08,1.1945346274806756e-07
958c628d9dc028774c5595814d621388409cdd63122e5744a6f10a3d92934b83,761ce6c64ae4ffd3710b102513aba1658bee741bcefc94bd9e766f154a02219e,44c91d7b780b981d70e477a9477f082c2ef0c1806ae5c1275ea7da4781448ad3,mb_qe16_direct_r3_s42_30812496,Sb2Te3Cr_1-6_qe_r3,67,1,0,True,-133597.1500230125,-133597.1500230125,0.0,0.3127942658103932,0.312794,True,/Users/alina/Project/26MIgrationBench/cluster/mb_qe16_direct_r3_s42_30812496/neb.out,0.0,0.0,31,6.833693910353517e-08,1.2654970801828647e-07
f1fb70e12f3f3c58d6267512b3c4440b00adc0a241be36091ea6473f81704379,bb4d8af5313dfe495b2571be63a4cafcfec511adee3112dd03de867cde0e8b85,ef77957397522de879b932d5cf6b974772e156ba3c4c1b4433bcc34b7f4a2359,mb_qe16_direct_r3_s42_30812496,Sb2Te3Cr_1-6_qe_r3,67,2,66,False,-133597.83962049347,-133597.83962044722,4.6245986595749855e-08,0.6560917218857643,0.400361,True,/Users/alina/Project/26MIgrationBench/cluster/mb_qe16_direct_r3_s42_30812496/neb.out,0.1659624594899263,0.26083733367702505,18,7.141411605383402e-08,1.28452324527073e-07
c75f59579e4817e93cf682a74df9b6bb44b113464ec16444a9f07b72c6f77a1c,febea9c6a7567112ab3f4fce7e79a34d582ba5e170ce4f71f219c522e8c51bee,0d9cfd828f7136902a49121ba44a701af9b33b3ba3c7d4eb3ee27deead367101,mb_qe16_direct_r3_s42_30812496,Sb2Te3Cr_1-6_qe_r3,67,3,66,False,-133597.59716391272,-133597.5971638719,4.0832674130797386e-08,0.13266467920834846,0.390777,True,/Users/alina/Project/26MIgrationBench/cluster/mb_qe16_direct_r3_s42_30812496/neb.out,0.39188517923385535,0.6159120898368369,13,7.572287811912253e-08,1.2809237008581942e-07
c16bb6e5f8d61b520864deef42d33870dec007dd2936a92e81bada953f1c30e0,b7bbfef68bd52522eb6f932fcaf20fd4175b0aa1f5528ccd6dbb3748c30cf210,dd41f4eccb993eb6f88ea98fd35875bcc9e6d74481782b5ac0eff02df07f6afb,mb_qe16_direct_r3_s42_30812496,Sb2Te3Cr_1-6_qe_r3,67,4,66,False,-133597.23728598253,-133597.2372860288,4.627509042620659e-08,0.44122618557312027,0.102795,True,/Users/alina/Project/26MIgrationBench/cluster/mb_qe16_direct_r3_s42_30812496/neb.out,0.5422762606328022,0.8522764387472409,11,7.523484711872137e-08,1.2845232455569594e-07
fa618a2a35faab2eea0fb136220ab5930ed410ff0af106602954b67b35ddf758,e86b6dceb98c185811314dbc646f3cce0c1468626dfa15cad54d2461d5453712,3964c5f125dd97a12324dae72ba37fbf556e38c0bb69add29adeb1a2beba7b1b,mb_qe16_direct_r3_s42_30812496,Sb2Te3Cr_1-6_qe_r3,67,5,0,True,-133596.32962311897,-133596.32962306184,5.713081918656826e-08,0.43780568272107695,1.076508,True,/Users/alina/Project/26MIgrationBench/cluster/mb_qe16_direct_r3_s42_30812496/neb.out,0.6362680416578133,1.0,30,6.099201161710495e-08,1.1945346274806756e-07
cf57ed62cc6158e2bfd792d57ecfe3b54b7a30ab2069eb32a1f449b80035b730,141f57854d28e1b2ed7a87545c92bf15861a30f1a5fa8aeaf61c66d05c6d0b91,44c91d7b780b981d70e477a9477f082c2ef0c1806ae5c1275ea7da4781448ad3,mb_qe16_direct_r3_s42_30812496,Sb2Te3Cr_1-6_qe_r3,68,1,0,True,-133597.1500230125,-133597.1500230125,0.0,0.3127942658103932,0.312794,True,/Users/alina/Project/26MIgrationBench/cluster/mb_qe16_direct_r3_s42_30812496/neb.out,0.0,0.0,31,6.833693910353517e-08,1.2654970801828647e-07
48b5f41962dd03cbd7e1f85163354d7f63c17a00011e48046da44248c289d51b,a3888e25a14aae8ab3e70f434fb1df5d1f34633b0816cd359bb7dc006f21f62e,2ccf4fc03c73cabec17d485c11f3c9a979769f46465ad77cc4cc7f6ce7866e5a,mb_qe16_direct_r3_s42_30812496,Sb2Te3Cr_1-6_qe_r3,68,2,67,False,-133597.84359335588,-133597.84359336403,8.149072527885437e-09,0.651778089041264,0.396186,True,/Users/alina/Project/26MIgrationBench/cluster/mb_qe16_direct_r3_s42_30812496/neb.out,0.16633235600676463,0.2604834757265864,18,7.021248146767764e-08,1.2752672733096215e-07
141f38d2038a331bba86cc69fd44c8d9e9a0e5a0b3067f118ad43a1a26a28a5f,7a45b9853801513ed5ef298b4bf5de8d3e0c7aa356f285c9a1a91fdf2b8e73af,47b61ef79765222f7807cfe95c569bed1ffb99087ee717a079fb3f2b2099583e,mb_qe16_direct_r3_s42_30812496,Sb2Te3Cr_1-6_qe_r3,68,3,67,False,-133597.59798324757,-133597.597983302,5.4424162954092026e-08,0.1319295067149355,0.382191,True,/Users/alina/Project/26MIgrationBench/cluster/mb_qe16_direct_r3_s42_30812496/neb.out,0.39285038159395813,0.6152202451454981,16,6.962139008220187e-08,1.2834948042057814e-07
4f57f3ffcc35d870289e8e8f02c82bc99cea74fff5ca5bba78ece56d2c20e665,d6be81079a4a0fb62a34c83ab4f9bb94d7d2bafa2f4d7bcdd5be501da319d2ee,0e5216dc0fdc3720838f8d5febb9d13764044d1e948c3f0805df7cb26a4bb4ce,mb_qe16_direct_r3_s42_30812496,Sb2Te3Cr_1-6_qe_r3,68,4,67,False,-133597.2374087059,-133597.2374086569,4.901085048913956e-08,0.4427931320746574,0.105065,True,/Users/alina/Project/26MIgrationBench/cluster/mb_qe16_direct_r3_s42_30812496/neb.out,0.5446428253395768,0.8529336058236997,14,7.304465965283563e-08,1.2814379215034255e-07
e5ce3006ae2c28ffa01f05ba487fb5472702ec7914f3dceb7d854255c395bac7,97cf8d140f0127eee6f62a0e908497d63db29c03e770ed159ff968408b9cc5eb,3964c5f125dd97a12324dae72ba37fbf556e38c0bb69add29adeb1a2beba7b1b,mb_qe16_direct_r3_s42_30812496,Sb2Te3Cr_1-6_qe_r3,68,5,0,True,-133596.32962311897,-133596.32962306184,5.713081918656826e-08,0.43780568272107695,1.075759,True,/Users/alina/Project/26MIgrationBench/cluster/mb_qe16_direct_r3_s42_30812496/neb.out,0.6385524284901417,1.0,30,6.099201161710495e-08,1.1945346274806756e-07
a864d82ed637de84714352893134a5191f8af5d48335f34afa494eb68f6aa87b,ab69f6545abaddb23b9b7b07746f651594e4892fb4219f5a5634c7afdaee9e41,44c91d7b780b981d70e477a9477f082c2ef0c1806ae5c1275ea7da4781448ad3,mb_qe16_direct_r3_s42_30812496,Sb2Te3Cr_1-6_qe_r3,69,1,0,True,-133597.1500230125,-133597.1500230125,0.0,0.3127942658103932,0.312794,True,/Users/alina/Project/26MIgrationBench/cluster/mb_qe16_direct_r3_s42_30812496/neb.out,0.0,0.0,31,6.833693910353517e-08,1.2654970801828647e-07
b8c8e24703285bb776dffe415f1a32231e82011c52524cd3d0a25fe5f164875b,ee9218e2327241f0c8d7d16760c77ff9655e86039ec52e4f0e950563e1ab0eae,6466cede9bae4d0251d093ff44ef94b7ec08d312429c7666a6c9cefaf64478e6,mb_qe16_direct_r3_s42_30812496,Sb2Te3Cr_1-6_qe_r3,69,2,68,False,-133597.8538996684,-133597.85389969018,2.176966518163681e-08,0.6395090304343192,0.386629,True,/Users/alina/Project/26MIgrationBench/cluster/mb_qe16_direct_r3_s42_30812496/neb.out,0.16752951570655344,0.25948402102397544,19,7.4402433034799e-08,1.2768099354534823e-07
bff01e7b518309b49fc40e7bf62e0ba3d705dd819f400b52ef82e726432348cf,15d24f2549f5742e98cf0b31a5b63365f307c6fa4f18d682dbc425cd3ef3639d,e69c8a021bcf2dd44336f9d4707f97604f90d0cb30fc979c22240d18feb30dc9,mb_qe16_direct_r3_s42_30812496,Sb2Te3Cr_1-6_qe_r3,69,3,68,False,-133597.5999985228,-133597.5999985609,3.809691406786442e-08,0.12791470499957203,0.360503,True,/Users/alina/Project/26MIgrationBench/cluster/mb_qe16_direct_r3_s42_30812496/neb.out,0.3959011585404039,0.6132055244883382,19,7.56832847247186e-08,1.26652552195905e-07
8747d32a21775ba0ec8c72477fc11d3e7233107818e134795a4768feeb9320bd,ce87003ab2a9da15ee1f6c08b866048d3e150c6be83f8ef3e49b2f53386ab9a8,a45793e3eb91ad13f02d56c2c0256b27fc48374e26ae6d6f250bfeaf17b0e018,mb_qe16_direct_r3_s42_30812496,Sb2Te3Cr_1-6_qe_r3,69,4,68,False,-133597.23773170507,-133597.23773165606,4.901085048913956e-08,0.4433677430626722,0.102154,True,/Users/alina/Project/26MIgrationBench/cluster/mb_qe16_direct_r3_s42_30812496/neb.out,0.5519783785343151,0.8549512518812541,15,7.145726906607009e-08,1.2829805835342582e-07
6bde9ec7651f5d9da92b24dcc637c2e786ddaed07df2f7076685c9d9cd3df1ff,3c7faa8f8b73c56bc861cad0c70da987b59bec7fc53ab9b0873c21b6890b72fa,3964c5f125dd97a12324dae72ba37fbf556e38c0bb69add29adeb1a2beba7b1b,mb_qe16_direct_r3_s42_30812496,Sb2Te3Cr_1-6_qe_r3,69,5,0,True,-133596.32962311897,-133596.32962306184,5.713081918656826e-08,0.43780568272107695,1.073873,True,/Users/alina/Project/26MIgrationBench/cluster/mb_qe16_direct_r3_s42_30812496/neb.out,0.6456255573867274,1.0,30,6.099201161710495e-08,1.1945346274806756e-07
63ffdd1423d64c898206ccb38c3b86cca59ca1ec4622c618a3b899cba55665a7,7d1d5f9f4af73f7328fbd8a3e24bc4f1677a88f153d94853bbc03de35b54bb53,44c91d7b780b981d70e477a9477f082c2ef0c1806ae5c1275ea7da4781448ad3,mb_qe16_direct_r3_s42_30812496,Sb2Te3Cr_1-6_qe_r3,70,1,0,True,-133597.1500230125,-133597.1500230125,0.0,0.3127942658103932,0.312794,True,/Users/alina/Project/26MIgrationBench/cluster/mb_qe16_direct_r3_s42_30812496/neb.out,0.0,0.0,31,6.833693910353517e-08,1.2654970801828647e-07
eaf8dca5e495976daf28640cf14d0ae09a1132d4d5d8506cb1286f90828eb84b,cc8605e17ba0c49b52e171740b94e960893f34869e23c048f773ee9384bd0f14,d1ec2601b0f095f1da79d10969d1aab48fe7f16410e41ae4a8d9708b92643489,mb_qe16_direct_r3_s42_30812496,Sb2Te3Cr_1-6_qe_r3,70,2,69,False,-133597.88461193556,-133597.88461196003,2.4476321414113045e-08,0.6000871086287078,0.355542,True,/Users/alina/Project/26MIgrationBench/cluster/mb_qe16_direct_r3_s42_30812496/neb.out,0.1684886374490683,0.2587880510296959,24,7.582384109247139e-08,1.2850374662976005e-07
f736cb083d804e86d66cc7c6f10c7a771d68ae06d6e7ebce5ef9b74ccc277880,d302b8c822a639fdc9327ffa0a1c236675293e9a0656217bb38fb3a9357df50e,f74cb3aec4f87bf71bc9fd385e9d51b14d0bed6936ef49aad228f1305671bea9,mb_qe16_direct_r3_s42_30812496,Sb2Te3Cr_1-6_qe_r3,70,3,69,False,-133597.60515535262,-133597.6051553608,8.17817635834217e-09,0.11950179844266111,0.296623,True,/Users/alina/Project/26MIgrationBench/cluster/mb_qe16_direct_r3_s42_30812496/neb.out,0.3983169148742751,0.611789967876228,24,7.255435224653199e-08,1.275267273413705e-07
d316a6a133b13e694a748ea720ca952ef9f3405f16fe754b1b35b0f02fd6874f,57c1418192201ea87a24826f29d247968a6c6f2be034bf076094ae4622f21307,20da9715cdd51cccbccdc2683d226cb4ae486b92abc4a3f713e4c053382c1a10,mb_qe16_direct_r3_s42_30812496,Sb2Te3Cr_1-6_qe_r3,70,4,69,False,-133597.23845729665,-133597.23845735108,5.4424162954092026e-08,0.43772398981916333,0.155611,True,/Users/alina/Project/26MIgrationBench/cluster/mb_qe16_direct_r3_s42_30812496/neb.out,0.5575836227198946,0.8564137095201886,20,7.796341085592628e-08,1.2845232455569594e-07
40a6b68a58ee5dfe80aac980a19ffe37a0a3eafcff20b1fa11fb3ae424171c53,5e6075641caf9576b2f45f1851c93e6ac037dcffb6f0c54c2429e90a869a74ca,3964c5f125dd97a12324dae72ba37fbf556e38c0bb69add29adeb1a2beba7b1b,mb_qe16_direct_r3_s42_30812496,Sb2Te3Cr_1-6_qe_r3,70,5,0,True,-133596.32962311897,-133596.32962306184,5.713081918656826e-08,0.43780568272107695,1.067615,True,/Users/alina/Project/26MIgrationBench/cluster/mb_qe16_direct_r3_s42_30812496/neb.out,0.6510680720329483,1.0,30,6.099201161710495e-08,1.1945346274806756e-07
fa768b263475e88494ea8d8111ed3b48be2b778595fd0a8b15b894f1e519cd96,986d6d9efb4f1a6bab89e539f109efd68d939ddda44abd99f520886f1a3e6fd5,44c91d7b780b981d70e477a9477f082c2ef0c1806ae5c1275ea7da4781448ad3,mb_qe16_direct_r3_s42_30812496,Sb2Te3Cr_1-6_qe_r3,71,1,0,True,-133597.1500230125,-133597.1500230125,0.0,0.3127942658103932,0.312794,True,/Users/alina/Project/26MIgrationBench/cluster/mb_qe16_direct_r3_s42_30812496/neb.out,0.0,0.0,31,6.833693910353517e-08,1.2654970801828647e-07
259b853b388c7c5df50dcccedf808d087ae73363bcde3bbcdf2075fce5859c39,f4a36a9a4a11351b29c5324190f24319868dfd422173f70b48c1eb3c4c1dbad2,74abbb728e960054781d700f55866ef96b063947dfd54b90c61761381fdb2c89,mb_qe16_direct_r3_s42_30812496,Sb2Te3Cr_1-6_qe_r3,71,2,70,False,-133597.90706677147,-133597.90706672252,4.895264282822609e-08,0.5677434595582171,0.335694,True,/Users/alina/Project/26MIgrationBench/cluster/mb_qe16_direct_r3_s42_30812496/neb.out,0.1690146462269434,0.25844277656212594,22,7.535347157763572e-08,1.2768099355575657e-07
ffa06db3708b3a99964e2eaa41317a3efade4869046567eb58073e6148232d8c,eaacea77d08a15ee3252a3481be8dacee8f5316c5ae424b76dbdd86ceeb80472,9fc634675e92750d1e00f9bb34ee0f436f93ccb50b6b2f6c5ba5f9b75c6479dc,mb_qe16_direct_r3_s42_30812496,Sb2Te3Cr_1-6_qe_r3,71,3,70,False,-133597.6080472427,-133597.60804728352,4.080357030034065e-08,0.11311334920972888,0.25351,True,/Users/alina/Project/26MIgrationBench/cluster/mb_qe16_direct_r3_s42_30812496/neb.out,0.3996282619194623,0.6110774415637469,21,6.792276316019392e-08,1.2819521421746777e-07
52f0e507974230fa1a5709f77e241ab50bba816663b307d1de898d33624438e5,3fbeef3383d67648c7ab70dfaccf8d81b105632c94f99a92e567598bfd09912c,3fcdd3ea9ab741c65d8803da564ef3b2089f0a91e31992d43b96549f421d7874,mb_qe16_direct_r3_s42_30812496,Sb2Te3Cr_1-6_qe_r3,71,4,70,False,-133597.23910547188,-133597.23910552356,5.168840289115906e-08,0.43518226799067916,0.201459,True,/Users/alina/Project/26MIgrationBench/cluster/mb_qe16_direct_r3_s42_30812496/neb.out,0.5605382604439926,0.8571272823535669,20,7.235414880612603e-08,1.268582404641348e-07
73e2db4bab1f3cf511a8ebe0187d80e20dfeb0515413c89b88a2e37c8cb3e8ec,adcd5a1a274bb2f9c82d6b6deab1e374a81d1f63034b165f5e3070a9b8eab565,3964c5f125dd97a12324dae72ba37fbf556e38c0bb69add29adeb1a2beba7b1b,mb_qe16_direct_r3_s42_30812496,Sb2Te3Cr_1-6_qe_r3,71,5,0,True,-133596.32962311897,-133596.32962306184,5.713081918656826e-08,0.43780568272107695,1.06345,True,/Users/alina/Project/26MIgrationBench/cluster/mb_qe16_direct_r3_s42_30812496/neb.out,0.6539731869283438,1.0,30,6.099201161710495e-08,1.1945346274806756e-07
0eb77328fcde3ffc18df36fe08af6b9059f58915f4c9b3aa30e8b51aba34042a,011f0ce975c5f32aeceb5affebb39314397562c87ede16ce017000af96186663,44c91d7b780b981d70e477a9477f082c2ef0c1806ae5c1275ea7da4781448ad3,mb_qe16_direct_r3_s42_30812496,Sb2Te3Cr_1-6_qe_r3,72,1,0,True,-133597.1500230125,-133597.1500230125,0.0,0.3127942658103932,0.312794,True,/Users/alina/Project/26MIgrationBench/cluster/mb_qe16_direct_r3_s42_30812496/neb.out,0.0,0.0,31,6.833693910353517e-08,1.2654970801828647e-07
95c73f0ce10d60c459efef0706bbc5f89abc669471be686cc317fc26b609a61f,df5d42ba9284abf25f7fb8f20c5641400b5446fbc110ccfadf5b50bd42e29600,4f63df068056ad046753fbbfd3e26505dbaa02b8afee933b04335bf7ed0f8e68,mb_qe16_direct_r3_s42_30812496,Sb2Te3Cr_1-6_qe_r3,72,2,71,False,-133597.91863786927,-133597.9186378257,4.3568434193730354e-08,0.5507794126019541,0.326195,True,/Users/alina/Project/26MIgrationBench/cluster/mb_qe16_direct_r3_s42_30812496/neb.out,0.1692112251456063,0.2583244329308344,21,7.427839974193906e-08,1.2845232455591278e-07
798c371c0cbc97a8f931fd18e88004193f4c9d408fc0d6150cdedd0df77a6931,bb5350182c5738e2d07a5c4086c0f636dd2f9fe8fdad3bdfa47995369681485d,053faa3d9a10178b0d9233ed85cd20492a267c98edd61c9c1427e6b6c7cd950d,mb_qe16_direct_r3_s42_30812496,Sb2Te3Cr_1-6_qe_r3,72,3,71,False,-133597.60925066625,-133597.60925061454,5.171750672161579e-08,0.11175838526878762,0.235303,True,/Users/alina/Project/26MIgrationBench/cluster/mb_qe16_direct_r3_s42_30812496/neb.out,0.40010986027842355,0.6108232635129225,19,7.269962187567183e-08,1.2814379215034255e-07
60d35a527badebb898e3b06dc62513dbc8745ff0d950473bb8d6a71effee69f0,6dafb7282270231cc8acbb0ca12cb10e36bed9a8db7b1b12e039a114e9de93d2,16fd6d675608cd161f6f044890536d79052c1fefca23d2d4fd12db1a34f65812,mb_qe16_direct_r3_s42_30812496,Sb2Te3Cr_1-6_qe_r3,72,4,71,False,-133597.2396661625,-133597.2396660999,6.26023393124342e-08,0.4371643646849364,0.228408,True,/Users/alina/Project/26MIgrationBench/cluster/mb_qe16_direct_r3_s42_30812496/neb.out,0.5615817995031642,0.8573326017591292,15,7.392447209078385e-08,1.276809935436135e-07
9bc1c3151026278255d4762ddb28b878be64b2f90bf8f916efb858bfa5f880bb,1ea351ac641e618c03f3d73f81ce5710bc20a1dd18c2cf4cf703f8403ce9e11b,3964c5f125dd97a12324dae72ba37fbf556e38c0bb69add29adeb1a2beba7b1b,mb_qe16_direct_r3_s42_30812496,Sb2Te3Cr_1-6_qe_r3,72,5,0,True,-133596.32962311897,-133596.32962306184,5.713081918656826e-08,0.43780568272107695,1.061999,True,/Users/alina/Project/26MIgrationBench/cluster/mb_qe16_direct_r3_s42_30812496/neb.out,0.6550337621022171,1.0,30,6.099201161710495e-08,1.1945346274806756e-07
222d73d8d920005e013078cac395e060335e84bbee0ac42c3f67f8a7d11b6d51,d3a970f8e52246ad005f93d71f0aeb993e527dd344ba5f486f99e85fc9b21835,44c91d7b780b981d70e477a9477f082c2ef0c1806ae5c1275ea7da4781448ad3,mb_qe16_direct_r3_s42_30812496,Sb2Te3Cr_1-6_qe_r3,73,1,0,True,-133597.1500230125,-133597.1500230125,0.0,0.3127942658103932,0.312794,True,/Users/alina/Project/26MIgrationBench/cluster/mb_qe16_direct_r3_s42_30812496/neb.out,0.0,0.0,31,6.833693910353517e-08,1.2654970801828647e-07
116c1c76c136cc72db4c0fd919658ec1ad181e6c9224cfe6f944f63540e77436,a79cf0b399f0e8303df466e587339ef2a9a35868aea39044bc95ae2fb1f4445d,3748440a6ced8e702482ee7e236ddbd7712c3999893b4cb503635c1125374638,mb_qe16_direct_r3_s42_30812496,Sb2Te3Cr_1-6_qe_r3,73,2,72,False,-133597.92277209516,-133597.92277208154,1.3620592653751373e-08,0.5447086708836936,0.323219,True,/Users/alina/Project/26MIgrationBench/cluster/mb_qe16_direct_r3_s42_30812496/neb.out,0.16928021766581192,0.25828934749968285,18,7.247064710722694e-08,1.2814379215034255e-07
d7ddf55b09d90809a1f0897b7581205dade289ae8489faa5242e6e7fcb50afe7,6312bd46ffc7c88977bdb8e69f7df27381b2fa478cad338374b8348c50d8d70b,83093902d25b8514295051d2cb79ee0cfc9afc93b399f5e94706b81bdff06da6,mb_qe16_direct_r3_s42_30812496,Sb2Te3Cr_1-6_qe_r3,73,3,72,False,-133597.60964482318,-133597.6096448096,1.359148882329464e-08,0.11431162741585438,0.229549,True,/Users/alina/Project/26MIgrationBench/cluster/mb_qe16_direct_r3_s42_30812496/neb.out,0.40027196964136547,0.6107387341926909,14,7.359602037831118e-08,1.270639287337741e-07
6336a154f067d2a9136bfa674ef10ed54c333628ab403ed517fa860911bd145b,6b5f44469ef30cc0beb12963f854c996c960e647fee729faca3d954b4d4c5b73,0f631f816af69f052d14b318f03742f5d3bd72f6c0fb9db8e1356b70570ba902,mb_qe16_direct_r3_s42_30812496,Sb2Te3Cr_1-6_qe_r3,73,4,72,False,-133597.2401159667,-133597.24011599665,2.994784153997898e-08,0.4294425151970599,0.225504,True,/Users/alina/Project/26MIgrationBench/cluster/mb_qe16_direct_r3_s42_30812496/neb.out,0.5618977094233059,0.8573488073782362,11,7.641435689658466e-08,1.2845232455612962e-07
7c5d634cd8340ce6696be1a2987017d0a7454023d81acca5b129eb065cf20314,a26e454d40ab351e65a619681bf6fa1daa4d6e804afdf8e18831692ee213343b,3964c5f125dd97a12324dae72ba37fbf556e38c0bb69add29adeb1a2beba7b1b,mb_qe16_direct_r3_s42_30812496,Sb2Te3Cr_1-6_qe_r3,73,5,0,True,-133596.32962311897,-133596.32962306184,5.713081918656826e-08,0.43780568272107695,1.062259,True,/Users/alina/Project/26MIgrationBench/cluster/mb_qe16_direct_r3_s42_30812496/neb.out,0.6553898536834538,1.0,30,6.099201161710495e-08,1.1945346274806756e-07
2925fc60ea20a5c821b73ce5272d09c1cd67f2846a49ed3722b1e0bb7dca8aab,0e24e7c7b635f6ea6a340d8c20931082dec63d0509cc5e32b22b281422e5ae41,44c91d7b780b981d70e477a9477f082c2ef0c1806ae5c1275ea7da4781448ad3,mb_qe16_direct_r3_s42_30812496,Sb2Te3Cr_1-6_qe_r3,74,1,0,True,-133597.1500230125,-133597.1500230125,0.0,0.3127942658103932,0.312794,True,/Users/alina/Project/26MIgrationBench/cluster/mb_qe16_direct_r3_s42_30812496/neb.out,0.0,0.0,31,6.833693910353517e-08,1.2654970801828647e-07
19d5db5c6afabf98f3454448aeeb42c7952a2849cf418bd9ea2e1efd0ff6ed88,1726b9dda7dd00a648bc00e04197456e3c8de8af32b714a0831d335c372c21d0,e305b208345d3886969f66aa879a46d5244ab15ee97da11580d9a2285fb4c8ae,mb_qe16_direct_r3_s42_30812496,Sb2Te3Cr_1-6_qe_r3,74,2,73,False,-133597.9241427327,-133597.92414269462,3.8067810237407684e-08,0.5431116717204834,0.323182,True,/Users/alina/Project/26MIgrationBench/cluster/mb_qe16_direct_r3_s42_30812496/neb.out,0.16938497633526095,0.258241746701588,17,7.100488725591239e-08,1.279895259463648e-07
2a75f3e7d300fff9e879a708e73dcb03dcb5b200b3903c1b87b50ccee2e15e74,cfc0f82e950317055d0bc0180828a4b3ed44d1cc46aec641ebfc3b337b646f0b,a4420cf8ccb54cd8bc67ab413be560a8cb8304c54feec22c460d069c82a01476,mb_qe16_direct_r3_s42_30812496,Sb2Te3Cr_1-6_qe_r3,74,3,73,False,-133597.609756662,-133597.609756662,0.0,0.11492739076986243,0.245735,True,/Users/alina/Project/26MIgrationBench/cluster/mb_qe16_direct_r3_s42_30812496/neb.out,0.4005095446183726,0.6106107318998127,11,6.95505654369555e-08,1.282980583533445e-07
0f0c79157b14517f13036f25324a49781c4a4a509ddf628b7196f1f013dff815,f9ef55154e8ceaa60e4885f8ed0840f286870369386a38f1483b655c1f64cf6d,c9db5d1005f57320e6369978b361d9c4d7e0807e14c4a667d7eba72cccedfc8e,mb_qe16_direct_r3_s42_30812496,Sb2Te3Cr_1-6_qe_r3,74,4,73,False,-133597.24054073644,-133597.24054079087,5.4424162954092026e-08,0.4322871598277636,0.237203,True,/Users/alina/Project/26MIgrationBench/cluster/mb_qe16_direct_r3_s42_30812496/neb.out,0.5623311941528728,0.8573215461293406,11,7.633758813488051e-08,1.2809237007888052e-07
6e9bf3d27f0c10b5d7cad6103edd103c03376d608399f55083093ebe3c3f8db0,cd69faf28e25801d35e88c730df8329bf1579914ead1eb6279261dc3f2534b93,3964c5f125dd97a12324dae72ba37fbf556e38c0bb69add29adeb1a2beba7b1b,mb_qe16_direct_r3_s42_30812496,Sb2Te3Cr_1-6_qe_r3,74,5,0,True,-133596.32962311897,-133596.32962306184,5.713081918656826e-08,0.43780568272107695,1.063109,True,/Users/alina/Project/26MIgrationBench/cluster/mb_qe16_direct_r3_s42_30812496/neb.out,0.6559163206520371,1.0,30,6.099201161710495e-08,1.1945346274806756e-07
ed6819c97cdb281299defa7c68ab480d306c4b5946b5d9585fd3b9adea77309f,ad9fc2216dd7c4ba3f0ad9af2531457d499c278251053458d1f57bb73490ccc5,44c91d7b780b981d70e477a9477f082c2ef0c1806ae5c1275ea7da4781448ad3,mb_qe16_direct_r3_s42_30812496,Sb2Te3Cr_1-6_qe_r3,75,1,0,True,-133597.1500230125,-133597.1500230125,0.0,0.3127942658103932,0.312794,True,/Users/alina/Project/26MIgrationBench/cluster/mb_qe16_direct_r3_s42_30812496/neb.out,0.0,0.0,31,6.833693910353517e-08,1.2654970801828647e-07
b4fcd9cce6cacfb4d4c6756cc60da93aa3d16fd33044017648768ff5d00fed6b,83a5cee9338051e6045079807e9a7b89bc830a0ce217603167147b70b644733e,f218b311f6db5bf15aa597eef396916e06a8a9d8d61c155301303005fcda014e,mb_qe16_direct_r3_s42_30812496,Sb2Te3Cr_1-6_qe_r3,75,2,74,False,-133597.9261411369,-133597.92614108522,5.168840289115906e-08,0.5411098063356593,0.321917,True,/Users/alina/Project/26MIgrationBench/cluster/mb_qe16_direct_r3_s42_30812496/neb.out,0.16961558499168983,0.2581429264579339,18,7.73064864474053e-08,1.2814379215099307e-07
245b384a443fa81145c1dbb09201406d61cb7538fdd49db0e8f26790e152b106,c7c69d177a2dcf19b0c9aac77d5c6906d0d33e6a46ac015b20e661bf3d641d80,f85a094cb3b2177ebcfe4e6a43ab2d3fbbac2ef8e5adf78e23ccbdb134c0f21b,mb_qe16_direct_r3_s42_30812496,Sb2Te3Cr_1-6_qe_r3,75,3,74,False,-133597.60995857045,-133597.60995850246,6.798654794692993e-08,0.11654208987559345,0.230822,True,/Users/alina/Project/26MIgrationBench/cluster/mb_qe16_direct_r3_s42_30812496/neb.out,0.40102813669253834,0.6103364664447326,12,7.703664550942983e-08,1.2557268877716812e-07
29645d28caa1ae02624658a5d8b7a91bce381718e4ef613d8c61b4ab7037151f,713d366449e5048f0e37caf08d894509804159c62fa0e8601d1e239f8d4a3868,0d48cd07c5cbb6d142476eed11aacf45e1121d2e6fe3d55cf063a25e6a5b148c,mb_qe16_direct_r3_s42_30812496,Sb2Te3Cr_1-6_qe_r3,75,4,74,False,-133597.24140306527,-133597.24140308978,2.450542524456978e-08,0.43044800289823304,0.247169,True,/Users/alina/Project/26MIgrationBench/cluster/mb_qe16_direct_r3_s42_30812496/neb.out,0.5632408264431505,0.8572127098211153,11,7.27555389822224e-08,1.2809237008234997e-07
563459222392bc2885625bf5d83c56278167536ab782c9e4db74961c5685b43d,703427f61191e7c766e62e8a9e80fe18a12253bb23aeb09b23458b73dadbb60b,3964c5f125dd97a12324dae72ba37fbf556e38c0bb69add29adeb1a2beba7b1b,mb_qe16_direct_r3_s42_30812496,Sb2Te3Cr_1-6_qe_r3,75,5,0,True,-133596.32962311897,-133596.32962306184,5.713081918656826e-08,0.43780568272107695,1.065172,True,/Users/alina/Project/26MIgrationBench/cluster/mb_qe16_direct_r3_s42_30812496/neb.out,0.6570607504882757,1.0,30,6.099201161710495e-08,1.1945346274806756e-07
09151440d9386b2b35a0d028ec1964600fa9e4539184ea7895afbc1401faf7f6,961718ee0afba1785752a8179d3f0084aff79ba84dc398a757d5fdd30e8d8f5a,44c91d7b780b981d70e477a9477f082c2ef0c1806ae5c1275ea7da4781448ad3,mb_qe16_direct_r3_s42_30812496,Sb2Te3Cr_1-6_qe_r3,76,1,0,True,-133597.1500230125,-133597.1500230125,0.0,0.3127942658103932,0.312794,True,/Users/alina/Project/26MIgrationBench/cluster/mb_qe16_direct_r3_s42_30812496/neb.out,0.0,0.0,31,6.833693910353517e-08,1.2654970801828647e-07
ae1e6669057a5c4a463faaae560052a1c7cb0fe358cf50ec634e5b5a887b551c,ddbdd7a9b39bcfbbf911f45466ac9a5d0c0171a0af25ddfffa4bce8fbdeac65b,f6dfddfcee78d6e51828ce60c52f365c4cac5e951fe66c01eb51abc34a861115,mb_qe16_direct_r3_s42_30812496,Sb2Te3Cr_1-6_qe_r3,76,2,75,False,-133597.93044488976,-133597.93044492512,3.536115400493145e-08,0.5372565843484098,0.324314,True,/Users/alina/Project/26MIgrationBench/cluster/mb_qe16_direct_r3_s42_30812496/neb.out,0.17036390814199917,0.257840301157109,18,7.360790061810275e-08,1.284009024884081e-07
3315cbaa06b380dc239e5bcba6be4602441660984f49a14b7c62771ae58f0d9f,c5d13a7cb307aadc4378bfedf4dd9881064e35123c5c23a518b54b9453e593ba,062193e779ba67bec32d76866a1b9557a40092d746fb1b99dd167c39139457c9,mb_qe16_direct_r3_s42_30812496,Sb2Te3Cr_1-6_qe_r3,76,3,75,False,-133597.61036987058,-133597.61036984337,2.7212081477046013e-08,0.11758900385451605,0.22906,True,/Users/alina/Project/26MIgrationBench/cluster/mb_qe16_direct_r3_s42_30812496/neb.out,0.40270315677834434,0.6094782888761943,15,7.588551662924969e-08,1.276295714808251e-07
d9b4d89857b963178f654f79d4da8bbdfcf4612cefbe313973aa9e81d6283b3a,41e00304f4a34d70b0d333fee4e334df94b03bccb47d94d70266d460f64da358,0e84ad1e1bcd1e3d08ddf1949acd5c8667cebdd61f8868b63095fe00282d3241,mb_qe16_direct_r3_s42_30812496,Sb2Te3Cr_1-6_qe_r3,76,4,75,False,-133597.2435480028,-133597.2435479538,4.898174665868282e-08,0.433567454924885,0.239564,True,/Users/alina/Project/26MIgrationBench/cluster/mb_qe16_direct_r3_s42_30812496/neb.out,0.5661330167968307,0.8568241309902868,13,7.044436188748739e-08,1.2793810388108274e-07
a7ae5188fc3b3ed0838294dd3fa8640875d28b94de09a5b2b73698fb78890c4c,ce359085ededec8addfe07b5ccab54911c77f9f111462d1f2c0e7bab9c364adb,3964c5f125dd97a12324dae72ba37fbf556e38c0bb69add29adeb1a2beba7b1b,mb_qe16_direct_r3_s42_30812496,Sb2Te3Cr_1-6_qe_r3,76,5,0,True,-133596.32962311897,-133596.32962306184,5.713081918656826e-08,0.43780568272107695,1.070357,True,/Users/alina/Project/26MIgrationBench/cluster/mb_qe16_direct_r3_s42_30812496/neb.out,0.6607342117483483,1.0,30,6.099201161710495e-08,1.1945346274806756e-07
59c53bc3ecbf8f031c6ff3df60b5045528b7d69700e61ac43a13b01c4b25894f,e3b3e0fc159f04e8b59af5db364c7fc6c5334e3a0ffa5c31f855cea6bfcd51e5,44c91d7b780b981d70e477a9477f082c2ef0c1806ae5c1275ea7da4781448ad3,mb_qe16_direct_r3_s42_30812496,Sb2Te3Cr_1-6_qe_r3,77,1,0,True,-133597.1500230125,-133597.1500230125,0.0,0.3127942658103932,0.312794,True,/Users/alina/Project/26MIgrationBench/cluster/mb_qe16_direct_r3_s42_30812496/neb.out,0.0,0.0,31,6.833693910353517e-08,1.2654970801828647e-07
bbfd33923636988def48334dde4da022dfea44bf0bab2ff507554f2a4d0b0845,e7086a6f13460f0f58cf9efebad865a86527fc069853bfdfabfc6c419c16c87f,c5a3540eea2bb201c98d17275c686cc0e872aa8bdf6144f1f6d978aaad49ee87,mb_qe16_direct_r3_s42_30812496,Sb2Te3Cr_1-6_qe_r3,77,2,76,False,-133597.9440859577,-133597.94408589508,6.26023393124342e-08,0.5250690948477139,0.329733,True,/Users/alina/Project/26MIgrationBench/cluster/mb_qe16_direct_r3_s42_30812496/neb.out,0.17299374665012945,0.2569375809637791,23,7.525661213108448e-08,1.2834948042101182e-07
c0606a53cdfd9a1221b2d7271400b0048af82d84a0755807b23991fe2cb2d48c,b3a4e1ef73f357cba3ea2b08d5dd372b216d55a11a4af7da0e02e69ede873e99,8472dd65cd86b8813ec9e1d6f3982b377a2c42466b3f5a70272709db678755d0,mb_qe16_direct_r3_s42_30812496,Sb2Te3Cr_1-6_qe_r3,77,3,76,False,-133597.61158499503,-133597.61158492972,6.530899554491043e-08,0.12267223329145753,0.231005,True,/Users/alina/Project/26MIgrationBench/cluster/mb_qe16_direct_r3_s42_30812496/neb.out,0.40855413845553,0.6068017720883682,19,7.205297840864149e-08,1.281952142079268e-07
7e31e72f16010da034ba5d7c20907dacf49d288112b1353965815571e34bc9f4,d799c863880902b4878159075aa0b6e1da5033f48d98f6f373c7ea754127d517,99850aa383d29cdf9574801c524585b82c3f747b6a5b8962151464a300b64c6c,mb_qe16_direct_r3_s42_30812496,Sb2Te3Cr_1-6_qe_r3,77,4,76,False,-133597.25058840477,-133597.2505884102,5.4424162954092026e-09,0.43125023348375435,0.24561,True,/Users/alina/Project/26MIgrationBench/cluster/mb_qe16_direct_r3_s42_30812496/neb.out,0.5760368105139986,0.8555540735174131,19,7.196925209774506e-08,1.2793810388097432e-07
51ed6761de2ae8e45883bbe8a2a77ebbbc5d32fae0554665d6592abeef08b88b,9dc00d59144d102a7583dbae4ec5fe733e7e8cf24f1fdfc2a8662497e4ac1cc0,3964c5f125dd97a12324dae72ba37fbf556e38c0bb69add29adeb1a2beba7b1b,mb_qe16_direct_r3_s42_30812496,Sb2Te3Cr_1-6_qe_r3,77,5,0,True,-133596.32962311897,-133596.32962306184,5.713081918656826e-08,0.43780568272107695,1.087717,True,/Users/alina/Project/26MIgrationBench/cluster/mb_qe16_direct_r3_s42_30812496/neb.out,0.6732909448326932,1.0,30,6.099201161710495e-08,1.1945346274806756e-07
f89ec96865c04dbacfbf39f8aeefb2243aef50c21cc1b17e1e90c673fb467c80,cbc474ce81599ee9e591e6497d7ee5fcbbdbe56bf83338d42715929bb299d2b2,44c91d7b780b981d70e477a9477f082c2ef0c1806ae5c1275ea7da4781448ad3,mb_qe16_direct_r3_s42_30812496,Sb2Te3Cr_1-6_qe_r3,78,1,0,True,-133597.1500230125,-133597.1500230125,0.0,0.3127942658103932,0.312794,True,/Users/alina/Project/26MIgrationBench/cluster/mb_qe16_direct_r3_s42_30812496/neb.out,0.0,0.0,31,6.833693910353517e-08,1.2654970801828647e-07
6760a1d9d8c1470116697dbfc4f552e5912fcbb4faf3f3786d79e673b6b18b02,9ce35a2d375d0db859be062aaff2584b70f3258bd53c170aa1ea079f5c2ca397,0da83101cce9478ddf4cd541095d3607e1c3883a5ce999cb0e681b085e21a61a,mb_qe16_direct_r3_s42_30812496,Sb2Te3Cr_1-6_qe_r3,78,2,77,False,-133597.98883290545,-133597.9888329245,1.9033905118703842e-08,0.4791198914441919,0.351883,True,/Users/alina/Project/26MIgrationBench/cluster/mb_qe16_direct_r3_s42_30812496/neb.out,0.17496794120023215,0.2563939439060044,35,7.745281094234399e-08,1.2855516869081374e-07
bf2c9a32b611b522bb20617940c5840cb36fc495c0c77f61076c00222fc0334f,e836ea10422a2b6e9446d67e45e3960829cb768f908a2c2603584f99b77dba98,63b8b2e7fb110045ca0f682a68409a739b6a956d931cedba338aab0ff2a38ad5,mb_qe16_direct_r3_s42_30812496,Sb2Te3Cr_1-6_qe_r3,78,3,77,False,-133597.61458532247,-133597.61458531977,2.7066562324762344e-09,0.14117147716387032,0.241244,True,/Users/alina/Project/26MIgrationBench/cluster/mb_qe16_direct_r3_s42_30812496/neb.out,0.41291583219437056,0.6050772386719041,22,7.59168488377081e-08,1.2819521422006985e-07
bbb52d2a0b02ccf241a749d87fbed554d4aab40ff1960c29226bce850bd387ee,8415f7ff3ef9abe93d89d2a20502a1590b0f868f2e71b3904105afa660f8fdbe,0a72ac27f5dec9ca933a388c412a2e535910a112fe67a5f8ec5aae0397678125,mb_qe16_direct_r3_s42_30812496,Sb2Te3Cr_1-6_qe_r3,78,4,77,False,-133597.27400557138,-133597.27400554958,2.1798769012093544e-08,0.42351794946730803,0.268217,True,/Users/alina/Project/26MIgrationBench/cluster/mb_qe16_direct_r3_s42_30812496/neb.out,0.5832495171304387,0.8546802514365267,27,7.40855513942017e-08,1.2834948042101182e-07
b08be9dccfcc90e612d912d63ef9d93060ef90857a65a1d5bdd4abcc1dd04e25,26e09982dd2b35e28a57f8bb827daade71e836ad189a3d8f315b4e472ddf3f83,3964c5f125dd97a12324dae72ba37fbf556e38c0bb69add29adeb1a2beba7b1b,mb_qe16_direct_r3_s42_30812496,Sb2Te3Cr_1-6_qe_r3,78,5,0,True,-133596.32962311897,-133596.32962306184,5.713081918656826e-08,0.43780568272107695,1.147195,True,/Users/alina/Project/26MIgrationBench/cluster/mb_qe16_direct_r3_s42_30812496/neb.out,0.6824183852968715,1.0,30,6.099201161710495e-08,1.1945346274806756e-07
7c083ac9bf9b14cee9ba92a0f6fdcd063c394ace7933fce1f72ddb02903345ac,fc9a1230cec75c75625053f6d75296f9abaca9657d4028d2f50f1c456f05e59d,44c91d7b780b981d70e477a9477f082c2ef0c1806ae5c1275ea7da4781448ad3,mb_qe16_direct_r3_s42_30812496,Sb2Te3Cr_1-6_qe_r3,79,1,0,True,-133597.1500230125,-133597.1500230125,0.0,0.3127942658103932,0.312794,True,/Users/alina/Project/26MIgrationBench/cluster/mb_qe16_direct_r3_s42_30812496/neb.out,0.0,0.0,31,6.833693910353517e-08,1.2654970801828647e-07
36582a0fd2cc9945c721a0416a5b95f635294529befa7d2e5678734f9554b5fb,8c46844c4eb985a7804948d4032cf94a29e6162961c459a6b3cd8d6b657f5a6e,fa5752b136aa0ee3773dac8f348209b79f47724da86154d202191e2ee0136d50,mb_qe16_direct_r3_s42_30812496,Sb2Te3Cr_1-6_qe_r3,79,2,78,False,-133598.01957796232,-133598.01957792693,3.5390257835388184e-08,0.44154456396952724,0.365415,True,/Users/alina/Project/26MIgrationBench/cluster/mb_qe16_direct_r3_s42_30812496/neb.out,0.17593066023792303,0.25616395166397654,29,7.770918758035437e-08,1.2814379215099307e-07
270376ae1aa2dd653c19899e50ae414dc05ecdc492793211007af1830f68baf2,bc0ac9f4470840d65281854f64233cc6be9194757ae0c2ee2e0a1098912c7da0,bc3fa7a00d7b70fb7b2a1f0efc529d546a4c8d6ccee94114183d4ee33c0b1f4a,mb_qe16_direct_r3_s42_30812496,Sb2Te3Cr_1-6_qe_r3,79,3,78,False,-133597.6157111936,-133597.61571116367,2.991873770952225e-08,0.1554788190825396,0.251702,True,/Users/alina/Project/26MIgrationBench/cluster/mb_qe16_direct_r3_s42_30812496/neb.out,0.41503078620227996,0.6043058447686421,23,7.48800190118414e-08,1.280923700840847e-07
f631af0cfac5db77b34aa082f01034902669b319dfe3a579250c6fd978d67dfd,8b286216facfe6e5e35787d93b045982de0604766815fdefb1eccb6316753c3e,c9a806f59d00fdf1a2a02f3641c87d4a3956a059ee0980a70bd6fdab43c778cb,mb_qe16_direct_r3_s42_30812496,Sb2Te3Cr_1-6_qe_r3,79,4,78,False,-133597.2904619293,-133597.29046198374,5.4424162954092026e-08,0.41670652460822216,0.285004,True,/Users/alina/Project/26MIgrationBench/cluster/mb_qe16_direct_r3_s42_30812496/neb.out,0.5866867166562622,0.8542455733650244,21,7.216847727569439e-08,1.2701250666491415e-07
6a56c62db621ec545309b1952dceb68bee4e46c6951578dd3b94314bcf16b3b8,08507e1ed70908ef9c694a39d7693a87dbabc34c2911a0fe481a06ee20f3fb79,3964c5f125dd97a12324dae72ba37fbf556e38c0bb69add29adeb1a2beba7b1b,mb_qe16_direct_r3_s42_30812496,Sb2Te3Cr_1-6_qe_r3,79,5,0,True,-133596.32962311897,-133596.32962306184,5.713081918656826e-08,0.43780568272107695,1.190645,True,/Users/alina/Project/26MIgrationBench/cluster/mb_qe16_direct_r3_s42_30812496/neb.out,0.6867892968355686,1.0,30,6.099201161710495e-08,1.1945346274806756e-07
e0854a4f34c093945630c5d98454857bf1179f2f4b876077f030aae60f6945e6,742156f81971c4b934d2645ace56e1dbbd34256b5e1f125ce3ff89e7584802c4,44c91d7b780b981d70e477a9477f082c2ef0c1806ae5c1275ea7da4781448ad3,mb_qe16_direct_r3_s42_30812496,Sb2Te3Cr_1-6_qe_r3,80,1,0,True,-133597.1500230125,-133597.1500230125,0.0,0.3127942658103932,0.312794,True,/Users/alina/Project/26MIgrationBench/cluster/mb_qe16_direct_r3_s42_30812496/neb.out,0.0,0.0,31,6.833693910353517e-08,1.2654970801828647e-07
5eb2e300a9d92d6964bac1d6cb9a0a3112d0776733a5f714b669bf12553756f3,aad7463a1c7912c1d85994e4dcedfee8d3d55318f59c4fdb8a873f02bcfe57e0,5ecb62a8300caa10552a976094656534ce5c1add1234aed441d092b4eb2befe8,mb_qe16_direct_r3_s42_30812496,Sb2Te3Cr_1-6_qe_r3,80,2,79,False,-133598.03376924447,-133598.0337692989,5.4424162954092026e-08,0.42278262602149347,0.37094,True,/Users/alina/Project/26MIgrationBench/cluster/mb_qe16_direct_r3_s42_30812496/neb.out,0.17624058450418745,0.2560955042394771,21,7.697082304836613e-08,1.2855516869081374e-07
314ddb555d17286b7aab365d70a6c4116ea7033f6a8ea5a1f5f7f7c73793b6cd,2c6a7fd15af7599d7e610840266a04e7f33ce6eaa24c2cf0b9e5e2dd87cd4207,89081a3fb02cebd2b3e9b22d126d8542dce06239115d6f047ce2af1f3c8e2ee4,mb_qe16_direct_r3_s42_30812496,Sb2Te3Cr_1-6_qe_r3,80,3,79,False,-133597.61598793336,-133597.61598790888,2.4476321414113045e-08,0.16245440290757782,0.258631,True,/Users/alina/Project/26MIgrationBench/cluster/mb_qe16_direct_r3_s42_30812496/neb.out,0.4157051190112572,0.6040618417580785,20,7.6222070923115e-08,1.2644686392436835e-07
7dd05d1efbfee724468225c503b80369eea4ec43501917dbfde10e48c4387570,84f59eb9aa22374993537d7c079f0a27a5cf9cd05f1df8051e9fd84c863877e1,ec6a1b6cb8f93e1314c62ec68696f1badca9bdbd173d60e2e55012d1798c7dc3,mb_qe16_direct_r3_s42_30812496,Sb2Te3Cr_1-6_qe_r3,80,4,79,False,-133597.29832792474,-133597.29832798187,5.713081918656826e-08,0.41436450265093616,0.293265,True,/Users/alina/Project/26MIgrationBench/cluster/mb_qe16_direct_r3_s42_30812496/neb.out,0.5877561161561187,0.8540694492150955,16,7.691103432584619e-08,1.282466362863277e-07
7434d4bd65fd45e96cbb2b0464f676f0da94af15f186445261fa012a303b9cf7,b97a5f8b4577120b71a1f48d354e03266db994e709ed77150f04f55a3436f44f,3964c5f125dd97a12324dae72ba37fbf556e38c0bb69add29adeb1a2beba7b1b,mb_qe16_direct_r3_s42_30812496,Sb2Te3Cr_1-6_qe_r3,80,5,0,True,-133596.32962311897,-133596.32962306184,5.713081918656826e-08,0.43780568272107695,1.211999,True,/Users/alina/Project/26MIgrationBench/cluster/mb_qe16_direct_r3_s42_30812496/neb.out,0.6881830472876376,1.0,30,6.099201161710495e-08,1.1945346274806756e-07
bd44b453c8d1c5376e23888d633dcfe013a0a716f98ed61163fbb351bda600ad,1ed1bc18474742a0d267be0250961cad363b3da0180d26d89f021f02b6897414,44c91d7b780b981d70e477a9477f082c2ef0c1806ae5c1275ea7da4781448ad3,mb_qe16_direct_r3_s42_30812496,Sb2Te3Cr_1-6_qe_r3,81,1,0,True,-133597.1500230125,-133597.1500230125,0.0,0.3127942658103932,0.312794,True,/Users/alina/Project/26MIgrationBench/cluster/mb_qe16_direct_r3_s42_30812496/neb.out,0.0,0.0,31,6.833693910353517e-08,1.2654970801828647e-07
6d9b6b5597cd32afb89a49b71ab1f88f9bcd42da8c8e1c934bce6b9b6e235c6b,73b15408b3c7a9cd14deeca663446bf19ac2f1be46774120fd67385460c00732,c5015013008b7d41c7a36108055247bc9e6c0e5b65a50cf2dd97f063a839f913,mb_qe16_direct_r3_s42_30812496,Sb2Te3Cr_1-6_qe_r3,81,2,80,False,-133598.03822538108,-133598.03822531304,6.80447556078434e-08,0.4170367461437294,0.37085,True,/Users/alina/Project/26MIgrationBench/cluster/mb_qe16_direct_r3_s42_30812496/neb.out,0.17633579889773526,0.2560762391060271,19,7.257535565201341e-08,1.2824663628611087e-07
f893f90e243d509089916fadb158f959e499ed3328b45c275563052be1726ce0,19048058da7df67836493a620fec4771735cd34c32f0ceb611ba8da8c5e5eddd,2cf4e8e03e7e5b7c161cbdb45e534150e7b1ba041107f6871c16eb05f0bd9a28,mb_qe16_direct_r3_s42_30812496,Sb2Te3Cr_1-6_qe_r3,81,3,80,False,-133597.61607269684,-133597.61607268595,1.0884832590818405e-08,0.16444051422376577,0.259752,True,/Users/alina/Project/26MIgrationBench/cluster/mb_qe16_direct_r3_s42_30812496/neb.out,0.41590640746114094,0.6039825679668935,16,7.274061296667638e-08,1.2850374662282116e-07
2b0f92b06fd667e08710c92b90d23aeeb780ac61237f420e716be8f48ad23f65,c40e7a24965c7e0eece3f081042bd036ea4aa850287684377ff747969c79778c,4165c6ea43bd83c57957df55764f3ab2b19c47bddd67d06398954d003f396262,mb_qe16_direct_r3_s42_30812496,Sb2Te3Cr_1-6_qe_r3,81,4,80,False,-133597.30101763422,-133597.3010176233,1.0913936421275139e-08,0.4107208882526887,0.293397,True,/Users/alina/Project/26MIgrationBench/cluster/mb_qe16_direct_r3_s42_30812496/neb.out,0.588053384668778,0.8539757671491433,15,7.016446493442745e-08,1.2798952594809954e-07
203af6b7832ff682ace7879a1ff6ca06e50154f256b80ee298d9b270ca5c7cf2,4b6d30e5a163f2bacb8750c200a7ee2263773383c60abeb8492d09b8402014bd,3964c5f125dd97a12324dae72ba37fbf556e38c0bb69add29adeb1a2beba7b1b,mb_qe16_direct_r3_s42_30812496,Sb2Te3Cr_1-6_qe_r3,81,5,0,True,-133596.32962311897,-133596.32962306184,5.713081918656826e-08,0.43780568272107695,1.219442,True,/Users/alina/Project/26MIgrationBench/cluster/mb_qe16_direct_r3_s42_30812496/neb.out,0.6886066411836215,1.0,30,6.099201161710495e-08,1.1945346274806756e-07
bfd8924db74872f182c8073a6a7c0adde7bb88b770459b877548915612273896,ea38bba081340ef1127c1997c24e0f34e7542d0f986b3bd441143ab0029dcf9c,44c91d7b780b981d70e477a9477f082c2ef0c1806ae5c1275ea7da4781448ad3,mb_qe16_direct_r3_s42_30812496,Sb2Te3Cr_1-6_qe_r3,82,1,0,True,-133597.1500230125,-133597.1500230125,0.0,0.3127942658103932,0.312794,True,/Users/alina/Project/26MIgrationBench/cluster/mb_qe16_direct_r3_s42_30812496/neb.out,0.0,0.0,31,6.833693910353517e-08,1.2654970801828647e-07
4d7fef605dfa5738f6f6773114ced67e4566eb61717e791e8af41b823386ffed,a4085fb4dd404f763ced831596e9a1aa466ca31e49eccaf79ee5a28b6601da6b,386e6db75fe7374eeb33f023ee348f1ec708cabf413fdff4a916a2854c4a705d,mb_qe16_direct_r3_s42_30812496,Sb2Te3Cr_1-6_qe_r3,82,2,81,False,-133598.03956703848,-133598.03956706295,2.4476321414113045e-08,0.4163414106456776,0.370274,True,/Users/alina/Project/26MIgrationBench/cluster/mb_qe16_direct_r3_s42_30812496/neb.out,0.17647517097516985,0.2560504784915188,17,7.705729893686153e-08,1.284009024798971e-07
bd0467e935b52730eda05ef860fd66d2f432cde153402cbeb07fa862f1c51679,d74a96a20a3253f7e3dae54edca90ecd8be3e390919b5f5dfcdd4259a18d2e67,1dd679a67f2cbd5ea2bf525d72a00c1388596763190ba55f6e3a5f6b00018a00,mb_qe16_direct_r3_s42_30812496,Sb2Te3Cr_1-6_qe_r3,82,3,81,False,-133597.61611364997,-133597.6161135874,6.257323548197746e-08,0.1524901868475123,0.273113,True,/Users/alina/Project/26MIgrationBench/cluster/mb_qe16_direct_r3_s42_30812496/neb.out,0.41619337206642343,0.603861220101044,11,6.973914956104705e-08,1.2809237008234997e-07
78e9021049a86d80ed5104b260a4cf85a80676433b05534e0c24c17800776f91,f2a60b2be34a8586ed8d00ec2655c0d2581d7fe7d1a88888cdbd0d9cd355d508,878f1443331eaedeb2b21dcc5a85f2eacbb0d7bc4edd88bb2db7e6e29dcfff52,mb_qe16_direct_r3_s42_30812496,Sb2Te3Cr_1-6_qe_r3,82,4,81,False,-133597.30203166654,-133597.30203160393,6.26023393124342e-08,0.4098720756035364,0.294007,True,/Users/alina/Project/26MIgrationBench/cluster/mb_qe16_direct_r3_s42_30812496/neb.out,0.5884561288780884,0.8537998435581703,12,7.315978911424491e-08,1.2654970804604204e-07
3ff465902e73185d48b9907ab2e5dd3bb73ca99848d49b1827f0cc70ffca2ddf,feb729ed45fa46145f691023e96f2f07712cae19ff51ef31f7b0152cc2364eb9,3964c5f125dd97a12324dae72ba37fbf556e38c0bb69add29adeb1a2beba7b1b,mb_qe16_direct_r3_s42_30812496,Sb2Te3Cr_1-6_qe_r3,82,5,0,True,-133596.32962311897,-133596.32962306184,5.713081918656826e-08,0.43780568272107695,1.222341,True,/Users/alina/Project/26MIgrationBench/cluster/mb_qe16_direct_r3_s42_30812496/neb.out,0.6892202350678883,1.0,30,6.099201161710495e-08,1.1945346274806756e-07
a19e8e76e45a2e6b08413145e48cc0079903cc5fe56ddbc958a88faf7a729419,cff26fd8a7f94afae4e39e5cd9ebb3bf946b4b26c22431a77445df90bee4c816,44c91d7b780b981d70e477a9477f082c2ef0c1806ae5c1275ea7da4781448ad3,mb_qe16_direct_r3_s42_30812496,Sb2Te3Cr_1-6_qe_r3,83,1,0,True,-133597.1500230125,-133597.1500230125,0.0,0.3127942658103932,0.312794,True,/Users/alina/Project/26MIgrationBench/cluster/mb_qe16_direct_r3_s42_30812496/neb.out,0.0,0.0,31,6.833693910353517e-08,1.2654970801828647e-07
7c883e0a60bf8902e1246faf4439ca65b13287f983f47abc4e4598c0a343b8fd,402c771eafd0eb6d6914c996cbad6ff132f1f1aca79204dc491a4b8c6282dbf9,310b565da0d4d4ea60733127392a68882e7515f3b1bd3da01e287cdc0f53a03c,mb_qe16_direct_r3_s42_30812496,Sb2Te3Cr_1-6_qe_r3,83,2,82,False,-133598.04149768632,-133598.04149767818,8.149072527885437e-09,0.41542226001766197,0.369154,True,/Users/alina/Project/26MIgrationBench/cluster/mb_qe16_direct_r3_s42_30812496/neb.out,0.17679936133006374,0.2559926488513779,17,7.280624515594586e-08,1.2660113013138186e-07
97a07e338ebc93d86085c745b832524e1bc009de71b482f23efea207d123ee69,9f951dc367113f577f106103aeea1f78b5dd2fab30c8a87a0dfceffa91f8a651,6fbf8dbfae0d6343d0d34db37cd914a2737024f9adeb2904457fe6b579f868e4,mb_qe16_direct_r3_s42_30812496,Sb2Te3Cr_1-6_qe_r3,83,3,82,False,-133597.6162190941,-133597.61621914583,5.171750672161579e-08,0.16232077181463725,0.260815,True,/Users/alina/Project/26MIgrationBench/cluster/mb_qe16_direct_r3_s42_30812496/neb.out,0.41685577177058275,0.6035769156728913,12,7.014523010457466e-08,1.278866818138491e-07
939ea14d4a112b08e794e7e29ce5a6f8c16712472650c978841a1223c41de381,9145ae09e9a86f4a6d8d7434adf948d56f3ee9dd283c9a01c9d1a391e46584c4,cbf9ee70dbde79e1746ec3ab0b2c51331f56fde2ff67ada6468152ec1cd5d592,mb_qe16_direct_r3_s42_30812496,Sb2Te3Cr_1-6_qe_r3,83,4,82,False,-133597.3037092485,-133597.30370924305,5.4424162954092026e-09,0.40956442427987905,0.293489,True,/Users/alina/Project/26MIgrationBench/cluster/mb_qe16_direct_r3_s42_30812496/neb.out,0.5893645256814432,0.8533570762541747,12,7.055129162339113e-08,1.2809237008581942e-07
fbb2549fc9d3f39c34790fb40a48275534686bae92de4fc09f299466b83d7b8e,3d25633aea8c4fdf3fdeb34dd6f0d15a5794e789928878b5887de71f895f175d,3964c5f125dd97a12324dae72ba37fbf556e38c0bb69add29adeb1a2beba7b1b,mb_qe16_direct_r3_s42_30812496,Sb2Te3Cr_1-6_qe_r3,83,5,0,True,-133596.32962311897,-133596.32962306184,5.713081918656826e-08,0.43780568272107695,1.227182,True,/Users/alina/Project/26MIgrationBench/cluster/mb_qe16_direct_r3_s42_30812496/neb.out,0.6906423372833196,1.0,30,6.099201161710495e-08,1.1945346274806756e-07
8bbb8305485fe0705ff64f72246e05f041c6add5c6fa6f9e7eb54cfab35b9a77,865419adbbe9062762d2f059c9158227f68c2f7e54f89b4ad86a8ae24bb30058,44c91d7b780b981d70e477a9477f082c2ef0c1806ae5c1275ea7da4781448ad3,mb_qe16_direct_r3_s42_30812496,Sb2Te3Cr_1-6_qe_r3,84,1,0,True,-133597.1500230125,-133597.1500230125,0.0,0.3127942658103932,0.312794,True,/Users/alina/Project/26MIgrationBench/cluster/mb_qe16_direct_r3_s42_30812496/neb.out,0.0,0.0,31,6.833693910353517e-08,1.2654970801828647e-07
f962d33eef0cbd586a5de763ed6e7486e4c6e6dc12b57a276bd714fa1c74d0c2,9e5c8e6b6ab331470d4cc52664ea4b5e000a2f8149b821085f02da2147f4dd8b,ca586fb647f72869dce69bbc57d8214c533e67c5454b7c8225797c5ded421fe9,mb_qe16_direct_r3_s42_30812496,Sb2Te3Cr_1-6_qe_r3,84,2,83,False,-133598.04595450324,-133598.04595444337,5.986657924950123e-08,0.4139104220040928,0.367018,True,/Users/alina/Project/26MIgrationBench/cluster/mb_qe16_direct_r3_s42_30812496/neb.out,0.1779075619845251,0.25580667924812023,19,7.620460905332253e-08,1.284009024937749e-07
949c602f8cbb14eee9dd64593adeaae8878a42a5a4fa6c9670d063b65e5f1c4d,bb8fb3c9c1c452ca0f057704827b2a3fd1bf30031f8ccd8c9d70f0f37793df93,938493a65fbe666354e243fb424626172e407540051b5c0978c3354475282544,mb_qe16_direct_r3_s42_30812496,Sb2Te3Cr_1-6_qe_r3,84,3,83,False,-133597.61648535752,-133597.61648537384,1.6327248886227608e-08,0.16319811790525815,0.267677,True,/Users/alina/Project/26MIgrationBench/cluster/mb_qe16_direct_r3_s42_30812496/neb.out,0.419111574169432,0.6026249746037226,16,7.505520466171853e-08,1.2737246113912748e-07
ae4237f6cd48845e9bf02a4f8d538fbad018ec96f77c3843625448e96c6b8636,8458af1708cdf1b2adebdbe716c429f2732bf21f400307e59785061a51228a70,7a21e5bd2a7450a373452ca34c439aa800eca8559098f9ba3227f5fddcb96943,mb_qe16_direct_r3_s42_30812496,Sb2Te3Cr_1-6_qe_r3,84,4,83,False,-133597.30776959547,-133597.3077695465,4.898174665868282e-08,0.40956635829334487,0.287688,True,/Users/alina/Project/26MIgrationBench/cluster/mb_qe16_direct_r3_s42_30812496/neb.out,0.5924445928350074,0.8518540878257344,18,7.8438802529235e-08,1.2845232455482858e-07
189b30562427663f7140138bd4910123d7271f448c980286339a7e1edd71956e,6db430e198c3504236fede28c26fba27f2db58f0a97657c154581f585b1d6079,3964c5f125dd97a12324dae72ba37fbf556e38c0bb69add29adeb1a2beba7b1b,mb_qe16_direct_r3_s42_30812496,Sb2Te3Cr_1-6_qe_r3,84,5,0,True,-133596.32962311897,-133596.32962306184,5.713081918656826e-08,0.43780568272107695,1.239006,True,/Users/alina/Project/26MIgrationBench/cluster/mb_qe16_direct_r3_s42_30812496/neb.out,0.69547660955312,1.0,30,6.099201161710495e-08,1.1945346274806756e-07
bae840d67af30e1e716cfd79d0cb61bf98e0b2c26370fcee291c8006d4396144,4470ac851c17754c04db8e001e6571a9ac179a37b473acdec2e4de1b306bcf38,44c91d7b780b981d70e477a9477f082c2ef0c1806ae5c1275ea7da4781448ad3,mb_qe16_direct_r3_s42_30812496,Sb2Te3Cr_1-6_qe_r3,85,1,0,True,-133597.1500230125,-133597.1500230125,0.0,0.3127942658103932,0.312794,True,/Users/alina/Project/26MIgrationBench/cluster/mb_qe16_direct_r3_s42_30812496/neb.out,0.0,0.0,31,6.833693910353517e-08,1.2654970801828647e-07
b688c6bbf35f0eff5097a9036c2a20937ee31acf95898c533ec6b15c739bed24,e58497a6e752d042d3839307a79e49f5aa4cb83a7e154d3c58c59b8fab51f33d,5306e86d6810b9e40e93b73233e596698bdeacb7bf90f62e6c4e9aebdec77d92,mb_qe16_direct_r3_s42_30812496,Sb2Te3Cr_1-6_qe_r3,85,2,84,False,-133598.06090852054,-133598.0609084797,4.0832674130797386e-08,0.4093655126072669,0.356721,True,/Users/alina/Project/26MIgrationBench/cluster/mb_qe16_direct_r3_s42_30812496/neb.out,0.18162925486902767,0.2552848699257793,21,7.635520949319391e-08,1.2855516869081374e-07
d8c56ae137071eea4c80880fa35a44a295e5bf815914cd7423bf10d92b583716,a6738752d7d343cc2cb7094648c1cdafb3caa1269dbeca5d82ee7bc833c9d862,2832ea661394ed0536f5dc4e2437c25920381fa9a8327a32bc92d18f6481a757,mb_qe16_direct_r3_s42_30812496,Sb2Te3Cr_1-6_qe_r3,85,3,84,False,-133597.61730754958,-133597.61730758764,3.8067810237407684e-08,0.159945422723116,0.282859,True,/Users/alina/Project/26MIgrationBench/cluster/mb_qe16_direct_r3_s42_30812496/neb.out,0.42666243679973714,0.5996856880747496,20,7.318531242798976e-08,1.2840090248943808e-07
57aa5c7e1b8ad4f0e6b2e9808d7c9b78fe23ad529688c6b0c4c0570bf9890297,38e6b94f65b64d4fc510651eb069e55ecfb0989ae6c359e2d27a8df4681bcc86,68ee287d57f9529ff1e42d1cf69378a7d6e1238328d81e1598102b9c837ab00a,mb_qe16_direct_r3_s42_30812496,Sb2Te3Cr_1-6_qe_r3,85,4,84,False,-133597.3214386911,-133597.3214387401,4.898174665868282e-08,0.4067891794552299,0.273429,True,/Users/alina/Project/26MIgrationBench/cluster/mb_qe16_direct_r3_s42_30812496/neb.out,0.6027679133138892,0.8472067369143272,21,7.625475404071702e-08,1.2706392873464145e-07
889f4cc25da89c973f8d2551054addbb30c15d697ca8ae13fcf0c503dc6fd5ea,1bdf48b1b5013b9740bd1e0359c1dcba70f3ba4f16f8ede06f9ffa0165edacb1,3964c5f125dd97a12324dae72ba37fbf556e38c0bb69add29adeb1a2beba7b1b,mb_qe16_direct_r3_s42_30812496,Sb2Te3Cr_1-6_qe_r3,85,5,0,True,-133596.32962311897,-133596.32962306184,5.713081918656826e-08,0.43780568272107695,1.27973,True,/Users/alina/Project/26MIgrationBench/cluster/mb_qe16_direct_r3_s42_30812496/neb.out,0.7114767707221896,1.0,30,6.099201161710495e-08,1.1945346274806756e-07
228dbf468f74b83b828360050b6d1324ee15a78042a96b29ca87dd5efa3dc625,32db29be95af6b48c06697aaa83839f3a5018f7b12cdb8bf9606c5b347f4d1b0,44c91d7b780b981d70e477a9477f082c2ef0c1806ae5c1275ea7da4781448ad3,mb_qe16_direct_r3_s42_30812496,Sb2Te3Cr_1-6_qe_r3,86,1,0,True,-133597.1500230125,-133597.1500230125,0.0,0.3127942658103932,0.312794,True,/Users/alina/Project/26MIgrationBench/cluster/mb_qe16_direct_r3_s42_30812496/neb.out,0.0,0.0,31,6.833693910353517e-08,1.2654970801828647e-07
dbb0ff8f75fd83158278360cccf6760786d3f0d98be2f42e123c0a1d1b58b80e,ba30fc623500440e9dc818826f28d0de8b12eddfe49d1e51bb3a4b0a818a68b1,677e5927af58fa25f3f6b946423a7a6e9face6f80a88dc32c80389c045450ff3,mb_qe16_direct_r3_s42_30812496,Sb2Te3Cr_1-6_qe_r3,86,2,85,False,-133598.1083691238,-133598.10836917008,4.627509042620659e-08,0.39150597274950105,0.321531,True,/Users/alina/Project/26MIgrationBench/cluster/mb_qe16_direct_r3_s42_30812496/neb.out,0.18404413987635435,0.25501860209102534,45,7.242336021434007e-08,1.281437921468731e-07
bcad1529ec540927d96a5a22dba7b33b267a025e8a6fb0dd277e514e8c4f2062,bf335335805ff6fa36dc19a84be49d66908a9232ca6630086cd3e4933329a2f9,803484160a3e47b462f007a42bcbb5dfff648a3ad651e4e80466ac3e0a4ed24d,mb_qe16_direct_r3_s42_30812496,Sb2Te3Cr_1-6_qe_r3,86,3,85,False,-133597.6191930265,-133597.61919303465,8.149072527885437e-09,0.14882412291070463,0.323211,True,/Users/alina/Project/26MIgrationBench/cluster/mb_qe16_direct_r3_s42_30812496/neb.out,0.43154110697264286,0.5979598694036776,21,6.976890912987774e-08,1.2850374662282116e-07
5d39594025bcdd9414b340703b7b855ac8778bc3d31e8483e40041cbcac5040d,1a04203b1c83d3a2aab0c1c26d9263da811c719d08b07fb674edfeb4642d05f8,bd711f8fa64bd5b312aaae0a34c313c91c704d110f2c3a8a1ba5758ffdc96229,mb_qe16_direct_r3_s42_30812496,Sb2Te3Cr_1-6_qe_r3,86,4,85,False,-133597.3637313079,-133597.36373126984,3.8067810237407684e-08,0.39062221515039064,0.226053,True,/Users/alina/Project/26MIgrationBench/cluster/mb_qe16_direct_r3_s42_30812496/neb.out,0.6094607312076783,0.8444921082864907,23,7.867029328925182e-08,1.2798952594983426e-07
d3c4322411be0f88ee34c152a00898420e9d099d31978163cc38c8e32ed72c20,13163ff9255f069031a13d6df0e64936a7819788cb5f6536d75aaa578bb6090b,3964c5f125dd97a12324dae72ba37fbf556e38c0bb69add29adeb1a2beba7b1b,mb_qe16_direct_r3_s42_30812496,Sb2Te3Cr_1-6_qe_r3,86,5,0,True,-133596.32962311897,-133596.32962306184,5.713081918656826e-08,0.43780568272107695,1.41545,True,/Users/alina/Project/26MIgrationBench/cluster/mb_qe16_direct_r3_s42_30812496/neb.out,0.7216890782369764,1.0,30,6.099201161710495e-08,1.1945346274806756e-07
6648e92879eba69fed28e692635135e21715686bc5fe9a7846fbf347e17d84bc,fa5345cdb6ca0750640c1a00385744cd450f0cb97fb7f7915e451bdbc81d8917,44c91d7b780b981d70e477a9477f082c2ef0c1806ae5c1275ea7da4781448ad3,mb_qe16_direct_r3_s42_30812496,Sb2Te3Cr_1-6_qe_r3,87,1,0,True,-133597.1500230125,-133597.1500230125,0.0,0.3127942658103932,0.312794,True,/Users/alina/Project/26MIgrationBench/cluster/mb_qe16_direct_r3_s42_30812496/neb.out,0.0,0.0,31,6.833693910353517e-08,1.2654970801828647e-07
e1e0144711d386824481d41a426a0f7792120a478f3ceafc1f31a16bd1eec0b6,0fdca04c8b05397929f1c1f157500b0999381ffaa2b21ed4edcd05267e346c0b,1d668ac1e0ba4fcb57c2d27477fad582e5f7d84e4a797277f01fbab5acd36667,mb_qe16_direct_r3_s42_30812496,Sb2Te3Cr_1-6_qe_r3,87,2,86,False,-133598.13708693237,-133598.1370869868,5.4424162954092026e-08,0.3778059273924171,0.322978,True,/Users/alina/Project/26MIgrationBench/cluster/mb_qe16_direct_r3_s42_30812496/neb.out,0.18503877099471988,0.2549265506241969,24,7.368825134216599e-08,1.2855516869103058e-07
3287e5140a42c29bf576642d8ba9bc088231bfea7c93dacb23184619619e119a,8723a663b417f20b354c3db59484df6f58d8f373056aec00b28578d47acf60b3,2f5460cd43c1c9616b8477e976c3a73851939a960ba6fcdaf5858214fabe73aa,mb_qe16_direct_r3_s42_30812496,Sb2Te3Cr_1-6_qe_r3,87,3,86,False,-133597.61970528087,-133597.619705338,5.713081918656826e-08,0.14240416799220126,0.34777,True,/Users/alina/Project/26MIgrationBench/cluster/mb_qe16_direct_r3_s42_30812496/neb.out,0.43353671873998506,0.5972803412127652,21,7.34280105836568e-08,1.282980583543203e-07
74bc14f9b074eb4efd49a51bace1820076db9b5fca9baed8267071acbbe6514a,21d023308892300e6ec08e9e82cc5a80b988b0dddce0a89945dfecd9cbbf0ac5,9baa0f156fadb9ad3eb6e87bda6f5d3bad8595a66fe5579d15ccb33dc2c2986e,mb_qe16_direct_r3_s42_30812496,Sb2Te3Cr_1-6_qe_r3,87,4,86,False,-133597.3883727148,-133597.38837273658,2.176966518163681e-08,0.37857133760584794,0.196201,True,/Users/alina/Project/26MIgrationBench/cluster/mb_qe16_direct_r3_s42_30812496/neb.out,0.6122205745590642,0.8434517720503003,23,7.462770735373155e-08,1.2804094803864352e-07
b58672321a6570fea86a760fef4bc8c1fe034d96093bce13499371a38c3425f2,3abd781ce498e3869e7a48d556f91ed07782588558b428ef03c109174b7ae817,3964c5f125dd97a12324dae72ba37fbf556e38c0bb69add29adeb1a2beba7b1b,mb_qe16_direct_r3_s42_30812496,Sb2Te3Cr_1-6_qe_r3,87,5,0,True,-133596.32962311897,-133596.32962306184,5.713081918656826e-08,0.43780568272107695,1.502541,True,/Users/alina/Project/26MIgrationBench/cluster/mb_qe16_direct_r3_s42_30812496/neb.out,0.7258513110605613,1.0,30,6.099201161710495e-08,1.1945346274806756e-07
3c580491c9d7aa7410f9035528e2b6f8bf59d87748e33659c59dbc3a9bae97f4,5549c609e36af644d6a39f7d528edb27aba5b41e12aa78d1ed41e5edda92fd08,44c91d7b780b981d70e477a9477f082c2ef0c1806ae5c1275ea7da4781448ad3,mb_qe16_direct_r3_s42_30812496,Sb2Te3Cr_1-6_qe_r3,88,1,0,True,-133597.1500230125,-133597.1500230125,0.0,0.3127942658103932,0.312794,True,/Users/alina/Project/26MIgrationBench/cluster/mb_qe16_direct_r3_s42_30812496/neb.out,0.0,0.0,31,6.833693910353517e-08,1.2654970801828647e-07
559016ce62298999411f174dbe164f4eab36f58cb7fbde42dfc9bc9e3a91fcaa,a7d620bd8893490d70cdf5d8ed91da3e40ba9dfcd5c206fc84623710a67ec709,2ba4f2483dbb5ade253353809878bffe1ae3f054515e8228de3d8ac9f071ecdc,mb_qe16_direct_r3_s42_30812496,Sb2Te3Cr_1-6_qe_r3,88,2,87,False,-133598.14847095188,-133598.1484709546,2.7066562324762344e-09,0.3724933807795195,0.327547,True,/Users/alina/Project/26MIgrationBench/cluster/mb_qe16_direct_r3_s42_30812496/neb.out,0.1853309697706203,0.25490542358818,21,7.022215602029249e-08,1.2747530527684736e-07
5a96c1f95593c0bd8129d1a23784b0321f71ddd377d5fc6e62fa2a9a38a2f69e,fab3d5a1147da80a41733109412cf4b8f59a311098c6f0559ba3a0c679c12ce7,aa9ff1d2164cd2af44bcc731d4f6c15ac47be23801ab47e2f9a36ff92b43fa37,mb_qe16_direct_r3_s42_30812496,Sb2Te3Cr_1-6_qe_r3,88,3,87,False,-133597.61977235693,-133597.6197722916,6.533809937536716e-08,0.14050148152132969,0.357461,True,/Users/alina/Project/26MIgrationBench/cluster/mb_qe16_direct_r3_s42_30812496/neb.out,0.43411041908888603,0.5970782994275187,19,7.324990024303924e-08,1.2814379215099307e-07
42dfbd5f91497e5379b611681c2922b7f34a042a60315dd4366f066d77ac62b3,7ebbd428e4d9be5c25cd2d25ff1806ebf4c58bbda56ae3b6e6417ef0e062088a,22d4968a18e3cc819b2c06bbe1ffdc65a6683808a75672ae216255afa1a108b7,mb_qe16_direct_r3_s42_30812496,Sb2Te3Cr_1-6_qe_r3,88,4,87,False,-133597.39786622324,-133597.39786624772,2.4476321414113045e-08,0.373145072098914,0.184672,True,/Users/alina/Project/26MIgrationBench/cluster/mb_qe16_direct_r3_s42_30812496/neb.out,0.6130361791897457,0.8431739558944118,20,7.85958034320209e-08,1.284009024937749e-07
e9331da9ea17d787c8873676f5aecab94967f0483a9bcda9d5eaab2813f53544,4e0f483440da5bd7012ecc3185f0bdb1b4eb14c9747bd68ce2a88f8971c706d6,3964c5f125dd97a12324dae72ba37fbf556e38c0bb69add29adeb1a2beba7b1b,mb_qe16_direct_r3_s42_30812496,Sb2Te3Cr_1-6_qe_r3,88,5,0,True,-133596.32962311897,-133596.32962306184,5.713081918656826e-08,0.43780568272107695,1.539124,True,/Users/alina/Project/26MIgrationBench/cluster/mb_qe16_direct_r3_s42_30812496/neb.out,0.7270577736707448,1.0,30,6.099201161710495e-08,1.1945346274806756e-07
ac90dae9904ce9c79ac7974ee87c41afc7fa5ae279343bd641d3688343a438cd,d28ef85e3531b385515075ea7de30ebfb3c72407689f6369a995a3979686dc49,44c91d7b780b981d70e477a9477f082c2ef0c1806ae5c1275ea7da4781448ad3,mb_qe16_direct_r3_s42_30812496,Sb2Te3Cr_1-6_qe_r3,89,1,0,True,-133597.1500230125,-133597.1500230125,0.0,0.3127942658103932,0.312794,True,/Users/alina/Project/26MIgrationBench/cluster/mb_qe16_direct_r3_s42_30812496/neb.out,0.0,0.0,31,6.833693910353517e-08,1.2654970801828647e-07
639d3cd257fa7f1d72fbde49704078235a19e96c656eb1cf415c303bbfa64430,f93687dd1aea6f931d82d1b710191f2ed625bb51d9d1840b17aa4274001cae32,5f8f4367b3de15518eaa19173e062ec8af897dcea12cd15f3a12e17d8c0b1cfa,mb_qe16_direct_r3_s42_30812496,Sb2Te3Cr_1-6_qe_r3,89,2,88,False,-133598.1517510124,-133598.151751026,1.359148882329464e-08,0.3707282801054287,0.328136,True,/Users/alina/Project/26MIgrationBench/cluster/mb_qe16_direct_r3_s42_30812496/neb.out,0.1854243288080964,0.2549033788933798,20,7.622027928598403e-08,1.2814379215099307e-07
cd2706c7339f84e020d84b2f64bb7c3e9942391438b9c172b6eb7705caf7f59e,addead614adcd07317b92f6000b4187116059914c47ab5854c6253eda81d8707,1082d3ed58419b4c40c7628f736863cebed1a0fc7bec8f0c3076e1c6902905c4,mb_qe16_direct_r3_s42_30812496,Sb2Te3Cr_1-6_qe_r3,89,3,88,False,-133597.61976011182,-133597.61976011452,2.7066562324762344e-09,0.14028076526764507,0.360222,True,/Users/alina/Project/26MIgrationBench/cluster/mb_qe16_direct_r3_s42_30812496/neb.out,0.4342813330422854,0.5970078462431307,14,7.577127449520333e-08,1.28400902486836e-07
294ae33c468e9e44cfad30b4899b6b6861e5d973a1772439e27bf5e27fa35913,7e74b79739ffb656e0c3e8a38039884c12c3bde8a66094d828c5d5958d8b71b9,1c8afd474d63739afa213c3e4d0e34d32dce27626499ad6930c97ff8874efe44,mb_qe16_direct_r3_s42_30812496,Sb2Te3Cr_1-6_qe_r3,89,4,88,False,-133597.4004986527,-133597.4004986609,8.17817635834217e-09,0.3711901681566761,0.181678,True,/Users/alina/Project/26MIgrationBench/cluster/mb_qe16_direct_r3_s42_30812496/neb.out,0.613301543837603,0.8431074649676994,17,7.931944047023478e-08,1.2840090248824546e-07
562980d80652d98dc1c6622052b706c5de39ef14a4cc63b65b40667cceb4ce0f,c7887f51d1e789c455d2e2d37f27349c6088468b877f1f286b0abddbadf804c5,3964c5f125dd97a12324dae72ba37fbf556e38c0bb69add29adeb1a2beba7b1b,mb_qe16_direct_r3_s42_30812496,Sb2Te3Cr_1-6_qe_r3,89,5,0,True,-133596.32962311897,-133596.32962306184,5.713081918656826e-08,0.43780568272107695,1.552325,True,/Users/alina/Project/26MIgrationBench/cluster/mb_qe16_direct_r3_s42_30812496/neb.out,0.7274298583764758,1.0,30,6.099201161710495e-08,1.1945346274806756e-07
cf90134361558e87ff03553bb637df7b4f0a01bf24b2ae233fbf700dd5061d06,b852072ba8c2f55d7ca9fc021faec21aafa4f3501b79f4ab83f318de57c2765d,44c91d7b780b981d70e477a9477f082c2ef0c1806ae5c1275ea7da4781448ad3,mb_qe16_direct_r3_s42_30812496,Sb2Te3Cr_1-6_qe_r3,90,1,0,True,-133597.1500230125,-133597.1500230125,0.0,0.3127942658103932,0.312794,True,/Users/alina/Project/26MIgrationBench/cluster/mb_qe16_direct_r3_s42_30812496/neb.out,0.0,0.0,31,6.833693910353517e-08,1.2654970801828647e-07
8eaabc4f53ca36c8e30df742d1e0426b07f6db07a68ab448fef43ec7831b0534,d6cc1cdca5535d531f5df8c6cb7adeaf3711843b42101a0adaf22390e85ce1c1,d9efecbe9ff792078274298283438aae88c820f38ada19bb83af236e3d525bff,mb_qe16_direct_r3_s42_30812496,Sb2Te3Cr_1-6_qe_r3,90,2,89,False,-133598.15277783404,-133598.15277780412,2.991873770952225e-08,0.3698114055582333,0.327615,True,/Users/alina/Project/26MIgrationBench/cluster/mb_qe16_direct_r3_s42_30812496/neb.out,0.1855791543461716,0.25490480926534376,13,7.488766434278485e-08,1.2737246113912748e-07
fb3324da83e613bc828a59bc9602a764b8adb9e8404fc35d4f4107c72ab942b4,f1119d472469e03f4259d322dfc0f8d464ccc3bc0e7c1f26c55df8ff766be90b,aba8da3bedbf3acf1e76e17371d12eba73a437c357a7084ddcf996d155506a4c,mb_qe16_direct_r3_s42_30812496,Sb2Te3Cr_1-6_qe_r3,90,3,89,False,-133597.61973997537,-133597.61974002435,4.898174665868282e-08,0.1294542575955714,0.366274,True,/Users/alina/Project/26MIgrationBench/cluster/mb_qe16_direct_r3_s42_30812496/neb.out,0.43455178962358776,0.5968846093742293,11,7.441179915633893e-08,1.2804094801609212e-07
5f69275d943287b285534dc2cacd46fd13588460f6697f5f16efaa2da6c83e0f,f568600cca9c68e12d1ce505168f768a65f5205d0a85f43d06396b79dad0af8f,b40eeffa1432e2ef809a36e5f826443e35061b17587b95ab43b5d47379b0144b,mb_qe16_direct_r3_s42_30812496,Sb2Te3Cr_1-6_qe_r3,90,4,89,False,-133597.40122995872,-133597.40122997234,1.3620592653751373e-08,0.36900817610410214,0.20183,True,/Users/alina/Project/26MIgrationBench/cluster/mb_qe16_direct_r3_s42_30812496/neb.out,0.6137452838537327,0.8430183070368509,11,7.76050593613538e-08,1.2845232455482858e-07
13fd6aa9ce12deebcfa070911d7f85788c971ec711397952c0a4d0df8d51f0f3,743f69ad1548e36a22bf273a51ad42bdcc92849024bf52221d78f4456a70746c,3964c5f125dd97a12324dae72ba37fbf556e38c0bb69add29adeb1a2beba7b1b,mb_qe16_direct_r3_s42_30812496,Sb2Te3Cr_1-6_qe_r3,90,5,0,True,-133596.32962311897,-133596.32962306184,5.713081918656826e-08,0.43780568272107695,1.556069,True,/Users/alina/Project/26MIgrationBench/cluster/mb_qe16_direct_r3_s42_30812496/neb.out,0.7280331621871933,1.0,30,6.099201161710495e-08,1.1945346274806756e-07
6b469c2605ab7a84759fe0dc879f76589a298eadebe96e972c829064549c2247,34c3c732594144fe17398132510425ff7ccc303a17526a0cd57315cfd02bed10,44c91d7b780b981d70e477a9477f082c2ef0c1806ae5c1275ea7da4781448ad3,mb_qe16_direct_r3_s42_30812496,Sb2Te3Cr_1-6_qe_r3,91,1,0,True,-133597.1500230125,-133597.1500230125,0.0,0.3127942658103932,0.312794,True,/Users/alina/Project/26MIgrationBench/cluster/mb_qe16_direct_r3_s42_30812496/neb.out,0.0,0.0,31,6.833693910353517e-08,1.2654970801828647e-07
ce6162942ef11a34d0822c5267258ceabdf72ca0be42e65b60424f80ee677fb1,4ffac6b5cb7f72b84b074df0494249570f39dfa068596eff90993070629d5ffc,5c9d5fc1a04e328a15d079405b8169251527c364f3d68d7eb2e5640b797003c1,mb_qe16_direct_r3_s42_30812496,Sb2Te3Cr_1-6_qe_r3,91,2,90,False,-133598.15446167463,-133598.15446166648,8.149072527885437e-09,0.37046116387903205,0.328119,True,/Users/alina/Project/26MIgrationBench/cluster/mb_qe16_direct_r3_s42_30812496/neb.out,0.18598816570289875,0.25491295615566034,17,7.090008128592613e-08,1.2834948041884342e-07
6859eb7d01ad6e2d1314bfb9076e6a710ef9db0aba29733bd6850404cc1e81e9,9284222a2c906e1eed0c230514dd0a6b872aacded1ed870b0dbe906711a46153,c7c9165f0efcdce361dc5ab4316bac33ee6a59f4dceec1930a5c49367c5e94d1,mb_qe16_direct_r3_s42_30812496,Sb2Te3Cr_1-6_qe_r3,91,3,90,False,-133597.6197158933,-133597.61971590418,1.0884832590818405e-08,0.13859672128173908,0.360573,True,/Users/alina/Project/26MIgrationBench/cluster/mb_qe16_direct_r3_s42_30812496/neb.out,0.4352562802397891,0.5965565855328606,12,7.43968888527353e-08,1.2829805835258556e-07
9073091549c1a596d3173fc2d7675693bd84929810b99390975ac90b9b228499,5610441214c88291bb07e3e44f4f134bc2cf10d9c075c10bbb3faa3929d3d817,fac1a8db0c224d0cab58f53cb4c776dd149cbc308d52e9fa237368b494621505,mb_qe16_direct_r3_s42_30812496,Sb2Te3Cr_1-6_qe_r3,91,4,90,False,-133597.40236685044,-133597.4023669103,5.986657924950123e-08,0.3674887296315186,0.209098,True,/Users/alina/Project/26MIgrationBench/cluster/mb_qe16_direct_r3_s42_30812496/neb.out,0.6149226559615061,0.8428049787244852,11,7.560776149719858e-08,1.2814379215099307e-07
f1587d1c837f10f4bfbba948b6e96cf19cf2e8b0e09f6fe1af926a62d8b18794,2578c450e1e0b5b836d8e148166008d68a1721e2957276da7c2ebcea89d4cde7,3964c5f125dd97a12324dae72ba37fbf556e38c0bb69add29adeb1a2beba7b1b,mb_qe16_direct_r3_s42_30812496,Sb2Te3Cr_1-6_qe_r3,91,5,0,True,-133596.32962311897,-133596.32962306184,5.713081918656826e-08,0.43780568272107695,1.561962,True,/Users/alina/Project/26MIgrationBench/cluster/mb_qe16_direct_r3_s42_30812496/neb.out,0.7296144084152659,1.0,30,6.099201161710495e-08,1.1945346274806756e-07
49d8b055e7897fb1bf542498bf0e2b69e36dd360146d03702e60e1d0bf4d81ec,62e613dfa356a990a90ce6075f6c478fbb90a305e228f38d544dcdfce4579bbc,44c91d7b780b981d70e477a9477f082c2ef0c1806ae5c1275ea7da4781448ad3,mb_qe16_direct_r3_s42_30812496,Sb2Te3Cr_1-6_qe_r3,92,1,0,True,-133597.1500230125,-133597.1500230125,0.0,0.3127942658103932,0.312794,True,/Users/alina/Project/26MIgrationBench/cluster/mb_qe16_direct_r3_s42_30812496/neb.out,0.0,0.0,31,6.833693910353517e-08,1.2654970801828647e-07
f1a3bedcb1bca82578be1daea8556c4648f591060c649379c12b720632fa056a,fb505d55fd376bf4cd675f124480bc92882d661a7ba3c74b2dbd08804ce3c009,8801342348632e87096718c0c6c9f291c0f5fa2450d9aedc94dde6001c48e195,mb_qe16_direct_r3_s42_30812496,Sb2Te3Cr_1-6_qe_r3,92,2,91,False,-133598.15886502113,-133598.15886508644,6.530899554491043e-08,0.3703416128270171,0.326788,True,/Users/alina/Project/26MIgrationBench/cluster/mb_qe16_direct_r3_s42_30812496/neb.out,0.18750615694229525,0.2549498452931559,20,7.288657980212929e-08,1.2809237008234997e-07
977b42523ae537294122ce8bc24f86c10b42d470b955416cca24b15df3fe3bcd,7699970ab37c6b7c11a33d1c46fe1f2e4861d0a22673d1b10691ddfc0632cb68,7060df8f3d961e7bec2a062493ee40fce0881c752a1a07a704a9e55588aa8cc3,mb_qe16_direct_r3_s42_30812496,Sb2Te3Cr_1-6_qe_r3,92,3,91,False,-133597.61960364634,-133597.6196036409,5.4424162954092026e-09,0.1399248924284615,0.357611,True,/Users/alina/Project/26MIgrationBench/cluster/mb_qe16_direct_r3_s42_30812496/neb.out,0.4378707111106529,0.5953674902015118,14,6.932801983679424e-08,1.275781494084957e-07
c105b931d9aaed24a84871cbb1c4b8c120ac6848ffdaf1556cfb1e44f807ecdd,3025b27eb5a9965b929ee1c677ebd7ee7056c7a92ac7dc0f0b014418b0d14088,20943708f3d8a9e687fbebeb1ecbd24882d931eab5f4bcd6b7a68c30fc6c00f2,mb_qe16_direct_r3_s42_30812496,Sb2Te3Cr_1-6_qe_r3,92,4,91,False,-133597.40532608872,-133597.40532602885,5.986657924950123e-08,0.37013604879825796,0.183197,True,/Users/alina/Project/26MIgrationBench/cluster/mb_qe16_direct_r3_s42_30812496/neb.out,0.6192976934199028,0.8420515555465353,15,7.186377172931068e-08,1.277838376787313e-07
831732296a36409b4fda85882a5b55b8430c3191a91b8878797d082a3ce7685f,cac0669ff7e153c820166f02a42db185b6a274d06c6bf66ea81a3e5a5563d297,3964c5f125dd97a12324dae72ba37fbf556e38c0bb69add29adeb1a2beba7b1b,mb_qe16_direct_r3_s42_30812496,Sb2Te3Cr_1-6_qe_r3,92,5,0,True,-133596.32962311897,-133596.32962306184,5.713081918656826e-08,0.43780568272107695,1.577212,True,/Users/alina/Project/26MIgrationBench/cluster/mb_qe16_direct_r3_s42_30812496/neb.out,0.7354629171345053,1.0,30,6.099201161710495e-08,1.1945346274806756e-07
1b2fab7a59a3bc9fac1745fcf3f74ede1fa1c3309e7ad940a59cee091968f62e,3383b879b908169756bdb0420e07f8be5f61e04644efb1668f429101caeec373,44c91d7b780b981d70e477a9477f082c2ef0c1806ae5c1275ea7da4781448ad3,mb_qe16_direct_r3_s42_30812496,Sb2Te3Cr_1-6_qe_r3,93,1,0,True,-133597.1500230125,-133597.1500230125,0.0,0.3127942658103932,0.312794,True,/Users/alina/Project/26MIgrationBench/cluster/mb_qe16_direct_r3_s42_30812496/neb.out,0.0,0.0,31,6.833693910353517e-08,1.2654970801828647e-07
c24a51b9cc04d99705c805ccd478fa1b18891ec832262c9f7111b1efcfcf59e9,4c0039cef1e766f003b39e81ca5b3cc17a003828e7c95ccd3bf9cf2408bc4e81,952b1c4c80297310b69cf2a5670e4a602f2d93b40704a219052264d22791b436,mb_qe16_direct_r3_s42_30812496,Sb2Te3Cr_1-6_qe_r3,93,2,92,False,-133598.1749608282,-133598.17496079014,3.8067810237407684e-08,0.36963048657268116,0.322897,True,/Users/alina/Project/26MIgrationBench/cluster/mb_qe16_direct_r3_s42_30812496/neb.out,0.19258998381145936,0.2551043444099689,24,7.370115276472214e-08,1.272181949360171e-07
04fda0e29fa0d8e7c3b5b8384f073341752f807c38290f41895af277e6761089,83ef398cddf92c85ee5b85471e76bad2b9e9d26107b3d95509a67b1006919c7a,0da471f73d394916686e62d5321bbd5913249ccbaf1d712161332f8c04912fa8,mb_qe16_direct_r3_s42_30812496,Sb2Te3Cr_1-6_qe_r3,93,3,92,False,-133597.61905642535,-133597.61905639543,2.991873770952225e-08,0.14026703258215056,0.349567,True,/Users/alina/Project/26MIgrationBench/cluster/mb_qe16_direct_r3_s42_30812496/neb.out,0.4467283804123636,0.5917356051392029,19,7.169788383797953e-08,1.2845232455591278e-07
128175b384a7981d98fbb479ba2d4f18562e54cfa7cb94c60217eb64d49f7f02,1fb28246a0b19e5e0a4018c86ea9a3e53d21c97b6a7752cb2193cbd189acff41,38188edba9b3f8a4b3c7b1c29a323c15dcb7ff565b0e8224f0fc34113687451d,mb_qe16_direct_r3_s42_30812496,Sb2Te3Cr_1-6_qe_r3,93,4,92,False,-133597.4158992089,-133597.41589924973,4.0832674130797386e-08,0.36676358015998356,0.190893,True,/Users/alina/Project/26MIgrationBench/cluster/mb_qe16_direct_r3_s42_30812496/neb.out,0.6339717985699007,0.8397578983490224,19,7.514315168926331e-08,1.2829805835085084e-07
f3e4b2016dc6759bd7c69f862303ead53299644e2f474cfd4eecc32f6bfc2759,08a4cea53c36ded8555381713e7452dfb945318c70a67edc393b35bc81ced3e7,3964c5f125dd97a12324dae72ba37fbf556e38c0bb69add29adeb1a2beba7b1b,mb_qe16_direct_r3_s42_30812496,Sb2Te3Cr_1-6_qe_r3,93,5,0,True,-133596.32962311897,-133596.32962306184,5.713081918656826e-08,0.43780568272107695,1.633109,True,/Users/alina/Project/26MIgrationBench/cluster/mb_qe16_direct_r3_s42_30812496/neb.out,0.7549459193135302,1.0,30,6.099201161710495e-08,1.1945346274806756e-07
5a3b72323c2c54408786900108e6508de1e7d73c681be3e90ba0e13d662fbef3,626e1837a2bbb78df241b95a400255f3a895d4a8ce9885fce88cb6a9dc192d8d,44c91d7b780b981d70e477a9477f082c2ef0c1806ae5c1275ea7da4781448ad3,mb_qe16_direct_r3_s42_30812496,Sb2Te3Cr_1-6_qe_r3,94,1,0,True,-133597.1500230125,-133597.1500230125,0.0,0.3127942658103932,0.312794,True,/Users/alina/Project/26MIgrationBench/cluster/mb_qe16_direct_r3_s42_30812496/neb.out,0.0,0.0,31,6.833693910353517e-08,1.2654970801828647e-07
51c3a1408cdb1f204d0c7910cb3d868940b6e1c3ca0ee5bf31fab0d2899269e7,0e0b8edaabcfab90277611d7048f6408b050ecfbf261cd72bc5dbce8eb2d4c22,0d9be0cb2e19a2472f448f96b49ae7511511894497bab857c765ebf241e97806,mb_qe16_direct_r3_s42_30812496,Sb2Te3Cr_1-6_qe_r3,94,2,93,False,-133598.22605673663,-133598.2260567557,1.9063008949160576e-08,0.36501834128367083,0.313568,True,/Users/alina/Project/26MIgrationBench/cluster/mb_qe16_direct_r3_s42_30812496/neb.out,0.1957405577945055,0.25521832631763464,40,7.350401563527411e-08,1.2613833151944864e-07
0ed32139fc7eb5b099eb527b7efe27aa4c5f7fb0b9b37d19cbc058e218b4d222,22d613f52134256dda783645437856d61539f8ab309f57f73c0b0c04a952c8e2,3d335e0b886fcdf95328f1aef8f62090b6a5887366088a1c7a9ad85565934a9d,mb_qe16_direct_r3_s42_30812496,Sb2Te3Cr_1-6_qe_r3,94,3,93,False,-133597.61619773318,-133597.61619777398,4.080357030034065e-08,0.15939633483799603,0.328417,True,/Users/alina/Project/26MIgrationBench/cluster/mb_qe16_direct_r3_s42_30812496/neb.out,0.45228906899548094,0.5897217240076141,22,7.358965517851266e-08,1.2654970805991983e-07
20861357a4397dfae97e7ee3d5a86b81ba5648cc23a8e98f7afaa0da10216412,3cbb405ff1d494c3f20e30473165b467c92b223cdccca1e643d5f6648d5543fc,406843d02dd8fe4695eeb2618b3cf70bbe5e3df6523d3d9171d0079a08931a93,mb_qe16_direct_r3_s42_30812496,Sb2Te3Cr_1-6_qe_r3,94,4,93,False,-133597.4491068962,-133597.4491069479,5.168840289115906e-08,0.34701724435802844,0.21267,True,/Users/alina/Project/26MIgrationBench/cluster/mb_qe16_direct_r3_s42_30812496/neb.out,0.6430782277383165,0.8384841180793389,23,7.198727094514617e-08,1.2680681839294383e-07
448ffc9ccb679d27a3b290c32bed4e4d0105ee80998dba6bcc7603cdcab02cb2,c512ce77f0f9a83f508b76a98e28fd28b3330e21677b9f0a6aa0f3e4ff584e4b,3964c5f125dd97a12324dae72ba37fbf556e38c0bb69add29adeb1a2beba7b1b,mb_qe16_direct_r3_s42_30812496,Sb2Te3Cr_1-6_qe_r3,94,5,0,True,-133596.32962311897,-133596.32962306184,5.713081918656826e-08,0.43780568272107695,1.819691,True,/Users/alina/Project/26MIgrationBench/cluster/mb_qe16_direct_r3_s42_30812496/neb.out,0.7669533791664105,1.0,30,6.099201161710495e-08,1.1945346274806756e-07
1b0ad52fe40f6af31568af0b8fa4b9fa8ac63418f4b8325cc3b4d86886cd69b4,1bd858386a54f0d3d859bf1ae96eed8f0dc962f42b9f983d105d8f70e4e71e73,44c91d7b780b981d70e477a9477f082c2ef0c1806ae5c1275ea7da4781448ad3,mb_qe16_direct_r3_s42_30812496,Sb2Te3Cr_1-6_qe_r3,95,1,0,True,-133597.1500230125,-133597.1500230125,0.0,0.3127942658103932,0.312794,True,/Users/alina/Project/26MIgrationBench/cluster/mb_qe16_direct_r3_s42_30812496/neb.out,0.0,0.0,31,6.833693910353517e-08,1.2654970801828647e-07
084a45c8c15ecd57adc12c232e9dff92daaef38a63d44947676ac9c0f7ff7127,5f6c2fed153282ad4fe73ac2fe959972efe2a80baccd8ae1686b18ce71582f16,38c2d9b314f8f874041aac124e6077fbeeb3fc50fc394b3f7320082f3a9caa04,mb_qe16_direct_r3_s42_30812496,Sb2Te3Cr_1-6_qe_r3,95,2,94,False,-133598.25582245569,-133598.2558224312,2.4476321414113045e-08,0.35918570473958555,0.309277,True,/Users/alina/Project/26MIgrationBench/cluster/mb_qe16_direct_r3_s42_30812496/neb.out,0.19694342156364264,0.2552653399547669,23,7.019878471650877e-08,1.2675539633189015e-07
542c9728999d51fed7ff7d73e9131de9f6075a6ef5f95bc293a66f9a4c802bb5,936709cbd52167a43d61d22be7ad21d1f489aeb29ef727eec8fc93a4e05c1e2d,106869a2da3877adab457bac320f6c1f7939c9a51408da403d7fec4868660aac,mb_qe16_direct_r3_s42_30812496,Sb2Te3Cr_1-6_qe_r3,95,3,94,False,-133597.6135938756,-133597.61359392188,4.627509042620659e-08,0.1783234051817532,0.308302,True,/Users/alina/Project/26MIgrationBench/cluster/mb_qe16_direct_r3_s42_30812496/neb.out,0.4544204838691553,0.5889904744027447,22,6.984196285851894e-08,1.2819521422180458e-07
114704901c5ae406fc14014dab951af0efdfeb4d8bb57f02e4a50d9aad8cde79,00d6ed6979745d3f95116e9e6e0bee68ab28776809347e25955da85bc7e5d319,b4220feaa3c821274c1e01d0df30502f6d3d15fcc6589f3aaf8367024f28ac8d,mb_qe16_direct_r3_s42_30812496,Sb2Te3Cr_1-6_qe_r3,95,4,94,False,-133597.4681345941,-133597.46813462948,3.5390257835388184e-08,0.33268388411591376,0.226047,True,/Users/alina/Project/26MIgrationBench/cluster/mb_qe16_direct_r3_s42_30812496/neb.out,0.6465498051100875,0.8380160885230749,21,7.01391064234333e-08,1.263440197879495e-07
b8c1679d25bb94f8f9b74c47e001661c037eb247178d46f63ba714b4e9be21f7,3c7d71256278b43f13581b4966687d58cc9522035f0c14a5ef405e50cad2e10d,3964c5f125dd97a12324dae72ba37fbf556e38c0bb69add29adeb1a2beba7b1b,mb_qe16_direct_r3_s42_30812496,Sb2Te3Cr_1-6_qe_r3,95,5,0,True,-133596.32962311897,-133596.32962306184,5.713081918656826e-08,0.43780568272107695,1.935256,True,/Users/alina/Project/26MIgrationBench/cluster/mb_qe16_direct_r3_s42_30812496/neb.out,0.7715243346336838,1.0,30,6.099201161710495e-08,1.1945346274806756e-07
5d0738e880a670dd763a5d879dc0513df5925d33999744c4520e5c7e0db26f01,543c498d7d6077e5f9e1d62c5aad77f809c77803b1f1ab78d7ed41887689dcd7,44c91d7b780b981d70e477a9477f082c2ef0c1806ae5c1275ea7da4781448ad3,mb_qe16_direct_r3_s42_30812496,Sb2Te3Cr_1-6_qe_r3,96,1,0,True,-133597.1500230125,-133597.1500230125,0.0,0.3127942658103932,0.312794,True,/Users/alina/Project/26MIgrationBench/cluster/mb_qe16_direct_r3_s42_30812496/neb.out,0.0,0.0,31,6.833693910353517e-08,1.2654970801828647e-07
b7cfef932bad63e98d99272d3278d833d718735354d13b1811d4383978c15a5c,5f1a827dbd5cb297ef61b61dff78bf91b481a0c289b371161d9557d128c0944b,d58b95d041b26f89304d8e9148b052d859572d34b5f61e40b571cb87dcf51e11,mb_qe16_direct_r3_s42_30812496,Sb2Te3Cr_1-6_qe_r3,96,2,95,False,-133598.26683680853,-133598.26683677587,3.2654497772455215e-08,0.3559561753371885,0.306698,True,/Users/alina/Project/26MIgrationBench/cluster/mb_qe16_direct_r3_s42_30812496/neb.out,0.19727051908583687,0.2552792100940037,21,7.085471118264175e-08,1.256241108446186e-07
3d05f1c07ab3e465a077b7f2cd9db3247c2b6d95b0e1fde9eb0b9faccb37bcb0,225a9df06be7ca2ba65cd2bbac6f152098aec3d46c8b6f6d161b85d484a4fb3e,b0076f81011845f2e9db06eb164494270243bfa33b1f4c48cfd022c2eee51243,mb_qe16_direct_r3_s42_30812496,Sb2Te3Cr_1-6_qe_r3,96,3,95,False,-133597.61240215297,-133597.6124021747,2.1740561351180077e-08,0.18618765986439859,0.297549,True,/Users/alina/Project/26MIgrationBench/cluster/mb_qe16_direct_r3_s42_30812496/neb.out,0.45499545077168607,0.5887898496319223,18,7.184435420312512e-08,1.28143792153812e-07
b104db86f00ab3f724808a3840e96abe12bc027dd259abcae23cf53d77cafd93,236a6bc20c830d1c0b8b8840478a6e6f8704ef6816cb14b852c9a1c890d93499,5fe5c68eac0200a704513ba4989f8841f69a7f37131e4f46146568460277556d,mb_qe16_direct_r3_s42_30812496,Sb2Te3Cr_1-6_qe_r3,96,4,95,False,-133597.4751420703,-133597.47514203764,3.2654497772455215e-08,0.32638612101014514,0.231844,True,/Users/alina/Project/26MIgrationBench/cluster/mb_qe16_direct_r3_s42_30812496/neb.out,0.6474843928589904,0.8378814286250116,19,7.570565382206095e-08,1.2834948041884342e-07
5e9803d00dc9bfcef4272fd490722fd1c42077b064d7840bb862e5ba69a45e4f,70cf5da1dda3a6721529a6abaa266f22b883ba3e7a8ee47b04e40fdff74fd048,3964c5f125dd97a12324dae72ba37fbf556e38c0bb69add29adeb1a2beba7b1b,mb_qe16_direct_r3_s42_30812496,Sb2Te3Cr_1-6_qe_r3,96,5,0,True,-133596.32962311897,-133596.32962306184,5.713081918656826e-08,0.43780568272107695,1.979592,True,/Users/alina/Project/26MIgrationBench/cluster/mb_qe16_direct_r3_s42_30812496/neb.out,0.7727637476361442,1.0,30,6.099201161710495e-08,1.1945346274806756e-07
ccebdfcfc52660673d6fc616eca67ce2b9698549327027ff0c8cee0d9cf549d8,79f98e11bcc85542407415ff4287c55d8ab3f1a0027a6c26fd6bd42bbf59e3b5,44c91d7b780b981d70e477a9477f082c2ef0c1806ae5c1275ea7da4781448ad3,mb_qe16_direct_r3_s42_30812496,Sb2Te3Cr_1-6_qe_r3,97,1,0,True,-133597.1500230125,-133597.1500230125,0.0,0.3127942658103932,0.312794,True,/Users/alina/Project/26MIgrationBench/cluster/mb_qe16_direct_r3_s42_30812496/neb.out,0.0,0.0,31,6.833693910353517e-08,1.2654970801828647e-07
da2fd72971647174df6ce9e32343b21090862f3968c11dcecedc1ce23f0f19d9,a1df892483a7522d736dabbca8bb76f087a35da89969051ed4fc51c2c6585e43,0145fa79f9a9a371768cf67ec6d2551256a346be73496079b8164d8777e447c6,mb_qe16_direct_r3_s42_30812496,Sb2Te3Cr_1-6_qe_r3,97,2,96,False,-133598.2698073395,-133598.26980731773,2.176966518163681e-08,0.35454652311916657,0.306279,True,/Users/alina/Project/26MIgrationBench/cluster/mb_qe16_direct_r3_s42_30812496/neb.out,0.19737037573846392,0.2552842904476508,19,7.049168382652332e-08,1.2783525974618178e-07
9e75d4b7bbb97ca392c50c376c383b2ae196ed6a11f16b51b09cb2d59c69fe23,b275dde7696f635c6a0ad801b0d46eba674a9bce595155de44ed5b2ec3cc6f0a,e0a5f7aca0cd061785ff2c6f867c60ca3a44849c8dac931e6fb3fa31c167d583,mb_qe16_direct_r3_s42_30812496,Sb2Te3Cr_1-6_qe_r3,97,3,96,False,-133597.61208908595,-133597.61208905058,3.536115400493145e-08,0.18678173181222862,0.295357,True,/Users/alina/Project/26MIgrationBench/cluster/mb_qe16_direct_r3_s42_30812496/neb.out,0.455165036606363,0.5887230186996587,14,7.507662576439941e-08,1.2804094801609212e-07
c14b9af1803799413a5d637dfc6556c98f9014a22ff338df62d7f275313b666a,faa9c2951546aee1126a20e86b0d2f1f32b7fffc0f550827c2f0a9c4abfd38cb,dd2eaa1d770b00f193a479437e9148841e1bd8fbc876d8e6e9b31e8e835a391e,mb_qe16_direct_r3_s42_30812496,Sb2Te3Cr_1-6_qe_r3,97,4,96,False,-133597.47706822827,-133597.47706827725,4.898174665868282e-08,0.3241781655515995,0.23303,True,/Users/alina/Project/26MIgrationBench/cluster/mb_qe16_direct_r3_s42_30812496/neb.out,0.6477598043907425,0.8378304060358209,14,7.197841098867228e-08,1.281437921607509e-07
3747627159d1307683d21091779349a7e499728bcddbd6aee44ca69c219f7e65,816d51c3e95022868fa27dccc20549d9e2c7d6cafeb84089f91d936030cf2269,3964c5f125dd97a12324dae72ba37fbf556e38c0bb69add29adeb1a2beba7b1b,mb_qe16_direct_r3_s42_30812496,Sb2Te3Cr_1-6_qe_r3,97,5,0,True,-133596.32962311897,-133596.32962306184,5.713081918656826e-08,0.43780568272107695,1.991888,True,/Users/alina/Project/26MIgrationBench/cluster/mb_qe16_direct_r3_s42_30812496/neb.out,0.7731395276707682,1.0,30,6.099201161710495e-08,1.1945346274806756e-07
39778d5879337743ba4c7d7e866e87fb881341e9310bfa67146bc2ee9a292a9d,0de23ce772651b0518eaf65fbd60988046e5923b473420a9ab80d9c961ef0732,44c91d7b780b981d70e477a9477f082c2ef0c1806ae5c1275ea7da4781448ad3,mb_qe16_direct_r3_s42_30812496,Sb2Te3Cr_1-6_qe_r3,98,1,0,True,-133597.1500230125,-133597.1500230125,0.0,0.3127942658103932,0.312794,True,/Users/alina/Project/26MIgrationBench/cluster/mb_qe16_direct_r3_s42_30812496/neb.out,0.0,0.0,31,6.833693910353517e-08,1.2654970801828647e-07
1cf093d93fde42b4bc4d29dd36324f6637b8fbdc0752849766ef4a9b6d63b445,22eb03c628f142467fedff3f892be57f92b8a51ba7568dcae9fe7f21d0011abc,8aea76ee6ab5b7b9c88128b17ba9eec4fe3430395aad183a9e3dff6c826db855,mb_qe16_direct_r3_s42_30812496,Sb2Te3Cr_1-6_qe_r3,98,2,97,False,-133598.27072585985,-133598.27072580814,5.171750672161579e-08,0.3536754580774869,0.304797,True,/Users/alina/Project/26MIgrationBench/cluster/mb_qe16_direct_r3_s42_30812496/neb.out,0.1975356573043435,0.2552938234749344,13,8.051995402313283e-08,1.2840090248835388e-07
cc7756134dbf291aad3dbcd4d779a104a84bc5ac3466e22de9e3daf026107ef6,6d0accdfadfcb1aa31e7c17b6be3e593ede68e3d35e48114bee76d689604f89c,bba34b45c6299ef098ac1931dd9964c4581d1d8e568089696b7f3ddbeb94f3e4,mb_qe16_direct_r3_s42_30812496,Sb2Te3Cr_1-6_qe_r3,98,3,97,False,-133597.6120216017,-133597.6120215881,1.359148882329464e-08,0.18984699309565914,0.302285,True,/Users/alina/Project/26MIgrationBench/cluster/mb_qe16_direct_r3_s42_30812496/neb.out,0.4554394638128706,0.5886070579096665,11,7.15307928344716e-08,1.2778383767894815e-07
359fbba0089725bbaa377ca7d173790fe887f01290f48fe3592188604fdf32f9,6f989076791f297b1b2035d9c8f66fb53c07644fb9349e281767d092b7766322,69358408cb336917571fc00ba5be1adc7315864725db6949a0bfffd8632cf15c,mb_qe16_direct_r3_s42_30812496,Sb2Te3Cr_1-6_qe_r3,98,4,97,False,-133597.4777002127,-133597.47770025622,4.351022653281689e-08,0.3218234296476257,0.252922,True,/Users/alina/Project/26MIgrationBench/cluster/mb_qe16_direct_r3_s42_30812496/neb.out,0.6482049881688037,0.837735991989431,11,6.939246176920382e-08,1.281952142166004e-07
0cbf2d61cefc43204b91bffce464b09b67e5d5957c69b6daf4afaa1615f7d6cd,4eb3d924504180157a9bb5d088f5866cea0d864d4b911012b30991f9f08bca86,3964c5f125dd97a12324dae72ba37fbf556e38c0bb69add29adeb1a2beba7b1b,mb_qe16_direct_r3_s42_30812496,Sb2Te3Cr_1-6_qe_r3,98,5,0,True,-133596.32962311897,-133596.32962306184,5.713081918656826e-08,0.43780568272107695,1.995886,True,/Users/alina/Project/26MIgrationBench/cluster/mb_qe16_direct_r3_s42_30812496/neb.out,0.7737580745808299,1.0,30,6.099201161710495e-08,1.1945346274806756e-07
e02dc94b9073bafdc1a2d17df6042448d5df365b12d37afddc4fc0a213935471,7efc56c57cb0bab509c758ffdb37f500418926fda23f5f69c087f309e6a900e8,44c91d7b780b981d70e477a9477f082c2ef0c1806ae5c1275ea7da4781448ad3,mb_qe16_direct_r3_s42_30812496,Sb2Te3Cr_1-6_qe_r3,99,1,0,True,-133597.1500230125,-133597.1500230125,0.0,0.3127942658103932,0.312794,True,/Users/alina/Project/26MIgrationBench/cluster/mb_qe16_direct_r3_s42_30812496/neb.out,0.0,0.0,31,6.833693910353517e-08,1.2654970801828647e-07
d31109c884d6f2296a5b208c03fa975fc4b89095e40130f43d4ef62b9e84b889,533e6421f751d8b81ce8a9288b26158c93e93343118d3dd706e98a392953b51c,81dc5849fcb6a613f8d3a2e75b1d67fb3642d6466cf14a916a0368a9ef5db4b5,mb_qe16_direct_r3_s42_30812496,Sb2Te3Cr_1-6_qe_r3,99,2,98,False,-133598.27223323457,-133598.27223321554,1.9033905118703842e-08,0.3528376497258224,0.302675,True,/Users/alina/Project/26MIgrationBench/cluster/mb_qe16_direct_r3_s42_30812496/neb.out,0.19797927131934406,0.25532052988738047,13,7.464069428051826e-08,1.274238832063069e-07
336359e8601a30738feab1b6c6316255ff5a7c07cb2db6bef6ae8da6823fc638,4e4e9e399b7f32239e00b4d9b436c517ca8838531cf4464df37d628552c77bf2,746b39e6b40f5e271bde9078ae2e777d45b01ba75e5d3c02990111db5bf3f776,mb_qe16_direct_r3_s42_30812496,Sb2Te3Cr_1-6_qe_r3,99,3,98,False,-133597.61192894695,-133597.6119289034,4.353933036327362e-08,0.1916893060221985,0.304409,True,/Users/alina/Project/26MIgrationBench/cluster/mb_qe16_direct_r3_s42_30812496/neb.out,0.4561709254179891,0.5882929138024245,11,7.490127666343179e-08,1.2824663629673605e-07
a1efb41cb6519165485b9687f7951a92203a7c2762574269b2c6fd79bb4025b0,67f6c82597afa96334e25275bae58127289c6fd142042ef3fa9f5d3df935e5bb,e1c062691cd0ccef99530c830c8a117e4b6fafe6b3f6934433a8c1ef4c01c720,mb_qe16_direct_r3_s42_30812496,Sb2Te3Cr_1-6_qe_r3,99,4,98,False,-133597.4787761509,-133597.478776121,2.991873770952225e-08,0.3197475178503044,0.26555,True,/Users/alina/Project/26MIgrationBench/cluster/mb_qe16_direct_r3_s42_30812496/neb.out,0.6493899496201946,0.837474473643884,11,6.687439240653076e-08,1.2829805835345293e-07
e6280b5c76ec740d75c19b0e4f8fea46a6de5acc05207f4c08f834b87c7a2388,d6f7fe2f28b9182a3f115ebfc1af906ff8d80aa3f1a6e0807e37a77f0b39226f,3964c5f125dd97a12324dae72ba37fbf556e38c0bb69add29adeb1a2beba7b1b,mb_qe16_direct_r3_s42_30812496,Sb2Te3Cr_1-6_qe_r3,99,5,0,True,-133596.32962311897,-133596.32962306184,5.713081918656826e-08,0.43780568272107695,2.002897,True,/Users/alina/Project/26MIgrationBench/cluster/mb_qe16_direct_r3_s42_30812496/neb.out,0.7754146186625529,1.0,30,6.099201161710495e-08,1.1945346274806756e-07
d26ce04317e91c843bed1b0fe16d7c3d8b13f2285ab7bc9f95b550f2dcf67348,60e322b3b21b8331f99fbe6408ec77f050b62ca899d825b9ec7d77425772e660,44c91d7b780b981d70e477a9477f082c2ef0c1806ae5c1275ea7da4781448ad3,mb_qe16_direct_r3_s42_30812496,Sb2Te3Cr_1-6_qe_r3,100,1,0,True,-133597.1500230125,-133597.1500230125,0.0,0.3127942658103932,0.312794,True,/Users/alina/Project/26MIgrationBench/cluster/mb_qe16_direct_r3_s42_30812496/neb.out,0.0,0.0,31,6.833693910353517e-08,1.2654970801828647e-07
2c47c528a036dcfc10a45222846f2b9abef4b60693782f1041a5d59018accb6d,6995ffb2d6a8012092e25c272acc8c92e9b7cf11fd244614ea0b551e2c34a280,850deb35d7f3556381cdb78c629d690923e75e18b900ada392df4f72c594b49e,mb_qe16_direct_r3_s42_30812496,Sb2Te3Cr_1-6_qe_r3,100,2,99,False,-133598.2762964388,-133598.27629649048,5.168840289115906e-08,0.35102626050892843,0.300039,True,/Users/alina/Project/26MIgrationBench/cluster/mb_qe16_direct_r3_s42_30812496/neb.out,0.19970881114813174,0.2554223111072827,20,7.390046706829449e-08,1.2845232455585857e-07
8f85e2e0da29c0829b35778ee5769e12c2f0ff7812a8db27358a77aea9848004,76ca0e737e219a043c97814ba6d6b913b058a8c28f912a2f450e417ba0cdf24a,c826cad018b50bb51ca268064ef4ef95b206add472b06a9edfd8162fa10547c0,mb_qe16_direct_r3_s42_30812496,Sb2Te3Cr_1-6_qe_r3,100,3,99,False,-133597.61173084806,-133597.61173078275,6.530899554491043e-08,0.18783496446934028,0.293713,True,/Users/alina/Project/26MIgrationBench/cluster/mb_qe16_direct_r3_s42_30812496/neb.out,0.45902950330653525,0.5870866484404492,13,7.147107621499479e-08,1.2716677286889189e-07
679888d0862e89919eb680f8ed75e6a54baeb75e801fe0653f7ac6650ae9da26,baf6ed6a3a91ef8802836ed266b313ac77fe86965c4afa1b7283921761b38383,3b22466c37d98680edf71d6d9bb610d055ba84bf1280884793b9a52a02c4981c,mb_qe16_direct_r3_s42_30812496,Sb2Te3Cr_1-6_qe_r3,100,4,99,False,-133597.4817928052,-133597.48179284055,3.536115400493145e-08,0.32114362084012116,0.232242,True,/Users/alina/Project/26MIgrationBench/cluster/mb_qe16_direct_r3_s42_30812496/neb.out,0.6540158067374426,0.8364689965214601,15,7.334163981628013e-08,1.2351580608305213e-07
dffb87ebb2526557feb5d00ef3d16730800cae80c05a96c7065b44594cb4021e,a55b455acad77e917a3d7223fbf8a2bf3b7995bfd52d57774245787242f992f5,3964c5f125dd97a12324dae72ba37fbf556e38c0bb69add29adeb1a2beba7b1b,mb_qe16_direct_r3_s42_30812496,Sb2Te3Cr_1-6_qe_r3,100,5,0,True,-133596.32962311897,-133596.32962306184,5.713081918656826e-08,0.43780568272107695,2.022127,True,/Users/alina/Project/26MIgrationBench/cluster/mb_qe16_direct_r3_s42_30812496/neb.out,0.7818769248558317,1.0,30,6.099201161710495e-08,1.1945346274806756e-07
88306ca730c11cb0c134616b801e5a1454a9338ff119fc9e3a15439753d5873f,4bfb4d558ae9baaf2c81529d07b25f4f88254738f1f157ff34ebb4a7f18540fd,44c91d7b780b981d70e477a9477f082c2ef0c1806ae5c1275ea7da4781448ad3,mb_qe16_direct_r3_s42_30812496,Sb2Te3Cr_1-6_qe_r3,101,1,0,True,-133597.1500230125,-133597.1500230125,0.0,0.3127942658103932,0.312794,True,/Users/alina/Project/26MIgrationBench/cluster/mb_qe16_direct_r3_s42_30812496/neb.out,0.0,0.0,31,6.833693910353517e-08,1.2654970801828647e-07
9850786de846fe98cfc907b4d2ea8737342c90dc623a3cf9a865f43609d22c08,f81c53985ead08d39b86ccb9c4755521db7d9b75dfca0a09d0639414c8f746de,bb2c891922e0c1327a81f85ab92b8f8b2b605afeec90cc2bcf71ee468880a9e0,mb_qe16_direct_r3_s42_30812496,Sb2Te3Cr_1-6_qe_r3,101,2,100,False,-133598.2919201283,-133598.2919201691,4.080357030034065e-08,0.34091058301618776,0.285759,True,/Users/alina/Project/26MIgrationBench/cluster/mb_qe16_direct_r3_s42_30812496/neb.out,0.20509887807282506,0.25572273949943,23,7.202837996511567e-08,1.2834948041884342e-07
78333fe7ce807a272da156ca42313d40245159c29dfeaca09c5447c25441007b,a90304c0eb4fb61b4bb5dd1533bc09745c08578167dba88308735b35ec7c6714,e8c39fe704b9a15132b9b3c138c83b2847de995f4ac31aa9b216ead42f145611,mb_qe16_direct_r3_s42_30812496,Sb2Te3Cr_1-6_qe_r3,101,3,100,False,-133597.6108569544,-133597.61085692444,2.994784153997898e-08,0.20217155823044178,0.272619,True,/Users/alina/Project/26MIgrationBench/cluster/mb_qe16_direct_r3_s42_30812496/neb.out,0.46803155232262617,0.5835541952092755,20,8.017773147281495e-08,1.2840090248829967e-07
03b7767e82a9eb67edc4a913d446244dd3786bfb9dcaee53075ead7ad90fffa2,21d603ce950208f018d104172b55268cb8028eb6b7208637be41075497d08ecf,99a11474ef9a8e9d71995157f7ee70a7c744761f28216b3e163d313f7353c348,mb_qe16_direct_r3_s42_30812496,Sb2Te3Cr_1-6_qe_r3,101,4,100,False,-133597.49323696186,-133597.49323693465,2.7212081477046013e-08,0.31165528227181954,0.231527,True,/Users/alina/Project/26MIgrationBench/cluster/mb_qe16_direct_r3_s42_30812496/neb.out,0.6685423012872822,0.833556333232273,19,7.516429032355051e-08,1.2793810388119116e-07
81fdf8d62eb858724805eccfbf18dae7b54cbbc209bc2b2eebd4791a71ecfa46,a6f16f422e8b665f2e3227e8e7e8c5e23bae5a18d4e63454a2bb3129ed3212fc,3964c5f125dd97a12324dae72ba37fbf556e38c0bb69add29adeb1a2beba7b1b,mb_qe16_direct_r3_s42_30812496,Sb2Te3Cr_1-6_qe_r3,101,5,0,True,-133596.32962311897,-133596.32962306184,5.713081918656826e-08,0.43780568272107695,2.097193,True,/Users/alina/Project/26MIgrationBench/cluster/mb_qe16_direct_r3_s42_30812496/neb.out,0.8020361367718034,1.0,30,6.099201161710495e-08,1.1945346274806756e-07
8d32508d5feb1cbba43ca9c0942a70c8e66b39e8d7b0fd9b6f1235d09e21e5d2,60eeeded4fd4ed755f085e588ca522a5c45eedf3a03a6b202caea917647b7046,44c91d7b780b981d70e477a9477f082c2ef0c1806ae5c1275ea7da4781448ad3,mb_qe16_direct_r3_s42_30812496,Sb2Te3Cr_1-6_qe_r3,102,1,0,True,-133597.1500230125,-133597.1500230125,0.0,0.3127942658103932,0.312794,True,/Users/alina/Project/26MIgrationBench/cluster/mb_qe16_direct_r3_s42_30812496/neb.out,0.0,0.0,31,6.833693910353517e-08,1.2654970801828647e-07
8a102c1a190585ad3f0555ac81cb132dc05c96ae34557ff309e0fc14bab84984,8875be12c46d2f195cdbed6b8e7ccd09a6039601044afda4df555d6bfc7fb072,6661ecaf00245e5ec71a9065ead2687992a863f909b68ec450c360ac2015a04f,mb_qe16_direct_r3_s42_30812496,Sb2Te3Cr_1-6_qe_r3,102,2,101,False,-133598.3385675193,-133598.3385675601,4.080357030034065e-08,0.3064128908083059,0.239953,True,/Users/alina/Project/26MIgrationBench/cluster/mb_qe16_direct_r3_s42_30812496/neb.out,0.20822289277634315,0.2558853413863319,29,7.036585851976742e-08,1.276295714808251e-07
6cd78d1d3f2ad54acf7a691645114e660e4e07745a9f3cc3d7acac2f937648f2,9f4f44305c8baec1a01ceef9eda7ae58c3fabd57f07fb6f7ce74715a18f6bb92,3b674b4b9b016b01e6ad591a98f7d5a78742210a190494077688173041aefed8,mb_qe16_direct_r3_s42_30812496,Sb2Te3Cr_1-6_qe_r3,102,3,101,False,-133597.60686000992,-133597.6068600453,3.5390257835388184e-08,0.23558316532157866,0.224327,True,/Users/alina/Project/26MIgrationBench/cluster/mb_qe16_direct_r3_s42_30812496/neb.out,0.473309816495102,0.5816509527866444,23,7.662311580785953e-08,1.274238832062527e-07
292ce7cd3600be547cd5952f61f93685a21d5bd11d80053455d86facb2b025e4,076b6948a280d0ca8f16b64b2a8d42ce3c8f66ce120fad80380225e8d2fd4ecf,526dd371c2cb910af201fcff03d12a6f2298cff0f7724871274b564ce59359fb,mb_qe16_direct_r3_s42_30812496,Sb2Te3Cr_1-6_qe_r3,102,4,101,False,-133597.52626559825,-133597.52626554653,5.171750672161579e-08,0.27152974319293305,0.224396,True,/Users/alina/Project/26MIgrationBench/cluster/mb_qe16_direct_r3_s42_30812496/neb.out,0.6770300505374469,0.8320029719146362,24,7.28742237813794e-08,1.285551686873443e-07
413ad63e8a6d7182d87dac953b3b54f0f1ed2f3c11469150167ed2fa7cd4494d,b2abe081e2e93c3ed16e9895e401ca970d3a3a164a9d525d517114639d9cd5ea,3964c5f125dd97a12324dae72ba37fbf556e38c0bb69add29adeb1a2beba7b1b,mb_qe16_direct_r3_s42_30812496,Sb2Te3Cr_1-6_qe_r3,102,5,0,True,-133596.32962311897,-133596.32962306184,5.713081918656826e-08,0.43780568272107695,2.333129,True,/Users/alina/Project/26MIgrationBench/cluster/mb_qe16_direct_r3_s42_30812496/neb.out,0.8137351348390501,1.0,30,6.099201161710495e-08,1.1945346274806756e-07
e337d5212b1e5b8354c6708452cd28fba5c404578205753c1c0721f055e8e288,1ace4bf0b0ccf4a9599fac22a73d6bfad8448dd41d7e568f48fd3fa3ad11ce2c,44c91d7b780b981d70e477a9477f082c2ef0c1806ae5c1275ea7da4781448ad3,mb_qe16_direct_r3_s42_30812496,Sb2Te3Cr_1-6_qe_r3,103,1,0,True,-133597.1500230125,-133597.1500230125,0.0,0.3127942658103932,0.312794,True,/Users/alina/Project/26MIgrationBench/cluster/mb_qe16_direct_r3_s42_30812496/neb.out,0.0,0.0,31,6.833693910353517e-08,1.2654970801828647e-07
169a1219efc1993f2f61f862a4df4ce40b578be9f0af19f7992aa307a7bde3d1,d5c08bc5398c337076c537629c47e29ff275a95dadb94a815a62e8b6150ad6b0,5cc21985d5e37b5002b0fc362d6b6178d1cb61033c97c33118aa91291d766d96,mb_qe16_direct_r3_s42_30812496,Sb2Te3Cr_1-6_qe_r3,103,2,102,False,-133598.3642603741,-133598.36426041223,3.812601789832115e-08,0.2850976334888017,0.232197,True,/Users/alina/Project/26MIgrationBench/cluster/mb_qe16_direct_r3_s42_30812496/neb.out,0.2093596413039997,0.2559418690528309,24,7.183854009007994e-08,1.2721819493341502e-07
af59de557ed8e8f2a4722760190ab278edce99277820a8e5671f6e5ea3995467,90cf91458999f7be4a110ca608beb41ce0f7611930cbea2c60d77c2a4ea29a97,52ec31a940c693a9be2c3d7bfd006a2bb13670231f2bf8bcb5fd37ad98dbc559,mb_qe16_direct_r3_s42_30812496,Sb2Te3Cr_1-6_qe_r3,103,3,102,False,-133597.60390852691,-133597.6039085242,2.7066562324762344e-09,0.25048306852931246,0.202646,True,/Users/alina/Project/26MIgrationBench/cluster/mb_qe16_direct_r3_s42_30812496/neb.out,0.4752393110808622,0.5809793939644654,21,7.428590314288799e-08,1.276295714738862e-07
24e2ae78a76fb4aa454fce93a1aa5f519fe48756226ebf8583af4d19e0974cee,c5dc94bb3ca22add6768a9c81e267a612fadfac360d8b66d104b1ba24e0e6ba1,618f2b0ef2051b293421864ebf227061ed716f22ed3ff89784700c1a278bddaf,mb_qe16_direct_r3_s42_30812496,Sb2Te3Cr_1-6_qe_r3,103,4,102,False,-133597.54361095218,-133597.54361092226,2.991873770952225e-08,0.2439153659700907,0.220002,True,/Users/alina/Project/26MIgrationBench/cluster/mb_qe16_direct_r3_s42_30812496/neb.out,0.6801245860573161,0.8314513564318323,22,6.956383294074244e-08,1.277838376787313e-07
fbf2107567f432d7178675c4907d414d9b23ddd80d14d8be50174b73529fb89d,7d2ca2d6d13126304e93cd71f02f4bd32a09b6e800fef52c72bef98069d5f28f,3964c5f125dd97a12324dae72ba37fbf556e38c0bb69add29adeb1a2beba7b1b,mb_qe16_direct_r3_s42_30812496,Sb2Te3Cr_1-6_qe_r3,103,5,0,True,-133596.32962311897,-133596.32962306184,5.713081918656826e-08,0.43780568272107695,2.471425,True,/Users/alina/Project/26MIgrationBench/cluster/mb_qe16_direct_r3_s42_30812496/neb.out,0.8179968446693815,1.0,30,6.099201161710495e-08,1.1945346274806756e-07
4d1d482b93b898cc65a27b18f386286b220ccaa2c1de0fe0d6014153d1799d8f,5ae09786a59e7547db05f919aa43157ee6a9ace5fd7ba9ca6aa28fb81aa308e4,44c91d7b780b981d70e477a9477f082c2ef0c1806ae5c1275ea7da4781448ad3,mb_qe16_direct_r3_s42_30812496,Sb2Te3Cr_1-6_qe_r3,104,1,0,True,-133597.1500230125,-133597.1500230125,0.0,0.3127942658103932,0.312794,True,/Users/alina/Project/26MIgrationBench/cluster/mb_qe16_direct_r3_s42_30812496/neb.out,0.0,0.0,31,6.833693910353517e-08,1.2654970801828647e-07
aff1ff6e039a9227f0f73a83f946e34c988c7262519e1b3a7a630d96987797b0,d004e0c58ae745b1329a488b1f1baf8dc9670f71ec3d54074ffcf8548fdf4d7a,13c4c581f0e5b90b367968d3399f6f47d5a3d9643a991c812648917aab146a2b,mb_qe16_direct_r3_s42_30812496,Sb2Te3Cr_1-6_qe_r3,104,2,103,False,-133598.3734088422,-133598.37340886393,2.1740561351180077e-08,0.2767329286745202,0.230802,True,/Users/alina/Project/26MIgrationBench/cluster/mb_qe16_direct_r3_s42_30812496/neb.out,0.20964775776721076,0.25595528108972315,21,7.472606969630218e-08,1.2850374662325484e-07
fdd43499195fd58f42d6591a2e032516bd7febd2bcb9da5f51cfa687b4455dc5,8dd773c05a9c55d572287f09e85c5878146ed3ab29fb73f945e1e3045281c0a5,fe22ff0fede56f07b07ed42000508ae890d17ae1c61c0a8ca2066b82d45c84f1,mb_qe16_direct_r3_s42_30812496,Sb2Te3Cr_1-6_qe_r3,104,3,103,False,-133597.6028032004,-133597.60280316503,3.536115400493145e-08,0.255146646107282,0.196513,True,/Users/alina/Project/26MIgrationBench/cluster/mb_qe16_direct_r3_s42_30812496/neb.out,0.4757274982569202,0.5808073829898363,17,7.541131884916791e-08,1.2793810388184168e-07
1309c9cc5bd9a086376d65ceda138d919e08e79125b2eaf8ca58cf49d8e76f43,f86a109faa504d2a9560c28a8485e6968fd7d5e48ede389635164079095f3b6e,b07b598187d48025d13fe4a0a7020781de85940703879cb267bfc6cfec5d9210,mb_qe16_direct_r3_s42_30812496,Sb2Te3Cr_1-6_qe_r3,104,4,103,False,-133597.54963609733,-133597.54963610278,5.4424162954092026e-09,0.23272114959922885,0.21838,True,/Users/alina/Project/26MIgrationBench/cluster/mb_qe16_direct_r3_s42_30812496/neb.out,0.6809033470861101,0.8313029886629031,20,7.29198327291053e-08,1.2855516868907901e-07
4d22eabedad149db1462f2df88ebe1947dbda10ed16a4d23101c7d3c711cde46,d563b09dd2eb872e9c3941c7e14d90a11828953c345d2c64527f095a96bbdaac,3964c5f125dd97a12324dae72ba37fbf556e38c0bb69add29adeb1a2beba7b1b,mb_qe16_direct_r3_s42_30812496,Sb2Te3Cr_1-6_qe_r3,104,5,0,True,-133596.32962311897,-133596.32962306184,5.713081918656826e-08,0.43780568272107695,2.522285,True,/Users/alina/Project/26MIgrationBench/cluster/mb_qe16_direct_r3_s42_30812496/neb.out,0.8190796332650012,1.0,30,6.099201161710495e-08,1.1945346274806756e-07
c0710b91b24ff9b4f13dc5b874279df47419509e8fc5c32e65e6b30bef0a70b0,749975f2faebff34654a823bbd05bc00a46ef5aceddc861f4d985df523a331f2,44c91d7b780b981d70e477a9477f082c2ef0c1806ae5c1275ea7da4781448ad3,mb_qe16_direct_r3_s42_30812496,Sb2Te3Cr_1-6_qe_r3,105,1,0,True,-133597.1500230125,-133597.1500230125,0.0,0.3127942658103932,0.312794,True,/Users/alina/Project/26MIgrationBench/cluster/mb_qe16_direct_r3_s42_30812496/neb.out,0.0,0.0,31,6.833693910353517e-08,1.2654970801828647e-07
6de525eaef7f8584008d24b7f7eef3792bfb2f992810cf942b1c1584999e9837,67a84704423aba9342574058659f58513f411822ecef046bcba7918ba83a2feb,af7d65c9a700dc670197573a398fa7443ba0f032372f85727fabf9048e5cd8c1,mb_qe16_direct_r3_s42_30812496,Sb2Te3Cr_1-6_qe_r3,105,2,104,False,-133598.37573595994,-133598.37573596265,2.7066562324762344e-09,0.2750686948805283,0.231583,True,/Users/alina/Project/26MIgrationBench/cluster/mb_qe16_direct_r3_s42_30812496/neb.out,0.2097390638590994,0.25595879804925953,17,7.851236693213247e-08,1.28400902486836e-07
4b6d5c2ce983285116ebcd746e745fb304f77885b47d6530eed8d1653352682c,47ea8a928e0a0f87cb5908201fe311a4650f4fb28c454e64a61bd9cf212ce52d,4d79c8a04731c5b24e4dd4735def47e0d1a003fd73ff1baeef08f0cb18384fd4,mb_qe16_direct_r3_s42_30812496,Sb2Te3Cr_1-6_qe_r3,105,3,104,False,-133597.60257680167,-133597.6025767418,5.986657924950123e-08,0.2562862340959473,0.195243,True,/Users/alina/Project/26MIgrationBench/cluster/mb_qe16_direct_r3_s42_30812496/neb.out,0.47588053105799066,0.5807492724696937,12,7.488749869751736e-08,1.2840090248813704e-07
efdcfac03a95b38064a75e0b5977c6ea2aa5c787acddbcfba7bf66f87df334c0,a73e93da36c3f89fbffc7a98d36bb8931636b6c47fe23247b3a9a28adc30f50b,a6ab0eccffe9b8938e2ccc3374dba34640fe50d509a896725ee2818fcaffafc6,mb_qe16_direct_r3_s42_30812496,Sb2Te3Cr_1-6_qe_r3,105,4,104,False,-133597.55119585397,-133597.55119585397,0.0,0.23097316615249106,0.218338,True,/Users/alina/Project/26MIgrationBench/cluster/mb_qe16_direct_r3_s42_30812496/neb.out,0.6811435111170416,0.8312456020195332,14,7.215978674352932e-08,1.280923700835155e-07
067497c8a4a5d48e00cf35048146424c8bd11049fa38e9fb0a8df8da35937c06,418961125ade5427a2af260b137b6fb45f244fff77c5760516d2773bb4acc9f0,3964c5f125dd97a12324dae72ba37fbf556e38c0bb69add29adeb1a2beba7b1b,mb_qe16_direct_r3_s42_30812496,Sb2Te3Cr_1-6_qe_r3,105,5,0,True,-133596.32962311897,-133596.32962306184,5.713081918656826e-08,0.43780568272107695,2.535492,True,/Users/alina/Project/26MIgrationBench/cluster/mb_qe16_direct_r3_s42_30812496/neb.out,0.8194251006708311,1.0,30,6.099201161710495e-08,1.1945346274806756e-07
6520653989b14b4de058a6deffa7e4e5522e88b9e414e542b05765aef738d0a9,836f4abb9d20b7fbd9e4acb9c614dfe8c6d69c614f8bca83a0071fbc50f9c275,44c91d7b780b981d70e477a9477f082c2ef0c1806ae5c1275ea7da4781448ad3,mb_qe16_direct_r3_s42_30812496,Sb2Te3Cr_1-6_qe_r3,106,1,0,True,-133597.1500230125,-133597.1500230125,0.0,0.3127942658103932,0.312794,True,/Users/alina/Project/26MIgrationBench/cluster/mb_qe16_direct_r3_s42_30812496/neb.out,0.0,0.0,31,6.833693910353517e-08,1.2654970801828647e-07
0fc62799f65ab5756f47c3965f615dde7be9b67b15a310043db646fbe4878ee3,ce030dc539199570c5150e93d09af5115abbe8ebb81bdf42d51e4d8247b72c60,bfc429dd51b578c6722b878fd31cb129f7b072a6e81130fff73a8241dc897454,mb_qe16_direct_r3_s42_30812496,Sb2Te3Cr_1-6_qe_r3,106,2,105,False,-133598.3765157022,-133598.37651566954,3.2654497772455215e-08,0.2741698497253122,0.230403,True,/Users/alina/Project/26MIgrationBench/cluster/mb_qe16_direct_r3_s42_30812496/neb.out,0.20989599402475556,0.2559641918700931,13,6.885656740352648e-08,1.2814379215207727e-07
4e25b341bab0d1ff5e5509be8fe6bf51a542a4ad004705812dd82f6822df7f2f,d152cfe3c312e3f525c07841b09ccef90ef688bf051cbf69d77ec0be65d60c98,abf8cbc469f38c1890ec3d546bd6cd22ed02c46f67388a676e5aa09581cff26f,mb_qe16_direct_r3_s42_30812496,Sb2Te3Cr_1-6_qe_r3,106,3,105,False,-133597.60255843398,-133597.60255847208,3.809691406786442e-08,0.2569793469486201,0.198171,True,/Users/alina/Project/26MIgrationBench/cluster/mb_qe16_direct_r3_s42_30812496/neb.out,0.4761422753277922,0.580646492496143,11,7.135034551098098e-08,1.2855516869092216e-07
c946183c479d7c54597b40277e1b46ed5fdd0d7a47c55462fcdd0287caddffb3,18374bcb716e86e6f8e83549bfd445a5430b16cf30e68299bb0d8796544b1479,a90e6f5fbf0c26bb0712dfe5b1afc9e84a6c1a4daf71ced0835fe28c75693be0,mb_qe16_direct_r3_s42_30812496,Sb2Te3Cr_1-6_qe_r3,106,4,105,False,-133597.5517366803,-133597.55173665853,2.176966518163681e-08,0.21306852427916578,0.230487,True,/Users/alina/Project/26MIgrationBench/cluster/mb_qe16_direct_r3_s42_30812496/neb.out,0.6815492730352527,0.8311364383235568,11,7.144317832576233e-08,1.27886681820788e-07
0e414da9650c52c1e59bbd46767892bf0ccfab7ba4caabc8eb7e7df4856f099b,f9e71d6fda97cef3f7b2571fe209e6c3e38e3d095f8b65d7cc07f386125ac41e,3964c5f125dd97a12324dae72ba37fbf556e38c0bb69add29adeb1a2beba7b1b,mb_qe16_direct_r3_s42_30812496,Sb2Te3Cr_1-6_qe_r3,106,5,0,True,-133596.32962311897,-133596.32962306184,5.713081918656826e-08,0.43780568272107695,2.539978,True,/Users/alina/Project/26MIgrationBench/cluster/mb_qe16_direct_r3_s42_30812496/neb.out,0.8200209275025545,1.0,30,6.099201161710495e-08,1.1945346274806756e-07
83343ddc18fcb15dc4a54f698da726d5fd2150ed30a61519519c93f7b04c10d7,60dffe5c79284cc795146b035776725c105ac767fc0a4a7611037abec2d98deb,44c91d7b780b981d70e477a9477f082c2ef0c1806ae5c1275ea7da4781448ad3,mb_qe16_direct_r3_s42_30812496,Sb2Te3Cr_1-6_qe_r3,107,1,0,True,-133597.1500230125,-133597.1500230125,0.0,0.3127942658103932,0.312794,True,/Users/alina/Project/26MIgrationBench/cluster/mb_qe16_direct_r3_s42_30812496/neb.out,0.0,0.0,31,6.833693910353517e-08,1.2654970801828647e-07
384e9b4cc0ce0a9aa3a0e873071753d43562f47b3bd051d322d5530b3c0f0fc0,bbbb1ec998151cd9d22596257872e7cb30ab659cb268c3af9800b579d22f1731,c226b45de2a71240324bc394e7f9e6b4caaf564bbedf1424f3ffc07e40805485,mb_qe16_direct_r3_s42_30812496,Sb2Te3Cr_1-6_qe_r3,107,2,106,False,-133598.37786946868,-133598.3778694442,2.4476321414113045e-08,0.2727648807785005,0.230428,True,/Users/alina/Project/26MIgrationBench/cluster/mb_qe16_direct_r3_s42_30812496/neb.out,0.21034187891972125,0.2559784404504268,13,7.268100399576989e-08,1.280923700840847e-07
1564a025c42184ab2883a3709f7f3ec8badd8d29d10c4e8838648b6c6afa6db5,2049111dbd5da9ac9c2ee86d1af517218dad040c17b442fea126bda4260921fc,133a0f8f7b3871ecbfea4d7ea964aa71cb28c1ad7e9eecbc891fa6d125cac4fa,mb_qe16_direct_r3_s42_30812496,Sb2Te3Cr_1-6_qe_r3,107,3,106,False,-133597.60256823007,-133597.60256824913,1.9063008949160576e-08,0.25720584895909554,0.201026,True,/Users/alina/Project/26MIgrationBench/cluster/mb_qe16_direct_r3_s42_30812496/neb.out,0.47688545291297835,0.5803523061460794,11,7.594330957810907e-08,1.2840090249030545e-07
975ec0863d471959e68ed8bce48ddca35c7b8dc4aecafa656c8eeb1344fb2f3e,8d2b8ce3f2c6c33946ec906446ad5a2afecb58e48c64abc28b579dde12ead028,1156d10187d2a6a8aa30e68118d948047c4fb56d5c2b11070ec1becb7061ea27,mb_qe16_direct_r3_s42_30812496,Sb2Te3Cr_1-6_qe_r3,107,4,106,False,-133597.55273941986,-133597.55273947428,5.4424162954092026e-08,0.22871892581332462,0.218438,True,/Users/alina/Project/26MIgrationBench/cluster/mb_qe16_direct_r3_s42_30812496/neb.out,0.6826977313539774,0.8308183870399514,12,7.93949640513486e-08,1.2670397426216284e-07
a75e4316988d9939a51a8bcae3700a6e78dfac6320b57e7a8f0466f61fa6904b,fade9a9def64b97d9f56d13785a26a8eb14790ca9151d8ec4f5b2f678872db77,3964c5f125dd97a12324dae72ba37fbf556e38c0bb69add29adeb1a2beba7b1b,mb_qe16_direct_r3_s42_30812496,Sb2Te3Cr_1-6_qe_r3,107,5,0,True,-133596.32962311897,-133596.32962306184,5.713081918656826e-08,0.43780568272107695,2.54809,True,/Users/alina/Project/26MIgrationBench/cluster/mb_qe16_direct_r3_s42_30812496/neb.out,0.8217171670770314,1.0,30,6.099201161710495e-08,1.1945346274806756e-07
1038776d727ad950cf0fd38b580011c83c854798f2afc084c3eff26209dcc2d5,6b4ec408ca00d59e803cec975842009b50037263ecf6e288a136567aabeaf260,44c91d7b780b981d70e477a9477f082c2ef0c1806ae5c1275ea7da4781448ad3,mb_qe16_direct_r3_s42_30812496,Sb2Te3Cr_1-6_qe_r3,108,1,0,True,-133597.1500230125,-133597.1500230125,0.0,0.3127942658103932,0.312794,True,/Users/alina/Project/26MIgrationBench/cluster/mb_qe16_direct_r3_s42_30812496/neb.out,0.0,0.0,31,6.833693910353517e-08,1.2654970801828647e-07
40d86c75da0d6beaccb219e783b9ec1ad08cb96c9a65f260920fb4a09c1b119d,3bfb11d5e1563a1ab544c3dd8a3e930b06111cb88b19feab83420e619db1a5ad,464b931ba186ae93b4b1338b42b4b3b13ed89f7b4d7bf1dcb566dffaa42af68f,mb_qe16_direct_r3_s42_30812496,Sb2Te3Cr_1-6_qe_r3,108,2,107,False,-133598.38175960843,-133598.381759652,4.3568434193730354e-08,0.2706188077607054,0.228572,True,/Users/alina/Project/26MIgrationBench/cluster/mb_qe16_direct_r3_s42_30812496/neb.out,0.21213863759219326,0.2560322248349611,19,7.120062877873833e-08,1.28143792153812e-07
b201046d5648f7dba31de8f0f1608f779506ca941f7898f3d0760562f07c81f7,601375b7f2c261490b7a6966b3c6e6efffc3446ad66e5e19ba60942898a3b813,aa36c679fdf8dce83a9df4b0328f49973f21e3aa1d67006876ed1eebca984090,mb_qe16_direct_r3_s42_30812496,Sb2Te3Cr_1-6_qe_r3,108,3,107,False,-133597.60265857188,-133597.60265859638,2.450542524456978e-08,0.25655608776770333,0.192114,True,/Users/alina/Project/26MIgrationBench/cluster/mb_qe16_direct_r3_s42_30812496/neb.out,0.47988484896587025,0.5791777817556915,16,7.547391273226696e-08,1.2773241560987136e-07
f90947e4eb06d2398d9fd1c7171f1a97a4f7ba9b110b620d2d1f9e2d28f140b5,1a83277e90fc6839ac2833f28df832976436c8278af33559d0f760383d86fd23,90a52e0e6762bfca96675159598cc36ff476fff166c46b383a9e9f8e0e256d95,mb_qe16_direct_r3_s42_30812496,Sb2Te3Cr_1-6_qe_r3,108,4,107,False,-133597.55561620762,-133597.5556161532,5.4424162954092026e-08,0.22799633069092914,0.214298,True,/Users/alina/Project/26MIgrationBench/cluster/mb_qe16_direct_r3_s42_30812496/neb.out,0.6873383613129455,0.8295554824843745,14,7.695341701299975e-08,1.2840090248813704e-07
d2d003638c437aa37d36012ca7966d8d71eb7eb2874be88a50095116a8b0fc4b,c372e33b9fa5ac6e8511b53f87b97641249f8121c8c89b212750fb48f334619f,3964c5f125dd97a12324dae72ba37fbf556e38c0bb69add29adeb1a2beba7b1b,mb_qe16_direct_r3_s42_30812496,Sb2Te3Cr_1-6_qe_r3,108,5,0,True,-133596.32962311897,-133596.32962306184,5.713081918656826e-08,0.43780568272107695,2.571356,True,/Users/alina/Project/26MIgrationBench/cluster/mb_qe16_direct_r3_s42_30812496/neb.out,0.8285622551182309,1.0,30,6.099201161710495e-08,1.1945346274806756e-07
01c7742b9f781946c76238ab98e2e97c27aaa6d6a37b2569a6d52e3bd66c5312,26a6ef2da23b47233f1af88c46201c542f200f66973ff1ade08c00b320179bcc,44c91d7b780b981d70e477a9477f082c2ef0c1806ae5c1275ea7da4781448ad3,mb_qe16_direct_r3_s42_30812496,Sb2Te3Cr_1-6_qe_r3,109,1,0,True,-133597.1500230125,-133597.1500230125,0.0,0.3127942658103932,,False,,0.0,0.0,31,6.833693910353517e-08,1.2654970801828647e-07
07e75e34e88b4d45b1fd7b22ae53131831ffa5d0bda1d3a43739ece753028336,9e5145834fa50e1dbbce2a02ab57ffb8973486b5dca12984274c603aa009d42c,65a6a7a697bf45667171321aeb95e6c8fdf56438b4032dd79b58b3bf886fd371,mb_qe16_direct_r3_s42_30812496,Sb2Te3Cr_1-6_qe_r3,109,2,108,False,-133598.39726710535,-133598.39726705637,4.898174665868282e-08,0.26084150974171294,,False,,0.21708706842579076,0.2561611826971255,23,7.509270379267155e-08,1.2793810388878057e-07
09b4ba9db1b11411cd88f089cad4a91c201906e7c73c1924ae114017b1587ca9,297503da171893b6837a388d87ffb2cef2fd26790fa7c3c94871a007c546fd20,c6335cd6b5f13b7498ba7ecc96b243356f67fe4d9b2274112318e9da09c6e435,mb_qe16_direct_r3_s42_30812496,Sb2Te3Cr_1-6_qe_r3,109,3,108,False,-133597.60307150468,-133597.60307146114,4.353933036327362e-08,0.2570972849348024,,False,,0.48819543556589906,0.5760671101634436,21,7.874419448876531e-08,1.282980583543203e-07
b08b432d96d9e5b7f419355caecc53229a6e4c007584a3e8250bf4d7ab9282d4,af2c4a9b5136b8c15bba717233a0f34b82ffef0b80170e36bf3d1fb8edb8e3f2,951e79a4187bf999d01383101e2f2289625a0bff4ae853502f40d10373d75164,mb_qe16_direct_r3_s42_30812496,Sb2Te3Cr_1-6_qe_r3,109,4,108,False,-133597.56689451088,-133597.56689447825,3.262539394199848e-08,0.21602083486224316,,False,,0.700252755482518,0.8262932257185159,20,7.531042169625577e-08,1.2845232455591278e-07
21c847b8a5748c0d7bb92b1c4864e7aa5bf0ea1114ecbcd14375e062137c4348,7570ba1d7cd6cf56e072bfefb9bc5c2471f8be9664db3491742606f075750a7d,3964c5f125dd97a12324dae72ba37fbf556e38c0bb69add29adeb1a2beba7b1b,mb_qe16_direct_r3_s42_30812496,Sb2Te3Cr_1-6_qe_r3,109,5,0,True,-133596.32962311897,-133596.32962306184,5.713081918656826e-08,0.43780568272107695,,False,,0.8474627815974196,1.0,30,6.099201161710495e-08,1.1945346274806756e-07
